FEWSNET_admin_code,target_month,origin_month,horizon_months,target_label,persistence_available,persistence,persistence_source,persistence_reason,arm,map_role,forecasting_scope,partition_id,map_assignment_source,model_route,rf_hard_prediction,rf_prob_class1,pooled_hard_prediction,pooled_prob_class1
0,2018-06,2018-02,4,1,True,1.0,master,valid_observed_phase_at_origin,BASE,calibration,1,2,spectral_core,local_partition_rf,0,0.43,1,0.55
1,2018-06,2018-02,4,1,True,0.0,master,valid_observed_phase_at_origin,BASE,calibration,1,2,spectral_core,local_partition_rf,0,0.26,0,0.33
2,2018-06,2018-02,4,1,True,1.0,master,valid_observed_phase_at_origin,BASE,calibration,1,2,spectral_core,local_partition_rf,1,0.53,1,0.69
3,2018-06,2018-02,4,1,True,1.0,master,valid_observed_phase_at_origin,BASE,calibration,1,2,spectral_core,local_partition_rf,1,0.6,1,0.71
4,2018-06,2018-02,4,1,True,1.0,master,valid_observed_phase_at_origin,BASE,calibration,1,2,spectral_core,local_partition_rf,1,0.54,1,0.75
5,2018-06,2018-02,4,1,True,1.0,master,valid_observed_phase_at_origin,BASE,calibration,1,2,spectral_core,local_partition_rf,1,0.6,1,0.71
6,2018-06,2018-02,4,1,True,1.0,master,valid_observed_phase_at_origin,BASE,calibration,1,2,spectral_core,local_partition_rf,1,0.55,1,0.76
7,2018-06,2018-02,4,1,True,1.0,master,valid_observed_phase_at_origin,BASE,calibration,1,2,spectral_core,local_partition_rf,1,0.62,1,0.78
8,2018-06,2018-02,4,1,True,1.0,master,valid_observed_phase_at_origin,BASE,calibration,1,2,spectral_core,local_partition_rf,0,0.37,1,0.57
9,2018-06,2018-02,4,1,True,1.0,master,valid_observed_phase_at_origin,BASE,calibration,1,2,spectral_core,local_partition_rf,1,0.84,1,0.82
10,2018-06,2018-02,4,1,True,1.0,master,valid_observed_phase_at_origin,BASE,calibration,1,2,spectral_core,local_partition_rf,1,0.89,1,0.85
11,2018-06,2018-02,4,1,True,1.0,master,valid_observed_phase_at_origin,BASE,calibration,1,2,spectral_core,local_partition_rf,0,0.48,1,0.66
12,2018-06,2018-02,4,0,True,1.0,master,valid_observed_phase_at_origin,BASE,calibration,1,11,spectral_core,local_partition_rf,0,0.47,1,0.67
13,2018-06,2018-02,4,1,True,1.0,master,valid_observed_phase_at_origin,BASE,calibration,1,2,spectral_core,local_partition_rf,1,0.89,1,0.87
14,2018-06,2018-02,4,1,True,1.0,master,valid_observed_phase_at_origin,BASE,calibration,1,2,spectral_core,local_partition_rf,1,0.55,1,0.73
15,2018-06,2018-02,4,1,True,1.0,master,valid_observed_phase_at_origin,BASE,calibration,1,2,spectral_core,local_partition_rf,1,0.82,1,0.8
16,2018-06,2018-02,4,1,True,1.0,master,valid_observed_phase_at_origin,BASE,calibration,1,2,spectral_core,local_partition_rf,0,0.3,0,0.38
17,2018-06,2018-02,4,1,True,1.0,master,valid_observed_phase_at_origin,BASE,calibration,1,2,spectral_core,local_partition_rf,1,0.87,1,0.85
18,2018-06,2018-02,4,1,True,1.0,master,valid_observed_phase_at_origin,BASE,calibration,1,2,spectral_core,local_partition_rf,1,0.88,1,0.88
19,2018-06,2018-02,4,1,True,1.0,master,valid_observed_phase_at_origin,BASE,calibration,1,9,spectral_core,local_partition_rf,1,0.54,1,0.75
20,2018-06,2018-02,4,1,True,1.0,master,valid_observed_phase_at_origin,BASE,calibration,1,9,spectral_core,local_partition_rf,1,0.53,1,0.74
21,2018-06,2018-02,4,1,True,1.0,master,valid_observed_phase_at_origin,BASE,calibration,1,2,spectral_core,local_partition_rf,1,0.88,1,0.86
22,2018-06,2018-02,4,0,True,0.0,master,valid_observed_phase_at_origin,BASE,calibration,1,2,spectral_core,local_partition_rf,0,0.09,0,0.33
23,2018-06,2018-02,4,0,True,1.0,master,valid_observed_phase_at_origin,BASE,calibration,1,11,spectral_core,local_partition_rf,1,0.53,1,0.72
24,2018-06,2018-02,4,1,True,1.0,master,valid_observed_phase_at_origin,BASE,calibration,1,2,spectral_core,local_partition_rf,1,0.54,1,0.75
25,2018-06,2018-02,4,1,True,0.0,master,valid_observed_phase_at_origin,BASE,calibration,1,2,spectral_core,local_partition_rf,1,0.61,1,0.71
26,2018-06,2018-02,4,1,True,1.0,master,valid_observed_phase_at_origin,BASE,calibration,1,11,spectral_core,local_partition_rf,1,0.54,1,0.55
27,2018-06,2018-02,4,1,True,1.0,master,valid_observed_phase_at_origin,BASE,calibration,1,3,spectral_core,local_partition_rf,1,0.7,1,0.69
28,2018-06,2018-02,4,1,True,1.0,master,valid_observed_phase_at_origin,BASE,calibration,1,3,spectral_core,local_partition_rf,1,0.64,1,0.78
29,2018-06,2018-02,4,1,True,1.0,master,valid_observed_phase_at_origin,BASE,calibration,1,11,spectral_core,local_partition_rf,1,0.6,1,0.75
30,2018-06,2018-02,4,1,True,1.0,master,valid_observed_phase_at_origin,BASE,calibration,1,2,spectral_core,local_partition_rf,1,0.87,1,0.87
31,2018-06,2018-02,4,1,True,1.0,master,valid_observed_phase_at_origin,BASE,calibration,1,2,spectral_core,local_partition_rf,1,0.57,1,0.65
32,2018-06,2018-02,4,1,True,1.0,master,valid_observed_phase_at_origin,BASE,calibration,1,2,spectral_core,local_partition_rf,1,0.92,1,0.89
33,2018-06,2018-02,4,1,True,1.0,master,valid_observed_phase_at_origin,BASE,calibration,1,2,spectral_core,local_partition_rf,1,0.66,1,0.79
34,2018-06,2018-02,4,1,True,1.0,master,valid_observed_phase_at_origin,BASE,calibration,1,2,spectral_core,local_partition_rf,1,0.55,1,0.81
35,2018-06,2018-02,4,1,True,1.0,master,valid_observed_phase_at_origin,BASE,calibration,1,2,spectral_core,local_partition_rf,1,0.87,1,0.86
36,2018-06,2018-02,4,1,True,1.0,master,valid_observed_phase_at_origin,BASE,calibration,1,2,spectral_core,local_partition_rf,0,0.2,0,0.29
37,2018-06,2018-02,4,0,True,0.0,master,valid_observed_phase_at_origin,BASE,calibration,1,11,spectral_core,local_partition_rf,1,0.58,1,0.72
38,2018-06,2018-02,4,1,True,1.0,master,valid_observed_phase_at_origin,BASE,calibration,1,2,spectral_core,local_partition_rf,1,0.64,1,0.72
39,2018-06,2018-02,4,1,True,1.0,master,valid_observed_phase_at_origin,BASE,calibration,1,2,spectral_core,local_partition_rf,1,0.82,1,0.82
40,2018-06,2018-02,4,1,True,1.0,master,valid_observed_phase_at_origin,BASE,calibration,1,2,spectral_core,local_partition_rf,1,0.87,1,0.79
41,2018-06,2018-02,4,0,True,0.0,master,valid_observed_phase_at_origin,BASE,calibration,1,2,spectral_core,local_partition_rf,0,0.14,0,0.16
42,2018-06,2018-02,4,1,True,1.0,master,valid_observed_phase_at_origin,BASE,calibration,1,13,spectral_core,local_partition_rf,1,0.97,1,0.92
43,2018-06,2018-02,4,1,True,1.0,master,valid_observed_phase_at_origin,BASE,calibration,1,2,spectral_core,local_partition_rf,1,0.65,1,0.77
44,2018-06,2018-02,4,1,True,1.0,master,valid_observed_phase_at_origin,BASE,calibration,1,2,spectral_core,local_partition_rf,0,0.36,0,0.35
45,2018-06,2018-02,4,1,True,1.0,master,valid_observed_phase_at_origin,BASE,calibration,1,2,spectral_core,local_partition_rf,1,0.55,1,0.53
46,2018-06,2018-02,4,1,True,1.0,master,valid_observed_phase_at_origin,BASE,calibration,1,2,spectral_core,local_partition_rf,0,0.46,0,0.48
47,2018-06,2018-02,4,1,True,1.0,master,valid_observed_phase_at_origin,BASE,calibration,1,2,spectral_core,local_partition_rf,1,0.59,1,0.59
48,2018-06,2018-02,4,1,True,1.0,master,valid_observed_phase_at_origin,BASE,calibration,1,2,spectral_core,local_partition_rf,1,0.52,1,0.66
49,2018-06,2018-02,4,0,True,0.0,master,valid_observed_phase_at_origin,BASE,calibration,1,2,spectral_core,local_partition_rf,0,0.18,0,0.17
50,2018-06,2018-02,4,1,True,1.0,master,valid_observed_phase_at_origin,BASE,calibration,1,2,spectral_core,local_partition_rf,1,0.86,1,0.84
51,2018-06,2018-02,4,0,True,0.0,master,valid_observed_phase_at_origin,BASE,calibration,1,2,spectral_core,local_partition_rf,0,0.16,0,0.3
52,2018-06,2018-02,4,1,True,1.0,master,valid_observed_phase_at_origin,BASE,calibration,1,2,spectral_core,local_partition_rf,1,0.91,1,0.84
53,2018-06,2018-02,4,1,True,1.0,master,valid_observed_phase_at_origin,BASE,calibration,1,2,spectral_core,local_partition_rf,1,0.82,1,0.77
54,2018-06,2018-02,4,1,True,1.0,master,valid_observed_phase_at_origin,BASE,calibration,1,2,spectral_core,local_partition_rf,0,0.16,0,0.4
55,2018-06,2018-02,4,1,True,1.0,master,valid_observed_phase_at_origin,BASE,calibration,1,2,spectral_core,local_partition_rf,1,0.55,1,0.82
56,2018-06,2018-02,4,1,True,0.0,master,valid_observed_phase_at_origin,BASE,calibration,1,2,spectral_core,local_partition_rf,0,0.43,1,0.51
57,2018-06,2018-02,4,1,True,1.0,master,valid_observed_phase_at_origin,BASE,calibration,1,2,spectral_core,local_partition_rf,1,0.69,1,0.61
58,2018-06,2018-02,4,1,True,1.0,master,valid_observed_phase_at_origin,BASE,calibration,1,2,spectral_core,local_partition_rf,0,0.18,0,0.32
59,2018-06,2018-02,4,1,True,1.0,master,valid_observed_phase_at_origin,BASE,calibration,1,2,spectral_core,local_partition_rf,1,0.68,1,0.76
60,2018-06,2018-02,4,1,True,1.0,master,valid_observed_phase_at_origin,BASE,calibration,1,2,spectral_core,local_partition_rf,1,0.55,1,0.77
61,2018-06,2018-02,4,1,True,1.0,master,valid_observed_phase_at_origin,BASE,calibration,1,2,spectral_core,local_partition_rf,1,0.65,1,0.78
62,2018-06,2018-02,4,1,True,1.0,master,valid_observed_phase_at_origin,BASE,calibration,1,2,spectral_core,local_partition_rf,1,0.73,1,0.71
63,2018-06,2018-02,4,0,True,0.0,master,valid_observed_phase_at_origin,BASE,calibration,1,2,spectral_core,local_partition_rf,0,0.1,0,0.15
64,2018-06,2018-02,4,1,True,1.0,master,valid_observed_phase_at_origin,BASE,calibration,1,2,spectral_core,local_partition_rf,0,0.48,1,0.65
65,2018-06,2018-02,4,1,True,1.0,master,valid_observed_phase_at_origin,BASE,calibration,1,2,spectral_core,local_partition_rf,0,0.48,1,0.69
66,2018-06,2018-02,4,1,True,1.0,master,valid_observed_phase_at_origin,BASE,calibration,1,2,spectral_core,local_partition_rf,0,0.49,1,0.71
67,2018-06,2018-02,4,1,True,1.0,master,valid_observed_phase_at_origin,BASE,calibration,1,2,spectral_core,local_partition_rf,1,0.61,1,0.69
68,2018-06,2018-02,4,1,True,1.0,master,valid_observed_phase_at_origin,BASE,calibration,1,2,spectral_core,local_partition_rf,1,0.53,1,0.69
69,2018-06,2018-02,4,1,True,1.0,master,valid_observed_phase_at_origin,BASE,calibration,1,2,spectral_core,local_partition_rf,1,0.63,1,0.76
70,2018-06,2018-02,4,1,True,1.0,master,valid_observed_phase_at_origin,BASE,calibration,1,9,spectral_core,local_partition_rf,0,0.42,1,0.7
71,2018-06,2018-02,4,1,True,1.0,master,valid_observed_phase_at_origin,BASE,calibration,1,2,spectral_core,local_partition_rf,1,0.8,1,0.75
72,2018-06,2018-02,4,1,True,1.0,master,valid_observed_phase_at_origin,BASE,calibration,1,2,spectral_core,local_partition_rf,1,0.72,1,0.82
73,2018-06,2018-02,4,1,True,1.0,master,valid_observed_phase_at_origin,BASE,calibration,1,2,spectral_core,local_partition_rf,1,0.53,1,0.75
74,2018-06,2018-02,4,1,True,1.0,master,valid_observed_phase_at_origin,BASE,calibration,1,2,spectral_core,local_partition_rf,0,0.26,0,0.47
75,2018-06,2018-02,4,1,True,1.0,master,valid_observed_phase_at_origin,BASE,calibration,1,2,spectral_core,local_partition_rf,0,0.27,0,0.43
76,2018-06,2018-02,4,1,True,1.0,master,valid_observed_phase_at_origin,BASE,calibration,1,2,spectral_core,local_partition_rf,1,0.57,1,0.58
77,2018-06,2018-02,4,1,True,1.0,master,valid_observed_phase_at_origin,BASE,calibration,1,2,spectral_core,local_partition_rf,1,0.77,1,0.75
78,2018-06,2018-02,4,1,True,1.0,master,valid_observed_phase_at_origin,BASE,calibration,1,2,spectral_core,local_partition_rf,1,0.57,1,0.71
79,2018-06,2018-02,4,0,True,0.0,master,valid_observed_phase_at_origin,BASE,calibration,1,8,spectral_core,local_partition_rf,0,0.22,0,0.17
80,2018-06,2018-02,4,0,True,0.0,master,valid_observed_phase_at_origin,BASE,calibration,1,8,spectral_core,local_partition_rf,0,0.09,0,0.13
81,2018-06,2018-02,4,1,True,0.0,master,valid_observed_phase_at_origin,BASE,calibration,1,8,spectral_core,local_partition_rf,0,0.35,0,0.28
82,2018-06,2018-02,4,1,True,0.0,master,valid_observed_phase_at_origin,BASE,calibration,1,8,spectral_core,local_partition_rf,0,0.36,0,0.25
83,2018-06,2018-02,4,0,True,0.0,master,valid_observed_phase_at_origin,BASE,calibration,1,8,spectral_core,local_partition_rf,0,0.07,0,0.14
84,2018-06,2018-02,4,1,True,0.0,master,valid_observed_phase_at_origin,BASE,calibration,1,8,spectral_core,local_partition_rf,0,0.07,0,0.08
85,2018-06,2018-02,4,1,True,0.0,master,valid_observed_phase_at_origin,BASE,calibration,1,8,spectral_core,local_partition_rf,0,0.04,0,0.1
86,2018-06,2018-02,4,0,True,0.0,master,valid_observed_phase_at_origin,BASE,calibration,1,8,spectral_core,local_partition_rf,0,0.1,0,0.19
87,2018-06,2018-02,4,0,True,0.0,master,valid_observed_phase_at_origin,BASE,calibration,1,8,spectral_core,local_partition_rf,0,0.11,0,0.13
88,2018-06,2018-02,4,1,True,0.0,master,valid_observed_phase_at_origin,BASE,calibration,1,8,spectral_core,local_partition_rf,0,0.16,0,0.11
89,2018-06,2018-02,4,1,True,0.0,master,valid_observed_phase_at_origin,BASE,calibration,1,8,spectral_core,local_partition_rf,0,0.03,0,0.08
90,2018-06,2018-02,4,0,True,0.0,master,valid_observed_phase_at_origin,BASE,calibration,1,8,spectral_core,local_partition_rf,0,0.16,0,0.08
91,2018-06,2018-02,4,0,True,0.0,master,valid_observed_phase_at_origin,BASE,calibration,1,8,spectral_core,local_partition_rf,0,0.08,0,0.09
92,2018-06,2018-02,4,0,True,0.0,master,valid_observed_phase_at_origin,BASE,calibration,1,8,spectral_core,local_partition_rf,0,0.1,0,0.08
93,2018-06,2018-02,4,1,True,0.0,master,valid_observed_phase_at_origin,BASE,calibration,1,8,spectral_core,local_partition_rf,0,0.06,0,0.06
94,2018-06,2018-02,4,0,True,0.0,master,valid_observed_phase_at_origin,BASE,calibration,1,8,spectral_core,local_partition_rf,0,0.09,0,0.14
95,2018-06,2018-02,4,0,True,0.0,master,valid_observed_phase_at_origin,BASE,calibration,1,8,spectral_core,local_partition_rf,0,0.07,0,0.15
96,2018-06,2018-02,4,1,True,0.0,master,valid_observed_phase_at_origin,BASE,calibration,1,8,spectral_core,local_partition_rf,0,0.31,0,0.33
97,2018-06,2018-02,4,0,True,1.0,master,valid_observed_phase_at_origin,BASE,calibration,1,8,spectral_core,local_partition_rf,0,0.38,0,0.26
98,2018-06,2018-02,4,0,True,0.0,master,valid_observed_phase_at_origin,BASE,calibration,1,8,spectral_core,local_partition_rf,0,0.06,0,0.12
99,2018-06,2018-02,4,0,True,0.0,master,valid_observed_phase_at_origin,BASE,calibration,1,8,spectral_core,local_partition_rf,0,0.07,0,0.12
100,2018-06,2018-02,4,1,True,0.0,master,valid_observed_phase_at_origin,BASE,calibration,1,8,spectral_core,local_partition_rf,0,0.04,0,0.18
101,2018-06,2018-02,4,1,True,0.0,master,valid_observed_phase_at_origin,BASE,calibration,1,9,spectral_core,local_partition_rf,0,0.04,0,0.09
102,2018-06,2018-02,4,0,True,0.0,master,valid_observed_phase_at_origin,BASE,calibration,1,8,spectral_core,local_partition_rf,0,0.04,0,0.1
103,2018-06,2018-02,4,0,True,0.0,master,valid_observed_phase_at_origin,BASE,calibration,1,8,spectral_core,local_partition_rf,0,0.01,0,0.07
104,2018-06,2018-02,4,1,True,0.0,master,valid_observed_phase_at_origin,BASE,calibration,1,9,spectral_core,local_partition_rf,0,0.31,0,0.23
105,2018-06,2018-02,4,1,True,0.0,master,valid_observed_phase_at_origin,BASE,calibration,1,9,spectral_core,local_partition_rf,0,0.39,0,0.25
106,2018-06,2018-02,4,0,True,0.0,master,valid_observed_phase_at_origin,BASE,calibration,1,8,spectral_core,local_partition_rf,0,0.03,0,0.08
107,2018-06,2018-02,4,0,True,0.0,master,valid_observed_phase_at_origin,BASE,calibration,1,8,spectral_core,local_partition_rf,0,0.09,0,0.11
108,2018-06,2018-02,4,1,True,0.0,master,valid_observed_phase_at_origin,BASE,calibration,1,8,spectral_core,local_partition_rf,0,0.24,0,0.24
109,2018-06,2018-02,4,1,True,0.0,master,valid_observed_phase_at_origin,BASE,calibration,1,8,spectral_core,local_partition_rf,0,0.03,0,0.09
110,2018-06,2018-02,4,1,True,0.0,master,valid_observed_phase_at_origin,BASE,calibration,1,8,spectral_core,local_partition_rf,0,0.03,0,0.09
111,2018-06,2018-02,4,1,True,0.0,master,valid_observed_phase_at_origin,BASE,calibration,1,8,spectral_core,local_partition_rf,0,0.01,0,0.09
112,2018-06,2018-02,4,0,True,0.0,master,valid_observed_phase_at_origin,BASE,calibration,1,8,spectral_core,local_partition_rf,0,0.12,0,0.12
113,2018-06,2018-02,4,0,True,0.0,master,valid_observed_phase_at_origin,BASE,calibration,1,8,spectral_core,local_partition_rf,0,0.1,0,0.15
114,2018-06,2018-02,4,0,True,0.0,master,valid_observed_phase_at_origin,BASE,calibration,1,8,spectral_core,local_partition_rf,0,0.02,0,0.05
115,2018-06,2018-02,4,0,True,0.0,master,valid_observed_phase_at_origin,BASE,calibration,1,8,spectral_core,local_partition_rf,0,0.03,0,0.11
116,2018-06,2018-02,4,1,True,0.0,master,valid_observed_phase_at_origin,BASE,calibration,1,8,spectral_core,local_partition_rf,0,0.23,0,0.28
117,2018-06,2018-02,4,0,True,0.0,master,valid_observed_phase_at_origin,BASE,calibration,1,8,spectral_core,local_partition_rf,0,0.11,0,0.08
118,2018-06,2018-02,4,0,True,0.0,master,valid_observed_phase_at_origin,BASE,calibration,1,8,spectral_core,local_partition_rf,0,0.04,0,0.09
119,2018-06,2018-02,4,0,True,0.0,master,valid_observed_phase_at_origin,BASE,calibration,1,8,spectral_core,local_partition_rf,0,0.03,0,0.14
120,2018-06,2018-02,4,0,True,0.0,master,valid_observed_phase_at_origin,BASE,calibration,1,8,spectral_core,local_partition_rf,0,0.08,0,0.15
121,2018-06,2018-02,4,0,True,0.0,master,valid_observed_phase_at_origin,BASE,calibration,1,8,spectral_core,local_partition_rf,0,0.04,0,0.02
122,2018-06,2018-02,4,0,True,0.0,master,valid_observed_phase_at_origin,BASE,calibration,1,8,spectral_core,local_partition_rf,0,0.05,0,0.11
123,2018-06,2018-02,4,0,True,0.0,master,valid_observed_phase_at_origin,BASE,calibration,1,8,spectral_core,local_partition_rf,0,0.05,0,0.09
124,2018-06,2018-02,4,0,True,0.0,master,valid_observed_phase_at_origin,BASE,calibration,1,8,spectral_core,local_partition_rf,0,0.04,0,0.18
125,2018-06,2018-02,4,0,True,0.0,master,valid_observed_phase_at_origin,BASE,calibration,1,8,spectral_core,local_partition_rf,0,0.05,0,0.07
126,2018-06,2018-02,4,0,True,0.0,master,valid_observed_phase_at_origin,BASE,calibration,1,8,spectral_core,local_partition_rf,0,0.05,0,0.07
127,2018-06,2018-02,4,0,True,0.0,master,valid_observed_phase_at_origin,BASE,calibration,1,8,spectral_core,local_partition_rf,0,0.05,0,0.06
128,2018-06,2018-02,4,0,True,0.0,master,valid_observed_phase_at_origin,BASE,calibration,1,8,spectral_core,local_partition_rf,0,0.03,0,0.05
129,2018-06,2018-02,4,0,True,0.0,master,valid_observed_phase_at_origin,BASE,calibration,1,8,spectral_core,local_partition_rf,0,0.03,0,0.08
130,2018-06,2018-02,4,0,True,0.0,master,valid_observed_phase_at_origin,BASE,calibration,1,8,spectral_core,local_partition_rf,0,0.04,0,0.05
131,2018-06,2018-02,4,0,True,0.0,master,valid_observed_phase_at_origin,BASE,calibration,1,8,spectral_core,local_partition_rf,0,0.03,0,0.03
132,2018-06,2018-02,4,0,True,0.0,master,valid_observed_phase_at_origin,BASE,calibration,1,8,spectral_core,local_partition_rf,0,0.02,0,0.06
133,2018-06,2018-02,4,0,True,0.0,master,valid_observed_phase_at_origin,BASE,calibration,1,8,spectral_core,local_partition_rf,0,0.03,0,0.04
134,2018-06,2018-02,4,0,True,0.0,master,valid_observed_phase_at_origin,BASE,calibration,1,8,spectral_core,local_partition_rf,0,0.05,0,0.06
135,2018-06,2018-02,4,0,True,0.0,master,valid_observed_phase_at_origin,BASE,calibration,1,8,spectral_core,local_partition_rf,0,0.03,0,0.04
136,2018-06,2018-02,4,0,True,0.0,master,valid_observed_phase_at_origin,BASE,calibration,1,8,spectral_core,local_partition_rf,0,0.03,0,0.08
137,2018-06,2018-02,4,0,True,0.0,master,valid_observed_phase_at_origin,BASE,calibration,1,8,spectral_core,local_partition_rf,0,0.02,0,0.07
138,2018-06,2018-02,4,0,True,0.0,master,valid_observed_phase_at_origin,BASE,calibration,1,8,spectral_core,local_partition_rf,0,0.02,0,0.06
139,2018-06,2018-02,4,0,True,0.0,master,valid_observed_phase_at_origin,BASE,calibration,1,8,spectral_core,local_partition_rf,0,0.03,0,0.08
140,2018-06,2018-02,4,0,True,0.0,master,valid_observed_phase_at_origin,BASE,calibration,1,8,spectral_core,local_partition_rf,0,0.05,0,0.12
141,2018-06,2018-02,4,0,True,0.0,master,valid_observed_phase_at_origin,BASE,calibration,1,8,spectral_core,local_partition_rf,0,0.05,0,0.09
142,2018-06,2018-02,4,0,True,0.0,master,valid_observed_phase_at_origin,BASE,calibration,1,8,spectral_core,local_partition_rf,0,0.03,0,0.07
143,2018-06,2018-02,4,0,True,0.0,master,valid_observed_phase_at_origin,BASE,calibration,1,8,spectral_core,local_partition_rf,0,0.03,0,0.07
144,2018-06,2018-02,4,0,True,0.0,master,valid_observed_phase_at_origin,BASE,calibration,1,8,spectral_core,local_partition_rf,0,0.03,0,0.06
145,2018-06,2018-02,4,0,True,0.0,master,valid_observed_phase_at_origin,BASE,calibration,1,8,spectral_core,local_partition_rf,0,0.04,0,0.04
146,2018-06,2018-02,4,0,True,0.0,master,valid_observed_phase_at_origin,BASE,calibration,1,8,spectral_core,local_partition_rf,0,0.01,0,0.04
147,2018-06,2018-02,4,0,True,0.0,master,valid_observed_phase_at_origin,BASE,calibration,1,8,spectral_core,local_partition_rf,0,0.04,0,0.07
148,2018-06,2018-02,4,0,True,0.0,master,valid_observed_phase_at_origin,BASE,calibration,1,8,spectral_core,local_partition_rf,0,0.03,0,0.14
149,2018-06,2018-02,4,0,True,0.0,master,valid_observed_phase_at_origin,BASE,calibration,1,8,spectral_core,local_partition_rf,0,0.04,0,0.06
150,2018-06,2018-02,4,0,True,0.0,master,valid_observed_phase_at_origin,BASE,calibration,1,8,spectral_core,local_partition_rf,0,0.05,0,0.11
151,2018-06,2018-02,4,0,True,0.0,master,valid_observed_phase_at_origin,BASE,calibration,1,8,spectral_core,local_partition_rf,0,0.02,0,0.12
152,2018-06,2018-02,4,0,True,0.0,master,valid_observed_phase_at_origin,BASE,calibration,1,8,spectral_core,local_partition_rf,0,0.02,0,0.06
153,2018-06,2018-02,4,0,True,0.0,master,valid_observed_phase_at_origin,BASE,calibration,1,8,spectral_core,local_partition_rf,0,0.03,0,0.08
154,2018-06,2018-02,4,0,True,0.0,master,valid_observed_phase_at_origin,BASE,calibration,1,8,spectral_core,local_partition_rf,0,0.03,0,0.06
155,2018-06,2018-02,4,0,True,0.0,master,valid_observed_phase_at_origin,BASE,calibration,1,8,spectral_core,local_partition_rf,0,0.03,0,0.05
156,2018-06,2018-02,4,0,True,0.0,master,valid_observed_phase_at_origin,BASE,calibration,1,8,spectral_core,local_partition_rf,0,0.04,0,0.06
157,2018-06,2018-02,4,0,True,0.0,master,valid_observed_phase_at_origin,BASE,calibration,1,8,spectral_core,local_partition_rf,0,0.03,0,0.05
158,2018-06,2018-02,4,0,True,0.0,master,valid_observed_phase_at_origin,BASE,calibration,1,8,spectral_core,local_partition_rf,0,0.03,0,0.07
159,2018-06,2018-02,4,0,True,0.0,master,valid_observed_phase_at_origin,BASE,calibration,1,8,spectral_core,local_partition_rf,0,0.04,0,0.08
160,2018-06,2018-02,4,1,True,0.0,master,valid_observed_phase_at_origin,BASE,calibration,1,8,spectral_core,local_partition_rf,0,0.31,0,0.31
161,2018-06,2018-02,4,1,True,0.0,master,valid_observed_phase_at_origin,BASE,calibration,1,8,spectral_core,local_partition_rf,0,0.31,0,0.38
162,2018-06,2018-02,4,1,True,0.0,master,valid_observed_phase_at_origin,BASE,calibration,1,8,spectral_core,local_partition_rf,0,0.04,0,0.15
163,2018-06,2018-02,4,1,True,0.0,master,valid_observed_phase_at_origin,BASE,calibration,1,8,spectral_core,local_partition_rf,0,0.05,0,0.16
164,2018-06,2018-02,4,1,True,0.0,master,valid_observed_phase_at_origin,BASE,calibration,1,8,spectral_core,local_partition_rf,0,0.18,0,0.28
165,2018-06,2018-02,4,1,True,0.0,master,valid_observed_phase_at_origin,BASE,calibration,1,8,spectral_core,local_partition_rf,0,0.21,0,0.29
166,2018-06,2018-02,4,1,True,0.0,master,valid_observed_phase_at_origin,BASE,calibration,1,9,spectral_core,local_partition_rf,0,0.36,0,0.37
167,2018-06,2018-02,4,1,True,0.0,master,valid_observed_phase_at_origin,BASE,calibration,1,8,spectral_core,local_partition_rf,0,0.3,0,0.32
168,2018-06,2018-02,4,1,True,0.0,master,valid_observed_phase_at_origin,BASE,calibration,1,8,spectral_core,local_partition_rf,0,0.26,0,0.35
169,2018-06,2018-02,4,0,True,1.0,master,valid_observed_phase_at_origin,BASE,calibration,1,8,spectral_core,local_partition_rf,0,0.5,0,0.38
170,2018-06,2018-02,4,0,True,1.0,master,valid_observed_phase_at_origin,BASE,calibration,1,8,spectral_core,local_partition_rf,0,0.43,0,0.37
171,2018-06,2018-02,4,0,True,1.0,master,valid_observed_phase_at_origin,BASE,calibration,1,8,spectral_core,local_partition_rf,0,0.37,0,0.31
172,2018-06,2018-02,4,0,True,1.0,master,valid_observed_phase_at_origin,BASE,calibration,1,12,spectral_core,local_partition_rf,1,0.63,1,0.57
173,2018-06,2018-02,4,1,True,1.0,master,valid_observed_phase_at_origin,BASE,calibration,1,12,spectral_core,local_partition_rf,1,0.54,0,0.49
174,2018-06,2018-02,4,0,True,1.0,master,valid_observed_phase_at_origin,BASE,calibration,1,12,spectral_core,local_partition_rf,1,0.62,1,0.57
175,2018-06,2018-02,4,0,True,1.0,master,valid_observed_phase_at_origin,BASE,calibration,1,12,spectral_core,local_partition_rf,1,0.57,1,0.55
176,2018-06,2018-02,4,0,True,1.0,master,valid_observed_phase_at_origin,BASE,calibration,1,12,spectral_core,local_partition_rf,1,0.65,0,0.49
177,2018-06,2018-02,4,0,True,1.0,master,valid_observed_phase_at_origin,BASE,calibration,1,12,spectral_core,local_partition_rf,1,0.6,0,0.5
178,2018-06,2018-02,4,0,True,1.0,master,valid_observed_phase_at_origin,BASE,calibration,1,12,spectral_core,local_partition_rf,1,0.57,1,0.56
179,2018-06,2018-02,4,0,True,1.0,master,valid_observed_phase_at_origin,BASE,calibration,1,12,spectral_core,local_partition_rf,1,0.57,0,0.5
180,2018-06,2018-02,4,0,True,1.0,master,valid_observed_phase_at_origin,BASE,calibration,1,12,spectral_core,local_partition_rf,0,0.47,0,0.42
181,2018-06,2018-02,4,0,True,1.0,master,valid_observed_phase_at_origin,BASE,calibration,1,12,spectral_core,local_partition_rf,1,0.54,0,0.5
182,2018-06,2018-02,4,0,True,1.0,master,valid_observed_phase_at_origin,BASE,calibration,1,12,spectral_core,local_partition_rf,1,0.57,0,0.49
183,2018-06,2018-02,4,0,True,1.0,master,valid_observed_phase_at_origin,BASE,calibration,1,12,spectral_core,local_partition_rf,1,0.62,0,0.5
184,2018-06,2018-02,4,0,True,1.0,master,valid_observed_phase_at_origin,BASE,calibration,1,12,spectral_core,local_partition_rf,1,0.53,1,0.57
185,2018-06,2018-02,4,0,True,1.0,master,valid_observed_phase_at_origin,BASE,calibration,1,12,spectral_core,local_partition_rf,0,0.48,0,0.42
186,2018-06,2018-02,4,0,True,1.0,master,valid_observed_phase_at_origin,BASE,calibration,1,12,spectral_core,local_partition_rf,1,0.65,1,0.59
187,2018-06,2018-02,4,0,True,0.0,master,valid_observed_phase_at_origin,BASE,calibration,1,12,spectral_core,local_partition_rf,1,0.55,1,0.52
188,2018-06,2018-02,4,0,True,0.0,master,valid_observed_phase_at_origin,BASE,calibration,1,12,spectral_core,local_partition_rf,0,0.47,1,0.51
189,2018-06,2018-02,4,0,True,0.0,master,valid_observed_phase_at_origin,BASE,calibration,1,12,spectral_core,local_partition_rf,0,0.43,1,0.53
190,2018-06,2018-02,4,0,True,1.0,master,valid_observed_phase_at_origin,BASE,calibration,1,12,spectral_core,local_partition_rf,0,0.43,0,0.36
191,2018-06,2018-02,4,0,True,0.0,master,valid_observed_phase_at_origin,BASE,calibration,1,12,spectral_core,local_partition_rf,1,0.51,1,0.55
192,2018-06,2018-02,4,1,True,1.0,master,valid_observed_phase_at_origin,BASE,calibration,1,16,spectral_core,local_partition_rf,0,0.45,1,0.51
193,2018-06,2018-02,4,0,True,1.0,master,valid_observed_phase_at_origin,BASE,calibration,1,12,spectral_core,local_partition_rf,1,0.54,0,0.49
194,2018-06,2018-02,4,0,True,1.0,master,valid_observed_phase_at_origin,BASE,calibration,1,12,spectral_core,local_partition_rf,1,0.55,1,0.53
195,2018-06,2018-02,4,0,True,1.0,master,valid_observed_phase_at_origin,BASE,calibration,1,12,spectral_core,local_partition_rf,0,0.25,0,0.34
196,2018-06,2018-02,4,0,True,1.0,master,valid_observed_phase_at_origin,BASE,calibration,1,12,spectral_core,local_partition_rf,0,0.35,0,0.45
197,2018-06,2018-02,4,0,True,0.0,master,valid_observed_phase_at_origin,BASE,calibration,1,12,spectral_core,local_partition_rf,1,0.53,0,0.48
198,2018-06,2018-02,4,0,True,1.0,master,valid_observed_phase_at_origin,BASE,calibration,1,16,spectral_core,local_partition_rf,0,0.38,1,0.57
199,2018-06,2018-02,4,0,True,0.0,master,valid_observed_phase_at_origin,BASE,calibration,1,12,spectral_core,local_partition_rf,1,0.51,0,0.48
200,2018-06,2018-02,4,0,True,0.0,master,valid_observed_phase_at_origin,BASE,calibration,1,12,spectral_core,local_partition_rf,0,0.39,0,0.44
201,2018-06,2018-02,4,0,True,0.0,master,valid_observed_phase_at_origin,BASE,calibration,1,12,spectral_core,local_partition_rf,1,0.56,1,0.59
202,2018-06,2018-02,4,0,True,0.0,master,valid_observed_phase_at_origin,BASE,calibration,1,12,spectral_core,local_partition_rf,1,0.57,1,0.51
203,2018-06,2018-02,4,0,True,0.0,master,valid_observed_phase_at_origin,BASE,calibration,1,12,spectral_core,local_partition_rf,1,0.59,1,0.57
204,2018-06,2018-02,4,0,True,0.0,master,valid_observed_phase_at_origin,BASE,calibration,1,12,spectral_core,local_partition_rf,1,0.65,1,0.53
205,2018-06,2018-02,4,0,True,0.0,master,valid_observed_phase_at_origin,BASE,calibration,1,12,spectral_core,local_partition_rf,1,0.58,1,0.53
206,2018-06,2018-02,4,0,True,0.0,master,valid_observed_phase_at_origin,BASE,calibration,1,12,spectral_core,local_partition_rf,1,0.67,1,0.6
207,2018-06,2018-02,4,0,True,0.0,master,valid_observed_phase_at_origin,BASE,calibration,1,12,spectral_core,local_partition_rf,0,0.36,0,0.46
208,2018-06,2018-02,4,0,True,0.0,master,valid_observed_phase_at_origin,BASE,calibration,1,12,spectral_core,local_partition_rf,1,0.66,1,0.6
209,2018-06,2018-02,4,0,True,1.0,master,valid_observed_phase_at_origin,BASE,calibration,1,12,spectral_core,local_partition_rf,0,0.35,0,0.45
210,2018-06,2018-02,4,0,True,1.0,master,valid_observed_phase_at_origin,BASE,calibration,1,12,spectral_core,local_partition_rf,0,0.29,0,0.49
211,2018-06,2018-02,4,0,True,1.0,master,valid_observed_phase_at_origin,BASE,calibration,1,12,spectral_core,local_partition_rf,1,0.54,1,0.55
212,2018-06,2018-02,4,0,True,1.0,master,valid_observed_phase_at_origin,BASE,calibration,1,12,spectral_core,local_partition_rf,0,0.47,0,0.5
213,2018-06,2018-02,4,0,True,1.0,master,valid_observed_phase_at_origin,BASE,calibration,1,12,spectral_core,local_partition_rf,0,0.34,1,0.51
214,2018-06,2018-02,4,0,True,1.0,master,valid_observed_phase_at_origin,BASE,calibration,1,12,spectral_core,local_partition_rf,0,0.44,0,0.42
215,2018-06,2018-02,4,0,True,1.0,master,valid_observed_phase_at_origin,BASE,calibration,1,12,spectral_core,local_partition_rf,0,0.49,1,0.52
217,2018-06,2018-02,4,1,True,1.0,master,valid_observed_phase_at_origin,BASE,calibration,1,12,spectral_core,local_partition_rf,1,0.7,1,0.66
218,2018-06,2018-02,4,1,True,1.0,master,valid_observed_phase_at_origin,BASE,calibration,1,12,spectral_core,local_partition_rf,1,0.63,1,0.66
219,2018-06,2018-02,4,1,True,1.0,master,valid_observed_phase_at_origin,BASE,calibration,1,12,spectral_core,local_partition_rf,1,0.57,1,0.58
220,2018-06,2018-02,4,1,True,1.0,master,valid_observed_phase_at_origin,BASE,calibration,1,12,spectral_core,local_partition_rf,1,0.7,1,0.63
221,2018-06,2018-02,4,1,True,1.0,master,valid_observed_phase_at_origin,BASE,calibration,1,12,spectral_core,local_partition_rf,1,0.65,1,0.63
222,2018-06,2018-02,4,1,True,1.0,master,valid_observed_phase_at_origin,BASE,calibration,1,12,spectral_core,local_partition_rf,1,0.7,1,0.67
223,2018-06,2018-02,4,0,True,0.0,master,valid_observed_phase_at_origin,BASE,calibration,1,12,spectral_core,local_partition_rf,1,0.62,1,0.71
224,2018-06,2018-02,4,0,True,0.0,master,valid_observed_phase_at_origin,BASE,calibration,1,12,spectral_core,local_partition_rf,1,0.59,1,0.64
225,2018-06,2018-02,4,0,True,1.0,master,valid_observed_phase_at_origin,BASE,calibration,1,12,spectral_core,local_partition_rf,1,0.54,1,0.57
226,2018-06,2018-02,4,0,True,0.0,master,valid_observed_phase_at_origin,BASE,calibration,1,12,spectral_core,local_partition_rf,1,0.57,1,0.53
227,2018-06,2018-02,4,0,True,1.0,master,valid_observed_phase_at_origin,BASE,calibration,1,12,spectral_core,local_partition_rf,1,0.62,1,0.6
228,2018-06,2018-02,4,0,True,0.0,master,valid_observed_phase_at_origin,BASE,calibration,1,12,spectral_core,local_partition_rf,1,0.53,1,0.53
229,2018-06,2018-02,4,0,True,0.0,master,valid_observed_phase_at_origin,BASE,calibration,1,12,spectral_core,local_partition_rf,1,0.62,1,0.52
230,2018-06,2018-02,4,0,True,1.0,master,valid_observed_phase_at_origin,BASE,calibration,1,12,spectral_core,local_partition_rf,1,0.52,0,0.5
231,2018-06,2018-02,4,0,True,0.0,master,valid_observed_phase_at_origin,BASE,calibration,1,12,spectral_core,local_partition_rf,1,0.58,1,0.59
232,2018-06,2018-02,4,0,True,0.0,master,valid_observed_phase_at_origin,BASE,calibration,1,12,spectral_core,local_partition_rf,1,0.52,0,0.43
233,2018-06,2018-02,4,0,True,0.0,master,valid_observed_phase_at_origin,BASE,calibration,1,12,spectral_core,local_partition_rf,1,0.61,1,0.58
234,2018-06,2018-02,4,0,True,0.0,master,valid_observed_phase_at_origin,BASE,calibration,1,12,spectral_core,local_partition_rf,1,0.53,1,0.52
235,2018-06,2018-02,4,0,True,0.0,master,valid_observed_phase_at_origin,BASE,calibration,1,12,spectral_core,local_partition_rf,1,0.57,1,0.57
236,2018-06,2018-02,4,0,True,0.0,master,valid_observed_phase_at_origin,BASE,calibration,1,12,spectral_core,local_partition_rf,1,0.59,1,0.51
237,2018-06,2018-02,4,0,True,1.0,master,valid_observed_phase_at_origin,BASE,calibration,1,12,spectral_core,local_partition_rf,1,0.52,1,0.51
238,2018-06,2018-02,4,0,True,0.0,master,valid_observed_phase_at_origin,BASE,calibration,1,12,spectral_core,local_partition_rf,1,0.64,1,0.56
239,2018-06,2018-02,4,0,True,1.0,master,valid_observed_phase_at_origin,BASE,calibration,1,12,spectral_core,local_partition_rf,1,0.55,0,0.47
240,2018-06,2018-02,4,0,True,1.0,master,valid_observed_phase_at_origin,BASE,calibration,1,12,spectral_core,local_partition_rf,1,0.54,1,0.56
241,2018-06,2018-02,4,0,True,0.0,master,valid_observed_phase_at_origin,BASE,calibration,1,12,spectral_core,local_partition_rf,0,0.25,0,0.28
242,2018-06,2018-02,4,0,True,0.0,master,valid_observed_phase_at_origin,BASE,calibration,1,12,spectral_core,local_partition_rf,0,0.29,0,0.33
243,2018-06,2018-02,4,0,True,0.0,master,valid_observed_phase_at_origin,BASE,calibration,1,12,spectral_core,local_partition_rf,0,0.27,0,0.36
244,2018-06,2018-02,4,0,True,0.0,master,valid_observed_phase_at_origin,BASE,calibration,1,12,spectral_core,local_partition_rf,0,0.23,0,0.35
245,2018-06,2018-02,4,0,True,0.0,master,valid_observed_phase_at_origin,BASE,calibration,1,12,spectral_core,local_partition_rf,0,0.19,0,0.37
246,2018-06,2018-02,4,0,True,1.0,master,valid_observed_phase_at_origin,BASE,calibration,1,12,spectral_core,local_partition_rf,1,0.51,1,0.65
247,2018-06,2018-02,4,0,True,0.0,master,valid_observed_phase_at_origin,BASE,calibration,1,12,spectral_core,local_partition_rf,1,0.63,1,0.55
248,2018-06,2018-02,4,0,True,0.0,master,valid_observed_phase_at_origin,BASE,calibration,1,12,spectral_core,local_partition_rf,1,0.68,1,0.64
249,2018-06,2018-02,4,0,True,1.0,master,valid_observed_phase_at_origin,BASE,calibration,1,12,spectral_core,local_partition_rf,1,0.59,1,0.63
250,2018-06,2018-02,4,0,True,1.0,master,valid_observed_phase_at_origin,BASE,calibration,1,12,spectral_core,local_partition_rf,1,0.6,1,0.54
251,2018-06,2018-02,4,0,True,1.0,master,valid_observed_phase_at_origin,BASE,calibration,1,12,spectral_core,local_partition_rf,1,0.64,1,0.68
252,2018-06,2018-02,4,0,True,0.0,master,valid_observed_phase_at_origin,BASE,calibration,1,12,spectral_core,local_partition_rf,1,0.65,1,0.62
253,2018-06,2018-02,4,0,True,0.0,master,valid_observed_phase_at_origin,BASE,calibration,1,12,spectral_core,local_partition_rf,1,0.57,1,0.58
254,2018-06,2018-02,4,0,True,0.0,master,valid_observed_phase_at_origin,BASE,calibration,1,12,spectral_core,local_partition_rf,1,0.63,0,0.48
255,2018-06,2018-02,4,0,True,1.0,master,valid_observed_phase_at_origin,BASE,calibration,1,12,spectral_core,local_partition_rf,1,0.64,1,0.58
256,2018-06,2018-02,4,0,True,0.0,master,valid_observed_phase_at_origin,BASE,calibration,1,12,spectral_core,local_partition_rf,1,0.69,1,0.61
257,2018-06,2018-02,4,0,True,0.0,master,valid_observed_phase_at_origin,BASE,calibration,1,12,spectral_core,local_partition_rf,1,0.64,1,0.62
258,2018-06,2018-02,4,0,True,1.0,master,valid_observed_phase_at_origin,BASE,calibration,1,12,spectral_core,local_partition_rf,1,0.66,1,0.58
259,2018-06,2018-02,4,0,True,1.0,master,valid_observed_phase_at_origin,BASE,calibration,1,12,spectral_core,local_partition_rf,1,0.69,1,0.66
260,2018-06,2018-02,4,1,True,0.0,master,valid_observed_phase_at_origin,BASE,calibration,1,12,spectral_core,local_partition_rf,0,0.49,1,0.51
261,2018-06,2018-02,4,1,True,0.0,master,valid_observed_phase_at_origin,BASE,calibration,1,12,spectral_core,local_partition_rf,0,0.5,1,0.56
262,2018-06,2018-02,4,1,True,0.0,master,valid_observed_phase_at_origin,BASE,calibration,1,12,spectral_core,local_partition_rf,0,0.41,1,0.52
263,2018-06,2018-02,4,1,True,0.0,master,valid_observed_phase_at_origin,BASE,calibration,1,12,spectral_core,local_partition_rf,0,0.47,1,0.61
264,2018-06,2018-02,4,0,True,0.0,master,valid_observed_phase_at_origin,BASE,calibration,1,12,spectral_core,local_partition_rf,0,0.28,0,0.36
265,2018-06,2018-02,4,1,True,0.0,master,valid_observed_phase_at_origin,BASE,calibration,1,12,spectral_core,local_partition_rf,0,0.19,0,0.25
266,2018-06,2018-02,4,1,True,0.0,master,valid_observed_phase_at_origin,BASE,calibration,1,12,spectral_core,local_partition_rf,0,0.23,0,0.27
267,2018-06,2018-02,4,0,True,0.0,master,valid_observed_phase_at_origin,BASE,calibration,1,12,spectral_core,local_partition_rf,0,0.31,0,0.35
268,2018-06,2018-02,4,1,True,0.0,master,valid_observed_phase_at_origin,BASE,calibration,1,12,spectral_core,local_partition_rf,0,0.17,0,0.27
269,2018-06,2018-02,4,1,True,0.0,master,valid_observed_phase_at_origin,BASE,calibration,1,12,spectral_core,local_partition_rf,0,0.35,0,0.37
270,2018-06,2018-02,4,1,True,0.0,master,valid_observed_phase_at_origin,BASE,calibration,1,12,spectral_core,local_partition_rf,0,0.25,0,0.42
271,2018-06,2018-02,4,1,True,0.0,master,valid_observed_phase_at_origin,BASE,calibration,1,12,spectral_core,local_partition_rf,0,0.16,0,0.36
272,2018-06,2018-02,4,1,True,0.0,master,valid_observed_phase_at_origin,BASE,calibration,1,12,spectral_core,local_partition_rf,0,0.33,0,0.27
273,2018-06,2018-02,4,1,True,0.0,master,valid_observed_phase_at_origin,BASE,calibration,1,12,spectral_core,local_partition_rf,0,0.29,0,0.35
274,2018-06,2018-02,4,0,True,0.0,master,valid_observed_phase_at_origin,BASE,calibration,1,12,spectral_core,local_partition_rf,0,0.43,0,0.38
275,2018-06,2018-02,4,0,True,0.0,master,valid_observed_phase_at_origin,BASE,calibration,1,12,spectral_core,local_partition_rf,0,0.42,0,0.45
276,2018-06,2018-02,4,0,True,0.0,master,valid_observed_phase_at_origin,BASE,calibration,1,12,spectral_core,local_partition_rf,0,0.39,0,0.36
277,2018-06,2018-02,4,0,True,0.0,master,valid_observed_phase_at_origin,BASE,calibration,1,12,spectral_core,local_partition_rf,0,0.27,0,0.27
278,2018-06,2018-02,4,1,True,0.0,master,valid_observed_phase_at_origin,BASE,calibration,1,12,spectral_core,local_partition_rf,0,0.32,0,0.32
279,2018-06,2018-02,4,0,True,0.0,master,valid_observed_phase_at_origin,BASE,calibration,1,12,spectral_core,local_partition_rf,1,0.67,0,0.48
280,2018-06,2018-02,4,1,True,0.0,master,valid_observed_phase_at_origin,BASE,calibration,1,12,spectral_core,local_partition_rf,0,0.27,0,0.33
281,2018-06,2018-02,4,0,True,0.0,master,valid_observed_phase_at_origin,BASE,calibration,1,12,spectral_core,local_partition_rf,1,0.52,1,0.51
282,2018-06,2018-02,4,1,True,0.0,master,valid_observed_phase_at_origin,BASE,calibration,1,12,spectral_core,local_partition_rf,0,0.31,0,0.33
283,2018-06,2018-02,4,1,True,0.0,master,valid_observed_phase_at_origin,BASE,calibration,1,12,spectral_core,local_partition_rf,0,0.28,0,0.24
284,2018-06,2018-02,4,0,True,0.0,master,valid_observed_phase_at_origin,BASE,calibration,1,12,spectral_core,local_partition_rf,0,0.5,0,0.5
285,2018-06,2018-02,4,1,True,0.0,master,valid_observed_phase_at_origin,BASE,calibration,1,12,spectral_core,local_partition_rf,0,0.31,0,0.33
286,2018-06,2018-02,4,1,True,0.0,master,valid_observed_phase_at_origin,BASE,calibration,1,12,spectral_core,local_partition_rf,0,0.21,0,0.28
287,2018-06,2018-02,4,1,True,0.0,master,valid_observed_phase_at_origin,BASE,calibration,1,12,spectral_core,local_partition_rf,0,0.36,0,0.3
288,2018-06,2018-02,4,0,True,0.0,master,valid_observed_phase_at_origin,BASE,calibration,1,12,spectral_core,local_partition_rf,0,0.27,0,0.3
289,2018-06,2018-02,4,0,True,0.0,master,valid_observed_phase_at_origin,BASE,calibration,1,12,spectral_core,local_partition_rf,0,0.44,0,0.36
290,2018-06,2018-02,4,0,True,0.0,master,valid_observed_phase_at_origin,BASE,calibration,1,12,spectral_core,local_partition_rf,0,0.26,0,0.26
291,2018-06,2018-02,4,0,True,0.0,master,valid_observed_phase_at_origin,BASE,calibration,1,12,spectral_core,local_partition_rf,1,0.55,1,0.57
292,2018-06,2018-02,4,0,True,0.0,master,valid_observed_phase_at_origin,BASE,calibration,1,12,spectral_core,local_partition_rf,0,0.35,0,0.33
293,2018-06,2018-02,4,0,True,0.0,master,valid_observed_phase_at_origin,BASE,calibration,1,12,spectral_core,local_partition_rf,1,0.56,0,0.5
294,2018-06,2018-02,4,0,True,0.0,master,valid_observed_phase_at_origin,BASE,calibration,1,12,spectral_core,local_partition_rf,1,0.52,0,0.41
295,2018-06,2018-02,4,0,True,0.0,master,valid_observed_phase_at_origin,BASE,calibration,1,12,spectral_core,local_partition_rf,0,0.46,0,0.39
296,2018-06,2018-02,4,0,True,0.0,master,valid_observed_phase_at_origin,BASE,calibration,1,12,spectral_core,local_partition_rf,0,0.3,0,0.33
297,2018-06,2018-02,4,0,True,0.0,master,valid_observed_phase_at_origin,BASE,calibration,1,12,spectral_core,local_partition_rf,0,0.41,0,0.34
298,2018-06,2018-02,4,0,True,0.0,master,valid_observed_phase_at_origin,BASE,calibration,1,12,spectral_core,local_partition_rf,1,0.54,0,0.49
299,2018-06,2018-02,4,0,True,0.0,master,valid_observed_phase_at_origin,BASE,calibration,1,12,spectral_core,local_partition_rf,0,0.29,0,0.24
300,2018-06,2018-02,4,0,True,0.0,master,valid_observed_phase_at_origin,BASE,calibration,1,12,spectral_core,local_partition_rf,0,0.4,0,0.38
301,2018-06,2018-02,4,0,True,0.0,master,valid_observed_phase_at_origin,BASE,calibration,1,12,spectral_core,local_partition_rf,0,0.29,0,0.22
302,2018-06,2018-02,4,0,True,0.0,master,valid_observed_phase_at_origin,BASE,calibration,1,12,spectral_core,local_partition_rf,0,0.39,0,0.37
303,2018-06,2018-02,4,0,True,0.0,master,valid_observed_phase_at_origin,BASE,calibration,1,12,spectral_core,local_partition_rf,0,0.47,0,0.38
304,2018-06,2018-02,4,0,True,1.0,master,valid_observed_phase_at_origin,BASE,calibration,1,12,spectral_core,local_partition_rf,1,0.71,1,0.57
305,2018-06,2018-02,4,0,True,0.0,master,valid_observed_phase_at_origin,BASE,calibration,1,12,spectral_core,local_partition_rf,0,0.45,0,0.49
306,2018-06,2018-02,4,0,True,0.0,master,valid_observed_phase_at_origin,BASE,calibration,1,12,spectral_core,local_partition_rf,0,0.4,0,0.33
307,2018-06,2018-02,4,0,True,1.0,master,valid_observed_phase_at_origin,BASE,calibration,1,12,spectral_core,local_partition_rf,1,0.54,1,0.6
308,2018-06,2018-02,4,0,True,0.0,master,valid_observed_phase_at_origin,BASE,calibration,1,12,spectral_core,local_partition_rf,0,0.37,0,0.46
309,2018-06,2018-02,4,0,True,0.0,master,valid_observed_phase_at_origin,BASE,calibration,1,12,spectral_core,local_partition_rf,1,0.55,1,0.55
310,2018-06,2018-02,4,0,True,0.0,master,valid_observed_phase_at_origin,BASE,calibration,1,12,spectral_core,local_partition_rf,0,0.48,1,0.53
311,2018-06,2018-02,4,0,True,1.0,master,valid_observed_phase_at_origin,BASE,calibration,1,12,spectral_core,local_partition_rf,1,0.54,1,0.51
312,2018-06,2018-02,4,0,True,0.0,master,valid_observed_phase_at_origin,BASE,calibration,1,12,spectral_core,local_partition_rf,1,0.52,1,0.51
313,2018-06,2018-02,4,0,True,0.0,master,valid_observed_phase_at_origin,BASE,calibration,1,12,spectral_core,local_partition_rf,1,0.62,1,0.64
314,2018-06,2018-02,4,0,True,0.0,master,valid_observed_phase_at_origin,BASE,calibration,1,12,spectral_core,local_partition_rf,0,0.37,0,0.41
315,2018-06,2018-02,4,0,True,0.0,master,valid_observed_phase_at_origin,BASE,calibration,1,12,spectral_core,local_partition_rf,1,0.61,1,0.54
316,2018-06,2018-02,4,0,True,0.0,master,valid_observed_phase_at_origin,BASE,calibration,1,12,spectral_core,local_partition_rf,1,0.56,1,0.6
317,2018-06,2018-02,4,0,True,0.0,master,valid_observed_phase_at_origin,BASE,calibration,1,12,spectral_core,local_partition_rf,1,0.62,1,0.59
318,2018-06,2018-02,4,0,True,0.0,master,valid_observed_phase_at_origin,BASE,calibration,1,12,spectral_core,local_partition_rf,0,0.25,0,0.39
319,2018-06,2018-02,4,0,True,0.0,master,valid_observed_phase_at_origin,BASE,calibration,1,12,spectral_core,local_partition_rf,0,0.25,0,0.26
320,2018-06,2018-02,4,0,True,0.0,master,valid_observed_phase_at_origin,BASE,calibration,1,12,spectral_core,local_partition_rf,0,0.27,0,0.25
321,2018-06,2018-02,4,0,True,0.0,master,valid_observed_phase_at_origin,BASE,calibration,1,12,spectral_core,local_partition_rf,0,0.22,0,0.24
322,2018-06,2018-02,4,0,True,0.0,master,valid_observed_phase_at_origin,BASE,calibration,1,12,spectral_core,local_partition_rf,0,0.5,0,0.43
323,2018-06,2018-02,4,0,True,0.0,master,valid_observed_phase_at_origin,BASE,calibration,1,12,spectral_core,local_partition_rf,0,0.28,0,0.38
324,2018-06,2018-02,4,0,True,0.0,master,valid_observed_phase_at_origin,BASE,calibration,1,12,spectral_core,local_partition_rf,0,0.33,0,0.37
325,2018-06,2018-02,4,0,True,0.0,master,valid_observed_phase_at_origin,BASE,calibration,1,12,spectral_core,local_partition_rf,0,0.39,0,0.37
326,2018-06,2018-02,4,0,True,0.0,master,valid_observed_phase_at_origin,BASE,calibration,1,12,spectral_core,local_partition_rf,0,0.23,0,0.2
327,2018-06,2018-02,4,0,True,0.0,master,valid_observed_phase_at_origin,BASE,calibration,1,12,spectral_core,local_partition_rf,0,0.32,0,0.33
328,2018-06,2018-02,4,0,True,0.0,master,valid_observed_phase_at_origin,BASE,calibration,1,12,spectral_core,local_partition_rf,0,0.5,0,0.45
329,2018-06,2018-02,4,0,True,0.0,master,valid_observed_phase_at_origin,BASE,calibration,1,12,spectral_core,local_partition_rf,0,0.31,0,0.33
330,2018-06,2018-02,4,0,True,0.0,master,valid_observed_phase_at_origin,BASE,calibration,1,12,spectral_core,local_partition_rf,0,0.31,0,0.3
331,2018-06,2018-02,4,0,True,0.0,master,valid_observed_phase_at_origin,BASE,calibration,1,12,spectral_core,local_partition_rf,0,0.34,0,0.3
332,2018-06,2018-02,4,0,True,0.0,master,valid_observed_phase_at_origin,BASE,calibration,1,12,spectral_core,local_partition_rf,0,0.3,0,0.37
333,2018-06,2018-02,4,0,True,0.0,master,valid_observed_phase_at_origin,BASE,calibration,1,12,spectral_core,local_partition_rf,0,0.32,0,0.31
334,2018-06,2018-02,4,0,True,0.0,master,valid_observed_phase_at_origin,BASE,calibration,1,12,spectral_core,local_partition_rf,0,0.33,0,0.35
335,2018-06,2018-02,4,0,True,0.0,master,valid_observed_phase_at_origin,BASE,calibration,1,12,spectral_core,local_partition_rf,0,0.21,0,0.26
336,2018-06,2018-02,4,0,True,0.0,master,valid_observed_phase_at_origin,BASE,calibration,1,12,spectral_core,local_partition_rf,0,0.34,0,0.28
337,2018-06,2018-02,4,0,True,0.0,master,valid_observed_phase_at_origin,BASE,calibration,1,12,spectral_core,local_partition_rf,0,0.21,0,0.3
338,2018-06,2018-02,4,0,True,0.0,master,valid_observed_phase_at_origin,BASE,calibration,1,12,spectral_core,local_partition_rf,0,0.19,0,0.2
339,2018-06,2018-02,4,0,True,0.0,master,valid_observed_phase_at_origin,BASE,calibration,1,12,spectral_core,local_partition_rf,0,0.29,0,0.33
340,2018-06,2018-02,4,0,True,0.0,master,valid_observed_phase_at_origin,BASE,calibration,1,12,spectral_core,local_partition_rf,0,0.22,0,0.2
341,2018-06,2018-02,4,0,True,0.0,master,valid_observed_phase_at_origin,BASE,calibration,1,12,spectral_core,local_partition_rf,1,0.56,1,0.62
342,2018-06,2018-02,4,0,True,0.0,master,valid_observed_phase_at_origin,BASE,calibration,1,12,spectral_core,local_partition_rf,0,0.29,0,0.3
343,2018-06,2018-02,4,0,True,0.0,master,valid_observed_phase_at_origin,BASE,calibration,1,12,spectral_core,local_partition_rf,0,0.22,0,0.23
344,2018-06,2018-02,4,0,True,0.0,master,valid_observed_phase_at_origin,BASE,calibration,1,12,spectral_core,local_partition_rf,1,0.67,1,0.53
345,2018-06,2018-02,4,0,True,0.0,master,valid_observed_phase_at_origin,BASE,calibration,1,12,spectral_core,local_partition_rf,0,0.3,0,0.33
346,2018-06,2018-02,4,0,True,1.0,master,valid_observed_phase_at_origin,BASE,calibration,1,12,spectral_core,local_partition_rf,0,0.49,0,0.37
347,2018-06,2018-02,4,0,True,1.0,master,valid_observed_phase_at_origin,BASE,calibration,1,12,spectral_core,local_partition_rf,1,0.68,1,0.56
348,2018-06,2018-02,4,0,True,1.0,master,valid_observed_phase_at_origin,BASE,calibration,1,12,spectral_core,local_partition_rf,1,0.54,0,0.48
349,2018-06,2018-02,4,0,True,1.0,master,valid_observed_phase_at_origin,BASE,calibration,1,12,spectral_core,local_partition_rf,1,0.51,1,0.56
350,2018-06,2018-02,4,0,True,1.0,master,valid_observed_phase_at_origin,BASE,calibration,1,12,spectral_core,local_partition_rf,0,0.31,0,0.38
351,2018-06,2018-02,4,0,True,1.0,master,valid_observed_phase_at_origin,BASE,calibration,1,12,spectral_core,local_partition_rf,1,0.61,1,0.58
352,2018-06,2018-02,4,0,True,1.0,master,valid_observed_phase_at_origin,BASE,calibration,1,12,spectral_core,local_partition_rf,1,0.6,1,0.55
353,2018-06,2018-02,4,0,True,1.0,master,valid_observed_phase_at_origin,BASE,calibration,1,12,spectral_core,local_partition_rf,1,0.53,0,0.45
354,2018-06,2018-02,4,0,True,1.0,master,valid_observed_phase_at_origin,BASE,calibration,1,12,spectral_core,local_partition_rf,1,0.6,1,0.61
355,2018-06,2018-02,4,0,True,1.0,master,valid_observed_phase_at_origin,BASE,calibration,1,12,spectral_core,local_partition_rf,0,0.49,0,0.5
356,2018-06,2018-02,4,0,True,1.0,master,valid_observed_phase_at_origin,BASE,calibration,1,12,spectral_core,local_partition_rf,1,0.52,1,0.52
357,2018-06,2018-02,4,0,True,0.0,master,valid_observed_phase_at_origin,BASE,calibration,1,12,spectral_core,local_partition_rf,0,0.37,0,0.45
358,2018-06,2018-02,4,0,True,0.0,master,valid_observed_phase_at_origin,BASE,calibration,1,12,spectral_core,local_partition_rf,0,0.24,0,0.3
359,2018-06,2018-02,4,0,True,0.0,master,valid_observed_phase_at_origin,BASE,calibration,1,12,spectral_core,local_partition_rf,0,0.46,0,0.47
360,2018-06,2018-02,4,0,True,0.0,master,valid_observed_phase_at_origin,BASE,calibration,1,12,spectral_core,local_partition_rf,1,0.53,0,0.45
361,2018-06,2018-02,4,0,True,0.0,master,valid_observed_phase_at_origin,BASE,calibration,1,12,spectral_core,local_partition_rf,0,0.38,0,0.48
362,2018-06,2018-02,4,0,True,0.0,master,valid_observed_phase_at_origin,BASE,calibration,1,12,spectral_core,local_partition_rf,0,0.44,0,0.47
363,2018-06,2018-02,4,0,True,0.0,master,valid_observed_phase_at_origin,BASE,calibration,1,12,spectral_core,local_partition_rf,0,0.4,0,0.48
364,2018-06,2018-02,4,0,True,0.0,master,valid_observed_phase_at_origin,BASE,calibration,1,12,spectral_core,local_partition_rf,0,0.42,0,0.47
365,2018-06,2018-02,4,0,True,0.0,master,valid_observed_phase_at_origin,BASE,calibration,1,12,spectral_core,local_partition_rf,0,0.44,1,0.55
366,2018-06,2018-02,4,0,True,0.0,master,valid_observed_phase_at_origin,BASE,calibration,1,12,spectral_core,local_partition_rf,0,0.42,0,0.48
367,2018-06,2018-02,4,0,True,0.0,master,valid_observed_phase_at_origin,BASE,calibration,1,12,spectral_core,local_partition_rf,1,0.51,1,0.57
368,2018-06,2018-02,4,0,True,0.0,master,valid_observed_phase_at_origin,BASE,calibration,1,12,spectral_core,local_partition_rf,0,0.42,0,0.48
369,2018-06,2018-02,4,0,True,0.0,master,valid_observed_phase_at_origin,BASE,calibration,1,12,spectral_core,local_partition_rf,0,0.42,0,0.43
370,2018-06,2018-02,4,0,True,0.0,master,valid_observed_phase_at_origin,BASE,calibration,1,12,spectral_core,local_partition_rf,0,0.48,0,0.45
371,2018-06,2018-02,4,0,True,0.0,master,valid_observed_phase_at_origin,BASE,calibration,1,13,spectral_core,local_partition_rf,0,0.06,0,0.24
372,2018-06,2018-02,4,0,True,0.0,master,valid_observed_phase_at_origin,BASE,calibration,1,9,spectral_core,local_partition_rf,0,0.03,0,0.2
373,2018-06,2018-02,4,0,True,0.0,master,valid_observed_phase_at_origin,BASE,calibration,1,13,spectral_core,local_partition_rf,0,0.07,0,0.27
374,2018-06,2018-02,4,0,True,0.0,master,valid_observed_phase_at_origin,BASE,calibration,1,9,spectral_core,local_partition_rf,0,0.03,0,0.21
375,2018-06,2018-02,4,0,True,0.0,master,valid_observed_phase_at_origin,BASE,calibration,1,9,spectral_core,local_partition_rf,0,0.03,0,0.18
376,2018-06,2018-02,4,0,True,0.0,master,valid_observed_phase_at_origin,BASE,calibration,1,9,spectral_core,local_partition_rf,0,0.03,0,0.24
377,2018-06,2018-02,4,0,True,0.0,master,valid_observed_phase_at_origin,BASE,calibration,1,9,spectral_core,local_partition_rf,0,0.03,0,0.19
378,2018-06,2018-02,4,0,True,0.0,master,valid_observed_phase_at_origin,BASE,calibration,1,9,spectral_core,local_partition_rf,0,0.03,0,0.23
379,2018-06,2018-02,4,0,True,0.0,master,valid_observed_phase_at_origin,BASE,calibration,1,13,spectral_core,local_partition_rf,0,0.04,0,0.2
380,2018-06,2018-02,4,0,True,0.0,master,valid_observed_phase_at_origin,BASE,calibration,1,9,spectral_core,local_partition_rf,0,0.03,0,0.26
381,2018-06,2018-02,4,0,True,0.0,master,valid_observed_phase_at_origin,BASE,calibration,1,9,spectral_core,local_partition_rf,0,0.03,0,0.19
382,2018-06,2018-02,4,0,True,0.0,master,valid_observed_phase_at_origin,BASE,calibration,1,13,spectral_core,local_partition_rf,0,0.03,0,0.25
383,2018-06,2018-02,4,0,True,0.0,master,valid_observed_phase_at_origin,BASE,calibration,1,9,spectral_core,local_partition_rf,0,0.04,0,0.27
384,2018-06,2018-02,4,0,True,0.0,master,valid_observed_phase_at_origin,BASE,calibration,1,9,spectral_core,local_partition_rf,0,0.04,0,0.19
385,2018-06,2018-02,4,0,True,0.0,master,valid_observed_phase_at_origin,BASE,calibration,1,9,spectral_core,local_partition_rf,0,0.03,0,0.25
386,2018-06,2018-02,4,0,True,0.0,master,valid_observed_phase_at_origin,BASE,calibration,1,13,spectral_core,local_partition_rf,0,0.03,0,0.18
387,2018-06,2018-02,4,0,True,0.0,master,valid_observed_phase_at_origin,BASE,calibration,1,13,spectral_core,local_partition_rf,0,0.05,0,0.19
388,2018-06,2018-02,4,0,True,0.0,master,valid_observed_phase_at_origin,BASE,calibration,1,13,spectral_core,local_partition_rf,0,0.05,0,0.12
389,2018-06,2018-02,4,0,True,0.0,master,valid_observed_phase_at_origin,BASE,calibration,1,13,spectral_core,local_partition_rf,0,0.05,0,0.21
390,2018-06,2018-02,4,0,True,0.0,master,valid_observed_phase_at_origin,BASE,calibration,1,13,spectral_core,local_partition_rf,0,0.05,0,0.18
391,2018-06,2018-02,4,0,True,0.0,master,valid_observed_phase_at_origin,BASE,calibration,1,13,spectral_core,local_partition_rf,0,0.05,0,0.2
392,2018-06,2018-02,4,0,True,0.0,master,valid_observed_phase_at_origin,BASE,calibration,1,13,spectral_core,local_partition_rf,0,0.05,0,0.21
393,2018-06,2018-02,4,0,True,0.0,master,valid_observed_phase_at_origin,BASE,calibration,1,13,spectral_core,local_partition_rf,0,0.06,0,0.18
394,2018-06,2018-02,4,0,True,0.0,master,valid_observed_phase_at_origin,BASE,calibration,1,13,spectral_core,local_partition_rf,0,0.05,0,0.15
395,2018-06,2018-02,4,0,True,0.0,master,valid_observed_phase_at_origin,BASE,calibration,1,13,spectral_core,local_partition_rf,0,0.05,0,0.13
396,2018-06,2018-02,4,0,True,0.0,master,valid_observed_phase_at_origin,BASE,calibration,1,13,spectral_core,local_partition_rf,0,0.06,0,0.21
397,2018-06,2018-02,4,0,True,0.0,master,valid_observed_phase_at_origin,BASE,calibration,1,13,spectral_core,local_partition_rf,0,0.06,0,0.17
398,2018-06,2018-02,4,0,True,0.0,master,valid_observed_phase_at_origin,BASE,calibration,1,13,spectral_core,local_partition_rf,0,0.05,0,0.17
399,2018-06,2018-02,4,0,True,0.0,master,valid_observed_phase_at_origin,BASE,calibration,1,13,spectral_core,local_partition_rf,0,0.06,0,0.14
400,2018-06,2018-02,4,0,True,0.0,master,valid_observed_phase_at_origin,BASE,calibration,1,13,spectral_core,local_partition_rf,0,0.05,0,0.24
401,2018-06,2018-02,4,0,True,0.0,master,valid_observed_phase_at_origin,BASE,calibration,1,13,spectral_core,local_partition_rf,0,0.05,0,0.24
402,2018-06,2018-02,4,0,True,0.0,master,valid_observed_phase_at_origin,BASE,calibration,1,13,spectral_core,local_partition_rf,0,0.05,0,0.25
403,2018-06,2018-02,4,0,True,0.0,master,valid_observed_phase_at_origin,BASE,calibration,1,13,spectral_core,local_partition_rf,0,0.05,0,0.21
404,2018-06,2018-02,4,0,True,0.0,master,valid_observed_phase_at_origin,BASE,calibration,1,13,spectral_core,local_partition_rf,0,0.05,0,0.18
405,2018-06,2018-02,4,0,True,0.0,master,valid_observed_phase_at_origin,BASE,calibration,1,13,spectral_core,local_partition_rf,0,0.05,0,0.23
406,2018-06,2018-02,4,0,True,0.0,master,valid_observed_phase_at_origin,BASE,calibration,1,13,spectral_core,local_partition_rf,0,0.05,0,0.26
407,2018-06,2018-02,4,0,True,0.0,master,valid_observed_phase_at_origin,BASE,calibration,1,13,spectral_core,local_partition_rf,0,0.05,0,0.24
408,2018-06,2018-02,4,0,True,0.0,master,valid_observed_phase_at_origin,BASE,calibration,1,13,spectral_core,local_partition_rf,0,0.36,0,0.48
409,2018-06,2018-02,4,1,True,1.0,master,valid_observed_phase_at_origin,BASE,calibration,1,13,spectral_core,local_partition_rf,1,0.6,1,0.6
410,2018-06,2018-02,4,0,True,0.0,master,valid_observed_phase_at_origin,BASE,calibration,1,13,spectral_core,local_partition_rf,0,0.05,0,0.18
411,2018-06,2018-02,4,0,True,0.0,master,valid_observed_phase_at_origin,BASE,calibration,1,13,spectral_core,local_partition_rf,0,0.14,0,0.27
412,2018-06,2018-02,4,0,True,0.0,master,valid_observed_phase_at_origin,BASE,calibration,1,13,spectral_core,local_partition_rf,0,0.12,0,0.27
413,2018-06,2018-02,4,0,True,0.0,master,valid_observed_phase_at_origin,BASE,calibration,1,13,spectral_core,local_partition_rf,0,0.36,0,0.47
414,2018-06,2018-02,4,0,True,0.0,master,valid_observed_phase_at_origin,BASE,calibration,1,13,spectral_core,local_partition_rf,0,0.05,0,0.24
415,2018-06,2018-02,4,0,True,0.0,master,valid_observed_phase_at_origin,BASE,calibration,1,13,spectral_core,local_partition_rf,0,0.05,0,0.16
416,2018-06,2018-02,4,0,True,0.0,master,valid_observed_phase_at_origin,BASE,calibration,1,13,spectral_core,local_partition_rf,0,0.05,0,0.17
417,2018-06,2018-02,4,0,True,0.0,master,valid_observed_phase_at_origin,BASE,calibration,1,13,spectral_core,local_partition_rf,0,0.06,0,0.17
418,2018-06,2018-02,4,0,True,0.0,master,valid_observed_phase_at_origin,BASE,calibration,1,13,spectral_core,local_partition_rf,0,0.07,0,0.23
419,2018-06,2018-02,4,0,True,0.0,master,valid_observed_phase_at_origin,BASE,calibration,1,13,spectral_core,local_partition_rf,0,0.07,0,0.26
420,2018-06,2018-02,4,0,True,0.0,master,valid_observed_phase_at_origin,BASE,calibration,1,13,spectral_core,local_partition_rf,0,0.07,0,0.2
421,2018-06,2018-02,4,0,True,0.0,master,valid_observed_phase_at_origin,BASE,calibration,1,13,spectral_core,local_partition_rf,0,0.06,0,0.27
422,2018-06,2018-02,4,0,True,0.0,master,valid_observed_phase_at_origin,BASE,calibration,1,13,spectral_core,local_partition_rf,0,0.07,0,0.19
423,2018-06,2018-02,4,0,True,0.0,master,valid_observed_phase_at_origin,BASE,calibration,1,13,spectral_core,local_partition_rf,0,0.07,0,0.23
424,2018-06,2018-02,4,0,True,0.0,master,valid_observed_phase_at_origin,BASE,calibration,1,13,spectral_core,local_partition_rf,0,0.11,0,0.35
425,2018-06,2018-02,4,1,True,1.0,master,valid_observed_phase_at_origin,BASE,calibration,1,13,spectral_core,local_partition_rf,0,0.33,0,0.46
426,2018-06,2018-02,4,0,True,0.0,master,valid_observed_phase_at_origin,BASE,calibration,1,13,spectral_core,local_partition_rf,0,0.05,0,0.21
427,2018-06,2018-02,4,0,True,0.0,master,valid_observed_phase_at_origin,BASE,calibration,1,13,spectral_core,local_partition_rf,0,0.09,0,0.2
428,2018-06,2018-02,4,0,True,0.0,master,valid_observed_phase_at_origin,BASE,calibration,1,13,spectral_core,local_partition_rf,0,0.07,0,0.22
429,2018-06,2018-02,4,0,True,0.0,master,valid_observed_phase_at_origin,BASE,calibration,1,13,spectral_core,local_partition_rf,0,0.07,0,0.18
430,2018-06,2018-02,4,1,True,1.0,master,valid_observed_phase_at_origin,BASE,calibration,1,13,spectral_core,local_partition_rf,0,0.46,0,0.44
431,2018-06,2018-02,4,0,True,0.0,master,valid_observed_phase_at_origin,BASE,calibration,1,13,spectral_core,local_partition_rf,0,0.45,1,0.53
432,2018-06,2018-02,4,0,True,0.0,master,valid_observed_phase_at_origin,BASE,calibration,1,13,spectral_core,local_partition_rf,0,0.1,0,0.21
433,2018-06,2018-02,4,0,True,0.0,master,valid_observed_phase_at_origin,BASE,calibration,1,13,spectral_core,local_partition_rf,0,0.48,1,0.57
434,2018-06,2018-02,4,1,True,1.0,master,valid_observed_phase_at_origin,BASE,calibration,1,13,spectral_core,local_partition_rf,1,0.57,1,0.6
435,2018-06,2018-02,4,0,True,0.0,master,valid_observed_phase_at_origin,BASE,calibration,1,13,spectral_core,local_partition_rf,0,0.07,0,0.13
436,2018-06,2018-02,4,0,True,0.0,master,valid_observed_phase_at_origin,BASE,calibration,1,13,spectral_core,local_partition_rf,0,0.07,0,0.2
437,2018-06,2018-02,4,0,True,0.0,master,valid_observed_phase_at_origin,BASE,calibration,1,13,spectral_core,local_partition_rf,0,0.06,0,0.21
438,2018-06,2018-02,4,0,True,0.0,master,valid_observed_phase_at_origin,BASE,calibration,1,13,spectral_core,local_partition_rf,0,0.29,0,0.46
439,2018-06,2018-02,4,0,True,0.0,master,valid_observed_phase_at_origin,BASE,calibration,1,13,spectral_core,local_partition_rf,0,0.45,1,0.55
440,2018-06,2018-02,4,0,True,0.0,master,valid_observed_phase_at_origin,BASE,calibration,1,13,spectral_core,local_partition_rf,0,0.06,0,0.16
441,2018-06,2018-02,4,0,True,0.0,master,valid_observed_phase_at_origin,BASE,calibration,1,13,spectral_core,local_partition_rf,0,0.07,0,0.15
442,2018-06,2018-02,4,0,True,0.0,master,valid_observed_phase_at_origin,BASE,calibration,1,13,spectral_core,local_partition_rf,0,0.17,0,0.32
443,2018-06,2018-02,4,0,True,0.0,master,valid_observed_phase_at_origin,BASE,calibration,1,13,spectral_core,local_partition_rf,0,0.11,0,0.2
444,2018-06,2018-02,4,1,True,1.0,master,valid_observed_phase_at_origin,BASE,calibration,1,13,spectral_core,local_partition_rf,1,0.51,1,0.59
445,2018-06,2018-02,4,0,True,0.0,master,valid_observed_phase_at_origin,BASE,calibration,1,13,spectral_core,local_partition_rf,0,0.1,0,0.22
446,2018-06,2018-02,4,0,True,0.0,master,valid_observed_phase_at_origin,BASE,calibration,1,13,spectral_core,local_partition_rf,0,0.19,0,0.28
447,2018-06,2018-02,4,1,True,1.0,master,valid_observed_phase_at_origin,BASE,calibration,1,13,spectral_core,local_partition_rf,0,0.44,0,0.48
448,2018-06,2018-02,4,0,True,0.0,master,valid_observed_phase_at_origin,BASE,calibration,1,13,spectral_core,local_partition_rf,0,0.15,0,0.33
449,2018-06,2018-02,4,0,True,0.0,master,valid_observed_phase_at_origin,BASE,calibration,1,13,spectral_core,local_partition_rf,0,0.05,0,0.16
450,2018-06,2018-02,4,0,True,0.0,master,valid_observed_phase_at_origin,BASE,calibration,1,13,spectral_core,local_partition_rf,0,0.06,0,0.18
451,2018-06,2018-02,4,0,True,0.0,master,valid_observed_phase_at_origin,BASE,calibration,1,13,spectral_core,local_partition_rf,0,0.45,0,0.49
452,2018-06,2018-02,4,0,True,0.0,master,valid_observed_phase_at_origin,BASE,calibration,1,13,spectral_core,local_partition_rf,0,0.46,0,0.48
453,2018-06,2018-02,4,0,True,0.0,master,valid_observed_phase_at_origin,BASE,calibration,1,13,spectral_core,local_partition_rf,0,0.48,0,0.49
454,2018-06,2018-02,4,0,True,0.0,master,valid_observed_phase_at_origin,BASE,calibration,1,13,spectral_core,local_partition_rf,0,0.06,0,0.14
455,2018-06,2018-02,4,0,True,0.0,master,valid_observed_phase_at_origin,BASE,calibration,1,13,spectral_core,local_partition_rf,0,0.05,0,0.25
456,2018-06,2018-02,4,0,True,0.0,master,valid_observed_phase_at_origin,BASE,calibration,1,13,spectral_core,local_partition_rf,0,0.07,0,0.14
457,2018-06,2018-02,4,0,True,0.0,master,valid_observed_phase_at_origin,BASE,calibration,1,13,spectral_core,local_partition_rf,0,0.23,0,0.4
458,2018-06,2018-02,4,0,True,0.0,master,valid_observed_phase_at_origin,BASE,calibration,1,13,spectral_core,local_partition_rf,0,0.39,0,0.48
459,2018-06,2018-02,4,0,True,0.0,master,valid_observed_phase_at_origin,BASE,calibration,1,13,spectral_core,local_partition_rf,0,0.06,0,0.17
460,2018-06,2018-02,4,0,True,0.0,master,valid_observed_phase_at_origin,BASE,calibration,1,13,spectral_core,local_partition_rf,0,0.05,0,0.2
461,2018-06,2018-02,4,0,True,0.0,master,valid_observed_phase_at_origin,BASE,calibration,1,13,spectral_core,local_partition_rf,0,0.04,0,0.16
462,2018-06,2018-02,4,1,True,0.0,master,valid_observed_phase_at_origin,BASE,calibration,1,9,spectral_core,local_partition_rf,0,0.02,0,0.24
463,2018-06,2018-02,4,1,True,0.0,master,valid_observed_phase_at_origin,BASE,calibration,1,9,spectral_core,local_partition_rf,0,0.02,0,0.3
464,2018-06,2018-02,4,1,True,1.0,master,valid_observed_phase_at_origin,BASE,calibration,1,9,spectral_core,local_partition_rf,1,0.92,1,0.59
465,2018-06,2018-02,4,1,True,1.0,master,valid_observed_phase_at_origin,BASE,calibration,1,9,spectral_core,local_partition_rf,1,0.87,1,0.55
466,2018-06,2018-02,4,1,True,1.0,master,valid_observed_phase_at_origin,BASE,calibration,1,9,spectral_core,local_partition_rf,1,0.79,1,0.51
467,2018-06,2018-02,4,1,True,0.0,master,valid_observed_phase_at_origin,BASE,calibration,1,9,spectral_core,local_partition_rf,0,0.09,0,0.23
468,2018-06,2018-02,4,1,True,0.0,master,valid_observed_phase_at_origin,BASE,calibration,1,9,spectral_core,local_partition_rf,0,0.06,0,0.2
469,2018-06,2018-02,4,1,True,0.0,master,valid_observed_phase_at_origin,BASE,calibration,1,9,spectral_core,local_partition_rf,0,0.04,0,0.21
470,2018-06,2018-02,4,1,True,0.0,master,valid_observed_phase_at_origin,BASE,calibration,1,9,spectral_core,local_partition_rf,0,0.1,0,0.22
471,2018-06,2018-02,4,0,True,0.0,master,valid_observed_phase_at_origin,BASE,calibration,1,13,spectral_core,local_partition_rf,0,0.03,0,0.14
472,2018-06,2018-02,4,0,True,0.0,master,valid_observed_phase_at_origin,BASE,calibration,1,13,spectral_core,local_partition_rf,0,0.06,0,0.17
473,2018-06,2018-02,4,0,True,0.0,master,valid_observed_phase_at_origin,BASE,calibration,1,13,spectral_core,local_partition_rf,0,0.06,0,0.15
474,2018-06,2018-02,4,0,True,0.0,master,valid_observed_phase_at_origin,BASE,calibration,1,13,spectral_core,local_partition_rf,0,0.04,0,0.15
475,2018-06,2018-02,4,0,True,0.0,master,valid_observed_phase_at_origin,BASE,calibration,1,13,spectral_core,local_partition_rf,0,0.04,0,0.14
476,2018-06,2018-02,4,0,True,0.0,master,valid_observed_phase_at_origin,BASE,calibration,1,13,spectral_core,local_partition_rf,0,0.02,0,0.18
477,2018-06,2018-02,4,0,True,0.0,master,valid_observed_phase_at_origin,BASE,calibration,1,13,spectral_core,local_partition_rf,0,0.08,0,0.2
478,2018-06,2018-02,4,0,True,0.0,master,valid_observed_phase_at_origin,BASE,calibration,1,13,spectral_core,local_partition_rf,0,0.05,0,0.14
479,2018-06,2018-02,4,0,True,0.0,master,valid_observed_phase_at_origin,BASE,calibration,1,13,spectral_core,local_partition_rf,0,0.06,0,0.2
480,2018-06,2018-02,4,0,True,0.0,master,valid_observed_phase_at_origin,BASE,calibration,1,13,spectral_core,local_partition_rf,0,0.07,0,0.22
481,2018-06,2018-02,4,0,True,0.0,master,valid_observed_phase_at_origin,BASE,calibration,1,13,spectral_core,local_partition_rf,0,0.05,0,0.17
482,2018-06,2018-02,4,1,True,0.0,master,valid_observed_phase_at_origin,BASE,calibration,1,9,spectral_core,local_partition_rf,0,0.03,0,0.23
483,2018-06,2018-02,4,0,True,0.0,master,valid_observed_phase_at_origin,BASE,calibration,1,13,spectral_core,local_partition_rf,0,0.07,0,0.21
484,2018-06,2018-02,4,1,True,0.0,master,valid_observed_phase_at_origin,BASE,calibration,1,9,spectral_core,local_partition_rf,0,0.04,0,0.21
485,2018-06,2018-02,4,0,True,0.0,master,valid_observed_phase_at_origin,BASE,calibration,1,9,spectral_core,local_partition_rf,0,0.03,0,0.21
486,2018-06,2018-02,4,0,True,0.0,master,valid_observed_phase_at_origin,BASE,calibration,1,13,spectral_core,local_partition_rf,0,0.07,0,0.21
487,2018-06,2018-02,4,0,True,0.0,master,valid_observed_phase_at_origin,BASE,calibration,1,9,spectral_core,local_partition_rf,0,0.03,0,0.25
488,2018-06,2018-02,4,0,True,0.0,master,valid_observed_phase_at_origin,BASE,calibration,1,2,spectral_core,local_partition_rf,0,0.12,0,0.21
489,2018-06,2018-02,4,0,True,0.0,master,valid_observed_phase_at_origin,BASE,calibration,1,9,spectral_core,local_partition_rf,0,0.03,0,0.21
490,2018-06,2018-02,4,0,True,0.0,master,valid_observed_phase_at_origin,BASE,calibration,1,9,spectral_core,local_partition_rf,0,0.07,0,0.22
491,2018-06,2018-02,4,0,True,0.0,master,valid_observed_phase_at_origin,BASE,calibration,1,9,spectral_core,local_partition_rf,0,0.03,0,0.24
492,2018-06,2018-02,4,0,True,0.0,master,valid_observed_phase_at_origin,BASE,calibration,1,9,spectral_core,local_partition_rf,0,0.04,0,0.21
493,2018-06,2018-02,4,0,True,0.0,master,valid_observed_phase_at_origin,BASE,calibration,1,13,spectral_core,local_partition_rf,0,0.08,0,0.24
494,2018-06,2018-02,4,0,True,0.0,master,valid_observed_phase_at_origin,BASE,calibration,1,9,spectral_core,local_partition_rf,0,0.03,0,0.26
495,2018-06,2018-02,4,0,True,0.0,master,valid_observed_phase_at_origin,BASE,calibration,1,13,spectral_core,local_partition_rf,0,0.06,0,0.21
496,2018-06,2018-02,4,0,True,0.0,master,valid_observed_phase_at_origin,BASE,calibration,1,9,spectral_core,local_partition_rf,0,0.03,0,0.27
497,2018-06,2018-02,4,0,True,0.0,master,valid_observed_phase_at_origin,BASE,calibration,1,13,spectral_core,local_partition_rf,0,0.1,0,0.23
498,2018-06,2018-02,4,0,True,0.0,master,valid_observed_phase_at_origin,BASE,calibration,1,13,spectral_core,local_partition_rf,0,0.05,0,0.21
499,2018-06,2018-02,4,0,True,0.0,master,valid_observed_phase_at_origin,BASE,calibration,1,13,spectral_core,local_partition_rf,0,0.04,0,0.24
500,2018-06,2018-02,4,0,True,0.0,master,valid_observed_phase_at_origin,BASE,calibration,1,13,spectral_core,local_partition_rf,0,0.06,0,0.18
501,2018-06,2018-02,4,1,True,1.0,master,valid_observed_phase_at_origin,BASE,calibration,1,13,spectral_core,local_partition_rf,0,0.5,1,0.56
502,2018-06,2018-02,4,0,True,0.0,master,valid_observed_phase_at_origin,BASE,calibration,1,13,spectral_core,local_partition_rf,0,0.05,0,0.22
503,2018-06,2018-02,4,1,True,0.0,master,valid_observed_phase_at_origin,BASE,calibration,1,8,spectral_core,local_partition_rf,1,0.6,0,0.44
504,2018-06,2018-02,4,0,True,0.0,master,valid_observed_phase_at_origin,BASE,calibration,1,13,spectral_core,local_partition_rf,0,0.03,0,0.23
505,2018-06,2018-02,4,0,True,0.0,master,valid_observed_phase_at_origin,BASE,calibration,1,13,spectral_core,local_partition_rf,0,0.05,0,0.17
506,2018-06,2018-02,4,0,True,0.0,master,valid_observed_phase_at_origin,BASE,calibration,1,13,spectral_core,local_partition_rf,0,0.06,0,0.23
507,2018-06,2018-02,4,0,True,0.0,master,valid_observed_phase_at_origin,BASE,calibration,1,13,spectral_core,local_partition_rf,0,0.05,0,0.2
508,2018-06,2018-02,4,1,True,1.0,master,valid_observed_phase_at_origin,BASE,calibration,1,13,spectral_core,local_partition_rf,1,0.66,1,0.62
509,2018-06,2018-02,4,0,True,0.0,master,valid_observed_phase_at_origin,BASE,calibration,1,13,spectral_core,local_partition_rf,0,0.06,0,0.28
510,2018-06,2018-02,4,1,True,1.0,master,valid_observed_phase_at_origin,BASE,calibration,1,13,spectral_core,local_partition_rf,1,0.63,1,0.56
511,2018-06,2018-02,4,0,True,0.0,master,valid_observed_phase_at_origin,BASE,calibration,1,13,spectral_core,local_partition_rf,0,0.04,0,0.2
512,2018-06,2018-02,4,0,True,0.0,master,valid_observed_phase_at_origin,BASE,calibration,1,13,spectral_core,local_partition_rf,0,0.1,0,0.29
513,2018-06,2018-02,4,0,True,0.0,master,valid_observed_phase_at_origin,BASE,calibration,1,13,spectral_core,local_partition_rf,0,0.05,0,0.2
514,2018-06,2018-02,4,1,True,0.0,master,valid_observed_phase_at_origin,BASE,calibration,1,9,spectral_core,local_partition_rf,0,0.07,0,0.2
515,2018-06,2018-02,4,0,True,0.0,master,valid_observed_phase_at_origin,BASE,calibration,1,9,spectral_core,local_partition_rf,0,0.04,0,0.22
516,2018-06,2018-02,4,1,True,1.0,master,valid_observed_phase_at_origin,BASE,calibration,1,13,spectral_core,local_partition_rf,1,0.87,0,0.35
517,2018-06,2018-02,4,0,True,0.0,master,valid_observed_phase_at_origin,BASE,calibration,1,9,spectral_core,local_partition_rf,0,0.04,0,0.22
518,2018-06,2018-02,4,0,True,0.0,master,valid_observed_phase_at_origin,BASE,calibration,1,13,spectral_core,local_partition_rf,0,0.08,0,0.21
519,2018-06,2018-02,4,0,True,0.0,master,valid_observed_phase_at_origin,BASE,calibration,1,13,spectral_core,local_partition_rf,1,0.71,0,0.35
520,2018-06,2018-02,4,0,True,0.0,master,valid_observed_phase_at_origin,BASE,calibration,1,9,spectral_core,local_partition_rf,0,0.04,0,0.26
521,2018-06,2018-02,4,0,True,0.0,master,valid_observed_phase_at_origin,BASE,calibration,1,13,spectral_core,local_partition_rf,0,0.08,0,0.22
522,2018-06,2018-02,4,0,True,0.0,master,valid_observed_phase_at_origin,BASE,calibration,1,9,spectral_core,local_partition_rf,0,0.03,0,0.18
523,2018-06,2018-02,4,0,True,0.0,master,valid_observed_phase_at_origin,BASE,calibration,1,13,spectral_core,local_partition_rf,0,0.06,0,0.24
524,2018-06,2018-02,4,0,True,0.0,master,valid_observed_phase_at_origin,BASE,calibration,1,13,spectral_core,local_partition_rf,0,0.05,0,0.24
525,2018-06,2018-02,4,0,True,0.0,master,valid_observed_phase_at_origin,BASE,calibration,1,13,spectral_core,local_partition_rf,0,0.07,0,0.23
526,2018-06,2018-02,4,0,True,0.0,master,valid_observed_phase_at_origin,BASE,calibration,1,9,spectral_core,local_partition_rf,0,0.04,0,0.21
527,2018-06,2018-02,4,0,True,0.0,master,valid_observed_phase_at_origin,BASE,calibration,1,9,spectral_core,local_partition_rf,0,0.03,0,0.26
528,2018-06,2018-02,4,0,True,0.0,master,valid_observed_phase_at_origin,BASE,calibration,1,9,spectral_core,local_partition_rf,0,0.04,0,0.2
529,2018-06,2018-02,4,0,True,0.0,master,valid_observed_phase_at_origin,BASE,calibration,1,9,spectral_core,local_partition_rf,0,0.03,0,0.25
530,2018-06,2018-02,4,0,True,0.0,master,valid_observed_phase_at_origin,BASE,calibration,1,9,spectral_core,local_partition_rf,0,0.03,0,0.22
531,2018-06,2018-02,4,0,True,0.0,master,valid_observed_phase_at_origin,BASE,calibration,1,9,spectral_core,local_partition_rf,0,0.03,0,0.21
532,2018-06,2018-02,4,0,True,0.0,master,valid_observed_phase_at_origin,BASE,calibration,1,9,spectral_core,local_partition_rf,0,0.03,0,0.21
533,2018-06,2018-02,4,0,True,0.0,master,valid_observed_phase_at_origin,BASE,calibration,1,13,spectral_core,local_partition_rf,1,0.84,0,0.4
534,2018-06,2018-02,4,1,True,1.0,master,valid_observed_phase_at_origin,BASE,calibration,1,13,spectral_core,local_partition_rf,1,0.98,0,0.45
535,2018-06,2018-02,4,0,True,0.0,master,valid_observed_phase_at_origin,BASE,calibration,1,9,spectral_core,local_partition_rf,0,0.04,0,0.23
536,2018-06,2018-02,4,0,True,0.0,master,valid_observed_phase_at_origin,BASE,calibration,1,2,spectral_core,local_partition_rf,1,0.74,0,0.39
537,2018-06,2018-02,4,0,True,0.0,master,valid_observed_phase_at_origin,BASE,calibration,1,13,spectral_core,local_partition_rf,0,0.1,0,0.25
538,2018-06,2018-02,4,0,True,0.0,master,valid_observed_phase_at_origin,BASE,calibration,1,9,spectral_core,local_partition_rf,0,0.06,0,0.29
539,2018-06,2018-02,4,1,True,1.0,master,valid_observed_phase_at_origin,BASE,calibration,1,13,spectral_core,local_partition_rf,1,0.92,1,0.51
540,2018-06,2018-02,4,0,True,0.0,master,valid_observed_phase_at_origin,BASE,calibration,1,13,spectral_core,local_partition_rf,0,0.07,0,0.16
541,2018-06,2018-02,4,0,True,0.0,master,valid_observed_phase_at_origin,BASE,calibration,1,9,spectral_core,local_partition_rf,0,0.03,0,0.24
542,2018-06,2018-02,4,0,True,0.0,master,valid_observed_phase_at_origin,BASE,calibration,1,2,spectral_core,local_partition_rf,0,0.09,0,0.19
543,2018-06,2018-02,4,0,True,0.0,master,valid_observed_phase_at_origin,BASE,calibration,1,9,spectral_core,local_partition_rf,0,0.02,0,0.25
544,2018-06,2018-02,4,0,True,0.0,master,valid_observed_phase_at_origin,BASE,calibration,1,9,spectral_core,local_partition_rf,0,0.04,0,0.23
545,2018-06,2018-02,4,0,True,0.0,master,valid_observed_phase_at_origin,BASE,calibration,1,9,spectral_core,local_partition_rf,0,0.03,0,0.26
546,2018-06,2018-02,4,0,True,0.0,master,valid_observed_phase_at_origin,BASE,calibration,1,13,spectral_core,local_partition_rf,0,0.27,0,0.24
547,2018-06,2018-02,4,0,True,0.0,master,valid_observed_phase_at_origin,BASE,calibration,1,9,spectral_core,local_partition_rf,0,0.03,0,0.21
548,2018-06,2018-02,4,0,True,0.0,master,valid_observed_phase_at_origin,BASE,calibration,1,9,spectral_core,local_partition_rf,0,0.03,0,0.24
549,2018-06,2018-02,4,0,True,0.0,master,valid_observed_phase_at_origin,BASE,calibration,1,9,spectral_core,local_partition_rf,0,0.03,0,0.27
550,2018-06,2018-02,4,0,True,0.0,master,valid_observed_phase_at_origin,BASE,calibration,1,13,spectral_core,local_partition_rf,0,0.05,0,0.23
551,2018-06,2018-02,4,0,True,0.0,master,valid_observed_phase_at_origin,BASE,calibration,1,13,spectral_core,local_partition_rf,0,0.05,0,0.2
552,2018-06,2018-02,4,0,True,0.0,master,valid_observed_phase_at_origin,BASE,calibration,1,13,spectral_core,local_partition_rf,0,0.05,0,0.19
553,2018-06,2018-02,4,0,True,0.0,master,valid_observed_phase_at_origin,BASE,calibration,1,13,spectral_core,local_partition_rf,0,0.07,0,0.29
554,2018-06,2018-02,4,0,True,0.0,master,valid_observed_phase_at_origin,BASE,calibration,1,13,spectral_core,local_partition_rf,0,0.06,0,0.24
555,2018-06,2018-02,4,0,True,0.0,master,valid_observed_phase_at_origin,BASE,calibration,1,13,spectral_core,local_partition_rf,0,0.06,0,0.23
556,2018-06,2018-02,4,0,True,0.0,master,valid_observed_phase_at_origin,BASE,calibration,1,13,spectral_core,local_partition_rf,0,0.06,0,0.21
557,2018-06,2018-02,4,0,True,0.0,master,valid_observed_phase_at_origin,BASE,calibration,1,13,spectral_core,local_partition_rf,0,0.05,0,0.24
558,2018-06,2018-02,4,1,True,1.0,master,valid_observed_phase_at_origin,BASE,calibration,1,13,spectral_core,local_partition_rf,1,0.91,0,0.4
559,2018-06,2018-02,4,0,True,0.0,master,valid_observed_phase_at_origin,BASE,calibration,1,13,spectral_core,local_partition_rf,0,0.05,0,0.17
560,2018-06,2018-02,4,0,True,0.0,master,valid_observed_phase_at_origin,BASE,calibration,1,13,spectral_core,local_partition_rf,0,0.07,0,0.22
561,2018-06,2018-02,4,0,True,0.0,master,valid_observed_phase_at_origin,BASE,calibration,1,13,spectral_core,local_partition_rf,0,0.06,0,0.22
562,2018-06,2018-02,4,1,True,0.0,master,valid_observed_phase_at_origin,BASE,calibration,1,3,spectral_core,local_partition_rf,0,0.4,0,0.35
563,2018-06,2018-02,4,0,True,0.0,master,valid_observed_phase_at_origin,BASE,calibration,1,13,spectral_core,local_partition_rf,1,0.76,0,0.33
564,2018-06,2018-02,4,0,True,0.0,master,valid_observed_phase_at_origin,BASE,calibration,1,13,spectral_core,local_partition_rf,0,0.05,0,0.16
565,2018-06,2018-02,4,0,True,0.0,master,valid_observed_phase_at_origin,BASE,calibration,1,13,spectral_core,local_partition_rf,0,0.06,0,0.22
566,2018-06,2018-02,4,0,True,0.0,master,valid_observed_phase_at_origin,BASE,calibration,1,13,spectral_core,local_partition_rf,0,0.06,0,0.23
567,2018-06,2018-02,4,0,True,0.0,master,valid_observed_phase_at_origin,BASE,calibration,1,13,spectral_core,local_partition_rf,0,0.01,0,0.31
568,2018-06,2018-02,4,0,True,0.0,master,valid_observed_phase_at_origin,BASE,calibration,1,13,spectral_core,local_partition_rf,0,0.08,0,0.26
569,2018-06,2018-02,4,0,True,0.0,master,valid_observed_phase_at_origin,BASE,calibration,1,13,spectral_core,local_partition_rf,0,0.06,0,0.22
570,2018-06,2018-02,4,0,True,0.0,master,valid_observed_phase_at_origin,BASE,calibration,1,13,spectral_core,local_partition_rf,0,0.06,0,0.27
571,2018-06,2018-02,4,0,True,0.0,master,valid_observed_phase_at_origin,BASE,calibration,1,13,spectral_core,local_partition_rf,0,0.06,0,0.21
572,2018-06,2018-02,4,0,True,0.0,master,valid_observed_phase_at_origin,BASE,calibration,1,13,spectral_core,local_partition_rf,0,0.06,0,0.23
573,2018-06,2018-02,4,0,True,0.0,master,valid_observed_phase_at_origin,BASE,calibration,1,13,spectral_core,local_partition_rf,0,0.06,0,0.22
574,2018-06,2018-02,4,0,True,0.0,master,valid_observed_phase_at_origin,BASE,calibration,1,13,spectral_core,local_partition_rf,0,0.06,0,0.25
575,2018-06,2018-02,4,0,True,0.0,master,valid_observed_phase_at_origin,BASE,calibration,1,13,spectral_core,local_partition_rf,0,0.06,0,0.25
576,2018-06,2018-02,4,0,True,0.0,master,valid_observed_phase_at_origin,BASE,calibration,1,13,spectral_core,local_partition_rf,1,0.81,0,0.41
577,2018-06,2018-02,4,0,True,0.0,master,valid_observed_phase_at_origin,BASE,calibration,1,13,spectral_core,local_partition_rf,0,0.07,0,0.23
578,2018-06,2018-02,4,0,True,0.0,master,valid_observed_phase_at_origin,BASE,calibration,1,13,spectral_core,local_partition_rf,0,0.06,0,0.21
579,2018-06,2018-02,4,0,True,0.0,master,valid_observed_phase_at_origin,BASE,calibration,1,13,spectral_core,local_partition_rf,0,0.06,0,0.21
580,2018-06,2018-02,4,1,True,0.0,master,valid_observed_phase_at_origin,BASE,calibration,1,3,spectral_core,local_partition_rf,0,0.22,0,0.14
581,2018-06,2018-02,4,0,True,0.0,master,valid_observed_phase_at_origin,BASE,calibration,1,13,spectral_core,local_partition_rf,0,0.05,0,0.19
582,2018-06,2018-02,4,0,True,0.0,master,valid_observed_phase_at_origin,BASE,calibration,1,13,spectral_core,local_partition_rf,0,0.05,0,0.18
583,2018-06,2018-02,4,1,True,1.0,master,valid_observed_phase_at_origin,BASE,calibration,1,13,spectral_core,local_partition_rf,1,0.93,0,0.47
584,2018-06,2018-02,4,0,True,0.0,master,valid_observed_phase_at_origin,BASE,calibration,1,13,spectral_core,local_partition_rf,0,0.05,0,0.16
585,2018-06,2018-02,4,0,True,0.0,master,valid_observed_phase_at_origin,BASE,calibration,1,13,spectral_core,local_partition_rf,0,0.06,0,0.19
586,2018-06,2018-02,4,0,True,0.0,master,valid_observed_phase_at_origin,BASE,calibration,1,13,spectral_core,local_partition_rf,0,0.05,0,0.26
587,2018-06,2018-02,4,0,True,0.0,master,valid_observed_phase_at_origin,BASE,calibration,1,13,spectral_core,local_partition_rf,0,0.08,0,0.22
588,2018-06,2018-02,4,0,True,0.0,master,valid_observed_phase_at_origin,BASE,calibration,1,13,spectral_core,local_partition_rf,0,0.05,0,0.2
589,2018-06,2018-02,4,0,True,0.0,master,valid_observed_phase_at_origin,BASE,calibration,1,13,spectral_core,local_partition_rf,0,0.05,0,0.24
590,2018-06,2018-02,4,0,True,0.0,master,valid_observed_phase_at_origin,BASE,calibration,1,13,spectral_core,local_partition_rf,0,0.07,0,0.26
591,2018-06,2018-02,4,0,True,0.0,master,valid_observed_phase_at_origin,BASE,calibration,1,13,spectral_core,local_partition_rf,0,0.06,0,0.27
592,2018-06,2018-02,4,0,True,0.0,master,valid_observed_phase_at_origin,BASE,calibration,1,13,spectral_core,local_partition_rf,0,0.05,0,0.21
593,2018-06,2018-02,4,0,True,0.0,master,valid_observed_phase_at_origin,BASE,calibration,1,13,spectral_core,local_partition_rf,0,0.05,0,0.16
594,2018-06,2018-02,4,0,True,0.0,master,valid_observed_phase_at_origin,BASE,calibration,1,13,spectral_core,local_partition_rf,0,0.05,0,0.19
595,2018-06,2018-02,4,0,True,0.0,master,valid_observed_phase_at_origin,BASE,calibration,1,13,spectral_core,local_partition_rf,0,0.26,0,0.29
596,2018-06,2018-02,4,0,True,0.0,master,valid_observed_phase_at_origin,BASE,calibration,1,13,spectral_core,local_partition_rf,0,0.05,0,0.21
597,2018-06,2018-02,4,1,True,1.0,master,valid_observed_phase_at_origin,BASE,calibration,1,13,spectral_core,local_partition_rf,1,0.89,0,0.45
598,2018-06,2018-02,4,0,True,0.0,master,valid_observed_phase_at_origin,BASE,calibration,1,13,spectral_core,local_partition_rf,0,0.05,0,0.2
599,2018-06,2018-02,4,0,True,0.0,master,valid_observed_phase_at_origin,BASE,calibration,1,13,spectral_core,local_partition_rf,0,0.06,0,0.22
600,2018-06,2018-02,4,0,True,0.0,master,valid_observed_phase_at_origin,BASE,calibration,1,13,spectral_core,local_partition_rf,0,0.09,0,0.2
601,2018-06,2018-02,4,0,True,0.0,master,valid_observed_phase_at_origin,BASE,calibration,1,13,spectral_core,local_partition_rf,0,0.05,0,0.2
602,2018-06,2018-02,4,0,True,0.0,master,valid_observed_phase_at_origin,BASE,calibration,1,13,spectral_core,local_partition_rf,0,0.05,0,0.16
603,2018-06,2018-02,4,0,True,0.0,master,valid_observed_phase_at_origin,BASE,calibration,1,13,spectral_core,local_partition_rf,0,0.05,0,0.16
604,2018-06,2018-02,4,0,True,0.0,master,valid_observed_phase_at_origin,BASE,calibration,1,13,spectral_core,local_partition_rf,0,0.05,0,0.17
605,2018-06,2018-02,4,0,True,0.0,master,valid_observed_phase_at_origin,BASE,calibration,1,13,spectral_core,local_partition_rf,0,0.06,0,0.14
606,2018-06,2018-02,4,0,True,0.0,master,valid_observed_phase_at_origin,BASE,calibration,1,13,spectral_core,local_partition_rf,0,0.05,0,0.2
607,2018-06,2018-02,4,0,True,0.0,master,valid_observed_phase_at_origin,BASE,calibration,1,13,spectral_core,local_partition_rf,0,0.05,0,0.17
608,2018-06,2018-02,4,0,True,0.0,master,valid_observed_phase_at_origin,BASE,calibration,1,13,spectral_core,local_partition_rf,0,0.06,0,0.2
609,2018-06,2018-02,4,0,True,0.0,master,valid_observed_phase_at_origin,BASE,calibration,1,13,spectral_core,local_partition_rf,0,0.1,0,0.22
610,2018-06,2018-02,4,0,True,0.0,master,valid_observed_phase_at_origin,BASE,calibration,1,13,spectral_core,local_partition_rf,0,0.06,0,0.19
611,2018-06,2018-02,4,0,True,0.0,master,valid_observed_phase_at_origin,BASE,calibration,1,13,spectral_core,local_partition_rf,0,0.06,0,0.15
612,2018-06,2018-02,4,0,True,0.0,master,valid_observed_phase_at_origin,BASE,calibration,1,13,spectral_core,local_partition_rf,0,0.06,0,0.21
613,2018-06,2018-02,4,1,True,0.0,master,valid_observed_phase_at_origin,BASE,calibration,1,13,spectral_core,local_partition_rf,0,0.19,0,0.31
614,2018-06,2018-02,4,0,True,0.0,master,valid_observed_phase_at_origin,BASE,calibration,1,13,spectral_core,local_partition_rf,0,0.05,0,0.23
615,2018-06,2018-02,4,0,True,0.0,master,valid_observed_phase_at_origin,BASE,calibration,1,13,spectral_core,local_partition_rf,0,0.05,0,0.14
616,2018-06,2018-02,4,0,True,0.0,master,valid_observed_phase_at_origin,BASE,calibration,1,13,spectral_core,local_partition_rf,0,0.06,0,0.16
617,2018-06,2018-02,4,0,True,0.0,master,valid_observed_phase_at_origin,BASE,calibration,1,13,spectral_core,local_partition_rf,0,0.06,0,0.16
618,2018-06,2018-02,4,0,True,0.0,master,valid_observed_phase_at_origin,BASE,calibration,1,13,spectral_core,local_partition_rf,0,0.06,0,0.15
619,2018-06,2018-02,4,0,True,0.0,master,valid_observed_phase_at_origin,BASE,calibration,1,13,spectral_core,local_partition_rf,0,0.05,0,0.18
620,2018-06,2018-02,4,0,True,0.0,master,valid_observed_phase_at_origin,BASE,calibration,1,13,spectral_core,local_partition_rf,0,0.06,0,0.24
621,2018-06,2018-02,4,0,True,0.0,master,valid_observed_phase_at_origin,BASE,calibration,1,13,spectral_core,local_partition_rf,0,0.05,0,0.15
622,2018-06,2018-02,4,0,True,0.0,master,valid_observed_phase_at_origin,BASE,calibration,1,13,spectral_core,local_partition_rf,0,0.05,0,0.21
623,2018-06,2018-02,4,0,True,0.0,master,valid_observed_phase_at_origin,BASE,calibration,1,13,spectral_core,local_partition_rf,0,0.06,0,0.25
624,2018-06,2018-02,4,0,True,0.0,master,valid_observed_phase_at_origin,BASE,calibration,1,13,spectral_core,local_partition_rf,0,0.06,0,0.25
625,2018-06,2018-02,4,0,True,0.0,master,valid_observed_phase_at_origin,BASE,calibration,1,13,spectral_core,local_partition_rf,0,0.14,0,0.38
626,2018-06,2018-02,4,0,True,0.0,master,valid_observed_phase_at_origin,BASE,calibration,1,13,spectral_core,local_partition_rf,0,0.05,0,0.19
627,2018-06,2018-02,4,0,True,0.0,master,valid_observed_phase_at_origin,BASE,calibration,1,13,spectral_core,local_partition_rf,0,0.05,0,0.16
628,2018-06,2018-02,4,0,True,0.0,master,valid_observed_phase_at_origin,BASE,calibration,1,13,spectral_core,local_partition_rf,0,0.05,0,0.19
629,2018-06,2018-02,4,0,True,0.0,master,valid_observed_phase_at_origin,BASE,calibration,1,13,spectral_core,local_partition_rf,0,0.05,0,0.16
630,2018-06,2018-02,4,0,True,0.0,master,valid_observed_phase_at_origin,BASE,calibration,1,13,spectral_core,local_partition_rf,0,0.07,0,0.16
631,2018-06,2018-02,4,0,True,0.0,master,valid_observed_phase_at_origin,BASE,calibration,1,3,spectral_core,local_partition_rf,0,0.15,0,0.29
632,2018-06,2018-02,4,0,True,0.0,master,valid_observed_phase_at_origin,BASE,calibration,1,13,spectral_core,local_partition_rf,0,0.06,0,0.21
633,2018-06,2018-02,4,0,True,0.0,master,valid_observed_phase_at_origin,BASE,calibration,1,13,spectral_core,local_partition_rf,0,0.05,0,0.15
634,2018-06,2018-02,4,0,True,0.0,master,valid_observed_phase_at_origin,BASE,calibration,1,13,spectral_core,local_partition_rf,0,0.06,0,0.2
635,2018-06,2018-02,4,0,True,0.0,master,valid_observed_phase_at_origin,BASE,calibration,1,13,spectral_core,local_partition_rf,0,0.06,0,0.19
636,2018-06,2018-02,4,1,True,0.0,master,valid_observed_phase_at_origin,BASE,calibration,1,9,spectral_core,local_partition_rf,0,0.4,0,0.48
637,2018-06,2018-02,4,0,True,0.0,master,valid_observed_phase_at_origin,BASE,calibration,1,13,spectral_core,local_partition_rf,0,0.06,0,0.17
638,2018-06,2018-02,4,0,True,0.0,master,valid_observed_phase_at_origin,BASE,calibration,1,13,spectral_core,local_partition_rf,0,0.05,0,0.18
639,2018-06,2018-02,4,1,True,0.0,master,valid_observed_phase_at_origin,BASE,calibration,1,9,spectral_core,local_partition_rf,0,0.33,0,0.42
640,2018-06,2018-02,4,0,True,0.0,master,valid_observed_phase_at_origin,BASE,calibration,1,13,spectral_core,local_partition_rf,0,0.05,0,0.17
641,2018-06,2018-02,4,1,True,0.0,master,valid_observed_phase_at_origin,BASE,calibration,1,13,spectral_core,local_partition_rf,0,0.05,0,0.28
642,2018-06,2018-02,4,0,True,0.0,master,valid_observed_phase_at_origin,BASE,calibration,1,13,spectral_core,local_partition_rf,0,0.05,0,0.22
643,2018-06,2018-02,4,1,True,0.0,master,valid_observed_phase_at_origin,BASE,calibration,1,9,spectral_core,local_partition_rf,0,0.26,0,0.39
644,2018-06,2018-02,4,0,True,0.0,master,valid_observed_phase_at_origin,BASE,calibration,1,13,spectral_core,local_partition_rf,0,0.06,0,0.25
645,2018-06,2018-02,4,1,True,0.0,master,valid_observed_phase_at_origin,BASE,calibration,1,13,spectral_core,local_partition_rf,0,0.07,0,0.24
646,2018-06,2018-02,4,0,True,0.0,master,valid_observed_phase_at_origin,BASE,calibration,1,13,spectral_core,local_partition_rf,0,0.05,0,0.18
647,2018-06,2018-02,4,1,True,0.0,master,valid_observed_phase_at_origin,BASE,calibration,1,9,spectral_core,local_partition_rf,0,0.27,0,0.35
648,2018-06,2018-02,4,0,True,0.0,master,valid_observed_phase_at_origin,BASE,calibration,1,13,spectral_core,local_partition_rf,0,0.08,0,0.2
649,2018-06,2018-02,4,0,True,0.0,master,valid_observed_phase_at_origin,BASE,calibration,1,13,spectral_core,local_partition_rf,0,0.06,0,0.2
650,2018-06,2018-02,4,0,True,0.0,master,valid_observed_phase_at_origin,BASE,calibration,1,13,spectral_core,local_partition_rf,0,0.05,0,0.21
651,2018-06,2018-02,4,0,True,0.0,master,valid_observed_phase_at_origin,BASE,calibration,1,9,spectral_core,local_partition_rf,0,0.03,0,0.23
652,2018-06,2018-02,4,1,True,0.0,master,valid_observed_phase_at_origin,BASE,calibration,1,9,spectral_core,local_partition_rf,0,0.14,0,0.22
653,2018-06,2018-02,4,0,True,0.0,master,valid_observed_phase_at_origin,BASE,calibration,1,13,spectral_core,local_partition_rf,0,0.07,0,0.23
654,2018-06,2018-02,4,1,True,0.0,master,valid_observed_phase_at_origin,BASE,calibration,1,9,spectral_core,local_partition_rf,0,0.08,0,0.23
655,2018-06,2018-02,4,1,True,0.0,master,valid_observed_phase_at_origin,BASE,calibration,1,9,spectral_core,local_partition_rf,0,0.04,0,0.23
656,2018-06,2018-02,4,0,True,0.0,master,valid_observed_phase_at_origin,BASE,calibration,1,9,spectral_core,local_partition_rf,0,0.03,0,0.22
657,2018-06,2018-02,4,1,True,0.0,master,valid_observed_phase_at_origin,BASE,calibration,1,9,spectral_core,local_partition_rf,0,0.03,0,0.27
658,2018-06,2018-02,4,0,True,0.0,master,valid_observed_phase_at_origin,BASE,calibration,1,9,spectral_core,local_partition_rf,0,0.03,0,0.19
659,2018-06,2018-02,4,1,True,0.0,master,valid_observed_phase_at_origin,BASE,calibration,1,9,spectral_core,local_partition_rf,0,0.03,0,0.24
660,2018-06,2018-02,4,0,True,0.0,master,valid_observed_phase_at_origin,BASE,calibration,1,9,spectral_core,local_partition_rf,0,0.03,0,0.22
661,2018-06,2018-02,4,0,True,0.0,master,valid_observed_phase_at_origin,BASE,calibration,1,9,spectral_core,local_partition_rf,0,0.03,0,0.23
662,2018-06,2018-02,4,0,True,0.0,master,valid_observed_phase_at_origin,BASE,calibration,1,9,spectral_core,local_partition_rf,0,0.03,0,0.24
663,2018-06,2018-02,4,0,True,0.0,master,valid_observed_phase_at_origin,BASE,calibration,1,9,spectral_core,local_partition_rf,0,0.03,0,0.26
664,2018-06,2018-02,4,0,True,0.0,master,valid_observed_phase_at_origin,BASE,calibration,1,9,spectral_core,local_partition_rf,0,0.05,0,0.23
665,2018-06,2018-02,4,0,True,0.0,master,valid_observed_phase_at_origin,BASE,calibration,1,9,spectral_core,local_partition_rf,0,0.03,0,0.2
666,2018-06,2018-02,4,0,True,0.0,master,valid_observed_phase_at_origin,BASE,calibration,1,9,spectral_core,local_partition_rf,0,0.03,0,0.22
667,2018-06,2018-02,4,0,True,0.0,master,valid_observed_phase_at_origin,BASE,calibration,1,9,spectral_core,local_partition_rf,0,0.03,0,0.22
668,2018-06,2018-02,4,0,True,0.0,master,valid_observed_phase_at_origin,BASE,calibration,1,9,spectral_core,local_partition_rf,0,0.04,0,0.23
669,2018-06,2018-02,4,0,True,0.0,master,valid_observed_phase_at_origin,BASE,calibration,1,9,spectral_core,local_partition_rf,0,0.03,0,0.19
670,2018-06,2018-02,4,0,True,0.0,master,valid_observed_phase_at_origin,BASE,calibration,1,9,spectral_core,local_partition_rf,0,0.04,0,0.2
671,2018-06,2018-02,4,0,True,0.0,master,valid_observed_phase_at_origin,BASE,calibration,1,9,spectral_core,local_partition_rf,0,0.03,0,0.24
672,2018-06,2018-02,4,0,True,0.0,master,valid_observed_phase_at_origin,BASE,calibration,1,9,spectral_core,local_partition_rf,0,0.03,0,0.24
673,2018-06,2018-02,4,0,True,0.0,master,valid_observed_phase_at_origin,BASE,calibration,1,9,spectral_core,local_partition_rf,0,0.03,0,0.24
674,2018-06,2018-02,4,0,True,0.0,master,valid_observed_phase_at_origin,BASE,calibration,1,9,spectral_core,local_partition_rf,0,0.03,0,0.26
675,2018-06,2018-02,4,0,True,0.0,master,valid_observed_phase_at_origin,BASE,calibration,1,9,spectral_core,local_partition_rf,0,0.03,0,0.25
676,2018-06,2018-02,4,1,True,0.0,master,valid_observed_phase_at_origin,BASE,calibration,1,9,spectral_core,local_partition_rf,0,0.03,0,0.19
677,2018-06,2018-02,4,0,True,0.0,master,valid_observed_phase_at_origin,BASE,calibration,1,9,spectral_core,local_partition_rf,0,0.03,0,0.27
678,2018-06,2018-02,4,1,True,0.0,master,valid_observed_phase_at_origin,BASE,calibration,1,9,spectral_core,local_partition_rf,0,0.03,0,0.24
679,2018-06,2018-02,4,0,True,0.0,master,valid_observed_phase_at_origin,BASE,calibration,1,9,spectral_core,local_partition_rf,0,0.03,0,0.22
680,2018-06,2018-02,4,0,True,0.0,master,valid_observed_phase_at_origin,BASE,calibration,1,9,spectral_core,local_partition_rf,0,0.03,0,0.23
681,2018-06,2018-02,4,0,True,0.0,master,valid_observed_phase_at_origin,BASE,calibration,1,9,spectral_core,local_partition_rf,0,0.03,0,0.22
682,2018-06,2018-02,4,0,True,0.0,master,valid_observed_phase_at_origin,BASE,calibration,1,9,spectral_core,local_partition_rf,0,0.03,0,0.26
683,2018-06,2018-02,4,1,True,0.0,master,valid_observed_phase_at_origin,BASE,calibration,1,9,spectral_core,local_partition_rf,0,0.05,0,0.29
684,2018-06,2018-02,4,0,True,0.0,master,valid_observed_phase_at_origin,BASE,calibration,1,9,spectral_core,local_partition_rf,0,0.03,0,0.19
685,2018-06,2018-02,4,1,True,0.0,master,valid_observed_phase_at_origin,BASE,calibration,1,9,spectral_core,local_partition_rf,0,0.03,0,0.23
686,2018-06,2018-02,4,0,True,0.0,master,valid_observed_phase_at_origin,BASE,calibration,1,9,spectral_core,local_partition_rf,0,0.05,0,0.21
687,2018-06,2018-02,4,0,True,0.0,master,valid_observed_phase_at_origin,BASE,calibration,1,13,spectral_core,local_partition_rf,0,0.04,0,0.24
688,2018-06,2018-02,4,1,True,0.0,master,valid_observed_phase_at_origin,BASE,calibration,1,9,spectral_core,local_partition_rf,0,0.04,0,0.21
689,2018-06,2018-02,4,0,True,0.0,master,valid_observed_phase_at_origin,BASE,calibration,1,9,spectral_core,local_partition_rf,0,0.04,0,0.19
690,2018-06,2018-02,4,1,True,0.0,master,valid_observed_phase_at_origin,BASE,calibration,1,9,spectral_core,local_partition_rf,0,0.23,0,0.35
691,2018-06,2018-02,4,0,True,0.0,master,valid_observed_phase_at_origin,BASE,calibration,1,13,spectral_core,local_partition_rf,0,0.05,0,0.23
692,2018-06,2018-02,4,1,True,0.0,master,valid_observed_phase_at_origin,BASE,calibration,1,9,spectral_core,local_partition_rf,0,0.07,0,0.19
693,2018-06,2018-02,4,1,True,0.0,master,valid_observed_phase_at_origin,BASE,calibration,1,13,spectral_core,local_partition_rf,0,0.05,0,0.25
694,2018-06,2018-02,4,0,True,0.0,master,valid_observed_phase_at_origin,BASE,calibration,1,13,spectral_core,local_partition_rf,0,0.06,0,0.19
695,2018-06,2018-02,4,1,True,0.0,master,valid_observed_phase_at_origin,BASE,calibration,1,9,spectral_core,local_partition_rf,0,0.02,0,0.23
696,2018-06,2018-02,4,1,True,0.0,master,valid_observed_phase_at_origin,BASE,calibration,1,9,spectral_core,local_partition_rf,0,0.02,0,0.22
697,2018-06,2018-02,4,1,True,0.0,master,valid_observed_phase_at_origin,BASE,calibration,1,9,spectral_core,local_partition_rf,0,0.06,0,0.17
698,2018-06,2018-02,4,0,True,0.0,master,valid_observed_phase_at_origin,BASE,calibration,1,9,spectral_core,local_partition_rf,0,0.04,0,0.24
699,2018-06,2018-02,4,1,True,0.0,master,valid_observed_phase_at_origin,BASE,calibration,1,9,spectral_core,local_partition_rf,0,0.31,0,0.41
700,2018-06,2018-02,4,1,True,0.0,master,valid_observed_phase_at_origin,BASE,calibration,1,9,spectral_core,local_partition_rf,0,0.04,0,0.22
701,2018-06,2018-02,4,1,True,0.0,master,valid_observed_phase_at_origin,BASE,calibration,1,9,spectral_core,local_partition_rf,0,0.2,0,0.38
702,2018-06,2018-02,4,1,True,0.0,master,valid_observed_phase_at_origin,BASE,calibration,1,9,spectral_core,local_partition_rf,0,0.28,0,0.29
703,2018-06,2018-02,4,1,True,0.0,master,valid_observed_phase_at_origin,BASE,calibration,1,9,spectral_core,local_partition_rf,0,0.06,0,0.22
704,2018-06,2018-02,4,1,True,0.0,master,valid_observed_phase_at_origin,BASE,calibration,1,9,spectral_core,local_partition_rf,0,0.03,0,0.24
705,2018-06,2018-02,4,0,True,0.0,master,valid_observed_phase_at_origin,BASE,calibration,1,9,spectral_core,local_partition_rf,0,0.03,0,0.24
706,2018-06,2018-02,4,0,True,0.0,master,valid_observed_phase_at_origin,BASE,calibration,1,13,spectral_core,local_partition_rf,0,0.06,0,0.21
707,2018-06,2018-02,4,1,True,0.0,master,valid_observed_phase_at_origin,BASE,calibration,1,9,spectral_core,local_partition_rf,0,0.08,0,0.27
708,2018-06,2018-02,4,0,True,0.0,master,valid_observed_phase_at_origin,BASE,calibration,1,9,spectral_core,local_partition_rf,0,0.04,0,0.23
709,2018-06,2018-02,4,1,True,0.0,master,valid_observed_phase_at_origin,BASE,calibration,1,13,spectral_core,local_partition_rf,0,0.06,0,0.18
710,2018-06,2018-02,4,1,True,0.0,master,valid_observed_phase_at_origin,BASE,calibration,1,9,spectral_core,local_partition_rf,0,0.07,0,0.27
711,2018-06,2018-02,4,1,True,0.0,master,valid_observed_phase_at_origin,BASE,calibration,1,9,spectral_core,local_partition_rf,0,0.27,0,0.35
712,2018-06,2018-02,4,0,True,0.0,master,valid_observed_phase_at_origin,BASE,calibration,1,13,spectral_core,local_partition_rf,0,0.03,0,0.25
713,2018-06,2018-02,4,1,True,0.0,master,valid_observed_phase_at_origin,BASE,calibration,1,9,spectral_core,local_partition_rf,0,0.07,0,0.24
714,2018-06,2018-02,4,0,True,0.0,master,valid_observed_phase_at_origin,BASE,calibration,1,13,spectral_core,local_partition_rf,0,0.03,0,0.18
715,2018-06,2018-02,4,0,True,0.0,master,valid_observed_phase_at_origin,BASE,calibration,1,9,spectral_core,local_partition_rf,0,0.07,0,0.25
716,2018-06,2018-02,4,1,True,0.0,master,valid_observed_phase_at_origin,BASE,calibration,1,9,spectral_core,local_partition_rf,0,0.04,0,0.2
717,2018-06,2018-02,4,1,True,0.0,master,valid_observed_phase_at_origin,BASE,calibration,1,9,spectral_core,local_partition_rf,0,0.02,0,0.23
718,2018-06,2018-02,4,0,True,0.0,master,valid_observed_phase_at_origin,BASE,calibration,1,9,spectral_core,local_partition_rf,0,0.02,0,0.24
719,2018-06,2018-02,4,0,True,0.0,master,valid_observed_phase_at_origin,BASE,calibration,1,9,spectral_core,local_partition_rf,0,0.05,0,0.37
720,2018-06,2018-02,4,0,True,0.0,master,valid_observed_phase_at_origin,BASE,calibration,1,9,spectral_core,local_partition_rf,0,0.03,0,0.25
721,2018-06,2018-02,4,0,True,0.0,master,valid_observed_phase_at_origin,BASE,calibration,1,9,spectral_core,local_partition_rf,0,0.02,0,0.24
722,2018-06,2018-02,4,0,True,0.0,master,valid_observed_phase_at_origin,BASE,calibration,1,9,spectral_core,local_partition_rf,0,0.03,0,0.23
723,2018-06,2018-02,4,0,True,0.0,master,valid_observed_phase_at_origin,BASE,calibration,1,9,spectral_core,local_partition_rf,0,0.06,0,0.27
724,2018-06,2018-02,4,1,True,0.0,master,valid_observed_phase_at_origin,BASE,calibration,1,9,spectral_core,local_partition_rf,0,0.03,0,0.25
725,2018-06,2018-02,4,0,True,0.0,master,valid_observed_phase_at_origin,BASE,calibration,1,9,spectral_core,local_partition_rf,0,0.04,0,0.29
726,2018-06,2018-02,4,0,True,0.0,master,valid_observed_phase_at_origin,BASE,calibration,1,9,spectral_core,local_partition_rf,0,0.06,0,0.22
727,2018-06,2018-02,4,0,True,0.0,master,valid_observed_phase_at_origin,BASE,calibration,1,9,spectral_core,local_partition_rf,0,0.02,0,0.25
728,2018-06,2018-02,4,1,True,1.0,master,valid_observed_phase_at_origin,BASE,calibration,1,9,spectral_core,local_partition_rf,1,0.92,1,0.57
729,2018-06,2018-02,4,0,True,0.0,master,valid_observed_phase_at_origin,BASE,calibration,1,9,spectral_core,local_partition_rf,0,0.03,0,0.26
730,2018-06,2018-02,4,0,True,0.0,master,valid_observed_phase_at_origin,BASE,calibration,1,9,spectral_core,local_partition_rf,0,0.03,0,0.27
731,2018-06,2018-02,4,0,True,0.0,master,valid_observed_phase_at_origin,BASE,calibration,1,9,spectral_core,local_partition_rf,0,0.02,0,0.24
732,2018-06,2018-02,4,0,True,0.0,master,valid_observed_phase_at_origin,BASE,calibration,1,14,spectral_core,local_partition_rf,0,0.01,0,0.15
733,2018-06,2018-02,4,0,True,0.0,master,valid_observed_phase_at_origin,BASE,calibration,1,14,spectral_core,local_partition_rf,0,0.02,0,0.11
734,2018-06,2018-02,4,0,True,0.0,master,valid_observed_phase_at_origin,BASE,calibration,1,14,spectral_core,local_partition_rf,0,0.13,0,0.11
735,2018-06,2018-02,4,0,True,0.0,master,valid_observed_phase_at_origin,BASE,calibration,1,14,spectral_core,local_partition_rf,0,0.45,0,0.38
736,2018-06,2018-02,4,0,True,0.0,master,valid_observed_phase_at_origin,BASE,calibration,1,14,spectral_core,local_partition_rf,0,0.47,0,0.37
737,2018-06,2018-02,4,0,True,0.0,master,valid_observed_phase_at_origin,BASE,calibration,1,14,spectral_core,local_partition_rf,1,0.52,0,0.42
738,2018-06,2018-02,4,0,True,0.0,master,valid_observed_phase_at_origin,BASE,calibration,1,14,spectral_core,local_partition_rf,0,0.06,0,0.11
739,2018-06,2018-02,4,1,True,1.0,master,valid_observed_phase_at_origin,BASE,calibration,1,14,spectral_core,local_partition_rf,1,0.98,1,0.77
740,2018-06,2018-02,4,1,True,1.0,master,valid_observed_phase_at_origin,BASE,calibration,1,14,spectral_core,local_partition_rf,1,0.99,1,0.78
741,2018-06,2018-02,4,0,True,0.0,master,valid_observed_phase_at_origin,BASE,calibration,1,14,spectral_core,local_partition_rf,0,0.43,0,0.39
742,2018-06,2018-02,4,0,True,1.0,master,valid_observed_phase_at_origin,BASE,calibration,1,14,spectral_core,local_partition_rf,1,0.97,1,0.71
743,2018-06,2018-02,4,0,True,0.0,master,valid_observed_phase_at_origin,BASE,calibration,1,6,spectral_core,pooled_partition_below_support_gate,0,0.07,0,0.07
744,2018-06,2018-02,4,1,True,1.0,master,valid_observed_phase_at_origin,BASE,calibration,1,14,spectral_core,local_partition_rf,1,0.91,1,0.68
745,2018-06,2018-02,4,1,True,1.0,master,valid_observed_phase_at_origin,BASE,calibration,1,14,spectral_core,local_partition_rf,1,0.94,1,0.7
746,2018-06,2018-02,4,1,True,1.0,master,valid_observed_phase_at_origin,BASE,calibration,1,14,spectral_core,local_partition_rf,1,1.0,1,0.76
747,2018-06,2018-02,4,1,True,1.0,master,valid_observed_phase_at_origin,BASE,calibration,1,14,spectral_core,local_partition_rf,1,0.99,1,0.71
748,2018-06,2018-02,4,1,True,1.0,master,valid_observed_phase_at_origin,BASE,calibration,1,14,spectral_core,local_partition_rf,1,0.94,1,0.73
749,2018-06,2018-02,4,1,True,1.0,master,valid_observed_phase_at_origin,BASE,calibration,1,14,spectral_core,local_partition_rf,1,0.97,1,0.71
750,2018-06,2018-02,4,1,True,1.0,master,valid_observed_phase_at_origin,BASE,calibration,1,14,spectral_core,local_partition_rf,1,0.97,1,0.62
751,2018-06,2018-02,4,0,True,0.0,master,valid_observed_phase_at_origin,BASE,calibration,1,14,spectral_core,local_partition_rf,0,0.41,0,0.35
752,2018-06,2018-02,4,1,True,1.0,master,valid_observed_phase_at_origin,BASE,calibration,1,14,spectral_core,local_partition_rf,1,0.97,1,0.74
753,2018-06,2018-02,4,0,True,0.0,master,valid_observed_phase_at_origin,BASE,calibration,1,14,spectral_core,local_partition_rf,1,0.52,0,0.36
754,2018-06,2018-02,4,0,True,0.0,master,valid_observed_phase_at_origin,BASE,calibration,1,14,spectral_core,local_partition_rf,1,0.77,1,0.57
755,2018-06,2018-02,4,0,True,0.0,master,valid_observed_phase_at_origin,BASE,calibration,1,6,spectral_core,pooled_partition_below_support_gate,0,0.04,0,0.04
756,2018-06,2018-02,4,0,True,0.0,master,valid_observed_phase_at_origin,BASE,calibration,1,6,spectral_core,pooled_partition_below_support_gate,0,0.05,0,0.05
757,2018-06,2018-02,4,0,True,0.0,master,valid_observed_phase_at_origin,BASE,calibration,1,6,spectral_core,pooled_partition_below_support_gate,0,0.04,0,0.04
758,2018-06,2018-02,4,0,True,0.0,master,valid_observed_phase_at_origin,BASE,calibration,1,6,spectral_core,pooled_partition_below_support_gate,0,0.03,0,0.03
759,2018-06,2018-02,4,0,True,0.0,master,valid_observed_phase_at_origin,BASE,calibration,1,6,spectral_core,pooled_partition_below_support_gate,0,0.04,0,0.04
760,2018-06,2018-02,4,0,True,0.0,master,valid_observed_phase_at_origin,BASE,calibration,1,6,spectral_core,pooled_partition_below_support_gate,0,0.07,0,0.07
761,2018-06,2018-02,4,0,True,0.0,master,valid_observed_phase_at_origin,BASE,calibration,1,6,spectral_core,pooled_partition_below_support_gate,0,0.03,0,0.03
762,2018-06,2018-02,4,0,True,0.0,master,valid_observed_phase_at_origin,BASE,calibration,1,6,spectral_core,pooled_partition_below_support_gate,0,0.03,0,0.03
763,2018-06,2018-02,4,0,True,0.0,master,valid_observed_phase_at_origin,BASE,calibration,1,6,spectral_core,pooled_partition_below_support_gate,0,0.02,0,0.02
764,2018-06,2018-02,4,0,True,0.0,master,valid_observed_phase_at_origin,BASE,calibration,1,6,spectral_core,pooled_partition_below_support_gate,0,0.07,0,0.07
765,2018-06,2018-02,4,0,True,0.0,master,valid_observed_phase_at_origin,BASE,calibration,1,6,spectral_core,pooled_partition_below_support_gate,0,0.01,0,0.01
766,2018-06,2018-02,4,0,True,0.0,master,valid_observed_phase_at_origin,BASE,calibration,1,6,spectral_core,pooled_partition_below_support_gate,0,0.0,0,0.0
767,2018-06,2018-02,4,0,True,0.0,master,valid_observed_phase_at_origin,BASE,calibration,1,6,spectral_core,pooled_partition_below_support_gate,0,0.02,0,0.02
768,2018-06,2018-02,4,0,True,0.0,master,valid_observed_phase_at_origin,BASE,calibration,1,6,spectral_core,pooled_partition_below_support_gate,0,0.01,0,0.01
769,2018-06,2018-02,4,0,True,0.0,master,valid_observed_phase_at_origin,BASE,calibration,1,6,spectral_core,pooled_partition_below_support_gate,0,0.01,0,0.01
770,2018-06,2018-02,4,0,True,0.0,master,valid_observed_phase_at_origin,BASE,calibration,1,14,spectral_core,local_partition_rf,0,0.01,0,0.01
771,2018-06,2018-02,4,0,True,0.0,master,valid_observed_phase_at_origin,BASE,calibration,1,14,spectral_core,local_partition_rf,0,0.04,0,0.23
772,2018-06,2018-02,4,0,True,0.0,master,valid_observed_phase_at_origin,BASE,calibration,1,14,spectral_core,local_partition_rf,0,0.06,0,0.18
773,2018-06,2018-02,4,0,True,0.0,master,valid_observed_phase_at_origin,BASE,calibration,1,14,spectral_core,local_partition_rf,0,0.15,0,0.25
774,2018-06,2018-02,4,0,True,0.0,master,valid_observed_phase_at_origin,BASE,calibration,1,14,spectral_core,local_partition_rf,0,0.07,0,0.14
775,2018-06,2018-02,4,0,True,0.0,master,valid_observed_phase_at_origin,BASE,calibration,1,14,spectral_core,local_partition_rf,0,0.06,0,0.19
776,2018-06,2018-02,4,0,True,0.0,master,valid_observed_phase_at_origin,BASE,calibration,1,14,spectral_core,local_partition_rf,0,0.07,0,0.2
777,2018-06,2018-02,4,0,True,0.0,master,valid_observed_phase_at_origin,BASE,calibration,1,14,spectral_core,local_partition_rf,0,0.17,0,0.25
778,2018-06,2018-02,4,0,True,0.0,master,valid_observed_phase_at_origin,BASE,calibration,1,6,spectral_core,pooled_partition_below_support_gate,0,0.0,0,0.0
779,2018-06,2018-02,4,0,True,0.0,master,valid_observed_phase_at_origin,BASE,calibration,1,6,spectral_core,pooled_partition_below_support_gate,0,0.07,0,0.07
780,2018-06,2018-02,4,0,True,0.0,master,valid_observed_phase_at_origin,BASE,calibration,1,14,spectral_core,local_partition_rf,0,0.01,0,0.13
781,2018-06,2018-02,4,0,True,0.0,master,valid_observed_phase_at_origin,BASE,calibration,1,14,spectral_core,local_partition_rf,0,0.11,0,0.27
782,2018-06,2018-02,4,0,True,0.0,master,valid_observed_phase_at_origin,BASE,calibration,1,14,spectral_core,local_partition_rf,0,0.16,0,0.28
783,2018-06,2018-02,4,0,True,0.0,master,valid_observed_phase_at_origin,BASE,calibration,1,14,spectral_core,local_partition_rf,0,0.15,0,0.29
784,2018-06,2018-02,4,0,True,0.0,master,valid_observed_phase_at_origin,BASE,calibration,1,14,spectral_core,local_partition_rf,0,0.01,0,0.08
785,2018-06,2018-02,4,0,True,0.0,master,valid_observed_phase_at_origin,BASE,calibration,1,14,spectral_core,local_partition_rf,0,0.09,0,0.21
786,2018-06,2018-02,4,0,True,0.0,master,valid_observed_phase_at_origin,BASE,calibration,1,14,spectral_core,local_partition_rf,0,0.08,0,0.2
787,2018-06,2018-02,4,0,True,0.0,master,valid_observed_phase_at_origin,BASE,calibration,1,14,spectral_core,local_partition_rf,0,0.0,0,0.09
788,2018-06,2018-02,4,0,True,0.0,master,valid_observed_phase_at_origin,BASE,calibration,1,14,spectral_core,local_partition_rf,0,0.04,0,0.15
789,2018-06,2018-02,4,0,True,0.0,master,valid_observed_phase_at_origin,BASE,calibration,1,6,spectral_core,pooled_partition_below_support_gate,0,0.12,0,0.12
790,2018-06,2018-02,4,0,True,0.0,master,valid_observed_phase_at_origin,BASE,calibration,1,14,spectral_core,local_partition_rf,0,0.0,0,0.16
791,2018-06,2018-02,4,0,True,0.0,master,valid_observed_phase_at_origin,BASE,calibration,1,6,spectral_core,pooled_partition_below_support_gate,0,0.02,0,0.02
792,2018-06,2018-02,4,0,True,0.0,master,valid_observed_phase_at_origin,BASE,calibration,1,6,spectral_core,pooled_partition_below_support_gate,0,0.04,0,0.04
793,2018-06,2018-02,4,0,True,0.0,master,valid_observed_phase_at_origin,BASE,calibration,1,14,spectral_core,local_partition_rf,0,0.0,0,0.05
794,2018-06,2018-02,4,0,True,0.0,master,valid_observed_phase_at_origin,BASE,calibration,1,14,spectral_core,local_partition_rf,0,0.01,0,0.06
795,2018-06,2018-02,4,0,True,0.0,master,valid_observed_phase_at_origin,BASE,calibration,1,6,spectral_core,pooled_partition_below_support_gate,0,0.04,0,0.04
796,2018-06,2018-02,4,0,True,0.0,master,valid_observed_phase_at_origin,BASE,calibration,1,6,spectral_core,pooled_partition_below_support_gate,0,0.04,0,0.04
797,2018-06,2018-02,4,0,True,0.0,master,valid_observed_phase_at_origin,BASE,calibration,1,6,spectral_core,pooled_partition_below_support_gate,0,0.04,0,0.04
798,2018-06,2018-02,4,0,True,0.0,master,valid_observed_phase_at_origin,BASE,calibration,1,14,spectral_core,local_partition_rf,0,0.02,0,0.07
799,2018-06,2018-02,4,0,True,0.0,master,valid_observed_phase_at_origin,BASE,calibration,1,6,spectral_core,pooled_partition_below_support_gate,0,0.05,0,0.05
800,2018-06,2018-02,4,0,True,0.0,master,valid_observed_phase_at_origin,BASE,calibration,1,6,spectral_core,pooled_partition_below_support_gate,0,0.05,0,0.05
801,2018-06,2018-02,4,0,True,0.0,master,valid_observed_phase_at_origin,BASE,calibration,1,14,spectral_core,local_partition_rf,0,0.04,0,0.18
802,2018-06,2018-02,4,0,True,0.0,master,valid_observed_phase_at_origin,BASE,calibration,1,6,spectral_core,pooled_partition_below_support_gate,0,0.02,0,0.02
803,2018-06,2018-02,4,0,True,0.0,master,valid_observed_phase_at_origin,BASE,calibration,1,6,spectral_core,pooled_partition_below_support_gate,0,0.0,0,0.0
804,2018-06,2018-02,4,0,True,0.0,master,valid_observed_phase_at_origin,BASE,calibration,1,6,spectral_core,pooled_partition_below_support_gate,0,0.02,0,0.02
805,2018-06,2018-02,4,0,True,0.0,master,valid_observed_phase_at_origin,BASE,calibration,1,14,spectral_core,local_partition_rf,0,0.0,0,0.07
806,2018-06,2018-02,4,1,True,1.0,master,valid_observed_phase_at_origin,BASE,calibration,1,14,spectral_core,local_partition_rf,1,0.98,1,0.77
807,2018-06,2018-02,4,1,True,1.0,master,valid_observed_phase_at_origin,BASE,calibration,1,14,spectral_core,local_partition_rf,1,0.98,1,0.73
808,2018-06,2018-02,4,1,True,1.0,master,valid_observed_phase_at_origin,BASE,calibration,1,14,spectral_core,local_partition_rf,1,0.95,1,0.74
809,2018-06,2018-02,4,1,True,1.0,master,valid_observed_phase_at_origin,BASE,calibration,1,14,spectral_core,local_partition_rf,1,0.97,1,0.77
810,2018-06,2018-02,4,1,True,1.0,master,valid_observed_phase_at_origin,BASE,calibration,1,14,spectral_core,local_partition_rf,1,0.95,1,0.72
811,2018-06,2018-02,4,1,True,1.0,master,valid_observed_phase_at_origin,BASE,calibration,1,14,spectral_core,local_partition_rf,1,0.97,1,0.74
812,2018-06,2018-02,4,1,True,1.0,master,valid_observed_phase_at_origin,BASE,calibration,1,14,spectral_core,local_partition_rf,1,0.97,1,0.75
813,2018-06,2018-02,4,0,True,0.0,master,valid_observed_phase_at_origin,BASE,calibration,1,6,spectral_core,pooled_partition_below_support_gate,0,0.07,0,0.07
814,2018-06,2018-02,4,0,True,0.0,master,valid_observed_phase_at_origin,BASE,calibration,1,14,spectral_core,local_partition_rf,0,0.06,0,0.18
815,2018-06,2018-02,4,0,True,0.0,master,valid_observed_phase_at_origin,BASE,calibration,1,6,spectral_core,pooled_partition_below_support_gate,0,0.08,0,0.08
816,2018-06,2018-02,4,0,True,0.0,master,valid_observed_phase_at_origin,BASE,calibration,1,6,spectral_core,pooled_partition_below_support_gate,0,0.03,0,0.03
817,2018-06,2018-02,4,0,True,0.0,master,valid_observed_phase_at_origin,BASE,calibration,1,6,spectral_core,pooled_partition_below_support_gate,0,0.02,0,0.02
818,2018-06,2018-02,4,0,True,0.0,master,valid_observed_phase_at_origin,BASE,calibration,1,6,spectral_core,pooled_partition_below_support_gate,0,0.07,0,0.07
819,2018-06,2018-02,4,0,True,0.0,master,valid_observed_phase_at_origin,BASE,calibration,1,6,spectral_core,pooled_partition_below_support_gate,0,0.05,0,0.05
820,2018-06,2018-02,4,0,True,0.0,master,valid_observed_phase_at_origin,BASE,calibration,1,6,spectral_core,pooled_partition_below_support_gate,0,0.03,0,0.03
821,2018-06,2018-02,4,0,True,0.0,master,valid_observed_phase_at_origin,BASE,calibration,1,6,spectral_core,pooled_partition_below_support_gate,0,0.04,0,0.04
822,2018-06,2018-02,4,0,True,0.0,master,valid_observed_phase_at_origin,BASE,calibration,1,6,spectral_core,pooled_partition_below_support_gate,0,0.09,0,0.09
823,2018-06,2018-02,4,0,True,0.0,master,valid_observed_phase_at_origin,BASE,calibration,1,14,spectral_core,local_partition_rf,0,0.01,0,0.12
824,2018-06,2018-02,4,0,True,0.0,master,valid_observed_phase_at_origin,BASE,calibration,1,14,spectral_core,local_partition_rf,0,0.0,0,0.06
825,2018-06,2018-02,4,0,True,0.0,master,valid_observed_phase_at_origin,BASE,calibration,1,14,spectral_core,local_partition_rf,0,0.05,0,0.17
826,2018-06,2018-02,4,0,True,0.0,master,valid_observed_phase_at_origin,BASE,calibration,1,14,spectral_core,local_partition_rf,0,0.0,0,0.18
827,2018-06,2018-02,4,0,True,0.0,master,valid_observed_phase_at_origin,BASE,calibration,1,6,spectral_core,pooled_partition_below_support_gate,0,0.06,0,0.06
828,2018-06,2018-02,4,0,True,0.0,master,valid_observed_phase_at_origin,BASE,calibration,1,6,spectral_core,pooled_partition_below_support_gate,0,0.06,0,0.06
829,2018-06,2018-02,4,0,True,0.0,master,valid_observed_phase_at_origin,BASE,calibration,1,14,spectral_core,local_partition_rf,0,0.48,1,0.51
830,2018-06,2018-02,4,0,True,0.0,master,valid_observed_phase_at_origin,BASE,calibration,1,14,spectral_core,local_partition_rf,0,0.11,0,0.04
831,2018-06,2018-02,4,0,True,0.0,master,valid_observed_phase_at_origin,BASE,calibration,1,6,spectral_core,pooled_partition_below_support_gate,0,0.06,0,0.06
832,2018-06,2018-02,4,0,True,0.0,master,valid_observed_phase_at_origin,BASE,calibration,1,6,spectral_core,pooled_partition_below_support_gate,0,0.06,0,0.06
833,2018-06,2018-02,4,0,True,0.0,master,valid_observed_phase_at_origin,BASE,calibration,1,6,spectral_core,pooled_partition_below_support_gate,0,0.03,0,0.03
834,2018-06,2018-02,4,0,True,0.0,master,valid_observed_phase_at_origin,BASE,calibration,1,6,spectral_core,pooled_partition_below_support_gate,0,0.05,0,0.05
835,2018-06,2018-02,4,0,True,0.0,master,valid_observed_phase_at_origin,BASE,calibration,1,6,spectral_core,pooled_partition_below_support_gate,0,0.09,0,0.09
836,2018-06,2018-02,4,0,True,0.0,master,valid_observed_phase_at_origin,BASE,calibration,1,6,spectral_core,pooled_partition_below_support_gate,0,0.09,0,0.09
837,2018-06,2018-02,4,0,True,0.0,master,valid_observed_phase_at_origin,BASE,calibration,1,6,spectral_core,pooled_partition_below_support_gate,0,0.07,0,0.07
838,2018-06,2018-02,4,0,True,0.0,master,valid_observed_phase_at_origin,BASE,calibration,1,6,spectral_core,pooled_partition_below_support_gate,0,0.02,0,0.02
839,2018-06,2018-02,4,0,True,0.0,master,valid_observed_phase_at_origin,BASE,calibration,1,6,spectral_core,pooled_partition_below_support_gate,0,0.05,0,0.05
840,2018-06,2018-02,4,0,True,0.0,master,valid_observed_phase_at_origin,BASE,calibration,1,6,spectral_core,pooled_partition_below_support_gate,0,0.06,0,0.06
841,2018-06,2018-02,4,0,True,0.0,master,valid_observed_phase_at_origin,BASE,calibration,1,6,spectral_core,pooled_partition_below_support_gate,0,0.02,0,0.02
842,2018-06,2018-02,4,0,True,0.0,master,valid_observed_phase_at_origin,BASE,calibration,1,6,spectral_core,pooled_partition_below_support_gate,0,0.05,0,0.05
843,2018-06,2018-02,4,0,True,0.0,master,valid_observed_phase_at_origin,BASE,calibration,1,6,spectral_core,pooled_partition_below_support_gate,0,0.06,0,0.06
844,2018-06,2018-02,4,0,True,0.0,master,valid_observed_phase_at_origin,BASE,calibration,1,6,spectral_core,pooled_partition_below_support_gate,0,0.03,0,0.03
845,2018-06,2018-02,4,0,True,0.0,master,valid_observed_phase_at_origin,BASE,calibration,1,6,spectral_core,pooled_partition_below_support_gate,0,0.05,0,0.05
846,2018-06,2018-02,4,0,True,0.0,master,valid_observed_phase_at_origin,BASE,calibration,1,6,spectral_core,pooled_partition_below_support_gate,0,0.06,0,0.06
847,2018-06,2018-02,4,0,True,0.0,master,valid_observed_phase_at_origin,BASE,calibration,1,6,spectral_core,pooled_partition_below_support_gate,0,0.07,0,0.07
848,2018-06,2018-02,4,0,True,0.0,master,valid_observed_phase_at_origin,BASE,calibration,1,6,spectral_core,pooled_partition_below_support_gate,0,0.02,0,0.02
849,2018-06,2018-02,4,0,True,0.0,master,valid_observed_phase_at_origin,BASE,calibration,1,6,spectral_core,pooled_partition_below_support_gate,0,0.06,0,0.06
850,2018-06,2018-02,4,0,True,0.0,master,valid_observed_phase_at_origin,BASE,calibration,1,6,spectral_core,pooled_partition_below_support_gate,0,0.04,0,0.04
851,2018-06,2018-02,4,0,True,0.0,master,valid_observed_phase_at_origin,BASE,calibration,1,6,spectral_core,pooled_partition_below_support_gate,0,0.07,0,0.07
852,2018-06,2018-02,4,0,True,0.0,master,valid_observed_phase_at_origin,BASE,calibration,1,6,spectral_core,pooled_partition_below_support_gate,0,0.06,0,0.06
853,2018-06,2018-02,4,0,True,0.0,master,valid_observed_phase_at_origin,BASE,calibration,1,6,spectral_core,pooled_partition_below_support_gate,0,0.02,0,0.02
854,2018-06,2018-02,4,0,True,0.0,master,valid_observed_phase_at_origin,BASE,calibration,1,6,spectral_core,pooled_partition_below_support_gate,0,0.02,0,0.02
855,2018-06,2018-02,4,0,True,0.0,master,valid_observed_phase_at_origin,BASE,calibration,1,6,spectral_core,pooled_partition_below_support_gate,0,0.07,0,0.07
856,2018-06,2018-02,4,0,True,0.0,master,valid_observed_phase_at_origin,BASE,calibration,1,6,spectral_core,pooled_partition_below_support_gate,0,0.02,0,0.02
857,2018-06,2018-02,4,0,True,0.0,master,valid_observed_phase_at_origin,BASE,calibration,1,6,spectral_core,pooled_partition_below_support_gate,0,0.03,0,0.03
858,2018-06,2018-02,4,0,True,0.0,master,valid_observed_phase_at_origin,BASE,calibration,1,6,spectral_core,pooled_partition_below_support_gate,0,0.04,0,0.04
859,2018-06,2018-02,4,0,True,0.0,master,valid_observed_phase_at_origin,BASE,calibration,1,6,spectral_core,pooled_partition_below_support_gate,0,0.05,0,0.05
860,2018-06,2018-02,4,0,True,0.0,master,valid_observed_phase_at_origin,BASE,calibration,1,6,spectral_core,pooled_partition_below_support_gate,0,0.04,0,0.04
861,2018-06,2018-02,4,0,True,0.0,master,valid_observed_phase_at_origin,BASE,calibration,1,6,spectral_core,pooled_partition_below_support_gate,0,0.02,0,0.02
862,2018-06,2018-02,4,0,True,0.0,master,valid_observed_phase_at_origin,BASE,calibration,1,6,spectral_core,pooled_partition_below_support_gate,0,0.05,0,0.05
863,2018-06,2018-02,4,0,True,0.0,master,valid_observed_phase_at_origin,BASE,calibration,1,6,spectral_core,pooled_partition_below_support_gate,0,0.11,0,0.11
864,2018-06,2018-02,4,0,True,0.0,master,valid_observed_phase_at_origin,BASE,calibration,1,6,spectral_core,pooled_partition_below_support_gate,0,0.01,0,0.01
865,2018-06,2018-02,4,0,True,0.0,master,valid_observed_phase_at_origin,BASE,calibration,1,6,spectral_core,pooled_partition_below_support_gate,0,0.11,0,0.11
866,2018-06,2018-02,4,0,True,0.0,master,valid_observed_phase_at_origin,BASE,calibration,1,6,spectral_core,pooled_partition_below_support_gate,0,0.08,0,0.08
867,2018-06,2018-02,4,0,True,0.0,master,valid_observed_phase_at_origin,BASE,calibration,1,6,spectral_core,pooled_partition_below_support_gate,0,0.03,0,0.03
868,2018-06,2018-02,4,1,True,1.0,master,valid_observed_phase_at_origin,BASE,calibration,1,14,spectral_core,local_partition_rf,1,0.99,1,0.76
869,2018-06,2018-02,4,0,True,0.0,master,valid_observed_phase_at_origin,BASE,calibration,1,14,spectral_core,local_partition_rf,1,0.61,1,0.56
870,2018-06,2018-02,4,1,True,1.0,master,valid_observed_phase_at_origin,BASE,calibration,1,14,spectral_core,local_partition_rf,1,0.98,1,0.77
871,2018-06,2018-02,4,1,True,0.0,master,valid_observed_phase_at_origin,BASE,calibration,1,14,spectral_core,local_partition_rf,1,0.79,1,0.65
872,2018-06,2018-02,4,0,True,0.0,master,valid_observed_phase_at_origin,BASE,calibration,1,6,spectral_core,pooled_partition_below_support_gate,0,0.12,0,0.12
873,2018-06,2018-02,4,0,True,0.0,master,valid_observed_phase_at_origin,BASE,calibration,1,6,spectral_core,pooled_partition_below_support_gate,0,0.0,0,0.0
874,2018-06,2018-02,4,1,True,1.0,master,valid_observed_phase_at_origin,BASE,calibration,1,14,spectral_core,local_partition_rf,1,1.0,1,0.8
875,2018-06,2018-02,4,1,True,1.0,master,valid_observed_phase_at_origin,BASE,calibration,1,14,spectral_core,local_partition_rf,1,1.0,1,0.81
876,2018-06,2018-02,4,0,True,0.0,master,valid_observed_phase_at_origin,BASE,calibration,1,14,spectral_core,local_partition_rf,0,0.01,0,0.08
877,2018-06,2018-02,4,0,True,0.0,master,valid_observed_phase_at_origin,BASE,calibration,1,14,spectral_core,local_partition_rf,0,0.05,0,0.13
878,2018-06,2018-02,4,0,True,0.0,master,valid_observed_phase_at_origin,BASE,calibration,1,6,spectral_core,pooled_partition_below_support_gate,0,0.04,0,0.04
879,2018-06,2018-02,4,0,True,0.0,master,valid_observed_phase_at_origin,BASE,calibration,1,6,spectral_core,pooled_partition_below_support_gate,0,0.1,0,0.1
880,2018-06,2018-02,4,0,True,0.0,master,valid_observed_phase_at_origin,BASE,calibration,1,6,spectral_core,pooled_partition_below_support_gate,0,0.05,0,0.05
881,2018-06,2018-02,4,0,True,0.0,master,valid_observed_phase_at_origin,BASE,calibration,1,14,spectral_core,local_partition_rf,0,0.07,0,0.18
882,2018-06,2018-02,4,0,True,0.0,master,valid_observed_phase_at_origin,BASE,calibration,1,6,spectral_core,pooled_partition_below_support_gate,0,0.08,0,0.08
883,2018-06,2018-02,4,0,True,0.0,master,valid_observed_phase_at_origin,BASE,calibration,1,14,spectral_core,local_partition_rf,0,0.12,0,0.22
884,2018-06,2018-02,4,0,True,0.0,master,valid_observed_phase_at_origin,BASE,calibration,1,14,spectral_core,local_partition_rf,0,0.06,0,0.15
885,2018-06,2018-02,4,0,True,0.0,master,valid_observed_phase_at_origin,BASE,calibration,1,14,spectral_core,local_partition_rf,0,0.05,0,0.14
886,2018-06,2018-02,4,0,True,0.0,master,valid_observed_phase_at_origin,BASE,calibration,1,6,spectral_core,pooled_partition_below_support_gate,0,0.07,0,0.07
887,2018-06,2018-02,4,0,True,0.0,master,valid_observed_phase_at_origin,BASE,calibration,1,6,spectral_core,pooled_partition_below_support_gate,0,0.01,0,0.01
888,2018-06,2018-02,4,0,True,0.0,master,valid_observed_phase_at_origin,BASE,calibration,1,6,spectral_core,pooled_partition_below_support_gate,0,0.09,0,0.09
889,2018-06,2018-02,4,0,True,0.0,master,valid_observed_phase_at_origin,BASE,calibration,1,6,spectral_core,pooled_partition_below_support_gate,0,0.05,0,0.05
890,2018-06,2018-02,4,0,True,0.0,master,valid_observed_phase_at_origin,BASE,calibration,1,14,spectral_core,local_partition_rf,0,0.02,0,0.17
891,2018-06,2018-02,4,0,True,0.0,master,valid_observed_phase_at_origin,BASE,calibration,1,14,spectral_core,local_partition_rf,0,0.04,0,0.06
892,2018-06,2018-02,4,0,True,0.0,master,valid_observed_phase_at_origin,BASE,calibration,1,14,spectral_core,local_partition_rf,0,0.04,0,0.14
893,2018-06,2018-02,4,1,True,1.0,master,valid_observed_phase_at_origin,BASE,calibration,1,14,spectral_core,local_partition_rf,1,0.98,1,0.81
894,2018-06,2018-02,4,0,True,0.0,master,valid_observed_phase_at_origin,BASE,calibration,1,14,spectral_core,local_partition_rf,0,0.1,0,0.16
895,2018-06,2018-02,4,0,True,0.0,master,valid_observed_phase_at_origin,BASE,calibration,1,14,spectral_core,local_partition_rf,0,0.03,0,0.09
896,2018-06,2018-02,4,1,True,1.0,master,valid_observed_phase_at_origin,BASE,calibration,1,14,spectral_core,local_partition_rf,1,0.97,1,0.71
897,2018-06,2018-02,4,0,True,0.0,master,valid_observed_phase_at_origin,BASE,calibration,1,14,spectral_core,local_partition_rf,0,0.02,0,0.11
898,2018-06,2018-02,4,1,True,1.0,master,valid_observed_phase_at_origin,BASE,calibration,1,14,spectral_core,local_partition_rf,1,0.96,1,0.73
899,2018-06,2018-02,4,1,True,1.0,master,valid_observed_phase_at_origin,BASE,calibration,1,14,spectral_core,local_partition_rf,1,0.96,1,0.58
900,2018-06,2018-02,4,0,True,0.0,master,valid_observed_phase_at_origin,BASE,calibration,1,14,spectral_core,local_partition_rf,0,0.13,0,0.19
901,2018-06,2018-02,4,1,True,1.0,master,valid_observed_phase_at_origin,BASE,calibration,1,14,spectral_core,local_partition_rf,1,0.76,1,0.55
902,2018-06,2018-02,4,0,True,0.0,master,valid_observed_phase_at_origin,BASE,calibration,1,14,spectral_core,local_partition_rf,0,0.12,0,0.27
903,2018-06,2018-02,4,1,True,1.0,master,valid_observed_phase_at_origin,BASE,calibration,1,14,spectral_core,local_partition_rf,1,0.95,1,0.69
904,2018-06,2018-02,4,0,True,1.0,master,valid_observed_phase_at_origin,BASE,calibration,1,14,spectral_core,local_partition_rf,1,0.85,1,0.51
905,2018-06,2018-02,4,0,True,0.0,master,valid_observed_phase_at_origin,BASE,calibration,1,14,spectral_core,local_partition_rf,0,0.32,0,0.31
906,2018-06,2018-02,4,0,True,0.0,master,valid_observed_phase_at_origin,BASE,calibration,1,14,spectral_core,local_partition_rf,0,0.48,0,0.4
907,2018-06,2018-02,4,1,True,1.0,master,valid_observed_phase_at_origin,BASE,calibration,1,14,spectral_core,local_partition_rf,1,0.88,1,0.62
908,2018-06,2018-02,4,1,True,1.0,master,valid_observed_phase_at_origin,BASE,calibration,1,14,spectral_core,local_partition_rf,1,0.97,1,0.65
909,2018-06,2018-02,4,0,True,0.0,master,valid_observed_phase_at_origin,BASE,calibration,1,14,spectral_core,local_partition_rf,0,0.07,0,0.15
910,2018-06,2018-02,4,1,True,1.0,master,valid_observed_phase_at_origin,BASE,calibration,1,14,spectral_core,local_partition_rf,1,0.86,1,0.52
911,2018-06,2018-02,4,1,True,1.0,master,valid_observed_phase_at_origin,BASE,calibration,1,14,spectral_core,local_partition_rf,1,0.87,1,0.53
912,2018-06,2018-02,4,0,True,0.0,master,valid_observed_phase_at_origin,BASE,calibration,1,14,spectral_core,local_partition_rf,0,0.44,0,0.27
913,2018-06,2018-02,4,0,True,0.0,master,valid_observed_phase_at_origin,BASE,calibration,1,14,spectral_core,local_partition_rf,0,0.28,0,0.31
914,2018-06,2018-02,4,1,True,1.0,master,valid_observed_phase_at_origin,BASE,calibration,1,14,spectral_core,local_partition_rf,1,0.96,1,0.6
915,2018-06,2018-02,4,1,True,1.0,master,valid_observed_phase_at_origin,BASE,calibration,1,14,spectral_core,local_partition_rf,1,0.69,0,0.39
916,2018-06,2018-02,4,0,True,0.0,master,valid_observed_phase_at_origin,BASE,calibration,1,14,spectral_core,local_partition_rf,0,0.27,0,0.32
917,2018-06,2018-02,4,1,True,1.0,master,valid_observed_phase_at_origin,BASE,calibration,1,14,spectral_core,local_partition_rf,1,0.99,1,0.77
918,2018-06,2018-02,4,0,True,0.0,master,valid_observed_phase_at_origin,BASE,calibration,1,14,spectral_core,local_partition_rf,1,0.57,0,0.47
919,2018-06,2018-02,4,0,True,0.0,master,valid_observed_phase_at_origin,BASE,calibration,1,10,spectral_core,pooled_partition_below_support_gate,0,0.26,0,0.26
920,2018-06,2018-02,4,0,True,0.0,master,valid_observed_phase_at_origin,BASE,calibration,1,14,spectral_core,local_partition_rf,1,0.64,1,0.52
921,2018-06,2018-02,4,0,True,0.0,master,valid_observed_phase_at_origin,BASE,calibration,1,14,spectral_core,local_partition_rf,1,0.73,1,0.64
922,2018-06,2018-02,4,0,True,0.0,master,valid_observed_phase_at_origin,BASE,calibration,1,14,spectral_core,local_partition_rf,1,0.6,0,0.43
923,2018-06,2018-02,4,0,True,0.0,master,valid_observed_phase_at_origin,BASE,calibration,1,6,spectral_core,pooled_partition_below_support_gate,0,0.06,0,0.06
924,2018-06,2018-02,4,0,True,0.0,master,valid_observed_phase_at_origin,BASE,calibration,1,14,spectral_core,local_partition_rf,0,0.45,0,0.46
925,2018-06,2018-02,4,0,True,0.0,master,valid_observed_phase_at_origin,BASE,calibration,1,14,spectral_core,local_partition_rf,0,0.4,0,0.36
926,2018-06,2018-02,4,1,True,1.0,master,valid_observed_phase_at_origin,BASE,calibration,1,14,spectral_core,local_partition_rf,1,0.99,1,0.81
927,2018-06,2018-02,4,0,True,0.0,master,valid_observed_phase_at_origin,BASE,calibration,1,14,spectral_core,local_partition_rf,0,0.29,0,0.36
928,2018-06,2018-02,4,1,True,0.0,master,valid_observed_phase_at_origin,BASE,calibration,1,14,spectral_core,local_partition_rf,1,0.74,1,0.64
929,2018-06,2018-02,4,1,True,0.0,master,valid_observed_phase_at_origin,BASE,calibration,1,14,spectral_core,local_partition_rf,1,0.74,1,0.54
930,2018-06,2018-02,4,0,True,0.0,master,valid_observed_phase_at_origin,BASE,calibration,1,6,spectral_core,pooled_partition_below_support_gate,0,0.05,0,0.05
931,2018-06,2018-02,4,0,True,0.0,master,valid_observed_phase_at_origin,BASE,calibration,1,6,spectral_core,pooled_partition_below_support_gate,0,0.01,0,0.01
932,2018-06,2018-02,4,0,True,0.0,master,valid_observed_phase_at_origin,BASE,calibration,1,6,spectral_core,pooled_partition_below_support_gate,0,0.02,0,0.02
933,2018-06,2018-02,4,0,True,0.0,master,valid_observed_phase_at_origin,BASE,calibration,1,6,spectral_core,pooled_partition_below_support_gate,0,0.02,0,0.02
934,2018-06,2018-02,4,0,True,0.0,master,valid_observed_phase_at_origin,BASE,calibration,1,6,spectral_core,pooled_partition_below_support_gate,0,0.02,0,0.02
935,2018-06,2018-02,4,0,True,0.0,master,valid_observed_phase_at_origin,BASE,calibration,1,6,spectral_core,pooled_partition_below_support_gate,0,0.01,0,0.01
936,2018-06,2018-02,4,0,True,0.0,master,valid_observed_phase_at_origin,BASE,calibration,1,6,spectral_core,pooled_partition_below_support_gate,0,0.08,0,0.08
937,2018-06,2018-02,4,0,True,0.0,master,valid_observed_phase_at_origin,BASE,calibration,1,6,spectral_core,pooled_partition_below_support_gate,0,0.03,0,0.03
938,2018-06,2018-02,4,0,True,0.0,master,valid_observed_phase_at_origin,BASE,calibration,1,6,spectral_core,pooled_partition_below_support_gate,0,0.05,0,0.05
939,2018-06,2018-02,4,0,True,0.0,master,valid_observed_phase_at_origin,BASE,calibration,1,6,spectral_core,pooled_partition_below_support_gate,0,0.01,0,0.01
940,2018-06,2018-02,4,0,True,0.0,master,valid_observed_phase_at_origin,BASE,calibration,1,6,spectral_core,pooled_partition_below_support_gate,0,0.05,0,0.05
941,2018-06,2018-02,4,0,True,0.0,master,valid_observed_phase_at_origin,BASE,calibration,1,6,spectral_core,pooled_partition_below_support_gate,0,0.04,0,0.04
942,2018-06,2018-02,4,0,True,0.0,master,valid_observed_phase_at_origin,BASE,calibration,1,6,spectral_core,pooled_partition_below_support_gate,0,0.01,0,0.01
943,2018-06,2018-02,4,0,True,0.0,master,valid_observed_phase_at_origin,BASE,calibration,1,6,spectral_core,pooled_partition_below_support_gate,0,0.02,0,0.02
944,2018-06,2018-02,4,0,True,0.0,master,valid_observed_phase_at_origin,BASE,calibration,1,6,spectral_core,pooled_partition_below_support_gate,0,0.01,0,0.01
945,2018-06,2018-02,4,0,True,0.0,master,valid_observed_phase_at_origin,BASE,calibration,1,6,spectral_core,pooled_partition_below_support_gate,0,0.08,0,0.08
946,2018-06,2018-02,4,0,True,0.0,master,valid_observed_phase_at_origin,BASE,calibration,1,6,spectral_core,pooled_partition_below_support_gate,0,0.03,0,0.03
947,2018-06,2018-02,4,0,True,0.0,master,valid_observed_phase_at_origin,BASE,calibration,1,6,spectral_core,pooled_partition_below_support_gate,0,0.07,0,0.07
948,2018-06,2018-02,4,0,True,0.0,master,valid_observed_phase_at_origin,BASE,calibration,1,6,spectral_core,pooled_partition_below_support_gate,0,0.01,0,0.01
949,2018-06,2018-02,4,0,True,0.0,master,valid_observed_phase_at_origin,BASE,calibration,1,6,spectral_core,pooled_partition_below_support_gate,0,0.15,0,0.15
950,2018-06,2018-02,4,0,True,0.0,master,valid_observed_phase_at_origin,BASE,calibration,1,6,spectral_core,pooled_partition_below_support_gate,0,0.01,0,0.01
951,2018-06,2018-02,4,0,True,0.0,master,valid_observed_phase_at_origin,BASE,calibration,1,6,spectral_core,pooled_partition_below_support_gate,0,0.02,0,0.02
952,2018-06,2018-02,4,0,True,0.0,master,valid_observed_phase_at_origin,BASE,calibration,1,6,spectral_core,pooled_partition_below_support_gate,0,0.1,0,0.1
953,2018-06,2018-02,4,0,True,0.0,master,valid_observed_phase_at_origin,BASE,calibration,1,6,spectral_core,pooled_partition_below_support_gate,0,0.05,0,0.05
954,2018-06,2018-02,4,0,True,0.0,master,valid_observed_phase_at_origin,BASE,calibration,1,6,spectral_core,pooled_partition_below_support_gate,0,0.01,0,0.01
955,2018-06,2018-02,4,0,True,0.0,master,valid_observed_phase_at_origin,BASE,calibration,1,6,spectral_core,pooled_partition_below_support_gate,0,0.01,0,0.01
956,2018-06,2018-02,4,0,True,0.0,master,valid_observed_phase_at_origin,BASE,calibration,1,6,spectral_core,pooled_partition_below_support_gate,0,0.06,0,0.06
957,2018-06,2018-02,4,0,True,0.0,master,valid_observed_phase_at_origin,BASE,calibration,1,6,spectral_core,pooled_partition_below_support_gate,0,0.04,0,0.04
958,2018-06,2018-02,4,0,True,0.0,master,valid_observed_phase_at_origin,BASE,calibration,1,6,spectral_core,pooled_partition_below_support_gate,0,0.06,0,0.06
959,2018-06,2018-02,4,0,True,0.0,master,valid_observed_phase_at_origin,BASE,calibration,1,6,spectral_core,pooled_partition_below_support_gate,0,0.01,0,0.01
960,2018-06,2018-02,4,0,True,0.0,master,valid_observed_phase_at_origin,BASE,calibration,1,6,spectral_core,pooled_partition_below_support_gate,0,0.01,0,0.01
961,2018-06,2018-02,4,0,True,0.0,master,valid_observed_phase_at_origin,BASE,calibration,1,6,spectral_core,pooled_partition_below_support_gate,0,0.02,0,0.02
962,2018-06,2018-02,4,0,True,0.0,master,valid_observed_phase_at_origin,BASE,calibration,1,6,spectral_core,pooled_partition_below_support_gate,0,0.01,0,0.01
963,2018-06,2018-02,4,0,True,0.0,master,valid_observed_phase_at_origin,BASE,calibration,1,6,spectral_core,pooled_partition_below_support_gate,0,0.0,0,0.0
964,2018-06,2018-02,4,0,True,0.0,master,valid_observed_phase_at_origin,BASE,calibration,1,6,spectral_core,pooled_partition_below_support_gate,0,0.03,0,0.03
965,2018-06,2018-02,4,0,True,0.0,master,valid_observed_phase_at_origin,BASE,calibration,1,6,spectral_core,pooled_partition_below_support_gate,0,0.15,0,0.15
966,2018-06,2018-02,4,0,True,0.0,master,valid_observed_phase_at_origin,BASE,calibration,1,6,spectral_core,pooled_partition_below_support_gate,0,0.06,0,0.06
967,2018-06,2018-02,4,0,True,0.0,master,valid_observed_phase_at_origin,BASE,calibration,1,6,spectral_core,pooled_partition_below_support_gate,0,0.05,0,0.05
968,2018-06,2018-02,4,0,True,0.0,master,valid_observed_phase_at_origin,BASE,calibration,1,6,spectral_core,pooled_partition_below_support_gate,0,0.02,0,0.02
969,2018-06,2018-02,4,0,True,0.0,master,valid_observed_phase_at_origin,BASE,calibration,1,6,spectral_core,pooled_partition_below_support_gate,0,0.01,0,0.01
970,2018-06,2018-02,4,0,True,0.0,master,valid_observed_phase_at_origin,BASE,calibration,1,6,spectral_core,pooled_partition_below_support_gate,0,0.03,0,0.03
971,2018-06,2018-02,4,0,True,0.0,master,valid_observed_phase_at_origin,BASE,calibration,1,6,spectral_core,pooled_partition_below_support_gate,0,0.03,0,0.03
972,2018-06,2018-02,4,0,True,0.0,master,valid_observed_phase_at_origin,BASE,calibration,1,6,spectral_core,pooled_partition_below_support_gate,0,0.01,0,0.01
973,2018-06,2018-02,4,0,True,0.0,master,valid_observed_phase_at_origin,BASE,calibration,1,6,spectral_core,pooled_partition_below_support_gate,0,0.01,0,0.01
974,2018-06,2018-02,4,0,True,0.0,master,valid_observed_phase_at_origin,BASE,calibration,1,6,spectral_core,pooled_partition_below_support_gate,0,0.02,0,0.02
975,2018-06,2018-02,4,0,True,0.0,master,valid_observed_phase_at_origin,BASE,calibration,1,6,spectral_core,pooled_partition_below_support_gate,0,0.0,0,0.0
976,2018-06,2018-02,4,0,True,0.0,master,valid_observed_phase_at_origin,BASE,calibration,1,6,spectral_core,pooled_partition_below_support_gate,0,0.05,0,0.05
977,2018-06,2018-02,4,0,True,0.0,master,valid_observed_phase_at_origin,BASE,calibration,1,6,spectral_core,pooled_partition_below_support_gate,0,0.01,0,0.01
978,2018-06,2018-02,4,0,True,0.0,master,valid_observed_phase_at_origin,BASE,calibration,1,6,spectral_core,pooled_partition_below_support_gate,0,0.17,0,0.17
979,2018-06,2018-02,4,0,True,0.0,master,valid_observed_phase_at_origin,BASE,calibration,1,6,spectral_core,pooled_partition_below_support_gate,0,0.09,0,0.09
980,2018-06,2018-02,4,0,True,0.0,master,valid_observed_phase_at_origin,BASE,calibration,1,14,spectral_core,local_partition_rf,1,0.57,1,0.58
981,2018-06,2018-02,4,0,True,0.0,master,valid_observed_phase_at_origin,BASE,calibration,1,6,spectral_core,pooled_partition_below_support_gate,0,0.1,0,0.1
982,2018-06,2018-02,4,0,True,0.0,master,valid_observed_phase_at_origin,BASE,calibration,1,6,spectral_core,pooled_partition_below_support_gate,0,0.05,0,0.05
983,2018-06,2018-02,4,0,True,0.0,master,valid_observed_phase_at_origin,BASE,calibration,1,6,spectral_core,pooled_partition_below_support_gate,0,0.02,0,0.02
984,2018-06,2018-02,4,0,True,0.0,master,valid_observed_phase_at_origin,BASE,calibration,1,6,spectral_core,pooled_partition_below_support_gate,0,0.06,0,0.06
985,2018-06,2018-02,4,0,True,0.0,master,valid_observed_phase_at_origin,BASE,calibration,1,6,spectral_core,pooled_partition_below_support_gate,0,0.1,0,0.1
986,2018-06,2018-02,4,0,True,0.0,master,valid_observed_phase_at_origin,BASE,calibration,1,6,spectral_core,pooled_partition_below_support_gate,0,0.08,0,0.08
987,2018-06,2018-02,4,0,True,0.0,master,valid_observed_phase_at_origin,BASE,calibration,1,6,spectral_core,pooled_partition_below_support_gate,0,0.02,0,0.02
988,2018-06,2018-02,4,0,True,0.0,master,valid_observed_phase_at_origin,BASE,calibration,1,6,spectral_core,pooled_partition_below_support_gate,0,0.09,0,0.09
989,2018-06,2018-02,4,0,True,0.0,master,valid_observed_phase_at_origin,BASE,calibration,1,6,spectral_core,pooled_partition_below_support_gate,0,0.07,0,0.07
990,2018-06,2018-02,4,0,True,0.0,master,valid_observed_phase_at_origin,BASE,calibration,1,6,spectral_core,pooled_partition_below_support_gate,0,0.02,0,0.02
991,2018-06,2018-02,4,0,True,0.0,master,valid_observed_phase_at_origin,BASE,calibration,1,6,spectral_core,pooled_partition_below_support_gate,0,0.0,0,0.0
992,2018-06,2018-02,4,0,True,0.0,master,valid_observed_phase_at_origin,BASE,calibration,1,6,spectral_core,pooled_partition_below_support_gate,0,0.03,0,0.03
993,2018-06,2018-02,4,0,True,0.0,master,valid_observed_phase_at_origin,BASE,calibration,1,6,spectral_core,pooled_partition_below_support_gate,0,0.02,0,0.02
994,2018-06,2018-02,4,0,True,0.0,master,valid_observed_phase_at_origin,BASE,calibration,1,6,spectral_core,pooled_partition_below_support_gate,0,0.02,0,0.02
995,2018-06,2018-02,4,0,True,0.0,master,valid_observed_phase_at_origin,BASE,calibration,1,6,spectral_core,pooled_partition_below_support_gate,0,0.1,0,0.1
996,2018-06,2018-02,4,0,True,0.0,master,valid_observed_phase_at_origin,BASE,calibration,1,6,spectral_core,pooled_partition_below_support_gate,0,0.07,0,0.07
997,2018-06,2018-02,4,0,True,0.0,master,valid_observed_phase_at_origin,BASE,calibration,1,6,spectral_core,pooled_partition_below_support_gate,0,0.03,0,0.03
998,2018-06,2018-02,4,0,True,0.0,master,valid_observed_phase_at_origin,BASE,calibration,1,6,spectral_core,pooled_partition_below_support_gate,0,0.05,0,0.05
999,2018-06,2018-02,4,0,True,0.0,master,valid_observed_phase_at_origin,BASE,calibration,1,6,spectral_core,pooled_partition_below_support_gate,0,0.08,0,0.08
1000,2018-06,2018-02,4,0,True,0.0,master,valid_observed_phase_at_origin,BASE,calibration,1,6,spectral_core,pooled_partition_below_support_gate,0,0.02,0,0.02
1001,2018-06,2018-02,4,0,True,0.0,master,valid_observed_phase_at_origin,BASE,calibration,1,6,spectral_core,pooled_partition_below_support_gate,0,0.05,0,0.05
1002,2018-06,2018-02,4,0,True,0.0,master,valid_observed_phase_at_origin,BASE,calibration,1,6,spectral_core,pooled_partition_below_support_gate,0,0.05,0,0.05
1003,2018-06,2018-02,4,0,True,0.0,master,valid_observed_phase_at_origin,BASE,calibration,1,6,spectral_core,pooled_partition_below_support_gate,0,0.05,0,0.05
1004,2018-06,2018-02,4,0,True,0.0,master,valid_observed_phase_at_origin,BASE,calibration,1,6,spectral_core,pooled_partition_below_support_gate,0,0.04,0,0.04
1005,2018-06,2018-02,4,0,True,0.0,master,valid_observed_phase_at_origin,BASE,calibration,1,6,spectral_core,pooled_partition_below_support_gate,0,0.04,0,0.04
1006,2018-06,2018-02,4,0,True,0.0,master,valid_observed_phase_at_origin,BASE,calibration,1,6,spectral_core,pooled_partition_below_support_gate,0,0.05,0,0.05
1007,2018-06,2018-02,4,0,True,0.0,master,valid_observed_phase_at_origin,BASE,calibration,1,6,spectral_core,pooled_partition_below_support_gate,0,0.06,0,0.06
1008,2018-06,2018-02,4,0,True,0.0,master,valid_observed_phase_at_origin,BASE,calibration,1,6,spectral_core,pooled_partition_below_support_gate,0,0.04,0,0.04
1009,2018-06,2018-02,4,0,True,0.0,master,valid_observed_phase_at_origin,BASE,calibration,1,6,spectral_core,pooled_partition_below_support_gate,0,0.06,0,0.06
1010,2018-06,2018-02,4,0,True,0.0,master,valid_observed_phase_at_origin,BASE,calibration,1,6,spectral_core,pooled_partition_below_support_gate,0,0.06,0,0.06
1011,2018-06,2018-02,4,0,True,0.0,master,valid_observed_phase_at_origin,BASE,calibration,1,6,spectral_core,pooled_partition_below_support_gate,0,0.03,0,0.03
1012,2018-06,2018-02,4,0,True,0.0,master,valid_observed_phase_at_origin,BASE,calibration,1,6,spectral_core,pooled_partition_below_support_gate,0,0.03,0,0.03
1013,2018-06,2018-02,4,0,True,0.0,master,valid_observed_phase_at_origin,BASE,calibration,1,6,spectral_core,pooled_partition_below_support_gate,0,0.0,0,0.0
1014,2018-06,2018-02,4,0,True,0.0,master,valid_observed_phase_at_origin,BASE,calibration,1,6,spectral_core,pooled_partition_below_support_gate,0,0.0,0,0.0
1015,2018-06,2018-02,4,0,True,0.0,master,valid_observed_phase_at_origin,BASE,calibration,1,6,spectral_core,pooled_partition_below_support_gate,0,0.01,0,0.01
1112,2018-06,2018-02,4,0,True,0.0,master,valid_observed_phase_at_origin,BASE,calibration,1,0,spectral_core,local_partition_rf,0,0.26,0,0.38
1113,2018-06,2018-02,4,0,True,0.0,master,valid_observed_phase_at_origin,BASE,calibration,1,0,spectral_core,local_partition_rf,0,0.26,0,0.3
1114,2018-06,2018-02,4,0,True,0.0,master,valid_observed_phase_at_origin,BASE,calibration,1,0,spectral_core,local_partition_rf,0,0.07,0,0.13
1115,2018-06,2018-02,4,0,True,0.0,master,valid_observed_phase_at_origin,BASE,calibration,1,12,spectral_core,local_partition_rf,0,0.29,0,0.38
1116,2018-06,2018-02,4,0,True,1.0,master,valid_observed_phase_at_origin,BASE,calibration,1,12,spectral_core,local_partition_rf,1,0.62,0,0.44
1117,2018-06,2018-02,4,0,True,0.0,master,valid_observed_phase_at_origin,BASE,calibration,1,3,spectral_core,local_partition_rf,0,0.26,0,0.15
1118,2018-06,2018-02,4,0,True,0.0,master,valid_observed_phase_at_origin,BASE,calibration,1,0,spectral_core,local_partition_rf,0,0.01,0,0.05
1119,2018-06,2018-02,4,0,True,0.0,master,valid_observed_phase_at_origin,BASE,calibration,1,3,spectral_core,local_partition_rf,0,0.1,0,0.06
1120,2018-06,2018-02,4,0,True,0.0,master,valid_observed_phase_at_origin,BASE,calibration,1,3,spectral_core,local_partition_rf,0,0.39,0,0.27
1121,2018-06,2018-02,4,0,True,0.0,master,valid_observed_phase_at_origin,BASE,calibration,1,0,spectral_core,local_partition_rf,0,0.35,0,0.36
1122,2018-06,2018-02,4,0,True,0.0,master,valid_observed_phase_at_origin,BASE,calibration,1,0,spectral_core,local_partition_rf,0,0.35,0,0.37
1123,2018-06,2018-02,4,0,True,0.0,master,valid_observed_phase_at_origin,BASE,calibration,1,3,spectral_core,local_partition_rf,0,0.13,0,0.18
1124,2018-06,2018-02,4,0,True,0.0,master,valid_observed_phase_at_origin,BASE,calibration,1,0,spectral_core,local_partition_rf,0,0.22,0,0.29
1125,2018-06,2018-02,4,0,True,0.0,master,valid_observed_phase_at_origin,BASE,calibration,1,0,spectral_core,local_partition_rf,0,0.05,0,0.1
1126,2018-06,2018-02,4,0,True,0.0,master,valid_observed_phase_at_origin,BASE,calibration,1,3,spectral_core,local_partition_rf,0,0.16,0,0.16
1127,2018-06,2018-02,4,0,True,0.0,master,valid_observed_phase_at_origin,BASE,calibration,1,12,spectral_core,local_partition_rf,0,0.32,0,0.36
1128,2018-06,2018-02,4,0,True,0.0,master,valid_observed_phase_at_origin,BASE,calibration,1,0,spectral_core,local_partition_rf,0,0.07,0,0.07
1129,2018-06,2018-02,4,0,True,0.0,master,valid_observed_phase_at_origin,BASE,calibration,1,3,spectral_core,local_partition_rf,0,0.15,0,0.14
1130,2018-06,2018-02,4,0,True,0.0,master,valid_observed_phase_at_origin,BASE,calibration,1,3,spectral_core,local_partition_rf,0,0.46,0,0.2
1131,2018-06,2018-02,4,1,True,1.0,master,valid_observed_phase_at_origin,BASE,calibration,1,12,spectral_core,local_partition_rf,1,0.68,1,0.56
1132,2018-06,2018-02,4,0,True,0.0,master,valid_observed_phase_at_origin,BASE,calibration,1,3,spectral_core,local_partition_rf,0,0.33,0,0.2
1133,2018-06,2018-02,4,0,True,0.0,master,valid_observed_phase_at_origin,BASE,calibration,1,3,spectral_core,local_partition_rf,0,0.24,0,0.19
1134,2018-06,2018-02,4,0,True,0.0,master,valid_observed_phase_at_origin,BASE,calibration,1,3,spectral_core,local_partition_rf,0,0.45,0,0.29
1135,2018-06,2018-02,4,0,True,0.0,master,valid_observed_phase_at_origin,BASE,calibration,1,0,spectral_core,local_partition_rf,0,0.26,0,0.37
1136,2018-06,2018-02,4,0,True,0.0,master,valid_observed_phase_at_origin,BASE,calibration,1,0,spectral_core,local_partition_rf,0,0.05,0,0.19
1137,2018-06,2018-02,4,0,True,0.0,master,valid_observed_phase_at_origin,BASE,calibration,1,0,spectral_core,local_partition_rf,0,0.13,0,0.23
1138,2018-06,2018-02,4,0,True,0.0,master,valid_observed_phase_at_origin,BASE,calibration,1,3,spectral_core,local_partition_rf,0,0.24,0,0.13
1139,2018-06,2018-02,4,0,True,0.0,master,valid_observed_phase_at_origin,BASE,calibration,1,12,spectral_core,local_partition_rf,0,0.4,0,0.35
1140,2018-06,2018-02,4,0,True,0.0,master,valid_observed_phase_at_origin,BASE,calibration,1,0,spectral_core,local_partition_rf,0,0.18,0,0.26
1141,2018-06,2018-02,4,0,True,0.0,master,valid_observed_phase_at_origin,BASE,calibration,1,0,spectral_core,local_partition_rf,0,0.08,0,0.18
1142,2018-06,2018-02,4,0,True,0.0,master,valid_observed_phase_at_origin,BASE,calibration,1,0,spectral_core,local_partition_rf,0,0.12,0,0.2
1143,2018-06,2018-02,4,0,True,0.0,master,valid_observed_phase_at_origin,BASE,calibration,1,0,spectral_core,local_partition_rf,0,0.17,0,0.28
1144,2018-06,2018-02,4,0,True,0.0,master,valid_observed_phase_at_origin,BASE,calibration,1,0,spectral_core,local_partition_rf,0,0.21,0,0.32
1145,2018-06,2018-02,4,0,True,0.0,master,valid_observed_phase_at_origin,BASE,calibration,1,0,spectral_core,local_partition_rf,0,0.1,0,0.21
1146,2018-06,2018-02,4,0,True,0.0,master,valid_observed_phase_at_origin,BASE,calibration,1,3,spectral_core,local_partition_rf,0,0.27,0,0.17
1147,2018-06,2018-02,4,0,True,0.0,master,valid_observed_phase_at_origin,BASE,calibration,1,0,spectral_core,local_partition_rf,0,0.06,0,0.16
1148,2018-06,2018-02,4,0,True,0.0,master,valid_observed_phase_at_origin,BASE,calibration,1,3,spectral_core,local_partition_rf,0,0.1,0,0.06
1149,2018-06,2018-02,4,0,True,0.0,master,valid_observed_phase_at_origin,BASE,calibration,1,3,spectral_core,local_partition_rf,0,0.14,0,0.09
1150,2018-06,2018-02,4,0,True,0.0,master,valid_observed_phase_at_origin,BASE,calibration,1,3,spectral_core,local_partition_rf,0,0.1,0,0.08
1151,2018-06,2018-02,4,0,True,0.0,master,valid_observed_phase_at_origin,BASE,calibration,1,0,spectral_core,local_partition_rf,0,0.13,0,0.24
1152,2018-06,2018-02,4,0,True,0.0,master,valid_observed_phase_at_origin,BASE,calibration,1,0,spectral_core,local_partition_rf,0,0.09,0,0.23
1153,2018-06,2018-02,4,0,True,0.0,master,valid_observed_phase_at_origin,BASE,calibration,1,0,spectral_core,local_partition_rf,0,0.21,0,0.39
1154,2018-06,2018-02,4,0,True,0.0,master,valid_observed_phase_at_origin,BASE,calibration,1,0,spectral_core,local_partition_rf,0,0.4,1,0.58
1155,2018-06,2018-02,4,0,True,0.0,master,valid_observed_phase_at_origin,BASE,calibration,1,0,spectral_core,local_partition_rf,0,0.25,0,0.35
1156,2018-06,2018-02,4,0,True,0.0,master,valid_observed_phase_at_origin,BASE,calibration,1,3,spectral_core,local_partition_rf,0,0.28,0,0.13
1157,2018-06,2018-02,4,0,True,0.0,master,valid_observed_phase_at_origin,BASE,calibration,1,3,spectral_core,local_partition_rf,0,0.17,0,0.14
1158,2018-06,2018-02,4,0,True,0.0,master,valid_observed_phase_at_origin,BASE,calibration,1,3,spectral_core,local_partition_rf,0,0.15,0,0.17
1159,2018-06,2018-02,4,0,True,0.0,master,valid_observed_phase_at_origin,BASE,calibration,1,0,spectral_core,local_partition_rf,0,0.25,0,0.29
1160,2018-06,2018-02,4,0,True,0.0,master,valid_observed_phase_at_origin,BASE,calibration,1,0,spectral_core,local_partition_rf,0,0.13,0,0.25
1161,2018-06,2018-02,4,0,True,0.0,master,valid_observed_phase_at_origin,BASE,calibration,1,0,spectral_core,local_partition_rf,0,0.23,0,0.32
1162,2018-06,2018-02,4,0,True,0.0,master,valid_observed_phase_at_origin,BASE,calibration,1,3,spectral_core,local_partition_rf,0,0.19,0,0.1
1163,2018-06,2018-02,4,0,True,0.0,master,valid_observed_phase_at_origin,BASE,calibration,1,3,spectral_core,local_partition_rf,0,0.2,0,0.09
1164,2018-06,2018-02,4,0,True,0.0,master,valid_observed_phase_at_origin,BASE,calibration,1,3,spectral_core,local_partition_rf,0,0.16,0,0.18
1165,2018-06,2018-02,4,0,True,0.0,master,valid_observed_phase_at_origin,BASE,calibration,1,0,spectral_core,local_partition_rf,0,0.26,0,0.32
1166,2018-06,2018-02,4,0,True,0.0,master,valid_observed_phase_at_origin,BASE,calibration,1,0,spectral_core,local_partition_rf,0,0.16,0,0.17
1167,2018-06,2018-02,4,0,True,0.0,master,valid_observed_phase_at_origin,BASE,calibration,1,3,spectral_core,local_partition_rf,0,0.1,0,0.05
1168,2018-06,2018-02,4,0,True,0.0,master,valid_observed_phase_at_origin,BASE,calibration,1,0,spectral_core,local_partition_rf,0,0.03,0,0.1
1169,2018-06,2018-02,4,0,True,0.0,master,valid_observed_phase_at_origin,BASE,calibration,1,0,spectral_core,local_partition_rf,0,0.04,0,0.07
1170,2018-06,2018-02,4,0,True,0.0,master,valid_observed_phase_at_origin,BASE,calibration,1,3,spectral_core,local_partition_rf,0,0.13,0,0.1
1171,2018-06,2018-02,4,0,True,0.0,master,valid_observed_phase_at_origin,BASE,calibration,1,3,spectral_core,local_partition_rf,0,0.12,0,0.11
1172,2018-06,2018-02,4,0,True,0.0,master,valid_observed_phase_at_origin,BASE,calibration,1,3,spectral_core,local_partition_rf,0,0.11,0,0.13
1173,2018-06,2018-02,4,0,True,0.0,master,valid_observed_phase_at_origin,BASE,calibration,1,0,spectral_core,local_partition_rf,0,0.08,0,0.13
1174,2018-06,2018-02,4,0,True,0.0,master,valid_observed_phase_at_origin,BASE,calibration,1,3,spectral_core,local_partition_rf,0,0.09,0,0.07
1175,2018-06,2018-02,4,0,True,0.0,master,valid_observed_phase_at_origin,BASE,calibration,1,3,spectral_core,local_partition_rf,0,0.16,0,0.04
1176,2018-06,2018-02,4,0,True,0.0,master,valid_observed_phase_at_origin,BASE,calibration,1,3,spectral_core,local_partition_rf,0,0.19,0,0.12
1177,2018-06,2018-02,4,0,True,0.0,master,valid_observed_phase_at_origin,BASE,calibration,1,3,spectral_core,local_partition_rf,0,0.14,0,0.08
1178,2018-06,2018-02,4,0,True,0.0,master,valid_observed_phase_at_origin,BASE,calibration,1,0,spectral_core,local_partition_rf,0,0.15,0,0.2
1179,2018-06,2018-02,4,0,True,0.0,master,valid_observed_phase_at_origin,BASE,calibration,1,3,spectral_core,local_partition_rf,0,0.19,0,0.13
1180,2018-06,2018-02,4,0,True,0.0,master,valid_observed_phase_at_origin,BASE,calibration,1,3,spectral_core,local_partition_rf,0,0.13,0,0.09
1181,2018-06,2018-02,4,0,True,0.0,master,valid_observed_phase_at_origin,BASE,calibration,1,3,spectral_core,local_partition_rf,0,0.14,0,0.06
1182,2018-06,2018-02,4,0,True,0.0,master,valid_observed_phase_at_origin,BASE,calibration,1,3,spectral_core,local_partition_rf,0,0.15,0,0.09
1183,2018-06,2018-02,4,0,True,0.0,master,valid_observed_phase_at_origin,BASE,calibration,1,0,spectral_core,local_partition_rf,1,0.51,0,0.4
1184,2018-06,2018-02,4,0,True,0.0,master,valid_observed_phase_at_origin,BASE,calibration,1,3,spectral_core,local_partition_rf,0,0.31,0,0.15
1185,2018-06,2018-02,4,0,True,0.0,master,valid_observed_phase_at_origin,BASE,calibration,1,12,spectral_core,local_partition_rf,0,0.27,0,0.35
1186,2018-06,2018-02,4,0,True,0.0,master,valid_observed_phase_at_origin,BASE,calibration,1,0,spectral_core,local_partition_rf,0,0.04,0,0.07
1187,2018-06,2018-02,4,0,True,0.0,master,valid_observed_phase_at_origin,BASE,calibration,1,3,spectral_core,local_partition_rf,0,0.18,0,0.08
1188,2018-06,2018-02,4,0,True,0.0,master,valid_observed_phase_at_origin,BASE,calibration,1,3,spectral_core,local_partition_rf,0,0.1,0,0.08
1189,2018-06,2018-02,4,0,True,0.0,master,valid_observed_phase_at_origin,BASE,calibration,1,0,spectral_core,local_partition_rf,0,0.22,0,0.32
1190,2018-06,2018-02,4,0,True,0.0,master,valid_observed_phase_at_origin,BASE,calibration,1,3,spectral_core,local_partition_rf,0,0.08,0,0.03
1191,2018-06,2018-02,4,0,True,0.0,master,valid_observed_phase_at_origin,BASE,calibration,1,0,spectral_core,local_partition_rf,0,0.04,0,0.08
1192,2018-06,2018-02,4,0,True,0.0,master,valid_observed_phase_at_origin,BASE,calibration,1,3,spectral_core,local_partition_rf,0,0.08,0,0.09
1193,2018-06,2018-02,4,0,True,0.0,master,valid_observed_phase_at_origin,BASE,calibration,1,3,spectral_core,local_partition_rf,0,0.16,0,0.05
1194,2018-06,2018-02,4,0,True,0.0,master,valid_observed_phase_at_origin,BASE,calibration,1,0,spectral_core,local_partition_rf,0,0.06,0,0.12
1195,2018-06,2018-02,4,0,True,0.0,master,valid_observed_phase_at_origin,BASE,calibration,1,0,spectral_core,local_partition_rf,0,0.23,0,0.25
1196,2018-06,2018-02,4,0,True,0.0,master,valid_observed_phase_at_origin,BASE,calibration,1,0,spectral_core,local_partition_rf,0,0.06,0,0.06
1197,2018-06,2018-02,4,0,True,0.0,master,valid_observed_phase_at_origin,BASE,calibration,1,0,spectral_core,local_partition_rf,0,0.12,0,0.27
1198,2018-06,2018-02,4,0,True,0.0,master,valid_observed_phase_at_origin,BASE,calibration,1,0,spectral_core,local_partition_rf,0,0.12,0,0.17
1199,2018-06,2018-02,4,0,True,0.0,master,valid_observed_phase_at_origin,BASE,calibration,1,3,spectral_core,local_partition_rf,0,0.17,0,0.09
1200,2018-06,2018-02,4,0,True,1.0,master,valid_observed_phase_at_origin,BASE,calibration,1,12,spectral_core,local_partition_rf,0,0.39,0,0.29
1201,2018-06,2018-02,4,0,True,0.0,master,valid_observed_phase_at_origin,BASE,calibration,1,3,spectral_core,local_partition_rf,0,0.42,0,0.23
1202,2018-06,2018-02,4,0,True,0.0,master,valid_observed_phase_at_origin,BASE,calibration,1,3,spectral_core,local_partition_rf,0,0.42,0,0.25
1203,2018-06,2018-02,4,0,True,0.0,master,valid_observed_phase_at_origin,BASE,calibration,1,3,spectral_core,local_partition_rf,0,0.14,0,0.09
1204,2018-06,2018-02,4,0,True,0.0,master,valid_observed_phase_at_origin,BASE,calibration,1,3,spectral_core,local_partition_rf,0,0.12,0,0.1
1205,2018-06,2018-02,4,1,True,1.0,master,valid_observed_phase_at_origin,BASE,calibration,1,3,spectral_core,local_partition_rf,0,0.16,0,0.16
1206,2018-06,2018-02,4,0,True,0.0,master,valid_observed_phase_at_origin,BASE,calibration,1,0,spectral_core,local_partition_rf,0,0.2,0,0.28
1207,2018-06,2018-02,4,0,True,0.0,master,valid_observed_phase_at_origin,BASE,calibration,1,0,spectral_core,local_partition_rf,0,0.27,0,0.31
1208,2018-06,2018-02,4,0,True,0.0,master,valid_observed_phase_at_origin,BASE,calibration,1,3,spectral_core,local_partition_rf,0,0.1,0,0.07
1209,2018-06,2018-02,4,0,True,0.0,master,valid_observed_phase_at_origin,BASE,calibration,1,3,spectral_core,local_partition_rf,0,0.31,0,0.23
1210,2018-06,2018-02,4,0,True,0.0,master,valid_observed_phase_at_origin,BASE,calibration,1,3,spectral_core,local_partition_rf,0,0.43,0,0.23
1211,2018-06,2018-02,4,0,True,0.0,master,valid_observed_phase_at_origin,BASE,calibration,1,0,spectral_core,local_partition_rf,0,0.2,0,0.28
1212,2018-06,2018-02,4,0,True,0.0,master,valid_observed_phase_at_origin,BASE,calibration,1,0,spectral_core,local_partition_rf,0,0.23,0,0.4
1213,2018-06,2018-02,4,0,True,0.0,master,valid_observed_phase_at_origin,BASE,calibration,1,0,spectral_core,local_partition_rf,0,0.24,0,0.37
1214,2018-06,2018-02,4,0,True,0.0,master,valid_observed_phase_at_origin,BASE,calibration,1,0,spectral_core,local_partition_rf,0,0.12,0,0.18
1215,2018-06,2018-02,4,0,True,0.0,master,valid_observed_phase_at_origin,BASE,calibration,1,3,spectral_core,local_partition_rf,0,0.18,0,0.1
1216,2018-06,2018-02,4,0,True,0.0,master,valid_observed_phase_at_origin,BASE,calibration,1,12,spectral_core,local_partition_rf,0,0.4,0,0.47
1217,2018-06,2018-02,4,0,True,0.0,master,valid_observed_phase_at_origin,BASE,calibration,1,0,spectral_core,local_partition_rf,0,0.1,0,0.21
1218,2018-06,2018-02,4,0,True,0.0,master,valid_observed_phase_at_origin,BASE,calibration,1,0,spectral_core,local_partition_rf,0,0.12,0,0.19
1219,2018-06,2018-02,4,0,True,0.0,master,valid_observed_phase_at_origin,BASE,calibration,1,3,spectral_core,local_partition_rf,0,0.11,0,0.09
1220,2018-06,2018-02,4,0,True,0.0,master,valid_observed_phase_at_origin,BASE,calibration,1,0,spectral_core,local_partition_rf,0,0.32,0,0.27
1221,2018-06,2018-02,4,0,True,0.0,master,valid_observed_phase_at_origin,BASE,calibration,1,3,spectral_core,local_partition_rf,0,0.47,0,0.24
1222,2018-06,2018-02,4,0,True,0.0,master,valid_observed_phase_at_origin,BASE,calibration,1,0,spectral_core,local_partition_rf,0,0.26,0,0.37
1223,2018-06,2018-02,4,0,True,0.0,master,valid_observed_phase_at_origin,BASE,calibration,1,0,spectral_core,local_partition_rf,0,0.25,0,0.4
1224,2018-06,2018-02,4,0,True,0.0,master,valid_observed_phase_at_origin,BASE,calibration,1,0,spectral_core,local_partition_rf,0,0.05,0,0.09
1225,2018-06,2018-02,4,0,True,1.0,master,valid_observed_phase_at_origin,BASE,calibration,1,12,spectral_core,local_partition_rf,0,0.45,0,0.35
1226,2018-06,2018-02,4,0,True,0.0,master,valid_observed_phase_at_origin,BASE,calibration,1,0,spectral_core,local_partition_rf,1,0.53,0,0.41
1227,2018-06,2018-02,4,0,True,0.0,master,valid_observed_phase_at_origin,BASE,calibration,1,0,spectral_core,local_partition_rf,0,0.5,0,0.32
1228,2018-06,2018-02,4,0,True,0.0,master,valid_observed_phase_at_origin,BASE,calibration,1,12,spectral_core,local_partition_rf,0,0.31,0,0.31
1229,2018-06,2018-02,4,0,True,0.0,master,valid_observed_phase_at_origin,BASE,calibration,1,12,spectral_core,local_partition_rf,0,0.27,0,0.33
1230,2018-06,2018-02,4,0,True,0.0,master,valid_observed_phase_at_origin,BASE,calibration,1,0,spectral_core,local_partition_rf,0,0.3,0,0.41
1231,2018-06,2018-02,4,0,True,0.0,master,valid_observed_phase_at_origin,BASE,calibration,1,0,spectral_core,local_partition_rf,0,0.08,0,0.2
1232,2018-06,2018-02,4,0,True,0.0,master,valid_observed_phase_at_origin,BASE,calibration,1,0,spectral_core,local_partition_rf,0,0.09,0,0.23
1233,2018-06,2018-02,4,0,True,0.0,master,valid_observed_phase_at_origin,BASE,calibration,1,0,spectral_core,local_partition_rf,0,0.0,0,0.05
1234,2018-06,2018-02,4,0,True,0.0,master,valid_observed_phase_at_origin,BASE,calibration,1,3,spectral_core,local_partition_rf,0,0.08,0,0.08
1235,2018-06,2018-02,4,0,True,0.0,master,valid_observed_phase_at_origin,BASE,calibration,1,12,spectral_core,local_partition_rf,0,0.45,0,0.46
1236,2018-06,2018-02,4,0,True,0.0,master,valid_observed_phase_at_origin,BASE,calibration,1,0,spectral_core,local_partition_rf,0,0.1,0,0.21
1237,2018-06,2018-02,4,0,True,1.0,master,valid_observed_phase_at_origin,BASE,calibration,1,12,spectral_core,local_partition_rf,1,0.54,0,0.32
1238,2018-06,2018-02,4,1,True,0.0,master,valid_observed_phase_at_origin,BASE,calibration,1,12,spectral_core,local_partition_rf,0,0.34,0,0.36
1239,2018-06,2018-02,4,1,True,1.0,master,valid_observed_phase_at_origin,BASE,calibration,1,12,spectral_core,local_partition_rf,0,0.42,0,0.37
1240,2018-06,2018-02,4,1,True,0.0,master,valid_observed_phase_at_origin,BASE,calibration,1,12,spectral_core,local_partition_rf,0,0.34,0,0.36
1241,2018-06,2018-02,4,0,True,0.0,master,valid_observed_phase_at_origin,BASE,calibration,1,3,spectral_core,local_partition_rf,0,0.06,0,0.03
1242,2018-06,2018-02,4,0,True,0.0,master,valid_observed_phase_at_origin,BASE,calibration,1,3,spectral_core,local_partition_rf,0,0.08,0,0.1
1243,2018-06,2018-02,4,0,True,0.0,master,valid_observed_phase_at_origin,BASE,calibration,1,0,spectral_core,local_partition_rf,0,0.05,0,0.1
1244,2018-06,2018-02,4,0,True,0.0,master,valid_observed_phase_at_origin,BASE,calibration,1,0,spectral_core,local_partition_rf,0,0.06,0,0.12
1245,2018-06,2018-02,4,0,True,0.0,master,valid_observed_phase_at_origin,BASE,calibration,1,3,spectral_core,local_partition_rf,0,0.08,0,0.06
1246,2018-06,2018-02,4,0,True,0.0,master,valid_observed_phase_at_origin,BASE,calibration,1,3,spectral_core,local_partition_rf,0,0.1,0,0.05
1247,2018-06,2018-02,4,0,True,0.0,master,valid_observed_phase_at_origin,BASE,calibration,1,0,spectral_core,local_partition_rf,0,0.01,0,0.04
1248,2018-06,2018-02,4,1,True,1.0,master,valid_observed_phase_at_origin,BASE,calibration,1,12,spectral_core,local_partition_rf,1,0.64,0,0.42
1249,2018-06,2018-02,4,0,True,0.0,master,valid_observed_phase_at_origin,BASE,calibration,1,3,spectral_core,local_partition_rf,0,0.17,0,0.07
1250,2018-06,2018-02,4,0,True,0.0,master,valid_observed_phase_at_origin,BASE,calibration,1,0,spectral_core,local_partition_rf,0,0.02,0,0.11
1251,2018-06,2018-02,4,0,True,0.0,master,valid_observed_phase_at_origin,BASE,calibration,1,0,spectral_core,local_partition_rf,0,0.12,0,0.17
1252,2018-06,2018-02,4,0,True,0.0,master,valid_observed_phase_at_origin,BASE,calibration,1,0,spectral_core,local_partition_rf,0,0.25,0,0.31
1253,2018-06,2018-02,4,0,True,0.0,master,valid_observed_phase_at_origin,BASE,calibration,1,0,spectral_core,local_partition_rf,0,0.24,0,0.34
1254,2018-06,2018-02,4,0,True,0.0,master,valid_observed_phase_at_origin,BASE,calibration,1,3,spectral_core,local_partition_rf,0,0.14,0,0.06
1255,2018-06,2018-02,4,0,True,0.0,master,valid_observed_phase_at_origin,BASE,calibration,1,0,spectral_core,local_partition_rf,0,0.02,0,0.03
1256,2018-06,2018-02,4,0,True,0.0,master,valid_observed_phase_at_origin,BASE,calibration,1,3,spectral_core,local_partition_rf,0,0.1,0,0.04
1257,2018-06,2018-02,4,0,True,0.0,master,valid_observed_phase_at_origin,BASE,calibration,1,3,spectral_core,local_partition_rf,0,0.17,0,0.15
1258,2018-06,2018-02,4,0,True,0.0,master,valid_observed_phase_at_origin,BASE,calibration,1,3,spectral_core,local_partition_rf,0,0.11,0,0.08
1259,2018-06,2018-02,4,0,True,0.0,master,valid_observed_phase_at_origin,BASE,calibration,1,12,spectral_core,local_partition_rf,0,0.27,0,0.36
1260,2018-06,2018-02,4,0,True,0.0,master,valid_observed_phase_at_origin,BASE,calibration,1,0,spectral_core,local_partition_rf,0,0.38,0,0.27
1261,2018-06,2018-02,4,0,True,0.0,master,valid_observed_phase_at_origin,BASE,calibration,1,3,spectral_core,local_partition_rf,0,0.06,0,0.05
1262,2018-06,2018-02,4,0,True,0.0,master,valid_observed_phase_at_origin,BASE,calibration,1,3,spectral_core,local_partition_rf,0,0.21,0,0.13
1263,2018-06,2018-02,4,0,True,0.0,master,valid_observed_phase_at_origin,BASE,calibration,1,3,spectral_core,local_partition_rf,0,0.25,0,0.17
1264,2018-06,2018-02,4,0,True,0.0,master,valid_observed_phase_at_origin,BASE,calibration,1,3,spectral_core,local_partition_rf,0,0.24,0,0.17
1265,2018-06,2018-02,4,0,True,0.0,master,valid_observed_phase_at_origin,BASE,calibration,1,3,spectral_core,local_partition_rf,0,0.15,0,0.09
1266,2018-06,2018-02,4,0,True,0.0,master,valid_observed_phase_at_origin,BASE,calibration,1,0,spectral_core,local_partition_rf,0,0.26,0,0.36
1267,2018-06,2018-02,4,0,True,0.0,master,valid_observed_phase_at_origin,BASE,calibration,1,3,spectral_core,local_partition_rf,0,0.27,0,0.18
1268,2018-06,2018-02,4,0,True,0.0,master,valid_observed_phase_at_origin,BASE,calibration,1,0,spectral_core,local_partition_rf,0,0.22,0,0.16
1269,2018-06,2018-02,4,0,True,0.0,master,valid_observed_phase_at_origin,BASE,calibration,1,0,spectral_core,local_partition_rf,0,0.05,0,0.11
1270,2018-06,2018-02,4,1,True,1.0,master,valid_observed_phase_at_origin,BASE,calibration,1,12,spectral_core,local_partition_rf,1,0.7,0,0.48
1271,2018-06,2018-02,4,0,True,0.0,master,valid_observed_phase_at_origin,BASE,calibration,1,3,spectral_core,local_partition_rf,0,0.15,0,0.08
1272,2018-06,2018-02,4,0,True,0.0,master,valid_observed_phase_at_origin,BASE,calibration,1,0,spectral_core,local_partition_rf,1,0.56,0,0.4
1273,2018-06,2018-02,4,0,True,0.0,master,valid_observed_phase_at_origin,BASE,calibration,1,0,spectral_core,local_partition_rf,0,0.03,0,0.1
1274,2018-06,2018-02,4,0,True,0.0,master,valid_observed_phase_at_origin,BASE,calibration,1,0,spectral_core,local_partition_rf,0,0.33,0,0.43
1275,2018-06,2018-02,4,0,True,0.0,master,valid_observed_phase_at_origin,BASE,calibration,1,3,spectral_core,local_partition_rf,0,0.1,0,0.09
1276,2018-06,2018-02,4,0,True,0.0,master,valid_observed_phase_at_origin,BASE,calibration,1,3,spectral_core,local_partition_rf,0,0.34,0,0.23
1277,2018-06,2018-02,4,0,True,1.0,master,valid_observed_phase_at_origin,BASE,calibration,1,12,spectral_core,local_partition_rf,0,0.36,0,0.31
1278,2018-06,2018-02,4,0,True,0.0,master,valid_observed_phase_at_origin,BASE,calibration,1,3,spectral_core,local_partition_rf,0,0.09,0,0.05
1279,2018-06,2018-02,4,0,True,0.0,master,valid_observed_phase_at_origin,BASE,calibration,1,3,spectral_core,local_partition_rf,0,0.09,0,0.11
1280,2018-06,2018-02,4,1,True,0.0,master,valid_observed_phase_at_origin,BASE,calibration,1,3,spectral_core,local_partition_rf,0,0.09,0,0.05
1281,2018-06,2018-02,4,0,True,0.0,master,valid_observed_phase_at_origin,BASE,calibration,1,3,spectral_core,local_partition_rf,0,0.35,0,0.26
1282,2018-06,2018-02,4,0,True,0.0,master,valid_observed_phase_at_origin,BASE,calibration,1,3,spectral_core,local_partition_rf,0,0.13,0,0.08
1283,2018-06,2018-02,4,0,True,0.0,master,valid_observed_phase_at_origin,BASE,calibration,1,3,spectral_core,local_partition_rf,0,0.07,0,0.04
1284,2018-06,2018-02,4,0,True,0.0,master,valid_observed_phase_at_origin,BASE,calibration,1,12,spectral_core,local_partition_rf,0,0.39,0,0.42
1285,2018-06,2018-02,4,0,True,0.0,master,valid_observed_phase_at_origin,BASE,calibration,1,0,spectral_core,local_partition_rf,0,0.19,0,0.25
1286,2018-06,2018-02,4,0,True,1.0,master,valid_observed_phase_at_origin,BASE,calibration,1,12,spectral_core,local_partition_rf,1,0.55,0,0.4
1287,2018-06,2018-02,4,0,True,0.0,master,valid_observed_phase_at_origin,BASE,calibration,1,3,spectral_core,local_partition_rf,0,0.15,0,0.13
1288,2018-06,2018-02,4,0,True,0.0,master,valid_observed_phase_at_origin,BASE,calibration,1,3,spectral_core,local_partition_rf,0,0.08,0,0.07
1289,2018-06,2018-02,4,0,True,0.0,master,valid_observed_phase_at_origin,BASE,calibration,1,3,spectral_core,local_partition_rf,0,0.07,0,0.12
1290,2018-06,2018-02,4,0,True,0.0,master,valid_observed_phase_at_origin,BASE,calibration,1,0,spectral_core,local_partition_rf,1,0.57,0,0.34
1291,2018-06,2018-02,4,1,True,1.0,master,valid_observed_phase_at_origin,BASE,calibration,1,12,spectral_core,local_partition_rf,1,0.61,0,0.45
1292,2018-06,2018-02,4,0,True,0.0,master,valid_observed_phase_at_origin,BASE,calibration,1,3,spectral_core,local_partition_rf,0,0.13,0,0.11
1293,2018-06,2018-02,4,1,True,1.0,master,valid_observed_phase_at_origin,BASE,calibration,1,16,spectral_core,local_partition_rf,1,0.52,0,0.47
1294,2018-06,2018-02,4,0,True,0.0,master,valid_observed_phase_at_origin,BASE,calibration,1,0,spectral_core,local_partition_rf,0,0.07,0,0.07
1295,2018-06,2018-02,4,0,True,0.0,master,valid_observed_phase_at_origin,BASE,calibration,1,3,spectral_core,local_partition_rf,0,0.2,0,0.1
1296,2018-06,2018-02,4,0,True,0.0,master,valid_observed_phase_at_origin,BASE,calibration,1,3,spectral_core,local_partition_rf,0,0.16,0,0.13
1297,2018-06,2018-02,4,0,True,0.0,master,valid_observed_phase_at_origin,BASE,calibration,1,3,spectral_core,local_partition_rf,0,0.16,0,0.1
1298,2018-06,2018-02,4,0,True,0.0,master,valid_observed_phase_at_origin,BASE,calibration,1,3,spectral_core,local_partition_rf,0,0.07,0,0.05
1299,2018-06,2018-02,4,0,True,0.0,master,valid_observed_phase_at_origin,BASE,calibration,1,3,spectral_core,local_partition_rf,0,0.14,0,0.06
1300,2018-06,2018-02,4,0,True,0.0,master,valid_observed_phase_at_origin,BASE,calibration,1,3,spectral_core,local_partition_rf,0,0.17,0,0.16
1301,2018-06,2018-02,4,0,True,0.0,master,valid_observed_phase_at_origin,BASE,calibration,1,3,spectral_core,local_partition_rf,0,0.26,0,0.14
1302,2018-06,2018-02,4,0,True,0.0,master,valid_observed_phase_at_origin,BASE,calibration,1,0,spectral_core,local_partition_rf,0,0.18,0,0.24
1303,2018-06,2018-02,4,0,True,0.0,master,valid_observed_phase_at_origin,BASE,calibration,1,3,spectral_core,local_partition_rf,0,0.12,0,0.12
1304,2018-06,2018-02,4,0,True,0.0,master,valid_observed_phase_at_origin,BASE,calibration,1,3,spectral_core,local_partition_rf,0,0.25,0,0.11
1305,2018-06,2018-02,4,0,True,0.0,master,valid_observed_phase_at_origin,BASE,calibration,1,3,spectral_core,local_partition_rf,0,0.13,0,0.11
1306,2018-06,2018-02,4,0,True,0.0,master,valid_observed_phase_at_origin,BASE,calibration,1,0,spectral_core,local_partition_rf,0,0.08,0,0.1
1307,2018-06,2018-02,4,0,True,0.0,master,valid_observed_phase_at_origin,BASE,calibration,1,3,spectral_core,local_partition_rf,0,0.37,0,0.19
1308,2018-06,2018-02,4,0,True,0.0,master,valid_observed_phase_at_origin,BASE,calibration,1,0,spectral_core,local_partition_rf,0,0.26,0,0.24
1309,2018-06,2018-02,4,0,True,0.0,master,valid_observed_phase_at_origin,BASE,calibration,1,3,spectral_core,local_partition_rf,0,0.08,0,0.04
1310,2018-06,2018-02,4,0,True,0.0,master,valid_observed_phase_at_origin,BASE,calibration,1,0,spectral_core,local_partition_rf,0,0.18,0,0.27
1311,2018-06,2018-02,4,0,True,0.0,master,valid_observed_phase_at_origin,BASE,calibration,1,3,spectral_core,local_partition_rf,0,0.34,0,0.24
1312,2018-06,2018-02,4,0,True,0.0,master,valid_observed_phase_at_origin,BASE,calibration,1,3,spectral_core,local_partition_rf,0,0.1,0,0.08
1313,2018-06,2018-02,4,1,True,0.0,master,valid_observed_phase_at_origin,BASE,calibration,1,3,spectral_core,local_partition_rf,0,0.08,0,0.06
1314,2018-06,2018-02,4,1,True,0.0,master,valid_observed_phase_at_origin,BASE,calibration,1,3,spectral_core,local_partition_rf,0,0.09,0,0.09
1315,2018-06,2018-02,4,0,True,0.0,master,valid_observed_phase_at_origin,BASE,calibration,1,0,spectral_core,local_partition_rf,0,0.12,0,0.03
1316,2018-06,2018-02,4,0,True,0.0,master,valid_observed_phase_at_origin,BASE,calibration,1,3,spectral_core,local_partition_rf,0,0.11,0,0.1
1317,2018-06,2018-02,4,0,True,0.0,master,valid_observed_phase_at_origin,BASE,calibration,1,3,spectral_core,local_partition_rf,0,0.13,0,0.12
1318,2018-06,2018-02,4,0,True,0.0,master,valid_observed_phase_at_origin,BASE,calibration,1,3,spectral_core,local_partition_rf,0,0.15,0,0.07
1319,2018-06,2018-02,4,0,True,0.0,master,valid_observed_phase_at_origin,BASE,calibration,1,0,spectral_core,local_partition_rf,0,0.07,0,0.11
1320,2018-06,2018-02,4,0,True,0.0,master,valid_observed_phase_at_origin,BASE,calibration,1,3,spectral_core,local_partition_rf,0,0.12,0,0.07
1321,2018-06,2018-02,4,0,True,0.0,master,valid_observed_phase_at_origin,BASE,calibration,1,0,spectral_core,local_partition_rf,0,0.02,0,0.06
1322,2018-06,2018-02,4,1,True,0.0,master,valid_observed_phase_at_origin,BASE,calibration,1,3,spectral_core,local_partition_rf,0,0.16,0,0.09
1323,2018-06,2018-02,4,0,True,1.0,master,valid_observed_phase_at_origin,BASE,calibration,1,12,spectral_core,local_partition_rf,0,0.47,0,0.32
1324,2018-06,2018-02,4,0,True,0.0,master,valid_observed_phase_at_origin,BASE,calibration,1,12,spectral_core,local_partition_rf,1,0.53,0,0.44
1325,2018-06,2018-02,4,0,True,0.0,master,valid_observed_phase_at_origin,BASE,calibration,1,3,spectral_core,local_partition_rf,0,0.13,0,0.12
1326,2018-06,2018-02,4,0,True,0.0,master,valid_observed_phase_at_origin,BASE,calibration,1,3,spectral_core,local_partition_rf,0,0.36,0,0.27
1327,2018-06,2018-02,4,0,True,0.0,master,valid_observed_phase_at_origin,BASE,calibration,1,3,spectral_core,local_partition_rf,0,0.17,0,0.11
1328,2018-06,2018-02,4,0,True,0.0,master,valid_observed_phase_at_origin,BASE,calibration,1,0,spectral_core,local_partition_rf,0,0.02,0,0.06
1329,2018-06,2018-02,4,1,True,1.0,master,valid_observed_phase_at_origin,BASE,calibration,1,12,spectral_core,local_partition_rf,1,0.54,0,0.41
1330,2018-06,2018-02,4,0,True,0.0,master,valid_observed_phase_at_origin,BASE,calibration,1,3,spectral_core,local_partition_rf,0,0.13,0,0.1
1331,2018-06,2018-02,4,1,True,0.0,master,valid_observed_phase_at_origin,BASE,calibration,1,3,spectral_core,local_partition_rf,0,0.13,0,0.09
1332,2018-06,2018-02,4,0,True,0.0,master,valid_observed_phase_at_origin,BASE,calibration,1,3,spectral_core,local_partition_rf,0,0.12,0,0.08
1333,2018-06,2018-02,4,0,True,0.0,master,valid_observed_phase_at_origin,BASE,calibration,1,3,spectral_core,local_partition_rf,0,0.11,0,0.1
1334,2018-06,2018-02,4,0,True,0.0,master,valid_observed_phase_at_origin,BASE,calibration,1,3,spectral_core,local_partition_rf,0,0.1,0,0.05
1335,2018-06,2018-02,4,0,True,0.0,master,valid_observed_phase_at_origin,BASE,calibration,1,3,spectral_core,local_partition_rf,0,0.14,0,0.13
1336,2018-06,2018-02,4,0,True,0.0,master,valid_observed_phase_at_origin,BASE,calibration,1,0,spectral_core,local_partition_rf,0,0.24,0,0.42
1337,2018-06,2018-02,4,0,True,0.0,master,valid_observed_phase_at_origin,BASE,calibration,1,3,spectral_core,local_partition_rf,0,0.15,0,0.07
1338,2018-06,2018-02,4,0,True,0.0,master,valid_observed_phase_at_origin,BASE,calibration,1,0,spectral_core,local_partition_rf,0,0.23,0,0.43
1339,2018-06,2018-02,4,0,True,0.0,master,valid_observed_phase_at_origin,BASE,calibration,1,0,spectral_core,local_partition_rf,0,0.28,0,0.35
1340,2018-06,2018-02,4,0,True,0.0,master,valid_observed_phase_at_origin,BASE,calibration,1,0,spectral_core,local_partition_rf,0,0.09,0,0.2
1341,2018-06,2018-02,4,0,True,0.0,master,valid_observed_phase_at_origin,BASE,calibration,1,0,spectral_core,local_partition_rf,0,0.08,0,0.12
1342,2018-06,2018-02,4,1,True,0.0,master,valid_observed_phase_at_origin,BASE,calibration,1,12,spectral_core,local_partition_rf,0,0.45,1,0.53
1343,2018-06,2018-02,4,0,True,0.0,master,valid_observed_phase_at_origin,BASE,calibration,1,3,spectral_core,local_partition_rf,0,0.12,0,0.1
1344,2018-06,2018-02,4,0,True,0.0,master,valid_observed_phase_at_origin,BASE,calibration,1,3,spectral_core,local_partition_rf,0,0.15,0,0.07
1345,2018-06,2018-02,4,0,True,0.0,master,valid_observed_phase_at_origin,BASE,calibration,1,12,spectral_core,local_partition_rf,0,0.26,0,0.35
1346,2018-06,2018-02,4,0,True,0.0,master,valid_observed_phase_at_origin,BASE,calibration,1,0,spectral_core,local_partition_rf,0,0.25,0,0.35
1347,2018-06,2018-02,4,0,True,0.0,master,valid_observed_phase_at_origin,BASE,calibration,1,3,spectral_core,local_partition_rf,0,0.32,0,0.18
1348,2018-06,2018-02,4,0,True,0.0,master,valid_observed_phase_at_origin,BASE,calibration,1,3,spectral_core,local_partition_rf,0,0.12,0,0.07
1349,2018-06,2018-02,4,0,True,0.0,master,valid_observed_phase_at_origin,BASE,calibration,1,3,spectral_core,local_partition_rf,0,0.07,0,0.03
1350,2018-06,2018-02,4,0,True,0.0,master,valid_observed_phase_at_origin,BASE,calibration,1,3,spectral_core,local_partition_rf,0,0.1,0,0.03
1351,2018-06,2018-02,4,0,True,0.0,master,valid_observed_phase_at_origin,BASE,calibration,1,3,spectral_core,local_partition_rf,0,0.1,0,0.11
1352,2018-06,2018-02,4,1,True,0.0,master,valid_observed_phase_at_origin,BASE,calibration,1,3,spectral_core,local_partition_rf,0,0.12,0,0.06
1353,2018-06,2018-02,4,0,True,0.0,master,valid_observed_phase_at_origin,BASE,calibration,1,3,spectral_core,local_partition_rf,0,0.08,0,0.07
1354,2018-06,2018-02,4,0,True,0.0,master,valid_observed_phase_at_origin,BASE,calibration,1,3,spectral_core,local_partition_rf,0,0.19,0,0.09
1355,2018-06,2018-02,4,0,True,0.0,master,valid_observed_phase_at_origin,BASE,calibration,1,0,spectral_core,local_partition_rf,0,0.05,0,0.23
1356,2018-06,2018-02,4,0,True,0.0,master,valid_observed_phase_at_origin,BASE,calibration,1,0,spectral_core,local_partition_rf,0,0.07,0,0.2
1357,2018-06,2018-02,4,0,True,0.0,master,valid_observed_phase_at_origin,BASE,calibration,1,3,spectral_core,local_partition_rf,0,0.07,0,0.1
1358,2018-06,2018-02,4,0,True,0.0,master,valid_observed_phase_at_origin,BASE,calibration,1,3,spectral_core,local_partition_rf,0,0.12,0,0.09
1359,2018-06,2018-02,4,0,True,0.0,master,valid_observed_phase_at_origin,BASE,calibration,1,0,spectral_core,local_partition_rf,0,0.26,0,0.38
1360,2018-06,2018-02,4,0,True,0.0,master,valid_observed_phase_at_origin,BASE,calibration,1,3,spectral_core,local_partition_rf,0,0.11,0,0.09
1361,2018-06,2018-02,4,0,True,0.0,master,valid_observed_phase_at_origin,BASE,calibration,1,3,spectral_core,local_partition_rf,0,0.11,0,0.06
1362,2018-06,2018-02,4,0,True,0.0,master,valid_observed_phase_at_origin,BASE,calibration,1,3,spectral_core,local_partition_rf,0,0.12,0,0.11
1363,2018-06,2018-02,4,0,True,0.0,master,valid_observed_phase_at_origin,BASE,calibration,1,3,spectral_core,local_partition_rf,0,0.41,0,0.3
1364,2018-06,2018-02,4,0,True,0.0,master,valid_observed_phase_at_origin,BASE,calibration,1,0,spectral_core,local_partition_rf,0,0.22,0,0.34
1365,2018-06,2018-02,4,0,True,0.0,master,valid_observed_phase_at_origin,BASE,calibration,1,3,spectral_core,local_partition_rf,0,0.12,0,0.09
1366,2018-06,2018-02,4,0,True,0.0,master,valid_observed_phase_at_origin,BASE,calibration,1,3,spectral_core,local_partition_rf,0,0.16,0,0.1
1367,2018-06,2018-02,4,0,True,0.0,master,valid_observed_phase_at_origin,BASE,calibration,1,3,spectral_core,local_partition_rf,0,0.22,0,0.08
1368,2018-06,2018-02,4,0,True,0.0,master,valid_observed_phase_at_origin,BASE,calibration,1,3,spectral_core,local_partition_rf,0,0.17,0,0.08
1369,2018-06,2018-02,4,0,True,0.0,master,valid_observed_phase_at_origin,BASE,calibration,1,3,spectral_core,local_partition_rf,0,0.16,0,0.09
1370,2018-06,2018-02,4,0,True,0.0,master,valid_observed_phase_at_origin,BASE,calibration,1,3,spectral_core,local_partition_rf,0,0.19,0,0.16
1371,2018-06,2018-02,4,0,True,1.0,master,valid_observed_phase_at_origin,BASE,calibration,1,12,spectral_core,local_partition_rf,1,0.64,0,0.44
1372,2018-06,2018-02,4,0,True,0.0,master,valid_observed_phase_at_origin,BASE,calibration,1,0,spectral_core,local_partition_rf,0,0.04,0,0.06
1373,2018-06,2018-02,4,0,True,0.0,master,valid_observed_phase_at_origin,BASE,calibration,1,0,spectral_core,local_partition_rf,0,0.02,0,0.12
1374,2018-06,2018-02,4,0,True,0.0,master,valid_observed_phase_at_origin,BASE,calibration,1,0,spectral_core,local_partition_rf,0,0.11,0,0.08
1375,2018-06,2018-02,4,1,True,1.0,master,valid_observed_phase_at_origin,BASE,calibration,1,12,spectral_core,local_partition_rf,1,0.63,0,0.45
1376,2018-06,2018-02,4,0,True,0.0,master,valid_observed_phase_at_origin,BASE,calibration,1,3,spectral_core,local_partition_rf,0,0.12,0,0.07
1377,2018-06,2018-02,4,0,True,0.0,master,valid_observed_phase_at_origin,BASE,calibration,1,0,spectral_core,local_partition_rf,0,0.11,0,0.18
1378,2018-06,2018-02,4,0,True,0.0,master,valid_observed_phase_at_origin,BASE,calibration,1,3,spectral_core,local_partition_rf,0,0.21,0,0.15
1379,2018-06,2018-02,4,0,True,0.0,master,valid_observed_phase_at_origin,BASE,calibration,1,3,spectral_core,local_partition_rf,0,0.14,0,0.09
1380,2018-06,2018-02,4,0,True,0.0,master,valid_observed_phase_at_origin,BASE,calibration,1,3,spectral_core,local_partition_rf,0,0.33,0,0.23
1381,2018-06,2018-02,4,0,True,0.0,master,valid_observed_phase_at_origin,BASE,calibration,1,3,spectral_core,local_partition_rf,0,0.11,0,0.03
1382,2018-06,2018-02,4,1,True,1.0,master,valid_observed_phase_at_origin,BASE,calibration,1,12,spectral_core,local_partition_rf,1,0.66,1,0.52
1383,2018-06,2018-02,4,0,True,0.0,master,valid_observed_phase_at_origin,BASE,calibration,1,3,spectral_core,local_partition_rf,0,0.09,0,0.12
1384,2018-06,2018-02,4,0,True,0.0,master,valid_observed_phase_at_origin,BASE,calibration,1,0,spectral_core,local_partition_rf,0,0.42,0,0.29
1385,2018-06,2018-02,4,1,True,1.0,master,valid_observed_phase_at_origin,BASE,calibration,1,12,spectral_core,local_partition_rf,1,0.59,0,0.45
1386,2018-06,2018-02,4,0,True,0.0,master,valid_observed_phase_at_origin,BASE,calibration,1,3,spectral_core,local_partition_rf,0,0.36,0,0.28
1387,2018-06,2018-02,4,0,True,0.0,master,valid_observed_phase_at_origin,BASE,calibration,1,0,spectral_core,local_partition_rf,0,0.24,0,0.37
1388,2018-06,2018-02,4,0,True,1.0,master,valid_observed_phase_at_origin,BASE,calibration,1,3,spectral_core,local_partition_rf,0,0.29,0,0.22
1389,2018-06,2018-02,4,0,True,0.0,master,valid_observed_phase_at_origin,BASE,calibration,1,3,spectral_core,local_partition_rf,0,0.14,0,0.15
1390,2018-06,2018-02,4,0,True,0.0,master,valid_observed_phase_at_origin,BASE,calibration,1,0,spectral_core,local_partition_rf,0,0.2,0,0.25
1391,2018-06,2018-02,4,0,True,0.0,master,valid_observed_phase_at_origin,BASE,calibration,1,3,spectral_core,local_partition_rf,0,0.13,0,0.12
1392,2018-06,2018-02,4,0,True,0.0,master,valid_observed_phase_at_origin,BASE,calibration,1,0,spectral_core,local_partition_rf,0,0.11,0,0.23
1393,2018-06,2018-02,4,0,True,0.0,master,valid_observed_phase_at_origin,BASE,calibration,1,0,spectral_core,local_partition_rf,0,0.08,0,0.18
1394,2018-06,2018-02,4,0,True,0.0,master,valid_observed_phase_at_origin,BASE,calibration,1,0,spectral_core,local_partition_rf,0,0.09,0,0.04
1395,2018-06,2018-02,4,0,True,0.0,master,valid_observed_phase_at_origin,BASE,calibration,1,0,spectral_core,local_partition_rf,0,0.07,0,0.08
1396,2018-06,2018-02,4,1,True,1.0,master,valid_observed_phase_at_origin,BASE,calibration,1,12,spectral_core,local_partition_rf,1,0.68,0,0.43
1397,2018-06,2018-02,4,0,True,0.0,master,valid_observed_phase_at_origin,BASE,calibration,1,0,spectral_core,local_partition_rf,0,0.08,0,0.17
1398,2018-06,2018-02,4,0,True,0.0,master,valid_observed_phase_at_origin,BASE,calibration,1,0,spectral_core,local_partition_rf,0,0.02,0,0.11
1399,2018-06,2018-02,4,0,True,0.0,master,valid_observed_phase_at_origin,BASE,calibration,1,0,spectral_core,local_partition_rf,0,0.06,0,0.11
1400,2018-06,2018-02,4,0,True,0.0,master,valid_observed_phase_at_origin,BASE,calibration,1,0,spectral_core,local_partition_rf,0,0.04,0,0.05
1401,2018-06,2018-02,4,0,True,0.0,master,valid_observed_phase_at_origin,BASE,calibration,1,0,spectral_core,local_partition_rf,0,0.11,0,0.07
1402,2018-06,2018-02,4,0,True,0.0,master,valid_observed_phase_at_origin,BASE,calibration,1,0,spectral_core,local_partition_rf,0,0.06,0,0.1
1403,2018-06,2018-02,4,0,True,0.0,master,valid_observed_phase_at_origin,BASE,calibration,1,3,spectral_core,local_partition_rf,0,0.08,0,0.06
1404,2018-06,2018-02,4,0,True,0.0,master,valid_observed_phase_at_origin,BASE,calibration,1,0,spectral_core,local_partition_rf,0,0.03,0,0.13
1405,2018-06,2018-02,4,0,True,0.0,master,valid_observed_phase_at_origin,BASE,calibration,1,3,spectral_core,local_partition_rf,0,0.39,0,0.2
1406,2018-06,2018-02,4,0,True,0.0,master,valid_observed_phase_at_origin,BASE,calibration,1,3,spectral_core,local_partition_rf,0,0.11,0,0.04
1407,2018-06,2018-02,4,0,True,0.0,master,valid_observed_phase_at_origin,BASE,calibration,1,12,spectral_core,local_partition_rf,0,0.28,0,0.29
1408,2018-06,2018-02,4,0,True,0.0,master,valid_observed_phase_at_origin,BASE,calibration,1,12,spectral_core,local_partition_rf,0,0.23,0,0.39
1409,2018-06,2018-02,4,0,True,0.0,master,valid_observed_phase_at_origin,BASE,calibration,1,12,spectral_core,local_partition_rf,0,0.27,0,0.33
1410,2018-06,2018-02,4,0,True,0.0,master,valid_observed_phase_at_origin,BASE,calibration,1,3,spectral_core,local_partition_rf,0,0.14,0,0.13
1411,2018-06,2018-02,4,0,True,0.0,master,valid_observed_phase_at_origin,BASE,calibration,1,3,spectral_core,local_partition_rf,0,0.14,0,0.06
1412,2018-06,2018-02,4,0,True,0.0,master,valid_observed_phase_at_origin,BASE,calibration,1,3,spectral_core,local_partition_rf,0,0.08,0,0.13
1413,2018-06,2018-02,4,0,True,0.0,master,valid_observed_phase_at_origin,BASE,calibration,1,0,spectral_core,local_partition_rf,0,0.02,0,0.07
1414,2018-06,2018-02,4,0,True,1.0,master,valid_observed_phase_at_origin,BASE,calibration,1,12,spectral_core,local_partition_rf,0,0.36,0,0.32
1415,2018-06,2018-02,4,0,True,1.0,master,valid_observed_phase_at_origin,BASE,calibration,1,12,spectral_core,local_partition_rf,0,0.44,0,0.36
1416,2018-06,2018-02,4,0,True,1.0,master,valid_observed_phase_at_origin,BASE,calibration,1,12,spectral_core,local_partition_rf,0,0.34,0,0.33
1417,2018-06,2018-02,4,0,True,0.0,master,valid_observed_phase_at_origin,BASE,calibration,1,3,spectral_core,local_partition_rf,0,0.18,0,0.11
1418,2018-06,2018-02,4,0,True,0.0,master,valid_observed_phase_at_origin,BASE,calibration,1,0,spectral_core,local_partition_rf,0,0.03,0,0.12
1419,2018-06,2018-02,4,0,True,0.0,master,valid_observed_phase_at_origin,BASE,calibration,1,0,spectral_core,local_partition_rf,0,0.2,0,0.29
1420,2018-06,2018-02,4,0,True,0.0,master,valid_observed_phase_at_origin,BASE,calibration,1,0,spectral_core,local_partition_rf,0,0.25,0,0.35
1421,2018-06,2018-02,4,0,True,0.0,master,valid_observed_phase_at_origin,BASE,calibration,1,0,spectral_core,local_partition_rf,0,0.11,0,0.17
1422,2018-06,2018-02,4,0,True,0.0,master,valid_observed_phase_at_origin,BASE,calibration,1,0,spectral_core,local_partition_rf,0,0.04,0,0.06
1423,2018-06,2018-02,4,1,True,1.0,master,valid_observed_phase_at_origin,BASE,calibration,1,3,spectral_core,local_partition_rf,0,0.28,0,0.24
1424,2018-06,2018-02,4,0,True,1.0,master,valid_observed_phase_at_origin,BASE,calibration,1,0,spectral_core,local_partition_rf,0,0.19,0,0.29
1425,2018-06,2018-02,4,0,True,0.0,master,valid_observed_phase_at_origin,BASE,calibration,1,0,spectral_core,local_partition_rf,0,0.02,0,0.1
1426,2018-06,2018-02,4,0,True,0.0,master,valid_observed_phase_at_origin,BASE,calibration,1,12,spectral_core,local_partition_rf,0,0.47,0,0.5
1427,2018-06,2018-02,4,0,True,0.0,master,valid_observed_phase_at_origin,BASE,calibration,1,3,spectral_core,local_partition_rf,0,0.1,0,0.02
1428,2018-06,2018-02,4,0,True,0.0,master,valid_observed_phase_at_origin,BASE,calibration,1,3,spectral_core,local_partition_rf,0,0.1,0,0.08
1429,2018-06,2018-02,4,0,True,0.0,master,valid_observed_phase_at_origin,BASE,calibration,1,0,spectral_core,local_partition_rf,0,0.01,0,0.06
1430,2018-06,2018-02,4,0,True,0.0,master,valid_observed_phase_at_origin,BASE,calibration,1,3,spectral_core,local_partition_rf,0,0.13,0,0.1
1431,2018-06,2018-02,4,0,True,0.0,master,valid_observed_phase_at_origin,BASE,calibration,1,3,spectral_core,local_partition_rf,0,0.18,0,0.08
1432,2018-06,2018-02,4,0,True,0.0,master,valid_observed_phase_at_origin,BASE,calibration,1,0,spectral_core,local_partition_rf,0,0.03,0,0.08
1433,2018-06,2018-02,4,0,True,0.0,master,valid_observed_phase_at_origin,BASE,calibration,1,0,spectral_core,local_partition_rf,0,0.04,0,0.1
1434,2018-06,2018-02,4,0,True,0.0,master,valid_observed_phase_at_origin,BASE,calibration,1,3,spectral_core,local_partition_rf,0,0.19,0,0.11
1435,2018-06,2018-02,4,0,True,0.0,master,valid_observed_phase_at_origin,BASE,calibration,1,0,spectral_core,local_partition_rf,0,0.22,0,0.25
1436,2018-06,2018-02,4,0,True,0.0,master,valid_observed_phase_at_origin,BASE,calibration,1,0,spectral_core,local_partition_rf,0,0.23,0,0.19
1437,2018-06,2018-02,4,0,True,0.0,master,valid_observed_phase_at_origin,BASE,calibration,1,0,spectral_core,local_partition_rf,0,0.13,0,0.16
1438,2018-06,2018-02,4,0,True,0.0,master,valid_observed_phase_at_origin,BASE,calibration,1,0,spectral_core,local_partition_rf,0,0.21,0,0.31
1439,2018-06,2018-02,4,0,True,1.0,master,valid_observed_phase_at_origin,BASE,calibration,1,3,spectral_core,local_partition_rf,0,0.2,0,0.26
1440,2018-06,2018-02,4,0,True,0.0,master,valid_observed_phase_at_origin,BASE,calibration,1,3,spectral_core,local_partition_rf,0,0.1,0,0.04
1441,2018-06,2018-02,4,0,True,0.0,master,valid_observed_phase_at_origin,BASE,calibration,1,3,spectral_core,local_partition_rf,0,0.07,0,0.08
1442,2018-06,2018-02,4,0,True,1.0,master,valid_observed_phase_at_origin,BASE,calibration,1,12,spectral_core,local_partition_rf,1,0.63,0,0.42
1443,2018-06,2018-02,4,1,True,1.0,master,valid_observed_phase_at_origin,BASE,calibration,1,12,spectral_core,local_partition_rf,1,0.6,0,0.35
1444,2018-06,2018-02,4,0,True,0.0,master,valid_observed_phase_at_origin,BASE,calibration,1,3,spectral_core,local_partition_rf,0,0.32,0,0.19
1445,2018-06,2018-02,4,0,True,0.0,master,valid_observed_phase_at_origin,BASE,calibration,1,3,spectral_core,local_partition_rf,0,0.26,0,0.07
1446,2018-06,2018-02,4,0,True,0.0,master,valid_observed_phase_at_origin,BASE,calibration,1,3,spectral_core,local_partition_rf,0,0.16,0,0.08
1447,2018-06,2018-02,4,0,True,1.0,master,valid_observed_phase_at_origin,BASE,calibration,1,3,spectral_core,local_partition_rf,0,0.24,0,0.27
1448,2018-06,2018-02,4,0,True,0.0,master,valid_observed_phase_at_origin,BASE,calibration,1,3,spectral_core,local_partition_rf,0,0.15,0,0.09
1449,2018-06,2018-02,4,0,True,0.0,master,valid_observed_phase_at_origin,BASE,calibration,1,0,spectral_core,local_partition_rf,0,0.25,0,0.31
1450,2018-06,2018-02,4,0,True,0.0,master,valid_observed_phase_at_origin,BASE,calibration,1,3,spectral_core,local_partition_rf,0,0.19,0,0.15
1451,2018-06,2018-02,4,0,True,1.0,master,valid_observed_phase_at_origin,BASE,calibration,1,3,spectral_core,local_partition_rf,0,0.23,0,0.18
1452,2018-06,2018-02,4,0,True,0.0,master,valid_observed_phase_at_origin,BASE,calibration,1,12,spectral_core,local_partition_rf,0,0.31,0,0.35
1453,2018-06,2018-02,4,0,True,0.0,master,valid_observed_phase_at_origin,BASE,calibration,1,3,spectral_core,local_partition_rf,0,0.15,0,0.11
1454,2018-06,2018-02,4,0,True,0.0,master,valid_observed_phase_at_origin,BASE,calibration,1,3,spectral_core,local_partition_rf,0,0.18,0,0.07
1455,2018-06,2018-02,4,1,True,0.0,master,valid_observed_phase_at_origin,BASE,calibration,1,12,spectral_core,local_partition_rf,0,0.29,0,0.38
1456,2018-06,2018-02,4,0,True,0.0,master,valid_observed_phase_at_origin,BASE,calibration,1,3,spectral_core,local_partition_rf,0,0.3,0,0.24
1457,2018-06,2018-02,4,0,True,0.0,master,valid_observed_phase_at_origin,BASE,calibration,1,3,spectral_core,local_partition_rf,0,0.37,0,0.24
1458,2018-06,2018-02,4,0,True,0.0,master,valid_observed_phase_at_origin,BASE,calibration,1,3,spectral_core,local_partition_rf,0,0.34,0,0.25
1459,2018-06,2018-02,4,1,True,1.0,master,valid_observed_phase_at_origin,BASE,calibration,1,12,spectral_core,local_partition_rf,1,0.65,1,0.53
1460,2018-06,2018-02,4,1,True,1.0,master,valid_observed_phase_at_origin,BASE,calibration,1,12,spectral_core,local_partition_rf,1,0.64,1,0.54
1461,2018-06,2018-02,4,0,True,0.0,master,valid_observed_phase_at_origin,BASE,calibration,1,3,spectral_core,local_partition_rf,0,0.08,0,0.08
1462,2018-06,2018-02,4,0,True,0.0,master,valid_observed_phase_at_origin,BASE,calibration,1,3,spectral_core,local_partition_rf,0,0.15,0,0.05
1463,2018-06,2018-02,4,0,True,1.0,master,valid_observed_phase_at_origin,BASE,calibration,1,3,spectral_core,local_partition_rf,0,0.24,0,0.22
1464,2018-06,2018-02,4,0,True,0.0,master,valid_observed_phase_at_origin,BASE,calibration,1,0,spectral_core,local_partition_rf,0,0.24,0,0.4
1465,2018-06,2018-02,4,0,True,0.0,master,valid_observed_phase_at_origin,BASE,calibration,1,0,spectral_core,local_partition_rf,0,0.22,0,0.43
1466,2018-06,2018-02,4,0,True,0.0,master,valid_observed_phase_at_origin,BASE,calibration,1,3,spectral_core,local_partition_rf,0,0.18,0,0.17
1467,2018-06,2018-02,4,0,True,0.0,master,valid_observed_phase_at_origin,BASE,calibration,1,3,spectral_core,local_partition_rf,0,0.31,0,0.26
1468,2018-06,2018-02,4,0,True,0.0,master,valid_observed_phase_at_origin,BASE,calibration,1,3,spectral_core,local_partition_rf,0,0.32,0,0.22
1469,2018-06,2018-02,4,0,True,0.0,master,valid_observed_phase_at_origin,BASE,calibration,1,3,spectral_core,local_partition_rf,0,0.14,0,0.07
1470,2018-06,2018-02,4,0,True,0.0,master,valid_observed_phase_at_origin,BASE,calibration,1,0,spectral_core,local_partition_rf,0,0.49,0,0.43
1471,2018-06,2018-02,4,0,True,0.0,master,valid_observed_phase_at_origin,BASE,calibration,1,3,spectral_core,local_partition_rf,0,0.16,0,0.08
1472,2018-06,2018-02,4,0,True,0.0,master,valid_observed_phase_at_origin,BASE,calibration,1,3,spectral_core,local_partition_rf,0,0.16,0,0.06
1473,2018-06,2018-02,4,0,True,0.0,master,valid_observed_phase_at_origin,BASE,calibration,1,0,spectral_core,local_partition_rf,0,0.27,0,0.21
1474,2018-06,2018-02,4,0,True,0.0,master,valid_observed_phase_at_origin,BASE,calibration,1,0,spectral_core,local_partition_rf,0,0.05,0,0.13
1475,2018-06,2018-02,4,0,True,0.0,master,valid_observed_phase_at_origin,BASE,calibration,1,0,spectral_core,local_partition_rf,0,0.05,0,0.09
1476,2018-06,2018-02,4,0,True,1.0,master,valid_observed_phase_at_origin,BASE,calibration,1,12,spectral_core,local_partition_rf,1,0.58,0,0.36
1477,2018-06,2018-02,4,0,True,0.0,master,valid_observed_phase_at_origin,BASE,calibration,1,0,spectral_core,local_partition_rf,0,0.12,0,0.18
1478,2018-06,2018-02,4,0,True,0.0,master,valid_observed_phase_at_origin,BASE,calibration,1,0,spectral_core,local_partition_rf,0,0.15,0,0.27
1479,2018-06,2018-02,4,0,True,0.0,master,valid_observed_phase_at_origin,BASE,calibration,1,0,spectral_core,local_partition_rf,0,0.22,0,0.3
1480,2018-06,2018-02,4,0,True,0.0,master,valid_observed_phase_at_origin,BASE,calibration,1,0,spectral_core,local_partition_rf,0,0.16,0,0.25
1481,2018-06,2018-02,4,0,True,0.0,master,valid_observed_phase_at_origin,BASE,calibration,1,0,spectral_core,local_partition_rf,0,0.14,0,0.32
1482,2018-06,2018-02,4,0,True,0.0,master,valid_observed_phase_at_origin,BASE,calibration,1,3,spectral_core,local_partition_rf,0,0.18,0,0.1
1483,2018-06,2018-02,4,0,True,0.0,master,valid_observed_phase_at_origin,BASE,calibration,1,3,spectral_core,local_partition_rf,0,0.19,0,0.11
1484,2018-06,2018-02,4,1,True,1.0,master,valid_observed_phase_at_origin,BASE,calibration,1,12,spectral_core,local_partition_rf,1,0.71,0,0.48
1485,2018-06,2018-02,4,0,True,0.0,master,valid_observed_phase_at_origin,BASE,calibration,1,0,spectral_core,local_partition_rf,0,0.32,0,0.4
1486,2018-06,2018-02,4,1,True,1.0,master,valid_observed_phase_at_origin,BASE,calibration,1,12,spectral_core,local_partition_rf,1,0.52,0,0.37
1487,2018-06,2018-02,4,1,True,1.0,master,valid_observed_phase_at_origin,BASE,calibration,1,12,spectral_core,local_partition_rf,1,0.67,0,0.43
1488,2018-06,2018-02,4,0,True,0.0,master,valid_observed_phase_at_origin,BASE,calibration,1,3,spectral_core,local_partition_rf,0,0.24,0,0.3
1489,2018-06,2018-02,4,0,True,1.0,master,valid_observed_phase_at_origin,BASE,calibration,1,12,spectral_core,local_partition_rf,1,0.65,0,0.41
1490,2018-06,2018-02,4,0,True,0.0,master,valid_observed_phase_at_origin,BASE,calibration,1,0,spectral_core,local_partition_rf,0,0.18,0,0.25
1491,2018-06,2018-02,4,0,True,0.0,master,valid_observed_phase_at_origin,BASE,calibration,1,0,spectral_core,local_partition_rf,0,0.19,0,0.26
1492,2018-06,2018-02,4,0,True,0.0,master,valid_observed_phase_at_origin,BASE,calibration,1,3,spectral_core,local_partition_rf,0,0.18,0,0.06
1493,2018-06,2018-02,4,0,True,0.0,master,valid_observed_phase_at_origin,BASE,calibration,1,0,spectral_core,local_partition_rf,0,0.06,0,0.07
1494,2018-06,2018-02,4,0,True,0.0,master,valid_observed_phase_at_origin,BASE,calibration,1,0,spectral_core,local_partition_rf,0,0.09,0,0.22
1495,2018-06,2018-02,4,0,True,0.0,master,valid_observed_phase_at_origin,BASE,calibration,1,0,spectral_core,local_partition_rf,0,0.18,0,0.25
1496,2018-06,2018-02,4,0,True,0.0,master,valid_observed_phase_at_origin,BASE,calibration,1,0,spectral_core,local_partition_rf,0,0.18,0,0.25
1497,2018-06,2018-02,4,0,True,0.0,master,valid_observed_phase_at_origin,BASE,calibration,1,0,spectral_core,local_partition_rf,0,0.16,0,0.21
1498,2018-06,2018-02,4,0,True,0.0,master,valid_observed_phase_at_origin,BASE,calibration,1,3,spectral_core,local_partition_rf,0,0.16,0,0.06
1499,2018-06,2018-02,4,0,True,0.0,master,valid_observed_phase_at_origin,BASE,calibration,1,0,spectral_core,local_partition_rf,0,0.05,0,0.09
1500,2018-06,2018-02,4,0,True,0.0,master,valid_observed_phase_at_origin,BASE,calibration,1,0,spectral_core,local_partition_rf,0,0.06,0,0.08
1501,2018-06,2018-02,4,0,True,0.0,master,valid_observed_phase_at_origin,BASE,calibration,1,3,spectral_core,local_partition_rf,0,0.19,0,0.08
1502,2018-06,2018-02,4,0,True,0.0,master,valid_observed_phase_at_origin,BASE,calibration,1,3,spectral_core,local_partition_rf,0,0.16,0,0.06
1503,2018-06,2018-02,4,0,True,0.0,master,valid_observed_phase_at_origin,BASE,calibration,1,0,spectral_core,local_partition_rf,0,0.06,0,0.14
1504,2018-06,2018-02,4,0,True,0.0,master,valid_observed_phase_at_origin,BASE,calibration,1,0,spectral_core,local_partition_rf,0,0.14,0,0.25
1505,2018-06,2018-02,4,0,True,0.0,master,valid_observed_phase_at_origin,BASE,calibration,1,0,spectral_core,local_partition_rf,0,0.3,0,0.44
1506,2018-06,2018-02,4,0,True,0.0,master,valid_observed_phase_at_origin,BASE,calibration,1,12,spectral_core,local_partition_rf,0,0.33,0,0.37
1507,2018-06,2018-02,4,0,True,0.0,master,valid_observed_phase_at_origin,BASE,calibration,1,12,spectral_core,local_partition_rf,0,0.43,1,0.55
1508,2018-06,2018-02,4,0,True,0.0,master,valid_observed_phase_at_origin,BASE,calibration,1,0,spectral_core,local_partition_rf,0,0.27,0,0.33
1509,2018-06,2018-02,4,0,True,0.0,master,valid_observed_phase_at_origin,BASE,calibration,1,0,spectral_core,local_partition_rf,0,0.26,0,0.41
1510,2018-06,2018-02,4,0,True,0.0,master,valid_observed_phase_at_origin,BASE,calibration,1,3,spectral_core,local_partition_rf,0,0.11,0,0.09
1511,2018-06,2018-02,4,0,True,0.0,master,valid_observed_phase_at_origin,BASE,calibration,1,3,spectral_core,local_partition_rf,0,0.13,0,0.12
1512,2018-06,2018-02,4,0,True,0.0,master,valid_observed_phase_at_origin,BASE,calibration,1,0,spectral_core,local_partition_rf,0,0.0,0,0.04
1513,2018-06,2018-02,4,0,True,0.0,master,valid_observed_phase_at_origin,BASE,calibration,1,0,spectral_core,local_partition_rf,0,0.07,0,0.12
1514,2018-06,2018-02,4,0,True,0.0,master,valid_observed_phase_at_origin,BASE,calibration,1,12,spectral_core,local_partition_rf,0,0.41,0,0.39
1515,2018-06,2018-02,4,0,True,0.0,master,valid_observed_phase_at_origin,BASE,calibration,1,0,spectral_core,local_partition_rf,0,0.37,0,0.33
1516,2018-06,2018-02,4,1,True,1.0,master,valid_observed_phase_at_origin,BASE,calibration,1,12,spectral_core,local_partition_rf,1,0.71,1,0.56
1517,2018-06,2018-02,4,0,True,0.0,master,valid_observed_phase_at_origin,BASE,calibration,1,0,spectral_core,local_partition_rf,0,0.03,0,0.07
1518,2018-06,2018-02,4,1,True,1.0,master,valid_observed_phase_at_origin,BASE,calibration,1,12,spectral_core,local_partition_rf,0,0.45,0,0.31
1519,2018-06,2018-02,4,1,True,1.0,master,valid_observed_phase_at_origin,BASE,calibration,1,3,spectral_core,local_partition_rf,0,0.36,0,0.27
1520,2018-06,2018-02,4,0,True,0.0,master,valid_observed_phase_at_origin,BASE,calibration,1,0,spectral_core,local_partition_rf,0,0.1,0,0.17
1521,2018-06,2018-02,4,0,True,0.0,master,valid_observed_phase_at_origin,BASE,calibration,1,0,spectral_core,local_partition_rf,0,0.08,0,0.1
1522,2018-06,2018-02,4,0,True,0.0,master,valid_observed_phase_at_origin,BASE,calibration,1,0,spectral_core,local_partition_rf,0,0.19,0,0.18
1523,2018-06,2018-02,4,0,True,0.0,master,valid_observed_phase_at_origin,BASE,calibration,1,0,spectral_core,local_partition_rf,0,0.47,1,0.52
1524,2018-06,2018-02,4,0,True,0.0,master,valid_observed_phase_at_origin,BASE,calibration,1,3,spectral_core,local_partition_rf,0,0.11,0,0.08
1525,2018-06,2018-02,4,0,True,0.0,master,valid_observed_phase_at_origin,BASE,calibration,1,3,spectral_core,local_partition_rf,0,0.28,0,0.18
1526,2018-06,2018-02,4,0,True,0.0,master,valid_observed_phase_at_origin,BASE,calibration,1,3,spectral_core,local_partition_rf,0,0.09,0,0.09
1527,2018-06,2018-02,4,1,True,1.0,master,valid_observed_phase_at_origin,BASE,calibration,1,12,spectral_core,local_partition_rf,1,0.59,0,0.46
1528,2018-06,2018-02,4,1,True,1.0,master,valid_observed_phase_at_origin,BASE,calibration,1,12,spectral_core,local_partition_rf,1,0.67,1,0.55
1529,2018-06,2018-02,4,0,True,0.0,master,valid_observed_phase_at_origin,BASE,calibration,1,3,spectral_core,local_partition_rf,0,0.1,0,0.16
1530,2018-06,2018-02,4,0,True,0.0,master,valid_observed_phase_at_origin,BASE,calibration,1,3,spectral_core,local_partition_rf,0,0.14,0,0.15
1531,2018-06,2018-02,4,0,True,0.0,master,valid_observed_phase_at_origin,BASE,calibration,1,3,spectral_core,local_partition_rf,0,0.13,0,0.08
1532,2018-06,2018-02,4,0,True,0.0,master,valid_observed_phase_at_origin,BASE,calibration,1,0,spectral_core,local_partition_rf,0,0.19,0,0.24
1533,2018-06,2018-02,4,0,True,1.0,master,valid_observed_phase_at_origin,BASE,calibration,1,12,spectral_core,local_partition_rf,0,0.36,0,0.32
1534,2018-06,2018-02,4,0,True,0.0,master,valid_observed_phase_at_origin,BASE,calibration,1,3,spectral_core,local_partition_rf,0,0.33,0,0.15
1535,2018-06,2018-02,4,0,True,0.0,master,valid_observed_phase_at_origin,BASE,calibration,1,3,spectral_core,local_partition_rf,0,0.31,0,0.17
1536,2018-06,2018-02,4,1,True,1.0,master,valid_observed_phase_at_origin,BASE,calibration,1,12,spectral_core,local_partition_rf,1,0.62,0,0.41
1537,2018-06,2018-02,4,0,True,0.0,master,valid_observed_phase_at_origin,BASE,calibration,1,3,spectral_core,local_partition_rf,0,0.12,0,0.12
1538,2018-06,2018-02,4,0,True,0.0,master,valid_observed_phase_at_origin,BASE,calibration,1,0,spectral_core,local_partition_rf,0,0.37,0,0.37
1539,2018-06,2018-02,4,0,True,0.0,master,valid_observed_phase_at_origin,BASE,calibration,1,0,spectral_core,local_partition_rf,0,0.27,0,0.23
1540,2018-06,2018-02,4,0,True,0.0,master,valid_observed_phase_at_origin,BASE,calibration,1,3,spectral_core,local_partition_rf,0,0.08,0,0.09
1541,2018-06,2018-02,4,0,True,0.0,master,valid_observed_phase_at_origin,BASE,calibration,1,3,spectral_core,local_partition_rf,0,0.17,0,0.11
1542,2018-06,2018-02,4,0,True,0.0,master,valid_observed_phase_at_origin,BASE,calibration,1,3,spectral_core,local_partition_rf,0,0.39,0,0.22
1543,2018-06,2018-02,4,1,True,0.0,master,valid_observed_phase_at_origin,BASE,calibration,1,3,spectral_core,local_partition_rf,0,0.1,0,0.07
1544,2018-06,2018-02,4,1,True,0.0,master,valid_observed_phase_at_origin,BASE,calibration,1,3,spectral_core,local_partition_rf,0,0.15,0,0.14
1545,2018-06,2018-02,4,0,True,0.0,master,valid_observed_phase_at_origin,BASE,calibration,1,0,spectral_core,local_partition_rf,0,0.38,0,0.39
1546,2018-06,2018-02,4,0,True,0.0,master,valid_observed_phase_at_origin,BASE,calibration,1,3,spectral_core,local_partition_rf,0,0.16,0,0.12
1547,2018-06,2018-02,4,1,True,0.0,master,valid_observed_phase_at_origin,BASE,calibration,1,3,spectral_core,local_partition_rf,0,0.14,0,0.15
1548,2018-06,2018-02,4,0,True,0.0,master,valid_observed_phase_at_origin,BASE,calibration,1,12,spectral_core,local_partition_rf,0,0.29,0,0.25
1549,2018-06,2018-02,4,0,True,0.0,master,valid_observed_phase_at_origin,BASE,calibration,1,3,spectral_core,local_partition_rf,0,0.16,0,0.11
1550,2018-06,2018-02,4,0,True,0.0,master,valid_observed_phase_at_origin,BASE,calibration,1,0,spectral_core,local_partition_rf,0,0.05,0,0.19
1551,2018-06,2018-02,4,0,True,0.0,master,valid_observed_phase_at_origin,BASE,calibration,1,12,spectral_core,local_partition_rf,0,0.35,0,0.44
1552,2018-06,2018-02,4,0,True,0.0,master,valid_observed_phase_at_origin,BASE,calibration,1,3,spectral_core,local_partition_rf,0,0.1,0,0.06
1553,2018-06,2018-02,4,0,True,0.0,master,valid_observed_phase_at_origin,BASE,calibration,1,0,spectral_core,local_partition_rf,0,0.19,0,0.26
1554,2018-06,2018-02,4,0,True,0.0,master,valid_observed_phase_at_origin,BASE,calibration,1,0,spectral_core,local_partition_rf,0,0.28,0,0.36
1555,2018-06,2018-02,4,0,True,0.0,master,valid_observed_phase_at_origin,BASE,calibration,1,0,spectral_core,local_partition_rf,0,0.04,0,0.14
1556,2018-06,2018-02,4,0,True,0.0,master,valid_observed_phase_at_origin,BASE,calibration,1,3,spectral_core,local_partition_rf,0,0.15,0,0.12
1557,2018-06,2018-02,4,0,True,0.0,master,valid_observed_phase_at_origin,BASE,calibration,1,3,spectral_core,local_partition_rf,0,0.08,0,0.03
1558,2018-06,2018-02,4,0,True,0.0,master,valid_observed_phase_at_origin,BASE,calibration,1,3,spectral_core,local_partition_rf,0,0.12,0,0.14
1559,2018-06,2018-02,4,0,True,0.0,master,valid_observed_phase_at_origin,BASE,calibration,1,3,spectral_core,local_partition_rf,0,0.14,0,0.06
1560,2018-06,2018-02,4,0,True,0.0,master,valid_observed_phase_at_origin,BASE,calibration,1,0,spectral_core,local_partition_rf,0,0.41,0,0.39
1561,2018-06,2018-02,4,0,True,0.0,master,valid_observed_phase_at_origin,BASE,calibration,1,3,spectral_core,local_partition_rf,0,0.09,0,0.03
1562,2018-06,2018-02,4,0,True,0.0,master,valid_observed_phase_at_origin,BASE,calibration,1,3,spectral_core,local_partition_rf,0,0.13,0,0.07
1563,2018-06,2018-02,4,0,True,0.0,master,valid_observed_phase_at_origin,BASE,calibration,1,3,spectral_core,local_partition_rf,0,0.17,0,0.07
1564,2018-06,2018-02,4,0,True,0.0,master,valid_observed_phase_at_origin,BASE,calibration,1,0,spectral_core,local_partition_rf,0,0.02,0,0.05
1565,2018-06,2018-02,4,0,True,0.0,master,valid_observed_phase_at_origin,BASE,calibration,1,3,spectral_core,local_partition_rf,0,0.11,0,0.12
1566,2018-06,2018-02,4,0,True,0.0,master,valid_observed_phase_at_origin,BASE,calibration,1,0,spectral_core,local_partition_rf,0,0.23,0,0.25
1567,2018-06,2018-02,4,0,True,0.0,master,valid_observed_phase_at_origin,BASE,calibration,1,3,spectral_core,local_partition_rf,0,0.11,0,0.05
1568,2018-06,2018-02,4,0,True,0.0,master,valid_observed_phase_at_origin,BASE,calibration,1,0,spectral_core,local_partition_rf,0,0.04,0,0.13
1569,2018-06,2018-02,4,0,True,0.0,master,valid_observed_phase_at_origin,BASE,calibration,1,3,spectral_core,local_partition_rf,0,0.36,0,0.15
1570,2018-06,2018-02,4,0,True,0.0,master,valid_observed_phase_at_origin,BASE,calibration,1,3,spectral_core,local_partition_rf,0,0.08,0,0.08
1571,2018-06,2018-02,4,0,True,0.0,master,valid_observed_phase_at_origin,BASE,calibration,1,3,spectral_core,local_partition_rf,0,0.07,0,0.09
1572,2018-06,2018-02,4,0,True,0.0,master,valid_observed_phase_at_origin,BASE,calibration,1,3,spectral_core,local_partition_rf,0,0.11,0,0.03
1573,2018-06,2018-02,4,0,True,0.0,master,valid_observed_phase_at_origin,BASE,calibration,1,0,spectral_core,local_partition_rf,0,0.03,0,0.06
1574,2018-06,2018-02,4,0,True,0.0,master,valid_observed_phase_at_origin,BASE,calibration,1,3,spectral_core,local_partition_rf,0,0.23,0,0.17
1575,2018-06,2018-02,4,0,True,0.0,master,valid_observed_phase_at_origin,BASE,calibration,1,3,spectral_core,local_partition_rf,0,0.21,0,0.17
1576,2018-06,2018-02,4,0,True,0.0,master,valid_observed_phase_at_origin,BASE,calibration,1,12,spectral_core,local_partition_rf,0,0.31,0,0.37
1577,2018-06,2018-02,4,0,True,0.0,master,valid_observed_phase_at_origin,BASE,calibration,1,3,spectral_core,local_partition_rf,0,0.15,0,0.13
1578,2018-06,2018-02,4,0,True,0.0,master,valid_observed_phase_at_origin,BASE,calibration,1,0,spectral_core,local_partition_rf,0,0.21,0,0.26
1579,2018-06,2018-02,4,0,True,0.0,master,valid_observed_phase_at_origin,BASE,calibration,1,0,spectral_core,local_partition_rf,0,0.26,0,0.25
1580,2018-06,2018-02,4,0,True,0.0,master,valid_observed_phase_at_origin,BASE,calibration,1,3,spectral_core,local_partition_rf,0,0.2,0,0.12
1581,2018-06,2018-02,4,0,True,0.0,master,valid_observed_phase_at_origin,BASE,calibration,1,3,spectral_core,local_partition_rf,0,0.21,0,0.13
1582,2018-06,2018-02,4,0,True,0.0,master,valid_observed_phase_at_origin,BASE,calibration,1,3,spectral_core,local_partition_rf,0,0.17,0,0.09
1583,2018-06,2018-02,4,0,True,0.0,master,valid_observed_phase_at_origin,BASE,calibration,1,3,spectral_core,local_partition_rf,0,0.05,0,0.08
1584,2018-06,2018-02,4,0,True,0.0,master,valid_observed_phase_at_origin,BASE,calibration,1,3,spectral_core,local_partition_rf,0,0.06,0,0.08
1585,2018-06,2018-02,4,1,True,1.0,master,valid_observed_phase_at_origin,BASE,calibration,1,12,spectral_core,local_partition_rf,1,0.71,0,0.44
1586,2018-06,2018-02,4,1,True,1.0,master,valid_observed_phase_at_origin,BASE,calibration,1,12,spectral_core,local_partition_rf,1,0.67,0,0.5
1587,2018-06,2018-02,4,1,True,1.0,master,valid_observed_phase_at_origin,BASE,calibration,1,12,spectral_core,local_partition_rf,1,0.72,1,0.51
1588,2018-06,2018-02,4,0,True,0.0,master,valid_observed_phase_at_origin,BASE,calibration,1,3,spectral_core,local_partition_rf,0,0.21,0,0.16
1589,2018-06,2018-02,4,0,True,1.0,master,valid_observed_phase_at_origin,BASE,calibration,1,12,spectral_core,local_partition_rf,1,0.61,0,0.48
1590,2018-06,2018-02,4,0,True,1.0,master,valid_observed_phase_at_origin,BASE,calibration,1,12,spectral_core,local_partition_rf,0,0.35,0,0.33
1591,2018-06,2018-02,4,0,True,0.0,master,valid_observed_phase_at_origin,BASE,calibration,1,0,spectral_core,local_partition_rf,0,0.3,0,0.17
1592,2018-06,2018-02,4,0,True,0.0,master,valid_observed_phase_at_origin,BASE,calibration,1,3,spectral_core,local_partition_rf,0,0.24,0,0.2
1593,2018-06,2018-02,4,1,True,0.0,master,valid_observed_phase_at_origin,BASE,calibration,1,12,spectral_core,local_partition_rf,1,0.52,0,0.42
1594,2018-06,2018-02,4,0,True,0.0,master,valid_observed_phase_at_origin,BASE,calibration,1,3,spectral_core,local_partition_rf,0,0.13,0,0.11
1595,2018-06,2018-02,4,0,True,0.0,master,valid_observed_phase_at_origin,BASE,calibration,1,3,spectral_core,local_partition_rf,0,0.19,0,0.07
1596,2018-06,2018-02,4,0,True,0.0,master,valid_observed_phase_at_origin,BASE,calibration,1,3,spectral_core,local_partition_rf,0,0.22,0,0.21
1597,2018-06,2018-02,4,0,True,0.0,master,valid_observed_phase_at_origin,BASE,calibration,1,0,spectral_core,local_partition_rf,0,0.05,0,0.11
1598,2018-06,2018-02,4,0,True,0.0,master,valid_observed_phase_at_origin,BASE,calibration,1,0,spectral_core,local_partition_rf,0,0.08,0,0.16
1599,2018-06,2018-02,4,0,True,0.0,master,valid_observed_phase_at_origin,BASE,calibration,1,0,spectral_core,local_partition_rf,0,0.07,0,0.16
1600,2018-06,2018-02,4,0,True,0.0,master,valid_observed_phase_at_origin,BASE,calibration,1,0,spectral_core,local_partition_rf,0,0.07,0,0.06
1601,2018-06,2018-02,4,1,True,1.0,master,valid_observed_phase_at_origin,BASE,calibration,1,3,spectral_core,local_partition_rf,0,0.19,0,0.2
1602,2018-06,2018-02,4,0,True,0.0,master,valid_observed_phase_at_origin,BASE,calibration,1,3,spectral_core,local_partition_rf,0,0.14,0,0.1
1603,2018-06,2018-02,4,0,True,0.0,master,valid_observed_phase_at_origin,BASE,calibration,1,3,spectral_core,local_partition_rf,0,0.16,0,0.1
1604,2018-06,2018-02,4,0,True,0.0,master,valid_observed_phase_at_origin,BASE,calibration,1,3,spectral_core,local_partition_rf,0,0.21,0,0.19
1605,2018-06,2018-02,4,1,True,1.0,master,valid_observed_phase_at_origin,BASE,calibration,1,12,spectral_core,local_partition_rf,1,0.56,0,0.4
1606,2018-06,2018-02,4,0,True,0.0,master,valid_observed_phase_at_origin,BASE,calibration,1,12,spectral_core,local_partition_rf,0,0.3,0,0.34
1607,2018-06,2018-02,4,0,True,0.0,master,valid_observed_phase_at_origin,BASE,calibration,1,12,spectral_core,local_partition_rf,0,0.3,0,0.33
1608,2018-06,2018-02,4,0,True,0.0,master,valid_observed_phase_at_origin,BASE,calibration,1,3,spectral_core,local_partition_rf,0,0.14,0,0.11
1609,2018-06,2018-02,4,0,True,0.0,master,valid_observed_phase_at_origin,BASE,calibration,1,12,spectral_core,local_partition_rf,0,0.41,0,0.47
1610,2018-06,2018-02,4,0,True,0.0,master,valid_observed_phase_at_origin,BASE,calibration,1,0,spectral_core,local_partition_rf,0,0.0,0,0.04
1611,2018-06,2018-02,4,0,True,0.0,master,valid_observed_phase_at_origin,BASE,calibration,1,0,spectral_core,local_partition_rf,0,0.08,0,0.08
1612,2018-06,2018-02,4,0,True,0.0,master,valid_observed_phase_at_origin,BASE,calibration,1,0,spectral_core,local_partition_rf,0,0.23,0,0.25
1613,2018-06,2018-02,4,0,True,0.0,master,valid_observed_phase_at_origin,BASE,calibration,1,0,spectral_core,local_partition_rf,0,0.08,0,0.13
1614,2018-06,2018-02,4,1,True,1.0,master,valid_observed_phase_at_origin,BASE,calibration,1,3,spectral_core,local_partition_rf,0,0.3,0,0.24
1615,2018-06,2018-02,4,0,True,0.0,master,valid_observed_phase_at_origin,BASE,calibration,1,3,spectral_core,local_partition_rf,0,0.07,0,0.07
1616,2018-06,2018-02,4,0,True,0.0,master,valid_observed_phase_at_origin,BASE,calibration,1,3,spectral_core,local_partition_rf,0,0.13,0,0.07
1617,2018-06,2018-02,4,0,True,0.0,master,valid_observed_phase_at_origin,BASE,calibration,1,3,spectral_core,local_partition_rf,0,0.14,0,0.05
1618,2018-06,2018-02,4,0,True,0.0,master,valid_observed_phase_at_origin,BASE,calibration,1,0,spectral_core,local_partition_rf,0,0.24,0,0.33
1619,2018-06,2018-02,4,0,True,0.0,master,valid_observed_phase_at_origin,BASE,calibration,1,3,spectral_core,local_partition_rf,0,0.09,0,0.09
1620,2018-06,2018-02,4,0,True,0.0,master,valid_observed_phase_at_origin,BASE,calibration,1,0,spectral_core,local_partition_rf,0,0.15,0,0.31
1621,2018-06,2018-02,4,0,True,0.0,master,valid_observed_phase_at_origin,BASE,calibration,1,3,spectral_core,local_partition_rf,0,0.1,0,0.1
1622,2018-06,2018-02,4,1,True,0.0,master,valid_observed_phase_at_origin,BASE,calibration,1,0,spectral_core,local_partition_rf,0,0.36,0,0.37
1623,2018-06,2018-02,4,0,True,0.0,master,valid_observed_phase_at_origin,BASE,calibration,1,3,spectral_core,local_partition_rf,0,0.17,0,0.06
1624,2018-06,2018-02,4,1,True,1.0,master,valid_observed_phase_at_origin,BASE,calibration,1,3,spectral_core,local_partition_rf,0,0.22,0,0.23
1625,2018-06,2018-02,4,0,True,0.0,master,valid_observed_phase_at_origin,BASE,calibration,1,0,spectral_core,local_partition_rf,0,0.22,0,0.21
1626,2018-06,2018-02,4,0,True,0.0,master,valid_observed_phase_at_origin,BASE,calibration,1,0,spectral_core,local_partition_rf,0,0.06,0,0.13
1627,2018-06,2018-02,4,0,True,1.0,master,valid_observed_phase_at_origin,BASE,calibration,1,12,spectral_core,local_partition_rf,1,0.59,0,0.43
1628,2018-06,2018-02,4,0,True,0.0,master,valid_observed_phase_at_origin,BASE,calibration,1,3,spectral_core,local_partition_rf,0,0.15,0,0.1
1629,2018-06,2018-02,4,0,True,1.0,master,valid_observed_phase_at_origin,BASE,calibration,1,3,spectral_core,local_partition_rf,0,0.22,0,0.2
1630,2018-06,2018-02,4,1,True,1.0,master,valid_observed_phase_at_origin,BASE,calibration,1,3,spectral_core,local_partition_rf,0,0.31,0,0.26
1631,2018-06,2018-02,4,0,True,0.0,master,valid_observed_phase_at_origin,BASE,calibration,1,3,spectral_core,local_partition_rf,0,0.06,0,0.08
1632,2018-06,2018-02,4,1,True,0.0,master,valid_observed_phase_at_origin,BASE,calibration,1,12,spectral_core,local_partition_rf,0,0.42,0,0.42
1633,2018-06,2018-02,4,0,True,0.0,master,valid_observed_phase_at_origin,BASE,calibration,1,12,spectral_core,local_partition_rf,0,0.26,0,0.28
1634,2018-06,2018-02,4,0,True,0.0,master,valid_observed_phase_at_origin,BASE,calibration,1,3,spectral_core,local_partition_rf,0,0.07,0,0.05
1635,2018-06,2018-02,4,0,True,0.0,master,valid_observed_phase_at_origin,BASE,calibration,1,0,spectral_core,local_partition_rf,0,0.04,0,0.08
1636,2018-06,2018-02,4,0,True,0.0,master,valid_observed_phase_at_origin,BASE,calibration,1,0,spectral_core,local_partition_rf,0,0.29,0,0.25
1637,2018-06,2018-02,4,0,True,0.0,master,valid_observed_phase_at_origin,BASE,calibration,1,0,spectral_core,local_partition_rf,0,0.26,0,0.26
1638,2018-06,2018-02,4,0,True,0.0,master,valid_observed_phase_at_origin,BASE,calibration,1,0,spectral_core,local_partition_rf,0,0.26,0,0.4
1639,2018-06,2018-02,4,0,True,0.0,master,valid_observed_phase_at_origin,BASE,calibration,1,3,spectral_core,local_partition_rf,0,0.15,0,0.15
1640,2018-06,2018-02,4,0,True,0.0,master,valid_observed_phase_at_origin,BASE,calibration,1,3,spectral_core,local_partition_rf,0,0.15,0,0.07
1641,2018-06,2018-02,4,0,True,0.0,master,valid_observed_phase_at_origin,BASE,calibration,1,12,spectral_core,local_partition_rf,0,0.49,0,0.46
1642,2018-06,2018-02,4,0,True,0.0,master,valid_observed_phase_at_origin,BASE,calibration,1,12,spectral_core,local_partition_rf,0,0.35,0,0.41
1643,2018-06,2018-02,4,0,True,0.0,master,valid_observed_phase_at_origin,BASE,calibration,1,0,spectral_core,local_partition_rf,0,0.09,0,0.19
1644,2018-06,2018-02,4,0,True,0.0,master,valid_observed_phase_at_origin,BASE,calibration,1,0,spectral_core,local_partition_rf,0,0.17,0,0.31
1645,2018-06,2018-02,4,0,True,0.0,master,valid_observed_phase_at_origin,BASE,calibration,1,0,spectral_core,local_partition_rf,0,0.12,0,0.33
1646,2018-06,2018-02,4,0,True,0.0,master,valid_observed_phase_at_origin,BASE,calibration,1,12,spectral_core,local_partition_rf,0,0.29,0,0.34
1647,2018-06,2018-02,4,0,True,0.0,master,valid_observed_phase_at_origin,BASE,calibration,1,3,spectral_core,local_partition_rf,0,0.11,0,0.06
1648,2018-06,2018-02,4,0,True,0.0,master,valid_observed_phase_at_origin,BASE,calibration,1,3,spectral_core,local_partition_rf,0,0.09,0,0.04
1649,2018-06,2018-02,4,1,True,1.0,master,valid_observed_phase_at_origin,BASE,calibration,1,12,spectral_core,local_partition_rf,0,0.43,0,0.38
1650,2018-06,2018-02,4,0,True,0.0,master,valid_observed_phase_at_origin,BASE,calibration,1,3,spectral_core,local_partition_rf,0,0.32,0,0.22
1651,2018-06,2018-02,4,0,True,0.0,master,valid_observed_phase_at_origin,BASE,calibration,1,0,spectral_core,local_partition_rf,0,0.5,0,0.44
1652,2018-06,2018-02,4,0,True,1.0,master,valid_observed_phase_at_origin,BASE,calibration,1,12,spectral_core,local_partition_rf,1,0.64,0,0.35
1653,2018-06,2018-02,4,0,True,0.0,master,valid_observed_phase_at_origin,BASE,calibration,1,12,spectral_core,local_partition_rf,0,0.34,0,0.36
1654,2018-06,2018-02,4,0,True,0.0,master,valid_observed_phase_at_origin,BASE,calibration,1,3,spectral_core,local_partition_rf,0,0.11,0,0.08
1655,2018-06,2018-02,4,1,True,1.0,master,valid_observed_phase_at_origin,BASE,calibration,1,12,spectral_core,local_partition_rf,1,0.6,0,0.43
1656,2018-06,2018-02,4,0,True,0.0,master,valid_observed_phase_at_origin,BASE,calibration,1,3,spectral_core,local_partition_rf,0,0.05,0,0.02
1657,2018-06,2018-02,4,0,True,0.0,master,valid_observed_phase_at_origin,BASE,calibration,1,12,spectral_core,local_partition_rf,0,0.28,0,0.38
1658,2018-06,2018-02,4,0,True,0.0,master,valid_observed_phase_at_origin,BASE,calibration,1,12,spectral_core,local_partition_rf,0,0.25,0,0.38
1659,2018-06,2018-02,4,0,True,0.0,master,valid_observed_phase_at_origin,BASE,calibration,1,12,spectral_core,local_partition_rf,0,0.23,0,0.26
1660,2018-06,2018-02,4,1,True,0.0,master,valid_observed_phase_at_origin,BASE,calibration,1,3,spectral_core,local_partition_rf,0,0.07,0,0.06
1661,2018-06,2018-02,4,0,True,1.0,master,valid_observed_phase_at_origin,BASE,calibration,1,12,spectral_core,local_partition_rf,1,0.51,0,0.38
1662,2018-06,2018-02,4,0,True,0.0,master,valid_observed_phase_at_origin,BASE,calibration,1,3,spectral_core,local_partition_rf,0,0.06,0,0.08
1663,2018-06,2018-02,4,0,True,0.0,master,valid_observed_phase_at_origin,BASE,calibration,1,3,spectral_core,local_partition_rf,0,0.16,0,0.1
1664,2018-06,2018-02,4,0,True,0.0,master,valid_observed_phase_at_origin,BASE,calibration,1,3,spectral_core,local_partition_rf,0,0.14,0,0.17
1665,2018-06,2018-02,4,0,True,0.0,master,valid_observed_phase_at_origin,BASE,calibration,1,3,spectral_core,local_partition_rf,0,0.28,0,0.17
1666,2018-06,2018-02,4,0,True,0.0,master,valid_observed_phase_at_origin,BASE,calibration,1,3,spectral_core,local_partition_rf,0,0.15,0,0.14
1667,2018-06,2018-02,4,1,True,1.0,master,valid_observed_phase_at_origin,BASE,calibration,1,0,spectral_core,local_partition_rf,0,0.33,0,0.23
1668,2018-06,2018-02,4,0,True,0.0,master,valid_observed_phase_at_origin,BASE,calibration,1,0,spectral_core,local_partition_rf,0,0.17,0,0.27
1669,2018-06,2018-02,4,0,True,0.0,master,valid_observed_phase_at_origin,BASE,calibration,1,0,spectral_core,local_partition_rf,0,0.16,0,0.3
1670,2018-06,2018-02,4,0,True,0.0,master,valid_observed_phase_at_origin,BASE,calibration,1,3,spectral_core,local_partition_rf,0,0.39,0,0.22
1671,2018-06,2018-02,4,0,True,0.0,master,valid_observed_phase_at_origin,BASE,calibration,1,0,spectral_core,local_partition_rf,0,0.07,0,0.21
1672,2018-06,2018-02,4,1,True,1.0,master,valid_observed_phase_at_origin,BASE,calibration,1,12,spectral_core,local_partition_rf,1,0.74,1,0.55
1673,2018-06,2018-02,4,0,True,0.0,master,valid_observed_phase_at_origin,BASE,calibration,1,0,spectral_core,local_partition_rf,0,0.15,0,0.22
1674,2018-06,2018-02,4,0,True,0.0,master,valid_observed_phase_at_origin,BASE,calibration,1,0,spectral_core,local_partition_rf,0,0.26,0,0.27
1675,2018-06,2018-02,4,0,True,0.0,master,valid_observed_phase_at_origin,BASE,calibration,1,3,spectral_core,local_partition_rf,0,0.31,0,0.15
1676,2018-06,2018-02,4,0,True,0.0,master,valid_observed_phase_at_origin,BASE,calibration,1,3,spectral_core,local_partition_rf,0,0.42,0,0.26
1677,2018-06,2018-02,4,0,True,0.0,master,valid_observed_phase_at_origin,BASE,calibration,1,3,spectral_core,local_partition_rf,0,0.14,0,0.09
1678,2018-06,2018-02,4,0,True,0.0,master,valid_observed_phase_at_origin,BASE,calibration,1,3,spectral_core,local_partition_rf,0,0.16,0,0.11
1679,2018-06,2018-02,4,0,True,0.0,master,valid_observed_phase_at_origin,BASE,calibration,1,3,spectral_core,local_partition_rf,0,0.08,0,0.09
1680,2018-06,2018-02,4,0,True,0.0,master,valid_observed_phase_at_origin,BASE,calibration,1,3,spectral_core,local_partition_rf,0,0.1,0,0.03
1681,2018-06,2018-02,4,0,True,0.0,master,valid_observed_phase_at_origin,BASE,calibration,1,0,spectral_core,local_partition_rf,0,0.0,0,0.08
1682,2018-06,2018-02,4,0,True,0.0,master,valid_observed_phase_at_origin,BASE,calibration,1,3,spectral_core,local_partition_rf,0,0.07,0,0.1
1683,2018-06,2018-02,4,0,True,1.0,master,valid_observed_phase_at_origin,BASE,calibration,1,12,spectral_core,local_partition_rf,1,0.59,0,0.47
1684,2018-06,2018-02,4,0,True,0.0,master,valid_observed_phase_at_origin,BASE,calibration,1,3,spectral_core,local_partition_rf,0,0.15,0,0.03
1685,2018-06,2018-02,4,1,True,1.0,master,valid_observed_phase_at_origin,BASE,calibration,1,3,spectral_core,local_partition_rf,0,0.19,0,0.17
1686,2018-06,2018-02,4,0,True,0.0,master,valid_observed_phase_at_origin,BASE,calibration,1,3,spectral_core,local_partition_rf,0,0.25,0,0.16
1687,2018-06,2018-02,4,0,True,0.0,master,valid_observed_phase_at_origin,BASE,calibration,1,0,spectral_core,local_partition_rf,0,0.04,0,0.09
1688,2018-06,2018-02,4,0,True,0.0,master,valid_observed_phase_at_origin,BASE,calibration,1,3,spectral_core,local_partition_rf,0,0.14,0,0.1
1689,2018-06,2018-02,4,0,True,0.0,master,valid_observed_phase_at_origin,BASE,calibration,1,3,spectral_core,local_partition_rf,0,0.31,0,0.14
1690,2018-06,2018-02,4,0,True,0.0,master,valid_observed_phase_at_origin,BASE,calibration,1,3,spectral_core,local_partition_rf,0,0.1,0,0.03
1691,2018-06,2018-02,4,0,True,0.0,master,valid_observed_phase_at_origin,BASE,calibration,1,0,spectral_core,local_partition_rf,0,0.04,0,0.02
1692,2018-06,2018-02,4,0,True,0.0,master,valid_observed_phase_at_origin,BASE,calibration,1,3,spectral_core,local_partition_rf,0,0.14,0,0.09
1693,2018-06,2018-02,4,0,True,0.0,master,valid_observed_phase_at_origin,BASE,calibration,1,3,spectral_core,local_partition_rf,0,0.12,0,0.08
1694,2018-06,2018-02,4,0,True,0.0,master,valid_observed_phase_at_origin,BASE,calibration,1,3,spectral_core,local_partition_rf,0,0.2,0,0.17
1695,2018-06,2018-02,4,0,True,0.0,master,valid_observed_phase_at_origin,BASE,calibration,1,0,spectral_core,local_partition_rf,0,0.01,0,0.04
1696,2018-06,2018-02,4,0,True,0.0,master,valid_observed_phase_at_origin,BASE,calibration,1,3,spectral_core,local_partition_rf,0,0.24,0,0.13
1697,2018-06,2018-02,4,0,True,0.0,master,valid_observed_phase_at_origin,BASE,calibration,1,3,spectral_core,local_partition_rf,0,0.11,0,0.07
1698,2018-06,2018-02,4,0,True,0.0,master,valid_observed_phase_at_origin,BASE,calibration,1,3,spectral_core,local_partition_rf,0,0.18,0,0.19
1699,2018-06,2018-02,4,0,True,0.0,master,valid_observed_phase_at_origin,BASE,calibration,1,0,spectral_core,local_partition_rf,0,0.04,0,0.11
1700,2018-06,2018-02,4,0,True,0.0,master,valid_observed_phase_at_origin,BASE,calibration,1,3,spectral_core,local_partition_rf,0,0.32,0,0.11
1701,2018-06,2018-02,4,0,True,0.0,master,valid_observed_phase_at_origin,BASE,calibration,1,0,spectral_core,local_partition_rf,0,0.14,0,0.17
1702,2018-06,2018-02,4,0,True,0.0,master,valid_observed_phase_at_origin,BASE,calibration,1,0,spectral_core,local_partition_rf,0,0.26,0,0.31
1703,2018-06,2018-02,4,0,True,0.0,master,valid_observed_phase_at_origin,BASE,calibration,1,12,spectral_core,local_partition_rf,0,0.3,0,0.43
1704,2018-06,2018-02,4,0,True,0.0,master,valid_observed_phase_at_origin,BASE,calibration,1,3,spectral_core,local_partition_rf,0,0.05,0,0.07
1705,2018-06,2018-02,4,0,True,0.0,master,valid_observed_phase_at_origin,BASE,calibration,1,0,spectral_core,local_partition_rf,0,0.0,0,0.07
1706,2018-06,2018-02,4,0,True,0.0,master,valid_observed_phase_at_origin,BASE,calibration,1,0,spectral_core,local_partition_rf,0,0.1,0,0.09
1707,2018-06,2018-02,4,0,True,0.0,master,valid_observed_phase_at_origin,BASE,calibration,1,3,spectral_core,local_partition_rf,0,0.39,0,0.19
1708,2018-06,2018-02,4,0,True,0.0,master,valid_observed_phase_at_origin,BASE,calibration,1,12,spectral_core,local_partition_rf,1,0.54,0,0.47
1709,2018-06,2018-02,4,0,True,0.0,master,valid_observed_phase_at_origin,BASE,calibration,1,0,spectral_core,local_partition_rf,0,0.02,0,0.09
1710,2018-06,2018-02,4,0,True,0.0,master,valid_observed_phase_at_origin,BASE,calibration,1,3,spectral_core,local_partition_rf,0,0.09,0,0.08
1711,2018-06,2018-02,4,0,True,0.0,master,valid_observed_phase_at_origin,BASE,calibration,1,0,spectral_core,local_partition_rf,0,0.04,0,0.12
1712,2018-06,2018-02,4,0,True,0.0,master,valid_observed_phase_at_origin,BASE,calibration,1,12,spectral_core,local_partition_rf,0,0.29,0,0.25
1713,2018-06,2018-02,4,0,True,0.0,master,valid_observed_phase_at_origin,BASE,calibration,1,3,spectral_core,local_partition_rf,0,0.14,0,0.24
1714,2018-06,2018-02,4,0,True,0.0,master,valid_observed_phase_at_origin,BASE,calibration,1,0,spectral_core,local_partition_rf,0,0.28,0,0.33
1715,2018-06,2018-02,4,0,True,0.0,master,valid_observed_phase_at_origin,BASE,calibration,1,3,spectral_core,local_partition_rf,0,0.09,0,0.09
1716,2018-06,2018-02,4,0,True,0.0,master,valid_observed_phase_at_origin,BASE,calibration,1,3,spectral_core,local_partition_rf,0,0.09,0,0.06
1717,2018-06,2018-02,4,0,True,0.0,master,valid_observed_phase_at_origin,BASE,calibration,1,3,spectral_core,local_partition_rf,0,0.09,0,0.09
1718,2018-06,2018-02,4,0,True,0.0,master,valid_observed_phase_at_origin,BASE,calibration,1,3,spectral_core,local_partition_rf,0,0.12,0,0.07
1719,2018-06,2018-02,4,0,True,0.0,master,valid_observed_phase_at_origin,BASE,calibration,1,3,spectral_core,local_partition_rf,0,0.17,0,0.08
1720,2018-06,2018-02,4,0,True,0.0,master,valid_observed_phase_at_origin,BASE,calibration,1,12,spectral_core,local_partition_rf,0,0.27,0,0.36
1721,2018-06,2018-02,4,0,True,0.0,master,valid_observed_phase_at_origin,BASE,calibration,1,3,spectral_core,local_partition_rf,0,0.13,0,0.1
1722,2018-06,2018-02,4,0,True,0.0,master,valid_observed_phase_at_origin,BASE,calibration,1,3,spectral_core,local_partition_rf,0,0.1,0,0.2
1723,2018-06,2018-02,4,0,True,0.0,master,valid_observed_phase_at_origin,BASE,calibration,1,3,spectral_core,local_partition_rf,0,0.19,0,0.1
1724,2018-06,2018-02,4,0,True,0.0,master,valid_observed_phase_at_origin,BASE,calibration,1,3,spectral_core,local_partition_rf,0,0.1,0,0.09
1725,2018-06,2018-02,4,0,True,0.0,master,valid_observed_phase_at_origin,BASE,calibration,1,0,spectral_core,local_partition_rf,0,0.12,0,0.23
1726,2018-06,2018-02,4,0,True,0.0,master,valid_observed_phase_at_origin,BASE,calibration,1,0,spectral_core,local_partition_rf,0,0.21,0,0.29
1727,2018-06,2018-02,4,0,True,0.0,master,valid_observed_phase_at_origin,BASE,calibration,1,3,spectral_core,local_partition_rf,0,0.13,0,0.13
1728,2018-06,2018-02,4,0,True,0.0,master,valid_observed_phase_at_origin,BASE,calibration,1,3,spectral_core,local_partition_rf,0,0.31,0,0.27
1729,2018-06,2018-02,4,0,True,0.0,master,valid_observed_phase_at_origin,BASE,calibration,1,3,spectral_core,local_partition_rf,0,0.33,0,0.25
1730,2018-06,2018-02,4,0,True,0.0,master,valid_observed_phase_at_origin,BASE,calibration,1,3,spectral_core,local_partition_rf,0,0.13,0,0.09
1731,2018-06,2018-02,4,0,True,0.0,master,valid_observed_phase_at_origin,BASE,calibration,1,12,spectral_core,local_partition_rf,0,0.43,0,0.46
1732,2018-06,2018-02,4,0,True,0.0,master,valid_observed_phase_at_origin,BASE,calibration,1,3,spectral_core,local_partition_rf,0,0.2,0,0.09
1733,2018-06,2018-02,4,0,True,0.0,master,valid_observed_phase_at_origin,BASE,calibration,1,12,spectral_core,local_partition_rf,0,0.24,0,0.3
1734,2018-06,2018-02,4,0,True,0.0,master,valid_observed_phase_at_origin,BASE,calibration,1,12,spectral_core,local_partition_rf,0,0.29,0,0.27
1735,2018-06,2018-02,4,0,True,1.0,master,valid_observed_phase_at_origin,BASE,calibration,1,12,spectral_core,local_partition_rf,1,0.62,0,0.46
1736,2018-06,2018-02,4,0,True,1.0,master,valid_observed_phase_at_origin,BASE,calibration,1,12,spectral_core,local_partition_rf,1,0.61,0,0.45
1737,2018-06,2018-02,4,0,True,0.0,master,valid_observed_phase_at_origin,BASE,calibration,1,3,spectral_core,local_partition_rf,0,0.14,0,0.07
1738,2018-06,2018-02,4,1,True,1.0,master,valid_observed_phase_at_origin,BASE,calibration,1,12,spectral_core,local_partition_rf,1,0.72,1,0.58
1739,2018-06,2018-02,4,0,True,0.0,master,valid_observed_phase_at_origin,BASE,calibration,1,0,spectral_core,local_partition_rf,0,0.15,0,0.2
1740,2018-06,2018-02,4,0,True,0.0,master,valid_observed_phase_at_origin,BASE,calibration,1,0,spectral_core,local_partition_rf,0,0.21,0,0.29
1741,2018-06,2018-02,4,0,True,0.0,master,valid_observed_phase_at_origin,BASE,calibration,1,3,spectral_core,local_partition_rf,0,0.31,0,0.11
1742,2018-06,2018-02,4,0,True,0.0,master,valid_observed_phase_at_origin,BASE,calibration,1,3,spectral_core,local_partition_rf,0,0.31,0,0.17
1743,2018-06,2018-02,4,0,True,0.0,master,valid_observed_phase_at_origin,BASE,calibration,1,0,spectral_core,local_partition_rf,0,0.12,0,0.2
1744,2018-06,2018-02,4,0,True,0.0,master,valid_observed_phase_at_origin,BASE,calibration,1,3,spectral_core,local_partition_rf,0,0.31,0,0.25
1745,2018-06,2018-02,4,1,True,0.0,master,valid_observed_phase_at_origin,BASE,calibration,1,3,spectral_core,local_partition_rf,0,0.08,0,0.09
1746,2018-06,2018-02,4,0,True,0.0,master,valid_observed_phase_at_origin,BASE,calibration,1,12,spectral_core,local_partition_rf,0,0.26,0,0.39
1747,2018-06,2018-02,4,0,True,0.0,master,valid_observed_phase_at_origin,BASE,calibration,1,3,spectral_core,local_partition_rf,0,0.12,0,0.11
1748,2018-06,2018-02,4,0,True,0.0,master,valid_observed_phase_at_origin,BASE,calibration,1,3,spectral_core,local_partition_rf,0,0.15,0,0.17
1749,2018-06,2018-02,4,0,True,0.0,master,valid_observed_phase_at_origin,BASE,calibration,1,0,spectral_core,local_partition_rf,0,0.26,0,0.3
1750,2018-06,2018-02,4,0,True,0.0,master,valid_observed_phase_at_origin,BASE,calibration,1,0,spectral_core,local_partition_rf,0,0.21,0,0.35
1751,2018-06,2018-02,4,0,True,0.0,master,valid_observed_phase_at_origin,BASE,calibration,1,3,spectral_core,local_partition_rf,0,0.33,0,0.23
1752,2018-06,2018-02,4,0,True,0.0,master,valid_observed_phase_at_origin,BASE,calibration,1,3,spectral_core,local_partition_rf,0,0.05,0,0.03
1753,2018-06,2018-02,4,0,True,0.0,master,valid_observed_phase_at_origin,BASE,calibration,1,0,spectral_core,local_partition_rf,0,0.05,0,0.08
1754,2018-06,2018-02,4,0,True,0.0,master,valid_observed_phase_at_origin,BASE,calibration,1,3,spectral_core,local_partition_rf,0,0.13,0,0.07
1755,2018-06,2018-02,4,0,True,0.0,master,valid_observed_phase_at_origin,BASE,calibration,1,3,spectral_core,local_partition_rf,0,0.28,0,0.13
1756,2018-06,2018-02,4,0,True,0.0,master,valid_observed_phase_at_origin,BASE,calibration,1,0,spectral_core,local_partition_rf,0,0.15,0,0.22
1757,2018-06,2018-02,4,0,True,0.0,master,valid_observed_phase_at_origin,BASE,calibration,1,0,spectral_core,local_partition_rf,0,0.02,0,0.06
1758,2018-06,2018-02,4,0,True,0.0,master,valid_observed_phase_at_origin,BASE,calibration,1,3,spectral_core,local_partition_rf,0,0.17,0,0.09
1759,2018-06,2018-02,4,0,True,0.0,master,valid_observed_phase_at_origin,BASE,calibration,1,0,spectral_core,local_partition_rf,0,0.26,0,0.37
1760,2018-06,2018-02,4,1,True,0.0,master,valid_observed_phase_at_origin,BASE,calibration,1,3,spectral_core,local_partition_rf,0,0.08,0,0.06
1761,2018-06,2018-02,4,0,True,0.0,master,valid_observed_phase_at_origin,BASE,calibration,1,3,spectral_core,local_partition_rf,0,0.19,0,0.16
1762,2018-06,2018-02,4,1,True,1.0,master,valid_observed_phase_at_origin,BASE,calibration,1,12,spectral_core,local_partition_rf,1,0.67,0,0.47
1763,2018-06,2018-02,4,0,True,0.0,master,valid_observed_phase_at_origin,BASE,calibration,1,3,spectral_core,local_partition_rf,0,0.11,0,0.13
1764,2018-06,2018-02,4,0,True,0.0,master,valid_observed_phase_at_origin,BASE,calibration,1,0,spectral_core,local_partition_rf,0,0.22,0,0.31
1765,2018-06,2018-02,4,0,True,0.0,master,valid_observed_phase_at_origin,BASE,calibration,1,3,spectral_core,local_partition_rf,0,0.19,0,0.11
1766,2018-06,2018-02,4,0,True,0.0,master,valid_observed_phase_at_origin,BASE,calibration,1,12,spectral_core,local_partition_rf,0,0.29,0,0.36
1767,2018-06,2018-02,4,0,True,0.0,master,valid_observed_phase_at_origin,BASE,calibration,1,0,spectral_core,local_partition_rf,0,0.26,0,0.25
1768,2018-06,2018-02,4,0,True,0.0,master,valid_observed_phase_at_origin,BASE,calibration,1,3,spectral_core,local_partition_rf,0,0.13,0,0.05
1769,2018-06,2018-02,4,0,True,0.0,master,valid_observed_phase_at_origin,BASE,calibration,1,12,spectral_core,local_partition_rf,0,0.27,0,0.35
1770,2018-06,2018-02,4,0,True,0.0,master,valid_observed_phase_at_origin,BASE,calibration,1,0,spectral_core,local_partition_rf,0,0.11,0,0.2
1771,2018-06,2018-02,4,0,True,0.0,master,valid_observed_phase_at_origin,BASE,calibration,1,0,spectral_core,local_partition_rf,0,0.18,0,0.26
1772,2018-06,2018-02,4,0,True,0.0,master,valid_observed_phase_at_origin,BASE,calibration,1,3,spectral_core,local_partition_rf,0,0.22,0,0.12
1773,2018-06,2018-02,4,0,True,0.0,master,valid_observed_phase_at_origin,BASE,calibration,1,0,spectral_core,local_partition_rf,0,0.29,0,0.42
1774,2018-06,2018-02,4,0,True,0.0,master,valid_observed_phase_at_origin,BASE,calibration,1,3,spectral_core,local_partition_rf,0,0.16,0,0.08
1775,2018-06,2018-02,4,0,True,0.0,master,valid_observed_phase_at_origin,BASE,calibration,1,3,spectral_core,local_partition_rf,0,0.19,0,0.12
1776,2018-06,2018-02,4,0,True,0.0,master,valid_observed_phase_at_origin,BASE,calibration,1,3,spectral_core,local_partition_rf,0,0.5,0,0.29
1777,2018-06,2018-02,4,1,True,0.0,master,valid_observed_phase_at_origin,BASE,calibration,1,12,spectral_core,local_partition_rf,1,0.56,0,0.44
1778,2018-06,2018-02,4,0,True,0.0,master,valid_observed_phase_at_origin,BASE,calibration,1,12,spectral_core,local_partition_rf,0,0.29,0,0.31
1779,2018-06,2018-02,4,0,True,0.0,master,valid_observed_phase_at_origin,BASE,calibration,1,0,spectral_core,local_partition_rf,0,0.22,0,0.32
1780,2018-06,2018-02,4,0,True,0.0,master,valid_observed_phase_at_origin,BASE,calibration,1,12,spectral_core,local_partition_rf,0,0.32,0,0.42
1781,2018-06,2018-02,4,0,True,0.0,master,valid_observed_phase_at_origin,BASE,calibration,1,3,spectral_core,local_partition_rf,0,0.12,0,0.12
1782,2018-06,2018-02,4,0,True,0.0,master,valid_observed_phase_at_origin,BASE,calibration,1,0,spectral_core,local_partition_rf,0,0.18,0,0.14
1783,2018-06,2018-02,4,0,True,0.0,master,valid_observed_phase_at_origin,BASE,calibration,1,0,spectral_core,local_partition_rf,0,0.01,0,0.14
1784,2018-06,2018-02,4,0,True,0.0,master,valid_observed_phase_at_origin,BASE,calibration,1,0,spectral_core,local_partition_rf,0,0.09,0,0.19
1785,2018-06,2018-02,4,0,True,0.0,master,valid_observed_phase_at_origin,BASE,calibration,1,0,spectral_core,local_partition_rf,0,0.12,0,0.22
1786,2018-06,2018-02,4,1,True,1.0,master,valid_observed_phase_at_origin,BASE,calibration,1,12,spectral_core,local_partition_rf,0,0.43,0,0.38
1787,2018-06,2018-02,4,0,True,0.0,master,valid_observed_phase_at_origin,BASE,calibration,1,0,spectral_core,local_partition_rf,0,0.15,0,0.17
1788,2018-06,2018-02,4,0,True,0.0,master,valid_observed_phase_at_origin,BASE,calibration,1,3,spectral_core,local_partition_rf,0,0.08,0,0.05
1789,2018-06,2018-02,4,0,True,0.0,master,valid_observed_phase_at_origin,BASE,calibration,1,3,spectral_core,local_partition_rf,0,0.1,0,0.07
1790,2018-06,2018-02,4,0,True,0.0,master,valid_observed_phase_at_origin,BASE,calibration,1,3,spectral_core,local_partition_rf,0,0.35,0,0.24
1791,2018-06,2018-02,4,0,True,0.0,master,valid_observed_phase_at_origin,BASE,calibration,1,3,spectral_core,local_partition_rf,0,0.24,0,0.14
1792,2018-06,2018-02,4,0,True,1.0,master,valid_observed_phase_at_origin,BASE,calibration,1,12,spectral_core,local_partition_rf,1,0.58,0,0.46
1793,2018-06,2018-02,4,0,True,0.0,master,valid_observed_phase_at_origin,BASE,calibration,1,0,spectral_core,local_partition_rf,0,0.13,0,0.18
1794,2018-06,2018-02,4,0,True,0.0,master,valid_observed_phase_at_origin,BASE,calibration,1,0,spectral_core,local_partition_rf,0,0.07,0,0.25
1795,2018-06,2018-02,4,0,True,0.0,master,valid_observed_phase_at_origin,BASE,calibration,1,0,spectral_core,local_partition_rf,0,0.11,0,0.18
1796,2018-06,2018-02,4,0,True,0.0,master,valid_observed_phase_at_origin,BASE,calibration,1,0,spectral_core,local_partition_rf,0,0.35,0,0.26
1797,2018-06,2018-02,4,0,True,0.0,master,valid_observed_phase_at_origin,BASE,calibration,1,12,spectral_core,local_partition_rf,0,0.29,0,0.35
1798,2018-06,2018-02,4,0,True,1.0,master,valid_observed_phase_at_origin,BASE,calibration,1,12,spectral_core,local_partition_rf,0,0.45,0,0.33
1799,2018-06,2018-02,4,0,True,0.0,master,valid_observed_phase_at_origin,BASE,calibration,1,0,spectral_core,local_partition_rf,0,0.19,0,0.18
1800,2018-06,2018-02,4,0,True,0.0,master,valid_observed_phase_at_origin,BASE,calibration,1,0,spectral_core,local_partition_rf,0,0.02,0,0.08
1801,2018-06,2018-02,4,1,True,1.0,master,valid_observed_phase_at_origin,BASE,calibration,1,12,spectral_core,local_partition_rf,1,0.65,1,0.51
1802,2018-06,2018-02,4,0,True,0.0,master,valid_observed_phase_at_origin,BASE,calibration,1,3,spectral_core,local_partition_rf,0,0.08,0,0.1
1803,2018-06,2018-02,4,0,True,0.0,master,valid_observed_phase_at_origin,BASE,calibration,1,3,spectral_core,local_partition_rf,0,0.12,0,0.11
1804,2018-06,2018-02,4,0,True,0.0,master,valid_observed_phase_at_origin,BASE,calibration,1,3,spectral_core,local_partition_rf,0,0.14,0,0.03
1805,2018-06,2018-02,4,0,True,0.0,master,valid_observed_phase_at_origin,BASE,calibration,1,3,spectral_core,local_partition_rf,0,0.03,0,0.04
1806,2018-06,2018-02,4,0,True,0.0,master,valid_observed_phase_at_origin,BASE,calibration,1,3,spectral_core,local_partition_rf,0,0.11,0,0.08
1807,2018-06,2018-02,4,0,True,0.0,master,valid_observed_phase_at_origin,BASE,calibration,1,3,spectral_core,local_partition_rf,0,0.21,0,0.17
1808,2018-06,2018-02,4,1,True,1.0,master,valid_observed_phase_at_origin,BASE,calibration,1,3,spectral_core,local_partition_rf,0,0.23,0,0.19
1809,2018-06,2018-02,4,0,True,0.0,master,valid_observed_phase_at_origin,BASE,calibration,1,0,spectral_core,local_partition_rf,0,0.07,0,0.1
1810,2018-06,2018-02,4,0,True,0.0,master,valid_observed_phase_at_origin,BASE,calibration,1,3,spectral_core,local_partition_rf,0,0.15,0,0.08
1811,2018-06,2018-02,4,0,True,0.0,master,valid_observed_phase_at_origin,BASE,calibration,1,3,spectral_core,local_partition_rf,0,0.22,0,0.13
1812,2018-06,2018-02,4,0,True,0.0,master,valid_observed_phase_at_origin,BASE,calibration,1,3,spectral_core,local_partition_rf,0,0.08,0,0.08
1813,2018-06,2018-02,4,0,True,0.0,master,valid_observed_phase_at_origin,BASE,calibration,1,3,spectral_core,local_partition_rf,0,0.05,0,0.04
1814,2018-06,2018-02,4,0,True,0.0,master,valid_observed_phase_at_origin,BASE,calibration,1,3,spectral_core,local_partition_rf,0,0.11,0,0.09
1815,2018-06,2018-02,4,0,True,0.0,master,valid_observed_phase_at_origin,BASE,calibration,1,3,spectral_core,local_partition_rf,0,0.32,0,0.18
1816,2018-06,2018-02,4,0,True,0.0,master,valid_observed_phase_at_origin,BASE,calibration,1,3,spectral_core,local_partition_rf,0,0.14,0,0.11
1817,2018-06,2018-02,4,0,True,0.0,master,valid_observed_phase_at_origin,BASE,calibration,1,3,spectral_core,local_partition_rf,0,0.16,0,0.16
1818,2018-06,2018-02,4,0,True,0.0,master,valid_observed_phase_at_origin,BASE,calibration,1,3,spectral_core,local_partition_rf,0,0.21,0,0.15
1819,2018-06,2018-02,4,0,True,0.0,master,valid_observed_phase_at_origin,BASE,calibration,1,0,spectral_core,local_partition_rf,0,0.03,0,0.08
1820,2018-06,2018-02,4,0,True,0.0,master,valid_observed_phase_at_origin,BASE,calibration,1,0,spectral_core,local_partition_rf,0,0.16,0,0.23
1821,2018-06,2018-02,4,0,True,0.0,master,valid_observed_phase_at_origin,BASE,calibration,1,3,spectral_core,local_partition_rf,0,0.15,0,0.09
1822,2018-06,2018-02,4,0,True,0.0,master,valid_observed_phase_at_origin,BASE,calibration,1,3,spectral_core,local_partition_rf,0,0.2,0,0.19
1823,2018-06,2018-02,4,0,True,0.0,master,valid_observed_phase_at_origin,BASE,calibration,1,3,spectral_core,local_partition_rf,0,0.11,0,0.1
1824,2018-06,2018-02,4,0,True,0.0,master,valid_observed_phase_at_origin,BASE,calibration,1,3,spectral_core,local_partition_rf,0,0.16,0,0.09
1825,2018-06,2018-02,4,0,True,0.0,master,valid_observed_phase_at_origin,BASE,calibration,1,12,spectral_core,local_partition_rf,0,0.34,0,0.45
1826,2018-06,2018-02,4,0,True,0.0,master,valid_observed_phase_at_origin,BASE,calibration,1,3,spectral_core,local_partition_rf,0,0.07,0,0.06
1827,2018-06,2018-02,4,0,True,0.0,master,valid_observed_phase_at_origin,BASE,calibration,1,3,spectral_core,local_partition_rf,0,0.16,0,0.08
1828,2018-06,2018-02,4,0,True,0.0,master,valid_observed_phase_at_origin,BASE,calibration,1,3,spectral_core,local_partition_rf,0,0.12,0,0.03
1829,2018-06,2018-02,4,0,True,0.0,master,valid_observed_phase_at_origin,BASE,calibration,1,3,spectral_core,local_partition_rf,0,0.14,0,0.13
1830,2018-06,2018-02,4,0,True,0.0,master,valid_observed_phase_at_origin,BASE,calibration,1,3,spectral_core,local_partition_rf,0,0.42,0,0.32
1831,2018-06,2018-02,4,0,True,0.0,master,valid_observed_phase_at_origin,BASE,calibration,1,3,spectral_core,local_partition_rf,0,0.13,0,0.12
1832,2018-06,2018-02,4,1,True,1.0,master,valid_observed_phase_at_origin,BASE,calibration,1,12,spectral_core,local_partition_rf,1,0.59,0,0.48
1833,2018-06,2018-02,4,0,True,0.0,master,valid_observed_phase_at_origin,BASE,calibration,1,3,spectral_core,local_partition_rf,0,0.08,0,0.06
1834,2018-06,2018-02,4,0,True,0.0,master,valid_observed_phase_at_origin,BASE,calibration,1,3,spectral_core,local_partition_rf,0,0.1,0,0.05
1835,2018-06,2018-02,4,0,True,0.0,master,valid_observed_phase_at_origin,BASE,calibration,1,0,spectral_core,local_partition_rf,0,0.12,0,0.24
1836,2018-06,2018-02,4,0,True,0.0,master,valid_observed_phase_at_origin,BASE,calibration,1,0,spectral_core,local_partition_rf,0,0.09,0,0.1
1837,2018-06,2018-02,4,0,True,0.0,master,valid_observed_phase_at_origin,BASE,calibration,1,0,spectral_core,local_partition_rf,0,0.2,0,0.22
1838,2018-06,2018-02,4,0,True,0.0,master,valid_observed_phase_at_origin,BASE,calibration,1,0,spectral_core,local_partition_rf,0,0.01,0,0.07
1839,2018-06,2018-02,4,0,True,1.0,master,valid_observed_phase_at_origin,BASE,calibration,1,3,spectral_core,local_partition_rf,0,0.25,0,0.16
1840,2018-06,2018-02,4,0,True,0.0,master,valid_observed_phase_at_origin,BASE,calibration,1,0,spectral_core,local_partition_rf,0,0.27,0,0.41
1841,2018-06,2018-02,4,0,True,0.0,master,valid_observed_phase_at_origin,BASE,calibration,1,0,spectral_core,local_partition_rf,0,0.24,0,0.32
1842,2018-06,2018-02,4,0,True,0.0,master,valid_observed_phase_at_origin,BASE,calibration,1,0,spectral_core,local_partition_rf,0,0.14,0,0.15
1843,2018-06,2018-02,4,0,True,0.0,master,valid_observed_phase_at_origin,BASE,calibration,1,0,spectral_core,local_partition_rf,0,0.05,0,0.09
1844,2018-06,2018-02,4,0,True,0.0,master,valid_observed_phase_at_origin,BASE,calibration,1,0,spectral_core,local_partition_rf,0,0.04,0,0.09
1845,2018-06,2018-02,4,0,True,0.0,master,valid_observed_phase_at_origin,BASE,calibration,1,0,spectral_core,local_partition_rf,0,0.19,0,0.28
1846,2018-06,2018-02,4,0,True,0.0,master,valid_observed_phase_at_origin,BASE,calibration,1,0,spectral_core,local_partition_rf,0,0.16,0,0.2
1847,2018-06,2018-02,4,0,True,0.0,master,valid_observed_phase_at_origin,BASE,calibration,1,0,spectral_core,local_partition_rf,0,0.15,0,0.22
1848,2018-06,2018-02,4,0,True,0.0,master,valid_observed_phase_at_origin,BASE,calibration,1,0,spectral_core,local_partition_rf,0,0.24,0,0.34
1849,2018-06,2018-02,4,0,True,0.0,master,valid_observed_phase_at_origin,BASE,calibration,1,3,spectral_core,local_partition_rf,0,0.08,0,0.12
1850,2018-06,2018-02,4,0,True,0.0,master,valid_observed_phase_at_origin,BASE,calibration,1,3,spectral_core,local_partition_rf,0,0.09,0,0.09
1851,2018-06,2018-02,4,0,True,0.0,master,valid_observed_phase_at_origin,BASE,calibration,1,12,spectral_core,local_partition_rf,0,0.3,0,0.35
1852,2018-06,2018-02,4,0,True,0.0,master,valid_observed_phase_at_origin,BASE,calibration,1,3,spectral_core,local_partition_rf,0,0.19,0,0.23
1853,2018-06,2018-02,4,0,True,0.0,master,valid_observed_phase_at_origin,BASE,calibration,1,3,spectral_core,local_partition_rf,0,0.11,0,0.08
1854,2018-06,2018-02,4,0,True,0.0,master,valid_observed_phase_at_origin,BASE,calibration,1,3,spectral_core,local_partition_rf,0,0.21,0,0.12
1855,2018-06,2018-02,4,0,True,0.0,master,valid_observed_phase_at_origin,BASE,calibration,1,3,spectral_core,local_partition_rf,0,0.1,0,0.08
1856,2018-06,2018-02,4,0,True,0.0,master,valid_observed_phase_at_origin,BASE,calibration,1,0,spectral_core,local_partition_rf,0,0.09,0,0.21
1857,2018-06,2018-02,4,0,True,0.0,master,valid_observed_phase_at_origin,BASE,calibration,1,3,spectral_core,local_partition_rf,0,0.14,0,0.18
1858,2018-06,2018-02,4,0,True,0.0,master,valid_observed_phase_at_origin,BASE,calibration,1,3,spectral_core,local_partition_rf,0,0.11,0,0.06
1859,2018-06,2018-02,4,0,True,0.0,master,valid_observed_phase_at_origin,BASE,calibration,1,3,spectral_core,local_partition_rf,0,0.06,0,0.1
1860,2018-06,2018-02,4,0,True,0.0,master,valid_observed_phase_at_origin,BASE,calibration,1,3,spectral_core,local_partition_rf,0,0.09,0,0.07
1861,2018-06,2018-02,4,0,True,0.0,master,valid_observed_phase_at_origin,BASE,calibration,1,3,spectral_core,local_partition_rf,0,0.09,0,0.12
1862,2018-06,2018-02,4,0,True,0.0,master,valid_observed_phase_at_origin,BASE,calibration,1,0,spectral_core,local_partition_rf,0,0.2,0,0.23
1863,2018-06,2018-02,4,0,True,0.0,master,valid_observed_phase_at_origin,BASE,calibration,1,0,spectral_core,local_partition_rf,0,0.2,0,0.2
1864,2018-06,2018-02,4,0,True,0.0,master,valid_observed_phase_at_origin,BASE,calibration,1,0,spectral_core,local_partition_rf,0,0.23,0,0.26
1865,2018-06,2018-02,4,0,True,0.0,master,valid_observed_phase_at_origin,BASE,calibration,1,0,spectral_core,local_partition_rf,0,0.19,0,0.26
1866,2018-06,2018-02,4,0,True,0.0,master,valid_observed_phase_at_origin,BASE,calibration,1,0,spectral_core,local_partition_rf,0,0.01,0,0.08
1867,2018-06,2018-02,4,0,True,0.0,master,valid_observed_phase_at_origin,BASE,calibration,1,0,spectral_core,local_partition_rf,0,0.06,0,0.16
1868,2018-06,2018-02,4,0,True,0.0,master,valid_observed_phase_at_origin,BASE,calibration,1,0,spectral_core,local_partition_rf,0,0.21,0,0.28
1869,2018-06,2018-02,4,0,True,0.0,master,valid_observed_phase_at_origin,BASE,calibration,1,0,spectral_core,local_partition_rf,0,0.21,0,0.16
1870,2018-06,2018-02,4,0,True,0.0,master,valid_observed_phase_at_origin,BASE,calibration,1,12,spectral_core,local_partition_rf,0,0.29,0,0.33
1871,2018-06,2018-02,4,0,True,0.0,master,valid_observed_phase_at_origin,BASE,calibration,1,3,spectral_core,local_partition_rf,0,0.4,0,0.26
1872,2018-06,2018-02,4,0,True,0.0,master,valid_observed_phase_at_origin,BASE,calibration,1,12,spectral_core,local_partition_rf,0,0.26,0,0.29
1873,2018-06,2018-02,4,0,True,0.0,master,valid_observed_phase_at_origin,BASE,calibration,1,0,spectral_core,local_partition_rf,0,0.03,0,0.11
1874,2018-06,2018-02,4,0,True,0.0,master,valid_observed_phase_at_origin,BASE,calibration,1,0,spectral_core,local_partition_rf,0,0.04,0,0.14
1875,2018-06,2018-02,4,0,True,0.0,master,valid_observed_phase_at_origin,BASE,calibration,1,0,spectral_core,local_partition_rf,0,0.36,0,0.3
1876,2018-06,2018-02,4,0,True,0.0,master,valid_observed_phase_at_origin,BASE,calibration,1,0,spectral_core,local_partition_rf,0,0.15,0,0.19
1877,2018-06,2018-02,4,0,True,0.0,master,valid_observed_phase_at_origin,BASE,calibration,1,0,spectral_core,local_partition_rf,0,0.1,0,0.2
1878,2018-06,2018-02,4,0,True,0.0,master,valid_observed_phase_at_origin,BASE,calibration,1,3,spectral_core,local_partition_rf,0,0.17,0,0.15
1879,2018-06,2018-02,4,0,True,0.0,master,valid_observed_phase_at_origin,BASE,calibration,1,3,spectral_core,local_partition_rf,0,0.1,0,0.06
1880,2018-06,2018-02,4,1,True,0.0,master,valid_observed_phase_at_origin,BASE,calibration,1,12,spectral_core,local_partition_rf,1,0.58,0,0.45
1881,2018-06,2018-02,4,1,True,1.0,master,valid_observed_phase_at_origin,BASE,calibration,1,12,spectral_core,local_partition_rf,0,0.42,0,0.32
1882,2018-06,2018-02,4,0,True,0.0,master,valid_observed_phase_at_origin,BASE,calibration,1,0,spectral_core,local_partition_rf,0,0.01,0,0.08
1883,2018-06,2018-02,4,0,True,0.0,master,valid_observed_phase_at_origin,BASE,calibration,1,3,spectral_core,local_partition_rf,0,0.15,0,0.09
1884,2018-06,2018-02,4,0,True,0.0,master,valid_observed_phase_at_origin,BASE,calibration,1,0,spectral_core,local_partition_rf,0,0.07,0,0.16
1885,2018-06,2018-02,4,1,True,0.0,master,valid_observed_phase_at_origin,BASE,calibration,1,12,spectral_core,local_partition_rf,1,0.53,0,0.46
1886,2018-06,2018-02,4,0,True,0.0,master,valid_observed_phase_at_origin,BASE,calibration,1,0,spectral_core,local_partition_rf,0,0.13,0,0.18
1887,2018-06,2018-02,4,0,True,0.0,master,valid_observed_phase_at_origin,BASE,calibration,1,3,spectral_core,local_partition_rf,0,0.12,0,0.06
1888,2018-06,2018-02,4,1,True,0.0,master,valid_observed_phase_at_origin,BASE,calibration,1,0,spectral_core,local_partition_rf,0,0.28,0,0.42
1889,2018-06,2018-02,4,0,True,0.0,master,valid_observed_phase_at_origin,BASE,calibration,1,0,spectral_core,local_partition_rf,0,0.31,0,0.41
1890,2018-06,2018-02,4,0,True,0.0,master,valid_observed_phase_at_origin,BASE,calibration,1,0,spectral_core,local_partition_rf,0,0.25,0,0.39
1891,2018-06,2018-02,4,0,True,0.0,master,valid_observed_phase_at_origin,BASE,calibration,1,0,spectral_core,local_partition_rf,0,0.24,0,0.22
1892,2018-06,2018-02,4,0,True,0.0,master,valid_observed_phase_at_origin,BASE,calibration,1,3,spectral_core,local_partition_rf,0,0.31,0,0.2
1893,2018-06,2018-02,4,0,True,0.0,master,valid_observed_phase_at_origin,BASE,calibration,1,0,spectral_core,local_partition_rf,0,0.18,0,0.18
1894,2018-06,2018-02,4,0,True,0.0,master,valid_observed_phase_at_origin,BASE,calibration,1,3,spectral_core,local_partition_rf,0,0.28,0,0.14
1895,2018-06,2018-02,4,0,True,0.0,master,valid_observed_phase_at_origin,BASE,calibration,1,3,spectral_core,local_partition_rf,0,0.33,0,0.16
1896,2018-06,2018-02,4,0,True,0.0,master,valid_observed_phase_at_origin,BASE,calibration,1,3,spectral_core,local_partition_rf,0,0.18,0,0.05
1897,2018-06,2018-02,4,0,True,0.0,master,valid_observed_phase_at_origin,BASE,calibration,1,3,spectral_core,local_partition_rf,0,0.35,0,0.28
1898,2018-06,2018-02,4,0,True,0.0,master,valid_observed_phase_at_origin,BASE,calibration,1,3,spectral_core,local_partition_rf,0,0.16,0,0.09
1899,2018-06,2018-02,4,0,True,0.0,master,valid_observed_phase_at_origin,BASE,calibration,1,3,spectral_core,local_partition_rf,0,0.27,0,0.19
1900,2018-06,2018-02,4,0,True,0.0,master,valid_observed_phase_at_origin,BASE,calibration,1,3,spectral_core,local_partition_rf,0,0.43,0,0.28
1901,2018-06,2018-02,4,0,True,0.0,master,valid_observed_phase_at_origin,BASE,calibration,1,3,spectral_core,local_partition_rf,0,0.41,0,0.29
1902,2018-06,2018-02,4,0,True,1.0,master,valid_observed_phase_at_origin,BASE,calibration,1,3,spectral_core,local_partition_rf,0,0.22,0,0.09
1903,2018-06,2018-02,4,0,True,0.0,master,valid_observed_phase_at_origin,BASE,calibration,1,3,spectral_core,local_partition_rf,0,0.09,0,0.04
1904,2018-06,2018-02,4,0,True,0.0,master,valid_observed_phase_at_origin,BASE,calibration,1,3,spectral_core,local_partition_rf,0,0.11,0,0.13
1905,2018-06,2018-02,4,0,True,0.0,master,valid_observed_phase_at_origin,BASE,calibration,1,0,spectral_core,local_partition_rf,0,0.12,0,0.26
1906,2018-06,2018-02,4,0,True,0.0,master,valid_observed_phase_at_origin,BASE,calibration,1,0,spectral_core,local_partition_rf,0,0.09,0,0.09
1907,2018-06,2018-02,4,0,True,0.0,master,valid_observed_phase_at_origin,BASE,calibration,1,0,spectral_core,local_partition_rf,0,0.08,0,0.17
1908,2018-06,2018-02,4,0,True,0.0,master,valid_observed_phase_at_origin,BASE,calibration,1,0,spectral_core,local_partition_rf,0,0.05,0,0.14
1909,2018-06,2018-02,4,1,True,1.0,master,valid_observed_phase_at_origin,BASE,calibration,1,3,spectral_core,local_partition_rf,0,0.25,0,0.19
1910,2018-06,2018-02,4,1,True,1.0,master,valid_observed_phase_at_origin,BASE,calibration,1,3,spectral_core,local_partition_rf,0,0.23,0,0.21
1911,2018-06,2018-02,4,1,True,1.0,master,valid_observed_phase_at_origin,BASE,calibration,1,3,spectral_core,local_partition_rf,0,0.29,0,0.21
1912,2018-06,2018-02,4,0,True,0.0,master,valid_observed_phase_at_origin,BASE,calibration,1,3,spectral_core,local_partition_rf,0,0.16,0,0.09
1913,2018-06,2018-02,4,0,True,0.0,master,valid_observed_phase_at_origin,BASE,calibration,1,0,spectral_core,local_partition_rf,0,0.04,0,0.09
1914,2018-06,2018-02,4,0,True,0.0,master,valid_observed_phase_at_origin,BASE,calibration,1,3,spectral_core,local_partition_rf,0,0.21,0,0.12
1915,2018-06,2018-02,4,1,True,1.0,master,valid_observed_phase_at_origin,BASE,calibration,1,12,spectral_core,local_partition_rf,1,0.7,0,0.49
1916,2018-06,2018-02,4,0,True,0.0,master,valid_observed_phase_at_origin,BASE,calibration,1,0,spectral_core,local_partition_rf,0,0.16,0,0.3
1917,2018-06,2018-02,4,0,True,0.0,master,valid_observed_phase_at_origin,BASE,calibration,1,0,spectral_core,local_partition_rf,0,0.16,0,0.13
1918,2018-06,2018-02,4,0,True,0.0,master,valid_observed_phase_at_origin,BASE,calibration,1,3,spectral_core,local_partition_rf,0,0.18,0,0.11
1919,2018-06,2018-02,4,1,True,1.0,master,valid_observed_phase_at_origin,BASE,calibration,1,3,spectral_core,local_partition_rf,0,0.2,0,0.22
1920,2018-06,2018-02,4,0,True,0.0,master,valid_observed_phase_at_origin,BASE,calibration,1,3,spectral_core,local_partition_rf,0,0.06,0,0.05
1921,2018-06,2018-02,4,0,True,0.0,master,valid_observed_phase_at_origin,BASE,calibration,1,3,spectral_core,local_partition_rf,0,0.04,0,0.06
1922,2018-06,2018-02,4,0,True,0.0,master,valid_observed_phase_at_origin,BASE,calibration,1,3,spectral_core,local_partition_rf,0,0.08,0,0.06
1923,2018-06,2018-02,4,0,True,0.0,master,valid_observed_phase_at_origin,BASE,calibration,1,3,spectral_core,local_partition_rf,0,0.12,0,0.06
1924,2018-06,2018-02,4,0,True,0.0,master,valid_observed_phase_at_origin,BASE,calibration,1,0,spectral_core,local_partition_rf,0,0.18,0,0.3
1925,2018-06,2018-02,4,0,True,0.0,master,valid_observed_phase_at_origin,BASE,calibration,1,3,spectral_core,local_partition_rf,0,0.09,0,0.07
1926,2018-06,2018-02,4,0,True,0.0,master,valid_observed_phase_at_origin,BASE,calibration,1,3,spectral_core,local_partition_rf,0,0.07,0,0.07
1927,2018-06,2018-02,4,0,True,0.0,master,valid_observed_phase_at_origin,BASE,calibration,1,3,spectral_core,local_partition_rf,0,0.11,0,0.08
1928,2018-06,2018-02,4,0,True,0.0,master,valid_observed_phase_at_origin,BASE,calibration,1,3,spectral_core,local_partition_rf,0,0.12,0,0.07
1929,2018-06,2018-02,4,0,True,0.0,master,valid_observed_phase_at_origin,BASE,calibration,1,3,spectral_core,local_partition_rf,0,0.09,0,0.11
1930,2018-06,2018-02,4,0,True,0.0,master,valid_observed_phase_at_origin,BASE,calibration,1,3,spectral_core,local_partition_rf,0,0.36,0,0.23
1931,2018-06,2018-02,4,0,True,0.0,master,valid_observed_phase_at_origin,BASE,calibration,1,3,spectral_core,local_partition_rf,0,0.1,0,0.08
1932,2018-06,2018-02,4,0,True,0.0,master,valid_observed_phase_at_origin,BASE,calibration,1,3,spectral_core,local_partition_rf,0,0.16,0,0.11
1933,2018-06,2018-02,4,0,True,0.0,master,valid_observed_phase_at_origin,BASE,calibration,1,0,spectral_core,local_partition_rf,0,0.17,0,0.32
1934,2018-06,2018-02,4,0,True,0.0,master,valid_observed_phase_at_origin,BASE,calibration,1,3,spectral_core,local_partition_rf,0,0.13,0,0.07
1935,2018-06,2018-02,4,0,True,0.0,master,valid_observed_phase_at_origin,BASE,calibration,1,3,spectral_core,local_partition_rf,0,0.15,0,0.08
1936,2018-06,2018-02,4,0,True,0.0,master,valid_observed_phase_at_origin,BASE,calibration,1,3,spectral_core,local_partition_rf,0,0.14,0,0.09
1937,2018-06,2018-02,4,0,True,0.0,master,valid_observed_phase_at_origin,BASE,calibration,1,0,spectral_core,local_partition_rf,0,0.06,0,0.08
1938,2018-06,2018-02,4,0,True,0.0,master,valid_observed_phase_at_origin,BASE,calibration,1,12,spectral_core,local_partition_rf,0,0.47,0,0.42
1939,2018-06,2018-02,4,1,True,1.0,master,valid_observed_phase_at_origin,BASE,calibration,1,3,spectral_core,local_partition_rf,0,0.24,0,0.2
1940,2018-06,2018-02,4,0,True,0.0,master,valid_observed_phase_at_origin,BASE,calibration,1,0,spectral_core,local_partition_rf,0,0.11,0,0.15
1941,2018-06,2018-02,4,0,True,0.0,master,valid_observed_phase_at_origin,BASE,calibration,1,0,spectral_core,local_partition_rf,0,0.04,0,0.12
1942,2018-06,2018-02,4,1,True,1.0,master,valid_observed_phase_at_origin,BASE,calibration,1,12,spectral_core,local_partition_rf,0,0.41,0,0.37
1943,2018-06,2018-02,4,0,True,0.0,master,valid_observed_phase_at_origin,BASE,calibration,1,0,spectral_core,local_partition_rf,0,0.27,0,0.33
1944,2018-06,2018-02,4,0,True,0.0,master,valid_observed_phase_at_origin,BASE,calibration,1,3,spectral_core,local_partition_rf,0,0.11,0,0.11
1945,2018-06,2018-02,4,1,True,1.0,master,valid_observed_phase_at_origin,BASE,calibration,1,12,spectral_core,local_partition_rf,1,0.55,0,0.36
1946,2018-06,2018-02,4,0,True,0.0,master,valid_observed_phase_at_origin,BASE,calibration,1,0,spectral_core,local_partition_rf,0,0.24,0,0.29
1947,2018-06,2018-02,4,0,True,0.0,master,valid_observed_phase_at_origin,BASE,calibration,1,0,spectral_core,local_partition_rf,0,0.3,0,0.29
1948,2018-06,2018-02,4,0,True,0.0,master,valid_observed_phase_at_origin,BASE,calibration,1,0,spectral_core,local_partition_rf,0,0.26,0,0.33
1949,2018-06,2018-02,4,0,True,1.0,master,valid_observed_phase_at_origin,BASE,calibration,1,12,spectral_core,local_partition_rf,0,0.5,0,0.28
1950,2018-06,2018-02,4,0,True,0.0,master,valid_observed_phase_at_origin,BASE,calibration,1,3,spectral_core,local_partition_rf,0,0.37,0,0.2
1951,2018-06,2018-02,4,0,True,0.0,master,valid_observed_phase_at_origin,BASE,calibration,1,3,spectral_core,local_partition_rf,0,0.21,0,0.1
1952,2018-06,2018-02,4,0,True,0.0,master,valid_observed_phase_at_origin,BASE,calibration,1,3,spectral_core,local_partition_rf,0,0.13,0,0.11
1953,2018-06,2018-02,4,0,True,0.0,master,valid_observed_phase_at_origin,BASE,calibration,1,12,spectral_core,local_partition_rf,0,0.45,0,0.44
1954,2018-06,2018-02,4,0,True,0.0,master,valid_observed_phase_at_origin,BASE,calibration,1,0,spectral_core,local_partition_rf,0,0.18,0,0.27
1955,2018-06,2018-02,4,1,True,1.0,master,valid_observed_phase_at_origin,BASE,calibration,1,12,spectral_core,local_partition_rf,0,0.49,0,0.36
1956,2018-06,2018-02,4,0,True,0.0,master,valid_observed_phase_at_origin,BASE,calibration,1,0,spectral_core,local_partition_rf,0,0.2,0,0.27
1957,2018-06,2018-02,4,0,True,0.0,master,valid_observed_phase_at_origin,BASE,calibration,1,0,spectral_core,local_partition_rf,0,0.38,0,0.43
1958,2018-06,2018-02,4,0,True,1.0,master,valid_observed_phase_at_origin,BASE,calibration,1,12,spectral_core,local_partition_rf,1,0.52,0,0.39
1959,2018-06,2018-02,4,0,True,0.0,master,valid_observed_phase_at_origin,BASE,calibration,1,3,spectral_core,local_partition_rf,0,0.13,0,0.11
1960,2018-06,2018-02,4,0,True,0.0,master,valid_observed_phase_at_origin,BASE,calibration,1,3,spectral_core,local_partition_rf,0,0.08,0,0.04
1961,2018-06,2018-02,4,0,True,0.0,master,valid_observed_phase_at_origin,BASE,calibration,1,0,spectral_core,local_partition_rf,0,0.24,0,0.37
1962,2018-06,2018-02,4,0,True,0.0,master,valid_observed_phase_at_origin,BASE,calibration,1,0,spectral_core,local_partition_rf,0,0.17,0,0.24
1963,2018-06,2018-02,4,0,True,0.0,master,valid_observed_phase_at_origin,BASE,calibration,1,0,spectral_core,local_partition_rf,0,0.27,0,0.43
1964,2018-06,2018-02,4,0,True,0.0,master,valid_observed_phase_at_origin,BASE,calibration,1,3,spectral_core,local_partition_rf,0,0.43,0,0.24
1965,2018-06,2018-02,4,0,True,0.0,master,valid_observed_phase_at_origin,BASE,calibration,1,3,spectral_core,local_partition_rf,0,0.09,0,0.03
1966,2018-06,2018-02,4,0,True,0.0,master,valid_observed_phase_at_origin,BASE,calibration,1,3,spectral_core,local_partition_rf,0,0.14,0,0.12
1967,2018-06,2018-02,4,0,True,0.0,master,valid_observed_phase_at_origin,BASE,calibration,1,0,spectral_core,local_partition_rf,0,0.1,0,0.19
1968,2018-06,2018-02,4,0,True,0.0,master,valid_observed_phase_at_origin,BASE,calibration,1,3,spectral_core,local_partition_rf,0,0.07,0,0.03
1969,2018-06,2018-02,4,0,True,0.0,master,valid_observed_phase_at_origin,BASE,calibration,1,3,spectral_core,local_partition_rf,0,0.12,0,0.15
1970,2018-06,2018-02,4,0,True,0.0,master,valid_observed_phase_at_origin,BASE,calibration,1,3,spectral_core,local_partition_rf,0,0.09,0,0.07
1971,2018-06,2018-02,4,0,True,0.0,master,valid_observed_phase_at_origin,BASE,calibration,1,3,spectral_core,local_partition_rf,0,0.16,0,0.15
1972,2018-06,2018-02,4,0,True,0.0,master,valid_observed_phase_at_origin,BASE,calibration,1,3,spectral_core,local_partition_rf,0,0.17,0,0.05
1973,2018-06,2018-02,4,0,True,0.0,master,valid_observed_phase_at_origin,BASE,calibration,1,0,spectral_core,local_partition_rf,0,0.05,0,0.13
1974,2018-06,2018-02,4,0,True,0.0,master,valid_observed_phase_at_origin,BASE,calibration,1,3,spectral_core,local_partition_rf,0,0.12,0,0.11
1975,2018-06,2018-02,4,0,True,0.0,master,valid_observed_phase_at_origin,BASE,calibration,1,0,spectral_core,local_partition_rf,0,0.1,0,0.21
1976,2018-06,2018-02,4,0,True,0.0,master,valid_observed_phase_at_origin,BASE,calibration,1,3,spectral_core,local_partition_rf,0,0.18,0,0.06
1977,2018-06,2018-02,4,0,True,0.0,master,valid_observed_phase_at_origin,BASE,calibration,1,3,spectral_core,local_partition_rf,0,0.1,0,0.09
1978,2018-06,2018-02,4,0,True,0.0,master,valid_observed_phase_at_origin,BASE,calibration,1,3,spectral_core,local_partition_rf,0,0.25,0,0.25
1979,2018-06,2018-02,4,0,True,0.0,master,valid_observed_phase_at_origin,BASE,calibration,1,3,spectral_core,local_partition_rf,0,0.13,0,0.07
1980,2018-06,2018-02,4,0,True,0.0,master,valid_observed_phase_at_origin,BASE,calibration,1,0,spectral_core,local_partition_rf,0,0.01,0,0.05
1981,2018-06,2018-02,4,0,True,0.0,master,valid_observed_phase_at_origin,BASE,calibration,1,3,spectral_core,local_partition_rf,0,0.14,0,0.1
1982,2018-06,2018-02,4,0,True,0.0,master,valid_observed_phase_at_origin,BASE,calibration,1,0,spectral_core,local_partition_rf,0,0.32,0,0.36
1983,2018-06,2018-02,4,0,True,0.0,master,valid_observed_phase_at_origin,BASE,calibration,1,0,spectral_core,local_partition_rf,0,0.24,0,0.38
1984,2018-06,2018-02,4,0,True,0.0,master,valid_observed_phase_at_origin,BASE,calibration,1,3,spectral_core,local_partition_rf,0,0.28,0,0.18
1985,2018-06,2018-02,4,0,True,0.0,master,valid_observed_phase_at_origin,BASE,calibration,1,0,spectral_core,local_partition_rf,0,0.11,0,0.24
1986,2018-06,2018-02,4,0,True,0.0,master,valid_observed_phase_at_origin,BASE,calibration,1,0,spectral_core,local_partition_rf,0,0.21,0,0.29
1987,2018-06,2018-02,4,0,True,0.0,master,valid_observed_phase_at_origin,BASE,calibration,1,0,spectral_core,local_partition_rf,0,0.06,0,0.08
1988,2018-06,2018-02,4,0,True,0.0,master,valid_observed_phase_at_origin,BASE,calibration,1,0,spectral_core,local_partition_rf,0,0.04,0,0.1
1989,2018-06,2018-02,4,0,True,0.0,master,valid_observed_phase_at_origin,BASE,calibration,1,3,spectral_core,local_partition_rf,0,0.09,0,0.05
1990,2018-06,2018-02,4,0,True,0.0,master,valid_observed_phase_at_origin,BASE,calibration,1,0,spectral_core,local_partition_rf,0,0.01,0,0.09
1991,2018-06,2018-02,4,0,True,0.0,master,valid_observed_phase_at_origin,BASE,calibration,1,0,spectral_core,local_partition_rf,0,0.04,0,0.06
1992,2018-06,2018-02,4,0,True,0.0,master,valid_observed_phase_at_origin,BASE,calibration,1,3,spectral_core,local_partition_rf,0,0.21,0,0.15
1993,2018-06,2018-02,4,0,True,0.0,master,valid_observed_phase_at_origin,BASE,calibration,1,3,spectral_core,local_partition_rf,0,0.11,0,0.05
1994,2018-06,2018-02,4,0,True,0.0,master,valid_observed_phase_at_origin,BASE,calibration,1,0,spectral_core,local_partition_rf,0,0.08,0,0.16
1995,2018-06,2018-02,4,0,True,1.0,master,valid_observed_phase_at_origin,BASE,calibration,1,12,spectral_core,local_partition_rf,1,0.58,0,0.38
1996,2018-06,2018-02,4,0,True,0.0,master,valid_observed_phase_at_origin,BASE,calibration,1,0,spectral_core,local_partition_rf,0,0.07,0,0.26
1997,2018-06,2018-02,4,0,True,0.0,master,valid_observed_phase_at_origin,BASE,calibration,1,12,spectral_core,local_partition_rf,0,0.25,0,0.3
1998,2018-06,2018-02,4,0,True,0.0,master,valid_observed_phase_at_origin,BASE,calibration,1,3,spectral_core,local_partition_rf,0,0.11,0,0.08
1999,2018-06,2018-02,4,0,True,0.0,master,valid_observed_phase_at_origin,BASE,calibration,1,3,spectral_core,local_partition_rf,0,0.1,0,0.14
2000,2018-06,2018-02,4,0,True,0.0,master,valid_observed_phase_at_origin,BASE,calibration,1,3,spectral_core,local_partition_rf,0,0.4,0,0.3
2001,2018-06,2018-02,4,0,True,0.0,master,valid_observed_phase_at_origin,BASE,calibration,1,3,spectral_core,local_partition_rf,0,0.07,0,0.07
2002,2018-06,2018-02,4,0,True,0.0,master,valid_observed_phase_at_origin,BASE,calibration,1,0,spectral_core,local_partition_rf,0,0.25,0,0.26
2003,2018-06,2018-02,4,0,True,0.0,master,valid_observed_phase_at_origin,BASE,calibration,1,3,spectral_core,local_partition_rf,0,0.42,0,0.3
2004,2018-06,2018-02,4,0,True,0.0,master,valid_observed_phase_at_origin,BASE,calibration,1,3,spectral_core,local_partition_rf,0,0.35,0,0.2
2005,2018-06,2018-02,4,0,True,0.0,master,valid_observed_phase_at_origin,BASE,calibration,1,3,spectral_core,local_partition_rf,0,0.42,0,0.23
2006,2018-06,2018-02,4,0,True,0.0,master,valid_observed_phase_at_origin,BASE,calibration,1,3,spectral_core,local_partition_rf,0,0.11,0,0.06
2007,2018-06,2018-02,4,0,True,1.0,master,valid_observed_phase_at_origin,BASE,calibration,1,12,spectral_core,local_partition_rf,1,0.62,0,0.42
2008,2018-06,2018-02,4,0,True,0.0,master,valid_observed_phase_at_origin,BASE,calibration,1,3,spectral_core,local_partition_rf,0,0.16,0,0.12
2009,2018-06,2018-02,4,0,True,0.0,master,valid_observed_phase_at_origin,BASE,calibration,1,0,spectral_core,local_partition_rf,0,0.09,0,0.17
2010,2018-06,2018-02,4,0,True,0.0,master,valid_observed_phase_at_origin,BASE,calibration,1,3,spectral_core,local_partition_rf,0,0.1,0,0.1
2011,2018-06,2018-02,4,0,True,0.0,master,valid_observed_phase_at_origin,BASE,calibration,1,3,spectral_core,local_partition_rf,0,0.06,0,0.08
2012,2018-06,2018-02,4,0,True,0.0,master,valid_observed_phase_at_origin,BASE,calibration,1,12,spectral_core,local_partition_rf,0,0.28,0,0.35
2013,2018-06,2018-02,4,0,True,0.0,master,valid_observed_phase_at_origin,BASE,calibration,1,0,spectral_core,local_partition_rf,0,0.07,0,0.2
2014,2018-06,2018-02,4,0,True,0.0,master,valid_observed_phase_at_origin,BASE,calibration,1,3,spectral_core,local_partition_rf,0,0.16,0,0.2
2015,2018-06,2018-02,4,1,True,1.0,master,valid_observed_phase_at_origin,BASE,calibration,1,12,spectral_core,local_partition_rf,1,0.71,1,0.55
2016,2018-06,2018-02,4,0,True,0.0,master,valid_observed_phase_at_origin,BASE,calibration,1,12,spectral_core,local_partition_rf,0,0.37,0,0.45
2017,2018-06,2018-02,4,0,True,0.0,master,valid_observed_phase_at_origin,BASE,calibration,1,3,spectral_core,local_partition_rf,0,0.18,0,0.13
2018,2018-06,2018-02,4,0,True,0.0,master,valid_observed_phase_at_origin,BASE,calibration,1,0,spectral_core,local_partition_rf,0,0.07,0,0.15
2019,2018-06,2018-02,4,0,True,0.0,master,valid_observed_phase_at_origin,BASE,calibration,1,3,spectral_core,local_partition_rf,0,0.28,0,0.12
2020,2018-06,2018-02,4,0,True,0.0,master,valid_observed_phase_at_origin,BASE,calibration,1,3,spectral_core,local_partition_rf,0,0.09,0,0.04
2021,2018-06,2018-02,4,0,True,0.0,master,valid_observed_phase_at_origin,BASE,calibration,1,0,spectral_core,local_partition_rf,0,0.28,0,0.23
2022,2018-06,2018-02,4,0,True,0.0,master,valid_observed_phase_at_origin,BASE,calibration,1,3,spectral_core,local_partition_rf,0,0.25,0,0.17
2023,2018-06,2018-02,4,0,True,0.0,master,valid_observed_phase_at_origin,BASE,calibration,1,3,spectral_core,local_partition_rf,0,0.06,0,0.05
2024,2018-06,2018-02,4,0,True,0.0,master,valid_observed_phase_at_origin,BASE,calibration,1,3,spectral_core,local_partition_rf,0,0.1,0,0.03
2025,2018-06,2018-02,4,0,True,0.0,master,valid_observed_phase_at_origin,BASE,calibration,1,3,spectral_core,local_partition_rf,0,0.38,0,0.25
2026,2018-06,2018-02,4,0,True,0.0,master,valid_observed_phase_at_origin,BASE,calibration,1,3,spectral_core,local_partition_rf,0,0.23,0,0.14
2027,2018-06,2018-02,4,0,True,0.0,master,valid_observed_phase_at_origin,BASE,calibration,1,3,spectral_core,local_partition_rf,0,0.26,0,0.18
2028,2018-06,2018-02,4,0,True,0.0,master,valid_observed_phase_at_origin,BASE,calibration,1,3,spectral_core,local_partition_rf,0,0.34,0,0.21
2029,2018-06,2018-02,4,0,True,0.0,master,valid_observed_phase_at_origin,BASE,calibration,1,3,spectral_core,local_partition_rf,0,0.34,0,0.19
2030,2018-06,2018-02,4,0,True,0.0,master,valid_observed_phase_at_origin,BASE,calibration,1,0,spectral_core,local_partition_rf,0,0.06,0,0.1
2031,2018-06,2018-02,4,0,True,0.0,master,valid_observed_phase_at_origin,BASE,calibration,1,3,spectral_core,local_partition_rf,0,0.16,0,0.12
2032,2018-06,2018-02,4,0,True,0.0,master,valid_observed_phase_at_origin,BASE,calibration,1,3,spectral_core,local_partition_rf,0,0.18,0,0.09
2033,2018-06,2018-02,4,0,True,0.0,master,valid_observed_phase_at_origin,BASE,calibration,1,3,spectral_core,local_partition_rf,0,0.37,0,0.19
2034,2018-06,2018-02,4,0,True,0.0,master,valid_observed_phase_at_origin,BASE,calibration,1,3,spectral_core,local_partition_rf,0,0.15,0,0.07
2035,2018-06,2018-02,4,0,True,0.0,master,valid_observed_phase_at_origin,BASE,calibration,1,3,spectral_core,local_partition_rf,0,0.15,0,0.06
2036,2018-06,2018-02,4,0,True,0.0,master,valid_observed_phase_at_origin,BASE,calibration,1,12,spectral_core,local_partition_rf,0,0.34,0,0.35
2037,2018-06,2018-02,4,0,True,0.0,master,valid_observed_phase_at_origin,BASE,calibration,1,3,spectral_core,local_partition_rf,0,0.35,0,0.15
2038,2018-06,2018-02,4,0,True,0.0,master,valid_observed_phase_at_origin,BASE,calibration,1,3,spectral_core,local_partition_rf,0,0.11,0,0.12
2039,2018-06,2018-02,4,0,True,0.0,master,valid_observed_phase_at_origin,BASE,calibration,1,3,spectral_core,local_partition_rf,0,0.4,0,0.22
2040,2018-06,2018-02,4,0,True,0.0,master,valid_observed_phase_at_origin,BASE,calibration,1,0,spectral_core,local_partition_rf,0,0.05,0,0.08
2041,2018-06,2018-02,4,0,True,0.0,master,valid_observed_phase_at_origin,BASE,calibration,1,3,spectral_core,local_partition_rf,0,0.14,0,0.07
2042,2018-06,2018-02,4,0,True,0.0,master,valid_observed_phase_at_origin,BASE,calibration,1,3,spectral_core,local_partition_rf,0,0.18,0,0.11
2043,2018-06,2018-02,4,1,True,0.0,master,valid_observed_phase_at_origin,BASE,calibration,1,3,spectral_core,local_partition_rf,0,0.12,0,0.13
2044,2018-06,2018-02,4,0,True,0.0,master,valid_observed_phase_at_origin,BASE,calibration,1,0,spectral_core,local_partition_rf,0,0.12,0,0.18
2045,2018-06,2018-02,4,0,True,0.0,master,valid_observed_phase_at_origin,BASE,calibration,1,0,spectral_core,local_partition_rf,0,0.09,0,0.14
2046,2018-06,2018-02,4,0,True,0.0,master,valid_observed_phase_at_origin,BASE,calibration,1,0,spectral_core,local_partition_rf,0,0.11,0,0.19
2047,2018-06,2018-02,4,0,True,0.0,master,valid_observed_phase_at_origin,BASE,calibration,1,0,spectral_core,local_partition_rf,0,0.11,0,0.2
2048,2018-06,2018-02,4,0,True,0.0,master,valid_observed_phase_at_origin,BASE,calibration,1,0,spectral_core,local_partition_rf,0,0.12,0,0.21
2049,2018-06,2018-02,4,0,True,0.0,master,valid_observed_phase_at_origin,BASE,calibration,1,0,spectral_core,local_partition_rf,0,0.07,0,0.12
2050,2018-06,2018-02,4,0,True,0.0,master,valid_observed_phase_at_origin,BASE,calibration,1,0,spectral_core,local_partition_rf,0,0.28,0,0.38
2051,2018-06,2018-02,4,0,True,0.0,master,valid_observed_phase_at_origin,BASE,calibration,1,0,spectral_core,local_partition_rf,0,0.15,0,0.26
2052,2018-06,2018-02,4,0,True,0.0,master,valid_observed_phase_at_origin,BASE,calibration,1,3,spectral_core,local_partition_rf,0,0.39,0,0.22
2053,2018-06,2018-02,4,0,True,0.0,master,valid_observed_phase_at_origin,BASE,calibration,1,0,spectral_core,local_partition_rf,0,0.26,0,0.38
2054,2018-06,2018-02,4,0,True,0.0,master,valid_observed_phase_at_origin,BASE,calibration,1,0,spectral_core,local_partition_rf,0,0.17,0,0.3
2055,2018-06,2018-02,4,0,True,0.0,master,valid_observed_phase_at_origin,BASE,calibration,1,3,spectral_core,local_partition_rf,0,0.28,0,0.22
2056,2018-06,2018-02,4,0,True,0.0,master,valid_observed_phase_at_origin,BASE,calibration,1,3,spectral_core,local_partition_rf,0,0.18,0,0.1
2057,2018-06,2018-02,4,0,True,0.0,master,valid_observed_phase_at_origin,BASE,calibration,1,3,spectral_core,local_partition_rf,0,0.22,0,0.11
2058,2018-06,2018-02,4,0,True,1.0,master,valid_observed_phase_at_origin,BASE,calibration,1,0,spectral_core,local_partition_rf,0,0.23,0,0.27
2059,2018-06,2018-02,4,0,True,0.0,master,valid_observed_phase_at_origin,BASE,calibration,1,3,spectral_core,local_partition_rf,0,0.19,0,0.09
2060,2018-06,2018-02,4,0,True,0.0,master,valid_observed_phase_at_origin,BASE,calibration,1,3,spectral_core,local_partition_rf,0,0.14,0,0.14
2061,2018-06,2018-02,4,0,True,0.0,master,valid_observed_phase_at_origin,BASE,calibration,1,3,spectral_core,local_partition_rf,0,0.17,0,0.13
2062,2018-06,2018-02,4,0,True,0.0,master,valid_observed_phase_at_origin,BASE,calibration,1,0,spectral_core,local_partition_rf,0,0.27,0,0.32
2063,2018-06,2018-02,4,0,True,0.0,master,valid_observed_phase_at_origin,BASE,calibration,1,3,spectral_core,local_partition_rf,0,0.12,0,0.09
2064,2018-06,2018-02,4,0,True,0.0,master,valid_observed_phase_at_origin,BASE,calibration,1,0,spectral_core,local_partition_rf,0,0.19,0,0.19
2065,2018-06,2018-02,4,0,True,0.0,master,valid_observed_phase_at_origin,BASE,calibration,1,3,spectral_core,local_partition_rf,0,0.11,0,0.06
2066,2018-06,2018-02,4,0,True,0.0,master,valid_observed_phase_at_origin,BASE,calibration,1,3,spectral_core,local_partition_rf,0,0.18,0,0.11
2067,2018-06,2018-02,4,0,True,0.0,master,valid_observed_phase_at_origin,BASE,calibration,1,3,spectral_core,local_partition_rf,0,0.15,0,0.1
2068,2018-06,2018-02,4,0,True,0.0,master,valid_observed_phase_at_origin,BASE,calibration,1,3,spectral_core,local_partition_rf,0,0.13,0,0.08
2069,2018-06,2018-02,4,0,True,0.0,master,valid_observed_phase_at_origin,BASE,calibration,1,3,spectral_core,local_partition_rf,0,0.15,0,0.09
2070,2018-06,2018-02,4,0,True,0.0,master,valid_observed_phase_at_origin,BASE,calibration,1,3,spectral_core,local_partition_rf,0,0.14,0,0.15
2071,2018-06,2018-02,4,0,True,0.0,master,valid_observed_phase_at_origin,BASE,calibration,1,3,spectral_core,local_partition_rf,0,0.36,0,0.28
2072,2018-06,2018-02,4,0,True,0.0,master,valid_observed_phase_at_origin,BASE,calibration,1,0,spectral_core,local_partition_rf,0,0.22,0,0.36
2073,2018-06,2018-02,4,0,True,0.0,master,valid_observed_phase_at_origin,BASE,calibration,1,0,spectral_core,local_partition_rf,0,0.32,0,0.31
2074,2018-06,2018-02,4,0,True,0.0,master,valid_observed_phase_at_origin,BASE,calibration,1,0,spectral_core,local_partition_rf,0,0.1,0,0.21
2075,2018-06,2018-02,4,0,True,0.0,master,valid_observed_phase_at_origin,BASE,calibration,1,0,spectral_core,local_partition_rf,0,0.05,0,0.24
2076,2018-06,2018-02,4,0,True,0.0,master,valid_observed_phase_at_origin,BASE,calibration,1,0,spectral_core,local_partition_rf,0,0.22,0,0.31
2077,2018-06,2018-02,4,0,True,0.0,master,valid_observed_phase_at_origin,BASE,calibration,1,0,spectral_core,local_partition_rf,0,0.1,0,0.23
2078,2018-06,2018-02,4,0,True,0.0,master,valid_observed_phase_at_origin,BASE,calibration,1,12,spectral_core,local_partition_rf,0,0.27,0,0.29
2079,2018-06,2018-02,4,0,True,0.0,master,valid_observed_phase_at_origin,BASE,calibration,1,3,spectral_core,local_partition_rf,0,0.1,0,0.04
2080,2018-06,2018-02,4,0,True,0.0,master,valid_observed_phase_at_origin,BASE,calibration,1,12,spectral_core,local_partition_rf,0,0.3,0,0.31
2081,2018-06,2018-02,4,0,True,0.0,master,valid_observed_phase_at_origin,BASE,calibration,1,3,spectral_core,local_partition_rf,0,0.35,0,0.15
2082,2018-06,2018-02,4,0,True,0.0,master,valid_observed_phase_at_origin,BASE,calibration,1,3,spectral_core,local_partition_rf,0,0.12,0,0.07
2083,2018-06,2018-02,4,1,True,0.0,master,valid_observed_phase_at_origin,BASE,calibration,1,3,spectral_core,local_partition_rf,0,0.09,0,0.07
2084,2018-06,2018-02,4,0,True,0.0,master,valid_observed_phase_at_origin,BASE,calibration,1,3,spectral_core,local_partition_rf,0,0.15,0,0.06
2085,2018-06,2018-02,4,1,True,1.0,master,valid_observed_phase_at_origin,BASE,calibration,1,3,spectral_core,local_partition_rf,0,0.28,0,0.25
2086,2018-06,2018-02,4,0,True,0.0,master,valid_observed_phase_at_origin,BASE,calibration,1,3,spectral_core,local_partition_rf,0,0.15,0,0.14
2087,2018-06,2018-02,4,0,True,1.0,master,valid_observed_phase_at_origin,BASE,calibration,1,0,spectral_core,local_partition_rf,0,0.2,0,0.21
2088,2018-06,2018-02,4,0,True,0.0,master,valid_observed_phase_at_origin,BASE,calibration,1,12,spectral_core,local_partition_rf,0,0.35,0,0.39
2089,2018-06,2018-02,4,0,True,0.0,master,valid_observed_phase_at_origin,BASE,calibration,1,12,spectral_core,local_partition_rf,0,0.35,0,0.31
2090,2018-06,2018-02,4,0,True,0.0,master,valid_observed_phase_at_origin,BASE,calibration,1,0,spectral_core,local_partition_rf,0,0.22,0,0.27
2091,2018-06,2018-02,4,0,True,0.0,master,valid_observed_phase_at_origin,BASE,calibration,1,3,spectral_core,local_partition_rf,0,0.09,0,0.09
2092,2018-06,2018-02,4,0,True,0.0,master,valid_observed_phase_at_origin,BASE,calibration,1,3,spectral_core,local_partition_rf,0,0.08,0,0.05
2093,2018-06,2018-02,4,1,True,1.0,master,valid_observed_phase_at_origin,BASE,calibration,1,12,spectral_core,local_partition_rf,0,0.48,0,0.41
2094,2018-06,2018-02,4,0,True,0.0,master,valid_observed_phase_at_origin,BASE,calibration,1,3,spectral_core,local_partition_rf,0,0.15,0,0.19
2095,2018-06,2018-02,4,0,True,0.0,master,valid_observed_phase_at_origin,BASE,calibration,1,0,spectral_core,local_partition_rf,0,0.06,0,0.15
2096,2018-06,2018-02,4,1,True,1.0,master,valid_observed_phase_at_origin,BASE,calibration,1,12,spectral_core,local_partition_rf,1,0.59,0,0.44
2097,2018-06,2018-02,4,0,True,0.0,master,valid_observed_phase_at_origin,BASE,calibration,1,3,spectral_core,local_partition_rf,0,0.07,0,0.07
2098,2018-06,2018-02,4,0,True,0.0,master,valid_observed_phase_at_origin,BASE,calibration,1,0,spectral_core,local_partition_rf,0,0.1,0,0.21
2099,2018-06,2018-02,4,0,True,0.0,master,valid_observed_phase_at_origin,BASE,calibration,1,0,spectral_core,local_partition_rf,0,0.05,0,0.19
2100,2018-06,2018-02,4,0,True,0.0,master,valid_observed_phase_at_origin,BASE,calibration,1,0,spectral_core,local_partition_rf,0,0.12,0,0.2
2101,2018-06,2018-02,4,0,True,0.0,master,valid_observed_phase_at_origin,BASE,calibration,1,3,spectral_core,local_partition_rf,0,0.19,0,0.12
2102,2018-06,2018-02,4,0,True,0.0,master,valid_observed_phase_at_origin,BASE,calibration,1,3,spectral_core,local_partition_rf,0,0.16,0,0.06
2103,2018-06,2018-02,4,0,True,0.0,master,valid_observed_phase_at_origin,BASE,calibration,1,0,spectral_core,local_partition_rf,0,0.09,0,0.13
2104,2018-06,2018-02,4,0,True,0.0,master,valid_observed_phase_at_origin,BASE,calibration,1,3,spectral_core,local_partition_rf,0,0.1,0,0.08
2105,2018-06,2018-02,4,0,True,0.0,master,valid_observed_phase_at_origin,BASE,calibration,1,3,spectral_core,local_partition_rf,0,0.11,0,0.03
2106,2018-06,2018-02,4,0,True,0.0,master,valid_observed_phase_at_origin,BASE,calibration,1,3,spectral_core,local_partition_rf,0,0.12,0,0.06
2107,2018-06,2018-02,4,0,True,0.0,master,valid_observed_phase_at_origin,BASE,calibration,1,3,spectral_core,local_partition_rf,0,0.42,0,0.27
2108,2018-06,2018-02,4,0,True,0.0,master,valid_observed_phase_at_origin,BASE,calibration,1,3,spectral_core,local_partition_rf,0,0.44,0,0.23
2109,2018-06,2018-02,4,0,True,0.0,master,valid_observed_phase_at_origin,BASE,calibration,1,0,spectral_core,local_partition_rf,0,0.15,0,0.19
2110,2018-06,2018-02,4,0,True,0.0,master,valid_observed_phase_at_origin,BASE,calibration,1,0,spectral_core,local_partition_rf,0,0.14,0,0.08
2111,2018-06,2018-02,4,0,True,0.0,master,valid_observed_phase_at_origin,BASE,calibration,1,0,spectral_core,local_partition_rf,0,0.19,0,0.17
2112,2018-06,2018-02,4,0,True,0.0,master,valid_observed_phase_at_origin,BASE,calibration,1,0,spectral_core,local_partition_rf,0,0.06,0,0.13
2113,2018-06,2018-02,4,0,True,0.0,master,valid_observed_phase_at_origin,BASE,calibration,1,0,spectral_core,local_partition_rf,0,0.07,0,0.06
2114,2018-06,2018-02,4,1,True,1.0,master,valid_observed_phase_at_origin,BASE,calibration,1,12,spectral_core,local_partition_rf,1,0.55,0,0.45
2115,2018-06,2018-02,4,0,True,0.0,master,valid_observed_phase_at_origin,BASE,calibration,1,0,spectral_core,local_partition_rf,0,0.25,0,0.31
2116,2018-06,2018-02,4,0,True,0.0,master,valid_observed_phase_at_origin,BASE,calibration,1,3,spectral_core,local_partition_rf,0,0.1,0,0.05
2117,2018-06,2018-02,4,0,True,0.0,master,valid_observed_phase_at_origin,BASE,calibration,1,3,spectral_core,local_partition_rf,0,0.13,0,0.15
2118,2018-06,2018-02,4,0,True,0.0,master,valid_observed_phase_at_origin,BASE,calibration,1,3,spectral_core,local_partition_rf,0,0.18,0,0.11
2119,2018-06,2018-02,4,0,True,0.0,master,valid_observed_phase_at_origin,BASE,calibration,1,3,spectral_core,local_partition_rf,0,0.37,0,0.18
2120,2018-06,2018-02,4,0,True,0.0,master,valid_observed_phase_at_origin,BASE,calibration,1,3,spectral_core,local_partition_rf,0,0.1,0,0.08
2121,2018-06,2018-02,4,0,True,0.0,master,valid_observed_phase_at_origin,BASE,calibration,1,3,spectral_core,local_partition_rf,0,0.19,0,0.1
2122,2018-06,2018-02,4,0,True,0.0,master,valid_observed_phase_at_origin,BASE,calibration,1,0,spectral_core,local_partition_rf,0,0.22,0,0.27
2123,2018-06,2018-02,4,0,True,0.0,master,valid_observed_phase_at_origin,BASE,calibration,1,0,spectral_core,local_partition_rf,0,0.06,0,0.14
2124,2018-06,2018-02,4,0,True,0.0,master,valid_observed_phase_at_origin,BASE,calibration,1,3,spectral_core,local_partition_rf,0,0.1,0,0.05
2125,2018-06,2018-02,4,0,True,0.0,master,valid_observed_phase_at_origin,BASE,calibration,1,0,spectral_core,local_partition_rf,0,0.07,0,0.11
2126,2018-06,2018-02,4,0,True,0.0,master,valid_observed_phase_at_origin,BASE,calibration,1,0,spectral_core,local_partition_rf,0,0.23,0,0.31
2127,2018-06,2018-02,4,0,True,0.0,master,valid_observed_phase_at_origin,BASE,calibration,1,3,spectral_core,local_partition_rf,0,0.25,0,0.2
2128,2018-06,2018-02,4,0,True,0.0,master,valid_observed_phase_at_origin,BASE,calibration,1,3,spectral_core,local_partition_rf,0,0.19,0,0.18
2129,2018-06,2018-02,4,1,True,1.0,master,valid_observed_phase_at_origin,BASE,calibration,1,12,spectral_core,local_partition_rf,0,0.44,0,0.4
2130,2018-06,2018-02,4,0,True,0.0,master,valid_observed_phase_at_origin,BASE,calibration,1,0,spectral_core,local_partition_rf,0,0.27,0,0.38
2131,2018-06,2018-02,4,0,True,0.0,master,valid_observed_phase_at_origin,BASE,calibration,1,3,spectral_core,local_partition_rf,0,0.09,0,0.1
2132,2018-06,2018-02,4,0,True,0.0,master,valid_observed_phase_at_origin,BASE,calibration,1,0,spectral_core,local_partition_rf,0,0.05,0,0.15
2133,2018-06,2018-02,4,0,True,0.0,master,valid_observed_phase_at_origin,BASE,calibration,1,3,spectral_core,local_partition_rf,0,0.08,0,0.05
2134,2018-06,2018-02,4,0,True,0.0,master,valid_observed_phase_at_origin,BASE,calibration,1,0,spectral_core,local_partition_rf,0,0.02,0,0.05
2135,2018-06,2018-02,4,0,True,0.0,master,valid_observed_phase_at_origin,BASE,calibration,1,3,spectral_core,local_partition_rf,0,0.09,0,0.08
2136,2018-06,2018-02,4,0,True,0.0,master,valid_observed_phase_at_origin,BASE,calibration,1,3,spectral_core,local_partition_rf,0,0.15,0,0.07
2137,2018-06,2018-02,4,0,True,0.0,master,valid_observed_phase_at_origin,BASE,calibration,1,0,spectral_core,local_partition_rf,0,0.05,0,0.08
2138,2018-06,2018-02,4,1,True,0.0,master,valid_observed_phase_at_origin,BASE,calibration,1,3,spectral_core,local_partition_rf,0,0.07,0,0.07
2139,2018-06,2018-02,4,1,True,0.0,master,valid_observed_phase_at_origin,BASE,calibration,1,3,spectral_core,local_partition_rf,0,0.11,0,0.07
2140,2018-06,2018-02,4,0,True,0.0,master,valid_observed_phase_at_origin,BASE,calibration,1,3,spectral_core,local_partition_rf,0,0.09,0,0.1
2141,2018-06,2018-02,4,0,True,1.0,master,valid_observed_phase_at_origin,BASE,calibration,1,12,spectral_core,local_partition_rf,0,0.45,0,0.37
2142,2018-06,2018-02,4,0,True,0.0,master,valid_observed_phase_at_origin,BASE,calibration,1,3,spectral_core,local_partition_rf,0,0.09,0,0.09
2143,2018-06,2018-02,4,0,True,0.0,master,valid_observed_phase_at_origin,BASE,calibration,1,3,spectral_core,local_partition_rf,0,0.15,0,0.1
2144,2018-06,2018-02,4,0,True,0.0,master,valid_observed_phase_at_origin,BASE,calibration,1,0,spectral_core,local_partition_rf,0,0.19,0,0.33
2145,2018-06,2018-02,4,0,True,0.0,master,valid_observed_phase_at_origin,BASE,calibration,1,3,spectral_core,local_partition_rf,0,0.43,0,0.19
2146,2018-06,2018-02,4,0,True,0.0,master,valid_observed_phase_at_origin,BASE,calibration,1,0,spectral_core,local_partition_rf,0,0.13,0,0.23
2147,2018-06,2018-02,4,0,True,0.0,master,valid_observed_phase_at_origin,BASE,calibration,1,0,spectral_core,local_partition_rf,0,0.16,0,0.22
2148,2018-06,2018-02,4,0,True,0.0,master,valid_observed_phase_at_origin,BASE,calibration,1,3,spectral_core,local_partition_rf,0,0.09,0,0.05
2149,2018-06,2018-02,4,0,True,0.0,master,valid_observed_phase_at_origin,BASE,calibration,1,0,spectral_core,local_partition_rf,0,0.33,0,0.39
2150,2018-06,2018-02,4,0,True,0.0,master,valid_observed_phase_at_origin,BASE,calibration,1,0,spectral_core,local_partition_rf,0,0.05,0,0.11
2151,2018-06,2018-02,4,0,True,0.0,master,valid_observed_phase_at_origin,BASE,calibration,1,3,spectral_core,local_partition_rf,0,0.32,0,0.16
2152,2018-06,2018-02,4,0,True,0.0,master,valid_observed_phase_at_origin,BASE,calibration,1,-1,unassigned_nearest_donor_beyond_100km,pooled_unassigned_area,0,0.4,0,0.4
2153,2018-06,2018-02,4,0,True,0.0,master,valid_observed_phase_at_origin,BASE,calibration,1,-1,unassigned_nearest_donor_beyond_100km,pooled_unassigned_area,0,0.41,0,0.41
2154,2018-06,2018-02,4,0,True,0.0,master,valid_observed_phase_at_origin,BASE,calibration,1,-1,unassigned_nearest_donor_beyond_100km,pooled_unassigned_area,0,0.41,0,0.41
2155,2018-06,2018-02,4,0,True,0.0,master,valid_observed_phase_at_origin,BASE,calibration,1,-1,unassigned_nearest_donor_beyond_100km,pooled_unassigned_area,0,0.49,0,0.49
2156,2018-06,2018-02,4,0,True,0.0,master,valid_observed_phase_at_origin,BASE,calibration,1,-1,unassigned_nearest_donor_beyond_100km,pooled_unassigned_area,0,0.38,0,0.38
2157,2018-06,2018-02,4,0,True,0.0,master,valid_observed_phase_at_origin,BASE,calibration,1,-1,unassigned_nearest_donor_beyond_100km,pooled_unassigned_area,0,0.38,0,0.38
2158,2018-06,2018-02,4,0,True,0.0,master,valid_observed_phase_at_origin,BASE,calibration,1,-1,unassigned_nearest_donor_beyond_100km,pooled_unassigned_area,0,0.41,0,0.41
2159,2018-06,2018-02,4,0,True,0.0,master,valid_observed_phase_at_origin,BASE,calibration,1,-1,unassigned_nearest_donor_beyond_100km,pooled_unassigned_area,0,0.32,0,0.32
2160,2018-06,2018-02,4,0,True,0.0,master,valid_observed_phase_at_origin,BASE,calibration,1,-1,unassigned_nearest_donor_beyond_100km,pooled_unassigned_area,0,0.4,0,0.4
2161,2018-06,2018-02,4,0,True,0.0,master,valid_observed_phase_at_origin,BASE,calibration,1,-1,unassigned_nearest_donor_beyond_100km,pooled_unassigned_area,0,0.31,0,0.31
2162,2018-06,2018-02,4,0,True,0.0,master,valid_observed_phase_at_origin,BASE,calibration,1,-1,unassigned_nearest_donor_beyond_100km,pooled_unassigned_area,0,0.42,0,0.42
2163,2018-06,2018-02,4,0,True,0.0,master,valid_observed_phase_at_origin,BASE,calibration,1,-1,unassigned_nearest_donor_beyond_100km,pooled_unassigned_area,0,0.45,0,0.45
2164,2018-06,2018-02,4,0,True,0.0,master,valid_observed_phase_at_origin,BASE,calibration,1,-1,unassigned_nearest_donor_beyond_100km,pooled_unassigned_area,0,0.46,0,0.46
2165,2018-06,2018-02,4,0,True,0.0,master,valid_observed_phase_at_origin,BASE,calibration,1,-1,unassigned_nearest_donor_beyond_100km,pooled_unassigned_area,0,0.38,0,0.38
2166,2018-06,2018-02,4,0,True,0.0,master,valid_observed_phase_at_origin,BASE,calibration,1,-1,unassigned_nearest_donor_beyond_100km,pooled_unassigned_area,0,0.32,0,0.32
2167,2018-06,2018-02,4,0,True,0.0,master,valid_observed_phase_at_origin,BASE,calibration,1,-1,unassigned_nearest_donor_beyond_100km,pooled_unassigned_area,0,0.11,0,0.11
2168,2018-06,2018-02,4,0,True,0.0,master,valid_observed_phase_at_origin,BASE,calibration,1,-1,unassigned_nearest_donor_beyond_100km,pooled_unassigned_area,0,0.06,0,0.06
2169,2018-06,2018-02,4,0,True,0.0,master,valid_observed_phase_at_origin,BASE,calibration,1,-1,unassigned_nearest_donor_beyond_100km,pooled_unassigned_area,0,0.05,0,0.05
2170,2018-06,2018-02,4,0,True,0.0,master,valid_observed_phase_at_origin,BASE,calibration,1,-1,unassigned_nearest_donor_beyond_100km,pooled_unassigned_area,0,0.04,0,0.04
2171,2018-06,2018-02,4,0,True,0.0,master,valid_observed_phase_at_origin,BASE,calibration,1,-1,unassigned_nearest_donor_beyond_100km,pooled_unassigned_area,0,0.05,0,0.05
2172,2018-06,2018-02,4,0,True,0.0,master,valid_observed_phase_at_origin,BASE,calibration,1,-1,unassigned_nearest_donor_beyond_100km,pooled_unassigned_area,0,0.08,0,0.08
2173,2018-06,2018-02,4,0,True,0.0,master,valid_observed_phase_at_origin,BASE,calibration,1,-1,unassigned_nearest_donor_beyond_100km,pooled_unassigned_area,0,0.05,0,0.05
2174,2018-06,2018-02,4,0,True,0.0,master,valid_observed_phase_at_origin,BASE,calibration,1,-1,unassigned_nearest_donor_beyond_100km,pooled_unassigned_area,0,0.05,0,0.05
2175,2018-06,2018-02,4,0,True,0.0,master,valid_observed_phase_at_origin,BASE,calibration,1,-1,unassigned_nearest_donor_beyond_100km,pooled_unassigned_area,0,0.07,0,0.07
2176,2018-06,2018-02,4,0,True,0.0,master,valid_observed_phase_at_origin,BASE,calibration,1,-1,unassigned_nearest_donor_beyond_100km,pooled_unassigned_area,0,0.04,0,0.04
2177,2018-06,2018-02,4,0,True,0.0,master,valid_observed_phase_at_origin,BASE,calibration,1,-1,unassigned_nearest_donor_beyond_100km,pooled_unassigned_area,0,0.12,0,0.12
2178,2018-06,2018-02,4,0,True,0.0,master,valid_observed_phase_at_origin,BASE,calibration,1,-1,unassigned_nearest_donor_beyond_100km,pooled_unassigned_area,0,0.13,0,0.13
2179,2018-06,2018-02,4,0,True,0.0,master,valid_observed_phase_at_origin,BASE,calibration,1,-1,unassigned_nearest_donor_beyond_100km,pooled_unassigned_area,0,0.08,0,0.08
2180,2018-06,2018-02,4,0,True,0.0,master,valid_observed_phase_at_origin,BASE,calibration,1,-1,unassigned_nearest_donor_beyond_100km,pooled_unassigned_area,0,0.47,0,0.47
2181,2018-06,2018-02,4,0,True,0.0,master,valid_observed_phase_at_origin,BASE,calibration,1,-1,unassigned_nearest_donor_beyond_100km,pooled_unassigned_area,0,0.11,0,0.11
2182,2018-06,2018-02,4,0,True,0.0,master,valid_observed_phase_at_origin,BASE,calibration,1,-1,unassigned_nearest_donor_beyond_100km,pooled_unassigned_area,0,0.17,0,0.17
2183,2018-06,2018-02,4,0,True,0.0,master,valid_observed_phase_at_origin,BASE,calibration,1,-1,unassigned_nearest_donor_beyond_100km,pooled_unassigned_area,0,0.13,0,0.13
2184,2018-06,2018-02,4,0,True,0.0,master,valid_observed_phase_at_origin,BASE,calibration,1,-1,unassigned_nearest_donor_beyond_100km,pooled_unassigned_area,0,0.28,0,0.28
2185,2018-06,2018-02,4,0,True,0.0,master,valid_observed_phase_at_origin,BASE,calibration,1,-1,unassigned_nearest_donor_beyond_100km,pooled_unassigned_area,0,0.13,0,0.13
2186,2018-06,2018-02,4,0,True,0.0,master,valid_observed_phase_at_origin,BASE,calibration,1,-1,unassigned_nearest_donor_beyond_100km,pooled_unassigned_area,0,0.14,0,0.14
2187,2018-06,2018-02,4,0,True,0.0,master,valid_observed_phase_at_origin,BASE,calibration,1,-1,unassigned_nearest_donor_beyond_100km,pooled_unassigned_area,0,0.14,0,0.14
2188,2018-06,2018-02,4,0,True,0.0,master,valid_observed_phase_at_origin,BASE,calibration,1,-1,unassigned_nearest_donor_beyond_100km,pooled_unassigned_area,0,0.15,0,0.15
2189,2018-06,2018-02,4,0,True,0.0,master,valid_observed_phase_at_origin,BASE,calibration,1,-1,unassigned_nearest_donor_beyond_100km,pooled_unassigned_area,0,0.14,0,0.14
2190,2018-06,2018-02,4,0,True,0.0,master,valid_observed_phase_at_origin,BASE,calibration,1,-1,unassigned_nearest_donor_beyond_100km,pooled_unassigned_area,0,0.15,0,0.15
2191,2018-06,2018-02,4,0,True,0.0,master,valid_observed_phase_at_origin,BASE,calibration,1,-1,unassigned_nearest_donor_beyond_100km,pooled_unassigned_area,0,0.14,0,0.14
2192,2018-06,2018-02,4,0,True,0.0,master,valid_observed_phase_at_origin,BASE,calibration,1,-1,unassigned_nearest_donor_beyond_100km,pooled_unassigned_area,0,0.17,0,0.17
2193,2018-06,2018-02,4,0,True,0.0,master,valid_observed_phase_at_origin,BASE,calibration,1,-1,unassigned_nearest_donor_beyond_100km,pooled_unassigned_area,0,0.13,0,0.13
2194,2018-06,2018-02,4,0,True,0.0,master,valid_observed_phase_at_origin,BASE,calibration,1,-1,unassigned_nearest_donor_beyond_100km,pooled_unassigned_area,0,0.1,0,0.1
2195,2018-06,2018-02,4,0,True,0.0,master,valid_observed_phase_at_origin,BASE,calibration,1,-1,unassigned_nearest_donor_beyond_100km,pooled_unassigned_area,0,0.09,0,0.09
2196,2018-06,2018-02,4,0,True,0.0,master,valid_observed_phase_at_origin,BASE,calibration,1,-1,unassigned_nearest_donor_beyond_100km,pooled_unassigned_area,0,0.14,0,0.14
2197,2018-06,2018-02,4,0,True,0.0,master,valid_observed_phase_at_origin,BASE,calibration,1,-1,unassigned_nearest_donor_beyond_100km,pooled_unassigned_area,0,0.23,0,0.23
2198,2018-06,2018-02,4,0,True,0.0,master,valid_observed_phase_at_origin,BASE,calibration,1,-1,unassigned_nearest_donor_beyond_100km,pooled_unassigned_area,0,0.09,0,0.09
2199,2018-06,2018-02,4,0,True,0.0,master,valid_observed_phase_at_origin,BASE,calibration,1,-1,unassigned_nearest_donor_beyond_100km,pooled_unassigned_area,0,0.06,0,0.06
2200,2018-06,2018-02,4,0,True,0.0,master,valid_observed_phase_at_origin,BASE,calibration,1,-1,unassigned_nearest_donor_beyond_100km,pooled_unassigned_area,0,0.09,0,0.09
2201,2018-06,2018-02,4,0,True,0.0,master,valid_observed_phase_at_origin,BASE,calibration,1,-1,unassigned_nearest_donor_beyond_100km,pooled_unassigned_area,0,0.48,0,0.48
2202,2018-06,2018-02,4,0,True,0.0,master,valid_observed_phase_at_origin,BASE,calibration,1,-1,unassigned_nearest_donor_beyond_100km,pooled_unassigned_area,0,0.15,0,0.15
2203,2018-06,2018-02,4,0,True,0.0,master,valid_observed_phase_at_origin,BASE,calibration,1,-1,unassigned_nearest_donor_beyond_100km,pooled_unassigned_area,0,0.11,0,0.11
2204,2018-06,2018-02,4,0,True,0.0,master,valid_observed_phase_at_origin,BASE,calibration,1,-1,unassigned_nearest_donor_beyond_100km,pooled_unassigned_area,0,0.44,0,0.44
2205,2018-06,2018-02,4,0,True,0.0,master,valid_observed_phase_at_origin,BASE,calibration,1,-1,unassigned_nearest_donor_beyond_100km,pooled_unassigned_area,0,0.34,0,0.34
2206,2018-06,2018-02,4,0,True,0.0,master,valid_observed_phase_at_origin,BASE,calibration,1,-1,unassigned_nearest_donor_beyond_100km,pooled_unassigned_area,0,0.28,0,0.28
2207,2018-06,2018-02,4,0,True,0.0,master,valid_observed_phase_at_origin,BASE,calibration,1,-1,unassigned_nearest_donor_beyond_100km,pooled_unassigned_area,0,0.09,0,0.09
2208,2018-06,2018-02,4,0,True,0.0,master,valid_observed_phase_at_origin,BASE,calibration,1,-1,unassigned_nearest_donor_beyond_100km,pooled_unassigned_area,0,0.47,0,0.47
2209,2018-06,2018-02,4,0,True,0.0,master,valid_observed_phase_at_origin,BASE,calibration,1,-1,unassigned_nearest_donor_beyond_100km,pooled_unassigned_area,1,0.59,1,0.59
2210,2018-06,2018-02,4,0,True,0.0,master,valid_observed_phase_at_origin,BASE,calibration,1,-1,unassigned_nearest_donor_beyond_100km,pooled_unassigned_area,0,0.35,0,0.35
2211,2018-06,2018-02,4,0,True,0.0,master,valid_observed_phase_at_origin,BASE,calibration,1,-1,unassigned_nearest_donor_beyond_100km,pooled_unassigned_area,0,0.34,0,0.34
2212,2018-06,2018-02,4,0,True,0.0,master,valid_observed_phase_at_origin,BASE,calibration,1,-1,unassigned_nearest_donor_beyond_100km,pooled_unassigned_area,0,0.09,0,0.09
2213,2018-06,2018-02,4,0,True,0.0,master,valid_observed_phase_at_origin,BASE,calibration,1,-1,unassigned_nearest_donor_beyond_100km,pooled_unassigned_area,0,0.14,0,0.14
2214,2018-06,2018-02,4,0,True,0.0,master,valid_observed_phase_at_origin,BASE,calibration,1,-1,unassigned_nearest_donor_beyond_100km,pooled_unassigned_area,0,0.15,0,0.15
2215,2018-06,2018-02,4,0,True,0.0,master,valid_observed_phase_at_origin,BASE,calibration,1,-1,unassigned_nearest_donor_beyond_100km,pooled_unassigned_area,0,0.13,0,0.13
2216,2018-06,2018-02,4,0,True,0.0,master,valid_observed_phase_at_origin,BASE,calibration,1,-1,unassigned_nearest_donor_beyond_100km,pooled_unassigned_area,0,0.09,0,0.09
2217,2018-06,2018-02,4,0,True,0.0,master,valid_observed_phase_at_origin,BASE,calibration,1,-1,unassigned_nearest_donor_beyond_100km,pooled_unassigned_area,0,0.46,0,0.46
2218,2018-06,2018-02,4,0,True,0.0,master,valid_observed_phase_at_origin,BASE,calibration,1,-1,unassigned_nearest_donor_beyond_100km,pooled_unassigned_area,0,0.17,0,0.17
2219,2018-06,2018-02,4,0,True,0.0,master,valid_observed_phase_at_origin,BASE,calibration,1,-1,unassigned_nearest_donor_beyond_100km,pooled_unassigned_area,0,0.14,0,0.14
2220,2018-06,2018-02,4,0,True,0.0,master,valid_observed_phase_at_origin,BASE,calibration,1,-1,unassigned_nearest_donor_beyond_100km,pooled_unassigned_area,0,0.24,0,0.24
2221,2018-06,2018-02,4,0,True,0.0,master,valid_observed_phase_at_origin,BASE,calibration,1,-1,unassigned_nearest_donor_beyond_100km,pooled_unassigned_area,0,0.04,0,0.04
2222,2018-06,2018-02,4,0,True,0.0,master,valid_observed_phase_at_origin,BASE,calibration,1,-1,unassigned_nearest_donor_beyond_100km,pooled_unassigned_area,0,0.5,0,0.5
2223,2018-06,2018-02,4,0,True,0.0,master,valid_observed_phase_at_origin,BASE,calibration,1,-1,unassigned_nearest_donor_beyond_100km,pooled_unassigned_area,0,0.06,0,0.06
2224,2018-06,2018-02,4,0,True,0.0,master,valid_observed_phase_at_origin,BASE,calibration,1,-1,unassigned_nearest_donor_beyond_100km,pooled_unassigned_area,0,0.21,0,0.21
2225,2018-06,2018-02,4,0,True,0.0,master,valid_observed_phase_at_origin,BASE,calibration,1,-1,unassigned_nearest_donor_beyond_100km,pooled_unassigned_area,0,0.06,0,0.06
2226,2018-06,2018-02,4,0,True,0.0,master,valid_observed_phase_at_origin,BASE,calibration,1,-1,unassigned_nearest_donor_beyond_100km,pooled_unassigned_area,0,0.05,0,0.05
2227,2018-06,2018-02,4,0,True,0.0,master,valid_observed_phase_at_origin,BASE,calibration,1,-1,unassigned_nearest_donor_beyond_100km,pooled_unassigned_area,0,0.36,0,0.36
2228,2018-06,2018-02,4,0,True,0.0,master,valid_observed_phase_at_origin,BASE,calibration,1,-1,unassigned_nearest_donor_beyond_100km,pooled_unassigned_area,0,0.19,0,0.19
2229,2018-06,2018-02,4,0,True,0.0,master,valid_observed_phase_at_origin,BASE,calibration,1,-1,unassigned_nearest_donor_beyond_100km,pooled_unassigned_area,0,0.46,0,0.46
2230,2018-06,2018-02,4,0,True,0.0,master,valid_observed_phase_at_origin,BASE,calibration,1,-1,unassigned_nearest_donor_beyond_100km,pooled_unassigned_area,0,0.16,0,0.16
2231,2018-06,2018-02,4,0,True,0.0,master,valid_observed_phase_at_origin,BASE,calibration,1,-1,unassigned_nearest_donor_beyond_100km,pooled_unassigned_area,0,0.17,0,0.17
2232,2018-06,2018-02,4,0,True,0.0,master,valid_observed_phase_at_origin,BASE,calibration,1,-1,unassigned_nearest_donor_beyond_100km,pooled_unassigned_area,0,0.04,0,0.04
2233,2018-06,2018-02,4,0,True,0.0,master,valid_observed_phase_at_origin,BASE,calibration,1,-1,unassigned_nearest_donor_beyond_100km,pooled_unassigned_area,0,0.08,0,0.08
2234,2018-06,2018-02,4,0,True,0.0,master,valid_observed_phase_at_origin,BASE,calibration,1,-1,unassigned_nearest_donor_beyond_100km,pooled_unassigned_area,0,0.08,0,0.08
2235,2018-06,2018-02,4,0,True,0.0,master,valid_observed_phase_at_origin,BASE,calibration,1,-1,unassigned_nearest_donor_beyond_100km,pooled_unassigned_area,0,0.08,0,0.08
2236,2018-06,2018-02,4,0,True,0.0,master,valid_observed_phase_at_origin,BASE,calibration,1,-1,unassigned_nearest_donor_beyond_100km,pooled_unassigned_area,0,0.31,0,0.31
2237,2018-06,2018-02,4,0,True,0.0,master,valid_observed_phase_at_origin,BASE,calibration,1,-1,unassigned_nearest_donor_beyond_100km,pooled_unassigned_area,0,0.19,0,0.19
2238,2018-06,2018-02,4,0,True,0.0,master,valid_observed_phase_at_origin,BASE,calibration,1,-1,unassigned_nearest_donor_beyond_100km,pooled_unassigned_area,0,0.42,0,0.42
2239,2018-06,2018-02,4,0,True,0.0,master,valid_observed_phase_at_origin,BASE,calibration,1,-1,unassigned_nearest_donor_beyond_100km,pooled_unassigned_area,0,0.27,0,0.27
2240,2018-06,2018-02,4,0,True,0.0,master,valid_observed_phase_at_origin,BASE,calibration,1,-1,unassigned_nearest_donor_beyond_100km,pooled_unassigned_area,0,0.15,0,0.15
2241,2018-06,2018-02,4,0,True,0.0,master,valid_observed_phase_at_origin,BASE,calibration,1,-1,unassigned_nearest_donor_beyond_100km,pooled_unassigned_area,0,0.16,0,0.16
2242,2018-06,2018-02,4,0,True,0.0,master,valid_observed_phase_at_origin,BASE,calibration,1,-1,unassigned_nearest_donor_beyond_100km,pooled_unassigned_area,0,0.43,0,0.43
2243,2018-06,2018-02,4,0,True,0.0,master,valid_observed_phase_at_origin,BASE,calibration,1,-1,unassigned_nearest_donor_beyond_100km,pooled_unassigned_area,0,0.2,0,0.2
2244,2018-06,2018-02,4,0,True,0.0,master,valid_observed_phase_at_origin,BASE,calibration,1,-1,unassigned_nearest_donor_beyond_100km,pooled_unassigned_area,0,0.07,0,0.07
2245,2018-06,2018-02,4,0,True,0.0,master,valid_observed_phase_at_origin,BASE,calibration,1,-1,unassigned_nearest_donor_beyond_100km,pooled_unassigned_area,0,0.13,0,0.13
2246,2018-06,2018-02,4,0,True,0.0,master,valid_observed_phase_at_origin,BASE,calibration,1,-1,unassigned_nearest_donor_beyond_100km,pooled_unassigned_area,0,0.16,0,0.16
2247,2018-06,2018-02,4,0,True,0.0,master,valid_observed_phase_at_origin,BASE,calibration,1,-1,unassigned_nearest_donor_beyond_100km,pooled_unassigned_area,0,0.11,0,0.11
2248,2018-06,2018-02,4,0,True,0.0,master,valid_observed_phase_at_origin,BASE,calibration,1,-1,unassigned_nearest_donor_beyond_100km,pooled_unassigned_area,0,0.09,0,0.09
2249,2018-06,2018-02,4,0,True,0.0,master,valid_observed_phase_at_origin,BASE,calibration,1,-1,unassigned_nearest_donor_beyond_100km,pooled_unassigned_area,0,0.09,0,0.09
2250,2018-06,2018-02,4,0,True,0.0,master,valid_observed_phase_at_origin,BASE,calibration,1,-1,unassigned_nearest_donor_beyond_100km,pooled_unassigned_area,0,0.42,0,0.42
2251,2018-06,2018-02,4,0,True,0.0,master,valid_observed_phase_at_origin,BASE,calibration,1,-1,unassigned_nearest_donor_beyond_100km,pooled_unassigned_area,0,0.19,0,0.19
2252,2018-06,2018-02,4,0,True,0.0,master,valid_observed_phase_at_origin,BASE,calibration,1,-1,unassigned_nearest_donor_beyond_100km,pooled_unassigned_area,0,0.4,0,0.4
2253,2018-06,2018-02,4,0,True,0.0,master,valid_observed_phase_at_origin,BASE,calibration,1,-1,unassigned_nearest_donor_beyond_100km,pooled_unassigned_area,0,0.5,0,0.5
2254,2018-06,2018-02,4,0,True,0.0,master,valid_observed_phase_at_origin,BASE,calibration,1,-1,unassigned_nearest_donor_beyond_100km,pooled_unassigned_area,0,0.4,0,0.4
2255,2018-06,2018-02,4,0,True,0.0,master,valid_observed_phase_at_origin,BASE,calibration,1,-1,unassigned_nearest_donor_beyond_100km,pooled_unassigned_area,0,0.47,0,0.47
2256,2018-06,2018-02,4,0,True,0.0,master,valid_observed_phase_at_origin,BASE,calibration,1,-1,unassigned_nearest_donor_beyond_100km,pooled_unassigned_area,0,0.41,0,0.41
2257,2018-06,2018-02,4,0,True,0.0,master,valid_observed_phase_at_origin,BASE,calibration,1,-1,unassigned_nearest_donor_beyond_100km,pooled_unassigned_area,1,0.56,1,0.56
2258,2018-06,2018-02,4,0,True,0.0,master,valid_observed_phase_at_origin,BASE,calibration,1,-1,unassigned_nearest_donor_beyond_100km,pooled_unassigned_area,0,0.42,0,0.42
2259,2018-06,2018-02,4,0,True,0.0,master,valid_observed_phase_at_origin,BASE,calibration,1,-1,unassigned_nearest_donor_beyond_100km,pooled_unassigned_area,0,0.44,0,0.44
2260,2018-06,2018-02,4,0,True,0.0,master,valid_observed_phase_at_origin,BASE,calibration,1,-1,unassigned_nearest_donor_beyond_100km,pooled_unassigned_area,1,0.56,1,0.56
2261,2018-06,2018-02,4,0,True,0.0,master,valid_observed_phase_at_origin,BASE,calibration,1,-1,unassigned_nearest_donor_beyond_100km,pooled_unassigned_area,0,0.29,0,0.29
2262,2018-06,2018-02,4,0,True,0.0,master,valid_observed_phase_at_origin,BASE,calibration,1,-1,unassigned_nearest_donor_beyond_100km,pooled_unassigned_area,0,0.47,0,0.47
2263,2018-06,2018-02,4,0,True,0.0,master,valid_observed_phase_at_origin,BASE,calibration,1,-1,unassigned_nearest_donor_beyond_100km,pooled_unassigned_area,0,0.43,0,0.43
2264,2018-06,2018-02,4,0,True,0.0,master,valid_observed_phase_at_origin,BASE,calibration,1,-1,unassigned_nearest_donor_beyond_100km,pooled_unassigned_area,0,0.43,0,0.43
2265,2018-06,2018-02,4,0,True,0.0,master,valid_observed_phase_at_origin,BASE,calibration,1,-1,unassigned_nearest_donor_beyond_100km,pooled_unassigned_area,0,0.11,0,0.11
2266,2018-06,2018-02,4,0,True,0.0,master,valid_observed_phase_at_origin,BASE,calibration,1,-1,unassigned_nearest_donor_beyond_100km,pooled_unassigned_area,0,0.2,0,0.2
2267,2018-06,2018-02,4,0,True,0.0,master,valid_observed_phase_at_origin,BASE,calibration,1,-1,unassigned_nearest_donor_beyond_100km,pooled_unassigned_area,0,0.43,0,0.43
2268,2018-06,2018-02,4,0,True,0.0,master,valid_observed_phase_at_origin,BASE,calibration,1,-1,unassigned_nearest_donor_beyond_100km,pooled_unassigned_area,0,0.47,0,0.47
2269,2018-06,2018-02,4,0,True,0.0,master,valid_observed_phase_at_origin,BASE,calibration,1,-1,unassigned_nearest_donor_beyond_100km,pooled_unassigned_area,0,0.09,0,0.09
2270,2018-06,2018-02,4,0,True,0.0,master,valid_observed_phase_at_origin,BASE,calibration,1,-1,unassigned_nearest_donor_beyond_100km,pooled_unassigned_area,0,0.42,0,0.42
2271,2018-06,2018-02,4,0,True,0.0,master,valid_observed_phase_at_origin,BASE,calibration,1,-1,unassigned_nearest_donor_beyond_100km,pooled_unassigned_area,0,0.2,0,0.2
2272,2018-06,2018-02,4,0,True,0.0,master,valid_observed_phase_at_origin,BASE,calibration,1,-1,unassigned_nearest_donor_beyond_100km,pooled_unassigned_area,1,0.51,1,0.51
2273,2018-06,2018-02,4,0,True,0.0,master,valid_observed_phase_at_origin,BASE,calibration,1,-1,unassigned_nearest_donor_beyond_100km,pooled_unassigned_area,0,0.26,0,0.26
2274,2018-06,2018-02,4,0,True,0.0,master,valid_observed_phase_at_origin,BASE,calibration,1,-1,unassigned_nearest_donor_beyond_100km,pooled_unassigned_area,1,0.52,1,0.52
2275,2018-06,2018-02,4,0,True,0.0,master,valid_observed_phase_at_origin,BASE,calibration,1,-1,unassigned_nearest_donor_beyond_100km,pooled_unassigned_area,1,0.51,1,0.51
2276,2018-06,2018-02,4,0,True,0.0,master,valid_observed_phase_at_origin,BASE,calibration,1,-1,unassigned_nearest_donor_beyond_100km,pooled_unassigned_area,1,0.58,1,0.58
2277,2018-06,2018-02,4,0,True,0.0,master,valid_observed_phase_at_origin,BASE,calibration,1,-1,unassigned_nearest_donor_beyond_100km,pooled_unassigned_area,0,0.5,0,0.5
2278,2018-06,2018-02,4,0,True,0.0,master,valid_observed_phase_at_origin,BASE,calibration,1,-1,unassigned_nearest_donor_beyond_100km,pooled_unassigned_area,0,0.43,0,0.43
2279,2018-06,2018-02,4,0,True,0.0,master,valid_observed_phase_at_origin,BASE,calibration,1,-1,unassigned_nearest_donor_beyond_100km,pooled_unassigned_area,0,0.4,0,0.4
2280,2018-06,2018-02,4,0,True,0.0,master,valid_observed_phase_at_origin,BASE,calibration,1,-1,unassigned_nearest_donor_beyond_100km,pooled_unassigned_area,1,0.51,1,0.51
2281,2018-06,2018-02,4,0,True,0.0,master,valid_observed_phase_at_origin,BASE,calibration,1,-1,unassigned_nearest_donor_beyond_100km,pooled_unassigned_area,0,0.39,0,0.39
2282,2018-06,2018-02,4,0,True,0.0,master,valid_observed_phase_at_origin,BASE,calibration,1,-1,unassigned_nearest_donor_beyond_100km,pooled_unassigned_area,1,0.52,1,0.52
2283,2018-06,2018-02,4,0,True,0.0,master,valid_observed_phase_at_origin,BASE,calibration,1,-1,unassigned_nearest_donor_beyond_100km,pooled_unassigned_area,0,0.28,0,0.28
2284,2018-06,2018-02,4,0,True,0.0,master,valid_observed_phase_at_origin,BASE,calibration,1,-1,unassigned_nearest_donor_beyond_100km,pooled_unassigned_area,0,0.19,0,0.19
2285,2018-06,2018-02,4,0,True,0.0,master,valid_observed_phase_at_origin,BASE,calibration,1,-1,unassigned_nearest_donor_beyond_100km,pooled_unassigned_area,1,0.51,1,0.51
2286,2018-06,2018-02,4,0,True,0.0,master,valid_observed_phase_at_origin,BASE,calibration,1,-1,unassigned_nearest_donor_beyond_100km,pooled_unassigned_area,0,0.47,0,0.47
2287,2018-06,2018-02,4,0,True,0.0,master,valid_observed_phase_at_origin,BASE,calibration,1,-1,unassigned_nearest_donor_beyond_100km,pooled_unassigned_area,0,0.06,0,0.06
2288,2018-06,2018-02,4,0,True,0.0,master,valid_observed_phase_at_origin,BASE,calibration,1,-1,unassigned_nearest_donor_beyond_100km,pooled_unassigned_area,0,0.06,0,0.06
2289,2018-06,2018-02,4,0,True,0.0,master,valid_observed_phase_at_origin,BASE,calibration,1,-1,unassigned_nearest_donor_beyond_100km,pooled_unassigned_area,0,0.06,0,0.06
2290,2018-06,2018-02,4,0,True,0.0,master,valid_observed_phase_at_origin,BASE,calibration,1,-1,unassigned_nearest_donor_beyond_100km,pooled_unassigned_area,0,0.11,0,0.11
2291,2018-06,2018-02,4,0,True,0.0,master,valid_observed_phase_at_origin,BASE,calibration,1,-1,unassigned_nearest_donor_beyond_100km,pooled_unassigned_area,0,0.18,0,0.18
2292,2018-06,2018-02,4,0,True,0.0,master,valid_observed_phase_at_origin,BASE,calibration,1,-1,unassigned_nearest_donor_beyond_100km,pooled_unassigned_area,0,0.06,0,0.06
2293,2018-06,2018-02,4,0,True,0.0,master,valid_observed_phase_at_origin,BASE,calibration,1,-1,unassigned_nearest_donor_beyond_100km,pooled_unassigned_area,0,0.1,0,0.1
2294,2018-06,2018-02,4,0,True,0.0,master,valid_observed_phase_at_origin,BASE,calibration,1,-1,unassigned_nearest_donor_beyond_100km,pooled_unassigned_area,0,0.07,0,0.07
2295,2018-06,2018-02,4,0,True,0.0,master,valid_observed_phase_at_origin,BASE,calibration,1,-1,unassigned_nearest_donor_beyond_100km,pooled_unassigned_area,0,0.1,0,0.1
2296,2018-06,2018-02,4,0,True,0.0,master,valid_observed_phase_at_origin,BASE,calibration,1,-1,unassigned_nearest_donor_beyond_100km,pooled_unassigned_area,0,0.08,0,0.08
2297,2018-06,2018-02,4,0,True,0.0,master,valid_observed_phase_at_origin,BASE,calibration,1,-1,unassigned_nearest_donor_beyond_100km,pooled_unassigned_area,0,0.07,0,0.07
2298,2018-06,2018-02,4,0,True,0.0,master,valid_observed_phase_at_origin,BASE,calibration,1,-1,unassigned_nearest_donor_beyond_100km,pooled_unassigned_area,0,0.11,0,0.11
2299,2018-06,2018-02,4,0,True,0.0,master,valid_observed_phase_at_origin,BASE,calibration,1,-1,unassigned_nearest_donor_beyond_100km,pooled_unassigned_area,0,0.08,0,0.08
2300,2018-06,2018-02,4,0,True,0.0,master,valid_observed_phase_at_origin,BASE,calibration,1,-1,unassigned_nearest_donor_beyond_100km,pooled_unassigned_area,0,0.06,0,0.06
2301,2018-06,2018-02,4,0,True,0.0,master,valid_observed_phase_at_origin,BASE,calibration,1,-1,unassigned_nearest_donor_beyond_100km,pooled_unassigned_area,0,0.07,0,0.07
2302,2018-06,2018-02,4,0,True,0.0,master,valid_observed_phase_at_origin,BASE,calibration,1,-1,unassigned_nearest_donor_beyond_100km,pooled_unassigned_area,0,0.06,0,0.06
2303,2018-06,2018-02,4,0,True,0.0,master,valid_observed_phase_at_origin,BASE,calibration,1,-1,unassigned_nearest_donor_beyond_100km,pooled_unassigned_area,0,0.12,0,0.12
2304,2018-06,2018-02,4,0,True,0.0,master,valid_observed_phase_at_origin,BASE,calibration,1,-1,unassigned_nearest_donor_beyond_100km,pooled_unassigned_area,0,0.11,0,0.11
2305,2018-06,2018-02,4,0,True,0.0,master,valid_observed_phase_at_origin,BASE,calibration,1,-1,unassigned_nearest_donor_beyond_100km,pooled_unassigned_area,0,0.06,0,0.06
2306,2018-06,2018-02,4,0,True,0.0,master,valid_observed_phase_at_origin,BASE,calibration,1,-1,unassigned_nearest_donor_beyond_100km,pooled_unassigned_area,0,0.07,0,0.07
2307,2018-06,2018-02,4,0,True,0.0,master,valid_observed_phase_at_origin,BASE,calibration,1,-1,unassigned_nearest_donor_beyond_100km,pooled_unassigned_area,0,0.09,0,0.09
2308,2018-06,2018-02,4,0,True,0.0,master,valid_observed_phase_at_origin,BASE,calibration,1,-1,unassigned_nearest_donor_beyond_100km,pooled_unassigned_area,0,0.12,0,0.12
2309,2018-06,2018-02,4,0,True,0.0,master,valid_observed_phase_at_origin,BASE,calibration,1,-1,unassigned_nearest_donor_beyond_100km,pooled_unassigned_area,0,0.07,0,0.07
2310,2018-06,2018-02,4,0,True,0.0,master,valid_observed_phase_at_origin,BASE,calibration,1,-1,unassigned_nearest_donor_beyond_100km,pooled_unassigned_area,0,0.11,0,0.11
2311,2018-06,2018-02,4,0,True,0.0,master,valid_observed_phase_at_origin,BASE,calibration,1,-1,unassigned_nearest_donor_beyond_100km,pooled_unassigned_area,0,0.09,0,0.09
2312,2018-06,2018-02,4,0,True,0.0,master,valid_observed_phase_at_origin,BASE,calibration,1,-1,unassigned_nearest_donor_beyond_100km,pooled_unassigned_area,0,0.12,0,0.12
2313,2018-06,2018-02,4,0,True,0.0,master,valid_observed_phase_at_origin,BASE,calibration,1,-1,unassigned_nearest_donor_beyond_100km,pooled_unassigned_area,0,0.1,0,0.1
2314,2018-06,2018-02,4,0,True,0.0,master,valid_observed_phase_at_origin,BASE,calibration,1,-1,unassigned_nearest_donor_beyond_100km,pooled_unassigned_area,0,0.1,0,0.1
2315,2018-06,2018-02,4,0,True,0.0,master,valid_observed_phase_at_origin,BASE,calibration,1,-1,unassigned_nearest_donor_beyond_100km,pooled_unassigned_area,0,0.12,0,0.12
2316,2018-06,2018-02,4,0,True,0.0,master,valid_observed_phase_at_origin,BASE,calibration,1,-1,unassigned_nearest_donor_beyond_100km,pooled_unassigned_area,0,0.09,0,0.09
2317,2018-06,2018-02,4,0,True,0.0,master,valid_observed_phase_at_origin,BASE,calibration,1,-1,unassigned_nearest_donor_beyond_100km,pooled_unassigned_area,0,0.07,0,0.07
2318,2018-06,2018-02,4,0,True,0.0,master,valid_observed_phase_at_origin,BASE,calibration,1,-1,unassigned_nearest_donor_beyond_100km,pooled_unassigned_area,0,0.07,0,0.07
2319,2018-06,2018-02,4,0,True,0.0,master,valid_observed_phase_at_origin,BASE,calibration,1,-1,unassigned_nearest_donor_beyond_100km,pooled_unassigned_area,0,0.09,0,0.09
2320,2018-06,2018-02,4,0,True,0.0,master,valid_observed_phase_at_origin,BASE,calibration,1,-1,unassigned_nearest_donor_beyond_100km,pooled_unassigned_area,0,0.4,0,0.4
2321,2018-06,2018-02,4,0,True,0.0,master,valid_observed_phase_at_origin,BASE,calibration,1,-1,unassigned_nearest_donor_beyond_100km,pooled_unassigned_area,0,0.37,0,0.37
2322,2018-06,2018-02,4,0,True,0.0,master,valid_observed_phase_at_origin,BASE,calibration,1,-1,unassigned_nearest_donor_beyond_100km,pooled_unassigned_area,0,0.49,0,0.49
2323,2018-06,2018-02,4,0,True,0.0,master,valid_observed_phase_at_origin,BASE,calibration,1,-1,unassigned_nearest_donor_beyond_100km,pooled_unassigned_area,0,0.47,0,0.47
2324,2018-06,2018-02,4,0,True,0.0,master,valid_observed_phase_at_origin,BASE,calibration,1,-1,unassigned_nearest_donor_beyond_100km,pooled_unassigned_area,0,0.4,0,0.4
2325,2018-06,2018-02,4,0,True,0.0,master,valid_observed_phase_at_origin,BASE,calibration,1,-1,unassigned_nearest_donor_beyond_100km,pooled_unassigned_area,0,0.48,0,0.48
2326,2018-06,2018-02,4,0,True,0.0,master,valid_observed_phase_at_origin,BASE,calibration,1,-1,unassigned_nearest_donor_beyond_100km,pooled_unassigned_area,0,0.4,0,0.4
2327,2018-06,2018-02,4,0,True,0.0,master,valid_observed_phase_at_origin,BASE,calibration,1,-1,unassigned_nearest_donor_beyond_100km,pooled_unassigned_area,0,0.47,0,0.47
2328,2018-06,2018-02,4,0,True,0.0,master,valid_observed_phase_at_origin,BASE,calibration,1,-1,unassigned_nearest_donor_beyond_100km,pooled_unassigned_area,1,0.52,1,0.52
2329,2018-06,2018-02,4,0,True,0.0,master,valid_observed_phase_at_origin,BASE,calibration,1,-1,unassigned_nearest_donor_beyond_100km,pooled_unassigned_area,0,0.15,0,0.15
2330,2018-06,2018-02,4,0,True,0.0,master,valid_observed_phase_at_origin,BASE,calibration,1,-1,unassigned_nearest_donor_beyond_100km,pooled_unassigned_area,0,0.41,0,0.41
2331,2018-06,2018-02,4,0,True,0.0,master,valid_observed_phase_at_origin,BASE,calibration,1,-1,unassigned_nearest_donor_beyond_100km,pooled_unassigned_area,0,0.22,0,0.22
2332,2018-06,2018-02,4,0,True,0.0,master,valid_observed_phase_at_origin,BASE,calibration,1,-1,unassigned_nearest_donor_beyond_100km,pooled_unassigned_area,0,0.06,0,0.06
2333,2018-06,2018-02,4,0,True,0.0,master,valid_observed_phase_at_origin,BASE,calibration,1,-1,unassigned_nearest_donor_beyond_100km,pooled_unassigned_area,0,0.1,0,0.1
2334,2018-06,2018-02,4,0,True,0.0,master,valid_observed_phase_at_origin,BASE,calibration,1,-1,unassigned_nearest_donor_beyond_100km,pooled_unassigned_area,0,0.05,0,0.05
2335,2018-06,2018-02,4,0,True,0.0,master,valid_observed_phase_at_origin,BASE,calibration,1,-1,unassigned_nearest_donor_beyond_100km,pooled_unassigned_area,0,0.08,0,0.08
2336,2018-06,2018-02,4,0,True,0.0,master,valid_observed_phase_at_origin,BASE,calibration,1,-1,unassigned_nearest_donor_beyond_100km,pooled_unassigned_area,0,0.23,0,0.23
2337,2018-06,2018-02,4,0,True,0.0,master,valid_observed_phase_at_origin,BASE,calibration,1,-1,unassigned_nearest_donor_beyond_100km,pooled_unassigned_area,0,0.18,0,0.18
2338,2018-06,2018-02,4,0,True,0.0,master,valid_observed_phase_at_origin,BASE,calibration,1,-1,unassigned_nearest_donor_beyond_100km,pooled_unassigned_area,0,0.08,0,0.08
2339,2018-06,2018-02,4,0,True,0.0,master,valid_observed_phase_at_origin,BASE,calibration,1,-1,unassigned_nearest_donor_beyond_100km,pooled_unassigned_area,0,0.07,0,0.07
2340,2018-06,2018-02,4,0,True,0.0,master,valid_observed_phase_at_origin,BASE,calibration,1,-1,unassigned_nearest_donor_beyond_100km,pooled_unassigned_area,0,0.11,0,0.11
2341,2018-06,2018-02,4,0,True,0.0,master,valid_observed_phase_at_origin,BASE,calibration,1,-1,unassigned_nearest_donor_beyond_100km,pooled_unassigned_area,0,0.21,0,0.21
2342,2018-06,2018-02,4,0,True,0.0,master,valid_observed_phase_at_origin,BASE,calibration,1,-1,unassigned_nearest_donor_beyond_100km,pooled_unassigned_area,0,0.04,0,0.04
2343,2018-06,2018-02,4,0,True,0.0,master,valid_observed_phase_at_origin,BASE,calibration,1,-1,unassigned_nearest_donor_beyond_100km,pooled_unassigned_area,0,0.05,0,0.05
2344,2018-06,2018-02,4,0,True,0.0,master,valid_observed_phase_at_origin,BASE,calibration,1,-1,unassigned_nearest_donor_beyond_100km,pooled_unassigned_area,0,0.43,0,0.43
2345,2018-06,2018-02,4,0,True,0.0,master,valid_observed_phase_at_origin,BASE,calibration,1,-1,unassigned_nearest_donor_beyond_100km,pooled_unassigned_area,0,0.11,0,0.11
2346,2018-06,2018-02,4,0,True,0.0,master,valid_observed_phase_at_origin,BASE,calibration,1,-1,unassigned_nearest_donor_beyond_100km,pooled_unassigned_area,0,0.09,0,0.09
2347,2018-06,2018-02,4,0,True,0.0,master,valid_observed_phase_at_origin,BASE,calibration,1,-1,unassigned_nearest_donor_beyond_100km,pooled_unassigned_area,0,0.07,0,0.07
2348,2018-06,2018-02,4,0,True,0.0,master,valid_observed_phase_at_origin,BASE,calibration,1,-1,unassigned_nearest_donor_beyond_100km,pooled_unassigned_area,0,0.08,0,0.08
2349,2018-06,2018-02,4,0,True,0.0,master,valid_observed_phase_at_origin,BASE,calibration,1,-1,unassigned_nearest_donor_beyond_100km,pooled_unassigned_area,0,0.14,0,0.14
2350,2018-06,2018-02,4,0,True,0.0,master,valid_observed_phase_at_origin,BASE,calibration,1,-1,unassigned_nearest_donor_beyond_100km,pooled_unassigned_area,0,0.04,0,0.04
2351,2018-06,2018-02,4,0,True,0.0,master,valid_observed_phase_at_origin,BASE,calibration,1,-1,unassigned_nearest_donor_beyond_100km,pooled_unassigned_area,0,0.3,0,0.3
2352,2018-06,2018-02,4,0,True,0.0,master,valid_observed_phase_at_origin,BASE,calibration,1,-1,unassigned_nearest_donor_beyond_100km,pooled_unassigned_area,0,0.1,0,0.1
2353,2018-06,2018-02,4,0,True,0.0,master,valid_observed_phase_at_origin,BASE,calibration,1,-1,unassigned_nearest_donor_beyond_100km,pooled_unassigned_area,0,0.25,0,0.25
2354,2018-06,2018-02,4,0,True,0.0,master,valid_observed_phase_at_origin,BASE,calibration,1,-1,unassigned_nearest_donor_beyond_100km,pooled_unassigned_area,0,0.15,0,0.15
2355,2018-06,2018-02,4,0,True,0.0,master,valid_observed_phase_at_origin,BASE,calibration,1,-1,unassigned_nearest_donor_beyond_100km,pooled_unassigned_area,0,0.09,0,0.09
2356,2018-06,2018-02,4,0,True,0.0,master,valid_observed_phase_at_origin,BASE,calibration,1,-1,unassigned_nearest_donor_beyond_100km,pooled_unassigned_area,0,0.11,0,0.11
2357,2018-06,2018-02,4,0,True,0.0,master,valid_observed_phase_at_origin,BASE,calibration,1,-1,unassigned_nearest_donor_beyond_100km,pooled_unassigned_area,0,0.05,0,0.05
2358,2018-06,2018-02,4,0,True,0.0,master,valid_observed_phase_at_origin,BASE,calibration,1,-1,unassigned_nearest_donor_beyond_100km,pooled_unassigned_area,0,0.08,0,0.08
2359,2018-06,2018-02,4,0,True,0.0,master,valid_observed_phase_at_origin,BASE,calibration,1,-1,unassigned_nearest_donor_beyond_100km,pooled_unassigned_area,0,0.07,0,0.07
2360,2018-06,2018-02,4,0,True,0.0,master,valid_observed_phase_at_origin,BASE,calibration,1,-1,unassigned_nearest_donor_beyond_100km,pooled_unassigned_area,0,0.06,0,0.06
2361,2018-06,2018-02,4,0,True,0.0,master,valid_observed_phase_at_origin,BASE,calibration,1,-1,unassigned_nearest_donor_beyond_100km,pooled_unassigned_area,0,0.09,0,0.09
2362,2018-06,2018-02,4,0,True,0.0,master,valid_observed_phase_at_origin,BASE,calibration,1,-1,unassigned_nearest_donor_beyond_100km,pooled_unassigned_area,0,0.17,0,0.17
2363,2018-06,2018-02,4,0,True,0.0,master,valid_observed_phase_at_origin,BASE,calibration,1,-1,unassigned_nearest_donor_beyond_100km,pooled_unassigned_area,0,0.07,0,0.07
2364,2018-06,2018-02,4,0,True,0.0,master,valid_observed_phase_at_origin,BASE,calibration,1,-1,unassigned_nearest_donor_beyond_100km,pooled_unassigned_area,0,0.03,0,0.03
2365,2018-06,2018-02,4,0,True,0.0,master,valid_observed_phase_at_origin,BASE,calibration,1,-1,unassigned_nearest_donor_beyond_100km,pooled_unassigned_area,0,0.07,0,0.07
2366,2018-06,2018-02,4,0,True,0.0,master,valid_observed_phase_at_origin,BASE,calibration,1,-1,unassigned_nearest_donor_beyond_100km,pooled_unassigned_area,0,0.23,0,0.23
2367,2018-06,2018-02,4,0,True,0.0,master,valid_observed_phase_at_origin,BASE,calibration,1,-1,unassigned_nearest_donor_beyond_100km,pooled_unassigned_area,0,0.07,0,0.07
2368,2018-06,2018-02,4,0,True,0.0,master,valid_observed_phase_at_origin,BASE,calibration,1,-1,unassigned_nearest_donor_beyond_100km,pooled_unassigned_area,0,0.06,0,0.06
2369,2018-06,2018-02,4,0,True,0.0,master,valid_observed_phase_at_origin,BASE,calibration,1,-1,unassigned_nearest_donor_beyond_100km,pooled_unassigned_area,0,0.06,0,0.06
2370,2018-06,2018-02,4,0,True,0.0,master,valid_observed_phase_at_origin,BASE,calibration,1,-1,unassigned_nearest_donor_beyond_100km,pooled_unassigned_area,0,0.09,0,0.09
2371,2018-06,2018-02,4,0,True,0.0,master,valid_observed_phase_at_origin,BASE,calibration,1,-1,unassigned_nearest_donor_beyond_100km,pooled_unassigned_area,0,0.09,0,0.09
2372,2018-06,2018-02,4,0,True,0.0,master,valid_observed_phase_at_origin,BASE,calibration,1,-1,unassigned_nearest_donor_beyond_100km,pooled_unassigned_area,0,0.31,0,0.31
2373,2018-06,2018-02,4,0,True,0.0,master,valid_observed_phase_at_origin,BASE,calibration,1,-1,unassigned_nearest_donor_beyond_100km,pooled_unassigned_area,0,0.07,0,0.07
2374,2018-06,2018-02,4,0,True,0.0,master,valid_observed_phase_at_origin,BASE,calibration,1,-1,unassigned_nearest_donor_beyond_100km,pooled_unassigned_area,0,0.08,0,0.08
2375,2018-06,2018-02,4,0,True,0.0,master,valid_observed_phase_at_origin,BASE,calibration,1,-1,unassigned_nearest_donor_beyond_100km,pooled_unassigned_area,0,0.09,0,0.09
2376,2018-06,2018-02,4,0,True,0.0,master,valid_observed_phase_at_origin,BASE,calibration,1,-1,unassigned_nearest_donor_beyond_100km,pooled_unassigned_area,0,0.07,0,0.07
2377,2018-06,2018-02,4,0,True,0.0,master,valid_observed_phase_at_origin,BASE,calibration,1,-1,unassigned_nearest_donor_beyond_100km,pooled_unassigned_area,0,0.08,0,0.08
2378,2018-06,2018-02,4,0,True,0.0,master,valid_observed_phase_at_origin,BASE,calibration,1,-1,unassigned_nearest_donor_beyond_100km,pooled_unassigned_area,0,0.06,0,0.06
2379,2018-06,2018-02,4,0,True,0.0,master,valid_observed_phase_at_origin,BASE,calibration,1,-1,unassigned_nearest_donor_beyond_100km,pooled_unassigned_area,0,0.05,0,0.05
2380,2018-06,2018-02,4,0,True,0.0,master,valid_observed_phase_at_origin,BASE,calibration,1,-1,unassigned_nearest_donor_beyond_100km,pooled_unassigned_area,0,0.07,0,0.07
2381,2018-06,2018-02,4,0,True,0.0,master,valid_observed_phase_at_origin,BASE,calibration,1,-1,unassigned_nearest_donor_beyond_100km,pooled_unassigned_area,0,0.1,0,0.1
2382,2018-06,2018-02,4,0,True,0.0,master,valid_observed_phase_at_origin,BASE,calibration,1,-1,unassigned_nearest_donor_beyond_100km,pooled_unassigned_area,0,0.09,0,0.09
2383,2018-06,2018-02,4,0,True,0.0,master,valid_observed_phase_at_origin,BASE,calibration,1,-1,unassigned_nearest_donor_beyond_100km,pooled_unassigned_area,0,0.05,0,0.05
2384,2018-06,2018-02,4,0,True,0.0,master,valid_observed_phase_at_origin,BASE,calibration,1,-1,unassigned_nearest_donor_beyond_100km,pooled_unassigned_area,0,0.1,0,0.1
2385,2018-06,2018-02,4,0,True,0.0,master,valid_observed_phase_at_origin,BASE,calibration,1,-1,unassigned_nearest_donor_beyond_100km,pooled_unassigned_area,0,0.06,0,0.06
2386,2018-06,2018-02,4,0,True,0.0,master,valid_observed_phase_at_origin,BASE,calibration,1,-1,unassigned_nearest_donor_beyond_100km,pooled_unassigned_area,0,0.07,0,0.07
2387,2018-06,2018-02,4,0,True,0.0,master,valid_observed_phase_at_origin,BASE,calibration,1,-1,unassigned_nearest_donor_beyond_100km,pooled_unassigned_area,0,0.08,0,0.08
2388,2018-06,2018-02,4,0,True,0.0,master,valid_observed_phase_at_origin,BASE,calibration,1,-1,unassigned_nearest_donor_beyond_100km,pooled_unassigned_area,0,0.06,0,0.06
2389,2018-06,2018-02,4,0,True,0.0,master,valid_observed_phase_at_origin,BASE,calibration,1,-1,unassigned_nearest_donor_beyond_100km,pooled_unassigned_area,0,0.11,0,0.11
2390,2018-06,2018-02,4,0,True,0.0,master,valid_observed_phase_at_origin,BASE,calibration,1,-1,unassigned_nearest_donor_beyond_100km,pooled_unassigned_area,0,0.14,0,0.14
2391,2018-06,2018-02,4,0,True,0.0,master,valid_observed_phase_at_origin,BASE,calibration,1,-1,unassigned_nearest_donor_beyond_100km,pooled_unassigned_area,0,0.08,0,0.08
2392,2018-06,2018-02,4,0,True,0.0,master,valid_observed_phase_at_origin,BASE,calibration,1,-1,unassigned_nearest_donor_beyond_100km,pooled_unassigned_area,0,0.1,0,0.1
2393,2018-06,2018-02,4,0,True,0.0,master,valid_observed_phase_at_origin,BASE,calibration,1,-1,unassigned_nearest_donor_beyond_100km,pooled_unassigned_area,0,0.12,0,0.12
2394,2018-06,2018-02,4,0,True,0.0,master,valid_observed_phase_at_origin,BASE,calibration,1,-1,unassigned_nearest_donor_beyond_100km,pooled_unassigned_area,0,0.09,0,0.09
2395,2018-06,2018-02,4,0,True,0.0,master,valid_observed_phase_at_origin,BASE,calibration,1,-1,unassigned_nearest_donor_beyond_100km,pooled_unassigned_area,0,0.12,0,0.12
2396,2018-06,2018-02,4,0,True,0.0,master,valid_observed_phase_at_origin,BASE,calibration,1,-1,unassigned_nearest_donor_beyond_100km,pooled_unassigned_area,0,0.07,0,0.07
2397,2018-06,2018-02,4,0,True,0.0,master,valid_observed_phase_at_origin,BASE,calibration,1,-1,unassigned_nearest_donor_beyond_100km,pooled_unassigned_area,0,0.09,0,0.09
2398,2018-06,2018-02,4,0,True,0.0,master,valid_observed_phase_at_origin,BASE,calibration,1,-1,unassigned_nearest_donor_beyond_100km,pooled_unassigned_area,0,0.08,0,0.08
2399,2018-06,2018-02,4,0,True,0.0,master,valid_observed_phase_at_origin,BASE,calibration,1,-1,unassigned_nearest_donor_beyond_100km,pooled_unassigned_area,0,0.07,0,0.07
2400,2018-06,2018-02,4,0,True,0.0,master,valid_observed_phase_at_origin,BASE,calibration,1,-1,unassigned_nearest_donor_beyond_100km,pooled_unassigned_area,0,0.07,0,0.07
2401,2018-06,2018-02,4,0,True,0.0,master,valid_observed_phase_at_origin,BASE,calibration,1,-1,unassigned_nearest_donor_beyond_100km,pooled_unassigned_area,0,0.05,0,0.05
2402,2018-06,2018-02,4,0,True,0.0,master,valid_observed_phase_at_origin,BASE,calibration,1,-1,unassigned_nearest_donor_beyond_100km,pooled_unassigned_area,0,0.04,0,0.04
2403,2018-06,2018-02,4,0,True,0.0,master,valid_observed_phase_at_origin,BASE,calibration,1,-1,unassigned_nearest_donor_beyond_100km,pooled_unassigned_area,0,0.04,0,0.04
2404,2018-06,2018-02,4,0,True,0.0,master,valid_observed_phase_at_origin,BASE,calibration,1,-1,unassigned_nearest_donor_beyond_100km,pooled_unassigned_area,0,0.07,0,0.07
2405,2018-06,2018-02,4,0,True,0.0,master,valid_observed_phase_at_origin,BASE,calibration,1,-1,unassigned_nearest_donor_beyond_100km,pooled_unassigned_area,0,0.46,0,0.46
2406,2018-06,2018-02,4,0,True,0.0,master,valid_observed_phase_at_origin,BASE,calibration,1,-1,unassigned_nearest_donor_beyond_100km,pooled_unassigned_area,0,0.1,0,0.1
2407,2018-06,2018-02,4,0,True,0.0,master,valid_observed_phase_at_origin,BASE,calibration,1,-1,unassigned_nearest_donor_beyond_100km,pooled_unassigned_area,0,0.12,0,0.12
2408,2018-06,2018-02,4,0,True,0.0,master,valid_observed_phase_at_origin,BASE,calibration,1,-1,unassigned_nearest_donor_beyond_100km,pooled_unassigned_area,0,0.08,0,0.08
2409,2018-06,2018-02,4,0,True,0.0,master,valid_observed_phase_at_origin,BASE,calibration,1,-1,unassigned_nearest_donor_beyond_100km,pooled_unassigned_area,0,0.08,0,0.08
2410,2018-06,2018-02,4,0,True,0.0,master,valid_observed_phase_at_origin,BASE,calibration,1,-1,unassigned_nearest_donor_beyond_100km,pooled_unassigned_area,0,0.1,0,0.1
2411,2018-06,2018-02,4,0,True,0.0,master,valid_observed_phase_at_origin,BASE,calibration,1,-1,unassigned_nearest_donor_beyond_100km,pooled_unassigned_area,0,0.17,0,0.17
2412,2018-06,2018-02,4,0,True,0.0,master,valid_observed_phase_at_origin,BASE,calibration,1,-1,unassigned_nearest_donor_beyond_100km,pooled_unassigned_area,0,0.45,0,0.45
2413,2018-06,2018-02,4,0,True,0.0,master,valid_observed_phase_at_origin,BASE,calibration,1,-1,unassigned_nearest_donor_beyond_100km,pooled_unassigned_area,0,0.14,0,0.14
2414,2018-06,2018-02,4,0,True,0.0,master,valid_observed_phase_at_origin,BASE,calibration,1,-1,unassigned_nearest_donor_beyond_100km,pooled_unassigned_area,0,0.35,0,0.35
2415,2018-06,2018-02,4,0,True,0.0,master,valid_observed_phase_at_origin,BASE,calibration,1,-1,unassigned_nearest_donor_beyond_100km,pooled_unassigned_area,0,0.38,0,0.38
2416,2018-06,2018-02,4,0,True,0.0,master,valid_observed_phase_at_origin,BASE,calibration,1,-1,unassigned_nearest_donor_beyond_100km,pooled_unassigned_area,0,0.12,0,0.12
2417,2018-06,2018-02,4,0,True,0.0,master,valid_observed_phase_at_origin,BASE,calibration,1,-1,unassigned_nearest_donor_beyond_100km,pooled_unassigned_area,0,0.13,0,0.13
2418,2018-06,2018-02,4,0,True,0.0,master,valid_observed_phase_at_origin,BASE,calibration,1,-1,unassigned_nearest_donor_beyond_100km,pooled_unassigned_area,0,0.09,0,0.09
2419,2018-06,2018-02,4,0,True,0.0,master,valid_observed_phase_at_origin,BASE,calibration,1,-1,unassigned_nearest_donor_beyond_100km,pooled_unassigned_area,0,0.16,0,0.16
2420,2018-06,2018-02,4,0,True,0.0,master,valid_observed_phase_at_origin,BASE,calibration,1,-1,unassigned_nearest_donor_beyond_100km,pooled_unassigned_area,0,0.16,0,0.16
2421,2018-06,2018-02,4,0,True,0.0,master,valid_observed_phase_at_origin,BASE,calibration,1,-1,unassigned_nearest_donor_beyond_100km,pooled_unassigned_area,0,0.42,0,0.42
2422,2018-06,2018-02,4,0,True,0.0,master,valid_observed_phase_at_origin,BASE,calibration,1,-1,unassigned_nearest_donor_beyond_100km,pooled_unassigned_area,0,0.18,0,0.18
2423,2018-06,2018-02,4,0,True,0.0,master,valid_observed_phase_at_origin,BASE,calibration,1,-1,unassigned_nearest_donor_beyond_100km,pooled_unassigned_area,0,0.1,0,0.1
2424,2018-06,2018-02,4,0,True,0.0,master,valid_observed_phase_at_origin,BASE,calibration,1,-1,unassigned_nearest_donor_beyond_100km,pooled_unassigned_area,0,0.26,0,0.26
2425,2018-06,2018-02,4,0,True,0.0,master,valid_observed_phase_at_origin,BASE,calibration,1,-1,unassigned_nearest_donor_beyond_100km,pooled_unassigned_area,0,0.15,0,0.15
2426,2018-06,2018-02,4,0,True,0.0,master,valid_observed_phase_at_origin,BASE,calibration,1,-1,unassigned_nearest_donor_beyond_100km,pooled_unassigned_area,0,0.31,0,0.31
2427,2018-06,2018-02,4,0,True,0.0,master,valid_observed_phase_at_origin,BASE,calibration,1,-1,unassigned_nearest_donor_beyond_100km,pooled_unassigned_area,0,0.1,0,0.1
2428,2018-06,2018-02,4,0,True,0.0,master,valid_observed_phase_at_origin,BASE,calibration,1,-1,unassigned_nearest_donor_beyond_100km,pooled_unassigned_area,0,0.37,0,0.37
2429,2018-06,2018-02,4,0,True,0.0,master,valid_observed_phase_at_origin,BASE,calibration,1,-1,unassigned_nearest_donor_beyond_100km,pooled_unassigned_area,0,0.41,0,0.41
2430,2018-06,2018-02,4,0,True,0.0,master,valid_observed_phase_at_origin,BASE,calibration,1,-1,unassigned_nearest_donor_beyond_100km,pooled_unassigned_area,0,0.14,0,0.14
2431,2018-06,2018-02,4,0,True,0.0,master,valid_observed_phase_at_origin,BASE,calibration,1,-1,unassigned_nearest_donor_beyond_100km,pooled_unassigned_area,0,0.1,0,0.1
2432,2018-06,2018-02,4,0,True,0.0,master,valid_observed_phase_at_origin,BASE,calibration,1,-1,unassigned_nearest_donor_beyond_100km,pooled_unassigned_area,0,0.23,0,0.23
2433,2018-06,2018-02,4,0,True,0.0,master,valid_observed_phase_at_origin,BASE,calibration,1,-1,unassigned_nearest_donor_beyond_100km,pooled_unassigned_area,0,0.11,0,0.11
2434,2018-06,2018-02,4,0,True,0.0,master,valid_observed_phase_at_origin,BASE,calibration,1,-1,unassigned_nearest_donor_beyond_100km,pooled_unassigned_area,0,0.11,0,0.11
2435,2018-06,2018-02,4,0,True,0.0,master,valid_observed_phase_at_origin,BASE,calibration,1,-1,unassigned_nearest_donor_beyond_100km,pooled_unassigned_area,0,0.18,0,0.18
2436,2018-06,2018-02,4,0,True,0.0,master,valid_observed_phase_at_origin,BASE,calibration,1,-1,unassigned_nearest_donor_beyond_100km,pooled_unassigned_area,0,0.07,0,0.07
2437,2018-06,2018-02,4,0,True,0.0,master,valid_observed_phase_at_origin,BASE,calibration,1,-1,unassigned_nearest_donor_beyond_100km,pooled_unassigned_area,0,0.32,0,0.32
2438,2018-06,2018-02,4,0,True,0.0,master,valid_observed_phase_at_origin,BASE,calibration,1,-1,unassigned_nearest_donor_beyond_100km,pooled_unassigned_area,0,0.09,0,0.09
2439,2018-06,2018-02,4,0,True,0.0,master,valid_observed_phase_at_origin,BASE,calibration,1,-1,unassigned_nearest_donor_beyond_100km,pooled_unassigned_area,0,0.08,0,0.08
2440,2018-06,2018-02,4,0,True,0.0,master,valid_observed_phase_at_origin,BASE,calibration,1,-1,unassigned_nearest_donor_beyond_100km,pooled_unassigned_area,0,0.15,0,0.15
2441,2018-06,2018-02,4,0,True,0.0,master,valid_observed_phase_at_origin,BASE,calibration,1,-1,unassigned_nearest_donor_beyond_100km,pooled_unassigned_area,0,0.34,0,0.34
2442,2018-06,2018-02,4,0,True,0.0,master,valid_observed_phase_at_origin,BASE,calibration,1,-1,unassigned_nearest_donor_beyond_100km,pooled_unassigned_area,0,0.07,0,0.07
2443,2018-06,2018-02,4,0,True,0.0,master,valid_observed_phase_at_origin,BASE,calibration,1,-1,unassigned_nearest_donor_beyond_100km,pooled_unassigned_area,0,0.33,0,0.33
2444,2018-06,2018-02,4,0,True,0.0,master,valid_observed_phase_at_origin,BASE,calibration,1,-1,unassigned_nearest_donor_beyond_100km,pooled_unassigned_area,0,0.14,0,0.14
2445,2018-06,2018-02,4,0,True,0.0,master,valid_observed_phase_at_origin,BASE,calibration,1,-1,unassigned_nearest_donor_beyond_100km,pooled_unassigned_area,0,0.1,0,0.1
2446,2018-06,2018-02,4,0,True,0.0,master,valid_observed_phase_at_origin,BASE,calibration,1,-1,unassigned_nearest_donor_beyond_100km,pooled_unassigned_area,0,0.11,0,0.11
2447,2018-06,2018-02,4,0,True,0.0,master,valid_observed_phase_at_origin,BASE,calibration,1,-1,unassigned_nearest_donor_beyond_100km,pooled_unassigned_area,0,0.45,0,0.45
2448,2018-06,2018-02,4,0,True,0.0,master,valid_observed_phase_at_origin,BASE,calibration,1,-1,unassigned_nearest_donor_beyond_100km,pooled_unassigned_area,0,0.19,0,0.19
2449,2018-06,2018-02,4,0,True,0.0,master,valid_observed_phase_at_origin,BASE,calibration,1,-1,unassigned_nearest_donor_beyond_100km,pooled_unassigned_area,0,0.09,0,0.09
2450,2018-06,2018-02,4,0,True,0.0,master,valid_observed_phase_at_origin,BASE,calibration,1,-1,unassigned_nearest_donor_beyond_100km,pooled_unassigned_area,0,0.3,0,0.3
2451,2018-06,2018-02,4,0,True,0.0,master,valid_observed_phase_at_origin,BASE,calibration,1,-1,unassigned_nearest_donor_beyond_100km,pooled_unassigned_area,0,0.13,0,0.13
2452,2018-06,2018-02,4,0,True,0.0,master,valid_observed_phase_at_origin,BASE,calibration,1,-1,unassigned_nearest_donor_beyond_100km,pooled_unassigned_area,0,0.11,0,0.11
2453,2018-06,2018-02,4,0,True,0.0,master,valid_observed_phase_at_origin,BASE,calibration,1,-1,unassigned_nearest_donor_beyond_100km,pooled_unassigned_area,1,0.52,1,0.52
2454,2018-06,2018-02,4,0,True,0.0,master,valid_observed_phase_at_origin,BASE,calibration,1,-1,unassigned_nearest_donor_beyond_100km,pooled_unassigned_area,1,0.52,1,0.52
2455,2018-06,2018-02,4,0,True,0.0,master,valid_observed_phase_at_origin,BASE,calibration,1,-1,unassigned_nearest_donor_beyond_100km,pooled_unassigned_area,0,0.16,0,0.16
2456,2018-06,2018-02,4,0,True,0.0,master,valid_observed_phase_at_origin,BASE,calibration,1,-1,unassigned_nearest_donor_beyond_100km,pooled_unassigned_area,0,0.38,0,0.38
2457,2018-06,2018-02,4,0,True,0.0,master,valid_observed_phase_at_origin,BASE,calibration,1,-1,unassigned_nearest_donor_beyond_100km,pooled_unassigned_area,0,0.36,0,0.36
2458,2018-06,2018-02,4,0,True,0.0,master,valid_observed_phase_at_origin,BASE,calibration,1,-1,unassigned_nearest_donor_beyond_100km,pooled_unassigned_area,0,0.14,0,0.14
2459,2018-06,2018-02,4,0,True,0.0,master,valid_observed_phase_at_origin,BASE,calibration,1,-1,unassigned_nearest_donor_beyond_100km,pooled_unassigned_area,0,0.12,0,0.12
2460,2018-06,2018-02,4,0,True,0.0,master,valid_observed_phase_at_origin,BASE,calibration,1,-1,unassigned_nearest_donor_beyond_100km,pooled_unassigned_area,0,0.23,0,0.23
2461,2018-06,2018-02,4,0,True,0.0,master,valid_observed_phase_at_origin,BASE,calibration,1,-1,unassigned_nearest_donor_beyond_100km,pooled_unassigned_area,0,0.1,0,0.1
2462,2018-06,2018-02,4,0,True,0.0,master,valid_observed_phase_at_origin,BASE,calibration,1,-1,unassigned_nearest_donor_beyond_100km,pooled_unassigned_area,0,0.34,0,0.34
2463,2018-06,2018-02,4,0,True,0.0,master,valid_observed_phase_at_origin,BASE,calibration,1,-1,unassigned_nearest_donor_beyond_100km,pooled_unassigned_area,0,0.11,0,0.11
2464,2018-06,2018-02,4,0,True,0.0,master,valid_observed_phase_at_origin,BASE,calibration,1,-1,unassigned_nearest_donor_beyond_100km,pooled_unassigned_area,0,0.14,0,0.14
2465,2018-06,2018-02,4,0,True,0.0,master,valid_observed_phase_at_origin,BASE,calibration,1,-1,unassigned_nearest_donor_beyond_100km,pooled_unassigned_area,0,0.07,0,0.07
2466,2018-06,2018-02,4,0,True,0.0,master,valid_observed_phase_at_origin,BASE,calibration,1,-1,unassigned_nearest_donor_beyond_100km,pooled_unassigned_area,0,0.15,0,0.15
2467,2018-06,2018-02,4,0,True,0.0,master,valid_observed_phase_at_origin,BASE,calibration,1,-1,unassigned_nearest_donor_beyond_100km,pooled_unassigned_area,0,0.05,0,0.05
2468,2018-06,2018-02,4,0,True,0.0,master,valid_observed_phase_at_origin,BASE,calibration,1,-1,unassigned_nearest_donor_beyond_100km,pooled_unassigned_area,0,0.38,0,0.38
2469,2018-06,2018-02,4,0,True,0.0,master,valid_observed_phase_at_origin,BASE,calibration,1,-1,unassigned_nearest_donor_beyond_100km,pooled_unassigned_area,0,0.15,0,0.15
2470,2018-06,2018-02,4,0,True,0.0,master,valid_observed_phase_at_origin,BASE,calibration,1,-1,unassigned_nearest_donor_beyond_100km,pooled_unassigned_area,0,0.08,0,0.08
2471,2018-06,2018-02,4,0,True,0.0,master,valid_observed_phase_at_origin,BASE,calibration,1,-1,unassigned_nearest_donor_beyond_100km,pooled_unassigned_area,0,0.11,0,0.11
2472,2018-06,2018-02,4,0,True,0.0,master,valid_observed_phase_at_origin,BASE,calibration,1,-1,unassigned_nearest_donor_beyond_100km,pooled_unassigned_area,0,0.3,0,0.3
2473,2018-06,2018-02,4,0,True,0.0,master,valid_observed_phase_at_origin,BASE,calibration,1,-1,unassigned_nearest_donor_beyond_100km,pooled_unassigned_area,0,0.13,0,0.13
2474,2018-06,2018-02,4,0,True,0.0,master,valid_observed_phase_at_origin,BASE,calibration,1,-1,unassigned_nearest_donor_beyond_100km,pooled_unassigned_area,0,0.42,0,0.42
2475,2018-06,2018-02,4,0,True,0.0,master,valid_observed_phase_at_origin,BASE,calibration,1,-1,unassigned_nearest_donor_beyond_100km,pooled_unassigned_area,0,0.19,0,0.19
2476,2018-06,2018-02,4,0,True,0.0,master,valid_observed_phase_at_origin,BASE,calibration,1,-1,unassigned_nearest_donor_beyond_100km,pooled_unassigned_area,0,0.37,0,0.37
2477,2018-06,2018-02,4,0,True,0.0,master,valid_observed_phase_at_origin,BASE,calibration,1,-1,unassigned_nearest_donor_beyond_100km,pooled_unassigned_area,1,0.58,1,0.58
2478,2018-06,2018-02,4,0,True,0.0,master,valid_observed_phase_at_origin,BASE,calibration,1,-1,unassigned_nearest_donor_beyond_100km,pooled_unassigned_area,0,0.1,0,0.1
2479,2018-06,2018-02,4,0,True,0.0,master,valid_observed_phase_at_origin,BASE,calibration,1,-1,unassigned_nearest_donor_beyond_100km,pooled_unassigned_area,0,0.41,0,0.41
2480,2018-06,2018-02,4,0,True,0.0,master,valid_observed_phase_at_origin,BASE,calibration,1,-1,unassigned_nearest_donor_beyond_100km,pooled_unassigned_area,0,0.16,0,0.16
2481,2018-06,2018-02,4,0,True,0.0,master,valid_observed_phase_at_origin,BASE,calibration,1,-1,unassigned_nearest_donor_beyond_100km,pooled_unassigned_area,0,0.14,0,0.14
2482,2018-06,2018-02,4,0,True,0.0,master,valid_observed_phase_at_origin,BASE,calibration,1,-1,unassigned_nearest_donor_beyond_100km,pooled_unassigned_area,0,0.25,0,0.25
2483,2018-06,2018-02,4,0,True,0.0,master,valid_observed_phase_at_origin,BASE,calibration,1,-1,unassigned_nearest_donor_beyond_100km,pooled_unassigned_area,0,0.09,0,0.09
2484,2018-06,2018-02,4,0,True,0.0,master,valid_observed_phase_at_origin,BASE,calibration,1,-1,unassigned_nearest_donor_beyond_100km,pooled_unassigned_area,0,0.14,0,0.14
2485,2018-06,2018-02,4,0,True,0.0,master,valid_observed_phase_at_origin,BASE,calibration,1,-1,unassigned_nearest_donor_beyond_100km,pooled_unassigned_area,0,0.15,0,0.15
2486,2018-06,2018-02,4,0,True,0.0,master,valid_observed_phase_at_origin,BASE,calibration,1,-1,unassigned_nearest_donor_beyond_100km,pooled_unassigned_area,0,0.07,0,0.07
2487,2018-06,2018-02,4,0,True,0.0,master,valid_observed_phase_at_origin,BASE,calibration,1,-1,unassigned_nearest_donor_beyond_100km,pooled_unassigned_area,0,0.49,0,0.49
2488,2018-06,2018-02,4,0,True,0.0,master,valid_observed_phase_at_origin,BASE,calibration,1,-1,unassigned_nearest_donor_beyond_100km,pooled_unassigned_area,0,0.05,0,0.05
2489,2018-06,2018-02,4,0,True,0.0,master,valid_observed_phase_at_origin,BASE,calibration,1,-1,unassigned_nearest_donor_beyond_100km,pooled_unassigned_area,0,0.4,0,0.4
2490,2018-06,2018-02,4,0,True,0.0,master,valid_observed_phase_at_origin,BASE,calibration,1,-1,unassigned_nearest_donor_beyond_100km,pooled_unassigned_area,0,0.19,0,0.19
2491,2018-06,2018-02,4,0,True,0.0,master,valid_observed_phase_at_origin,BASE,calibration,1,-1,unassigned_nearest_donor_beyond_100km,pooled_unassigned_area,0,0.17,0,0.17
2492,2018-06,2018-02,4,0,True,0.0,master,valid_observed_phase_at_origin,BASE,calibration,1,-1,unassigned_nearest_donor_beyond_100km,pooled_unassigned_area,0,0.08,0,0.08
2493,2018-06,2018-02,4,0,True,0.0,master,valid_observed_phase_at_origin,BASE,calibration,1,-1,unassigned_nearest_donor_beyond_100km,pooled_unassigned_area,0,0.18,0,0.18
2494,2018-06,2018-02,4,0,True,0.0,master,valid_observed_phase_at_origin,BASE,calibration,1,-1,unassigned_nearest_donor_beyond_100km,pooled_unassigned_area,0,0.23,0,0.23
2495,2018-06,2018-02,4,0,True,0.0,master,valid_observed_phase_at_origin,BASE,calibration,1,-1,unassigned_nearest_donor_beyond_100km,pooled_unassigned_area,0,0.08,0,0.08
2496,2018-06,2018-02,4,0,True,0.0,master,valid_observed_phase_at_origin,BASE,calibration,1,-1,unassigned_nearest_donor_beyond_100km,pooled_unassigned_area,0,0.09,0,0.09
2497,2018-06,2018-02,4,0,True,0.0,master,valid_observed_phase_at_origin,BASE,calibration,1,-1,unassigned_nearest_donor_beyond_100km,pooled_unassigned_area,0,0.28,0,0.28
2498,2018-06,2018-02,4,0,True,0.0,master,valid_observed_phase_at_origin,BASE,calibration,1,-1,unassigned_nearest_donor_beyond_100km,pooled_unassigned_area,0,0.13,0,0.13
2499,2018-06,2018-02,4,0,True,0.0,master,valid_observed_phase_at_origin,BASE,calibration,1,-1,unassigned_nearest_donor_beyond_100km,pooled_unassigned_area,0,0.13,0,0.13
2500,2018-06,2018-02,4,0,True,0.0,master,valid_observed_phase_at_origin,BASE,calibration,1,-1,unassigned_nearest_donor_beyond_100km,pooled_unassigned_area,0,0.4,0,0.4
2501,2018-06,2018-02,4,0,True,0.0,master,valid_observed_phase_at_origin,BASE,calibration,1,-1,unassigned_nearest_donor_beyond_100km,pooled_unassigned_area,0,0.37,0,0.37
2502,2018-06,2018-02,4,0,True,0.0,master,valid_observed_phase_at_origin,BASE,calibration,1,-1,unassigned_nearest_donor_beyond_100km,pooled_unassigned_area,0,0.21,0,0.21
2503,2018-06,2018-02,4,0,True,0.0,master,valid_observed_phase_at_origin,BASE,calibration,1,-1,unassigned_nearest_donor_beyond_100km,pooled_unassigned_area,0,0.08,0,0.08
2504,2018-06,2018-02,4,0,True,0.0,master,valid_observed_phase_at_origin,BASE,calibration,1,-1,unassigned_nearest_donor_beyond_100km,pooled_unassigned_area,0,0.11,0,0.11
2505,2018-06,2018-02,4,0,True,0.0,master,valid_observed_phase_at_origin,BASE,calibration,1,-1,unassigned_nearest_donor_beyond_100km,pooled_unassigned_area,0,0.17,0,0.17
2506,2018-06,2018-02,4,0,True,0.0,master,valid_observed_phase_at_origin,BASE,calibration,1,-1,unassigned_nearest_donor_beyond_100km,pooled_unassigned_area,0,0.11,0,0.11
2507,2018-06,2018-02,4,0,True,0.0,master,valid_observed_phase_at_origin,BASE,calibration,1,-1,unassigned_nearest_donor_beyond_100km,pooled_unassigned_area,0,0.07,0,0.07
2508,2018-06,2018-02,4,0,True,1.0,master,valid_observed_phase_at_origin,BASE,calibration,1,-1,unassigned_nearest_donor_beyond_100km,pooled_unassigned_area,0,0.26,0,0.26
2509,2018-06,2018-02,4,0,True,1.0,master,valid_observed_phase_at_origin,BASE,calibration,1,-1,unassigned_nearest_donor_beyond_100km,pooled_unassigned_area,0,0.28,0,0.28
2510,2018-06,2018-02,4,0,True,0.0,master,valid_observed_phase_at_origin,BASE,calibration,1,-1,unassigned_nearest_donor_beyond_100km,pooled_unassigned_area,0,0.25,0,0.25
2511,2018-06,2018-02,4,0,True,0.0,master,valid_observed_phase_at_origin,BASE,calibration,1,-1,unassigned_nearest_donor_beyond_100km,pooled_unassigned_area,0,0.11,0,0.11
2512,2018-06,2018-02,4,0,True,0.0,master,valid_observed_phase_at_origin,BASE,calibration,1,-1,unassigned_nearest_donor_beyond_100km,pooled_unassigned_area,0,0.15,0,0.15
2513,2018-06,2018-02,4,0,True,0.0,master,valid_observed_phase_at_origin,BASE,calibration,1,-1,unassigned_nearest_donor_beyond_100km,pooled_unassigned_area,0,0.22,0,0.22
2514,2018-06,2018-02,4,0,True,0.0,master,valid_observed_phase_at_origin,BASE,calibration,1,-1,unassigned_nearest_donor_beyond_100km,pooled_unassigned_area,0,0.12,0,0.12
2515,2018-06,2018-02,4,0,True,0.0,master,valid_observed_phase_at_origin,BASE,calibration,1,-1,unassigned_nearest_donor_beyond_100km,pooled_unassigned_area,0,0.12,0,0.12
2516,2018-06,2018-02,4,0,True,0.0,master,valid_observed_phase_at_origin,BASE,calibration,1,-1,unassigned_nearest_donor_beyond_100km,pooled_unassigned_area,0,0.07,0,0.07
2517,2018-06,2018-02,4,0,True,0.0,master,valid_observed_phase_at_origin,BASE,calibration,1,-1,unassigned_nearest_donor_beyond_100km,pooled_unassigned_area,0,0.09,0,0.09
2518,2018-06,2018-02,4,0,True,0.0,master,valid_observed_phase_at_origin,BASE,calibration,1,-1,unassigned_nearest_donor_beyond_100km,pooled_unassigned_area,0,0.15,0,0.15
2519,2018-06,2018-02,4,0,True,0.0,master,valid_observed_phase_at_origin,BASE,calibration,1,-1,unassigned_nearest_donor_beyond_100km,pooled_unassigned_area,0,0.12,0,0.12
2520,2018-06,2018-02,4,0,True,0.0,master,valid_observed_phase_at_origin,BASE,calibration,1,-1,unassigned_nearest_donor_beyond_100km,pooled_unassigned_area,0,0.08,0,0.08
2521,2018-06,2018-02,4,0,True,0.0,master,valid_observed_phase_at_origin,BASE,calibration,1,-1,unassigned_nearest_donor_beyond_100km,pooled_unassigned_area,0,0.07,0,0.07
2522,2018-06,2018-02,4,0,True,1.0,master,valid_observed_phase_at_origin,BASE,calibration,1,-1,unassigned_nearest_donor_beyond_100km,pooled_unassigned_area,0,0.24,0,0.24
2523,2018-06,2018-02,4,0,True,0.0,master,valid_observed_phase_at_origin,BASE,calibration,1,-1,unassigned_nearest_donor_beyond_100km,pooled_unassigned_area,0,0.11,0,0.11
2524,2018-06,2018-02,4,0,True,0.0,master,valid_observed_phase_at_origin,BASE,calibration,1,-1,unassigned_nearest_donor_beyond_100km,pooled_unassigned_area,0,0.17,0,0.17
2525,2018-06,2018-02,4,0,True,0.0,master,valid_observed_phase_at_origin,BASE,calibration,1,-1,unassigned_nearest_donor_beyond_100km,pooled_unassigned_area,0,0.15,0,0.15
2526,2018-06,2018-02,4,0,True,0.0,master,valid_observed_phase_at_origin,BASE,calibration,1,-1,unassigned_nearest_donor_beyond_100km,pooled_unassigned_area,0,0.14,0,0.14
2527,2018-06,2018-02,4,0,True,0.0,master,valid_observed_phase_at_origin,BASE,calibration,1,-1,unassigned_nearest_donor_beyond_100km,pooled_unassigned_area,0,0.12,0,0.12
2528,2018-06,2018-02,4,0,True,0.0,master,valid_observed_phase_at_origin,BASE,calibration,1,-1,unassigned_nearest_donor_beyond_100km,pooled_unassigned_area,0,0.12,0,0.12
2529,2018-06,2018-02,4,0,True,0.0,master,valid_observed_phase_at_origin,BASE,calibration,1,-1,unassigned_nearest_donor_beyond_100km,pooled_unassigned_area,0,0.26,0,0.26
2530,2018-06,2018-02,4,0,True,1.0,master,valid_observed_phase_at_origin,BASE,calibration,1,-1,unassigned_nearest_donor_beyond_100km,pooled_unassigned_area,0,0.22,0,0.22
2531,2018-06,2018-02,4,0,True,0.0,master,valid_observed_phase_at_origin,BASE,calibration,1,-1,unassigned_nearest_donor_beyond_100km,pooled_unassigned_area,0,0.08,0,0.08
2532,2018-06,2018-02,4,0,True,0.0,master,valid_observed_phase_at_origin,BASE,calibration,1,-1,unassigned_nearest_donor_beyond_100km,pooled_unassigned_area,0,0.19,0,0.19
2533,2018-06,2018-02,4,0,True,0.0,master,valid_observed_phase_at_origin,BASE,calibration,1,-1,unassigned_nearest_donor_beyond_100km,pooled_unassigned_area,0,0.27,0,0.27
2534,2018-06,2018-02,4,0,True,0.0,master,valid_observed_phase_at_origin,BASE,calibration,1,-1,unassigned_nearest_donor_beyond_100km,pooled_unassigned_area,0,0.18,0,0.18
2535,2018-06,2018-02,4,0,True,0.0,master,valid_observed_phase_at_origin,BASE,calibration,1,-1,unassigned_nearest_donor_beyond_100km,pooled_unassigned_area,0,0.18,0,0.18
2536,2018-06,2018-02,4,0,True,0.0,master,valid_observed_phase_at_origin,BASE,calibration,1,-1,unassigned_nearest_donor_beyond_100km,pooled_unassigned_area,0,0.21,0,0.21
2537,2018-06,2018-02,4,0,True,0.0,master,valid_observed_phase_at_origin,BASE,calibration,1,-1,unassigned_nearest_donor_beyond_100km,pooled_unassigned_area,0,0.21,0,0.21
2538,2018-06,2018-02,4,0,True,0.0,master,valid_observed_phase_at_origin,BASE,calibration,1,-1,unassigned_nearest_donor_beyond_100km,pooled_unassigned_area,0,0.23,0,0.23
2539,2018-06,2018-02,4,0,True,0.0,master,valid_observed_phase_at_origin,BASE,calibration,1,-1,unassigned_nearest_donor_beyond_100km,pooled_unassigned_area,0,0.13,0,0.13
2540,2018-06,2018-02,4,0,True,0.0,master,valid_observed_phase_at_origin,BASE,calibration,1,-1,unassigned_nearest_donor_beyond_100km,pooled_unassigned_area,0,0.09,0,0.09
2541,2018-06,2018-02,4,0,True,0.0,master,valid_observed_phase_at_origin,BASE,calibration,1,-1,unassigned_nearest_donor_beyond_100km,pooled_unassigned_area,0,0.25,0,0.25
2542,2018-06,2018-02,4,0,True,0.0,master,valid_observed_phase_at_origin,BASE,calibration,1,-1,unassigned_nearest_donor_beyond_100km,pooled_unassigned_area,0,0.13,0,0.13
2543,2018-06,2018-02,4,0,True,0.0,master,valid_observed_phase_at_origin,BASE,calibration,1,-1,unassigned_nearest_donor_beyond_100km,pooled_unassigned_area,0,0.1,0,0.1
2544,2018-06,2018-02,4,0,True,0.0,master,valid_observed_phase_at_origin,BASE,calibration,1,-1,unassigned_nearest_donor_beyond_100km,pooled_unassigned_area,0,0.12,0,0.12
2545,2018-06,2018-02,4,0,True,0.0,master,valid_observed_phase_at_origin,BASE,calibration,1,-1,unassigned_nearest_donor_beyond_100km,pooled_unassigned_area,0,0.08,0,0.08
2546,2018-06,2018-02,4,0,True,0.0,master,valid_observed_phase_at_origin,BASE,calibration,1,-1,unassigned_nearest_donor_beyond_100km,pooled_unassigned_area,0,0.08,0,0.08
2547,2018-06,2018-02,4,0,True,0.0,master,valid_observed_phase_at_origin,BASE,calibration,1,-1,unassigned_nearest_donor_beyond_100km,pooled_unassigned_area,0,0.2,0,0.2
2548,2018-06,2018-02,4,0,True,0.0,master,valid_observed_phase_at_origin,BASE,calibration,1,-1,unassigned_nearest_donor_beyond_100km,pooled_unassigned_area,0,0.09,0,0.09
2549,2018-06,2018-02,4,0,True,0.0,master,valid_observed_phase_at_origin,BASE,calibration,1,-1,unassigned_nearest_donor_beyond_100km,pooled_unassigned_area,0,0.16,0,0.16
2550,2018-06,2018-02,4,0,True,0.0,master,valid_observed_phase_at_origin,BASE,calibration,1,-1,unassigned_nearest_donor_beyond_100km,pooled_unassigned_area,0,0.05,0,0.05
2551,2018-06,2018-02,4,0,True,0.0,master,valid_observed_phase_at_origin,BASE,calibration,1,-1,unassigned_nearest_donor_beyond_100km,pooled_unassigned_area,0,0.13,0,0.13
2552,2018-06,2018-02,4,0,True,0.0,master,valid_observed_phase_at_origin,BASE,calibration,1,-1,unassigned_nearest_donor_beyond_100km,pooled_unassigned_area,0,0.06,0,0.06
2553,2018-06,2018-02,4,0,True,0.0,master,valid_observed_phase_at_origin,BASE,calibration,1,-1,unassigned_nearest_donor_beyond_100km,pooled_unassigned_area,0,0.21,0,0.21
2554,2018-06,2018-02,4,0,True,0.0,master,valid_observed_phase_at_origin,BASE,calibration,1,-1,unassigned_nearest_donor_beyond_100km,pooled_unassigned_area,0,0.16,0,0.16
2555,2018-06,2018-02,4,0,True,0.0,master,valid_observed_phase_at_origin,BASE,calibration,1,-1,unassigned_nearest_donor_beyond_100km,pooled_unassigned_area,0,0.22,0,0.22
2556,2018-06,2018-02,4,0,True,0.0,master,valid_observed_phase_at_origin,BASE,calibration,1,-1,unassigned_nearest_donor_beyond_100km,pooled_unassigned_area,0,0.2,0,0.2
2557,2018-06,2018-02,4,0,True,0.0,master,valid_observed_phase_at_origin,BASE,calibration,1,-1,unassigned_nearest_donor_beyond_100km,pooled_unassigned_area,0,0.08,0,0.08
2558,2018-06,2018-02,4,0,True,0.0,master,valid_observed_phase_at_origin,BASE,calibration,1,-1,unassigned_nearest_donor_beyond_100km,pooled_unassigned_area,0,0.11,0,0.11
2559,2018-06,2018-02,4,0,True,0.0,master,valid_observed_phase_at_origin,BASE,calibration,1,-1,unassigned_nearest_donor_beyond_100km,pooled_unassigned_area,0,0.14,0,0.14
2560,2018-06,2018-02,4,0,True,0.0,master,valid_observed_phase_at_origin,BASE,calibration,1,-1,unassigned_nearest_donor_beyond_100km,pooled_unassigned_area,0,0.21,0,0.21
2561,2018-06,2018-02,4,0,True,0.0,master,valid_observed_phase_at_origin,BASE,calibration,1,-1,unassigned_nearest_donor_beyond_100km,pooled_unassigned_area,0,0.1,0,0.1
2562,2018-06,2018-02,4,0,True,0.0,master,valid_observed_phase_at_origin,BASE,calibration,1,-1,unassigned_nearest_donor_beyond_100km,pooled_unassigned_area,0,0.1,0,0.1
2563,2018-06,2018-02,4,0,True,0.0,master,valid_observed_phase_at_origin,BASE,calibration,1,-1,unassigned_nearest_donor_beyond_100km,pooled_unassigned_area,0,0.08,0,0.08
2564,2018-06,2018-02,4,0,True,0.0,master,valid_observed_phase_at_origin,BASE,calibration,1,-1,unassigned_nearest_donor_beyond_100km,pooled_unassigned_area,0,0.18,0,0.18
2565,2018-06,2018-02,4,0,True,0.0,master,valid_observed_phase_at_origin,BASE,calibration,1,-1,unassigned_nearest_donor_beyond_100km,pooled_unassigned_area,0,0.22,0,0.22
2566,2018-06,2018-02,4,0,True,0.0,master,valid_observed_phase_at_origin,BASE,calibration,1,-1,unassigned_nearest_donor_beyond_100km,pooled_unassigned_area,0,0.11,0,0.11
2567,2018-06,2018-02,4,0,True,0.0,master,valid_observed_phase_at_origin,BASE,calibration,1,-1,unassigned_nearest_donor_beyond_100km,pooled_unassigned_area,0,0.09,0,0.09
2568,2018-06,2018-02,4,0,True,0.0,master,valid_observed_phase_at_origin,BASE,calibration,1,-1,unassigned_nearest_donor_beyond_100km,pooled_unassigned_area,0,0.23,0,0.23
2569,2018-06,2018-02,4,0,True,1.0,master,valid_observed_phase_at_origin,BASE,calibration,1,-1,unassigned_nearest_donor_beyond_100km,pooled_unassigned_area,0,0.15,0,0.15
2570,2018-06,2018-02,4,0,True,0.0,master,valid_observed_phase_at_origin,BASE,calibration,1,-1,unassigned_nearest_donor_beyond_100km,pooled_unassigned_area,0,0.15,0,0.15
2571,2018-06,2018-02,4,0,True,0.0,master,valid_observed_phase_at_origin,BASE,calibration,1,-1,unassigned_nearest_donor_beyond_100km,pooled_unassigned_area,0,0.08,0,0.08
2572,2018-06,2018-02,4,0,True,1.0,master,valid_observed_phase_at_origin,BASE,calibration,1,-1,unassigned_nearest_donor_beyond_100km,pooled_unassigned_area,0,0.17,0,0.17
2573,2018-06,2018-02,4,0,True,1.0,master,valid_observed_phase_at_origin,BASE,calibration,1,-1,unassigned_nearest_donor_beyond_100km,pooled_unassigned_area,0,0.18,0,0.18
2574,2018-06,2018-02,4,0,True,0.0,master,valid_observed_phase_at_origin,BASE,calibration,1,-1,unassigned_nearest_donor_beyond_100km,pooled_unassigned_area,0,0.1,0,0.1
2575,2018-06,2018-02,4,0,True,0.0,master,valid_observed_phase_at_origin,BASE,calibration,1,-1,unassigned_nearest_donor_beyond_100km,pooled_unassigned_area,0,0.11,0,0.11
2576,2018-06,2018-02,4,0,True,0.0,master,valid_observed_phase_at_origin,BASE,calibration,1,-1,unassigned_nearest_donor_beyond_100km,pooled_unassigned_area,0,0.11,0,0.11
2577,2018-06,2018-02,4,0,True,0.0,master,valid_observed_phase_at_origin,BASE,calibration,1,-1,unassigned_nearest_donor_beyond_100km,pooled_unassigned_area,0,0.05,0,0.05
2578,2018-06,2018-02,4,0,True,0.0,master,valid_observed_phase_at_origin,BASE,calibration,1,-1,unassigned_nearest_donor_beyond_100km,pooled_unassigned_area,0,0.2,0,0.2
2579,2018-06,2018-02,4,0,True,1.0,master,valid_observed_phase_at_origin,BASE,calibration,1,-1,unassigned_nearest_donor_beyond_100km,pooled_unassigned_area,0,0.19,0,0.19
2580,2018-06,2018-02,4,0,True,0.0,master,valid_observed_phase_at_origin,BASE,calibration,1,-1,unassigned_nearest_donor_beyond_100km,pooled_unassigned_area,0,0.13,0,0.13
2581,2018-06,2018-02,4,0,True,0.0,master,valid_observed_phase_at_origin,BASE,calibration,1,-1,unassigned_nearest_donor_beyond_100km,pooled_unassigned_area,0,0.12,0,0.12
2582,2018-06,2018-02,4,0,True,0.0,master,valid_observed_phase_at_origin,BASE,calibration,1,-1,unassigned_nearest_donor_beyond_100km,pooled_unassigned_area,0,0.06,0,0.06
2583,2018-06,2018-02,4,0,True,0.0,master,valid_observed_phase_at_origin,BASE,calibration,1,-1,unassigned_nearest_donor_beyond_100km,pooled_unassigned_area,0,0.1,0,0.1
2584,2018-06,2018-02,4,0,True,0.0,master,valid_observed_phase_at_origin,BASE,calibration,1,-1,unassigned_nearest_donor_beyond_100km,pooled_unassigned_area,0,0.1,0,0.1
2585,2018-06,2018-02,4,0,True,0.0,master,valid_observed_phase_at_origin,BASE,calibration,1,-1,unassigned_nearest_donor_beyond_100km,pooled_unassigned_area,0,0.18,0,0.18
2586,2018-06,2018-02,4,0,True,0.0,master,valid_observed_phase_at_origin,BASE,calibration,1,-1,unassigned_nearest_donor_beyond_100km,pooled_unassigned_area,0,0.05,0,0.05
2587,2018-06,2018-02,4,0,True,0.0,master,valid_observed_phase_at_origin,BASE,calibration,1,-1,unassigned_nearest_donor_beyond_100km,pooled_unassigned_area,0,0.18,0,0.18
2588,2018-06,2018-02,4,0,True,0.0,master,valid_observed_phase_at_origin,BASE,calibration,1,-1,unassigned_nearest_donor_beyond_100km,pooled_unassigned_area,0,0.14,0,0.14
2589,2018-06,2018-02,4,0,True,0.0,master,valid_observed_phase_at_origin,BASE,calibration,1,-1,unassigned_nearest_donor_beyond_100km,pooled_unassigned_area,0,0.2,0,0.2
2590,2018-06,2018-02,4,0,True,0.0,master,valid_observed_phase_at_origin,BASE,calibration,1,-1,unassigned_nearest_donor_beyond_100km,pooled_unassigned_area,0,0.12,0,0.12
2591,2018-06,2018-02,4,0,True,0.0,master,valid_observed_phase_at_origin,BASE,calibration,1,-1,unassigned_nearest_donor_beyond_100km,pooled_unassigned_area,0,0.17,0,0.17
2592,2018-06,2018-02,4,0,True,0.0,master,valid_observed_phase_at_origin,BASE,calibration,1,-1,unassigned_nearest_donor_beyond_100km,pooled_unassigned_area,0,0.14,0,0.14
2593,2018-06,2018-02,4,0,True,0.0,master,valid_observed_phase_at_origin,BASE,calibration,1,-1,unassigned_nearest_donor_beyond_100km,pooled_unassigned_area,0,0.1,0,0.1
2594,2018-06,2018-02,4,0,True,0.0,master,valid_observed_phase_at_origin,BASE,calibration,1,-1,unassigned_nearest_donor_beyond_100km,pooled_unassigned_area,0,0.14,0,0.14
2595,2018-06,2018-02,4,0,True,0.0,master,valid_observed_phase_at_origin,BASE,calibration,1,-1,unassigned_nearest_donor_beyond_100km,pooled_unassigned_area,0,0.11,0,0.11
2596,2018-06,2018-02,4,0,True,0.0,master,valid_observed_phase_at_origin,BASE,calibration,1,-1,unassigned_nearest_donor_beyond_100km,pooled_unassigned_area,0,0.07,0,0.07
2597,2018-06,2018-02,4,0,True,0.0,master,valid_observed_phase_at_origin,BASE,calibration,1,-1,unassigned_nearest_donor_beyond_100km,pooled_unassigned_area,0,0.23,0,0.23
2598,2018-06,2018-02,4,0,True,0.0,master,valid_observed_phase_at_origin,BASE,calibration,1,-1,unassigned_nearest_donor_beyond_100km,pooled_unassigned_area,0,0.22,0,0.22
2599,2018-06,2018-02,4,0,True,0.0,master,valid_observed_phase_at_origin,BASE,calibration,1,-1,unassigned_nearest_donor_beyond_100km,pooled_unassigned_area,0,0.08,0,0.08
2600,2018-06,2018-02,4,0,True,0.0,master,valid_observed_phase_at_origin,BASE,calibration,1,-1,unassigned_nearest_donor_beyond_100km,pooled_unassigned_area,0,0.09,0,0.09
2601,2018-06,2018-02,4,0,True,0.0,master,valid_observed_phase_at_origin,BASE,calibration,1,-1,unassigned_nearest_donor_beyond_100km,pooled_unassigned_area,0,0.04,0,0.04
2602,2018-06,2018-02,4,0,True,0.0,master,valid_observed_phase_at_origin,BASE,calibration,1,-1,unassigned_nearest_donor_beyond_100km,pooled_unassigned_area,0,0.18,0,0.18
2603,2018-06,2018-02,4,0,True,0.0,master,valid_observed_phase_at_origin,BASE,calibration,1,-1,unassigned_nearest_donor_beyond_100km,pooled_unassigned_area,0,0.12,0,0.12
2604,2018-06,2018-02,4,0,True,0.0,master,valid_observed_phase_at_origin,BASE,calibration,1,-1,unassigned_nearest_donor_beyond_100km,pooled_unassigned_area,0,0.28,0,0.28
2605,2018-06,2018-02,4,0,True,0.0,master,valid_observed_phase_at_origin,BASE,calibration,1,-1,unassigned_nearest_donor_beyond_100km,pooled_unassigned_area,0,0.13,0,0.13
2606,2018-06,2018-02,4,0,True,0.0,master,valid_observed_phase_at_origin,BASE,calibration,1,-1,unassigned_nearest_donor_beyond_100km,pooled_unassigned_area,0,0.04,0,0.04
2607,2018-06,2018-02,4,0,True,0.0,master,valid_observed_phase_at_origin,BASE,calibration,1,-1,unassigned_nearest_donor_beyond_100km,pooled_unassigned_area,0,0.12,0,0.12
2608,2018-06,2018-02,4,0,True,0.0,master,valid_observed_phase_at_origin,BASE,calibration,1,-1,unassigned_nearest_donor_beyond_100km,pooled_unassigned_area,0,0.1,0,0.1
2609,2018-06,2018-02,4,0,True,0.0,master,valid_observed_phase_at_origin,BASE,calibration,1,-1,unassigned_nearest_donor_beyond_100km,pooled_unassigned_area,0,0.32,0,0.32
2610,2018-06,2018-02,4,0,True,0.0,master,valid_observed_phase_at_origin,BASE,calibration,1,-1,unassigned_nearest_donor_beyond_100km,pooled_unassigned_area,0,0.19,0,0.19
2611,2018-06,2018-02,4,0,True,0.0,master,valid_observed_phase_at_origin,BASE,calibration,1,-1,unassigned_nearest_donor_beyond_100km,pooled_unassigned_area,0,0.31,0,0.31
2612,2018-06,2018-02,4,0,True,0.0,master,valid_observed_phase_at_origin,BASE,calibration,1,-1,unassigned_nearest_donor_beyond_100km,pooled_unassigned_area,0,0.08,0,0.08
2613,2018-06,2018-02,4,0,True,0.0,master,valid_observed_phase_at_origin,BASE,calibration,1,-1,unassigned_nearest_donor_beyond_100km,pooled_unassigned_area,0,0.34,0,0.34
2614,2018-06,2018-02,4,0,True,0.0,master,valid_observed_phase_at_origin,BASE,calibration,1,-1,unassigned_nearest_donor_beyond_100km,pooled_unassigned_area,0,0.16,0,0.16
2615,2018-06,2018-02,4,0,True,0.0,master,valid_observed_phase_at_origin,BASE,calibration,1,-1,unassigned_nearest_donor_beyond_100km,pooled_unassigned_area,0,0.09,0,0.09
2616,2018-06,2018-02,4,0,True,0.0,master,valid_observed_phase_at_origin,BASE,calibration,1,-1,unassigned_nearest_donor_beyond_100km,pooled_unassigned_area,0,0.06,0,0.06
2617,2018-06,2018-02,4,0,True,0.0,master,valid_observed_phase_at_origin,BASE,calibration,1,-1,unassigned_nearest_donor_beyond_100km,pooled_unassigned_area,0,0.11,0,0.11
2618,2018-06,2018-02,4,0,True,0.0,master,valid_observed_phase_at_origin,BASE,calibration,1,-1,unassigned_nearest_donor_beyond_100km,pooled_unassigned_area,0,0.07,0,0.07
2619,2018-06,2018-02,4,0,True,0.0,master,valid_observed_phase_at_origin,BASE,calibration,1,-1,unassigned_nearest_donor_beyond_100km,pooled_unassigned_area,0,0.04,0,0.04
2620,2018-06,2018-02,4,0,True,0.0,master,valid_observed_phase_at_origin,BASE,calibration,1,-1,unassigned_nearest_donor_beyond_100km,pooled_unassigned_area,0,0.26,0,0.26
2621,2018-06,2018-02,4,0,True,0.0,master,valid_observed_phase_at_origin,BASE,calibration,1,-1,unassigned_nearest_donor_beyond_100km,pooled_unassigned_area,0,0.11,0,0.11
2622,2018-06,2018-02,4,0,True,0.0,master,valid_observed_phase_at_origin,BASE,calibration,1,-1,unassigned_nearest_donor_beyond_100km,pooled_unassigned_area,0,0.08,0,0.08
2623,2018-06,2018-02,4,0,True,0.0,master,valid_observed_phase_at_origin,BASE,calibration,1,-1,unassigned_nearest_donor_beyond_100km,pooled_unassigned_area,0,0.2,0,0.2
2624,2018-06,2018-02,4,0,True,0.0,master,valid_observed_phase_at_origin,BASE,calibration,1,-1,unassigned_nearest_donor_beyond_100km,pooled_unassigned_area,0,0.11,0,0.11
2625,2018-06,2018-02,4,0,True,0.0,master,valid_observed_phase_at_origin,BASE,calibration,1,-1,unassigned_nearest_donor_beyond_100km,pooled_unassigned_area,0,0.06,0,0.06
2626,2018-06,2018-02,4,0,True,0.0,master,valid_observed_phase_at_origin,BASE,calibration,1,-1,unassigned_nearest_donor_beyond_100km,pooled_unassigned_area,0,0.01,0,0.01
2627,2018-06,2018-02,4,0,True,0.0,master,valid_observed_phase_at_origin,BASE,calibration,1,-1,unassigned_nearest_donor_beyond_100km,pooled_unassigned_area,0,0.04,0,0.04
2628,2018-06,2018-02,4,0,True,0.0,master,valid_observed_phase_at_origin,BASE,calibration,1,-1,unassigned_nearest_donor_beyond_100km,pooled_unassigned_area,0,0.15,0,0.15
2629,2018-06,2018-02,4,0,True,0.0,master,valid_observed_phase_at_origin,BASE,calibration,1,-1,unassigned_nearest_donor_beyond_100km,pooled_unassigned_area,0,0.2,0,0.2
2630,2018-06,2018-02,4,0,True,0.0,master,valid_observed_phase_at_origin,BASE,calibration,1,-1,unassigned_nearest_donor_beyond_100km,pooled_unassigned_area,0,0.08,0,0.08
2631,2018-06,2018-02,4,0,True,0.0,master,valid_observed_phase_at_origin,BASE,calibration,1,-1,unassigned_nearest_donor_beyond_100km,pooled_unassigned_area,0,0.27,0,0.27
2632,2018-06,2018-02,4,0,True,0.0,master,valid_observed_phase_at_origin,BASE,calibration,1,-1,unassigned_nearest_donor_beyond_100km,pooled_unassigned_area,0,0.12,0,0.12
2633,2018-06,2018-02,4,0,True,0.0,master,valid_observed_phase_at_origin,BASE,calibration,1,-1,unassigned_nearest_donor_beyond_100km,pooled_unassigned_area,0,0.26,0,0.26
2634,2018-06,2018-02,4,0,True,0.0,master,valid_observed_phase_at_origin,BASE,calibration,1,-1,unassigned_nearest_donor_beyond_100km,pooled_unassigned_area,0,0.1,0,0.1
2635,2018-06,2018-02,4,0,True,0.0,master,valid_observed_phase_at_origin,BASE,calibration,1,-1,unassigned_nearest_donor_beyond_100km,pooled_unassigned_area,0,0.06,0,0.06
2636,2018-06,2018-02,4,0,True,0.0,master,valid_observed_phase_at_origin,BASE,calibration,1,-1,unassigned_nearest_donor_beyond_100km,pooled_unassigned_area,0,0.11,0,0.11
2637,2018-06,2018-02,4,0,True,0.0,master,valid_observed_phase_at_origin,BASE,calibration,1,-1,unassigned_nearest_donor_beyond_100km,pooled_unassigned_area,0,0.14,0,0.14
2638,2018-06,2018-02,4,0,True,0.0,master,valid_observed_phase_at_origin,BASE,calibration,1,-1,unassigned_nearest_donor_beyond_100km,pooled_unassigned_area,0,0.4,0,0.4
2639,2018-06,2018-02,4,0,True,0.0,master,valid_observed_phase_at_origin,BASE,calibration,1,-1,unassigned_nearest_donor_beyond_100km,pooled_unassigned_area,0,0.25,0,0.25
2640,2018-06,2018-02,4,0,True,0.0,master,valid_observed_phase_at_origin,BASE,calibration,1,-1,unassigned_nearest_donor_beyond_100km,pooled_unassigned_area,0,0.14,0,0.14
2641,2018-06,2018-02,4,0,True,0.0,master,valid_observed_phase_at_origin,BASE,calibration,1,-1,unassigned_nearest_donor_beyond_100km,pooled_unassigned_area,0,0.05,0,0.05
2642,2018-06,2018-02,4,0,True,0.0,master,valid_observed_phase_at_origin,BASE,calibration,1,-1,unassigned_nearest_donor_beyond_100km,pooled_unassigned_area,0,0.15,0,0.15
2643,2018-06,2018-02,4,0,True,0.0,master,valid_observed_phase_at_origin,BASE,calibration,1,-1,unassigned_nearest_donor_beyond_100km,pooled_unassigned_area,0,0.09,0,0.09
2644,2018-06,2018-02,4,0,True,0.0,master,valid_observed_phase_at_origin,BASE,calibration,1,-1,unassigned_nearest_donor_beyond_100km,pooled_unassigned_area,0,0.09,0,0.09
2645,2018-06,2018-02,4,0,True,0.0,master,valid_observed_phase_at_origin,BASE,calibration,1,-1,unassigned_nearest_donor_beyond_100km,pooled_unassigned_area,0,0.32,0,0.32
2646,2018-06,2018-02,4,0,True,0.0,master,valid_observed_phase_at_origin,BASE,calibration,1,-1,unassigned_nearest_donor_beyond_100km,pooled_unassigned_area,0,0.3,0,0.3
2647,2018-06,2018-02,4,0,True,0.0,master,valid_observed_phase_at_origin,BASE,calibration,1,-1,unassigned_nearest_donor_beyond_100km,pooled_unassigned_area,0,0.22,0,0.22
2648,2018-06,2018-02,4,0,True,0.0,master,valid_observed_phase_at_origin,BASE,calibration,1,-1,unassigned_nearest_donor_beyond_100km,pooled_unassigned_area,0,0.29,0,0.29
2649,2018-06,2018-02,4,0,True,0.0,master,valid_observed_phase_at_origin,BASE,calibration,1,-1,unassigned_nearest_donor_beyond_100km,pooled_unassigned_area,0,0.1,0,0.1
2650,2018-06,2018-02,4,0,True,0.0,master,valid_observed_phase_at_origin,BASE,calibration,1,-1,unassigned_nearest_donor_beyond_100km,pooled_unassigned_area,0,0.25,0,0.25
2651,2018-06,2018-02,4,0,True,0.0,master,valid_observed_phase_at_origin,BASE,calibration,1,-1,unassigned_nearest_donor_beyond_100km,pooled_unassigned_area,0,0.28,0,0.28
2652,2018-06,2018-02,4,0,True,0.0,master,valid_observed_phase_at_origin,BASE,calibration,1,-1,unassigned_nearest_donor_beyond_100km,pooled_unassigned_area,0,0.22,0,0.22
2653,2018-06,2018-02,4,0,True,0.0,master,valid_observed_phase_at_origin,BASE,calibration,1,-1,unassigned_nearest_donor_beyond_100km,pooled_unassigned_area,0,0.23,0,0.23
2654,2018-06,2018-02,4,0,True,0.0,master,valid_observed_phase_at_origin,BASE,calibration,1,-1,unassigned_nearest_donor_beyond_100km,pooled_unassigned_area,0,0.12,0,0.12
2655,2018-06,2018-02,4,0,True,0.0,master,valid_observed_phase_at_origin,BASE,calibration,1,-1,unassigned_nearest_donor_beyond_100km,pooled_unassigned_area,0,0.19,0,0.19
2656,2018-06,2018-02,4,0,True,0.0,master,valid_observed_phase_at_origin,BASE,calibration,1,-1,unassigned_nearest_donor_beyond_100km,pooled_unassigned_area,0,0.15,0,0.15
2657,2018-06,2018-02,4,0,True,0.0,master,valid_observed_phase_at_origin,BASE,calibration,1,-1,unassigned_nearest_donor_beyond_100km,pooled_unassigned_area,0,0.14,0,0.14
2658,2018-06,2018-02,4,0,True,0.0,master,valid_observed_phase_at_origin,BASE,calibration,1,-1,unassigned_nearest_donor_beyond_100km,pooled_unassigned_area,0,0.22,0,0.22
2659,2018-06,2018-02,4,0,True,0.0,master,valid_observed_phase_at_origin,BASE,calibration,1,-1,unassigned_nearest_donor_beyond_100km,pooled_unassigned_area,0,0.31,0,0.31
2660,2018-06,2018-02,4,0,True,0.0,master,valid_observed_phase_at_origin,BASE,calibration,1,-1,unassigned_nearest_donor_beyond_100km,pooled_unassigned_area,0,0.24,0,0.24
2661,2018-06,2018-02,4,0,True,0.0,master,valid_observed_phase_at_origin,BASE,calibration,1,-1,unassigned_nearest_donor_beyond_100km,pooled_unassigned_area,0,0.23,0,0.23
2662,2018-06,2018-02,4,0,True,0.0,master,valid_observed_phase_at_origin,BASE,calibration,1,-1,unassigned_nearest_donor_beyond_100km,pooled_unassigned_area,0,0.15,0,0.15
2663,2018-06,2018-02,4,0,True,0.0,master,valid_observed_phase_at_origin,BASE,calibration,1,-1,unassigned_nearest_donor_beyond_100km,pooled_unassigned_area,0,0.21,0,0.21
2664,2018-06,2018-02,4,0,True,0.0,master,valid_observed_phase_at_origin,BASE,calibration,1,-1,unassigned_nearest_donor_beyond_100km,pooled_unassigned_area,0,0.28,0,0.28
2665,2018-06,2018-02,4,0,True,0.0,master,valid_observed_phase_at_origin,BASE,calibration,1,-1,unassigned_nearest_donor_beyond_100km,pooled_unassigned_area,0,0.2,0,0.2
2666,2018-06,2018-02,4,0,True,0.0,master,valid_observed_phase_at_origin,BASE,calibration,1,-1,unassigned_nearest_donor_beyond_100km,pooled_unassigned_area,0,0.26,0,0.26
2667,2018-06,2018-02,4,0,True,0.0,master,valid_observed_phase_at_origin,BASE,calibration,1,-1,unassigned_nearest_donor_beyond_100km,pooled_unassigned_area,0,0.07,0,0.07
2668,2018-06,2018-02,4,0,True,0.0,master,valid_observed_phase_at_origin,BASE,calibration,1,-1,unassigned_nearest_donor_beyond_100km,pooled_unassigned_area,0,0.1,0,0.1
2669,2018-06,2018-02,4,0,True,0.0,master,valid_observed_phase_at_origin,BASE,calibration,1,-1,unassigned_nearest_donor_beyond_100km,pooled_unassigned_area,0,0.1,0,0.1
2670,2018-06,2018-02,4,0,True,0.0,master,valid_observed_phase_at_origin,BASE,calibration,1,-1,unassigned_nearest_donor_beyond_100km,pooled_unassigned_area,0,0.11,0,0.11
2671,2018-06,2018-02,4,0,True,0.0,master,valid_observed_phase_at_origin,BASE,calibration,1,-1,unassigned_nearest_donor_beyond_100km,pooled_unassigned_area,0,0.09,0,0.09
2672,2018-06,2018-02,4,0,True,0.0,master,valid_observed_phase_at_origin,BASE,calibration,1,-1,unassigned_nearest_donor_beyond_100km,pooled_unassigned_area,0,0.09,0,0.09
2673,2018-06,2018-02,4,0,True,0.0,master,valid_observed_phase_at_origin,BASE,calibration,1,-1,unassigned_nearest_donor_beyond_100km,pooled_unassigned_area,0,0.11,0,0.11
2674,2018-06,2018-02,4,0,True,0.0,master,valid_observed_phase_at_origin,BASE,calibration,1,-1,unassigned_nearest_donor_beyond_100km,pooled_unassigned_area,0,0.14,0,0.14
2675,2018-06,2018-02,4,0,True,0.0,master,valid_observed_phase_at_origin,BASE,calibration,1,-1,unassigned_nearest_donor_beyond_100km,pooled_unassigned_area,0,0.11,0,0.11
2676,2018-06,2018-02,4,0,True,0.0,master,valid_observed_phase_at_origin,BASE,calibration,1,-1,unassigned_nearest_donor_beyond_100km,pooled_unassigned_area,0,0.12,0,0.12
2677,2018-06,2018-02,4,0,True,0.0,master,valid_observed_phase_at_origin,BASE,calibration,1,-1,unassigned_nearest_donor_beyond_100km,pooled_unassigned_area,0,0.07,0,0.07
2678,2018-06,2018-02,4,0,True,0.0,master,valid_observed_phase_at_origin,BASE,calibration,1,-1,unassigned_nearest_donor_beyond_100km,pooled_unassigned_area,0,0.13,0,0.13
2679,2018-06,2018-02,4,0,True,0.0,master,valid_observed_phase_at_origin,BASE,calibration,1,15,spectral_core,local_partition_rf,0,0.0,0,0.02
2680,2018-06,2018-02,4,0,True,0.0,master,valid_observed_phase_at_origin,BASE,calibration,1,15,spectral_core,local_partition_rf,0,0.0,0,0.03
2681,2018-06,2018-02,4,0,True,0.0,master,valid_observed_phase_at_origin,BASE,calibration,1,15,spectral_core,local_partition_rf,0,0.0,0,0.02
2682,2018-06,2018-02,4,0,True,0.0,master,valid_observed_phase_at_origin,BASE,calibration,1,15,spectral_core,local_partition_rf,0,0.0,0,0.02
2683,2018-06,2018-02,4,0,True,0.0,master,valid_observed_phase_at_origin,BASE,calibration,1,15,spectral_core,local_partition_rf,0,0.0,0,0.02
2684,2018-06,2018-02,4,0,True,0.0,master,valid_observed_phase_at_origin,BASE,calibration,1,15,spectral_core,local_partition_rf,0,0.0,0,0.01
2685,2018-06,2018-02,4,0,True,0.0,master,valid_observed_phase_at_origin,BASE,calibration,1,15,spectral_core,local_partition_rf,0,0.04,0,0.13
2686,2018-06,2018-02,4,0,True,0.0,master,valid_observed_phase_at_origin,BASE,calibration,1,15,spectral_core,local_partition_rf,0,0.0,0,0.09
2687,2018-06,2018-02,4,0,True,0.0,master,valid_observed_phase_at_origin,BASE,calibration,1,15,spectral_core,local_partition_rf,0,0.04,0,0.12
2688,2018-06,2018-02,4,0,True,0.0,master,valid_observed_phase_at_origin,BASE,calibration,1,15,spectral_core,local_partition_rf,0,0.0,0,0.1
2689,2018-06,2018-02,4,0,True,0.0,master,valid_observed_phase_at_origin,BASE,calibration,1,15,spectral_core,local_partition_rf,0,0.0,0,0.0
2690,2018-06,2018-02,4,0,True,0.0,master,valid_observed_phase_at_origin,BASE,calibration,1,15,spectral_core,local_partition_rf,0,0.0,0,0.01
2691,2018-06,2018-02,4,0,True,0.0,master,valid_observed_phase_at_origin,BASE,calibration,1,15,spectral_core,local_partition_rf,0,0.0,0,0.0
2692,2018-06,2018-02,4,0,True,0.0,master,valid_observed_phase_at_origin,BASE,calibration,1,15,spectral_core,local_partition_rf,0,0.0,0,0.02
2693,2018-06,2018-02,4,0,True,0.0,master,valid_observed_phase_at_origin,BASE,calibration,1,15,spectral_core,local_partition_rf,0,0.0,0,0.01
2694,2018-06,2018-02,4,0,True,0.0,master,valid_observed_phase_at_origin,BASE,calibration,1,15,spectral_core,local_partition_rf,0,0.0,0,0.06
2695,2018-06,2018-02,4,0,True,0.0,master,valid_observed_phase_at_origin,BASE,calibration,1,15,spectral_core,local_partition_rf,0,0.0,0,0.0
2696,2018-06,2018-02,4,0,True,0.0,master,valid_observed_phase_at_origin,BASE,calibration,1,15,spectral_core,local_partition_rf,0,0.04,0,0.07
2697,2018-06,2018-02,4,0,True,0.0,master,valid_observed_phase_at_origin,BASE,calibration,1,15,spectral_core,local_partition_rf,0,0.0,0,0.01
2698,2018-06,2018-02,4,0,True,0.0,master,valid_observed_phase_at_origin,BASE,calibration,1,15,spectral_core,local_partition_rf,0,0.0,0,0.01
2699,2018-06,2018-02,4,0,True,0.0,master,valid_observed_phase_at_origin,BASE,calibration,1,15,spectral_core,local_partition_rf,0,0.0,0,0.13
2700,2018-06,2018-02,4,0,True,0.0,master,valid_observed_phase_at_origin,BASE,calibration,1,15,spectral_core,local_partition_rf,0,0.0,0,0.01
2701,2018-06,2018-02,4,0,True,0.0,master,valid_observed_phase_at_origin,BASE,calibration,1,15,spectral_core,local_partition_rf,0,0.0,0,0.02
2702,2018-06,2018-02,4,0,True,0.0,master,valid_observed_phase_at_origin,BASE,calibration,1,15,spectral_core,local_partition_rf,0,0.0,0,0.05
2703,2018-06,2018-02,4,0,True,0.0,master,valid_observed_phase_at_origin,BASE,calibration,1,15,spectral_core,local_partition_rf,0,0.0,0,0.04
2704,2018-06,2018-02,4,0,True,0.0,master,valid_observed_phase_at_origin,BASE,calibration,1,15,spectral_core,local_partition_rf,0,0.0,0,0.0
2705,2018-06,2018-02,4,0,True,0.0,master,valid_observed_phase_at_origin,BASE,calibration,1,15,spectral_core,local_partition_rf,0,0.0,0,0.01
2706,2018-06,2018-02,4,0,True,0.0,master,valid_observed_phase_at_origin,BASE,calibration,1,15,spectral_core,local_partition_rf,0,0.0,0,0.02
2707,2018-06,2018-02,4,0,True,0.0,master,valid_observed_phase_at_origin,BASE,calibration,1,15,spectral_core,local_partition_rf,0,0.0,0,0.0
2708,2018-06,2018-02,4,0,True,0.0,master,valid_observed_phase_at_origin,BASE,calibration,1,15,spectral_core,local_partition_rf,0,0.0,0,0.01
2709,2018-06,2018-02,4,0,True,0.0,master,valid_observed_phase_at_origin,BASE,calibration,1,15,spectral_core,local_partition_rf,0,0.0,0,0.01
2710,2018-06,2018-02,4,0,True,0.0,master,valid_observed_phase_at_origin,BASE,calibration,1,15,spectral_core,local_partition_rf,0,0.0,0,0.06
2711,2018-06,2018-02,4,0,True,0.0,master,valid_observed_phase_at_origin,BASE,calibration,1,15,spectral_core,local_partition_rf,0,0.0,0,0.01
2712,2018-06,2018-02,4,0,True,0.0,master,valid_observed_phase_at_origin,BASE,calibration,1,15,spectral_core,local_partition_rf,0,0.0,0,0.05
2713,2018-06,2018-02,4,0,True,0.0,master,valid_observed_phase_at_origin,BASE,calibration,1,15,spectral_core,local_partition_rf,0,0.0,0,0.01
2714,2018-06,2018-02,4,0,True,0.0,master,valid_observed_phase_at_origin,BASE,calibration,1,15,spectral_core,local_partition_rf,0,0.0,0,0.01
2715,2018-06,2018-02,4,0,True,0.0,master,valid_observed_phase_at_origin,BASE,calibration,1,15,spectral_core,local_partition_rf,0,0.01,0,0.03
2716,2018-06,2018-02,4,0,True,0.0,master,valid_observed_phase_at_origin,BASE,calibration,1,15,spectral_core,local_partition_rf,0,0.0,0,0.06
2717,2018-06,2018-02,4,0,True,0.0,master,valid_observed_phase_at_origin,BASE,calibration,1,15,spectral_core,local_partition_rf,0,0.0,0,0.02
2718,2018-06,2018-02,4,0,True,0.0,master,valid_observed_phase_at_origin,BASE,calibration,1,15,spectral_core,local_partition_rf,0,0.0,0,0.04
2719,2018-06,2018-02,4,0,True,0.0,master,valid_observed_phase_at_origin,BASE,calibration,1,15,spectral_core,local_partition_rf,0,0.0,0,0.05
2720,2018-06,2018-02,4,0,True,0.0,master,valid_observed_phase_at_origin,BASE,calibration,1,15,spectral_core,local_partition_rf,0,0.0,0,0.06
2721,2018-06,2018-02,4,0,True,0.0,master,valid_observed_phase_at_origin,BASE,calibration,1,15,spectral_core,local_partition_rf,0,0.0,0,0.01
2722,2018-06,2018-02,4,0,True,0.0,master,valid_observed_phase_at_origin,BASE,calibration,1,15,spectral_core,local_partition_rf,0,0.0,0,0.0
2723,2018-06,2018-02,4,0,True,0.0,master,valid_observed_phase_at_origin,BASE,calibration,1,15,spectral_core,local_partition_rf,0,0.0,0,0.03
2724,2018-06,2018-02,4,0,True,0.0,master,valid_observed_phase_at_origin,BASE,calibration,1,15,spectral_core,local_partition_rf,0,0.0,0,0.0
2725,2018-06,2018-02,4,0,True,0.0,master,valid_observed_phase_at_origin,BASE,calibration,1,15,spectral_core,local_partition_rf,0,0.0,0,0.03
2726,2018-06,2018-02,4,0,True,0.0,master,valid_observed_phase_at_origin,BASE,calibration,1,15,spectral_core,local_partition_rf,0,0.0,0,0.02
2727,2018-06,2018-02,4,0,True,0.0,master,valid_observed_phase_at_origin,BASE,calibration,1,15,spectral_core,local_partition_rf,0,0.0,0,0.01
2728,2018-06,2018-02,4,0,True,0.0,master,valid_observed_phase_at_origin,BASE,calibration,1,15,spectral_core,local_partition_rf,0,0.0,0,0.01
2729,2018-06,2018-02,4,0,True,0.0,master,valid_observed_phase_at_origin,BASE,calibration,1,15,spectral_core,local_partition_rf,0,0.0,0,0.02
2730,2018-06,2018-02,4,0,True,0.0,master,valid_observed_phase_at_origin,BASE,calibration,1,15,spectral_core,local_partition_rf,0,0.0,0,0.02
2731,2018-06,2018-02,4,0,True,0.0,master,valid_observed_phase_at_origin,BASE,calibration,1,15,spectral_core,local_partition_rf,0,0.0,0,0.06
2732,2018-06,2018-02,4,0,True,0.0,master,valid_observed_phase_at_origin,BASE,calibration,1,15,spectral_core,local_partition_rf,0,0.0,0,0.0
2733,2018-06,2018-02,4,0,True,0.0,master,valid_observed_phase_at_origin,BASE,calibration,1,15,spectral_core,local_partition_rf,0,0.0,0,0.07
2734,2018-06,2018-02,4,0,True,0.0,master,valid_observed_phase_at_origin,BASE,calibration,1,15,spectral_core,local_partition_rf,0,0.0,0,0.01
2735,2018-06,2018-02,4,0,True,0.0,master,valid_observed_phase_at_origin,BASE,calibration,1,15,spectral_core,local_partition_rf,0,0.0,0,0.05
2736,2018-06,2018-02,4,0,True,0.0,master,valid_observed_phase_at_origin,BASE,calibration,1,15,spectral_core,local_partition_rf,0,0.0,0,0.02
2737,2018-06,2018-02,4,0,True,0.0,master,valid_observed_phase_at_origin,BASE,calibration,1,15,spectral_core,local_partition_rf,0,0.0,0,0.03
2738,2018-06,2018-02,4,0,True,0.0,master,valid_observed_phase_at_origin,BASE,calibration,1,15,spectral_core,local_partition_rf,0,0.0,0,0.02
2739,2018-06,2018-02,4,0,True,0.0,master,valid_observed_phase_at_origin,BASE,calibration,1,15,spectral_core,local_partition_rf,0,0.0,0,0.01
2740,2018-06,2018-02,4,0,True,0.0,master,valid_observed_phase_at_origin,BASE,calibration,1,15,spectral_core,local_partition_rf,0,0.0,0,0.09
2741,2018-06,2018-02,4,0,True,0.0,master,valid_observed_phase_at_origin,BASE,calibration,1,15,spectral_core,local_partition_rf,0,0.0,0,0.11
2742,2018-06,2018-02,4,0,True,0.0,master,valid_observed_phase_at_origin,BASE,calibration,1,15,spectral_core,local_partition_rf,0,0.0,0,0.05
2743,2018-06,2018-02,4,0,True,0.0,master,valid_observed_phase_at_origin,BASE,calibration,1,15,spectral_core,local_partition_rf,0,0.0,0,0.04
2744,2018-06,2018-02,4,0,True,0.0,master,valid_observed_phase_at_origin,BASE,calibration,1,3,spectral_core,local_partition_rf,0,0.23,0,0.25
2745,2018-06,2018-02,4,0,True,0.0,master,valid_observed_phase_at_origin,BASE,calibration,1,15,spectral_core,local_partition_rf,0,0.2,0,0.2
2746,2018-06,2018-02,4,0,True,0.0,master,valid_observed_phase_at_origin,BASE,calibration,1,15,spectral_core,local_partition_rf,0,0.06,0,0.12
2747,2018-06,2018-02,4,0,True,0.0,master,valid_observed_phase_at_origin,BASE,calibration,1,15,spectral_core,local_partition_rf,0,0.17,0,0.3
2748,2018-06,2018-02,4,0,True,0.0,master,valid_observed_phase_at_origin,BASE,calibration,1,3,spectral_core,local_partition_rf,0,0.2,0,0.15
2749,2018-06,2018-02,4,0,True,0.0,master,valid_observed_phase_at_origin,BASE,calibration,1,16,spectral_core,local_partition_rf,0,0.19,0,0.19
2750,2018-06,2018-02,4,0,True,0.0,master,valid_observed_phase_at_origin,BASE,calibration,1,16,spectral_core,local_partition_rf,0,0.24,0,0.06
2751,2018-06,2018-02,4,0,True,0.0,master,valid_observed_phase_at_origin,BASE,calibration,1,16,spectral_core,local_partition_rf,0,0.1,0,0.14
2752,2018-06,2018-02,4,0,True,0.0,master,valid_observed_phase_at_origin,BASE,calibration,1,15,spectral_core,local_partition_rf,0,0.04,0,0.04
2753,2018-06,2018-02,4,0,True,0.0,master,valid_observed_phase_at_origin,BASE,calibration,1,15,spectral_core,local_partition_rf,0,0.03,0,0.0
2754,2018-06,2018-02,4,0,True,0.0,master,valid_observed_phase_at_origin,BASE,calibration,1,16,spectral_core,local_partition_rf,0,0.14,0,0.13
2755,2018-06,2018-02,4,0,True,0.0,master,valid_observed_phase_at_origin,BASE,calibration,1,3,spectral_core,local_partition_rf,0,0.17,0,0.06
2756,2018-06,2018-02,4,0,True,0.0,master,valid_observed_phase_at_origin,BASE,calibration,1,16,spectral_core,local_partition_rf,0,0.17,0,0.23
2757,2018-06,2018-02,4,0,True,0.0,master,valid_observed_phase_at_origin,BASE,calibration,1,16,spectral_core,local_partition_rf,0,0.24,0,0.15
2758,2018-06,2018-02,4,0,True,0.0,master,valid_observed_phase_at_origin,BASE,calibration,1,16,spectral_core,local_partition_rf,0,0.26,0,0.13
2759,2018-06,2018-02,4,0,True,0.0,master,valid_observed_phase_at_origin,BASE,calibration,1,16,spectral_core,local_partition_rf,0,0.04,0,0.03
2760,2018-06,2018-02,4,0,True,0.0,master,valid_observed_phase_at_origin,BASE,calibration,1,16,spectral_core,local_partition_rf,0,0.09,0,0.03
2761,2018-06,2018-02,4,0,True,0.0,master,valid_observed_phase_at_origin,BASE,calibration,1,16,spectral_core,local_partition_rf,0,0.18,0,0.12
2762,2018-06,2018-02,4,0,True,0.0,master,valid_observed_phase_at_origin,BASE,calibration,1,16,spectral_core,local_partition_rf,0,0.06,0,0.12
2763,2018-06,2018-02,4,0,True,0.0,master,valid_observed_phase_at_origin,BASE,calibration,1,16,spectral_core,local_partition_rf,0,0.03,0,0.02
2764,2018-06,2018-02,4,0,True,0.0,master,valid_observed_phase_at_origin,BASE,calibration,1,16,spectral_core,local_partition_rf,0,0.12,0,0.15
2765,2018-06,2018-02,4,0,True,0.0,master,valid_observed_phase_at_origin,BASE,calibration,1,16,spectral_core,local_partition_rf,0,0.07,0,0.15
2766,2018-06,2018-02,4,0,True,0.0,master,valid_observed_phase_at_origin,BASE,calibration,1,16,spectral_core,local_partition_rf,0,0.05,0,0.11
2767,2018-06,2018-02,4,0,True,0.0,master,valid_observed_phase_at_origin,BASE,calibration,1,16,spectral_core,local_partition_rf,0,0.24,0,0.16
2768,2018-06,2018-02,4,0,True,0.0,master,valid_observed_phase_at_origin,BASE,calibration,1,16,spectral_core,local_partition_rf,0,0.07,0,0.07
2769,2018-06,2018-02,4,0,True,0.0,master,valid_observed_phase_at_origin,BASE,calibration,1,16,spectral_core,local_partition_rf,0,0.16,0,0.14
2770,2018-06,2018-02,4,0,True,0.0,master,valid_observed_phase_at_origin,BASE,calibration,1,16,spectral_core,local_partition_rf,0,0.31,0,0.2
2771,2018-06,2018-02,4,0,True,0.0,master,valid_observed_phase_at_origin,BASE,calibration,1,16,spectral_core,local_partition_rf,0,0.05,0,0.02
2772,2018-06,2018-02,4,0,True,0.0,master,valid_observed_phase_at_origin,BASE,calibration,1,3,spectral_core,local_partition_rf,0,0.1,0,0.03
2773,2018-06,2018-02,4,0,True,0.0,master,valid_observed_phase_at_origin,BASE,calibration,1,15,spectral_core,local_partition_rf,0,0.05,0,0.04
2774,2018-06,2018-02,4,0,True,0.0,master,valid_observed_phase_at_origin,BASE,calibration,1,16,spectral_core,local_partition_rf,0,0.06,0,0.07
2775,2018-06,2018-02,4,0,True,0.0,master,valid_observed_phase_at_origin,BASE,calibration,1,16,spectral_core,local_partition_rf,0,0.08,0,0.07
2776,2018-06,2018-02,4,0,True,0.0,master,valid_observed_phase_at_origin,BASE,calibration,1,16,spectral_core,local_partition_rf,0,0.1,0,0.08
2777,2018-06,2018-02,4,0,True,0.0,master,valid_observed_phase_at_origin,BASE,calibration,1,16,spectral_core,local_partition_rf,0,0.04,0,0.02
2778,2018-06,2018-02,4,0,True,0.0,master,valid_observed_phase_at_origin,BASE,calibration,1,16,spectral_core,local_partition_rf,0,0.29,0,0.21
2779,2018-06,2018-02,4,0,True,0.0,master,valid_observed_phase_at_origin,BASE,calibration,1,16,spectral_core,local_partition_rf,0,0.08,0,0.06
2780,2018-06,2018-02,4,0,True,0.0,master,valid_observed_phase_at_origin,BASE,calibration,1,16,spectral_core,local_partition_rf,0,0.14,0,0.11
2781,2018-06,2018-02,4,0,True,0.0,master,valid_observed_phase_at_origin,BASE,calibration,1,16,spectral_core,local_partition_rf,0,0.07,0,0.07
2782,2018-06,2018-02,4,0,True,0.0,master,valid_observed_phase_at_origin,BASE,calibration,1,16,spectral_core,local_partition_rf,0,0.08,0,0.06
2783,2018-06,2018-02,4,0,True,0.0,master,valid_observed_phase_at_origin,BASE,calibration,1,16,spectral_core,local_partition_rf,0,0.09,0,0.01
2784,2018-06,2018-02,4,0,True,0.0,master,valid_observed_phase_at_origin,BASE,calibration,1,16,spectral_core,local_partition_rf,0,0.06,0,0.14
2785,2018-06,2018-02,4,0,True,0.0,master,valid_observed_phase_at_origin,BASE,calibration,1,16,spectral_core,local_partition_rf,0,0.16,0,0.12
2787,2018-06,2018-02,4,0,True,0.0,master,valid_observed_phase_at_origin,BASE,calibration,1,16,spectral_core,local_partition_rf,0,0.06,0,0.06
2788,2018-06,2018-02,4,0,True,0.0,master,valid_observed_phase_at_origin,BASE,calibration,1,16,spectral_core,local_partition_rf,0,0.07,0,0.02
2789,2018-06,2018-02,4,0,True,0.0,master,valid_observed_phase_at_origin,BASE,calibration,1,16,spectral_core,local_partition_rf,0,0.16,0,0.23
2790,2018-06,2018-02,4,0,True,1.0,master,valid_observed_phase_at_origin,BASE,calibration,1,3,spectral_core,local_partition_rf,1,0.57,1,0.52
2791,2018-06,2018-02,4,0,True,1.0,master,valid_observed_phase_at_origin,BASE,calibration,1,3,spectral_core,local_partition_rf,1,0.56,1,0.54
2792,2018-06,2018-02,4,0,True,0.0,master,valid_observed_phase_at_origin,BASE,calibration,1,16,spectral_core,local_partition_rf,0,0.22,0,0.31
2793,2018-06,2018-02,4,0,True,1.0,master,valid_observed_phase_at_origin,BASE,calibration,1,3,spectral_core,local_partition_rf,1,0.53,1,0.52
2794,2018-06,2018-02,4,0,True,1.0,master,valid_observed_phase_at_origin,BASE,calibration,1,3,spectral_core,local_partition_rf,1,0.55,1,0.52
2795,2018-06,2018-02,4,0,True,1.0,master,valid_observed_phase_at_origin,BASE,calibration,1,3,spectral_core,local_partition_rf,1,0.54,1,0.55
2796,2018-06,2018-02,4,0,True,0.0,master,valid_observed_phase_at_origin,BASE,calibration,1,3,spectral_core,local_partition_rf,1,0.54,0,0.42
2797,2018-06,2018-02,4,0,True,0.0,master,valid_observed_phase_at_origin,BASE,calibration,1,3,spectral_core,local_partition_rf,1,0.56,1,0.55
2798,2018-06,2018-02,4,0,True,1.0,master,valid_observed_phase_at_origin,BASE,calibration,1,3,spectral_core,local_partition_rf,1,0.54,0,0.42
2799,2018-06,2018-02,4,0,True,1.0,master,valid_observed_phase_at_origin,BASE,calibration,1,3,spectral_core,local_partition_rf,0,0.48,0,0.46
2800,2018-06,2018-02,4,0,True,1.0,master,valid_observed_phase_at_origin,BASE,calibration,1,3,spectral_core,local_partition_rf,0,0.41,0,0.43
2801,2018-06,2018-02,4,0,True,0.0,master,valid_observed_phase_at_origin,BASE,calibration,1,3,spectral_core,local_partition_rf,1,0.55,0,0.43
2802,2018-06,2018-02,4,0,True,1.0,master,valid_observed_phase_at_origin,BASE,calibration,1,3,spectral_core,local_partition_rf,1,0.51,0,0.46
2803,2018-06,2018-02,4,0,True,0.0,master,valid_observed_phase_at_origin,BASE,calibration,1,3,spectral_core,local_partition_rf,0,0.49,0,0.48
2804,2018-06,2018-02,4,0,True,1.0,master,valid_observed_phase_at_origin,BASE,calibration,1,3,spectral_core,local_partition_rf,0,0.34,0,0.29
2805,2018-06,2018-02,4,0,True,0.0,master,valid_observed_phase_at_origin,BASE,calibration,1,16,spectral_core,local_partition_rf,0,0.13,0,0.2
2806,2018-06,2018-02,4,0,True,1.0,master,valid_observed_phase_at_origin,BASE,calibration,1,3,spectral_core,local_partition_rf,0,0.49,0,0.45
2807,2018-06,2018-02,4,0,True,1.0,master,valid_observed_phase_at_origin,BASE,calibration,1,3,spectral_core,local_partition_rf,0,0.5,0,0.5
2808,2018-06,2018-02,4,0,True,1.0,master,valid_observed_phase_at_origin,BASE,calibration,1,3,spectral_core,local_partition_rf,1,0.54,0,0.46
2809,2018-06,2018-02,4,0,True,0.0,master,valid_observed_phase_at_origin,BASE,calibration,1,3,spectral_core,local_partition_rf,1,0.51,1,0.51
2810,2018-06,2018-02,4,0,True,0.0,master,valid_observed_phase_at_origin,BASE,calibration,1,16,spectral_core,local_partition_rf,0,0.17,0,0.21
2811,2018-06,2018-02,4,0,True,0.0,master,valid_observed_phase_at_origin,BASE,calibration,1,15,spectral_core,local_partition_rf,0,0.46,0,0.43
2812,2018-06,2018-02,4,0,True,1.0,master,valid_observed_phase_at_origin,BASE,calibration,1,3,spectral_core,local_partition_rf,0,0.34,0,0.29
2813,2018-06,2018-02,4,0,True,0.0,master,valid_observed_phase_at_origin,BASE,calibration,1,3,spectral_core,local_partition_rf,0,0.35,0,0.36
2814,2018-06,2018-02,4,0,True,0.0,master,valid_observed_phase_at_origin,BASE,calibration,1,3,spectral_core,local_partition_rf,1,0.52,0,0.41
2815,2018-06,2018-02,4,0,True,1.0,master,valid_observed_phase_at_origin,BASE,calibration,1,3,spectral_core,local_partition_rf,1,0.51,0,0.49
2816,2018-06,2018-02,4,0,True,1.0,master,valid_observed_phase_at_origin,BASE,calibration,1,3,spectral_core,local_partition_rf,1,0.55,1,0.54
2817,2018-06,2018-02,4,0,True,1.0,master,valid_observed_phase_at_origin,BASE,calibration,1,3,spectral_core,local_partition_rf,0,0.45,1,0.55
2818,2018-06,2018-02,4,0,True,1.0,master,valid_observed_phase_at_origin,BASE,calibration,1,3,spectral_core,local_partition_rf,1,0.58,0,0.49
2819,2018-06,2018-02,4,0,True,1.0,master,valid_observed_phase_at_origin,BASE,calibration,1,3,spectral_core,local_partition_rf,1,0.54,0,0.48
2820,2018-06,2018-02,4,0,True,1.0,master,valid_observed_phase_at_origin,BASE,calibration,1,3,spectral_core,local_partition_rf,0,0.38,0,0.33
2821,2018-06,2018-02,4,0,True,1.0,master,valid_observed_phase_at_origin,BASE,calibration,1,3,spectral_core,local_partition_rf,1,0.58,0,0.48
2822,2018-06,2018-02,4,0,True,0.0,master,valid_observed_phase_at_origin,BASE,calibration,1,16,spectral_core,local_partition_rf,0,0.29,0,0.45
2823,2018-06,2018-02,4,0,True,0.0,master,valid_observed_phase_at_origin,BASE,calibration,1,16,spectral_core,local_partition_rf,0,0.47,0,0.38
2824,2018-06,2018-02,4,0,True,0.0,master,valid_observed_phase_at_origin,BASE,calibration,1,16,spectral_core,local_partition_rf,0,0.34,0,0.36
2825,2018-06,2018-02,4,0,True,0.0,master,valid_observed_phase_at_origin,BASE,calibration,1,16,spectral_core,local_partition_rf,0,0.23,0,0.25
2826,2018-06,2018-02,4,0,True,1.0,master,valid_observed_phase_at_origin,BASE,calibration,1,3,spectral_core,local_partition_rf,1,0.56,0,0.41
2827,2018-06,2018-02,4,0,True,0.0,master,valid_observed_phase_at_origin,BASE,calibration,1,16,spectral_core,local_partition_rf,0,0.21,0,0.16
2828,2018-06,2018-02,4,0,True,0.0,master,valid_observed_phase_at_origin,BASE,calibration,1,3,spectral_core,local_partition_rf,0,0.49,1,0.53
2829,2018-06,2018-02,4,0,True,1.0,master,valid_observed_phase_at_origin,BASE,calibration,1,2,spectral_core,local_partition_rf,0,0.34,0,0.49
2830,2018-06,2018-02,4,0,True,1.0,master,valid_observed_phase_at_origin,BASE,calibration,1,3,spectral_core,local_partition_rf,0,0.36,0,0.39
2831,2018-06,2018-02,4,0,True,1.0,master,valid_observed_phase_at_origin,BASE,calibration,1,2,spectral_core,local_partition_rf,0,0.11,0,0.3
2832,2018-06,2018-02,4,0,True,1.0,master,valid_observed_phase_at_origin,BASE,calibration,1,2,spectral_core,local_partition_rf,0,0.13,0,0.34
2833,2018-06,2018-02,4,0,True,1.0,master,valid_observed_phase_at_origin,BASE,calibration,1,2,spectral_core,local_partition_rf,0,0.4,1,0.51
2834,2018-06,2018-02,4,0,True,1.0,master,valid_observed_phase_at_origin,BASE,calibration,1,3,spectral_core,local_partition_rf,0,0.47,1,0.53
2835,2018-06,2018-02,4,0,True,1.0,master,valid_observed_phase_at_origin,BASE,calibration,1,2,spectral_core,local_partition_rf,0,0.43,0,0.45
2836,2018-06,2018-02,4,0,True,0.0,master,valid_observed_phase_at_origin,BASE,calibration,1,3,spectral_core,local_partition_rf,0,0.5,0,0.5
2837,2018-06,2018-02,4,0,True,0.0,master,valid_observed_phase_at_origin,BASE,calibration,1,2,spectral_core,local_partition_rf,0,0.39,0,0.42
2838,2018-06,2018-02,4,0,True,0.0,master,valid_observed_phase_at_origin,BASE,calibration,1,2,spectral_core,local_partition_rf,0,0.09,0,0.2
2839,2018-06,2018-02,4,0,True,0.0,master,valid_observed_phase_at_origin,BASE,calibration,1,2,spectral_core,local_partition_rf,0,0.04,0,0.01
2840,2018-06,2018-02,4,0,True,0.0,master,valid_observed_phase_at_origin,BASE,calibration,1,2,spectral_core,local_partition_rf,0,0.02,0,0.03
2841,2018-06,2018-02,4,0,True,0.0,master,valid_observed_phase_at_origin,BASE,calibration,1,2,spectral_core,local_partition_rf,0,0.05,0,0.11
2842,2018-06,2018-02,4,0,True,0.0,master,valid_observed_phase_at_origin,BASE,calibration,1,2,spectral_core,local_partition_rf,0,0.05,0,0.12
2843,2018-06,2018-02,4,0,True,0.0,master,valid_observed_phase_at_origin,BASE,calibration,1,2,spectral_core,local_partition_rf,0,0.02,0,0.03
2844,2018-06,2018-02,4,0,True,0.0,master,valid_observed_phase_at_origin,BASE,calibration,1,2,spectral_core,local_partition_rf,0,0.0,0,0.02
2845,2018-06,2018-02,4,0,True,0.0,master,valid_observed_phase_at_origin,BASE,calibration,1,2,spectral_core,local_partition_rf,0,0.02,0,0.02
2846,2018-06,2018-02,4,0,True,0.0,master,valid_observed_phase_at_origin,BASE,calibration,1,2,spectral_core,local_partition_rf,0,0.0,0,0.09
2847,2018-06,2018-02,4,0,True,0.0,master,valid_observed_phase_at_origin,BASE,calibration,1,2,spectral_core,local_partition_rf,0,0.01,0,0.1
2848,2018-06,2018-02,4,0,True,0.0,master,valid_observed_phase_at_origin,BASE,calibration,1,2,spectral_core,local_partition_rf,0,0.02,0,0.08
2849,2018-06,2018-02,4,0,True,0.0,master,valid_observed_phase_at_origin,BASE,calibration,1,2,spectral_core,local_partition_rf,0,0.03,0,0.08
2850,2018-06,2018-02,4,0,True,0.0,master,valid_observed_phase_at_origin,BASE,calibration,1,2,spectral_core,local_partition_rf,0,0.02,0,0.06
2851,2018-06,2018-02,4,0,True,0.0,master,valid_observed_phase_at_origin,BASE,calibration,1,2,spectral_core,local_partition_rf,0,0.06,0,0.22
2852,2018-06,2018-02,4,0,True,0.0,master,valid_observed_phase_at_origin,BASE,calibration,1,2,spectral_core,local_partition_rf,0,0.04,0,0.11
2853,2018-06,2018-02,4,0,True,0.0,master,valid_observed_phase_at_origin,BASE,calibration,1,2,spectral_core,local_partition_rf,0,0.0,0,0.01
2854,2018-06,2018-02,4,0,True,0.0,master,valid_observed_phase_at_origin,BASE,calibration,1,16,spectral_core,local_partition_rf,0,0.5,1,0.62
2855,2018-06,2018-02,4,0,True,0.0,master,valid_observed_phase_at_origin,BASE,calibration,1,3,spectral_core,local_partition_rf,0,0.48,1,0.68
2856,2018-06,2018-02,4,0,True,0.0,master,valid_observed_phase_at_origin,BASE,calibration,1,16,spectral_core,local_partition_rf,1,0.53,1,0.66
2857,2018-06,2018-02,4,0,True,0.0,master,valid_observed_phase_at_origin,BASE,calibration,1,3,spectral_core,local_partition_rf,0,0.5,1,0.62
2858,2018-06,2018-02,4,0,True,0.0,master,valid_observed_phase_at_origin,BASE,calibration,1,16,spectral_core,local_partition_rf,0,0.5,1,0.67
2859,2018-06,2018-02,4,0,True,0.0,master,valid_observed_phase_at_origin,BASE,calibration,1,3,spectral_core,local_partition_rf,0,0.48,1,0.58
2860,2018-06,2018-02,4,0,True,0.0,master,valid_observed_phase_at_origin,BASE,calibration,1,3,spectral_core,local_partition_rf,1,0.52,1,0.61
2861,2018-06,2018-02,4,0,True,0.0,master,valid_observed_phase_at_origin,BASE,calibration,1,16,spectral_core,local_partition_rf,0,0.42,1,0.51
2862,2018-06,2018-02,4,0,True,0.0,master,valid_observed_phase_at_origin,BASE,calibration,1,3,spectral_core,local_partition_rf,0,0.23,0,0.17
2863,2018-06,2018-02,4,0,True,0.0,master,valid_observed_phase_at_origin,BASE,calibration,1,3,spectral_core,local_partition_rf,0,0.14,0,0.13
2864,2018-06,2018-02,4,0,True,0.0,master,valid_observed_phase_at_origin,BASE,calibration,1,3,spectral_core,local_partition_rf,0,0.2,0,0.19
2865,2018-06,2018-02,4,0,True,0.0,master,valid_observed_phase_at_origin,BASE,calibration,1,3,spectral_core,local_partition_rf,0,0.28,0,0.4
2866,2018-06,2018-02,4,0,True,0.0,master,valid_observed_phase_at_origin,BASE,calibration,1,3,spectral_core,local_partition_rf,0,0.26,0,0.27
2867,2018-06,2018-02,4,0,True,0.0,master,valid_observed_phase_at_origin,BASE,calibration,1,3,spectral_core,local_partition_rf,0,0.26,0,0.29
2868,2018-06,2018-02,4,0,True,0.0,master,valid_observed_phase_at_origin,BASE,calibration,1,3,spectral_core,local_partition_rf,0,0.3,0,0.27
2869,2018-06,2018-02,4,0,True,1.0,master,valid_observed_phase_at_origin,BASE,calibration,1,3,spectral_core,local_partition_rf,0,0.28,0,0.29
2870,2018-06,2018-02,4,0,True,0.0,master,valid_observed_phase_at_origin,BASE,calibration,1,3,spectral_core,local_partition_rf,0,0.25,0,0.4
2871,2018-06,2018-02,4,0,True,0.0,master,valid_observed_phase_at_origin,BASE,calibration,1,3,spectral_core,local_partition_rf,0,0.33,0,0.44
2872,2018-06,2018-02,4,0,True,0.0,master,valid_observed_phase_at_origin,BASE,calibration,1,3,spectral_core,local_partition_rf,0,0.26,0,0.35
2873,2018-06,2018-02,4,0,True,0.0,master,valid_observed_phase_at_origin,BASE,calibration,1,3,spectral_core,local_partition_rf,0,0.28,0,0.28
2874,2018-06,2018-02,4,0,True,0.0,master,valid_observed_phase_at_origin,BASE,calibration,1,3,spectral_core,local_partition_rf,0,0.27,0,0.29
2875,2018-06,2018-02,4,0,True,0.0,master,valid_observed_phase_at_origin,BASE,calibration,1,3,spectral_core,local_partition_rf,0,0.3,0,0.33
2876,2018-06,2018-02,4,0,True,0.0,master,valid_observed_phase_at_origin,BASE,calibration,1,3,spectral_core,local_partition_rf,0,0.22,0,0.19
2877,2018-06,2018-02,4,0,True,0.0,master,valid_observed_phase_at_origin,BASE,calibration,1,3,spectral_core,local_partition_rf,0,0.3,0,0.32
2878,2018-06,2018-02,4,0,True,0.0,master,valid_observed_phase_at_origin,BASE,calibration,1,3,spectral_core,local_partition_rf,0,0.29,0,0.38
2879,2018-06,2018-02,4,0,True,0.0,master,valid_observed_phase_at_origin,BASE,calibration,1,3,spectral_core,local_partition_rf,0,0.33,0,0.38
2880,2018-06,2018-02,4,0,True,0.0,master,valid_observed_phase_at_origin,BASE,calibration,1,3,spectral_core,local_partition_rf,0,0.33,0,0.37
2881,2018-06,2018-02,4,0,True,0.0,master,valid_observed_phase_at_origin,BASE,calibration,1,3,spectral_core,local_partition_rf,0,0.24,0,0.19
2882,2018-06,2018-02,4,1,True,1.0,master,valid_observed_phase_at_origin,BASE,calibration,1,3,spectral_core,local_partition_rf,0,0.35,0,0.33
2883,2018-06,2018-02,4,0,True,1.0,master,valid_observed_phase_at_origin,BASE,calibration,1,3,spectral_core,local_partition_rf,0,0.27,0,0.36
2884,2018-06,2018-02,4,0,True,1.0,master,valid_observed_phase_at_origin,BASE,calibration,1,3,spectral_core,local_partition_rf,1,0.55,1,0.56
2885,2018-06,2018-02,4,0,True,1.0,master,valid_observed_phase_at_origin,BASE,calibration,1,3,spectral_core,local_partition_rf,1,0.54,1,0.51
2886,2018-06,2018-02,4,0,True,1.0,master,valid_observed_phase_at_origin,BASE,calibration,1,3,spectral_core,local_partition_rf,0,0.5,1,0.59
2887,2018-06,2018-02,4,0,True,1.0,master,valid_observed_phase_at_origin,BASE,calibration,1,3,spectral_core,local_partition_rf,0,0.49,1,0.58
2888,2018-06,2018-02,4,0,True,1.0,master,valid_observed_phase_at_origin,BASE,calibration,1,3,spectral_core,local_partition_rf,0,0.43,0,0.46
2889,2018-06,2018-02,4,0,True,1.0,master,valid_observed_phase_at_origin,BASE,calibration,1,3,spectral_core,local_partition_rf,1,0.51,1,0.55
2890,2018-06,2018-02,4,0,True,1.0,master,valid_observed_phase_at_origin,BASE,calibration,1,3,spectral_core,local_partition_rf,0,0.43,0,0.47
2891,2018-06,2018-02,4,0,True,1.0,master,valid_observed_phase_at_origin,BASE,calibration,1,3,spectral_core,local_partition_rf,0,0.39,0,0.44
2892,2018-06,2018-02,4,0,True,0.0,master,valid_observed_phase_at_origin,BASE,calibration,1,3,spectral_core,local_partition_rf,0,0.22,0,0.27
2893,2018-06,2018-02,4,0,True,0.0,master,valid_observed_phase_at_origin,BASE,calibration,1,3,spectral_core,local_partition_rf,0,0.31,0,0.37
2894,2018-06,2018-02,4,0,True,0.0,master,valid_observed_phase_at_origin,BASE,calibration,1,3,spectral_core,local_partition_rf,0,0.3,0,0.39
2895,2018-06,2018-02,4,0,True,1.0,master,valid_observed_phase_at_origin,BASE,calibration,1,3,spectral_core,local_partition_rf,0,0.5,1,0.62
2896,2018-06,2018-02,4,0,True,0.0,master,valid_observed_phase_at_origin,BASE,calibration,1,3,spectral_core,local_partition_rf,0,0.49,1,0.53
2897,2018-06,2018-02,4,0,True,1.0,master,valid_observed_phase_at_origin,BASE,calibration,1,16,spectral_core,local_partition_rf,0,0.46,1,0.54
2898,2018-06,2018-02,4,0,True,1.0,master,valid_observed_phase_at_origin,BASE,calibration,1,3,spectral_core,local_partition_rf,0,0.49,0,0.48
2899,2018-06,2018-02,4,0,True,0.0,master,valid_observed_phase_at_origin,BASE,calibration,1,3,spectral_core,local_partition_rf,0,0.34,0,0.34
2900,2018-06,2018-02,4,0,True,0.0,master,valid_observed_phase_at_origin,BASE,calibration,1,3,spectral_core,local_partition_rf,0,0.31,0,0.43
2901,2018-06,2018-02,4,0,True,0.0,master,valid_observed_phase_at_origin,BASE,calibration,1,3,spectral_core,local_partition_rf,0,0.23,0,0.28
2902,2018-06,2018-02,4,0,True,0.0,master,valid_observed_phase_at_origin,BASE,calibration,1,3,spectral_core,local_partition_rf,0,0.27,0,0.29
2903,2018-06,2018-02,4,0,True,0.0,master,valid_observed_phase_at_origin,BASE,calibration,1,3,spectral_core,local_partition_rf,0,0.39,1,0.51
2904,2018-06,2018-02,4,0,True,0.0,master,valid_observed_phase_at_origin,BASE,calibration,1,3,spectral_core,local_partition_rf,0,0.36,0,0.42
2905,2018-06,2018-02,4,0,True,1.0,master,valid_observed_phase_at_origin,BASE,calibration,1,3,spectral_core,local_partition_rf,0,0.4,0,0.46
2906,2018-06,2018-02,4,0,True,1.0,master,valid_observed_phase_at_origin,BASE,calibration,1,16,spectral_core,local_partition_rf,0,0.38,0,0.44
2907,2018-06,2018-02,4,0,True,1.0,master,valid_observed_phase_at_origin,BASE,calibration,1,3,spectral_core,local_partition_rf,1,0.51,1,0.58
2908,2018-06,2018-02,4,0,True,1.0,master,valid_observed_phase_at_origin,BASE,calibration,1,3,spectral_core,local_partition_rf,0,0.5,0,0.48
2909,2018-06,2018-02,4,0,True,1.0,master,valid_observed_phase_at_origin,BASE,calibration,1,16,spectral_core,local_partition_rf,0,0.48,0,0.49
2910,2018-06,2018-02,4,0,True,1.0,master,valid_observed_phase_at_origin,BASE,calibration,1,3,spectral_core,local_partition_rf,0,0.26,0,0.25
2911,2018-06,2018-02,4,0,True,0.0,master,valid_observed_phase_at_origin,BASE,calibration,1,3,spectral_core,local_partition_rf,0,0.21,0,0.27
2912,2018-06,2018-02,4,0,True,1.0,master,valid_observed_phase_at_origin,BASE,calibration,1,3,spectral_core,local_partition_rf,0,0.4,0,0.44
2913,2018-06,2018-02,4,0,True,1.0,master,valid_observed_phase_at_origin,BASE,calibration,1,3,spectral_core,local_partition_rf,1,0.51,1,0.54
2914,2018-06,2018-02,4,0,True,0.0,master,valid_observed_phase_at_origin,BASE,calibration,1,3,spectral_core,local_partition_rf,1,0.53,1,0.51
2915,2018-06,2018-02,4,0,True,0.0,master,valid_observed_phase_at_origin,BASE,calibration,1,3,spectral_core,local_partition_rf,0,0.47,1,0.67
2916,2018-06,2018-02,4,0,True,0.0,master,valid_observed_phase_at_origin,BASE,calibration,1,3,spectral_core,local_partition_rf,0,0.33,0,0.44
2917,2018-06,2018-02,4,0,True,0.0,master,valid_observed_phase_at_origin,BASE,calibration,1,3,spectral_core,local_partition_rf,0,0.21,0,0.25
2918,2018-06,2018-02,4,0,True,0.0,master,valid_observed_phase_at_origin,BASE,calibration,1,16,spectral_core,local_partition_rf,0,0.39,0,0.47
2919,2018-06,2018-02,4,0,True,0.0,master,valid_observed_phase_at_origin,BASE,calibration,1,3,spectral_core,local_partition_rf,0,0.3,0,0.44
2920,2018-06,2018-02,4,0,True,1.0,master,valid_observed_phase_at_origin,BASE,calibration,1,3,spectral_core,local_partition_rf,0,0.35,0,0.44
2921,2018-06,2018-02,4,0,True,1.0,master,valid_observed_phase_at_origin,BASE,calibration,1,3,spectral_core,local_partition_rf,0,0.45,1,0.55
2922,2018-06,2018-02,4,0,True,1.0,master,valid_observed_phase_at_origin,BASE,calibration,1,3,spectral_core,local_partition_rf,1,0.53,0,0.46
2923,2018-06,2018-02,4,0,True,1.0,master,valid_observed_phase_at_origin,BASE,calibration,1,3,spectral_core,local_partition_rf,0,0.24,0,0.27
2924,2018-06,2018-02,4,0,True,1.0,master,valid_observed_phase_at_origin,BASE,calibration,1,3,spectral_core,local_partition_rf,0,0.32,0,0.49
2925,2018-06,2018-02,4,0,True,1.0,master,valid_observed_phase_at_origin,BASE,calibration,1,3,spectral_core,local_partition_rf,0,0.46,1,0.6
2926,2018-06,2018-02,4,0,True,1.0,master,valid_observed_phase_at_origin,BASE,calibration,1,3,spectral_core,local_partition_rf,0,0.47,1,0.53
2927,2018-06,2018-02,4,0,True,0.0,master,valid_observed_phase_at_origin,BASE,calibration,1,3,spectral_core,local_partition_rf,0,0.23,0,0.31
2928,2018-06,2018-02,4,0,True,1.0,master,valid_observed_phase_at_origin,BASE,calibration,1,3,spectral_core,local_partition_rf,1,0.51,1,0.57
2929,2018-06,2018-02,4,0,True,0.0,master,valid_observed_phase_at_origin,BASE,calibration,1,3,spectral_core,local_partition_rf,0,0.42,0,0.47
2930,2018-06,2018-02,4,0,True,0.0,master,valid_observed_phase_at_origin,BASE,calibration,1,3,spectral_core,local_partition_rf,0,0.5,1,0.52
2931,2018-06,2018-02,4,0,True,0.0,master,valid_observed_phase_at_origin,BASE,calibration,1,3,spectral_core,local_partition_rf,0,0.49,1,0.57
2932,2018-06,2018-02,4,0,True,0.0,master,valid_observed_phase_at_origin,BASE,calibration,1,3,spectral_core,local_partition_rf,0,0.35,0,0.42
2933,2018-06,2018-02,4,0,True,1.0,master,valid_observed_phase_at_origin,BASE,calibration,1,3,spectral_core,local_partition_rf,0,0.41,0,0.45
2934,2018-06,2018-02,4,0,True,1.0,master,valid_observed_phase_at_origin,BASE,calibration,1,16,spectral_core,local_partition_rf,0,0.24,0,0.37
2935,2018-06,2018-02,4,0,True,1.0,master,valid_observed_phase_at_origin,BASE,calibration,1,3,spectral_core,local_partition_rf,0,0.26,0,0.29
2936,2018-06,2018-02,4,0,True,1.0,master,valid_observed_phase_at_origin,BASE,calibration,1,16,spectral_core,local_partition_rf,0,0.28,0,0.26
2937,2018-06,2018-02,4,0,True,0.0,master,valid_observed_phase_at_origin,BASE,calibration,1,3,spectral_core,local_partition_rf,0,0.37,0,0.43
2938,2018-06,2018-02,4,0,True,0.0,master,valid_observed_phase_at_origin,BASE,calibration,1,3,spectral_core,local_partition_rf,0,0.3,0,0.27
2939,2018-06,2018-02,4,0,True,0.0,master,valid_observed_phase_at_origin,BASE,calibration,1,3,spectral_core,local_partition_rf,0,0.31,0,0.34
2940,2018-06,2018-02,4,0,True,1.0,master,valid_observed_phase_at_origin,BASE,calibration,1,3,spectral_core,local_partition_rf,0,0.5,0,0.5
2941,2018-06,2018-02,4,0,True,1.0,master,valid_observed_phase_at_origin,BASE,calibration,1,16,spectral_core,local_partition_rf,0,0.26,0,0.4
2942,2018-06,2018-02,4,0,True,0.0,master,valid_observed_phase_at_origin,BASE,calibration,1,3,spectral_core,local_partition_rf,0,0.39,0,0.46
2943,2018-06,2018-02,4,0,True,0.0,master,valid_observed_phase_at_origin,BASE,calibration,1,2,spectral_core,local_partition_rf,0,0.3,0,0.35
2944,2018-06,2018-02,4,0,True,0.0,master,valid_observed_phase_at_origin,BASE,calibration,1,16,spectral_core,local_partition_rf,0,0.34,0,0.36
2945,2018-06,2018-02,4,0,True,0.0,master,valid_observed_phase_at_origin,BASE,calibration,1,3,spectral_core,local_partition_rf,0,0.33,0,0.36
2946,2018-06,2018-02,4,0,True,1.0,master,valid_observed_phase_at_origin,BASE,calibration,1,16,spectral_core,local_partition_rf,0,0.42,0,0.47
2947,2018-06,2018-02,4,0,True,1.0,master,valid_observed_phase_at_origin,BASE,calibration,1,3,spectral_core,local_partition_rf,0,0.5,0,0.46
2948,2018-06,2018-02,4,0,True,0.0,master,valid_observed_phase_at_origin,BASE,calibration,1,3,spectral_core,local_partition_rf,0,0.42,0,0.45
2949,2018-06,2018-02,4,0,True,0.0,master,valid_observed_phase_at_origin,BASE,calibration,1,2,spectral_core,local_partition_rf,0,0.26,0,0.4
2950,2018-06,2018-02,4,0,True,0.0,master,valid_observed_phase_at_origin,BASE,calibration,1,3,spectral_core,local_partition_rf,0,0.3,0,0.29
2951,2018-06,2018-02,4,0,True,0.0,master,valid_observed_phase_at_origin,BASE,calibration,1,3,spectral_core,local_partition_rf,1,0.51,0,0.48
2952,2018-06,2018-02,4,0,True,0.0,master,valid_observed_phase_at_origin,BASE,calibration,1,3,spectral_core,local_partition_rf,0,0.21,0,0.24
2953,2018-06,2018-02,4,0,True,1.0,master,valid_observed_phase_at_origin,BASE,calibration,1,3,spectral_core,local_partition_rf,0,0.42,0,0.44
2954,2018-06,2018-02,4,0,True,0.0,master,valid_observed_phase_at_origin,BASE,calibration,1,16,spectral_core,local_partition_rf,0,0.3,0,0.39
2955,2018-06,2018-02,4,0,True,1.0,master,valid_observed_phase_at_origin,BASE,calibration,1,3,spectral_core,local_partition_rf,0,0.44,0,0.45
2956,2018-06,2018-02,4,0,True,1.0,master,valid_observed_phase_at_origin,BASE,calibration,1,3,spectral_core,local_partition_rf,1,0.53,0,0.45
2957,2018-06,2018-02,4,0,True,1.0,master,valid_observed_phase_at_origin,BASE,calibration,1,3,spectral_core,local_partition_rf,0,0.36,0,0.39
2958,2018-06,2018-02,4,0,True,1.0,master,valid_observed_phase_at_origin,BASE,calibration,1,3,spectral_core,local_partition_rf,0,0.44,0,0.48
2959,2018-06,2018-02,4,0,True,0.0,master,valid_observed_phase_at_origin,BASE,calibration,1,3,spectral_core,local_partition_rf,0,0.42,0,0.42
2960,2018-06,2018-02,4,0,True,0.0,master,valid_observed_phase_at_origin,BASE,calibration,1,3,spectral_core,local_partition_rf,0,0.33,0,0.28
2961,2018-06,2018-02,4,0,True,0.0,master,valid_observed_phase_at_origin,BASE,calibration,1,2,spectral_core,local_partition_rf,0,0.22,0,0.38
2962,2018-06,2018-02,4,0,True,0.0,master,valid_observed_phase_at_origin,BASE,calibration,1,16,spectral_core,local_partition_rf,0,0.38,0,0.41
2963,2018-06,2018-02,4,0,True,0.0,master,valid_observed_phase_at_origin,BASE,calibration,1,16,spectral_core,local_partition_rf,0,0.23,0,0.26
2964,2018-06,2018-02,4,0,True,0.0,master,valid_observed_phase_at_origin,BASE,calibration,1,3,spectral_core,local_partition_rf,0,0.45,0,0.49
2965,2018-06,2018-02,4,0,True,0.0,master,valid_observed_phase_at_origin,BASE,calibration,1,2,spectral_core,local_partition_rf,0,0.32,0,0.33
2966,2018-06,2018-02,4,0,True,0.0,master,valid_observed_phase_at_origin,BASE,calibration,1,3,spectral_core,local_partition_rf,0,0.26,0,0.31
2967,2018-06,2018-02,4,0,True,0.0,master,valid_observed_phase_at_origin,BASE,calibration,1,16,spectral_core,local_partition_rf,0,0.44,0,0.41
2968,2018-06,2018-02,4,0,True,0.0,master,valid_observed_phase_at_origin,BASE,calibration,1,3,spectral_core,local_partition_rf,0,0.2,0,0.28
2969,2018-06,2018-02,4,0,True,0.0,master,valid_observed_phase_at_origin,BASE,calibration,1,3,spectral_core,local_partition_rf,0,0.25,0,0.23
2970,2018-06,2018-02,4,0,True,0.0,master,valid_observed_phase_at_origin,BASE,calibration,1,16,spectral_core,local_partition_rf,0,0.12,0,0.22
2971,2018-06,2018-02,4,0,True,0.0,master,valid_observed_phase_at_origin,BASE,calibration,1,3,spectral_core,local_partition_rf,0,0.47,0,0.48
2972,2018-06,2018-02,4,0,True,0.0,master,valid_observed_phase_at_origin,BASE,calibration,1,3,spectral_core,local_partition_rf,0,0.28,0,0.29
2973,2018-06,2018-02,4,0,True,1.0,master,valid_observed_phase_at_origin,BASE,calibration,1,16,spectral_core,local_partition_rf,0,0.14,0,0.19
2974,2018-06,2018-02,4,0,True,0.0,master,valid_observed_phase_at_origin,BASE,calibration,1,16,spectral_core,local_partition_rf,0,0.25,0,0.34
2975,2018-06,2018-02,4,0,True,1.0,master,valid_observed_phase_at_origin,BASE,calibration,1,16,spectral_core,local_partition_rf,0,0.43,0,0.44
2976,2018-06,2018-02,4,0,True,1.0,master,valid_observed_phase_at_origin,BASE,calibration,1,16,spectral_core,local_partition_rf,0,0.46,0,0.45
2977,2018-06,2018-02,4,0,True,1.0,master,valid_observed_phase_at_origin,BASE,calibration,1,2,spectral_core,local_partition_rf,0,0.11,0,0.26
2978,2018-06,2018-02,4,0,True,1.0,master,valid_observed_phase_at_origin,BASE,calibration,1,2,spectral_core,local_partition_rf,0,0.28,0,0.41
2979,2018-06,2018-02,4,0,True,1.0,master,valid_observed_phase_at_origin,BASE,calibration,1,2,spectral_core,local_partition_rf,0,0.12,0,0.3
2980,2018-06,2018-02,4,0,True,1.0,master,valid_observed_phase_at_origin,BASE,calibration,1,2,spectral_core,local_partition_rf,0,0.1,0,0.27
2981,2018-06,2018-02,4,0,True,1.0,master,valid_observed_phase_at_origin,BASE,calibration,1,3,spectral_core,local_partition_rf,1,0.6,1,0.54
2982,2018-06,2018-02,4,0,True,0.0,master,valid_observed_phase_at_origin,BASE,calibration,1,2,spectral_core,local_partition_rf,0,0.25,0,0.32
2983,2018-06,2018-02,4,0,True,1.0,master,valid_observed_phase_at_origin,BASE,calibration,1,3,spectral_core,local_partition_rf,0,0.48,1,0.53
2984,2018-06,2018-02,4,0,True,0.0,master,valid_observed_phase_at_origin,BASE,calibration,1,2,spectral_core,local_partition_rf,0,0.28,0,0.42
2985,2018-06,2018-02,4,0,True,1.0,master,valid_observed_phase_at_origin,BASE,calibration,1,2,spectral_core,local_partition_rf,0,0.11,0,0.32
2986,2018-06,2018-02,4,0,True,0.0,master,valid_observed_phase_at_origin,BASE,calibration,1,2,spectral_core,local_partition_rf,0,0.23,0,0.3
2987,2018-06,2018-02,4,0,True,1.0,master,valid_observed_phase_at_origin,BASE,calibration,1,3,spectral_core,local_partition_rf,0,0.46,0,0.47
2988,2018-06,2018-02,4,0,True,1.0,master,valid_observed_phase_at_origin,BASE,calibration,1,2,spectral_core,local_partition_rf,0,0.27,0,0.37
2989,2018-06,2018-02,4,0,True,1.0,master,valid_observed_phase_at_origin,BASE,calibration,1,3,spectral_core,local_partition_rf,0,0.37,0,0.39
2990,2018-06,2018-02,4,0,True,1.0,master,valid_observed_phase_at_origin,BASE,calibration,1,2,spectral_core,local_partition_rf,0,0.25,0,0.47
2991,2018-06,2018-02,4,0,True,0.0,master,valid_observed_phase_at_origin,BASE,calibration,1,2,spectral_core,local_partition_rf,0,0.19,0,0.32
2992,2018-06,2018-02,4,0,True,0.0,master,valid_observed_phase_at_origin,BASE,calibration,1,2,spectral_core,local_partition_rf,0,0.06,0,0.16
2993,2018-06,2018-02,4,0,True,1.0,master,valid_observed_phase_at_origin,BASE,calibration,1,2,spectral_core,local_partition_rf,0,0.08,0,0.37
2994,2018-06,2018-02,4,0,True,0.0,master,valid_observed_phase_at_origin,BASE,calibration,1,2,spectral_core,local_partition_rf,0,0.06,0,0.22
2995,2018-06,2018-02,4,0,True,1.0,master,valid_observed_phase_at_origin,BASE,calibration,1,2,spectral_core,local_partition_rf,0,0.14,0,0.36
2996,2018-06,2018-02,4,1,True,1.0,master,valid_observed_phase_at_origin,BASE,calibration,1,3,spectral_core,local_partition_rf,1,0.54,0,0.48
2997,2018-06,2018-02,4,0,True,0.0,master,valid_observed_phase_at_origin,BASE,calibration,1,2,spectral_core,local_partition_rf,0,0.13,0,0.31
2998,2018-06,2018-02,4,0,True,1.0,master,valid_observed_phase_at_origin,BASE,calibration,1,3,spectral_core,local_partition_rf,1,0.53,0,0.49
2999,2018-06,2018-02,4,1,True,1.0,master,valid_observed_phase_at_origin,BASE,calibration,1,3,spectral_core,local_partition_rf,1,0.55,1,0.58
3000,2018-06,2018-02,4,0,True,0.0,master,valid_observed_phase_at_origin,BASE,calibration,1,2,spectral_core,local_partition_rf,0,0.05,0,0.19
3001,2018-06,2018-02,4,0,True,0.0,master,valid_observed_phase_at_origin,BASE,calibration,1,2,spectral_core,local_partition_rf,0,0.11,0,0.22
3002,2018-06,2018-02,4,0,True,0.0,master,valid_observed_phase_at_origin,BASE,calibration,1,3,spectral_core,local_partition_rf,0,0.31,0,0.34
3003,2018-06,2018-02,4,0,True,0.0,master,valid_observed_phase_at_origin,BASE,calibration,1,2,spectral_core,local_partition_rf,0,0.08,0,0.25
3004,2018-06,2018-02,4,0,True,1.0,master,valid_observed_phase_at_origin,BASE,calibration,1,2,spectral_core,local_partition_rf,0,0.04,0,0.23
3005,2018-06,2018-02,4,0,True,0.0,master,valid_observed_phase_at_origin,BASE,calibration,1,2,spectral_core,local_partition_rf,0,0.09,0,0.23
3006,2018-06,2018-02,4,0,True,0.0,master,valid_observed_phase_at_origin,BASE,calibration,1,2,spectral_core,local_partition_rf,0,0.11,0,0.2
3007,2018-06,2018-02,4,0,True,1.0,master,valid_observed_phase_at_origin,BASE,calibration,1,2,spectral_core,local_partition_rf,0,0.06,0,0.24
3008,2018-06,2018-02,4,0,True,0.0,master,valid_observed_phase_at_origin,BASE,calibration,1,2,spectral_core,local_partition_rf,0,0.29,0,0.45
3009,2018-06,2018-02,4,0,True,0.0,master,valid_observed_phase_at_origin,BASE,calibration,1,2,spectral_core,local_partition_rf,0,0.37,0,0.44
3010,2018-06,2018-02,4,0,True,0.0,master,valid_observed_phase_at_origin,BASE,calibration,1,2,spectral_core,local_partition_rf,0,0.32,0,0.48
3011,2018-06,2018-02,4,0,True,0.0,master,valid_observed_phase_at_origin,BASE,calibration,1,2,spectral_core,local_partition_rf,0,0.16,0,0.27
3012,2018-06,2018-02,4,0,True,0.0,master,valid_observed_phase_at_origin,BASE,calibration,1,2,spectral_core,local_partition_rf,0,0.26,0,0.46
3013,2018-06,2018-02,4,0,True,0.0,master,valid_observed_phase_at_origin,BASE,calibration,1,2,spectral_core,local_partition_rf,0,0.11,0,0.21
3014,2018-06,2018-02,4,0,True,0.0,master,valid_observed_phase_at_origin,BASE,calibration,1,2,spectral_core,local_partition_rf,0,0.26,0,0.38
3015,2018-06,2018-02,4,0,True,0.0,master,valid_observed_phase_at_origin,BASE,calibration,1,2,spectral_core,local_partition_rf,0,0.29,0,0.43
3016,2018-06,2018-02,4,0,True,0.0,master,valid_observed_phase_at_origin,BASE,calibration,1,2,spectral_core,local_partition_rf,0,0.16,0,0.31
3017,2018-06,2018-02,4,0,True,0.0,master,valid_observed_phase_at_origin,BASE,calibration,1,16,spectral_core,local_partition_rf,0,0.06,0,0.13
3018,2018-06,2018-02,4,0,True,0.0,master,valid_observed_phase_at_origin,BASE,calibration,1,16,spectral_core,local_partition_rf,0,0.08,0,0.14
3019,2018-06,2018-02,4,0,True,1.0,master,valid_observed_phase_at_origin,BASE,calibration,1,3,spectral_core,local_partition_rf,0,0.46,0,0.37
3020,2018-06,2018-02,4,0,True,0.0,master,valid_observed_phase_at_origin,BASE,calibration,1,16,spectral_core,local_partition_rf,0,0.09,0,0.14
3021,2018-06,2018-02,4,0,True,0.0,master,valid_observed_phase_at_origin,BASE,calibration,1,16,spectral_core,local_partition_rf,0,0.13,0,0.19
3022,2018-06,2018-02,4,0,True,0.0,master,valid_observed_phase_at_origin,BASE,calibration,1,16,spectral_core,local_partition_rf,0,0.07,0,0.22
3023,2018-06,2018-02,4,0,True,0.0,master,valid_observed_phase_at_origin,BASE,calibration,1,16,spectral_core,local_partition_rf,0,0.06,0,0.11
3024,2018-06,2018-02,4,0,True,0.0,master,valid_observed_phase_at_origin,BASE,calibration,1,16,spectral_core,local_partition_rf,0,0.05,0,0.1
3025,2018-06,2018-02,4,0,True,0.0,master,valid_observed_phase_at_origin,BASE,calibration,1,16,spectral_core,local_partition_rf,0,0.04,0,0.12
3026,2018-06,2018-02,4,0,True,0.0,master,valid_observed_phase_at_origin,BASE,calibration,1,16,spectral_core,local_partition_rf,0,0.01,0,0.08
3027,2018-06,2018-02,4,0,True,0.0,master,valid_observed_phase_at_origin,BASE,calibration,1,3,spectral_core,local_partition_rf,0,0.34,0,0.28
3028,2018-06,2018-02,4,0,True,0.0,master,valid_observed_phase_at_origin,BASE,calibration,1,16,spectral_core,local_partition_rf,0,0.05,0,0.02
3029,2018-06,2018-02,4,0,True,0.0,master,valid_observed_phase_at_origin,BASE,calibration,1,16,spectral_core,local_partition_rf,0,0.04,0,0.14
3030,2018-06,2018-02,4,0,True,0.0,master,valid_observed_phase_at_origin,BASE,calibration,1,16,spectral_core,local_partition_rf,0,0.04,0,0.04
3031,2018-06,2018-02,4,0,True,0.0,master,valid_observed_phase_at_origin,BASE,calibration,1,16,spectral_core,local_partition_rf,0,0.06,0,0.1
3032,2018-06,2018-02,4,0,True,0.0,master,valid_observed_phase_at_origin,BASE,calibration,1,16,spectral_core,local_partition_rf,0,0.04,0,0.09
3033,2018-06,2018-02,4,0,True,0.0,master,valid_observed_phase_at_origin,BASE,calibration,1,16,spectral_core,local_partition_rf,0,0.01,0,0.04
3034,2018-06,2018-02,4,0,True,0.0,master,valid_observed_phase_at_origin,BASE,calibration,1,16,spectral_core,local_partition_rf,0,0.06,0,0.13
3035,2018-06,2018-02,4,0,True,0.0,master,valid_observed_phase_at_origin,BASE,calibration,1,16,spectral_core,local_partition_rf,0,0.02,0,0.07
3036,2018-06,2018-02,4,0,True,0.0,master,valid_observed_phase_at_origin,BASE,calibration,1,16,spectral_core,local_partition_rf,0,0.06,0,0.06
3037,2018-06,2018-02,4,0,True,0.0,master,valid_observed_phase_at_origin,BASE,calibration,1,16,spectral_core,local_partition_rf,0,0.06,0,0.11
3038,2018-06,2018-02,4,0,True,0.0,master,valid_observed_phase_at_origin,BASE,calibration,1,16,spectral_core,local_partition_rf,0,0.04,0,0.08
3039,2018-06,2018-02,4,0,True,0.0,master,valid_observed_phase_at_origin,BASE,calibration,1,16,spectral_core,local_partition_rf,0,0.02,0,0.07
3040,2018-06,2018-02,4,0,True,0.0,master,valid_observed_phase_at_origin,BASE,calibration,1,16,spectral_core,local_partition_rf,0,0.02,0,0.11
3041,2018-06,2018-02,4,0,True,0.0,master,valid_observed_phase_at_origin,BASE,calibration,1,16,spectral_core,local_partition_rf,0,0.13,0,0.21
3042,2018-06,2018-02,4,0,True,0.0,master,valid_observed_phase_at_origin,BASE,calibration,1,16,spectral_core,local_partition_rf,0,0.2,0,0.26
3043,2018-06,2018-02,4,0,True,0.0,master,valid_observed_phase_at_origin,BASE,calibration,1,16,spectral_core,local_partition_rf,0,0.1,0,0.13
3044,2018-06,2018-02,4,0,True,0.0,master,valid_observed_phase_at_origin,BASE,calibration,1,16,spectral_core,local_partition_rf,0,0.03,0,0.06
3045,2018-06,2018-02,4,0,True,0.0,master,valid_observed_phase_at_origin,BASE,calibration,1,16,spectral_core,local_partition_rf,0,0.02,0,0.05
3046,2018-06,2018-02,4,0,True,0.0,master,valid_observed_phase_at_origin,BASE,calibration,1,16,spectral_core,local_partition_rf,0,0.08,0,0.18
3047,2018-06,2018-02,4,0,True,0.0,master,valid_observed_phase_at_origin,BASE,calibration,1,16,spectral_core,local_partition_rf,0,0.04,0,0.05
3048,2018-06,2018-02,4,0,True,0.0,master,valid_observed_phase_at_origin,BASE,calibration,1,16,spectral_core,local_partition_rf,0,0.03,0,0.12
3049,2018-06,2018-02,4,0,True,0.0,master,valid_observed_phase_at_origin,BASE,calibration,1,16,spectral_core,local_partition_rf,0,0.07,0,0.07
3050,2018-06,2018-02,4,0,True,0.0,master,valid_observed_phase_at_origin,BASE,calibration,1,16,spectral_core,local_partition_rf,0,0.01,0,0.01
3051,2018-06,2018-02,4,0,True,0.0,master,valid_observed_phase_at_origin,BASE,calibration,1,16,spectral_core,local_partition_rf,0,0.02,0,0.04
3052,2018-06,2018-02,4,0,True,0.0,master,valid_observed_phase_at_origin,BASE,calibration,1,16,spectral_core,local_partition_rf,0,0.08,0,0.13
3053,2018-06,2018-02,4,0,True,0.0,master,valid_observed_phase_at_origin,BASE,calibration,1,16,spectral_core,local_partition_rf,0,0.03,0,0.05
3054,2018-06,2018-02,4,0,True,0.0,master,valid_observed_phase_at_origin,BASE,calibration,1,16,spectral_core,local_partition_rf,0,0.04,0,0.03
3055,2018-06,2018-02,4,0,True,0.0,master,valid_observed_phase_at_origin,BASE,calibration,1,16,spectral_core,local_partition_rf,0,0.03,0,0.04
3056,2018-06,2018-02,4,0,True,0.0,master,valid_observed_phase_at_origin,BASE,calibration,1,16,spectral_core,local_partition_rf,0,0.02,0,0.07
3057,2018-06,2018-02,4,0,True,0.0,master,valid_observed_phase_at_origin,BASE,calibration,1,16,spectral_core,local_partition_rf,0,0.01,0,0.12
3058,2018-06,2018-02,4,0,True,0.0,master,valid_observed_phase_at_origin,BASE,calibration,1,16,spectral_core,local_partition_rf,0,0.06,0,0.14
3059,2018-06,2018-02,4,0,True,0.0,master,valid_observed_phase_at_origin,BASE,calibration,1,16,spectral_core,local_partition_rf,0,0.01,0,0.03
3060,2018-06,2018-02,4,0,True,0.0,master,valid_observed_phase_at_origin,BASE,calibration,1,16,spectral_core,local_partition_rf,0,0.02,0,0.03
3061,2018-06,2018-02,4,0,True,0.0,master,valid_observed_phase_at_origin,BASE,calibration,1,16,spectral_core,local_partition_rf,0,0.04,0,0.09
3062,2018-06,2018-02,4,0,True,0.0,master,valid_observed_phase_at_origin,BASE,calibration,1,16,spectral_core,local_partition_rf,0,0.22,0,0.18
3063,2018-06,2018-02,4,0,True,1.0,master,valid_observed_phase_at_origin,BASE,calibration,1,16,spectral_core,local_partition_rf,0,0.36,0,0.38
3064,2018-06,2018-02,4,0,True,1.0,master,valid_observed_phase_at_origin,BASE,calibration,1,16,spectral_core,local_partition_rf,0,0.18,0,0.2
3065,2018-06,2018-02,4,0,True,0.0,master,valid_observed_phase_at_origin,BASE,calibration,1,16,spectral_core,local_partition_rf,0,0.3,0,0.32
3066,2018-06,2018-02,4,0,True,0.0,master,valid_observed_phase_at_origin,BASE,calibration,1,3,spectral_core,local_partition_rf,0,0.5,0,0.39
3067,2018-06,2018-02,4,0,True,1.0,master,valid_observed_phase_at_origin,BASE,calibration,1,16,spectral_core,local_partition_rf,0,0.05,0,0.16
3068,2018-06,2018-02,4,0,True,1.0,master,valid_observed_phase_at_origin,BASE,calibration,1,16,spectral_core,local_partition_rf,0,0.16,0,0.28
3069,2018-06,2018-02,4,0,True,0.0,master,valid_observed_phase_at_origin,BASE,calibration,1,16,spectral_core,local_partition_rf,0,0.1,0,0.1
3070,2018-06,2018-02,4,0,True,0.0,master,valid_observed_phase_at_origin,BASE,calibration,1,16,spectral_core,local_partition_rf,0,0.12,0,0.19
3071,2018-06,2018-02,4,0,True,0.0,master,valid_observed_phase_at_origin,BASE,calibration,1,16,spectral_core,local_partition_rf,0,0.06,0,0.09
3072,2018-06,2018-02,4,0,True,0.0,master,valid_observed_phase_at_origin,BASE,calibration,1,16,spectral_core,local_partition_rf,0,0.25,0,0.25
3073,2018-06,2018-02,4,0,True,0.0,master,valid_observed_phase_at_origin,BASE,calibration,1,16,spectral_core,local_partition_rf,0,0.3,0,0.3
3074,2018-06,2018-02,4,0,True,0.0,master,valid_observed_phase_at_origin,BASE,calibration,1,16,spectral_core,local_partition_rf,0,0.13,0,0.1
3075,2018-06,2018-02,4,0,True,1.0,master,valid_observed_phase_at_origin,BASE,calibration,1,3,spectral_core,local_partition_rf,1,0.53,1,0.53
3076,2018-06,2018-02,4,0,True,1.0,master,valid_observed_phase_at_origin,BASE,calibration,1,16,spectral_core,local_partition_rf,0,0.4,0,0.39
3077,2018-06,2018-02,4,0,True,1.0,master,valid_observed_phase_at_origin,BASE,calibration,1,16,spectral_core,local_partition_rf,0,0.18,0,0.19
3078,2018-06,2018-02,4,0,True,1.0,master,valid_observed_phase_at_origin,BASE,calibration,1,16,spectral_core,local_partition_rf,0,0.12,0,0.21
3079,2018-06,2018-02,4,0,True,0.0,master,valid_observed_phase_at_origin,BASE,calibration,1,3,spectral_core,local_partition_rf,0,0.28,0,0.31
3080,2018-06,2018-02,4,0,True,0.0,master,valid_observed_phase_at_origin,BASE,calibration,1,16,spectral_core,local_partition_rf,0,0.07,0,0.05
3081,2018-06,2018-02,4,0,True,0.0,master,valid_observed_phase_at_origin,BASE,calibration,1,3,spectral_core,local_partition_rf,0,0.12,0,0.13
3082,2018-06,2018-02,4,0,True,0.0,master,valid_observed_phase_at_origin,BASE,calibration,1,16,spectral_core,local_partition_rf,0,0.22,0,0.2
3083,2018-06,2018-02,4,0,True,1.0,master,valid_observed_phase_at_origin,BASE,calibration,1,16,spectral_core,local_partition_rf,0,0.2,0,0.28
3084,2018-06,2018-02,4,0,True,0.0,master,valid_observed_phase_at_origin,BASE,calibration,1,16,spectral_core,local_partition_rf,0,0.38,0,0.39
3085,2018-06,2018-02,4,0,True,0.0,master,valid_observed_phase_at_origin,BASE,calibration,1,3,spectral_core,local_partition_rf,0,0.37,0,0.37
3086,2018-06,2018-02,4,0,True,0.0,master,valid_observed_phase_at_origin,BASE,calibration,1,16,spectral_core,local_partition_rf,0,0.15,0,0.1
3087,2018-06,2018-02,4,0,True,1.0,master,valid_observed_phase_at_origin,BASE,calibration,1,3,spectral_core,local_partition_rf,0,0.33,0,0.3
3088,2018-06,2018-02,4,0,True,0.0,master,valid_observed_phase_at_origin,BASE,calibration,1,16,spectral_core,local_partition_rf,0,0.42,0,0.37
3089,2018-06,2018-02,4,0,True,1.0,master,valid_observed_phase_at_origin,BASE,calibration,1,16,spectral_core,local_partition_rf,0,0.3,0,0.33
3090,2018-06,2018-02,4,0,True,1.0,master,valid_observed_phase_at_origin,BASE,calibration,1,16,spectral_core,local_partition_rf,0,0.42,0,0.39
3091,2018-06,2018-02,4,0,True,0.0,master,valid_observed_phase_at_origin,BASE,calibration,1,16,spectral_core,local_partition_rf,0,0.25,0,0.16
3092,2018-06,2018-02,4,0,True,0.0,master,valid_observed_phase_at_origin,BASE,calibration,1,2,spectral_core,local_partition_rf,0,0.0,0,0.0
3093,2018-06,2018-02,4,0,True,0.0,master,valid_observed_phase_at_origin,BASE,calibration,1,16,spectral_core,local_partition_rf,0,0.04,0,0.14
3094,2018-06,2018-02,4,0,True,0.0,master,valid_observed_phase_at_origin,BASE,calibration,1,16,spectral_core,local_partition_rf,0,0.05,0,0.02
3095,2018-06,2018-02,4,0,True,0.0,master,valid_observed_phase_at_origin,BASE,calibration,1,16,spectral_core,local_partition_rf,0,0.09,0,0.12
3096,2018-06,2018-02,4,0,True,0.0,master,valid_observed_phase_at_origin,BASE,calibration,1,16,spectral_core,local_partition_rf,0,0.06,0,0.09
3097,2018-06,2018-02,4,0,True,0.0,master,valid_observed_phase_at_origin,BASE,calibration,1,2,spectral_core,local_partition_rf,0,0.0,0,0.0
3098,2018-06,2018-02,4,0,True,0.0,master,valid_observed_phase_at_origin,BASE,calibration,1,2,spectral_core,local_partition_rf,0,0.01,0,0.02
3099,2018-06,2018-02,4,0,True,0.0,master,valid_observed_phase_at_origin,BASE,calibration,1,2,spectral_core,local_partition_rf,0,0.0,0,0.01
3100,2018-06,2018-02,4,0,True,0.0,master,valid_observed_phase_at_origin,BASE,calibration,1,16,spectral_core,local_partition_rf,0,0.04,0,0.12
3101,2018-06,2018-02,4,0,True,0.0,master,valid_observed_phase_at_origin,BASE,calibration,1,16,spectral_core,local_partition_rf,0,0.07,0,0.06
3102,2018-06,2018-02,4,0,True,0.0,master,valid_observed_phase_at_origin,BASE,calibration,1,16,spectral_core,local_partition_rf,0,0.05,0,0.07
3103,2018-06,2018-02,4,0,True,0.0,master,valid_observed_phase_at_origin,BASE,calibration,1,16,spectral_core,local_partition_rf,0,0.07,0,0.08
3104,2018-06,2018-02,4,0,True,0.0,master,valid_observed_phase_at_origin,BASE,calibration,1,16,spectral_core,local_partition_rf,0,0.09,0,0.0
3105,2018-06,2018-02,4,0,True,0.0,master,valid_observed_phase_at_origin,BASE,calibration,1,2,spectral_core,local_partition_rf,0,0.0,0,0.01
3106,2018-06,2018-02,4,0,True,0.0,master,valid_observed_phase_at_origin,BASE,calibration,1,2,spectral_core,local_partition_rf,0,0.0,0,0.07
3107,2018-06,2018-02,4,0,True,0.0,master,valid_observed_phase_at_origin,BASE,calibration,1,2,spectral_core,local_partition_rf,0,0.0,0,0.03
3108,2018-06,2018-02,4,0,True,0.0,master,valid_observed_phase_at_origin,BASE,calibration,1,2,spectral_core,local_partition_rf,0,0.0,0,0.0
3109,2018-06,2018-02,4,0,True,0.0,master,valid_observed_phase_at_origin,BASE,calibration,1,2,spectral_core,local_partition_rf,0,0.01,0,0.01
3110,2018-06,2018-02,4,0,True,1.0,master,valid_observed_phase_at_origin,BASE,calibration,1,16,spectral_core,local_partition_rf,0,0.03,0,0.17
3111,2018-06,2018-02,4,0,True,0.0,master,valid_observed_phase_at_origin,BASE,calibration,1,16,spectral_core,local_partition_rf,0,0.06,0,0.13
3112,2018-06,2018-02,4,0,True,0.0,master,valid_observed_phase_at_origin,BASE,calibration,1,16,spectral_core,local_partition_rf,0,0.12,0,0.15
3113,2018-06,2018-02,4,0,True,1.0,master,valid_observed_phase_at_origin,BASE,calibration,1,16,spectral_core,local_partition_rf,0,0.07,0,0.22
3114,2018-06,2018-02,4,0,True,0.0,master,valid_observed_phase_at_origin,BASE,calibration,1,16,spectral_core,local_partition_rf,0,0.02,0,0.04
3115,2018-06,2018-02,4,0,True,0.0,master,valid_observed_phase_at_origin,BASE,calibration,1,16,spectral_core,local_partition_rf,0,0.02,0,0.04
3116,2018-06,2018-02,4,0,True,0.0,master,valid_observed_phase_at_origin,BASE,calibration,1,2,spectral_core,local_partition_rf,0,0.0,0,0.0
3117,2018-06,2018-02,4,0,True,0.0,master,valid_observed_phase_at_origin,BASE,calibration,1,2,spectral_core,local_partition_rf,0,0.0,0,0.02
3118,2018-06,2018-02,4,0,True,0.0,master,valid_observed_phase_at_origin,BASE,calibration,1,16,spectral_core,local_partition_rf,0,0.09,0,0.17
3119,2018-06,2018-02,4,0,True,0.0,master,valid_observed_phase_at_origin,BASE,calibration,1,2,spectral_core,local_partition_rf,0,0.05,0,0.14
3120,2018-06,2018-02,4,0,True,0.0,master,valid_observed_phase_at_origin,BASE,calibration,1,2,spectral_core,local_partition_rf,0,0.02,0,0.12
3121,2018-06,2018-02,4,0,True,0.0,master,valid_observed_phase_at_origin,BASE,calibration,1,2,spectral_core,local_partition_rf,0,0.0,0,0.11
3122,2018-06,2018-02,4,0,True,0.0,master,valid_observed_phase_at_origin,BASE,calibration,1,16,spectral_core,local_partition_rf,0,0.03,0,0.04
3123,2018-06,2018-02,4,1,True,0.0,master,valid_observed_phase_at_origin,BASE,calibration,1,3,spectral_core,local_partition_rf,0,0.25,0,0.13
3124,2018-06,2018-02,4,1,True,0.0,master,valid_observed_phase_at_origin,BASE,calibration,1,16,spectral_core,local_partition_rf,0,0.15,0,0.15
3125,2018-06,2018-02,4,1,True,0.0,master,valid_observed_phase_at_origin,BASE,calibration,1,3,spectral_core,local_partition_rf,0,0.17,0,0.23
3126,2018-06,2018-02,4,0,True,0.0,master,valid_observed_phase_at_origin,BASE,calibration,1,3,spectral_core,local_partition_rf,0,0.42,0,0.39
3127,2018-06,2018-02,4,1,True,0.0,master,valid_observed_phase_at_origin,BASE,calibration,1,16,spectral_core,local_partition_rf,0,0.07,0,0.1
3128,2018-06,2018-02,4,1,True,0.0,master,valid_observed_phase_at_origin,BASE,calibration,1,16,spectral_core,local_partition_rf,0,0.1,0,0.13
3129,2018-06,2018-02,4,1,True,0.0,master,valid_observed_phase_at_origin,BASE,calibration,1,16,spectral_core,local_partition_rf,0,0.08,0,0.12
3130,2018-06,2018-02,4,1,True,0.0,master,valid_observed_phase_at_origin,BASE,calibration,1,16,spectral_core,local_partition_rf,0,0.06,0,0.14
3131,2018-06,2018-02,4,0,True,0.0,master,valid_observed_phase_at_origin,BASE,calibration,1,3,spectral_core,local_partition_rf,0,0.36,0,0.14
3132,2018-06,2018-02,4,0,True,0.0,master,valid_observed_phase_at_origin,BASE,calibration,1,16,spectral_core,local_partition_rf,0,0.04,0,0.05
3133,2018-06,2018-02,4,1,True,0.0,master,valid_observed_phase_at_origin,BASE,calibration,1,3,spectral_core,local_partition_rf,0,0.38,0,0.27
3134,2018-06,2018-02,4,1,True,0.0,master,valid_observed_phase_at_origin,BASE,calibration,1,3,spectral_core,local_partition_rf,0,0.15,0,0.19
3135,2018-06,2018-02,4,1,True,0.0,master,valid_observed_phase_at_origin,BASE,calibration,1,16,spectral_core,local_partition_rf,0,0.27,0,0.3
3136,2018-06,2018-02,4,0,True,1.0,master,valid_observed_phase_at_origin,BASE,calibration,1,3,spectral_core,local_partition_rf,0,0.32,0,0.31
3137,2018-06,2018-02,4,0,True,1.0,master,valid_observed_phase_at_origin,BASE,calibration,1,3,spectral_core,local_partition_rf,0,0.3,0,0.23
3138,2018-06,2018-02,4,0,True,1.0,master,valid_observed_phase_at_origin,BASE,calibration,1,3,spectral_core,local_partition_rf,0,0.28,0,0.22
3139,2018-06,2018-02,4,0,True,0.0,master,valid_observed_phase_at_origin,BASE,calibration,1,2,spectral_core,local_partition_rf,0,0.19,0,0.31
3140,2018-06,2018-02,4,0,True,0.0,master,valid_observed_phase_at_origin,BASE,calibration,1,3,spectral_core,local_partition_rf,0,0.24,0,0.24
3141,2018-06,2018-02,4,0,True,0.0,master,valid_observed_phase_at_origin,BASE,calibration,1,3,spectral_core,local_partition_rf,0,0.3,0,0.32
3142,2018-06,2018-02,4,0,True,0.0,master,valid_observed_phase_at_origin,BASE,calibration,1,2,spectral_core,local_partition_rf,0,0.06,0,0.19
3143,2018-06,2018-02,4,0,True,0.0,master,valid_observed_phase_at_origin,BASE,calibration,1,2,spectral_core,local_partition_rf,0,0.03,0,0.11
3144,2018-06,2018-02,4,0,True,0.0,master,valid_observed_phase_at_origin,BASE,calibration,1,2,spectral_core,local_partition_rf,0,0.03,0,0.03
3145,2018-06,2018-02,4,0,True,0.0,master,valid_observed_phase_at_origin,BASE,calibration,1,2,spectral_core,local_partition_rf,0,0.09,0,0.1
3146,2018-06,2018-02,4,0,True,0.0,master,valid_observed_phase_at_origin,BASE,calibration,1,2,spectral_core,local_partition_rf,0,0.03,0,0.05
3147,2018-06,2018-02,4,0,True,0.0,master,valid_observed_phase_at_origin,BASE,calibration,1,2,spectral_core,local_partition_rf,0,0.22,0,0.32
3148,2018-06,2018-02,4,0,True,0.0,master,valid_observed_phase_at_origin,BASE,calibration,1,2,spectral_core,local_partition_rf,0,0.22,0,0.28
3149,2018-06,2018-02,4,0,True,1.0,master,valid_observed_phase_at_origin,BASE,calibration,1,2,spectral_core,local_partition_rf,0,0.27,0,0.39
3150,2018-06,2018-02,4,0,True,0.0,master,valid_observed_phase_at_origin,BASE,calibration,1,2,spectral_core,local_partition_rf,0,0.13,0,0.2
3151,2018-06,2018-02,4,0,True,0.0,master,valid_observed_phase_at_origin,BASE,calibration,1,2,spectral_core,local_partition_rf,0,0.08,0,0.12
3152,2018-06,2018-02,4,0,True,0.0,master,valid_observed_phase_at_origin,BASE,calibration,1,15,spectral_core,local_partition_rf,0,0.0,0,0.09
3153,2018-06,2018-02,4,0,True,0.0,master,valid_observed_phase_at_origin,BASE,calibration,1,16,spectral_core,local_partition_rf,0,0.24,0,0.23
3154,2018-06,2018-02,4,0,True,0.0,master,valid_observed_phase_at_origin,BASE,calibration,1,2,spectral_core,local_partition_rf,0,0.04,0,0.12
3155,2018-06,2018-02,4,0,True,0.0,master,valid_observed_phase_at_origin,BASE,calibration,1,16,spectral_core,local_partition_rf,0,0.13,0,0.05
3156,2018-06,2018-02,4,0,True,0.0,master,valid_observed_phase_at_origin,BASE,calibration,1,2,spectral_core,local_partition_rf,0,0.04,0,0.08
3157,2018-06,2018-02,4,0,True,0.0,master,valid_observed_phase_at_origin,BASE,calibration,1,2,spectral_core,local_partition_rf,0,0.03,0,0.01
3158,2018-06,2018-02,4,0,True,0.0,master,valid_observed_phase_at_origin,BASE,calibration,1,2,spectral_core,local_partition_rf,0,0.01,0,0.11
3159,2018-06,2018-02,4,0,True,0.0,master,valid_observed_phase_at_origin,BASE,calibration,1,2,spectral_core,local_partition_rf,0,0.02,0,0.1
3160,2018-06,2018-02,4,0,True,0.0,master,valid_observed_phase_at_origin,BASE,calibration,1,2,spectral_core,local_partition_rf,0,0.19,0,0.28
3161,2018-06,2018-02,4,0,True,0.0,master,valid_observed_phase_at_origin,BASE,calibration,1,16,spectral_core,local_partition_rf,0,0.42,0,0.34
3162,2018-06,2018-02,4,0,True,0.0,master,valid_observed_phase_at_origin,BASE,calibration,1,2,spectral_core,local_partition_rf,0,0.03,0,0.11
3163,2018-06,2018-02,4,0,True,0.0,master,valid_observed_phase_at_origin,BASE,calibration,1,2,spectral_core,local_partition_rf,0,0.05,0,0.05
3164,2018-06,2018-02,4,0,True,0.0,master,valid_observed_phase_at_origin,BASE,calibration,1,2,spectral_core,local_partition_rf,0,0.02,0,0.07
3165,2018-06,2018-02,4,0,True,0.0,master,valid_observed_phase_at_origin,BASE,calibration,1,2,spectral_core,local_partition_rf,0,0.02,0,0.11
3166,2018-06,2018-02,4,0,True,0.0,master,valid_observed_phase_at_origin,BASE,calibration,1,2,spectral_core,local_partition_rf,0,0.23,0,0.32
3167,2018-06,2018-02,4,0,True,0.0,master,valid_observed_phase_at_origin,BASE,calibration,1,16,spectral_core,local_partition_rf,0,0.26,0,0.27
3168,2018-06,2018-02,4,0,True,0.0,master,valid_observed_phase_at_origin,BASE,calibration,1,16,spectral_core,local_partition_rf,0,0.33,0,0.42
3169,2018-06,2018-02,4,0,True,0.0,master,valid_observed_phase_at_origin,BASE,calibration,1,16,spectral_core,local_partition_rf,0,0.42,0,0.35
3170,2018-06,2018-02,4,0,True,0.0,master,valid_observed_phase_at_origin,BASE,calibration,1,16,spectral_core,local_partition_rf,1,0.53,0,0.41
3171,2018-06,2018-02,4,0,True,0.0,master,valid_observed_phase_at_origin,BASE,calibration,1,2,spectral_core,local_partition_rf,0,0.0,0,0.02
3172,2018-06,2018-02,4,0,True,0.0,master,valid_observed_phase_at_origin,BASE,calibration,1,2,spectral_core,local_partition_rf,0,0.0,0,0.0
3173,2018-06,2018-02,4,0,True,0.0,master,valid_observed_phase_at_origin,BASE,calibration,1,2,spectral_core,local_partition_rf,0,0.0,0,0.0
3174,2018-06,2018-02,4,0,True,0.0,master,valid_observed_phase_at_origin,BASE,calibration,1,2,spectral_core,local_partition_rf,0,0.01,0,0.01
3175,2018-06,2018-02,4,0,True,0.0,master,valid_observed_phase_at_origin,BASE,calibration,1,2,spectral_core,local_partition_rf,0,0.0,0,0.0
3176,2018-06,2018-02,4,0,True,0.0,master,valid_observed_phase_at_origin,BASE,calibration,1,2,spectral_core,local_partition_rf,0,0.0,0,0.0
3177,2018-06,2018-02,4,0,True,0.0,master,valid_observed_phase_at_origin,BASE,calibration,1,2,spectral_core,local_partition_rf,0,0.0,0,0.01
3178,2018-06,2018-02,4,0,True,0.0,master,valid_observed_phase_at_origin,BASE,calibration,1,2,spectral_core,local_partition_rf,0,0.0,0,0.0
3179,2018-06,2018-02,4,0,True,0.0,master,valid_observed_phase_at_origin,BASE,calibration,1,2,spectral_core,local_partition_rf,0,0.0,0,0.0
3180,2018-06,2018-02,4,0,True,0.0,master,valid_observed_phase_at_origin,BASE,calibration,1,2,spectral_core,local_partition_rf,0,0.0,0,0.01
3181,2018-06,2018-02,4,0,True,0.0,master,valid_observed_phase_at_origin,BASE,calibration,1,2,spectral_core,local_partition_rf,0,0.0,0,0.0
3182,2018-06,2018-02,4,0,True,0.0,master,valid_observed_phase_at_origin,BASE,calibration,1,2,spectral_core,local_partition_rf,0,0.0,0,0.0
3183,2018-06,2018-02,4,0,True,0.0,master,valid_observed_phase_at_origin,BASE,calibration,1,2,spectral_core,local_partition_rf,0,0.02,0,0.03
3184,2018-06,2018-02,4,0,True,0.0,master,valid_observed_phase_at_origin,BASE,calibration,1,2,spectral_core,local_partition_rf,0,0.0,0,0.01
3185,2018-06,2018-02,4,0,True,0.0,master,valid_observed_phase_at_origin,BASE,calibration,1,2,spectral_core,local_partition_rf,0,0.01,0,0.02
3186,2018-06,2018-02,4,0,True,0.0,master,valid_observed_phase_at_origin,BASE,calibration,1,2,spectral_core,local_partition_rf,0,0.01,0,0.02
3187,2018-06,2018-02,4,0,True,0.0,master,valid_observed_phase_at_origin,BASE,calibration,1,2,spectral_core,local_partition_rf,0,0.0,0,0.0
3188,2018-06,2018-02,4,0,True,0.0,master,valid_observed_phase_at_origin,BASE,calibration,1,2,spectral_core,local_partition_rf,0,0.03,0,0.03
3189,2018-06,2018-02,4,0,True,0.0,master,valid_observed_phase_at_origin,BASE,calibration,1,2,spectral_core,local_partition_rf,0,0.0,0,0.0
3190,2018-06,2018-02,4,0,True,0.0,master,valid_observed_phase_at_origin,BASE,calibration,1,2,spectral_core,local_partition_rf,0,0.0,0,0.02
3191,2018-06,2018-02,4,0,True,0.0,master,valid_observed_phase_at_origin,BASE,calibration,1,2,spectral_core,local_partition_rf,0,0.0,0,0.0
3192,2018-06,2018-02,4,0,True,0.0,master,valid_observed_phase_at_origin,BASE,calibration,1,2,spectral_core,local_partition_rf,0,0.01,0,0.0
3193,2018-06,2018-02,4,0,True,0.0,master,valid_observed_phase_at_origin,BASE,calibration,1,2,spectral_core,local_partition_rf,0,0.0,0,0.0
3194,2018-06,2018-02,4,0,True,0.0,master,valid_observed_phase_at_origin,BASE,calibration,1,2,spectral_core,local_partition_rf,0,0.01,0,0.0
3195,2018-06,2018-02,4,0,True,0.0,master,valid_observed_phase_at_origin,BASE,calibration,1,2,spectral_core,local_partition_rf,0,0.01,0,0.01
3196,2018-06,2018-02,4,0,True,0.0,master,valid_observed_phase_at_origin,BASE,calibration,1,2,spectral_core,local_partition_rf,0,0.0,0,0.02
3197,2018-06,2018-02,4,0,True,0.0,master,valid_observed_phase_at_origin,BASE,calibration,1,2,spectral_core,local_partition_rf,0,0.01,0,0.02
3198,2018-06,2018-02,4,0,True,0.0,master,valid_observed_phase_at_origin,BASE,calibration,1,2,spectral_core,local_partition_rf,0,0.01,0,0.04
3199,2018-06,2018-02,4,0,True,0.0,master,valid_observed_phase_at_origin,BASE,calibration,1,2,spectral_core,local_partition_rf,0,0.0,0,0.03
3200,2018-06,2018-02,4,0,True,0.0,master,valid_observed_phase_at_origin,BASE,calibration,1,2,spectral_core,local_partition_rf,0,0.01,0,0.01
3201,2018-06,2018-02,4,0,True,0.0,master,valid_observed_phase_at_origin,BASE,calibration,1,2,spectral_core,local_partition_rf,0,0.0,0,0.04
3202,2018-06,2018-02,4,0,True,0.0,master,valid_observed_phase_at_origin,BASE,calibration,1,2,spectral_core,local_partition_rf,0,0.0,0,0.03
3203,2018-06,2018-02,4,0,True,0.0,master,valid_observed_phase_at_origin,BASE,calibration,1,2,spectral_core,local_partition_rf,0,0.0,0,0.01
3204,2018-06,2018-02,4,0,True,0.0,master,valid_observed_phase_at_origin,BASE,calibration,1,2,spectral_core,local_partition_rf,0,0.01,0,0.02
3205,2018-06,2018-02,4,0,True,0.0,master,valid_observed_phase_at_origin,BASE,calibration,1,2,spectral_core,local_partition_rf,0,0.0,0,0.02
3206,2018-06,2018-02,4,0,True,0.0,master,valid_observed_phase_at_origin,BASE,calibration,1,2,spectral_core,local_partition_rf,0,0.0,0,0.02
3207,2018-06,2018-02,4,0,True,0.0,master,valid_observed_phase_at_origin,BASE,calibration,1,2,spectral_core,local_partition_rf,0,0.0,0,0.01
3208,2018-06,2018-02,4,0,True,0.0,master,valid_observed_phase_at_origin,BASE,calibration,1,2,spectral_core,local_partition_rf,0,0.0,0,0.0
3209,2018-06,2018-02,4,0,True,0.0,master,valid_observed_phase_at_origin,BASE,calibration,1,2,spectral_core,local_partition_rf,0,0.0,0,0.01
3210,2018-06,2018-02,4,0,True,0.0,master,valid_observed_phase_at_origin,BASE,calibration,1,2,spectral_core,local_partition_rf,0,0.0,0,0.0
3211,2018-06,2018-02,4,0,True,0.0,master,valid_observed_phase_at_origin,BASE,calibration,1,2,spectral_core,local_partition_rf,0,0.0,0,0.0
3212,2018-06,2018-02,4,0,True,0.0,master,valid_observed_phase_at_origin,BASE,calibration,1,2,spectral_core,local_partition_rf,0,0.0,0,0.01
3213,2018-06,2018-02,4,0,True,0.0,master,valid_observed_phase_at_origin,BASE,calibration,1,2,spectral_core,local_partition_rf,0,0.01,0,0.0
3214,2018-06,2018-02,4,0,True,0.0,master,valid_observed_phase_at_origin,BASE,calibration,1,2,spectral_core,local_partition_rf,0,0.0,0,0.02
3215,2018-06,2018-02,4,0,True,0.0,master,valid_observed_phase_at_origin,BASE,calibration,1,2,spectral_core,local_partition_rf,0,0.0,0,0.01
3216,2018-06,2018-02,4,0,True,0.0,master,valid_observed_phase_at_origin,BASE,calibration,1,2,spectral_core,local_partition_rf,0,0.0,0,0.04
3217,2018-06,2018-02,4,0,True,0.0,master,valid_observed_phase_at_origin,BASE,calibration,1,2,spectral_core,local_partition_rf,0,0.0,0,0.03
3218,2018-06,2018-02,4,0,True,0.0,master,valid_observed_phase_at_origin,BASE,calibration,1,2,spectral_core,local_partition_rf,0,0.01,0,0.0
3219,2018-06,2018-02,4,0,True,0.0,master,valid_observed_phase_at_origin,BASE,calibration,1,2,spectral_core,local_partition_rf,0,0.02,0,0.01
3220,2018-06,2018-02,4,0,True,0.0,master,valid_observed_phase_at_origin,BASE,calibration,1,2,spectral_core,local_partition_rf,0,0.01,0,0.01
3221,2018-06,2018-02,4,0,True,0.0,master,valid_observed_phase_at_origin,BASE,calibration,1,2,spectral_core,local_partition_rf,0,0.04,0,0.02
3222,2018-06,2018-02,4,0,True,0.0,master,valid_observed_phase_at_origin,BASE,calibration,1,2,spectral_core,local_partition_rf,0,0.02,0,0.01
3223,2018-06,2018-02,4,0,True,0.0,master,valid_observed_phase_at_origin,BASE,calibration,1,2,spectral_core,local_partition_rf,0,0.02,0,0.01
3224,2018-06,2018-02,4,0,True,0.0,master,valid_observed_phase_at_origin,BASE,calibration,1,2,spectral_core,local_partition_rf,0,0.0,0,0.06
3225,2018-06,2018-02,4,0,True,0.0,master,valid_observed_phase_at_origin,BASE,calibration,1,2,spectral_core,local_partition_rf,0,0.0,0,0.01
3226,2018-06,2018-02,4,0,True,0.0,master,valid_observed_phase_at_origin,BASE,calibration,1,2,spectral_core,local_partition_rf,0,0.0,0,0.03
3227,2018-06,2018-02,4,0,True,0.0,master,valid_observed_phase_at_origin,BASE,calibration,1,2,spectral_core,local_partition_rf,0,0.0,0,0.05
3228,2018-06,2018-02,4,0,True,0.0,master,valid_observed_phase_at_origin,BASE,calibration,1,2,spectral_core,local_partition_rf,0,0.0,0,0.05
3229,2018-06,2018-02,4,0,True,0.0,master,valid_observed_phase_at_origin,BASE,calibration,1,2,spectral_core,local_partition_rf,0,0.02,0,0.03
3230,2018-06,2018-02,4,0,True,0.0,master,valid_observed_phase_at_origin,BASE,calibration,1,2,spectral_core,local_partition_rf,0,0.01,0,0.02
3231,2018-06,2018-02,4,0,True,0.0,master,valid_observed_phase_at_origin,BASE,calibration,1,2,spectral_core,local_partition_rf,0,0.01,0,0.01
3232,2018-06,2018-02,4,0,True,0.0,master,valid_observed_phase_at_origin,BASE,calibration,1,2,spectral_core,local_partition_rf,0,0.0,0,0.01
3233,2018-06,2018-02,4,0,True,0.0,master,valid_observed_phase_at_origin,BASE,calibration,1,2,spectral_core,local_partition_rf,0,0.0,0,0.03
3234,2018-06,2018-02,4,0,True,0.0,master,valid_observed_phase_at_origin,BASE,calibration,1,2,spectral_core,local_partition_rf,0,0.01,0,0.03
3235,2018-06,2018-02,4,0,True,0.0,master,valid_observed_phase_at_origin,BASE,calibration,1,2,spectral_core,local_partition_rf,0,0.0,0,0.02
3236,2018-06,2018-02,4,0,True,0.0,master,valid_observed_phase_at_origin,BASE,calibration,1,2,spectral_core,local_partition_rf,0,0.01,0,0.02
3237,2018-06,2018-02,4,0,True,0.0,master,valid_observed_phase_at_origin,BASE,calibration,1,2,spectral_core,local_partition_rf,0,0.0,0,0.02
3238,2018-06,2018-02,4,0,True,0.0,master,valid_observed_phase_at_origin,BASE,calibration,1,2,spectral_core,local_partition_rf,0,0.03,0,0.09
3239,2018-06,2018-02,4,0,True,0.0,master,valid_observed_phase_at_origin,BASE,calibration,1,2,spectral_core,local_partition_rf,0,0.0,0,0.02
3240,2018-06,2018-02,4,0,True,0.0,master,valid_observed_phase_at_origin,BASE,calibration,1,2,spectral_core,local_partition_rf,0,0.0,0,0.01
3241,2018-06,2018-02,4,0,True,0.0,master,valid_observed_phase_at_origin,BASE,calibration,1,2,spectral_core,local_partition_rf,0,0.01,0,0.03
3242,2018-06,2018-02,4,0,True,0.0,master,valid_observed_phase_at_origin,BASE,calibration,1,2,spectral_core,local_partition_rf,0,0.01,0,0.01
3243,2018-06,2018-02,4,0,True,0.0,master,valid_observed_phase_at_origin,BASE,calibration,1,2,spectral_core,local_partition_rf,0,0.0,0,0.02
3244,2018-06,2018-02,4,0,True,0.0,master,valid_observed_phase_at_origin,BASE,calibration,1,2,spectral_core,local_partition_rf,0,0.0,0,0.01
3245,2018-06,2018-02,4,0,True,0.0,master,valid_observed_phase_at_origin,BASE,calibration,1,2,spectral_core,local_partition_rf,0,0.0,0,0.02
3246,2018-06,2018-02,4,0,True,0.0,master,valid_observed_phase_at_origin,BASE,calibration,1,2,spectral_core,local_partition_rf,0,0.01,0,0.03
3247,2018-06,2018-02,4,0,True,0.0,master,valid_observed_phase_at_origin,BASE,calibration,1,2,spectral_core,local_partition_rf,0,0.0,0,0.02
3248,2018-06,2018-02,4,0,True,0.0,master,valid_observed_phase_at_origin,BASE,calibration,1,2,spectral_core,local_partition_rf,0,0.0,0,0.01
3249,2018-06,2018-02,4,0,True,0.0,master,valid_observed_phase_at_origin,BASE,calibration,1,2,spectral_core,local_partition_rf,0,0.03,0,0.03
3250,2018-06,2018-02,4,0,True,0.0,master,valid_observed_phase_at_origin,BASE,calibration,1,2,spectral_core,local_partition_rf,0,0.03,0,0.04
3251,2018-06,2018-02,4,0,True,0.0,master,valid_observed_phase_at_origin,BASE,calibration,1,2,spectral_core,local_partition_rf,0,0.01,0,0.02
3252,2018-06,2018-02,4,0,True,0.0,master,valid_observed_phase_at_origin,BASE,calibration,1,2,spectral_core,local_partition_rf,0,0.0,0,0.01
3253,2018-06,2018-02,4,0,True,0.0,master,valid_observed_phase_at_origin,BASE,calibration,1,2,spectral_core,local_partition_rf,0,0.0,0,0.04
3254,2018-06,2018-02,4,0,True,0.0,master,valid_observed_phase_at_origin,BASE,calibration,1,2,spectral_core,local_partition_rf,0,0.0,0,0.03
3255,2018-06,2018-02,4,0,True,0.0,master,valid_observed_phase_at_origin,BASE,calibration,1,2,spectral_core,local_partition_rf,0,0.0,0,0.01
3256,2018-06,2018-02,4,0,True,0.0,master,valid_observed_phase_at_origin,BASE,calibration,1,2,spectral_core,local_partition_rf,0,0.01,0,0.02
3257,2018-06,2018-02,4,0,True,0.0,master,valid_observed_phase_at_origin,BASE,calibration,1,2,spectral_core,local_partition_rf,0,0.0,0,0.01
3258,2018-06,2018-02,4,0,True,0.0,master,valid_observed_phase_at_origin,BASE,calibration,1,2,spectral_core,local_partition_rf,0,0.0,0,0.02
3259,2018-06,2018-02,4,0,True,0.0,master,valid_observed_phase_at_origin,BASE,calibration,1,2,spectral_core,local_partition_rf,0,0.01,0,0.02
3260,2018-06,2018-02,4,0,True,0.0,master,valid_observed_phase_at_origin,BASE,calibration,1,2,spectral_core,local_partition_rf,0,0.0,0,0.01
3261,2018-06,2018-02,4,0,True,0.0,master,valid_observed_phase_at_origin,BASE,calibration,1,2,spectral_core,local_partition_rf,0,0.03,0,0.09
3262,2018-06,2018-02,4,0,True,0.0,master,valid_observed_phase_at_origin,BASE,calibration,1,2,spectral_core,local_partition_rf,0,0.04,0,0.04
3263,2018-06,2018-02,4,0,True,0.0,master,valid_observed_phase_at_origin,BASE,calibration,1,2,spectral_core,local_partition_rf,0,0.01,0,0.01
3264,2018-06,2018-02,4,0,True,0.0,master,valid_observed_phase_at_origin,BASE,calibration,1,2,spectral_core,local_partition_rf,0,0.02,0,0.02
3265,2018-06,2018-02,4,0,True,0.0,master,valid_observed_phase_at_origin,BASE,calibration,1,2,spectral_core,local_partition_rf,0,0.01,0,0.02
3266,2018-06,2018-02,4,0,True,0.0,master,valid_observed_phase_at_origin,BASE,calibration,1,2,spectral_core,local_partition_rf,0,0.01,0,0.01
3267,2018-06,2018-02,4,0,True,0.0,master,valid_observed_phase_at_origin,BASE,calibration,1,2,spectral_core,local_partition_rf,0,0.01,0,0.03
3268,2018-06,2018-02,4,0,True,0.0,master,valid_observed_phase_at_origin,BASE,calibration,1,2,spectral_core,local_partition_rf,0,0.0,0,0.02
3269,2018-06,2018-02,4,0,True,0.0,master,valid_observed_phase_at_origin,BASE,calibration,1,2,spectral_core,local_partition_rf,0,0.02,0,0.04
3270,2018-06,2018-02,4,0,True,0.0,master,valid_observed_phase_at_origin,BASE,calibration,1,2,spectral_core,local_partition_rf,0,0.0,0,0.03
3271,2018-06,2018-02,4,0,True,0.0,master,valid_observed_phase_at_origin,BASE,calibration,1,2,spectral_core,local_partition_rf,0,0.0,0,0.01
3272,2018-06,2018-02,4,0,True,0.0,master,valid_observed_phase_at_origin,BASE,calibration,1,2,spectral_core,local_partition_rf,0,0.02,0,0.02
3273,2018-06,2018-02,4,0,True,0.0,master,valid_observed_phase_at_origin,BASE,calibration,1,2,spectral_core,local_partition_rf,0,0.01,0,0.0
3274,2018-06,2018-02,4,0,True,0.0,master,valid_observed_phase_at_origin,BASE,calibration,1,2,spectral_core,local_partition_rf,0,0.01,0,0.01
3275,2018-06,2018-02,4,0,True,0.0,master,valid_observed_phase_at_origin,BASE,calibration,1,2,spectral_core,local_partition_rf,0,0.0,0,0.07
3276,2018-06,2018-02,4,0,True,0.0,master,valid_observed_phase_at_origin,BASE,calibration,1,2,spectral_core,local_partition_rf,0,0.02,0,0.02
3277,2018-06,2018-02,4,0,True,0.0,master,valid_observed_phase_at_origin,BASE,calibration,1,2,spectral_core,local_partition_rf,0,0.0,0,0.01
3278,2018-06,2018-02,4,0,True,0.0,master,valid_observed_phase_at_origin,BASE,calibration,1,2,spectral_core,local_partition_rf,0,0.01,0,0.04
3279,2018-06,2018-02,4,0,True,0.0,master,valid_observed_phase_at_origin,BASE,calibration,1,2,spectral_core,local_partition_rf,0,0.03,0,0.04
3280,2018-06,2018-02,4,0,True,0.0,master,valid_observed_phase_at_origin,BASE,calibration,1,2,spectral_core,local_partition_rf,0,0.05,0,0.05
3281,2018-06,2018-02,4,0,True,0.0,master,valid_observed_phase_at_origin,BASE,calibration,1,2,spectral_core,local_partition_rf,0,0.01,0,0.03
3282,2018-06,2018-02,4,0,True,0.0,master,valid_observed_phase_at_origin,BASE,calibration,1,2,spectral_core,local_partition_rf,0,0.05,0,0.11
3283,2018-06,2018-02,4,0,True,0.0,master,valid_observed_phase_at_origin,BASE,calibration,1,2,spectral_core,local_partition_rf,0,0.0,0,0.04
3284,2018-06,2018-02,4,0,True,0.0,master,valid_observed_phase_at_origin,BASE,calibration,1,2,spectral_core,local_partition_rf,0,0.02,0,0.03
3285,2018-06,2018-02,4,0,True,0.0,master,valid_observed_phase_at_origin,BASE,calibration,1,2,spectral_core,local_partition_rf,0,0.0,0,0.02
3286,2018-06,2018-02,4,0,True,0.0,master,valid_observed_phase_at_origin,BASE,calibration,1,2,spectral_core,local_partition_rf,0,0.01,0,0.03
3287,2018-06,2018-02,4,0,True,0.0,master,valid_observed_phase_at_origin,BASE,calibration,1,2,spectral_core,local_partition_rf,0,0.01,0,0.02
3288,2018-06,2018-02,4,0,True,0.0,master,valid_observed_phase_at_origin,BASE,calibration,1,2,spectral_core,local_partition_rf,0,0.01,0,0.02
3289,2018-06,2018-02,4,0,True,0.0,master,valid_observed_phase_at_origin,BASE,calibration,1,2,spectral_core,local_partition_rf,0,0.01,0,0.02
3290,2018-06,2018-02,4,0,True,0.0,master,valid_observed_phase_at_origin,BASE,calibration,1,2,spectral_core,local_partition_rf,0,0.02,0,0.03
3291,2018-06,2018-02,4,0,True,0.0,master,valid_observed_phase_at_origin,BASE,calibration,1,2,spectral_core,local_partition_rf,0,0.01,0,0.0
3292,2018-06,2018-02,4,0,True,0.0,master,valid_observed_phase_at_origin,BASE,calibration,1,2,spectral_core,local_partition_rf,0,0.03,0,0.04
3293,2018-06,2018-02,4,0,True,0.0,master,valid_observed_phase_at_origin,BASE,calibration,1,2,spectral_core,local_partition_rf,0,0.02,0,0.03
3294,2018-06,2018-02,4,0,True,0.0,master,valid_observed_phase_at_origin,BASE,calibration,1,2,spectral_core,local_partition_rf,0,0.04,0,0.12
3295,2018-06,2018-02,4,0,True,0.0,master,valid_observed_phase_at_origin,BASE,calibration,1,2,spectral_core,local_partition_rf,0,0.01,0,0.02
3296,2018-06,2018-02,4,0,True,0.0,master,valid_observed_phase_at_origin,BASE,calibration,1,2,spectral_core,local_partition_rf,0,0.02,0,0.01
3297,2018-06,2018-02,4,0,True,0.0,master,valid_observed_phase_at_origin,BASE,calibration,1,2,spectral_core,local_partition_rf,0,0.0,0,0.02
3298,2018-06,2018-02,4,0,True,0.0,master,valid_observed_phase_at_origin,BASE,calibration,1,2,spectral_core,local_partition_rf,0,0.01,0,0.08
3299,2018-06,2018-02,4,0,True,0.0,master,valid_observed_phase_at_origin,BASE,calibration,1,2,spectral_core,local_partition_rf,0,0.13,0,0.12
3300,2018-06,2018-02,4,0,True,0.0,master,valid_observed_phase_at_origin,BASE,calibration,1,2,spectral_core,local_partition_rf,0,0.09,0,0.09
3301,2018-06,2018-02,4,0,True,0.0,master,valid_observed_phase_at_origin,BASE,calibration,1,2,spectral_core,local_partition_rf,0,0.01,0,0.02
3302,2018-06,2018-02,4,0,True,0.0,master,valid_observed_phase_at_origin,BASE,calibration,1,2,spectral_core,local_partition_rf,0,0.03,0,0.01
3303,2018-06,2018-02,4,0,True,0.0,master,valid_observed_phase_at_origin,BASE,calibration,1,2,spectral_core,local_partition_rf,0,0.03,0,0.02
3304,2018-06,2018-02,4,0,True,0.0,master,valid_observed_phase_at_origin,BASE,calibration,1,2,spectral_core,local_partition_rf,0,0.0,0,0.03
3305,2018-06,2018-02,4,0,True,0.0,master,valid_observed_phase_at_origin,BASE,calibration,1,2,spectral_core,local_partition_rf,0,0.02,0,0.01
3306,2018-06,2018-02,4,0,True,0.0,master,valid_observed_phase_at_origin,BASE,calibration,1,2,spectral_core,local_partition_rf,0,0.05,0,0.09
3307,2018-06,2018-02,4,0,True,0.0,master,valid_observed_phase_at_origin,BASE,calibration,1,2,spectral_core,local_partition_rf,0,0.0,0,0.02
3308,2018-06,2018-02,4,0,True,0.0,master,valid_observed_phase_at_origin,BASE,calibration,1,2,spectral_core,local_partition_rf,0,0.0,0,0.02
3309,2018-06,2018-02,4,0,True,0.0,master,valid_observed_phase_at_origin,BASE,calibration,1,16,spectral_core,local_partition_rf,0,0.03,0,0.04
3310,2018-06,2018-02,4,0,True,0.0,master,valid_observed_phase_at_origin,BASE,calibration,1,2,spectral_core,local_partition_rf,0,0.02,0,0.11
3311,2018-06,2018-02,4,0,True,0.0,master,valid_observed_phase_at_origin,BASE,calibration,1,2,spectral_core,local_partition_rf,0,0.02,0,0.08
3312,2018-06,2018-02,4,0,True,0.0,master,valid_observed_phase_at_origin,BASE,calibration,1,2,spectral_core,local_partition_rf,0,0.0,0,0.02
3313,2018-06,2018-02,4,0,True,0.0,master,valid_observed_phase_at_origin,BASE,calibration,1,2,spectral_core,local_partition_rf,0,0.0,0,0.01
3314,2018-06,2018-02,4,0,True,0.0,master,valid_observed_phase_at_origin,BASE,calibration,1,2,spectral_core,local_partition_rf,0,0.03,0,0.02
3315,2018-06,2018-02,4,0,True,0.0,master,valid_observed_phase_at_origin,BASE,calibration,1,2,spectral_core,local_partition_rf,0,0.0,0,0.01
3316,2018-06,2018-02,4,0,True,0.0,master,valid_observed_phase_at_origin,BASE,calibration,1,2,spectral_core,local_partition_rf,0,0.05,0,0.07
3317,2018-06,2018-02,4,0,True,0.0,master,valid_observed_phase_at_origin,BASE,calibration,1,2,spectral_core,local_partition_rf,0,0.03,0,0.02
3318,2018-06,2018-02,4,0,True,0.0,master,valid_observed_phase_at_origin,BASE,calibration,1,2,spectral_core,local_partition_rf,0,0.04,0,0.02
3319,2018-06,2018-02,4,0,True,0.0,master,valid_observed_phase_at_origin,BASE,calibration,1,-1,unassigned_nearest_donor_beyond_100km,pooled_unassigned_area,0,0.06,0,0.06
3320,2018-06,2018-02,4,0,True,0.0,master,valid_observed_phase_at_origin,BASE,calibration,1,-1,unassigned_nearest_donor_beyond_100km,pooled_unassigned_area,0,0.1,0,0.1
3321,2018-06,2018-02,4,0,True,0.0,master,valid_observed_phase_at_origin,BASE,calibration,1,-1,unassigned_nearest_donor_beyond_100km,pooled_unassigned_area,0,0.08,0,0.08
3322,2018-06,2018-02,4,0,True,0.0,master,valid_observed_phase_at_origin,BASE,calibration,1,-1,unassigned_nearest_donor_beyond_100km,pooled_unassigned_area,0,0.1,0,0.1
3323,2018-06,2018-02,4,0,True,0.0,master,valid_observed_phase_at_origin,BASE,calibration,1,-1,unassigned_nearest_donor_beyond_100km,pooled_unassigned_area,0,0.06,0,0.06
3324,2018-06,2018-02,4,0,True,0.0,master,valid_observed_phase_at_origin,BASE,calibration,1,-1,unassigned_nearest_donor_beyond_100km,pooled_unassigned_area,0,0.05,0,0.05
3325,2018-06,2018-02,4,0,True,0.0,master,valid_observed_phase_at_origin,BASE,calibration,1,-1,unassigned_nearest_donor_beyond_100km,pooled_unassigned_area,0,0.07,0,0.07
3326,2018-06,2018-02,4,0,True,0.0,master,valid_observed_phase_at_origin,BASE,calibration,1,-1,unassigned_nearest_donor_beyond_100km,pooled_unassigned_area,0,0.07,0,0.07
3327,2018-06,2018-02,4,0,True,0.0,master,valid_observed_phase_at_origin,BASE,calibration,1,-1,unassigned_nearest_donor_beyond_100km,pooled_unassigned_area,0,0.07,0,0.07
3328,2018-06,2018-02,4,0,True,0.0,master,valid_observed_phase_at_origin,BASE,calibration,1,-1,unassigned_nearest_donor_beyond_100km,pooled_unassigned_area,0,0.04,0,0.04
3329,2018-06,2018-02,4,0,True,0.0,master,valid_observed_phase_at_origin,BASE,calibration,1,-1,unassigned_nearest_donor_beyond_100km,pooled_unassigned_area,0,0.07,0,0.07
3330,2018-06,2018-02,4,0,True,0.0,master,valid_observed_phase_at_origin,BASE,calibration,1,-1,unassigned_nearest_donor_beyond_100km,pooled_unassigned_area,0,0.06,0,0.06
3331,2018-06,2018-02,4,0,True,0.0,master,valid_observed_phase_at_origin,BASE,calibration,1,-1,unassigned_nearest_donor_beyond_100km,pooled_unassigned_area,0,0.11,0,0.11
3332,2018-06,2018-02,4,0,True,0.0,master,valid_observed_phase_at_origin,BASE,calibration,1,-1,unassigned_nearest_donor_beyond_100km,pooled_unassigned_area,0,0.15,0,0.15
3333,2018-06,2018-02,4,1,True,1.0,master,valid_observed_phase_at_origin,BASE,calibration,1,-1,unassigned_nearest_donor_beyond_100km,pooled_unassigned_area,0,0.15,0,0.15
3334,2018-06,2018-02,4,1,True,1.0,master,valid_observed_phase_at_origin,BASE,calibration,1,-1,unassigned_nearest_donor_beyond_100km,pooled_unassigned_area,0,0.13,0,0.13
3335,2018-06,2018-02,4,0,True,0.0,master,valid_observed_phase_at_origin,BASE,calibration,1,-1,unassigned_nearest_donor_beyond_100km,pooled_unassigned_area,0,0.1,0,0.1
3336,2018-06,2018-02,4,1,True,1.0,master,valid_observed_phase_at_origin,BASE,calibration,1,-1,unassigned_nearest_donor_beyond_100km,pooled_unassigned_area,0,0.13,0,0.13
3337,2018-06,2018-02,4,0,True,0.0,master,valid_observed_phase_at_origin,BASE,calibration,1,-1,unassigned_nearest_donor_beyond_100km,pooled_unassigned_area,0,0.09,0,0.09
3338,2018-06,2018-02,4,0,True,0.0,master,valid_observed_phase_at_origin,BASE,calibration,1,-1,unassigned_nearest_donor_beyond_100km,pooled_unassigned_area,0,0.07,0,0.07
3339,2018-06,2018-02,4,0,True,0.0,master,valid_observed_phase_at_origin,BASE,calibration,1,-1,unassigned_nearest_donor_beyond_100km,pooled_unassigned_area,0,0.07,0,0.07
3340,2018-06,2018-02,4,0,True,0.0,master,valid_observed_phase_at_origin,BASE,calibration,1,-1,unassigned_nearest_donor_beyond_100km,pooled_unassigned_area,0,0.09,0,0.09
3341,2018-06,2018-02,4,0,True,0.0,master,valid_observed_phase_at_origin,BASE,calibration,1,-1,unassigned_nearest_donor_beyond_100km,pooled_unassigned_area,0,0.08,0,0.08
3342,2018-06,2018-02,4,0,True,0.0,master,valid_observed_phase_at_origin,BASE,calibration,1,-1,unassigned_nearest_donor_beyond_100km,pooled_unassigned_area,0,0.1,0,0.1
3343,2018-06,2018-02,4,0,True,0.0,master,valid_observed_phase_at_origin,BASE,calibration,1,-1,unassigned_nearest_donor_beyond_100km,pooled_unassigned_area,0,0.08,0,0.08
3344,2018-06,2018-02,4,0,True,0.0,master,valid_observed_phase_at_origin,BASE,calibration,1,-1,unassigned_nearest_donor_beyond_100km,pooled_unassigned_area,0,0.08,0,0.08
3345,2018-06,2018-02,4,0,True,0.0,master,valid_observed_phase_at_origin,BASE,calibration,1,-1,unassigned_nearest_donor_beyond_100km,pooled_unassigned_area,0,0.11,0,0.11
3346,2018-06,2018-02,4,0,True,0.0,master,valid_observed_phase_at_origin,BASE,calibration,1,-1,unassigned_nearest_donor_beyond_100km,pooled_unassigned_area,0,0.05,0,0.05
3347,2018-06,2018-02,4,0,True,0.0,master,valid_observed_phase_at_origin,BASE,calibration,1,-1,unassigned_nearest_donor_beyond_100km,pooled_unassigned_area,0,0.11,0,0.11
3348,2018-06,2018-02,4,0,True,0.0,master,valid_observed_phase_at_origin,BASE,calibration,1,-1,unassigned_nearest_donor_beyond_100km,pooled_unassigned_area,0,0.12,0,0.12
3349,2018-06,2018-02,4,0,True,0.0,master,valid_observed_phase_at_origin,BASE,calibration,1,-1,unassigned_nearest_donor_beyond_100km,pooled_unassigned_area,0,0.15,0,0.15
3350,2018-06,2018-02,4,0,True,0.0,master,valid_observed_phase_at_origin,BASE,calibration,1,-1,unassigned_nearest_donor_beyond_100km,pooled_unassigned_area,0,0.09,0,0.09
3351,2018-06,2018-02,4,0,True,0.0,master,valid_observed_phase_at_origin,BASE,calibration,1,-1,unassigned_nearest_donor_beyond_100km,pooled_unassigned_area,0,0.11,0,0.11
3352,2018-06,2018-02,4,0,True,0.0,master,valid_observed_phase_at_origin,BASE,calibration,1,-1,unassigned_nearest_donor_beyond_100km,pooled_unassigned_area,0,0.08,0,0.08
3353,2018-06,2018-02,4,0,True,0.0,master,valid_observed_phase_at_origin,BASE,calibration,1,-1,unassigned_nearest_donor_beyond_100km,pooled_unassigned_area,0,0.08,0,0.08
3354,2018-06,2018-02,4,0,True,0.0,master,valid_observed_phase_at_origin,BASE,calibration,1,-1,unassigned_nearest_donor_beyond_100km,pooled_unassigned_area,0,0.09,0,0.09
3355,2018-06,2018-02,4,0,True,0.0,master,valid_observed_phase_at_origin,BASE,calibration,1,-1,unassigned_nearest_donor_beyond_100km,pooled_unassigned_area,0,0.05,0,0.05
3356,2018-06,2018-02,4,0,True,0.0,master,valid_observed_phase_at_origin,BASE,calibration,1,-1,unassigned_nearest_donor_beyond_100km,pooled_unassigned_area,0,0.04,0,0.04
3357,2018-06,2018-02,4,0,True,0.0,master,valid_observed_phase_at_origin,BASE,calibration,1,-1,unassigned_nearest_donor_beyond_100km,pooled_unassigned_area,0,0.04,0,0.04
3358,2018-06,2018-02,4,0,True,0.0,master,valid_observed_phase_at_origin,BASE,calibration,1,-1,unassigned_nearest_donor_beyond_100km,pooled_unassigned_area,0,0.09,0,0.09
3359,2018-06,2018-02,4,0,True,0.0,master,valid_observed_phase_at_origin,BASE,calibration,1,-1,unassigned_nearest_donor_beyond_100km,pooled_unassigned_area,0,0.06,0,0.06
3360,2018-06,2018-02,4,0,True,0.0,master,valid_observed_phase_at_origin,BASE,calibration,1,-1,unassigned_nearest_donor_beyond_100km,pooled_unassigned_area,0,0.07,0,0.07
3361,2018-06,2018-02,4,0,True,0.0,master,valid_observed_phase_at_origin,BASE,calibration,1,-1,unassigned_nearest_donor_beyond_100km,pooled_unassigned_area,0,0.07,0,0.07
3362,2018-06,2018-02,4,0,True,0.0,master,valid_observed_phase_at_origin,BASE,calibration,1,-1,unassigned_nearest_donor_beyond_100km,pooled_unassigned_area,0,0.08,0,0.08
3363,2018-06,2018-02,4,0,True,0.0,master,valid_observed_phase_at_origin,BASE,calibration,1,-1,unassigned_nearest_donor_beyond_100km,pooled_unassigned_area,0,0.08,0,0.08
3364,2018-06,2018-02,4,0,True,0.0,master,valid_observed_phase_at_origin,BASE,calibration,1,-1,unassigned_nearest_donor_beyond_100km,pooled_unassigned_area,0,0.05,0,0.05
3365,2018-06,2018-02,4,0,True,0.0,master,valid_observed_phase_at_origin,BASE,calibration,1,-1,unassigned_nearest_donor_beyond_100km,pooled_unassigned_area,0,0.06,0,0.06
3366,2018-06,2018-02,4,0,True,0.0,master,valid_observed_phase_at_origin,BASE,calibration,1,-1,unassigned_nearest_donor_beyond_100km,pooled_unassigned_area,0,0.07,0,0.07
3367,2018-06,2018-02,4,0,True,0.0,master,valid_observed_phase_at_origin,BASE,calibration,1,-1,unassigned_nearest_donor_beyond_100km,pooled_unassigned_area,0,0.07,0,0.07
3368,2018-06,2018-02,4,0,True,0.0,master,valid_observed_phase_at_origin,BASE,calibration,1,-1,unassigned_nearest_donor_beyond_100km,pooled_unassigned_area,0,0.07,0,0.07
3369,2018-06,2018-02,4,0,True,0.0,master,valid_observed_phase_at_origin,BASE,calibration,1,-1,unassigned_nearest_donor_beyond_100km,pooled_unassigned_area,0,0.06,0,0.06
3370,2018-06,2018-02,4,0,True,0.0,master,valid_observed_phase_at_origin,BASE,calibration,1,-1,unassigned_nearest_donor_beyond_100km,pooled_unassigned_area,0,0.09,0,0.09
3371,2018-06,2018-02,4,0,True,0.0,master,valid_observed_phase_at_origin,BASE,calibration,1,-1,unassigned_nearest_donor_beyond_100km,pooled_unassigned_area,0,0.08,0,0.08
3372,2018-06,2018-02,4,0,True,0.0,master,valid_observed_phase_at_origin,BASE,calibration,1,-1,unassigned_nearest_donor_beyond_100km,pooled_unassigned_area,0,0.06,0,0.06
3373,2018-06,2018-02,4,0,True,0.0,master,valid_observed_phase_at_origin,BASE,calibration,1,-1,unassigned_nearest_donor_beyond_100km,pooled_unassigned_area,0,0.08,0,0.08
3374,2018-06,2018-02,4,0,True,0.0,master,valid_observed_phase_at_origin,BASE,calibration,1,-1,unassigned_nearest_donor_beyond_100km,pooled_unassigned_area,0,0.08,0,0.08
3375,2018-06,2018-02,4,0,True,0.0,master,valid_observed_phase_at_origin,BASE,calibration,1,-1,unassigned_nearest_donor_beyond_100km,pooled_unassigned_area,0,0.1,0,0.1
3376,2018-06,2018-02,4,0,True,0.0,master,valid_observed_phase_at_origin,BASE,calibration,1,-1,unassigned_nearest_donor_beyond_100km,pooled_unassigned_area,0,0.07,0,0.07
3377,2018-06,2018-02,4,0,True,0.0,master,valid_observed_phase_at_origin,BASE,calibration,1,-1,unassigned_nearest_donor_beyond_100km,pooled_unassigned_area,0,0.06,0,0.06
3378,2018-06,2018-02,4,0,True,0.0,master,valid_observed_phase_at_origin,BASE,calibration,1,-1,unassigned_nearest_donor_beyond_100km,pooled_unassigned_area,0,0.08,0,0.08
3379,2018-06,2018-02,4,0,True,0.0,master,valid_observed_phase_at_origin,BASE,calibration,1,-1,unassigned_nearest_donor_beyond_100km,pooled_unassigned_area,0,0.07,0,0.07
3380,2018-06,2018-02,4,0,True,0.0,master,valid_observed_phase_at_origin,BASE,calibration,1,-1,unassigned_nearest_donor_beyond_100km,pooled_unassigned_area,0,0.08,0,0.08
3381,2018-06,2018-02,4,0,True,0.0,master,valid_observed_phase_at_origin,BASE,calibration,1,-1,unassigned_nearest_donor_beyond_100km,pooled_unassigned_area,0,0.07,0,0.07
3382,2018-06,2018-02,4,0,True,0.0,master,valid_observed_phase_at_origin,BASE,calibration,1,-1,unassigned_nearest_donor_beyond_100km,pooled_unassigned_area,0,0.11,0,0.11
3383,2018-06,2018-02,4,0,True,0.0,master,valid_observed_phase_at_origin,BASE,calibration,1,-1,unassigned_nearest_donor_beyond_100km,pooled_unassigned_area,0,0.06,0,0.06
3384,2018-06,2018-02,4,0,True,0.0,master,valid_observed_phase_at_origin,BASE,calibration,1,-1,unassigned_nearest_donor_beyond_100km,pooled_unassigned_area,0,0.11,0,0.11
3385,2018-06,2018-02,4,0,True,0.0,master,valid_observed_phase_at_origin,BASE,calibration,1,-1,unassigned_nearest_donor_beyond_100km,pooled_unassigned_area,0,0.06,0,0.06
3386,2018-06,2018-02,4,0,True,0.0,master,valid_observed_phase_at_origin,BASE,calibration,1,-1,unassigned_nearest_donor_beyond_100km,pooled_unassigned_area,0,0.15,0,0.15
3387,2018-06,2018-02,4,0,True,0.0,master,valid_observed_phase_at_origin,BASE,calibration,1,-1,unassigned_nearest_donor_beyond_100km,pooled_unassigned_area,0,0.1,0,0.1
3388,2018-06,2018-02,4,0,True,0.0,master,valid_observed_phase_at_origin,BASE,calibration,1,-1,unassigned_nearest_donor_beyond_100km,pooled_unassigned_area,0,0.1,0,0.1
3389,2018-06,2018-02,4,0,True,0.0,master,valid_observed_phase_at_origin,BASE,calibration,1,-1,unassigned_nearest_donor_beyond_100km,pooled_unassigned_area,0,0.13,0,0.13
3390,2018-06,2018-02,4,0,True,0.0,master,valid_observed_phase_at_origin,BASE,calibration,1,-1,unassigned_nearest_donor_beyond_100km,pooled_unassigned_area,0,0.11,0,0.11
3391,2018-06,2018-02,4,0,True,0.0,master,valid_observed_phase_at_origin,BASE,calibration,1,-1,unassigned_nearest_donor_beyond_100km,pooled_unassigned_area,0,0.14,0,0.14
3392,2018-06,2018-02,4,0,True,0.0,master,valid_observed_phase_at_origin,BASE,calibration,1,-1,unassigned_nearest_donor_beyond_100km,pooled_unassigned_area,0,0.08,0,0.08
3393,2018-06,2018-02,4,0,True,0.0,master,valid_observed_phase_at_origin,BASE,calibration,1,-1,unassigned_nearest_donor_beyond_100km,pooled_unassigned_area,0,0.1,0,0.1
3394,2018-06,2018-02,4,0,True,0.0,master,valid_observed_phase_at_origin,BASE,calibration,1,-1,unassigned_nearest_donor_beyond_100km,pooled_unassigned_area,0,0.16,0,0.16
3395,2018-06,2018-02,4,0,True,0.0,master,valid_observed_phase_at_origin,BASE,calibration,1,-1,unassigned_nearest_donor_beyond_100km,pooled_unassigned_area,0,0.18,0,0.18
3396,2018-06,2018-02,4,0,True,0.0,master,valid_observed_phase_at_origin,BASE,calibration,1,-1,unassigned_nearest_donor_beyond_100km,pooled_unassigned_area,0,0.11,0,0.11
3397,2018-06,2018-02,4,0,True,0.0,master,valid_observed_phase_at_origin,BASE,calibration,1,-1,unassigned_nearest_donor_beyond_100km,pooled_unassigned_area,0,0.1,0,0.1
3398,2018-06,2018-02,4,1,True,1.0,master,valid_observed_phase_at_origin,BASE,calibration,1,-1,unassigned_nearest_donor_beyond_100km,pooled_unassigned_area,0,0.18,0,0.18
3399,2018-06,2018-02,4,1,True,1.0,master,valid_observed_phase_at_origin,BASE,calibration,1,-1,unassigned_nearest_donor_beyond_100km,pooled_unassigned_area,0,0.17,0,0.17
3400,2018-06,2018-02,4,1,True,1.0,master,valid_observed_phase_at_origin,BASE,calibration,1,-1,unassigned_nearest_donor_beyond_100km,pooled_unassigned_area,0,0.15,0,0.15
3401,2018-06,2018-02,4,0,True,0.0,master,valid_observed_phase_at_origin,BASE,calibration,1,-1,unassigned_nearest_donor_beyond_100km,pooled_unassigned_area,0,0.11,0,0.11
3402,2018-06,2018-02,4,0,True,0.0,master,valid_observed_phase_at_origin,BASE,calibration,1,-1,unassigned_nearest_donor_beyond_100km,pooled_unassigned_area,0,0.21,0,0.21
3403,2018-06,2018-02,4,1,True,1.0,master,valid_observed_phase_at_origin,BASE,calibration,1,-1,unassigned_nearest_donor_beyond_100km,pooled_unassigned_area,0,0.2,0,0.2
3404,2018-06,2018-02,4,1,True,1.0,master,valid_observed_phase_at_origin,BASE,calibration,1,-1,unassigned_nearest_donor_beyond_100km,pooled_unassigned_area,0,0.24,0,0.24
3405,2018-06,2018-02,4,0,True,0.0,master,valid_observed_phase_at_origin,BASE,calibration,1,-1,unassigned_nearest_donor_beyond_100km,pooled_unassigned_area,0,0.14,0,0.14
3406,2018-06,2018-02,4,1,True,1.0,master,valid_observed_phase_at_origin,BASE,calibration,1,-1,unassigned_nearest_donor_beyond_100km,pooled_unassigned_area,0,0.2,0,0.2
3407,2018-06,2018-02,4,1,True,1.0,master,valid_observed_phase_at_origin,BASE,calibration,1,-1,unassigned_nearest_donor_beyond_100km,pooled_unassigned_area,0,0.15,0,0.15
3408,2018-06,2018-02,4,0,True,0.0,master,valid_observed_phase_at_origin,BASE,calibration,1,-1,unassigned_nearest_donor_beyond_100km,pooled_unassigned_area,0,0.05,0,0.05
3409,2018-06,2018-02,4,0,True,0.0,master,valid_observed_phase_at_origin,BASE,calibration,1,-1,unassigned_nearest_donor_beyond_100km,pooled_unassigned_area,0,0.08,0,0.08
3410,2018-06,2018-02,4,0,True,0.0,master,valid_observed_phase_at_origin,BASE,calibration,1,-1,unassigned_nearest_donor_beyond_100km,pooled_unassigned_area,0,0.07,0,0.07
3411,2018-06,2018-02,4,0,True,0.0,master,valid_observed_phase_at_origin,BASE,calibration,1,-1,unassigned_nearest_donor_beyond_100km,pooled_unassigned_area,0,0.07,0,0.07
3412,2018-06,2018-02,4,0,True,0.0,master,valid_observed_phase_at_origin,BASE,calibration,1,-1,unassigned_nearest_donor_beyond_100km,pooled_unassigned_area,0,0.04,0,0.04
3413,2018-06,2018-02,4,0,True,0.0,master,valid_observed_phase_at_origin,BASE,calibration,1,-1,unassigned_nearest_donor_beyond_100km,pooled_unassigned_area,0,0.04,0,0.04
3414,2018-06,2018-02,4,0,True,0.0,master,valid_observed_phase_at_origin,BASE,calibration,1,-1,unassigned_nearest_donor_beyond_100km,pooled_unassigned_area,0,0.08,0,0.08
3415,2018-06,2018-02,4,0,True,0.0,master,valid_observed_phase_at_origin,BASE,calibration,1,-1,unassigned_nearest_donor_beyond_100km,pooled_unassigned_area,0,0.05,0,0.05
3416,2018-06,2018-02,4,0,True,0.0,master,valid_observed_phase_at_origin,BASE,calibration,1,-1,unassigned_nearest_donor_beyond_100km,pooled_unassigned_area,0,0.04,0,0.04
3417,2018-06,2018-02,4,0,True,0.0,master,valid_observed_phase_at_origin,BASE,calibration,1,-1,unassigned_nearest_donor_beyond_100km,pooled_unassigned_area,0,0.07,0,0.07
3418,2018-06,2018-02,4,0,True,0.0,master,valid_observed_phase_at_origin,BASE,calibration,1,-1,unassigned_nearest_donor_beyond_100km,pooled_unassigned_area,0,0.06,0,0.06
3419,2018-06,2018-02,4,0,True,0.0,master,valid_observed_phase_at_origin,BASE,calibration,1,-1,unassigned_nearest_donor_beyond_100km,pooled_unassigned_area,0,0.07,0,0.07
3420,2018-06,2018-02,4,0,True,0.0,master,valid_observed_phase_at_origin,BASE,calibration,1,-1,unassigned_nearest_donor_beyond_100km,pooled_unassigned_area,0,0.1,0,0.1
3421,2018-06,2018-02,4,0,True,0.0,master,valid_observed_phase_at_origin,BASE,calibration,1,-1,unassigned_nearest_donor_beyond_100km,pooled_unassigned_area,0,0.06,0,0.06
3422,2018-06,2018-02,4,0,True,0.0,master,valid_observed_phase_at_origin,BASE,calibration,1,-1,unassigned_nearest_donor_beyond_100km,pooled_unassigned_area,0,0.06,0,0.06
3423,2018-06,2018-02,4,0,True,0.0,master,valid_observed_phase_at_origin,BASE,calibration,1,-1,unassigned_nearest_donor_beyond_100km,pooled_unassigned_area,0,0.09,0,0.09
3424,2018-06,2018-02,4,0,True,0.0,master,valid_observed_phase_at_origin,BASE,calibration,1,-1,unassigned_nearest_donor_beyond_100km,pooled_unassigned_area,0,0.08,0,0.08
3425,2018-06,2018-02,4,0,True,0.0,master,valid_observed_phase_at_origin,BASE,calibration,1,-1,unassigned_nearest_donor_beyond_100km,pooled_unassigned_area,0,0.06,0,0.06
3426,2018-06,2018-02,4,0,True,0.0,master,valid_observed_phase_at_origin,BASE,calibration,1,-1,unassigned_nearest_donor_beyond_100km,pooled_unassigned_area,0,0.05,0,0.05
3427,2018-06,2018-02,4,0,True,0.0,master,valid_observed_phase_at_origin,BASE,calibration,1,-1,unassigned_nearest_donor_beyond_100km,pooled_unassigned_area,0,0.08,0,0.08
3428,2018-06,2018-02,4,0,True,0.0,master,valid_observed_phase_at_origin,BASE,calibration,1,-1,unassigned_nearest_donor_beyond_100km,pooled_unassigned_area,0,0.08,0,0.08
3429,2018-06,2018-02,4,0,True,0.0,master,valid_observed_phase_at_origin,BASE,calibration,1,-1,unassigned_nearest_donor_beyond_100km,pooled_unassigned_area,0,0.09,0,0.09
3430,2018-06,2018-02,4,0,True,0.0,master,valid_observed_phase_at_origin,BASE,calibration,1,-1,unassigned_nearest_donor_beyond_100km,pooled_unassigned_area,0,0.08,0,0.08
3431,2018-06,2018-02,4,0,True,0.0,master,valid_observed_phase_at_origin,BASE,calibration,1,-1,unassigned_nearest_donor_beyond_100km,pooled_unassigned_area,0,0.07,0,0.07
3432,2018-06,2018-02,4,0,True,0.0,master,valid_observed_phase_at_origin,BASE,calibration,1,-1,unassigned_nearest_donor_beyond_100km,pooled_unassigned_area,0,0.08,0,0.08
3433,2018-06,2018-02,4,0,True,0.0,master,valid_observed_phase_at_origin,BASE,calibration,1,-1,unassigned_nearest_donor_beyond_100km,pooled_unassigned_area,0,0.08,0,0.08
3434,2018-06,2018-02,4,0,True,0.0,master,valid_observed_phase_at_origin,BASE,calibration,1,-1,unassigned_nearest_donor_beyond_100km,pooled_unassigned_area,0,0.09,0,0.09
3435,2018-06,2018-02,4,0,True,0.0,master,valid_observed_phase_at_origin,BASE,calibration,1,-1,unassigned_nearest_donor_beyond_100km,pooled_unassigned_area,0,0.09,0,0.09
3436,2018-06,2018-02,4,0,True,0.0,master,valid_observed_phase_at_origin,BASE,calibration,1,-1,unassigned_nearest_donor_beyond_100km,pooled_unassigned_area,0,0.11,0,0.11
3437,2018-06,2018-02,4,0,True,0.0,master,valid_observed_phase_at_origin,BASE,calibration,1,-1,unassigned_nearest_donor_beyond_100km,pooled_unassigned_area,0,0.09,0,0.09
3438,2018-06,2018-02,4,0,True,0.0,master,valid_observed_phase_at_origin,BASE,calibration,1,-1,unassigned_nearest_donor_beyond_100km,pooled_unassigned_area,0,0.07,0,0.07
3439,2018-06,2018-02,4,0,True,0.0,master,valid_observed_phase_at_origin,BASE,calibration,1,-1,unassigned_nearest_donor_beyond_100km,pooled_unassigned_area,0,0.08,0,0.08
3440,2018-06,2018-02,4,0,True,0.0,master,valid_observed_phase_at_origin,BASE,calibration,1,-1,unassigned_nearest_donor_beyond_100km,pooled_unassigned_area,0,0.07,0,0.07
3441,2018-06,2018-02,4,0,True,0.0,master,valid_observed_phase_at_origin,BASE,calibration,1,-1,unassigned_nearest_donor_beyond_100km,pooled_unassigned_area,0,0.09,0,0.09
3442,2018-06,2018-02,4,0,True,0.0,master,valid_observed_phase_at_origin,BASE,calibration,1,-1,unassigned_nearest_donor_beyond_100km,pooled_unassigned_area,0,0.08,0,0.08
3443,2018-06,2018-02,4,0,True,0.0,master,valid_observed_phase_at_origin,BASE,calibration,1,-1,unassigned_nearest_donor_beyond_100km,pooled_unassigned_area,0,0.1,0,0.1
3444,2018-06,2018-02,4,0,True,0.0,master,valid_observed_phase_at_origin,BASE,calibration,1,-1,unassigned_nearest_donor_beyond_100km,pooled_unassigned_area,0,0.08,0,0.08
3445,2018-06,2018-02,4,0,True,0.0,master,valid_observed_phase_at_origin,BASE,calibration,1,-1,unassigned_nearest_donor_beyond_100km,pooled_unassigned_area,0,0.06,0,0.06
3446,2018-06,2018-02,4,0,True,0.0,master,valid_observed_phase_at_origin,BASE,calibration,1,-1,unassigned_nearest_donor_beyond_100km,pooled_unassigned_area,0,0.09,0,0.09
3447,2018-06,2018-02,4,0,True,0.0,master,valid_observed_phase_at_origin,BASE,calibration,1,-1,unassigned_nearest_donor_beyond_100km,pooled_unassigned_area,0,0.07,0,0.07
3448,2018-06,2018-02,4,0,True,0.0,master,valid_observed_phase_at_origin,BASE,calibration,1,-1,unassigned_nearest_donor_beyond_100km,pooled_unassigned_area,0,0.09,0,0.09
3449,2018-06,2018-02,4,0,True,0.0,master,valid_observed_phase_at_origin,BASE,calibration,1,-1,unassigned_nearest_donor_beyond_100km,pooled_unassigned_area,0,0.09,0,0.09
3450,2018-06,2018-02,4,0,True,0.0,master,valid_observed_phase_at_origin,BASE,calibration,1,-1,unassigned_nearest_donor_beyond_100km,pooled_unassigned_area,0,0.12,0,0.12
3451,2018-06,2018-02,4,0,True,0.0,master,valid_observed_phase_at_origin,BASE,calibration,1,-1,unassigned_nearest_donor_beyond_100km,pooled_unassigned_area,0,0.18,0,0.18
3452,2018-06,2018-02,4,0,True,0.0,master,valid_observed_phase_at_origin,BASE,calibration,1,-1,unassigned_nearest_donor_beyond_100km,pooled_unassigned_area,0,0.1,0,0.1
3453,2018-06,2018-02,4,0,True,0.0,master,valid_observed_phase_at_origin,BASE,calibration,1,-1,unassigned_nearest_donor_beyond_100km,pooled_unassigned_area,0,0.15,0,0.15
3454,2018-06,2018-02,4,1,True,1.0,master,valid_observed_phase_at_origin,BASE,calibration,1,-1,unassigned_nearest_donor_beyond_100km,pooled_unassigned_area,0,0.13,0,0.13
3455,2018-06,2018-02,4,0,True,0.0,master,valid_observed_phase_at_origin,BASE,calibration,1,-1,unassigned_nearest_donor_beyond_100km,pooled_unassigned_area,0,0.07,0,0.07
3456,2018-06,2018-02,4,0,True,0.0,master,valid_observed_phase_at_origin,BASE,calibration,1,-1,unassigned_nearest_donor_beyond_100km,pooled_unassigned_area,0,0.05,0,0.05
3457,2018-06,2018-02,4,0,True,0.0,master,valid_observed_phase_at_origin,BASE,calibration,1,-1,unassigned_nearest_donor_beyond_100km,pooled_unassigned_area,0,0.08,0,0.08
3458,2018-06,2018-02,4,0,True,0.0,master,valid_observed_phase_at_origin,BASE,calibration,1,-1,unassigned_nearest_donor_beyond_100km,pooled_unassigned_area,0,0.06,0,0.06
3459,2018-06,2018-02,4,0,True,0.0,master,valid_observed_phase_at_origin,BASE,calibration,1,-1,unassigned_nearest_donor_beyond_100km,pooled_unassigned_area,0,0.08,0,0.08
3460,2018-06,2018-02,4,0,True,0.0,master,valid_observed_phase_at_origin,BASE,calibration,1,-1,unassigned_nearest_donor_beyond_100km,pooled_unassigned_area,0,0.08,0,0.08
3461,2018-06,2018-02,4,0,True,0.0,master,valid_observed_phase_at_origin,BASE,calibration,1,-1,unassigned_nearest_donor_beyond_100km,pooled_unassigned_area,0,0.06,0,0.06
3462,2018-06,2018-02,4,0,True,0.0,master,valid_observed_phase_at_origin,BASE,calibration,1,-1,unassigned_nearest_donor_beyond_100km,pooled_unassigned_area,0,0.07,0,0.07
3463,2018-06,2018-02,4,0,True,0.0,master,valid_observed_phase_at_origin,BASE,calibration,1,-1,unassigned_nearest_donor_beyond_100km,pooled_unassigned_area,0,0.12,0,0.12
3464,2018-06,2018-02,4,0,True,0.0,master,valid_observed_phase_at_origin,BASE,calibration,1,-1,unassigned_nearest_donor_beyond_100km,pooled_unassigned_area,0,0.05,0,0.05
3465,2018-06,2018-02,4,0,True,0.0,master,valid_observed_phase_at_origin,BASE,calibration,1,-1,unassigned_nearest_donor_beyond_100km,pooled_unassigned_area,0,0.07,0,0.07
3466,2018-06,2018-02,4,0,True,0.0,master,valid_observed_phase_at_origin,BASE,calibration,1,-1,unassigned_nearest_donor_beyond_100km,pooled_unassigned_area,0,0.07,0,0.07
3467,2018-06,2018-02,4,0,True,0.0,master,valid_observed_phase_at_origin,BASE,calibration,1,-1,unassigned_nearest_donor_beyond_100km,pooled_unassigned_area,0,0.04,0,0.04
3468,2018-06,2018-02,4,0,True,0.0,master,valid_observed_phase_at_origin,BASE,calibration,1,-1,unassigned_nearest_donor_beyond_100km,pooled_unassigned_area,0,0.07,0,0.07
3469,2018-06,2018-02,4,0,True,0.0,master,valid_observed_phase_at_origin,BASE,calibration,1,-1,unassigned_nearest_donor_beyond_100km,pooled_unassigned_area,0,0.06,0,0.06
3470,2018-06,2018-02,4,0,True,0.0,master,valid_observed_phase_at_origin,BASE,calibration,1,-1,unassigned_nearest_donor_beyond_100km,pooled_unassigned_area,0,0.06,0,0.06
3471,2018-06,2018-02,4,0,True,0.0,master,valid_observed_phase_at_origin,BASE,calibration,1,-1,unassigned_nearest_donor_beyond_100km,pooled_unassigned_area,0,0.05,0,0.05
3472,2018-06,2018-02,4,0,True,0.0,master,valid_observed_phase_at_origin,BASE,calibration,1,-1,unassigned_nearest_donor_beyond_100km,pooled_unassigned_area,0,0.04,0,0.04
3473,2018-06,2018-02,4,0,True,0.0,master,valid_observed_phase_at_origin,BASE,calibration,1,10,spectral_core,pooled_partition_below_support_gate,0,0.06,0,0.06
3474,2018-06,2018-02,4,0,True,0.0,master,valid_observed_phase_at_origin,BASE,calibration,1,10,spectral_core,pooled_partition_below_support_gate,0,0.03,0,0.03
3475,2018-06,2018-02,4,0,True,0.0,master,valid_observed_phase_at_origin,BASE,calibration,1,10,spectral_core,pooled_partition_below_support_gate,0,0.05,0,0.05
3476,2018-06,2018-02,4,0,True,0.0,master,valid_observed_phase_at_origin,BASE,calibration,1,10,spectral_core,pooled_partition_below_support_gate,0,0.02,0,0.02
3477,2018-06,2018-02,4,0,True,0.0,master,valid_observed_phase_at_origin,BASE,calibration,1,10,spectral_core,pooled_partition_below_support_gate,0,0.01,0,0.01
3478,2018-06,2018-02,4,0,True,0.0,master,valid_observed_phase_at_origin,BASE,calibration,1,10,spectral_core,pooled_partition_below_support_gate,0,0.04,0,0.04
3479,2018-06,2018-02,4,0,True,0.0,master,valid_observed_phase_at_origin,BASE,calibration,1,10,spectral_core,pooled_partition_below_support_gate,0,0.05,0,0.05
3480,2018-06,2018-02,4,0,True,0.0,master,valid_observed_phase_at_origin,BASE,calibration,1,10,spectral_core,pooled_partition_below_support_gate,0,0.03,0,0.03
3481,2018-06,2018-02,4,0,True,0.0,master,valid_observed_phase_at_origin,BASE,calibration,1,10,spectral_core,pooled_partition_below_support_gate,0,0.03,0,0.03
3482,2018-06,2018-02,4,1,True,0.0,master,valid_observed_phase_at_origin,BASE,calibration,1,8,spectral_core,local_partition_rf,0,0.35,0,0.32
3483,2018-06,2018-02,4,0,True,0.0,master,valid_observed_phase_at_origin,BASE,calibration,1,10,spectral_core,pooled_partition_below_support_gate,0,0.02,0,0.02
3484,2018-06,2018-02,4,0,True,0.0,master,valid_observed_phase_at_origin,BASE,calibration,1,10,spectral_core,pooled_partition_below_support_gate,0,0.03,0,0.03
3485,2018-06,2018-02,4,0,True,0.0,master,valid_observed_phase_at_origin,BASE,calibration,1,10,spectral_core,pooled_partition_below_support_gate,0,0.06,0,0.06
3486,2018-06,2018-02,4,1,True,0.0,master,valid_observed_phase_at_origin,BASE,calibration,1,8,spectral_core,local_partition_rf,0,0.45,0,0.44
3487,2018-06,2018-02,4,0,True,0.0,master,valid_observed_phase_at_origin,BASE,calibration,1,10,spectral_core,pooled_partition_below_support_gate,0,0.02,0,0.02
3488,2018-06,2018-02,4,0,True,0.0,master,valid_observed_phase_at_origin,BASE,calibration,1,10,spectral_core,pooled_partition_below_support_gate,0,0.01,0,0.01
3489,2018-06,2018-02,4,0,True,0.0,master,valid_observed_phase_at_origin,BASE,calibration,1,8,spectral_core,local_partition_rf,0,0.03,0,0.09
3490,2018-06,2018-02,4,0,True,0.0,master,valid_observed_phase_at_origin,BASE,calibration,1,8,spectral_core,local_partition_rf,0,0.01,0,0.05
3491,2018-06,2018-02,4,0,True,0.0,master,valid_observed_phase_at_origin,BASE,calibration,1,10,spectral_core,pooled_partition_below_support_gate,0,0.05,0,0.05
3492,2018-06,2018-02,4,0,True,0.0,master,valid_observed_phase_at_origin,BASE,calibration,1,10,spectral_core,pooled_partition_below_support_gate,0,0.02,0,0.02
3493,2018-06,2018-02,4,0,True,0.0,master,valid_observed_phase_at_origin,BASE,calibration,1,8,spectral_core,local_partition_rf,0,0.09,0,0.08
3494,2018-06,2018-02,4,0,True,0.0,master,valid_observed_phase_at_origin,BASE,calibration,1,10,spectral_core,pooled_partition_below_support_gate,0,0.02,0,0.02
3495,2018-06,2018-02,4,0,True,0.0,master,valid_observed_phase_at_origin,BASE,calibration,1,10,spectral_core,pooled_partition_below_support_gate,0,0.06,0,0.06
3496,2018-06,2018-02,4,1,True,0.0,master,valid_observed_phase_at_origin,BASE,calibration,1,8,spectral_core,local_partition_rf,0,0.32,0,0.19
3497,2018-06,2018-02,4,0,True,0.0,master,valid_observed_phase_at_origin,BASE,calibration,1,10,spectral_core,pooled_partition_below_support_gate,0,0.01,0,0.01
3498,2018-06,2018-02,4,0,True,0.0,master,valid_observed_phase_at_origin,BASE,calibration,1,10,spectral_core,pooled_partition_below_support_gate,0,0.01,0,0.01
3499,2018-06,2018-02,4,0,True,0.0,master,valid_observed_phase_at_origin,BASE,calibration,1,10,spectral_core,pooled_partition_below_support_gate,0,0.04,0,0.04
3500,2018-06,2018-02,4,0,True,0.0,master,valid_observed_phase_at_origin,BASE,calibration,1,10,spectral_core,pooled_partition_below_support_gate,0,0.02,0,0.02
3501,2018-06,2018-02,4,0,True,0.0,master,valid_observed_phase_at_origin,BASE,calibration,1,10,spectral_core,pooled_partition_below_support_gate,0,0.02,0,0.02
3502,2018-06,2018-02,4,0,True,0.0,master,valid_observed_phase_at_origin,BASE,calibration,1,5,spectral_core,pooled_partition_below_support_gate,0,0.04,0,0.04
3503,2018-06,2018-02,4,0,True,0.0,master,valid_observed_phase_at_origin,BASE,calibration,1,10,spectral_core,pooled_partition_below_support_gate,0,0.03,0,0.03
3504,2018-06,2018-02,4,0,True,0.0,master,valid_observed_phase_at_origin,BASE,calibration,1,10,spectral_core,pooled_partition_below_support_gate,0,0.04,0,0.04
3505,2018-06,2018-02,4,0,True,0.0,master,valid_observed_phase_at_origin,BASE,calibration,1,10,spectral_core,pooled_partition_below_support_gate,0,0.02,0,0.02
3506,2018-06,2018-02,4,0,True,0.0,master,valid_observed_phase_at_origin,BASE,calibration,1,10,spectral_core,pooled_partition_below_support_gate,0,0.04,0,0.04
3507,2018-06,2018-02,4,0,True,0.0,master,valid_observed_phase_at_origin,BASE,calibration,1,10,spectral_core,pooled_partition_below_support_gate,0,0.06,0,0.06
3508,2018-06,2018-02,4,0,True,0.0,master,valid_observed_phase_at_origin,BASE,calibration,1,10,spectral_core,pooled_partition_below_support_gate,0,0.04,0,0.04
3509,2018-06,2018-02,4,0,True,0.0,master,valid_observed_phase_at_origin,BASE,calibration,1,10,spectral_core,pooled_partition_below_support_gate,0,0.08,0,0.08
3510,2018-06,2018-02,4,0,True,0.0,master,valid_observed_phase_at_origin,BASE,calibration,1,10,spectral_core,pooled_partition_below_support_gate,0,0.06,0,0.06
3511,2018-06,2018-02,4,0,True,0.0,master,valid_observed_phase_at_origin,BASE,calibration,1,10,spectral_core,pooled_partition_below_support_gate,0,0.09,0,0.09
3512,2018-06,2018-02,4,0,True,0.0,master,valid_observed_phase_at_origin,BASE,calibration,1,10,spectral_core,pooled_partition_below_support_gate,0,0.02,0,0.02
3513,2018-06,2018-02,4,0,True,0.0,master,valid_observed_phase_at_origin,BASE,calibration,1,10,spectral_core,pooled_partition_below_support_gate,0,0.03,0,0.03
3514,2018-06,2018-02,4,0,True,0.0,master,valid_observed_phase_at_origin,BASE,calibration,1,10,spectral_core,pooled_partition_below_support_gate,0,0.0,0,0.0
3515,2018-06,2018-02,4,0,True,0.0,master,valid_observed_phase_at_origin,BASE,calibration,1,8,spectral_core,local_partition_rf,0,0.05,0,0.03
3516,2018-06,2018-02,4,0,True,0.0,master,valid_observed_phase_at_origin,BASE,calibration,1,10,spectral_core,pooled_partition_below_support_gate,0,0.02,0,0.02
3517,2018-06,2018-02,4,0,True,0.0,master,valid_observed_phase_at_origin,BASE,calibration,1,10,spectral_core,pooled_partition_below_support_gate,0,0.04,0,0.04
3518,2018-06,2018-02,4,0,True,0.0,master,valid_observed_phase_at_origin,BASE,calibration,1,10,spectral_core,pooled_partition_below_support_gate,0,0.04,0,0.04
3519,2018-06,2018-02,4,0,True,0.0,master,valid_observed_phase_at_origin,BASE,calibration,1,10,spectral_core,pooled_partition_below_support_gate,0,0.01,0,0.01
3520,2018-06,2018-02,4,1,True,0.0,master,valid_observed_phase_at_origin,BASE,calibration,1,8,spectral_core,local_partition_rf,0,0.46,0,0.34
3521,2018-06,2018-02,4,0,True,0.0,master,valid_observed_phase_at_origin,BASE,calibration,1,10,spectral_core,pooled_partition_below_support_gate,0,0.02,0,0.02
3522,2018-06,2018-02,4,0,True,0.0,master,valid_observed_phase_at_origin,BASE,calibration,1,10,spectral_core,pooled_partition_below_support_gate,0,0.04,0,0.04
3523,2018-06,2018-02,4,0,True,0.0,master,valid_observed_phase_at_origin,BASE,calibration,1,8,spectral_core,local_partition_rf,0,0.03,0,0.04
3524,2018-06,2018-02,4,0,True,0.0,master,valid_observed_phase_at_origin,BASE,calibration,1,10,spectral_core,pooled_partition_below_support_gate,0,0.02,0,0.02
3525,2018-06,2018-02,4,0,True,0.0,master,valid_observed_phase_at_origin,BASE,calibration,1,10,spectral_core,pooled_partition_below_support_gate,0,0.02,0,0.02
3526,2018-06,2018-02,4,0,True,0.0,master,valid_observed_phase_at_origin,BASE,calibration,1,10,spectral_core,pooled_partition_below_support_gate,0,0.01,0,0.01
3527,2018-06,2018-02,4,0,True,0.0,master,valid_observed_phase_at_origin,BASE,calibration,1,10,spectral_core,pooled_partition_below_support_gate,0,0.02,0,0.02
3528,2018-06,2018-02,4,0,True,0.0,master,valid_observed_phase_at_origin,BASE,calibration,1,10,spectral_core,pooled_partition_below_support_gate,0,0.01,0,0.01
3529,2018-06,2018-02,4,0,True,0.0,master,valid_observed_phase_at_origin,BASE,calibration,1,10,spectral_core,pooled_partition_below_support_gate,0,0.01,0,0.01
3530,2018-06,2018-02,4,0,True,0.0,master,valid_observed_phase_at_origin,BASE,calibration,1,10,spectral_core,pooled_partition_below_support_gate,0,0.02,0,0.02
3531,2018-06,2018-02,4,0,True,0.0,master,valid_observed_phase_at_origin,BASE,calibration,1,10,spectral_core,pooled_partition_below_support_gate,0,0.02,0,0.02
3532,2018-06,2018-02,4,0,True,0.0,master,valid_observed_phase_at_origin,BASE,calibration,1,10,spectral_core,pooled_partition_below_support_gate,0,0.02,0,0.02
3533,2018-06,2018-02,4,0,True,0.0,master,valid_observed_phase_at_origin,BASE,calibration,1,10,spectral_core,pooled_partition_below_support_gate,0,0.03,0,0.03
3534,2018-06,2018-02,4,0,True,1.0,master,valid_observed_phase_at_origin,BASE,calibration,1,8,spectral_core,local_partition_rf,0,0.37,0,0.41
3535,2018-06,2018-02,4,0,True,1.0,master,valid_observed_phase_at_origin,BASE,calibration,1,8,spectral_core,local_partition_rf,1,0.52,0,0.5
3536,2018-06,2018-02,4,0,True,1.0,master,valid_observed_phase_at_origin,BASE,calibration,1,8,spectral_core,local_partition_rf,1,0.55,0,0.4
3537,2018-06,2018-02,4,0,True,1.0,master,valid_observed_phase_at_origin,BASE,calibration,1,8,spectral_core,local_partition_rf,0,0.43,0,0.36
3538,2018-06,2018-02,4,0,True,1.0,master,valid_observed_phase_at_origin,BASE,calibration,1,8,spectral_core,local_partition_rf,0,0.27,0,0.33
3539,2018-06,2018-02,4,0,True,0.0,master,valid_observed_phase_at_origin,BASE,calibration,1,10,spectral_core,pooled_partition_below_support_gate,0,0.03,0,0.03
3540,2018-06,2018-02,4,0,True,0.0,master,valid_observed_phase_at_origin,BASE,calibration,1,10,spectral_core,pooled_partition_below_support_gate,0,0.01,0,0.01
3541,2018-06,2018-02,4,0,True,0.0,master,valid_observed_phase_at_origin,BASE,calibration,1,10,spectral_core,pooled_partition_below_support_gate,0,0.01,0,0.01
3542,2018-06,2018-02,4,0,True,0.0,master,valid_observed_phase_at_origin,BASE,calibration,1,10,spectral_core,pooled_partition_below_support_gate,0,0.07,0,0.07
3543,2018-06,2018-02,4,0,True,0.0,master,valid_observed_phase_at_origin,BASE,calibration,1,10,spectral_core,pooled_partition_below_support_gate,0,0.04,0,0.04
3544,2018-06,2018-02,4,0,True,0.0,master,valid_observed_phase_at_origin,BASE,calibration,1,10,spectral_core,pooled_partition_below_support_gate,0,0.02,0,0.02
3545,2018-06,2018-02,4,0,True,0.0,master,valid_observed_phase_at_origin,BASE,calibration,1,10,spectral_core,pooled_partition_below_support_gate,0,0.04,0,0.04
3546,2018-06,2018-02,4,0,True,0.0,master,valid_observed_phase_at_origin,BASE,calibration,1,10,spectral_core,pooled_partition_below_support_gate,0,0.03,0,0.03
3547,2018-06,2018-02,4,0,True,0.0,master,valid_observed_phase_at_origin,BASE,calibration,1,8,spectral_core,local_partition_rf,0,0.01,0,0.1
3548,2018-06,2018-02,4,0,True,0.0,master,valid_observed_phase_at_origin,BASE,calibration,1,10,spectral_core,pooled_partition_below_support_gate,0,0.04,0,0.04
3549,2018-06,2018-02,4,0,True,0.0,master,valid_observed_phase_at_origin,BASE,calibration,1,10,spectral_core,pooled_partition_below_support_gate,0,0.03,0,0.03
3550,2018-06,2018-02,4,0,True,0.0,master,valid_observed_phase_at_origin,BASE,calibration,1,8,spectral_core,local_partition_rf,0,0.0,0,0.08
3551,2018-06,2018-02,4,0,True,0.0,master,valid_observed_phase_at_origin,BASE,calibration,1,10,spectral_core,pooled_partition_below_support_gate,0,0.04,0,0.04
3552,2018-06,2018-02,4,0,True,0.0,master,valid_observed_phase_at_origin,BASE,calibration,1,10,spectral_core,pooled_partition_below_support_gate,0,0.04,0,0.04
3553,2018-06,2018-02,4,0,True,0.0,master,valid_observed_phase_at_origin,BASE,calibration,1,8,spectral_core,local_partition_rf,0,0.04,0,0.05
3554,2018-06,2018-02,4,0,True,0.0,master,valid_observed_phase_at_origin,BASE,calibration,1,10,spectral_core,pooled_partition_below_support_gate,0,0.04,0,0.04
3555,2018-06,2018-02,4,0,True,0.0,master,valid_observed_phase_at_origin,BASE,calibration,1,10,spectral_core,pooled_partition_below_support_gate,0,0.05,0,0.05
3556,2018-06,2018-02,4,0,True,0.0,master,valid_observed_phase_at_origin,BASE,calibration,1,10,spectral_core,pooled_partition_below_support_gate,0,0.05,0,0.05
3557,2018-06,2018-02,4,0,True,0.0,master,valid_observed_phase_at_origin,BASE,calibration,1,10,spectral_core,pooled_partition_below_support_gate,0,0.07,0,0.07
3558,2018-06,2018-02,4,0,True,0.0,master,valid_observed_phase_at_origin,BASE,calibration,1,10,spectral_core,pooled_partition_below_support_gate,0,0.02,0,0.02
3559,2018-06,2018-02,4,0,True,0.0,master,valid_observed_phase_at_origin,BASE,calibration,1,10,spectral_core,pooled_partition_below_support_gate,0,0.05,0,0.05
3560,2018-06,2018-02,4,0,True,0.0,master,valid_observed_phase_at_origin,BASE,calibration,1,10,spectral_core,pooled_partition_below_support_gate,0,0.02,0,0.02
3561,2018-06,2018-02,4,0,True,0.0,master,valid_observed_phase_at_origin,BASE,calibration,1,10,spectral_core,pooled_partition_below_support_gate,0,0.02,0,0.02
3562,2018-06,2018-02,4,0,True,0.0,master,valid_observed_phase_at_origin,BASE,calibration,1,10,spectral_core,pooled_partition_below_support_gate,0,0.05,0,0.05
3563,2018-06,2018-02,4,0,True,0.0,master,valid_observed_phase_at_origin,BASE,calibration,1,10,spectral_core,pooled_partition_below_support_gate,0,0.01,0,0.01
3564,2018-06,2018-02,4,0,True,0.0,master,valid_observed_phase_at_origin,BASE,calibration,1,10,spectral_core,pooled_partition_below_support_gate,0,0.02,0,0.02
3565,2018-06,2018-02,4,1,True,0.0,master,valid_observed_phase_at_origin,BASE,calibration,1,8,spectral_core,local_partition_rf,0,0.38,0,0.36
3566,2018-06,2018-02,4,0,True,0.0,master,valid_observed_phase_at_origin,BASE,calibration,1,10,spectral_core,pooled_partition_below_support_gate,0,0.02,0,0.02
3567,2018-06,2018-02,4,0,True,0.0,master,valid_observed_phase_at_origin,BASE,calibration,1,10,spectral_core,pooled_partition_below_support_gate,0,0.03,0,0.03
3568,2018-06,2018-02,4,0,True,0.0,master,valid_observed_phase_at_origin,BASE,calibration,1,10,spectral_core,pooled_partition_below_support_gate,0,0.03,0,0.03
3569,2018-06,2018-02,4,1,True,0.0,master,valid_observed_phase_at_origin,BASE,calibration,1,8,spectral_core,local_partition_rf,1,0.51,0,0.42
3570,2018-06,2018-02,4,0,True,0.0,master,valid_observed_phase_at_origin,BASE,calibration,1,10,spectral_core,pooled_partition_below_support_gate,0,0.01,0,0.01
3571,2018-06,2018-02,4,0,True,0.0,master,valid_observed_phase_at_origin,BASE,calibration,1,10,spectral_core,pooled_partition_below_support_gate,0,0.02,0,0.02
3572,2018-06,2018-02,4,0,True,0.0,master,valid_observed_phase_at_origin,BASE,calibration,1,10,spectral_core,pooled_partition_below_support_gate,0,0.01,0,0.01
3573,2018-06,2018-02,4,0,True,0.0,master,valid_observed_phase_at_origin,BASE,calibration,1,10,spectral_core,pooled_partition_below_support_gate,0,0.05,0,0.05
3574,2018-06,2018-02,4,0,True,0.0,master,valid_observed_phase_at_origin,BASE,calibration,1,10,spectral_core,pooled_partition_below_support_gate,0,0.02,0,0.02
3575,2018-06,2018-02,4,0,True,0.0,master,valid_observed_phase_at_origin,BASE,calibration,1,10,spectral_core,pooled_partition_below_support_gate,0,0.01,0,0.01
3576,2018-06,2018-02,4,0,True,0.0,master,valid_observed_phase_at_origin,BASE,calibration,1,10,spectral_core,pooled_partition_below_support_gate,0,0.02,0,0.02
3577,2018-06,2018-02,4,0,True,0.0,master,valid_observed_phase_at_origin,BASE,calibration,1,10,spectral_core,pooled_partition_below_support_gate,0,0.01,0,0.01
3578,2018-06,2018-02,4,0,True,0.0,master,valid_observed_phase_at_origin,BASE,calibration,1,10,spectral_core,pooled_partition_below_support_gate,0,0.02,0,0.02
3579,2018-06,2018-02,4,0,True,0.0,master,valid_observed_phase_at_origin,BASE,calibration,1,8,spectral_core,local_partition_rf,0,0.05,0,0.03
3580,2018-06,2018-02,4,0,True,0.0,master,valid_observed_phase_at_origin,BASE,calibration,1,10,spectral_core,pooled_partition_below_support_gate,0,0.06,0,0.06
3581,2018-06,2018-02,4,0,True,0.0,master,valid_observed_phase_at_origin,BASE,calibration,1,10,spectral_core,pooled_partition_below_support_gate,0,0.03,0,0.03
3582,2018-06,2018-02,4,0,True,0.0,master,valid_observed_phase_at_origin,BASE,calibration,1,10,spectral_core,pooled_partition_below_support_gate,0,0.02,0,0.02
3583,2018-06,2018-02,4,0,True,0.0,master,valid_observed_phase_at_origin,BASE,calibration,1,10,spectral_core,pooled_partition_below_support_gate,0,0.02,0,0.02
3584,2018-06,2018-02,4,0,True,0.0,master,valid_observed_phase_at_origin,BASE,calibration,1,10,spectral_core,pooled_partition_below_support_gate,0,0.04,0,0.04
3585,2018-06,2018-02,4,0,True,0.0,master,valid_observed_phase_at_origin,BASE,calibration,1,10,spectral_core,pooled_partition_below_support_gate,0,0.04,0,0.04
3586,2018-06,2018-02,4,0,True,0.0,master,valid_observed_phase_at_origin,BASE,calibration,1,10,spectral_core,pooled_partition_below_support_gate,0,0.02,0,0.02
3587,2018-06,2018-02,4,0,True,0.0,master,valid_observed_phase_at_origin,BASE,calibration,1,10,spectral_core,pooled_partition_below_support_gate,0,0.04,0,0.04
3588,2018-06,2018-02,4,0,True,0.0,master,valid_observed_phase_at_origin,BASE,calibration,1,10,spectral_core,pooled_partition_below_support_gate,0,0.01,0,0.01
3589,2018-06,2018-02,4,0,True,0.0,master,valid_observed_phase_at_origin,BASE,calibration,1,10,spectral_core,pooled_partition_below_support_gate,0,0.04,0,0.04
3590,2018-06,2018-02,4,0,True,0.0,master,valid_observed_phase_at_origin,BASE,calibration,1,8,spectral_core,local_partition_rf,0,0.19,0,0.18
3591,2018-06,2018-02,4,0,True,0.0,master,valid_observed_phase_at_origin,BASE,calibration,1,10,spectral_core,pooled_partition_below_support_gate,0,0.03,0,0.03
3592,2018-06,2018-02,4,0,True,0.0,master,valid_observed_phase_at_origin,BASE,calibration,1,10,spectral_core,pooled_partition_below_support_gate,0,0.02,0,0.02
3593,2018-06,2018-02,4,0,True,0.0,master,valid_observed_phase_at_origin,BASE,calibration,1,10,spectral_core,pooled_partition_below_support_gate,0,0.04,0,0.04
3594,2018-06,2018-02,4,0,True,0.0,master,valid_observed_phase_at_origin,BASE,calibration,1,10,spectral_core,pooled_partition_below_support_gate,0,0.02,0,0.02
3595,2018-06,2018-02,4,0,True,0.0,master,valid_observed_phase_at_origin,BASE,calibration,1,10,spectral_core,pooled_partition_below_support_gate,0,0.01,0,0.01
3596,2018-06,2018-02,4,0,True,0.0,master,valid_observed_phase_at_origin,BASE,calibration,1,10,spectral_core,pooled_partition_below_support_gate,0,0.04,0,0.04
3597,2018-06,2018-02,4,0,True,0.0,master,valid_observed_phase_at_origin,BASE,calibration,1,10,spectral_core,pooled_partition_below_support_gate,0,0.02,0,0.02
3598,2018-06,2018-02,4,0,True,0.0,master,valid_observed_phase_at_origin,BASE,calibration,1,10,spectral_core,pooled_partition_below_support_gate,0,0.03,0,0.03
3599,2018-06,2018-02,4,0,True,0.0,master,valid_observed_phase_at_origin,BASE,calibration,1,10,spectral_core,pooled_partition_below_support_gate,0,0.03,0,0.03
3600,2018-06,2018-02,4,0,True,0.0,master,valid_observed_phase_at_origin,BASE,calibration,1,10,spectral_core,pooled_partition_below_support_gate,0,0.03,0,0.03
3601,2018-06,2018-02,4,0,True,0.0,master,valid_observed_phase_at_origin,BASE,calibration,1,10,spectral_core,pooled_partition_below_support_gate,0,0.03,0,0.03
3602,2018-06,2018-02,4,0,True,0.0,master,valid_observed_phase_at_origin,BASE,calibration,1,10,spectral_core,pooled_partition_below_support_gate,0,0.02,0,0.02
3603,2018-06,2018-02,4,0,True,0.0,master,valid_observed_phase_at_origin,BASE,calibration,1,10,spectral_core,pooled_partition_below_support_gate,0,0.04,0,0.04
3604,2018-06,2018-02,4,0,True,0.0,master,valid_observed_phase_at_origin,BASE,calibration,1,10,spectral_core,pooled_partition_below_support_gate,0,0.03,0,0.03
3605,2018-06,2018-02,4,0,True,0.0,master,valid_observed_phase_at_origin,BASE,calibration,1,10,spectral_core,pooled_partition_below_support_gate,0,0.04,0,0.04
3606,2018-06,2018-02,4,0,True,0.0,master,valid_observed_phase_at_origin,BASE,calibration,1,8,spectral_core,local_partition_rf,0,0.02,0,0.07
3607,2018-06,2018-02,4,0,True,0.0,master,valid_observed_phase_at_origin,BASE,calibration,1,8,spectral_core,local_partition_rf,0,0.02,0,0.06
3608,2018-06,2018-02,4,0,True,0.0,master,valid_observed_phase_at_origin,BASE,calibration,1,8,spectral_core,local_partition_rf,0,0.06,0,0.13
3609,2018-06,2018-02,4,0,True,0.0,master,valid_observed_phase_at_origin,BASE,calibration,1,10,spectral_core,pooled_partition_below_support_gate,0,0.03,0,0.03
3610,2018-06,2018-02,4,0,True,0.0,master,valid_observed_phase_at_origin,BASE,calibration,1,10,spectral_core,pooled_partition_below_support_gate,0,0.02,0,0.02
3611,2018-06,2018-02,4,0,True,0.0,master,valid_observed_phase_at_origin,BASE,calibration,1,10,spectral_core,pooled_partition_below_support_gate,0,0.04,0,0.04
3612,2018-06,2018-02,4,0,True,0.0,master,valid_observed_phase_at_origin,BASE,calibration,1,10,spectral_core,pooled_partition_below_support_gate,0,0.01,0,0.01
3613,2018-06,2018-02,4,0,True,0.0,master,valid_observed_phase_at_origin,BASE,calibration,1,10,spectral_core,pooled_partition_below_support_gate,0,0.03,0,0.03
3614,2018-06,2018-02,4,0,True,0.0,master,valid_observed_phase_at_origin,BASE,calibration,1,10,spectral_core,pooled_partition_below_support_gate,0,0.03,0,0.03
3615,2018-06,2018-02,4,0,True,0.0,master,valid_observed_phase_at_origin,BASE,calibration,1,10,spectral_core,pooled_partition_below_support_gate,0,0.03,0,0.03
3616,2018-06,2018-02,4,0,True,0.0,master,valid_observed_phase_at_origin,BASE,calibration,1,10,spectral_core,pooled_partition_below_support_gate,0,0.0,0,0.0
3617,2018-06,2018-02,4,0,True,0.0,master,valid_observed_phase_at_origin,BASE,calibration,1,10,spectral_core,pooled_partition_below_support_gate,0,0.01,0,0.01
3618,2018-06,2018-02,4,0,True,0.0,master,valid_observed_phase_at_origin,BASE,calibration,1,10,spectral_core,pooled_partition_below_support_gate,0,0.05,0,0.05
3619,2018-06,2018-02,4,0,True,0.0,master,valid_observed_phase_at_origin,BASE,calibration,1,10,spectral_core,pooled_partition_below_support_gate,0,0.03,0,0.03
3620,2018-06,2018-02,4,0,True,0.0,master,valid_observed_phase_at_origin,BASE,calibration,1,10,spectral_core,pooled_partition_below_support_gate,0,0.02,0,0.02
3621,2018-06,2018-02,4,0,True,0.0,master,valid_observed_phase_at_origin,BASE,calibration,1,10,spectral_core,pooled_partition_below_support_gate,0,0.01,0,0.01
3622,2018-06,2018-02,4,0,True,0.0,master,valid_observed_phase_at_origin,BASE,calibration,1,10,spectral_core,pooled_partition_below_support_gate,0,0.02,0,0.02
3623,2018-06,2018-02,4,0,True,0.0,master,valid_observed_phase_at_origin,BASE,calibration,1,10,spectral_core,pooled_partition_below_support_gate,0,0.05,0,0.05
3624,2018-06,2018-02,4,0,True,0.0,master,valid_observed_phase_at_origin,BASE,calibration,1,10,spectral_core,pooled_partition_below_support_gate,0,0.01,0,0.01
3625,2018-06,2018-02,4,0,True,0.0,master,valid_observed_phase_at_origin,BASE,calibration,1,10,spectral_core,pooled_partition_below_support_gate,0,0.0,0,0.0
3626,2018-06,2018-02,4,1,True,0.0,master,valid_observed_phase_at_origin,BASE,calibration,1,10,spectral_core,pooled_partition_below_support_gate,0,0.03,0,0.03
3627,2018-06,2018-02,4,1,True,0.0,master,valid_observed_phase_at_origin,BASE,calibration,1,10,spectral_core,pooled_partition_below_support_gate,0,0.05,0,0.05
3628,2018-06,2018-02,4,0,True,0.0,master,valid_observed_phase_at_origin,BASE,calibration,1,10,spectral_core,pooled_partition_below_support_gate,0,0.03,0,0.03
3629,2018-06,2018-02,4,0,True,0.0,master,valid_observed_phase_at_origin,BASE,calibration,1,10,spectral_core,pooled_partition_below_support_gate,0,0.02,0,0.02
3630,2018-06,2018-02,4,1,True,0.0,master,valid_observed_phase_at_origin,BASE,calibration,1,10,spectral_core,pooled_partition_below_support_gate,0,0.04,0,0.04
3631,2018-06,2018-02,4,1,True,0.0,master,valid_observed_phase_at_origin,BASE,calibration,1,10,spectral_core,pooled_partition_below_support_gate,0,0.04,0,0.04
3632,2018-06,2018-02,4,1,True,0.0,master,valid_observed_phase_at_origin,BASE,calibration,1,10,spectral_core,pooled_partition_below_support_gate,0,0.03,0,0.03
3633,2018-06,2018-02,4,1,True,0.0,master,valid_observed_phase_at_origin,BASE,calibration,1,10,spectral_core,pooled_partition_below_support_gate,0,0.03,0,0.03
3634,2018-06,2018-02,4,1,True,1.0,master,valid_observed_phase_at_origin,BASE,calibration,1,8,spectral_core,local_partition_rf,0,0.07,0,0.07
3635,2018-06,2018-02,4,1,True,1.0,master,valid_observed_phase_at_origin,BASE,calibration,1,8,spectral_core,local_partition_rf,0,0.15,0,0.14
3636,2018-06,2018-02,4,1,True,0.0,master,valid_observed_phase_at_origin,BASE,calibration,1,10,spectral_core,pooled_partition_below_support_gate,0,0.03,0,0.03
3637,2018-06,2018-02,4,1,True,0.0,master,valid_observed_phase_at_origin,BASE,calibration,1,8,spectral_core,local_partition_rf,0,0.06,0,0.06
3638,2018-06,2018-02,4,1,True,0.0,master,valid_observed_phase_at_origin,BASE,calibration,1,10,spectral_core,pooled_partition_below_support_gate,0,0.06,0,0.06
3639,2018-06,2018-02,4,1,True,0.0,master,valid_observed_phase_at_origin,BASE,calibration,1,8,spectral_core,local_partition_rf,0,0.25,0,0.28
3640,2018-06,2018-02,4,1,True,0.0,master,valid_observed_phase_at_origin,BASE,calibration,1,8,spectral_core,local_partition_rf,0,0.05,0,0.1
3641,2018-06,2018-02,4,1,True,0.0,master,valid_observed_phase_at_origin,BASE,calibration,1,8,spectral_core,local_partition_rf,0,0.02,0,0.03
3642,2018-06,2018-02,4,0,True,0.0,master,valid_observed_phase_at_origin,BASE,calibration,1,10,spectral_core,pooled_partition_below_support_gate,0,0.05,0,0.05
3643,2018-06,2018-02,4,1,True,0.0,master,valid_observed_phase_at_origin,BASE,calibration,1,8,spectral_core,local_partition_rf,0,0.08,0,0.15
3644,2018-06,2018-02,4,1,True,1.0,master,valid_observed_phase_at_origin,BASE,calibration,1,8,spectral_core,local_partition_rf,0,0.12,0,0.15
3645,2018-06,2018-02,4,1,True,1.0,master,valid_observed_phase_at_origin,BASE,calibration,1,8,spectral_core,local_partition_rf,0,0.12,0,0.15
3646,2018-06,2018-02,4,1,True,0.0,master,valid_observed_phase_at_origin,BASE,calibration,1,10,spectral_core,pooled_partition_below_support_gate,0,0.02,0,0.02
3647,2018-06,2018-02,4,1,True,0.0,master,valid_observed_phase_at_origin,BASE,calibration,1,10,spectral_core,pooled_partition_below_support_gate,0,0.03,0,0.03
3648,2018-06,2018-02,4,1,True,0.0,master,valid_observed_phase_at_origin,BASE,calibration,1,10,spectral_core,pooled_partition_below_support_gate,0,0.03,0,0.03
3649,2018-06,2018-02,4,1,True,0.0,master,valid_observed_phase_at_origin,BASE,calibration,1,10,spectral_core,pooled_partition_below_support_gate,0,0.01,0,0.01
3650,2018-06,2018-02,4,1,True,0.0,master,valid_observed_phase_at_origin,BASE,calibration,1,10,spectral_core,pooled_partition_below_support_gate,0,0.03,0,0.03
3651,2018-06,2018-02,4,0,True,0.0,master,valid_observed_phase_at_origin,BASE,calibration,1,10,spectral_core,pooled_partition_below_support_gate,0,0.08,0,0.08
3652,2018-06,2018-02,4,1,True,0.0,master,valid_observed_phase_at_origin,BASE,calibration,1,10,spectral_core,pooled_partition_below_support_gate,0,0.04,0,0.04
3653,2018-06,2018-02,4,1,True,0.0,master,valid_observed_phase_at_origin,BASE,calibration,1,8,spectral_core,local_partition_rf,0,0.03,0,0.06
3654,2018-06,2018-02,4,1,True,0.0,master,valid_observed_phase_at_origin,BASE,calibration,1,10,spectral_core,pooled_partition_below_support_gate,0,0.0,0,0.0
3670,2018-06,2018-02,4,0,True,0.0,master,valid_observed_phase_at_origin,BASE,calibration,1,-1,unassigned_nearest_donor_beyond_100km,pooled_unassigned_area,0,0.12,0,0.12
3671,2018-06,2018-02,4,0,True,0.0,master,valid_observed_phase_at_origin,BASE,calibration,1,-1,unassigned_nearest_donor_beyond_100km,pooled_unassigned_area,0,0.13,0,0.13
3672,2018-06,2018-02,4,0,True,0.0,master,valid_observed_phase_at_origin,BASE,calibration,1,-1,unassigned_nearest_donor_beyond_100km,pooled_unassigned_area,0,0.15,0,0.15
3673,2018-06,2018-02,4,0,True,0.0,master,valid_observed_phase_at_origin,BASE,calibration,1,-1,unassigned_nearest_donor_beyond_100km,pooled_unassigned_area,0,0.1,0,0.1
3674,2018-06,2018-02,4,0,True,0.0,master,valid_observed_phase_at_origin,BASE,calibration,1,-1,unassigned_nearest_donor_beyond_100km,pooled_unassigned_area,0,0.18,0,0.18
3675,2018-06,2018-02,4,0,True,0.0,master,valid_observed_phase_at_origin,BASE,calibration,1,-1,unassigned_nearest_donor_beyond_100km,pooled_unassigned_area,0,0.12,0,0.12
3676,2018-06,2018-02,4,1,True,1.0,master,valid_observed_phase_at_origin,BASE,calibration,1,2,completed_nearest_donor,local_partition_rf,0,0.22,0,0.2
3678,2018-06,2018-02,4,0,True,0.0,master,valid_observed_phase_at_origin,BASE,calibration,1,-1,unassigned_nearest_donor_beyond_100km,pooled_unassigned_area,0,0.17,0,0.17
3679,2018-06,2018-02,4,0,True,0.0,master,valid_observed_phase_at_origin,BASE,calibration,1,-1,unassigned_nearest_donor_beyond_100km,pooled_unassigned_area,0,0.16,0,0.16
3680,2018-06,2018-02,4,0,True,0.0,master,valid_observed_phase_at_origin,BASE,calibration,1,-1,unassigned_nearest_donor_beyond_100km,pooled_unassigned_area,0,0.23,0,0.23
3681,2018-06,2018-02,4,1,True,1.0,master,valid_observed_phase_at_origin,BASE,calibration,1,-1,unassigned_nearest_donor_beyond_100km,pooled_unassigned_area,0,0.17,0,0.17
3683,2018-06,2018-02,4,0,True,0.0,master,valid_observed_phase_at_origin,BASE,calibration,1,-1,unassigned_nearest_donor_beyond_100km,pooled_unassigned_area,0,0.14,0,0.14
3684,2018-06,2018-02,4,0,True,0.0,master,valid_observed_phase_at_origin,BASE,calibration,1,-1,unassigned_nearest_donor_beyond_100km,pooled_unassigned_area,0,0.14,0,0.14
3685,2018-06,2018-02,4,0,True,0.0,master,valid_observed_phase_at_origin,BASE,calibration,1,-1,unassigned_nearest_donor_beyond_100km,pooled_unassigned_area,0,0.22,0,0.22
3686,2018-06,2018-02,4,0,True,0.0,master,valid_observed_phase_at_origin,BASE,calibration,1,-1,unassigned_nearest_donor_beyond_100km,pooled_unassigned_area,0,0.14,0,0.14
3692,2018-06,2018-02,4,0,True,0.0,master,valid_observed_phase_at_origin,BASE,calibration,1,-1,unassigned_nearest_donor_beyond_100km,pooled_unassigned_area,0,0.15,0,0.15
3726,2018-06,2018-02,4,0,True,0.0,master,valid_observed_phase_at_origin,BASE,calibration,1,-1,unassigned_nearest_donor_beyond_100km,pooled_unassigned_area,0,0.21,0,0.21
3727,2018-06,2018-02,4,0,True,0.0,master,valid_observed_phase_at_origin,BASE,calibration,1,-1,unassigned_nearest_donor_beyond_100km,pooled_unassigned_area,0,0.19,0,0.19
3729,2018-06,2018-02,4,0,True,0.0,master,valid_observed_phase_at_origin,BASE,calibration,1,-1,unassigned_nearest_donor_beyond_100km,pooled_unassigned_area,0,0.25,0,0.25
3730,2018-06,2018-02,4,0,True,0.0,master,valid_observed_phase_at_origin,BASE,calibration,1,-1,unassigned_nearest_donor_beyond_100km,pooled_unassigned_area,0,0.18,0,0.18
3731,2018-06,2018-02,4,0,True,0.0,master,valid_observed_phase_at_origin,BASE,calibration,1,-1,unassigned_nearest_donor_beyond_100km,pooled_unassigned_area,0,0.21,0,0.21
3732,2018-06,2018-02,4,0,True,0.0,master,valid_observed_phase_at_origin,BASE,calibration,1,-1,unassigned_nearest_donor_beyond_100km,pooled_unassigned_area,0,0.14,0,0.14
3733,2018-06,2018-02,4,0,True,0.0,master,valid_observed_phase_at_origin,BASE,calibration,1,-1,unassigned_nearest_donor_beyond_100km,pooled_unassigned_area,0,0.2,0,0.2
3734,2018-06,2018-02,4,0,True,0.0,master,valid_observed_phase_at_origin,BASE,calibration,1,-1,unassigned_nearest_donor_beyond_100km,pooled_unassigned_area,0,0.17,0,0.17
3735,2018-06,2018-02,4,0,True,0.0,master,valid_observed_phase_at_origin,BASE,calibration,1,-1,unassigned_nearest_donor_beyond_100km,pooled_unassigned_area,0,0.16,0,0.16
3736,2018-06,2018-02,4,0,True,0.0,master,valid_observed_phase_at_origin,BASE,calibration,1,-1,unassigned_nearest_donor_beyond_100km,pooled_unassigned_area,0,0.16,0,0.16
3737,2018-06,2018-02,4,0,True,0.0,master,valid_observed_phase_at_origin,BASE,calibration,1,-1,unassigned_nearest_donor_beyond_100km,pooled_unassigned_area,0,0.16,0,0.16
3753,2018-06,2018-02,4,1,True,1.0,master,valid_observed_phase_at_origin,BASE,calibration,1,-1,unassigned_nearest_donor_beyond_100km,pooled_unassigned_area,0,0.34,0,0.34
3758,2018-06,2018-02,4,0,True,0.0,master,valid_observed_phase_at_origin,BASE,calibration,1,-1,unassigned_nearest_donor_beyond_100km,pooled_unassigned_area,0,0.14,0,0.14
3760,2018-06,2018-02,4,0,True,0.0,master,valid_observed_phase_at_origin,BASE,calibration,1,-1,unassigned_nearest_donor_beyond_100km,pooled_unassigned_area,0,0.13,0,0.13
3761,2018-06,2018-02,4,0,True,0.0,master,valid_observed_phase_at_origin,BASE,calibration,1,-1,unassigned_nearest_donor_beyond_100km,pooled_unassigned_area,0,0.17,0,0.17
3762,2018-06,2018-02,4,0,True,0.0,master,valid_observed_phase_at_origin,BASE,calibration,1,-1,unassigned_nearest_donor_beyond_100km,pooled_unassigned_area,0,0.17,0,0.17
3776,2018-06,2018-02,4,0,True,0.0,master,valid_observed_phase_at_origin,BASE,calibration,1,-1,unassigned_nearest_donor_beyond_100km,pooled_unassigned_area,0,0.15,0,0.15
3783,2018-06,2018-02,4,1,True,1.0,master,valid_observed_phase_at_origin,BASE,calibration,1,-1,unassigned_nearest_donor_beyond_100km,pooled_unassigned_area,0,0.26,0,0.26
3788,2018-06,2018-02,4,1,True,1.0,master,valid_observed_phase_at_origin,BASE,calibration,1,-1,unassigned_nearest_donor_beyond_100km,pooled_unassigned_area,0,0.28,0,0.28
3792,2018-06,2018-02,4,0,True,0.0,master,valid_observed_phase_at_origin,BASE,calibration,1,-1,unassigned_nearest_donor_beyond_100km,pooled_unassigned_area,0,0.18,0,0.18
3798,2018-06,2018-02,4,0,True,0.0,master,valid_observed_phase_at_origin,BASE,calibration,1,-1,unassigned_nearest_donor_beyond_100km,pooled_unassigned_area,0,0.17,0,0.17
3799,2018-06,2018-02,4,0,True,0.0,master,valid_observed_phase_at_origin,BASE,calibration,1,-1,unassigned_nearest_donor_beyond_100km,pooled_unassigned_area,0,0.17,0,0.17
3800,2018-06,2018-02,4,1,True,1.0,master,valid_observed_phase_at_origin,BASE,calibration,1,-1,unassigned_nearest_donor_beyond_100km,pooled_unassigned_area,0,0.3,0,0.3
3801,2018-06,2018-02,4,0,True,0.0,master,valid_observed_phase_at_origin,BASE,calibration,1,-1,unassigned_nearest_donor_beyond_100km,pooled_unassigned_area,0,0.21,0,0.21
3805,2018-06,2018-02,4,1,True,1.0,master,valid_observed_phase_at_origin,BASE,calibration,1,-1,unassigned_nearest_donor_beyond_100km,pooled_unassigned_area,0,0.32,0,0.32
3808,2018-06,2018-02,4,0,True,0.0,master,valid_observed_phase_at_origin,BASE,calibration,1,-1,unassigned_nearest_donor_beyond_100km,pooled_unassigned_area,0,0.09,0,0.09
3809,2018-06,2018-02,4,0,True,0.0,master,valid_observed_phase_at_origin,BASE,calibration,1,-1,unassigned_nearest_donor_beyond_100km,pooled_unassigned_area,0,0.16,0,0.16
3810,2018-06,2018-02,4,0,True,0.0,master,valid_observed_phase_at_origin,BASE,calibration,1,-1,unassigned_nearest_donor_beyond_100km,pooled_unassigned_area,0,0.16,0,0.16
3811,2018-06,2018-02,4,0,True,0.0,master,valid_observed_phase_at_origin,BASE,calibration,1,-1,unassigned_nearest_donor_beyond_100km,pooled_unassigned_area,0,0.09,0,0.09
3812,2018-06,2018-02,4,0,True,0.0,master,valid_observed_phase_at_origin,BASE,calibration,1,-1,unassigned_nearest_donor_beyond_100km,pooled_unassigned_area,0,0.11,0,0.11
3813,2018-06,2018-02,4,0,True,0.0,master,valid_observed_phase_at_origin,BASE,calibration,1,-1,unassigned_nearest_donor_beyond_100km,pooled_unassigned_area,0,0.1,0,0.1
3814,2018-06,2018-02,4,0,True,0.0,master,valid_observed_phase_at_origin,BASE,calibration,1,-1,unassigned_nearest_donor_beyond_100km,pooled_unassigned_area,0,0.08,0,0.08
3817,2018-06,2018-02,4,0,True,0.0,master,valid_observed_phase_at_origin,BASE,calibration,1,-1,unassigned_nearest_donor_beyond_100km,pooled_unassigned_area,0,0.12,0,0.12
3818,2018-06,2018-02,4,0,True,0.0,master,valid_observed_phase_at_origin,BASE,calibration,1,-1,unassigned_nearest_donor_beyond_100km,pooled_unassigned_area,0,0.17,0,0.17
3819,2018-06,2018-02,4,0,True,0.0,master,valid_observed_phase_at_origin,BASE,calibration,1,-1,unassigned_nearest_donor_beyond_100km,pooled_unassigned_area,0,0.16,0,0.16
3820,2018-06,2018-02,4,0,True,0.0,master,valid_observed_phase_at_origin,BASE,calibration,1,-1,unassigned_nearest_donor_beyond_100km,pooled_unassigned_area,0,0.19,0,0.19
3821,2018-06,2018-02,4,0,True,0.0,master,valid_observed_phase_at_origin,BASE,calibration,1,-1,unassigned_nearest_donor_beyond_100km,pooled_unassigned_area,0,0.22,0,0.22
3822,2018-06,2018-02,4,0,True,0.0,master,valid_observed_phase_at_origin,BASE,calibration,1,2,completed_nearest_donor,local_partition_rf,0,0.17,0,0.23
3823,2018-06,2018-02,4,0,True,0.0,master,valid_observed_phase_at_origin,BASE,calibration,1,11,completed_nearest_donor,local_partition_rf,0,0.19,0,0.16
3824,2018-06,2018-02,4,0,True,0.0,master,valid_observed_phase_at_origin,BASE,calibration,1,-1,unassigned_nearest_donor_beyond_100km,pooled_unassigned_area,0,0.13,0,0.13
3825,2018-06,2018-02,4,0,True,0.0,master,valid_observed_phase_at_origin,BASE,calibration,1,-1,unassigned_nearest_donor_beyond_100km,pooled_unassigned_area,0,0.17,0,0.17
3826,2018-06,2018-02,4,0,True,0.0,master,valid_observed_phase_at_origin,BASE,calibration,1,-1,unassigned_nearest_donor_beyond_100km,pooled_unassigned_area,0,0.16,0,0.16
3827,2018-06,2018-02,4,0,True,0.0,master,valid_observed_phase_at_origin,BASE,calibration,1,-1,unassigned_nearest_donor_beyond_100km,pooled_unassigned_area,0,0.17,0,0.17
3828,2018-06,2018-02,4,0,True,0.0,master,valid_observed_phase_at_origin,BASE,calibration,1,-1,unassigned_nearest_donor_beyond_100km,pooled_unassigned_area,0,0.18,0,0.18
3829,2018-06,2018-02,4,0,True,0.0,master,valid_observed_phase_at_origin,BASE,calibration,1,-1,unassigned_nearest_donor_beyond_100km,pooled_unassigned_area,0,0.17,0,0.17
3830,2018-06,2018-02,4,0,True,0.0,master,valid_observed_phase_at_origin,BASE,calibration,1,-1,unassigned_nearest_donor_beyond_100km,pooled_unassigned_area,0,0.18,0,0.18
3831,2018-06,2018-02,4,0,True,0.0,master,valid_observed_phase_at_origin,BASE,calibration,1,-1,unassigned_nearest_donor_beyond_100km,pooled_unassigned_area,0,0.12,0,0.12
3832,2018-06,2018-02,4,0,True,0.0,master,valid_observed_phase_at_origin,BASE,calibration,1,-1,unassigned_nearest_donor_beyond_100km,pooled_unassigned_area,0,0.16,0,0.16
3833,2018-06,2018-02,4,0,True,0.0,master,valid_observed_phase_at_origin,BASE,calibration,1,-1,unassigned_nearest_donor_beyond_100km,pooled_unassigned_area,0,0.17,0,0.17
3834,2018-06,2018-02,4,0,True,0.0,master,valid_observed_phase_at_origin,BASE,calibration,1,-1,unassigned_nearest_donor_beyond_100km,pooled_unassigned_area,0,0.13,0,0.13
3835,2018-06,2018-02,4,0,True,0.0,master,valid_observed_phase_at_origin,BASE,calibration,1,-1,unassigned_nearest_donor_beyond_100km,pooled_unassigned_area,0,0.2,0,0.2
3836,2018-06,2018-02,4,0,True,0.0,master,valid_observed_phase_at_origin,BASE,calibration,1,-1,unassigned_nearest_donor_beyond_100km,pooled_unassigned_area,0,0.11,0,0.11
3837,2018-06,2018-02,4,0,True,0.0,master,valid_observed_phase_at_origin,BASE,calibration,1,-1,unassigned_nearest_donor_beyond_100km,pooled_unassigned_area,0,0.16,0,0.16
3838,2018-06,2018-02,4,0,True,0.0,master,valid_observed_phase_at_origin,BASE,calibration,1,-1,unassigned_nearest_donor_beyond_100km,pooled_unassigned_area,0,0.15,0,0.15
3839,2018-06,2018-02,4,0,True,0.0,master,valid_observed_phase_at_origin,BASE,calibration,1,-1,unassigned_nearest_donor_beyond_100km,pooled_unassigned_area,0,0.21,0,0.21
3840,2018-06,2018-02,4,0,True,0.0,master,valid_observed_phase_at_origin,BASE,calibration,1,-1,unassigned_nearest_donor_beyond_100km,pooled_unassigned_area,0,0.18,0,0.18
3841,2018-06,2018-02,4,0,True,0.0,master,valid_observed_phase_at_origin,BASE,calibration,1,-1,unassigned_nearest_donor_beyond_100km,pooled_unassigned_area,0,0.14,0,0.14
3842,2018-06,2018-02,4,0,True,0.0,master,valid_observed_phase_at_origin,BASE,calibration,1,-1,unassigned_nearest_donor_beyond_100km,pooled_unassigned_area,0,0.16,0,0.16
3848,2018-06,2018-02,4,1,True,1.0,master,valid_observed_phase_at_origin,BASE,calibration,1,-1,unassigned_nearest_donor_beyond_100km,pooled_unassigned_area,0,0.4,0,0.4
3849,2018-06,2018-02,4,1,True,1.0,master,valid_observed_phase_at_origin,BASE,calibration,1,-1,unassigned_nearest_donor_beyond_100km,pooled_unassigned_area,0,0.36,0,0.36
3850,2018-06,2018-02,4,1,True,1.0,master,valid_observed_phase_at_origin,BASE,calibration,1,-1,unassigned_nearest_donor_beyond_100km,pooled_unassigned_area,0,0.36,0,0.36
3851,2018-06,2018-02,4,1,True,1.0,master,valid_observed_phase_at_origin,BASE,calibration,1,-1,unassigned_nearest_donor_beyond_100km,pooled_unassigned_area,0,0.29,0,0.29
3852,2018-06,2018-02,4,1,True,1.0,master,valid_observed_phase_at_origin,BASE,calibration,1,-1,unassigned_nearest_donor_beyond_100km,pooled_unassigned_area,0,0.37,0,0.37
3853,2018-06,2018-02,4,0,True,0.0,master,valid_observed_phase_at_origin,BASE,calibration,1,-1,unassigned_nearest_donor_beyond_100km,pooled_unassigned_area,0,0.27,0,0.27
3854,2018-06,2018-02,4,1,True,1.0,master,valid_observed_phase_at_origin,BASE,calibration,1,-1,unassigned_nearest_donor_beyond_100km,pooled_unassigned_area,0,0.41,0,0.41
3855,2018-06,2018-02,4,1,True,1.0,master,valid_observed_phase_at_origin,BASE,calibration,1,-1,unassigned_nearest_donor_beyond_100km,pooled_unassigned_area,0,0.36,0,0.36
3856,2018-06,2018-02,4,1,True,1.0,master,valid_observed_phase_at_origin,BASE,calibration,1,-1,unassigned_nearest_donor_beyond_100km,pooled_unassigned_area,0,0.23,0,0.23
3857,2018-06,2018-02,4,1,True,1.0,master,valid_observed_phase_at_origin,BASE,calibration,1,-1,unassigned_nearest_donor_beyond_100km,pooled_unassigned_area,0,0.25,0,0.25
3858,2018-06,2018-02,4,1,True,1.0,master,valid_observed_phase_at_origin,BASE,calibration,1,-1,unassigned_nearest_donor_beyond_100km,pooled_unassigned_area,0,0.34,0,0.34
3859,2018-06,2018-02,4,0,True,0.0,master,valid_observed_phase_at_origin,BASE,calibration,1,-1,unassigned_nearest_donor_beyond_100km,pooled_unassigned_area,0,0.22,0,0.22
3860,2018-06,2018-02,4,1,True,1.0,master,valid_observed_phase_at_origin,BASE,calibration,1,-1,unassigned_nearest_donor_beyond_100km,pooled_unassigned_area,0,0.39,0,0.39
3861,2018-06,2018-02,4,1,True,1.0,master,valid_observed_phase_at_origin,BASE,calibration,1,-1,unassigned_nearest_donor_beyond_100km,pooled_unassigned_area,0,0.42,0,0.42
3862,2018-06,2018-02,4,1,True,1.0,master,valid_observed_phase_at_origin,BASE,calibration,1,-1,unassigned_nearest_donor_beyond_100km,pooled_unassigned_area,0,0.16,0,0.16
3863,2018-06,2018-02,4,1,True,1.0,master,valid_observed_phase_at_origin,BASE,calibration,1,-1,unassigned_nearest_donor_beyond_100km,pooled_unassigned_area,0,0.14,0,0.14
3864,2018-06,2018-02,4,1,True,1.0,master,valid_observed_phase_at_origin,BASE,calibration,1,-1,unassigned_nearest_donor_beyond_100km,pooled_unassigned_area,0,0.17,0,0.17
3865,2018-06,2018-02,4,1,True,1.0,master,valid_observed_phase_at_origin,BASE,calibration,1,-1,unassigned_nearest_donor_beyond_100km,pooled_unassigned_area,0,0.15,0,0.15
3866,2018-06,2018-02,4,0,True,0.0,master,valid_observed_phase_at_origin,BASE,calibration,1,-1,unassigned_nearest_donor_beyond_100km,pooled_unassigned_area,0,0.26,0,0.26
3867,2018-06,2018-02,4,0,True,0.0,master,valid_observed_phase_at_origin,BASE,calibration,1,-1,unassigned_nearest_donor_beyond_100km,pooled_unassigned_area,0,0.23,0,0.23
3868,2018-06,2018-02,4,1,True,1.0,master,valid_observed_phase_at_origin,BASE,calibration,1,-1,unassigned_nearest_donor_beyond_100km,pooled_unassigned_area,0,0.28,0,0.28
3869,2018-06,2018-02,4,1,True,1.0,master,valid_observed_phase_at_origin,BASE,calibration,1,-1,unassigned_nearest_donor_beyond_100km,pooled_unassigned_area,0,0.41,0,0.41
3870,2018-06,2018-02,4,0,True,0.0,master,valid_observed_phase_at_origin,BASE,calibration,1,-1,unassigned_nearest_donor_beyond_100km,pooled_unassigned_area,0,0.24,0,0.24
3871,2018-06,2018-02,4,1,True,1.0,master,valid_observed_phase_at_origin,BASE,calibration,1,-1,unassigned_nearest_donor_beyond_100km,pooled_unassigned_area,0,0.4,0,0.4
3872,2018-06,2018-02,4,0,True,0.0,master,valid_observed_phase_at_origin,BASE,calibration,1,-1,unassigned_nearest_donor_beyond_100km,pooled_unassigned_area,0,0.25,0,0.25
3873,2018-06,2018-02,4,0,True,0.0,master,valid_observed_phase_at_origin,BASE,calibration,1,-1,unassigned_nearest_donor_beyond_100km,pooled_unassigned_area,0,0.16,0,0.16
3874,2018-06,2018-02,4,0,True,0.0,master,valid_observed_phase_at_origin,BASE,calibration,1,-1,unassigned_nearest_donor_beyond_100km,pooled_unassigned_area,0,0.2,0,0.2
3875,2018-06,2018-02,4,1,True,1.0,master,valid_observed_phase_at_origin,BASE,calibration,1,-1,unassigned_nearest_donor_beyond_100km,pooled_unassigned_area,0,0.19,0,0.19
3878,2018-06,2018-02,4,1,True,1.0,master,valid_observed_phase_at_origin,BASE,calibration,1,-1,unassigned_nearest_donor_beyond_100km,pooled_unassigned_area,0,0.38,0,0.38
3879,2018-06,2018-02,4,1,True,1.0,master,valid_observed_phase_at_origin,BASE,calibration,1,-1,unassigned_nearest_donor_beyond_100km,pooled_unassigned_area,0,0.3,0,0.3
3880,2018-06,2018-02,4,1,True,1.0,master,valid_observed_phase_at_origin,BASE,calibration,1,-1,unassigned_nearest_donor_beyond_100km,pooled_unassigned_area,0,0.32,0,0.32
3881,2018-06,2018-02,4,1,True,1.0,master,valid_observed_phase_at_origin,BASE,calibration,1,-1,unassigned_nearest_donor_beyond_100km,pooled_unassigned_area,0,0.41,0,0.41
3882,2018-06,2018-02,4,1,True,1.0,master,valid_observed_phase_at_origin,BASE,calibration,1,-1,unassigned_nearest_donor_beyond_100km,pooled_unassigned_area,0,0.44,0,0.44
3883,2018-06,2018-02,4,0,True,0.0,master,valid_observed_phase_at_origin,BASE,calibration,1,-1,unassigned_nearest_donor_beyond_100km,pooled_unassigned_area,0,0.13,0,0.13
3884,2018-06,2018-02,4,0,True,0.0,master,valid_observed_phase_at_origin,BASE,calibration,1,-1,unassigned_nearest_donor_beyond_100km,pooled_unassigned_area,0,0.2,0,0.2
3885,2018-06,2018-02,4,0,True,0.0,master,valid_observed_phase_at_origin,BASE,calibration,1,-1,unassigned_nearest_donor_beyond_100km,pooled_unassigned_area,0,0.14,0,0.14
3886,2018-06,2018-02,4,0,True,0.0,master,valid_observed_phase_at_origin,BASE,calibration,1,-1,unassigned_nearest_donor_beyond_100km,pooled_unassigned_area,0,0.19,0,0.19
3887,2018-06,2018-02,4,0,True,0.0,master,valid_observed_phase_at_origin,BASE,calibration,1,-1,unassigned_nearest_donor_beyond_100km,pooled_unassigned_area,0,0.21,0,0.21
3888,2018-06,2018-02,4,1,True,1.0,master,valid_observed_phase_at_origin,BASE,calibration,1,-1,unassigned_nearest_donor_beyond_100km,pooled_unassigned_area,0,0.44,0,0.44
3889,2018-06,2018-02,4,1,True,1.0,master,valid_observed_phase_at_origin,BASE,calibration,1,-1,unassigned_nearest_donor_beyond_100km,pooled_unassigned_area,0,0.16,0,0.16
3890,2018-06,2018-02,4,1,True,1.0,master,valid_observed_phase_at_origin,BASE,calibration,1,-1,unassigned_nearest_donor_beyond_100km,pooled_unassigned_area,0,0.17,0,0.17
3891,2018-06,2018-02,4,1,True,1.0,master,valid_observed_phase_at_origin,BASE,calibration,1,-1,unassigned_nearest_donor_beyond_100km,pooled_unassigned_area,0,0.17,0,0.17
3894,2018-06,2018-02,4,0,True,0.0,master,valid_observed_phase_at_origin,BASE,calibration,1,-1,unassigned_nearest_donor_beyond_100km,pooled_unassigned_area,0,0.24,0,0.24
3895,2018-06,2018-02,4,0,True,0.0,master,valid_observed_phase_at_origin,BASE,calibration,1,-1,unassigned_nearest_donor_beyond_100km,pooled_unassigned_area,0,0.19,0,0.19
3896,2018-06,2018-02,4,0,True,0.0,master,valid_observed_phase_at_origin,BASE,calibration,1,-1,unassigned_nearest_donor_beyond_100km,pooled_unassigned_area,0,0.17,0,0.17
3897,2018-06,2018-02,4,0,True,0.0,master,valid_observed_phase_at_origin,BASE,calibration,1,-1,unassigned_nearest_donor_beyond_100km,pooled_unassigned_area,0,0.16,0,0.16
3898,2018-06,2018-02,4,0,True,0.0,master,valid_observed_phase_at_origin,BASE,calibration,1,-1,unassigned_nearest_donor_beyond_100km,pooled_unassigned_area,0,0.13,0,0.13
3899,2018-06,2018-02,4,0,True,0.0,master,valid_observed_phase_at_origin,BASE,calibration,1,-1,unassigned_nearest_donor_beyond_100km,pooled_unassigned_area,0,0.17,0,0.17
3900,2018-06,2018-02,4,0,True,0.0,master,valid_observed_phase_at_origin,BASE,calibration,1,-1,unassigned_nearest_donor_beyond_100km,pooled_unassigned_area,0,0.2,0,0.2
3901,2018-06,2018-02,4,0,True,0.0,master,valid_observed_phase_at_origin,BASE,calibration,1,-1,unassigned_nearest_donor_beyond_100km,pooled_unassigned_area,0,0.13,0,0.13
3902,2018-06,2018-02,4,0,True,0.0,master,valid_observed_phase_at_origin,BASE,calibration,1,11,completed_nearest_donor,local_partition_rf,0,0.19,0,0.19
3903,2018-06,2018-02,4,0,True,0.0,master,valid_observed_phase_at_origin,BASE,calibration,1,11,completed_nearest_donor,local_partition_rf,0,0.17,0,0.22
3904,2018-06,2018-02,4,0,True,0.0,master,valid_observed_phase_at_origin,BASE,calibration,1,-1,unassigned_nearest_donor_beyond_100km,pooled_unassigned_area,0,0.14,0,0.14
3905,2018-06,2018-02,4,0,True,0.0,master,valid_observed_phase_at_origin,BASE,calibration,1,11,completed_nearest_donor,local_partition_rf,0,0.18,0,0.18
3906,2018-06,2018-02,4,0,True,0.0,master,valid_observed_phase_at_origin,BASE,calibration,1,11,completed_nearest_donor,local_partition_rf,0,0.15,0,0.23
3907,2018-06,2018-02,4,0,True,0.0,master,valid_observed_phase_at_origin,BASE,calibration,1,-1,unassigned_nearest_donor_beyond_100km,pooled_unassigned_area,0,0.14,0,0.14
3908,2018-06,2018-02,4,1,True,1.0,master,valid_observed_phase_at_origin,BASE,calibration,1,11,completed_nearest_donor,local_partition_rf,0,0.21,0,0.24
3909,2018-06,2018-02,4,1,True,1.0,master,valid_observed_phase_at_origin,BASE,calibration,1,11,completed_nearest_donor,local_partition_rf,0,0.17,0,0.22
3910,2018-06,2018-02,4,0,True,0.0,master,valid_observed_phase_at_origin,BASE,calibration,1,11,completed_nearest_donor,local_partition_rf,0,0.16,0,0.19
3911,2018-06,2018-02,4,1,True,1.0,master,valid_observed_phase_at_origin,BASE,calibration,1,2,completed_nearest_donor,local_partition_rf,0,0.18,0,0.26
3912,2018-06,2018-02,4,1,True,1.0,master,valid_observed_phase_at_origin,BASE,calibration,1,11,completed_nearest_donor,local_partition_rf,0,0.18,0,0.29
3913,2018-06,2018-02,4,0,True,0.0,master,valid_observed_phase_at_origin,BASE,calibration,1,11,completed_nearest_donor,local_partition_rf,0,0.17,0,0.23
3914,2018-06,2018-02,4,0,True,0.0,master,valid_observed_phase_at_origin,BASE,calibration,1,-1,unassigned_nearest_donor_beyond_100km,pooled_unassigned_area,0,0.17,0,0.17
3927,2018-06,2018-02,4,1,True,1.0,master,valid_observed_phase_at_origin,BASE,calibration,1,-1,unassigned_nearest_donor_beyond_100km,pooled_unassigned_area,0,0.17,0,0.17
3928,2018-06,2018-02,4,1,True,1.0,master,valid_observed_phase_at_origin,BASE,calibration,1,-1,unassigned_nearest_donor_beyond_100km,pooled_unassigned_area,0,0.15,0,0.15
3929,2018-06,2018-02,4,0,True,0.0,master,valid_observed_phase_at_origin,BASE,calibration,1,-1,unassigned_nearest_donor_beyond_100km,pooled_unassigned_area,0,0.17,0,0.17
3930,2018-06,2018-02,4,0,True,0.0,master,valid_observed_phase_at_origin,BASE,calibration,1,-1,unassigned_nearest_donor_beyond_100km,pooled_unassigned_area,0,0.11,0,0.11
3931,2018-06,2018-02,4,0,True,0.0,master,valid_observed_phase_at_origin,BASE,calibration,1,-1,unassigned_nearest_donor_beyond_100km,pooled_unassigned_area,0,0.1,0,0.1
3932,2018-06,2018-02,4,0,True,0.0,master,valid_observed_phase_at_origin,BASE,calibration,1,-1,unassigned_nearest_donor_beyond_100km,pooled_unassigned_area,0,0.12,0,0.12
3933,2018-06,2018-02,4,0,True,0.0,master,valid_observed_phase_at_origin,BASE,calibration,1,-1,unassigned_nearest_donor_beyond_100km,pooled_unassigned_area,0,0.18,0,0.18
3934,2018-06,2018-02,4,0,True,0.0,master,valid_observed_phase_at_origin,BASE,calibration,1,-1,unassigned_nearest_donor_beyond_100km,pooled_unassigned_area,0,0.15,0,0.15
3935,2018-06,2018-02,4,0,True,0.0,master,valid_observed_phase_at_origin,BASE,calibration,1,-1,unassigned_nearest_donor_beyond_100km,pooled_unassigned_area,0,0.13,0,0.13
3936,2018-06,2018-02,4,0,True,0.0,master,valid_observed_phase_at_origin,BASE,calibration,1,-1,unassigned_nearest_donor_beyond_100km,pooled_unassigned_area,0,0.11,0,0.11
3937,2018-06,2018-02,4,1,True,1.0,master,valid_observed_phase_at_origin,BASE,calibration,1,2,completed_nearest_donor,local_partition_rf,0,0.25,0,0.2
3938,2018-06,2018-02,4,1,True,1.0,master,valid_observed_phase_at_origin,BASE,calibration,1,2,completed_nearest_donor,local_partition_rf,0,0.17,0,0.2
3939,2018-06,2018-02,4,0,True,0.0,master,valid_observed_phase_at_origin,BASE,calibration,1,-1,unassigned_nearest_donor_beyond_100km,pooled_unassigned_area,0,0.12,0,0.12
3940,2018-06,2018-02,4,0,True,0.0,master,valid_observed_phase_at_origin,BASE,calibration,1,-1,unassigned_nearest_donor_beyond_100km,pooled_unassigned_area,0,0.16,0,0.16
3941,2018-06,2018-02,4,0,True,0.0,master,valid_observed_phase_at_origin,BASE,calibration,1,-1,unassigned_nearest_donor_beyond_100km,pooled_unassigned_area,0,0.17,0,0.17
3942,2018-06,2018-02,4,0,True,0.0,master,valid_observed_phase_at_origin,BASE,calibration,1,-1,unassigned_nearest_donor_beyond_100km,pooled_unassigned_area,0,0.13,0,0.13
3943,2018-06,2018-02,4,0,True,0.0,master,valid_observed_phase_at_origin,BASE,calibration,1,-1,unassigned_nearest_donor_beyond_100km,pooled_unassigned_area,0,0.17,0,0.17
3944,2018-06,2018-02,4,0,True,0.0,master,valid_observed_phase_at_origin,BASE,calibration,1,-1,unassigned_nearest_donor_beyond_100km,pooled_unassigned_area,0,0.2,0,0.2
3945,2018-06,2018-02,4,1,True,1.0,master,valid_observed_phase_at_origin,BASE,calibration,1,2,completed_nearest_donor,local_partition_rf,0,0.22,0,0.28
3946,2018-06,2018-02,4,0,True,0.0,master,valid_observed_phase_at_origin,BASE,calibration,1,-1,unassigned_nearest_donor_beyond_100km,pooled_unassigned_area,0,0.18,0,0.18
3947,2018-06,2018-02,4,0,True,0.0,master,valid_observed_phase_at_origin,BASE,calibration,1,-1,unassigned_nearest_donor_beyond_100km,pooled_unassigned_area,0,0.1,0,0.1
3948,2018-06,2018-02,4,0,True,0.0,master,valid_observed_phase_at_origin,BASE,calibration,1,-1,unassigned_nearest_donor_beyond_100km,pooled_unassigned_area,0,0.16,0,0.16
3949,2018-06,2018-02,4,0,True,0.0,master,valid_observed_phase_at_origin,BASE,calibration,1,-1,unassigned_nearest_donor_beyond_100km,pooled_unassigned_area,0,0.16,0,0.16
3955,2018-06,2018-02,4,0,True,0.0,master,valid_observed_phase_at_origin,BASE,calibration,1,-1,unassigned_nearest_donor_beyond_100km,pooled_unassigned_area,0,0.17,0,0.17
3956,2018-06,2018-02,4,0,True,0.0,master,valid_observed_phase_at_origin,BASE,calibration,1,-1,unassigned_nearest_donor_beyond_100km,pooled_unassigned_area,0,0.17,0,0.17
3957,2018-06,2018-02,4,0,True,0.0,master,valid_observed_phase_at_origin,BASE,calibration,1,-1,unassigned_nearest_donor_beyond_100km,pooled_unassigned_area,0,0.14,0,0.14
3958,2018-06,2018-02,4,0,True,0.0,master,valid_observed_phase_at_origin,BASE,calibration,1,-1,unassigned_nearest_donor_beyond_100km,pooled_unassigned_area,0,0.19,0,0.19
3959,2018-06,2018-02,4,0,True,0.0,master,valid_observed_phase_at_origin,BASE,calibration,1,-1,unassigned_nearest_donor_beyond_100km,pooled_unassigned_area,0,0.15,0,0.15
3960,2018-06,2018-02,4,0,True,0.0,master,valid_observed_phase_at_origin,BASE,calibration,1,-1,unassigned_nearest_donor_beyond_100km,pooled_unassigned_area,0,0.23,0,0.23
3961,2018-06,2018-02,4,1,True,1.0,master,valid_observed_phase_at_origin,BASE,calibration,1,-1,unassigned_nearest_donor_beyond_100km,pooled_unassigned_area,0,0.32,0,0.32
3962,2018-06,2018-02,4,0,True,0.0,master,valid_observed_phase_at_origin,BASE,calibration,1,-1,unassigned_nearest_donor_beyond_100km,pooled_unassigned_area,0,0.17,0,0.17
3963,2018-06,2018-02,4,1,True,1.0,master,valid_observed_phase_at_origin,BASE,calibration,1,-1,unassigned_nearest_donor_beyond_100km,pooled_unassigned_area,0,0.3,0,0.3
3964,2018-06,2018-02,4,0,True,0.0,master,valid_observed_phase_at_origin,BASE,calibration,1,-1,unassigned_nearest_donor_beyond_100km,pooled_unassigned_area,0,0.17,0,0.17
3965,2018-06,2018-02,4,0,True,0.0,master,valid_observed_phase_at_origin,BASE,calibration,1,-1,unassigned_nearest_donor_beyond_100km,pooled_unassigned_area,0,0.17,0,0.17
3966,2018-06,2018-02,4,0,True,0.0,master,valid_observed_phase_at_origin,BASE,calibration,1,-1,unassigned_nearest_donor_beyond_100km,pooled_unassigned_area,0,0.24,0,0.24
3967,2018-06,2018-02,4,1,True,1.0,master,valid_observed_phase_at_origin,BASE,calibration,1,-1,unassigned_nearest_donor_beyond_100km,pooled_unassigned_area,0,0.4,0,0.4
3968,2018-06,2018-02,4,0,True,0.0,master,valid_observed_phase_at_origin,BASE,calibration,1,-1,unassigned_nearest_donor_beyond_100km,pooled_unassigned_area,0,0.17,0,0.17
3969,2018-06,2018-02,4,0,True,0.0,master,valid_observed_phase_at_origin,BASE,calibration,1,-1,unassigned_nearest_donor_beyond_100km,pooled_unassigned_area,0,0.15,0,0.15
3970,2018-06,2018-02,4,1,True,1.0,master,valid_observed_phase_at_origin,BASE,calibration,1,-1,unassigned_nearest_donor_beyond_100km,pooled_unassigned_area,0,0.38,0,0.38
3971,2018-06,2018-02,4,0,True,0.0,master,valid_observed_phase_at_origin,BASE,calibration,1,-1,unassigned_nearest_donor_beyond_100km,pooled_unassigned_area,0,0.23,0,0.23
3972,2018-06,2018-02,4,1,True,1.0,master,valid_observed_phase_at_origin,BASE,calibration,1,-1,unassigned_nearest_donor_beyond_100km,pooled_unassigned_area,0,0.34,0,0.34
3973,2018-06,2018-02,4,1,True,1.0,master,valid_observed_phase_at_origin,BASE,calibration,1,-1,unassigned_nearest_donor_beyond_100km,pooled_unassigned_area,0,0.37,0,0.37
3974,2018-06,2018-02,4,0,True,0.0,master,valid_observed_phase_at_origin,BASE,calibration,1,-1,unassigned_nearest_donor_beyond_100km,pooled_unassigned_area,0,0.28,0,0.28
3975,2018-06,2018-02,4,1,True,1.0,master,valid_observed_phase_at_origin,BASE,calibration,1,-1,unassigned_nearest_donor_beyond_100km,pooled_unassigned_area,0,0.43,0,0.43
3976,2018-06,2018-02,4,1,True,1.0,master,valid_observed_phase_at_origin,BASE,calibration,1,-1,unassigned_nearest_donor_beyond_100km,pooled_unassigned_area,0,0.44,0,0.44
3977,2018-06,2018-02,4,1,True,1.0,master,valid_observed_phase_at_origin,BASE,calibration,1,-1,unassigned_nearest_donor_beyond_100km,pooled_unassigned_area,1,0.52,1,0.52
3978,2018-06,2018-02,4,1,True,1.0,master,valid_observed_phase_at_origin,BASE,calibration,1,-1,unassigned_nearest_donor_beyond_100km,pooled_unassigned_area,0,0.46,0,0.46
3979,2018-06,2018-02,4,1,True,1.0,master,valid_observed_phase_at_origin,BASE,calibration,1,-1,unassigned_nearest_donor_beyond_100km,pooled_unassigned_area,0,0.39,0,0.39
3980,2018-06,2018-02,4,1,True,1.0,master,valid_observed_phase_at_origin,BASE,calibration,1,-1,unassigned_nearest_donor_beyond_100km,pooled_unassigned_area,1,0.53,1,0.53
3981,2018-06,2018-02,4,0,True,0.0,master,valid_observed_phase_at_origin,BASE,calibration,1,-1,unassigned_nearest_donor_beyond_100km,pooled_unassigned_area,0,0.29,0,0.29
3982,2018-06,2018-02,4,0,True,0.0,master,valid_observed_phase_at_origin,BASE,calibration,1,-1,unassigned_nearest_donor_beyond_100km,pooled_unassigned_area,0,0.28,0,0.28
3983,2018-06,2018-02,4,1,True,1.0,master,valid_observed_phase_at_origin,BASE,calibration,1,-1,unassigned_nearest_donor_beyond_100km,pooled_unassigned_area,0,0.47,0,0.47
3984,2018-06,2018-02,4,0,True,0.0,master,valid_observed_phase_at_origin,BASE,calibration,1,-1,unassigned_nearest_donor_beyond_100km,pooled_unassigned_area,0,0.14,0,0.14
3985,2018-06,2018-02,4,1,True,1.0,master,valid_observed_phase_at_origin,BASE,calibration,1,-1,unassigned_nearest_donor_beyond_100km,pooled_unassigned_area,1,0.53,1,0.53
3986,2018-06,2018-02,4,0,True,0.0,master,valid_observed_phase_at_origin,BASE,calibration,1,-1,unassigned_nearest_donor_beyond_100km,pooled_unassigned_area,0,0.21,0,0.21
3987,2018-06,2018-02,4,1,True,1.0,master,valid_observed_phase_at_origin,BASE,calibration,1,-1,unassigned_nearest_donor_beyond_100km,pooled_unassigned_area,1,0.53,1,0.53
3988,2018-06,2018-02,4,0,True,0.0,master,valid_observed_phase_at_origin,BASE,calibration,1,-1,unassigned_nearest_donor_beyond_100km,pooled_unassigned_area,0,0.28,0,0.28
3989,2018-06,2018-02,4,1,True,1.0,master,valid_observed_phase_at_origin,BASE,calibration,1,-1,unassigned_nearest_donor_beyond_100km,pooled_unassigned_area,0,0.46,0,0.46
3990,2018-06,2018-02,4,0,True,0.0,master,valid_observed_phase_at_origin,BASE,calibration,1,-1,unassigned_nearest_donor_beyond_100km,pooled_unassigned_area,0,0.24,0,0.24
3991,2018-06,2018-02,4,1,True,1.0,master,valid_observed_phase_at_origin,BASE,calibration,1,-1,unassigned_nearest_donor_beyond_100km,pooled_unassigned_area,0,0.4,0,0.4
3992,2018-06,2018-02,4,1,True,1.0,master,valid_observed_phase_at_origin,BASE,calibration,1,-1,unassigned_nearest_donor_beyond_100km,pooled_unassigned_area,1,0.51,1,0.51
3993,2018-06,2018-02,4,1,True,1.0,master,valid_observed_phase_at_origin,BASE,calibration,1,-1,unassigned_nearest_donor_beyond_100km,pooled_unassigned_area,0,0.42,0,0.42
3994,2018-06,2018-02,4,1,True,1.0,master,valid_observed_phase_at_origin,BASE,calibration,1,-1,unassigned_nearest_donor_beyond_100km,pooled_unassigned_area,0,0.23,0,0.23
3995,2018-06,2018-02,4,0,True,0.0,master,valid_observed_phase_at_origin,BASE,calibration,1,-1,unassigned_nearest_donor_beyond_100km,pooled_unassigned_area,0,0.21,0,0.21
3996,2018-06,2018-02,4,1,True,1.0,master,valid_observed_phase_at_origin,BASE,calibration,1,-1,unassigned_nearest_donor_beyond_100km,pooled_unassigned_area,0,0.21,0,0.21
3997,2018-06,2018-02,4,0,True,0.0,master,valid_observed_phase_at_origin,BASE,calibration,1,-1,unassigned_nearest_donor_beyond_100km,pooled_unassigned_area,0,0.24,0,0.24
3998,2018-06,2018-02,4,0,True,0.0,master,valid_observed_phase_at_origin,BASE,calibration,1,11,completed_nearest_donor,local_partition_rf,0,0.14,0,0.23
3999,2018-06,2018-02,4,0,True,0.0,master,valid_observed_phase_at_origin,BASE,calibration,1,11,completed_nearest_donor,local_partition_rf,0,0.18,0,0.26
4000,2018-06,2018-02,4,0,True,0.0,master,valid_observed_phase_at_origin,BASE,calibration,1,-1,unassigned_nearest_donor_beyond_100km,pooled_unassigned_area,0,0.12,0,0.12
4001,2018-06,2018-02,4,0,True,0.0,master,valid_observed_phase_at_origin,BASE,calibration,1,-1,unassigned_nearest_donor_beyond_100km,pooled_unassigned_area,0,0.08,0,0.08
4002,2018-06,2018-02,4,0,True,0.0,master,valid_observed_phase_at_origin,BASE,calibration,1,-1,unassigned_nearest_donor_beyond_100km,pooled_unassigned_area,0,0.11,0,0.11
4003,2018-06,2018-02,4,0,True,0.0,master,valid_observed_phase_at_origin,BASE,calibration,1,4,completed_nearest_donor,local_partition_rf,0,0.15,0,0.13
4004,2018-06,2018-02,4,0,True,0.0,master,valid_observed_phase_at_origin,BASE,calibration,1,-1,unassigned_nearest_donor_beyond_100km,pooled_unassigned_area,0,0.04,0,0.04
4005,2018-06,2018-02,4,0,True,0.0,master,valid_observed_phase_at_origin,BASE,calibration,1,4,completed_nearest_donor,local_partition_rf,0,0.07,0,0.1
4006,2018-06,2018-02,4,0,True,0.0,master,valid_observed_phase_at_origin,BASE,calibration,1,-1,unassigned_nearest_donor_beyond_100km,pooled_unassigned_area,0,0.05,0,0.05
4007,2018-06,2018-02,4,1,True,1.0,master,valid_observed_phase_at_origin,BASE,calibration,1,7,completed_nearest_donor,local_partition_rf,0,0.15,0,0.05
4008,2018-06,2018-02,4,0,True,0.0,master,valid_observed_phase_at_origin,BASE,calibration,1,4,completed_nearest_donor,local_partition_rf,0,0.02,0,0.03
4009,2018-06,2018-02,4,0,True,0.0,master,valid_observed_phase_at_origin,BASE,calibration,1,-1,unassigned_nearest_donor_beyond_100km,pooled_unassigned_area,0,0.03,0,0.03
4010,2018-06,2018-02,4,0,True,0.0,master,valid_observed_phase_at_origin,BASE,calibration,1,-1,unassigned_nearest_donor_beyond_100km,pooled_unassigned_area,0,0.08,0,0.08
4011,2018-06,2018-02,4,0,True,0.0,master,valid_observed_phase_at_origin,BASE,calibration,1,4,completed_nearest_donor,local_partition_rf,0,0.02,0,0.02
4012,2018-06,2018-02,4,0,True,0.0,master,valid_observed_phase_at_origin,BASE,calibration,1,-1,unassigned_nearest_donor_beyond_100km,pooled_unassigned_area,0,0.04,0,0.04
4013,2018-06,2018-02,4,0,True,0.0,master,valid_observed_phase_at_origin,BASE,calibration,1,-1,unassigned_nearest_donor_beyond_100km,pooled_unassigned_area,0,0.03,0,0.03
4014,2018-06,2018-02,4,0,True,0.0,master,valid_observed_phase_at_origin,BASE,calibration,1,-1,unassigned_nearest_donor_beyond_100km,pooled_unassigned_area,0,0.06,0,0.06
4015,2018-06,2018-02,4,0,True,0.0,master,valid_observed_phase_at_origin,BASE,calibration,1,4,completed_nearest_donor,local_partition_rf,0,0.01,0,0.06
4016,2018-06,2018-02,4,0,True,0.0,master,valid_observed_phase_at_origin,BASE,calibration,1,4,completed_nearest_donor,local_partition_rf,0,0.12,0,0.15
4017,2018-06,2018-02,4,0,True,0.0,master,valid_observed_phase_at_origin,BASE,calibration,1,-1,unassigned_nearest_donor_beyond_100km,pooled_unassigned_area,0,0.11,0,0.11
4018,2018-06,2018-02,4,1,True,1.0,master,valid_observed_phase_at_origin,BASE,calibration,1,7,completed_nearest_donor,local_partition_rf,0,0.1,0,0.11
4019,2018-06,2018-02,4,0,True,0.0,master,valid_observed_phase_at_origin,BASE,calibration,1,-1,unassigned_nearest_donor_beyond_100km,pooled_unassigned_area,0,0.1,0,0.1
4020,2018-06,2018-02,4,0,True,0.0,master,valid_observed_phase_at_origin,BASE,calibration,1,-1,unassigned_nearest_donor_beyond_100km,pooled_unassigned_area,0,0.07,0,0.07
4021,2018-06,2018-02,4,0,True,0.0,master,valid_observed_phase_at_origin,BASE,calibration,1,7,completed_nearest_donor,local_partition_rf,0,0.08,0,0.11
4022,2018-06,2018-02,4,0,True,0.0,master,valid_observed_phase_at_origin,BASE,calibration,1,-1,unassigned_nearest_donor_beyond_100km,pooled_unassigned_area,0,0.1,0,0.1
4023,2018-06,2018-02,4,0,True,0.0,master,valid_observed_phase_at_origin,BASE,calibration,1,4,completed_nearest_donor,local_partition_rf,0,0.14,0,0.12
4024,2018-06,2018-02,4,0,True,0.0,master,valid_observed_phase_at_origin,BASE,calibration,1,-1,unassigned_nearest_donor_beyond_100km,pooled_unassigned_area,0,0.11,0,0.11
4025,2018-06,2018-02,4,0,True,0.0,master,valid_observed_phase_at_origin,BASE,calibration,1,7,completed_nearest_donor,local_partition_rf,0,0.11,0,0.11
4026,2018-06,2018-02,4,0,True,0.0,master,valid_observed_phase_at_origin,BASE,calibration,1,-1,unassigned_nearest_donor_beyond_100km,pooled_unassigned_area,0,0.09,0,0.09
4027,2018-06,2018-02,4,0,True,0.0,master,valid_observed_phase_at_origin,BASE,calibration,1,-1,unassigned_nearest_donor_beyond_100km,pooled_unassigned_area,0,0.07,0,0.07
4028,2018-06,2018-02,4,0,True,0.0,master,valid_observed_phase_at_origin,BASE,calibration,1,-1,unassigned_nearest_donor_beyond_100km,pooled_unassigned_area,0,0.14,0,0.14
4029,2018-06,2018-02,4,0,True,0.0,master,valid_observed_phase_at_origin,BASE,calibration,1,-1,unassigned_nearest_donor_beyond_100km,pooled_unassigned_area,0,0.12,0,0.12
4030,2018-06,2018-02,4,0,True,0.0,master,valid_observed_phase_at_origin,BASE,calibration,1,-1,unassigned_nearest_donor_beyond_100km,pooled_unassigned_area,0,0.02,0,0.02
4031,2018-06,2018-02,4,0,True,0.0,master,valid_observed_phase_at_origin,BASE,calibration,1,-1,unassigned_nearest_donor_beyond_100km,pooled_unassigned_area,0,0.01,0,0.01
4032,2018-06,2018-02,4,0,True,0.0,master,valid_observed_phase_at_origin,BASE,calibration,1,-1,unassigned_nearest_donor_beyond_100km,pooled_unassigned_area,0,0.04,0,0.04
4033,2018-06,2018-02,4,0,True,0.0,master,valid_observed_phase_at_origin,BASE,calibration,1,7,completed_nearest_donor,local_partition_rf,0,0.15,0,0.09
4034,2018-06,2018-02,4,0,True,0.0,master,valid_observed_phase_at_origin,BASE,calibration,1,-1,unassigned_nearest_donor_beyond_100km,pooled_unassigned_area,0,0.01,0,0.01
4035,2018-06,2018-02,4,0,True,0.0,master,valid_observed_phase_at_origin,BASE,calibration,1,-1,unassigned_nearest_donor_beyond_100km,pooled_unassigned_area,0,0.02,0,0.02
4036,2018-06,2018-02,4,0,True,0.0,master,valid_observed_phase_at_origin,BASE,calibration,1,-1,unassigned_nearest_donor_beyond_100km,pooled_unassigned_area,0,0.03,0,0.03
4037,2018-06,2018-02,4,0,True,0.0,master,valid_observed_phase_at_origin,BASE,calibration,1,-1,unassigned_nearest_donor_beyond_100km,pooled_unassigned_area,0,0.07,0,0.07
4038,2018-06,2018-02,4,0,True,0.0,master,valid_observed_phase_at_origin,BASE,calibration,1,7,completed_nearest_donor,local_partition_rf,0,0.03,0,0.03
4039,2018-06,2018-02,4,0,True,0.0,master,valid_observed_phase_at_origin,BASE,calibration,1,7,completed_nearest_donor,local_partition_rf,0,0.02,0,0.02
4040,2018-06,2018-02,4,0,True,0.0,master,valid_observed_phase_at_origin,BASE,calibration,1,7,completed_nearest_donor,local_partition_rf,0,0.03,0,0.02
4041,2018-06,2018-02,4,0,True,0.0,master,valid_observed_phase_at_origin,BASE,calibration,1,7,completed_nearest_donor,local_partition_rf,0,0.04,0,0.04
4042,2018-06,2018-02,4,0,True,0.0,master,valid_observed_phase_at_origin,BASE,calibration,1,-1,unassigned_nearest_donor_beyond_100km,pooled_unassigned_area,0,0.06,0,0.06
4043,2018-06,2018-02,4,0,True,0.0,master,valid_observed_phase_at_origin,BASE,calibration,1,4,completed_nearest_donor,local_partition_rf,0,0.27,0,0.13
4044,2018-06,2018-02,4,0,True,0.0,master,valid_observed_phase_at_origin,BASE,calibration,1,-1,unassigned_nearest_donor_beyond_100km,pooled_unassigned_area,0,0.13,0,0.13
4045,2018-06,2018-02,4,0,True,0.0,master,valid_observed_phase_at_origin,BASE,calibration,1,-1,unassigned_nearest_donor_beyond_100km,pooled_unassigned_area,0,0.11,0,0.11
4046,2018-06,2018-02,4,0,True,0.0,master,valid_observed_phase_at_origin,BASE,calibration,1,-1,unassigned_nearest_donor_beyond_100km,pooled_unassigned_area,0,0.13,0,0.13
4047,2018-06,2018-02,4,0,True,0.0,master,valid_observed_phase_at_origin,BASE,calibration,1,-1,unassigned_nearest_donor_beyond_100km,pooled_unassigned_area,0,0.11,0,0.11
4048,2018-06,2018-02,4,0,True,0.0,master,valid_observed_phase_at_origin,BASE,calibration,1,-1,unassigned_nearest_donor_beyond_100km,pooled_unassigned_area,0,0.15,0,0.15
4049,2018-06,2018-02,4,0,True,0.0,master,valid_observed_phase_at_origin,BASE,calibration,1,-1,unassigned_nearest_donor_beyond_100km,pooled_unassigned_area,0,0.18,0,0.18
4050,2018-06,2018-02,4,0,True,0.0,master,valid_observed_phase_at_origin,BASE,calibration,1,4,completed_nearest_donor,local_partition_rf,0,0.05,0,0.03
4051,2018-06,2018-02,4,0,True,0.0,master,valid_observed_phase_at_origin,BASE,calibration,1,4,completed_nearest_donor,local_partition_rf,0,0.03,0,0.04
4052,2018-06,2018-02,4,0,True,0.0,master,valid_observed_phase_at_origin,BASE,calibration,1,4,completed_nearest_donor,local_partition_rf,0,0.07,0,0.05
4053,2018-06,2018-02,4,0,True,0.0,master,valid_observed_phase_at_origin,BASE,calibration,1,4,completed_nearest_donor,local_partition_rf,0,0.05,0,0.03
4054,2018-06,2018-02,4,0,True,0.0,master,valid_observed_phase_at_origin,BASE,calibration,1,4,completed_nearest_donor,local_partition_rf,0,0.05,0,0.02
4055,2018-06,2018-02,4,0,True,0.0,master,valid_observed_phase_at_origin,BASE,calibration,1,-1,unassigned_nearest_donor_beyond_100km,pooled_unassigned_area,0,0.03,0,0.03
4056,2018-06,2018-02,4,0,True,0.0,master,valid_observed_phase_at_origin,BASE,calibration,1,-1,unassigned_nearest_donor_beyond_100km,pooled_unassigned_area,0,0.03,0,0.03
4057,2018-06,2018-02,4,0,True,0.0,master,valid_observed_phase_at_origin,BASE,calibration,1,-1,unassigned_nearest_donor_beyond_100km,pooled_unassigned_area,0,0.02,0,0.02
4058,2018-06,2018-02,4,0,True,0.0,master,valid_observed_phase_at_origin,BASE,calibration,1,-1,unassigned_nearest_donor_beyond_100km,pooled_unassigned_area,0,0.1,0,0.1
4059,2018-06,2018-02,4,0,True,0.0,master,valid_observed_phase_at_origin,BASE,calibration,1,-1,unassigned_nearest_donor_beyond_100km,pooled_unassigned_area,0,0.03,0,0.03
4060,2018-06,2018-02,4,0,True,0.0,master,valid_observed_phase_at_origin,BASE,calibration,1,-1,unassigned_nearest_donor_beyond_100km,pooled_unassigned_area,0,0.11,0,0.11
4061,2018-06,2018-02,4,0,True,0.0,master,valid_observed_phase_at_origin,BASE,calibration,1,-1,unassigned_nearest_donor_beyond_100km,pooled_unassigned_area,0,0.04,0,0.04
4062,2018-06,2018-02,4,0,True,0.0,master,valid_observed_phase_at_origin,BASE,calibration,1,-1,unassigned_nearest_donor_beyond_100km,pooled_unassigned_area,0,0.1,0,0.1
4063,2018-06,2018-02,4,0,True,0.0,master,valid_observed_phase_at_origin,BASE,calibration,1,-1,unassigned_nearest_donor_beyond_100km,pooled_unassigned_area,0,0.02,0,0.02
4064,2018-06,2018-02,4,0,True,0.0,master,valid_observed_phase_at_origin,BASE,calibration,1,-1,unassigned_nearest_donor_beyond_100km,pooled_unassigned_area,0,0.05,0,0.05
4065,2018-06,2018-02,4,0,True,0.0,master,valid_observed_phase_at_origin,BASE,calibration,1,-1,unassigned_nearest_donor_beyond_100km,pooled_unassigned_area,0,0.01,0,0.01
4066,2018-06,2018-02,4,0,True,0.0,master,valid_observed_phase_at_origin,BASE,calibration,1,-1,unassigned_nearest_donor_beyond_100km,pooled_unassigned_area,0,0.04,0,0.04
4067,2018-06,2018-02,4,0,True,0.0,master,valid_observed_phase_at_origin,BASE,calibration,1,-1,unassigned_nearest_donor_beyond_100km,pooled_unassigned_area,0,0.01,0,0.01
4068,2018-06,2018-02,4,0,True,0.0,master,valid_observed_phase_at_origin,BASE,calibration,1,-1,unassigned_nearest_donor_beyond_100km,pooled_unassigned_area,0,0.05,0,0.05
4069,2018-06,2018-02,4,0,True,0.0,master,valid_observed_phase_at_origin,BASE,calibration,1,-1,unassigned_nearest_donor_beyond_100km,pooled_unassigned_area,0,0.02,0,0.02
4070,2018-06,2018-02,4,0,True,0.0,master,valid_observed_phase_at_origin,BASE,calibration,1,-1,unassigned_nearest_donor_beyond_100km,pooled_unassigned_area,0,0.05,0,0.05
4071,2018-06,2018-02,4,0,True,0.0,master,valid_observed_phase_at_origin,BASE,calibration,1,-1,unassigned_nearest_donor_beyond_100km,pooled_unassigned_area,0,0.05,0,0.05
4072,2018-06,2018-02,4,0,True,0.0,master,valid_observed_phase_at_origin,BASE,calibration,1,-1,unassigned_nearest_donor_beyond_100km,pooled_unassigned_area,0,0.02,0,0.02
4073,2018-06,2018-02,4,0,True,0.0,master,valid_observed_phase_at_origin,BASE,calibration,1,-1,unassigned_nearest_donor_beyond_100km,pooled_unassigned_area,0,0.04,0,0.04
4074,2018-06,2018-02,4,0,True,0.0,master,valid_observed_phase_at_origin,BASE,calibration,1,-1,unassigned_nearest_donor_beyond_100km,pooled_unassigned_area,0,0.03,0,0.03
4075,2018-06,2018-02,4,0,True,0.0,master,valid_observed_phase_at_origin,BASE,calibration,1,-1,unassigned_nearest_donor_beyond_100km,pooled_unassigned_area,0,0.08,0,0.08
4076,2018-06,2018-02,4,0,True,0.0,master,valid_observed_phase_at_origin,BASE,calibration,1,-1,unassigned_nearest_donor_beyond_100km,pooled_unassigned_area,0,0.03,0,0.03
4077,2018-06,2018-02,4,0,True,0.0,master,valid_observed_phase_at_origin,BASE,calibration,1,-1,unassigned_nearest_donor_beyond_100km,pooled_unassigned_area,0,0.01,0,0.01
4078,2018-06,2018-02,4,0,True,0.0,master,valid_observed_phase_at_origin,BASE,calibration,1,-1,unassigned_nearest_donor_beyond_100km,pooled_unassigned_area,0,0.03,0,0.03
4079,2018-06,2018-02,4,0,True,0.0,master,valid_observed_phase_at_origin,BASE,calibration,1,-1,unassigned_nearest_donor_beyond_100km,pooled_unassigned_area,0,0.05,0,0.05
4080,2018-06,2018-02,4,0,True,0.0,master,valid_observed_phase_at_origin,BASE,calibration,1,-1,unassigned_nearest_donor_beyond_100km,pooled_unassigned_area,0,0.07,0,0.07
4081,2018-06,2018-02,4,0,True,0.0,master,valid_observed_phase_at_origin,BASE,calibration,1,-1,unassigned_nearest_donor_beyond_100km,pooled_unassigned_area,0,0.02,0,0.02
4082,2018-06,2018-02,4,0,True,0.0,master,valid_observed_phase_at_origin,BASE,calibration,1,-1,unassigned_nearest_donor_beyond_100km,pooled_unassigned_area,0,0.04,0,0.04
4083,2018-06,2018-02,4,0,True,0.0,master,valid_observed_phase_at_origin,BASE,calibration,1,-1,unassigned_nearest_donor_beyond_100km,pooled_unassigned_area,0,0.02,0,0.02
4084,2018-06,2018-02,4,0,True,0.0,master,valid_observed_phase_at_origin,BASE,calibration,1,-1,unassigned_nearest_donor_beyond_100km,pooled_unassigned_area,0,0.03,0,0.03
4085,2018-06,2018-02,4,0,True,0.0,master,valid_observed_phase_at_origin,BASE,calibration,1,-1,unassigned_nearest_donor_beyond_100km,pooled_unassigned_area,0,0.06,0,0.06
4086,2018-06,2018-02,4,0,True,0.0,master,valid_observed_phase_at_origin,BASE,calibration,1,-1,unassigned_nearest_donor_beyond_100km,pooled_unassigned_area,0,0.05,0,0.05
4087,2018-06,2018-02,4,0,True,0.0,master,valid_observed_phase_at_origin,BASE,calibration,1,-1,unassigned_nearest_donor_beyond_100km,pooled_unassigned_area,0,0.02,0,0.02
4088,2018-06,2018-02,4,0,True,0.0,master,valid_observed_phase_at_origin,BASE,calibration,1,-1,unassigned_nearest_donor_beyond_100km,pooled_unassigned_area,0,0.0,0,0.0
4089,2018-06,2018-02,4,0,True,0.0,master,valid_observed_phase_at_origin,BASE,calibration,1,-1,unassigned_nearest_donor_beyond_100km,pooled_unassigned_area,0,0.02,0,0.02
4090,2018-06,2018-02,4,0,True,0.0,master,valid_observed_phase_at_origin,BASE,calibration,1,-1,unassigned_nearest_donor_beyond_100km,pooled_unassigned_area,0,0.03,0,0.03
4091,2018-06,2018-02,4,0,True,0.0,master,valid_observed_phase_at_origin,BASE,calibration,1,-1,unassigned_nearest_donor_beyond_100km,pooled_unassigned_area,0,0.05,0,0.05
4092,2018-06,2018-02,4,0,True,0.0,master,valid_observed_phase_at_origin,BASE,calibration,1,-1,unassigned_nearest_donor_beyond_100km,pooled_unassigned_area,0,0.02,0,0.02
4093,2018-06,2018-02,4,0,True,0.0,master,valid_observed_phase_at_origin,BASE,calibration,1,-1,unassigned_nearest_donor_beyond_100km,pooled_unassigned_area,0,0.04,0,0.04
4094,2018-06,2018-02,4,0,True,0.0,master,valid_observed_phase_at_origin,BASE,calibration,1,-1,unassigned_nearest_donor_beyond_100km,pooled_unassigned_area,0,0.06,0,0.06
4095,2018-06,2018-02,4,0,True,0.0,master,valid_observed_phase_at_origin,BASE,calibration,1,-1,unassigned_nearest_donor_beyond_100km,pooled_unassigned_area,0,0.03,0,0.03
4096,2018-06,2018-02,4,0,True,0.0,master,valid_observed_phase_at_origin,BASE,calibration,1,-1,unassigned_nearest_donor_beyond_100km,pooled_unassigned_area,0,0.01,0,0.01
4097,2018-06,2018-02,4,0,True,0.0,master,valid_observed_phase_at_origin,BASE,calibration,1,-1,unassigned_nearest_donor_beyond_100km,pooled_unassigned_area,0,0.0,0,0.0
4098,2018-06,2018-02,4,0,True,0.0,master,valid_observed_phase_at_origin,BASE,calibration,1,-1,unassigned_nearest_donor_beyond_100km,pooled_unassigned_area,0,0.01,0,0.01
4099,2018-06,2018-02,4,0,True,0.0,master,valid_observed_phase_at_origin,BASE,calibration,1,-1,unassigned_nearest_donor_beyond_100km,pooled_unassigned_area,0,0.03,0,0.03
4100,2018-06,2018-02,4,0,True,0.0,master,valid_observed_phase_at_origin,BASE,calibration,1,-1,unassigned_nearest_donor_beyond_100km,pooled_unassigned_area,0,0.03,0,0.03
4101,2018-06,2018-02,4,0,True,0.0,master,valid_observed_phase_at_origin,BASE,calibration,1,-1,unassigned_nearest_donor_beyond_100km,pooled_unassigned_area,0,0.03,0,0.03
4102,2018-06,2018-02,4,0,True,0.0,master,valid_observed_phase_at_origin,BASE,calibration,1,-1,unassigned_nearest_donor_beyond_100km,pooled_unassigned_area,0,0.04,0,0.04
4103,2018-06,2018-02,4,0,True,0.0,master,valid_observed_phase_at_origin,BASE,calibration,1,-1,unassigned_nearest_donor_beyond_100km,pooled_unassigned_area,0,0.0,0,0.0
4104,2018-06,2018-02,4,0,True,0.0,master,valid_observed_phase_at_origin,BASE,calibration,1,-1,unassigned_nearest_donor_beyond_100km,pooled_unassigned_area,0,0.02,0,0.02
4105,2018-06,2018-02,4,0,True,0.0,master,valid_observed_phase_at_origin,BASE,calibration,1,-1,unassigned_nearest_donor_beyond_100km,pooled_unassigned_area,0,0.0,0,0.0
4106,2018-06,2018-02,4,0,True,0.0,master,valid_observed_phase_at_origin,BASE,calibration,1,-1,unassigned_nearest_donor_beyond_100km,pooled_unassigned_area,0,0.0,0,0.0
4107,2018-06,2018-02,4,0,True,0.0,master,valid_observed_phase_at_origin,BASE,calibration,1,-1,unassigned_nearest_donor_beyond_100km,pooled_unassigned_area,0,0.01,0,0.01
4108,2018-06,2018-02,4,0,True,0.0,master,valid_observed_phase_at_origin,BASE,calibration,1,-1,unassigned_nearest_donor_beyond_100km,pooled_unassigned_area,0,0.06,0,0.06
4109,2018-06,2018-02,4,0,True,0.0,master,valid_observed_phase_at_origin,BASE,calibration,1,-1,unassigned_nearest_donor_beyond_100km,pooled_unassigned_area,0,0.02,0,0.02
4110,2018-06,2018-02,4,0,True,0.0,master,valid_observed_phase_at_origin,BASE,calibration,1,-1,unassigned_nearest_donor_beyond_100km,pooled_unassigned_area,0,0.02,0,0.02
4111,2018-06,2018-02,4,0,True,0.0,master,valid_observed_phase_at_origin,BASE,calibration,1,-1,unassigned_nearest_donor_beyond_100km,pooled_unassigned_area,0,0.05,0,0.05
4112,2018-06,2018-02,4,0,True,0.0,master,valid_observed_phase_at_origin,BASE,calibration,1,-1,unassigned_nearest_donor_beyond_100km,pooled_unassigned_area,0,0.03,0,0.03
4113,2018-06,2018-02,4,0,True,0.0,master,valid_observed_phase_at_origin,BASE,calibration,1,-1,unassigned_nearest_donor_beyond_100km,pooled_unassigned_area,0,0.03,0,0.03
4114,2018-06,2018-02,4,0,True,0.0,master,valid_observed_phase_at_origin,BASE,calibration,1,-1,unassigned_nearest_donor_beyond_100km,pooled_unassigned_area,0,0.03,0,0.03
4115,2018-06,2018-02,4,0,True,0.0,master,valid_observed_phase_at_origin,BASE,calibration,1,-1,unassigned_nearest_donor_beyond_100km,pooled_unassigned_area,0,0.03,0,0.03
4116,2018-06,2018-02,4,0,True,0.0,master,valid_observed_phase_at_origin,BASE,calibration,1,-1,unassigned_nearest_donor_beyond_100km,pooled_unassigned_area,0,0.04,0,0.04
4117,2018-06,2018-02,4,0,True,0.0,master,valid_observed_phase_at_origin,BASE,calibration,1,-1,unassigned_nearest_donor_beyond_100km,pooled_unassigned_area,0,0.04,0,0.04
4118,2018-06,2018-02,4,0,True,0.0,master,valid_observed_phase_at_origin,BASE,calibration,1,-1,unassigned_nearest_donor_beyond_100km,pooled_unassigned_area,0,0.05,0,0.05
4119,2018-06,2018-02,4,0,True,0.0,master,valid_observed_phase_at_origin,BASE,calibration,1,-1,unassigned_nearest_donor_beyond_100km,pooled_unassigned_area,0,0.04,0,0.04
4120,2018-06,2018-02,4,0,True,0.0,master,valid_observed_phase_at_origin,BASE,calibration,1,-1,unassigned_nearest_donor_beyond_100km,pooled_unassigned_area,0,0.03,0,0.03
4121,2018-06,2018-02,4,0,True,0.0,master,valid_observed_phase_at_origin,BASE,calibration,1,-1,unassigned_nearest_donor_beyond_100km,pooled_unassigned_area,0,0.05,0,0.05
4122,2018-06,2018-02,4,0,True,0.0,master,valid_observed_phase_at_origin,BASE,calibration,1,-1,unassigned_nearest_donor_beyond_100km,pooled_unassigned_area,0,0.03,0,0.03
4123,2018-06,2018-02,4,0,True,0.0,master,valid_observed_phase_at_origin,BASE,calibration,1,-1,unassigned_nearest_donor_beyond_100km,pooled_unassigned_area,0,0.04,0,0.04
4124,2018-06,2018-02,4,0,True,0.0,master,valid_observed_phase_at_origin,BASE,calibration,1,-1,unassigned_nearest_donor_beyond_100km,pooled_unassigned_area,0,0.02,0,0.02
4125,2018-06,2018-02,4,0,True,0.0,master,valid_observed_phase_at_origin,BASE,calibration,1,-1,unassigned_nearest_donor_beyond_100km,pooled_unassigned_area,0,0.03,0,0.03
4126,2018-06,2018-02,4,0,True,0.0,master,valid_observed_phase_at_origin,BASE,calibration,1,-1,unassigned_nearest_donor_beyond_100km,pooled_unassigned_area,0,0.03,0,0.03
4127,2018-06,2018-02,4,0,True,0.0,master,valid_observed_phase_at_origin,BASE,calibration,1,-1,unassigned_nearest_donor_beyond_100km,pooled_unassigned_area,0,0.04,0,0.04
4128,2018-06,2018-02,4,0,True,0.0,master,valid_observed_phase_at_origin,BASE,calibration,1,-1,unassigned_nearest_donor_beyond_100km,pooled_unassigned_area,0,0.05,0,0.05
4129,2018-06,2018-02,4,0,True,0.0,master,valid_observed_phase_at_origin,BASE,calibration,1,-1,unassigned_nearest_donor_beyond_100km,pooled_unassigned_area,0,0.03,0,0.03
4130,2018-06,2018-02,4,0,True,0.0,master,valid_observed_phase_at_origin,BASE,calibration,1,7,completed_nearest_donor,local_partition_rf,0,0.07,0,0.03
4131,2018-06,2018-02,4,0,True,0.0,master,valid_observed_phase_at_origin,BASE,calibration,1,7,completed_nearest_donor,local_partition_rf,0,0.08,0,0.04
4132,2018-06,2018-02,4,0,True,0.0,master,valid_observed_phase_at_origin,BASE,calibration,1,-1,unassigned_nearest_donor_beyond_100km,pooled_unassigned_area,0,0.03,0,0.03
4133,2018-06,2018-02,4,0,True,0.0,master,valid_observed_phase_at_origin,BASE,calibration,1,-1,unassigned_nearest_donor_beyond_100km,pooled_unassigned_area,0,0.01,0,0.01
4134,2018-06,2018-02,4,0,True,0.0,master,valid_observed_phase_at_origin,BASE,calibration,1,-1,unassigned_nearest_donor_beyond_100km,pooled_unassigned_area,0,0.01,0,0.01
4135,2018-06,2018-02,4,0,True,0.0,master,valid_observed_phase_at_origin,BASE,calibration,1,-1,unassigned_nearest_donor_beyond_100km,pooled_unassigned_area,0,0.03,0,0.03
4136,2018-06,2018-02,4,0,True,0.0,master,valid_observed_phase_at_origin,BASE,calibration,1,-1,unassigned_nearest_donor_beyond_100km,pooled_unassigned_area,0,0.02,0,0.02
4137,2018-06,2018-02,4,0,True,0.0,master,valid_observed_phase_at_origin,BASE,calibration,1,-1,unassigned_nearest_donor_beyond_100km,pooled_unassigned_area,0,0.01,0,0.01
4138,2018-06,2018-02,4,0,True,0.0,master,valid_observed_phase_at_origin,BASE,calibration,1,-1,unassigned_nearest_donor_beyond_100km,pooled_unassigned_area,0,0.04,0,0.04
4139,2018-06,2018-02,4,0,True,0.0,master,valid_observed_phase_at_origin,BASE,calibration,1,-1,unassigned_nearest_donor_beyond_100km,pooled_unassigned_area,0,0.02,0,0.02
4140,2018-06,2018-02,4,0,True,0.0,master,valid_observed_phase_at_origin,BASE,calibration,1,-1,unassigned_nearest_donor_beyond_100km,pooled_unassigned_area,0,0.03,0,0.03
4141,2018-06,2018-02,4,0,True,0.0,master,valid_observed_phase_at_origin,BASE,calibration,1,-1,unassigned_nearest_donor_beyond_100km,pooled_unassigned_area,0,0.05,0,0.05
4142,2018-06,2018-02,4,0,True,0.0,master,valid_observed_phase_at_origin,BASE,calibration,1,-1,unassigned_nearest_donor_beyond_100km,pooled_unassigned_area,0,0.06,0,0.06
4143,2018-06,2018-02,4,0,True,0.0,master,valid_observed_phase_at_origin,BASE,calibration,1,-1,unassigned_nearest_donor_beyond_100km,pooled_unassigned_area,0,0.03,0,0.03
4144,2018-06,2018-02,4,0,True,0.0,master,valid_observed_phase_at_origin,BASE,calibration,1,7,completed_nearest_donor,local_partition_rf,0,0.05,0,0.03
4145,2018-06,2018-02,4,0,True,0.0,master,valid_observed_phase_at_origin,BASE,calibration,1,-1,unassigned_nearest_donor_beyond_100km,pooled_unassigned_area,0,0.05,0,0.05
4146,2018-06,2018-02,4,0,True,0.0,master,valid_observed_phase_at_origin,BASE,calibration,1,-1,unassigned_nearest_donor_beyond_100km,pooled_unassigned_area,0,0.03,0,0.03
4147,2018-06,2018-02,4,0,True,0.0,master,valid_observed_phase_at_origin,BASE,calibration,1,7,completed_nearest_donor,local_partition_rf,0,0.1,0,0.05
4148,2018-06,2018-02,4,0,True,0.0,master,valid_observed_phase_at_origin,BASE,calibration,1,-1,unassigned_nearest_donor_beyond_100km,pooled_unassigned_area,0,0.02,0,0.02
4149,2018-06,2018-02,4,0,True,0.0,master,valid_observed_phase_at_origin,BASE,calibration,1,-1,unassigned_nearest_donor_beyond_100km,pooled_unassigned_area,0,0.03,0,0.03
4150,2018-06,2018-02,4,0,True,0.0,master,valid_observed_phase_at_origin,BASE,calibration,1,-1,unassigned_nearest_donor_beyond_100km,pooled_unassigned_area,0,0.03,0,0.03
4151,2018-06,2018-02,4,0,True,0.0,master,valid_observed_phase_at_origin,BASE,calibration,1,-1,unassigned_nearest_donor_beyond_100km,pooled_unassigned_area,0,0.01,0,0.01
4152,2018-06,2018-02,4,0,True,0.0,master,valid_observed_phase_at_origin,BASE,calibration,1,-1,unassigned_nearest_donor_beyond_100km,pooled_unassigned_area,0,0.02,0,0.02
4153,2018-06,2018-02,4,0,True,0.0,master,valid_observed_phase_at_origin,BASE,calibration,1,7,completed_nearest_donor,local_partition_rf,0,0.03,0,0.04
4154,2018-06,2018-02,4,0,True,0.0,master,valid_observed_phase_at_origin,BASE,calibration,1,7,completed_nearest_donor,local_partition_rf,0,0.08,0,0.01
4155,2018-06,2018-02,4,0,True,0.0,master,valid_observed_phase_at_origin,BASE,calibration,1,7,completed_nearest_donor,local_partition_rf,0,0.03,0,0.03
4156,2018-06,2018-02,4,0,True,0.0,master,valid_observed_phase_at_origin,BASE,calibration,1,7,completed_nearest_donor,local_partition_rf,0,0.1,0,0.03
4157,2018-06,2018-02,4,0,True,0.0,master,valid_observed_phase_at_origin,BASE,calibration,1,7,completed_nearest_donor,local_partition_rf,0,0.02,0,0.05
4158,2018-06,2018-02,4,0,True,0.0,master,valid_observed_phase_at_origin,BASE,calibration,1,7,completed_nearest_donor,local_partition_rf,0,0.02,0,0.04
4159,2018-06,2018-02,4,0,True,0.0,master,valid_observed_phase_at_origin,BASE,calibration,1,7,completed_nearest_donor,local_partition_rf,0,0.02,0,0.05
4160,2018-06,2018-02,4,0,True,0.0,master,valid_observed_phase_at_origin,BASE,calibration,1,-1,unassigned_nearest_donor_beyond_100km,pooled_unassigned_area,0,0.05,0,0.05
4161,2018-06,2018-02,4,0,True,0.0,master,valid_observed_phase_at_origin,BASE,calibration,1,7,completed_nearest_donor,local_partition_rf,0,0.03,0,0.04
4162,2018-06,2018-02,4,0,True,0.0,master,valid_observed_phase_at_origin,BASE,calibration,1,-1,unassigned_nearest_donor_beyond_100km,pooled_unassigned_area,0,0.03,0,0.03
4163,2018-06,2018-02,4,0,True,0.0,master,valid_observed_phase_at_origin,BASE,calibration,1,-1,unassigned_nearest_donor_beyond_100km,pooled_unassigned_area,0,0.04,0,0.04
4164,2018-06,2018-02,4,0,True,0.0,master,valid_observed_phase_at_origin,BASE,calibration,1,7,completed_nearest_donor,local_partition_rf,0,0.02,0,0.06
4165,2018-06,2018-02,4,0,True,0.0,master,valid_observed_phase_at_origin,BASE,calibration,1,-1,unassigned_nearest_donor_beyond_100km,pooled_unassigned_area,0,0.04,0,0.04
4166,2018-06,2018-02,4,0,True,0.0,master,valid_observed_phase_at_origin,BASE,calibration,1,-1,unassigned_nearest_donor_beyond_100km,pooled_unassigned_area,0,0.05,0,0.05
4167,2018-06,2018-02,4,0,True,0.0,master,valid_observed_phase_at_origin,BASE,calibration,1,-1,unassigned_nearest_donor_beyond_100km,pooled_unassigned_area,0,0.04,0,0.04
4168,2018-06,2018-02,4,0,True,0.0,master,valid_observed_phase_at_origin,BASE,calibration,1,-1,unassigned_nearest_donor_beyond_100km,pooled_unassigned_area,0,0.02,0,0.02
4169,2018-06,2018-02,4,0,True,0.0,master,valid_observed_phase_at_origin,BASE,calibration,1,-1,unassigned_nearest_donor_beyond_100km,pooled_unassigned_area,0,0.03,0,0.03
4170,2018-06,2018-02,4,0,True,0.0,master,valid_observed_phase_at_origin,BASE,calibration,1,-1,unassigned_nearest_donor_beyond_100km,pooled_unassigned_area,0,0.05,0,0.05
4171,2018-06,2018-02,4,0,True,0.0,master,valid_observed_phase_at_origin,BASE,calibration,1,-1,unassigned_nearest_donor_beyond_100km,pooled_unassigned_area,0,0.03,0,0.03
4172,2018-06,2018-02,4,0,True,0.0,master,valid_observed_phase_at_origin,BASE,calibration,1,-1,unassigned_nearest_donor_beyond_100km,pooled_unassigned_area,0,0.05,0,0.05
4173,2018-06,2018-02,4,0,True,0.0,master,valid_observed_phase_at_origin,BASE,calibration,1,-1,unassigned_nearest_donor_beyond_100km,pooled_unassigned_area,0,0.04,0,0.04
4174,2018-06,2018-02,4,0,True,0.0,master,valid_observed_phase_at_origin,BASE,calibration,1,-1,unassigned_nearest_donor_beyond_100km,pooled_unassigned_area,0,0.06,0,0.06
4175,2018-06,2018-02,4,0,True,0.0,master,valid_observed_phase_at_origin,BASE,calibration,1,-1,unassigned_nearest_donor_beyond_100km,pooled_unassigned_area,0,0.04,0,0.04
4176,2018-06,2018-02,4,0,True,0.0,master,valid_observed_phase_at_origin,BASE,calibration,1,-1,unassigned_nearest_donor_beyond_100km,pooled_unassigned_area,0,0.05,0,0.05
4177,2018-06,2018-02,4,0,True,0.0,master,valid_observed_phase_at_origin,BASE,calibration,1,-1,unassigned_nearest_donor_beyond_100km,pooled_unassigned_area,0,0.17,0,0.17
4178,2018-06,2018-02,4,0,True,0.0,master,valid_observed_phase_at_origin,BASE,calibration,1,-1,unassigned_nearest_donor_beyond_100km,pooled_unassigned_area,0,0.04,0,0.04
4179,2018-06,2018-02,4,0,True,0.0,master,valid_observed_phase_at_origin,BASE,calibration,1,-1,unassigned_nearest_donor_beyond_100km,pooled_unassigned_area,0,0.04,0,0.04
4180,2018-06,2018-02,4,0,True,0.0,master,valid_observed_phase_at_origin,BASE,calibration,1,-1,unassigned_nearest_donor_beyond_100km,pooled_unassigned_area,0,0.07,0,0.07
4181,2018-06,2018-02,4,0,True,0.0,master,valid_observed_phase_at_origin,BASE,calibration,1,-1,unassigned_nearest_donor_beyond_100km,pooled_unassigned_area,0,0.01,0,0.01
4182,2018-06,2018-02,4,0,True,0.0,master,valid_observed_phase_at_origin,BASE,calibration,1,-1,unassigned_nearest_donor_beyond_100km,pooled_unassigned_area,0,0.03,0,0.03
4183,2018-06,2018-02,4,0,True,0.0,master,valid_observed_phase_at_origin,BASE,calibration,1,-1,unassigned_nearest_donor_beyond_100km,pooled_unassigned_area,0,0.02,0,0.02
4184,2018-06,2018-02,4,0,True,0.0,master,valid_observed_phase_at_origin,BASE,calibration,1,-1,unassigned_nearest_donor_beyond_100km,pooled_unassigned_area,0,0.03,0,0.03
4185,2018-06,2018-02,4,0,True,0.0,master,valid_observed_phase_at_origin,BASE,calibration,1,-1,unassigned_nearest_donor_beyond_100km,pooled_unassigned_area,0,0.04,0,0.04
4186,2018-06,2018-02,4,0,True,0.0,master,valid_observed_phase_at_origin,BASE,calibration,1,-1,unassigned_nearest_donor_beyond_100km,pooled_unassigned_area,0,0.03,0,0.03
4187,2018-06,2018-02,4,0,True,0.0,master,valid_observed_phase_at_origin,BASE,calibration,1,-1,unassigned_nearest_donor_beyond_100km,pooled_unassigned_area,0,0.03,0,0.03
4188,2018-06,2018-02,4,0,True,0.0,master,valid_observed_phase_at_origin,BASE,calibration,1,-1,unassigned_nearest_donor_beyond_100km,pooled_unassigned_area,0,0.07,0,0.07
4189,2018-06,2018-02,4,0,True,0.0,master,valid_observed_phase_at_origin,BASE,calibration,1,-1,unassigned_nearest_donor_beyond_100km,pooled_unassigned_area,0,0.09,0,0.09
4190,2018-06,2018-02,4,0,True,0.0,master,valid_observed_phase_at_origin,BASE,calibration,1,-1,unassigned_nearest_donor_beyond_100km,pooled_unassigned_area,0,0.04,0,0.04
4191,2018-06,2018-02,4,0,True,0.0,master,valid_observed_phase_at_origin,BASE,calibration,1,-1,unassigned_nearest_donor_beyond_100km,pooled_unassigned_area,0,0.06,0,0.06
4192,2018-06,2018-02,4,0,True,0.0,master,valid_observed_phase_at_origin,BASE,calibration,1,-1,unassigned_nearest_donor_beyond_100km,pooled_unassigned_area,0,0.09,0,0.09
4193,2018-06,2018-02,4,0,True,0.0,master,valid_observed_phase_at_origin,BASE,calibration,1,-1,unassigned_nearest_donor_beyond_100km,pooled_unassigned_area,0,0.01,0,0.01
4194,2018-06,2018-02,4,0,True,0.0,master,valid_observed_phase_at_origin,BASE,calibration,1,-1,unassigned_nearest_donor_beyond_100km,pooled_unassigned_area,0,0.01,0,0.01
4195,2018-06,2018-02,4,0,True,0.0,master,valid_observed_phase_at_origin,BASE,calibration,1,-1,unassigned_nearest_donor_beyond_100km,pooled_unassigned_area,0,0.03,0,0.03
4196,2018-06,2018-02,4,0,True,0.0,master,valid_observed_phase_at_origin,BASE,calibration,1,-1,unassigned_nearest_donor_beyond_100km,pooled_unassigned_area,0,0.02,0,0.02
4197,2018-06,2018-02,4,0,True,0.0,master,valid_observed_phase_at_origin,BASE,calibration,1,-1,unassigned_nearest_donor_beyond_100km,pooled_unassigned_area,0,0.01,0,0.01
4198,2018-06,2018-02,4,0,True,0.0,master,valid_observed_phase_at_origin,BASE,calibration,1,-1,unassigned_nearest_donor_beyond_100km,pooled_unassigned_area,0,0.07,0,0.07
4199,2018-06,2018-02,4,0,True,0.0,master,valid_observed_phase_at_origin,BASE,calibration,1,-1,unassigned_nearest_donor_beyond_100km,pooled_unassigned_area,0,0.06,0,0.06
4200,2018-06,2018-02,4,0,True,0.0,master,valid_observed_phase_at_origin,BASE,calibration,1,-1,unassigned_nearest_donor_beyond_100km,pooled_unassigned_area,0,0.1,0,0.1
4201,2018-06,2018-02,4,0,True,0.0,master,valid_observed_phase_at_origin,BASE,calibration,1,-1,unassigned_nearest_donor_beyond_100km,pooled_unassigned_area,0,0.09,0,0.09
4202,2018-06,2018-02,4,0,True,0.0,master,valid_observed_phase_at_origin,BASE,calibration,1,-1,unassigned_nearest_donor_beyond_100km,pooled_unassigned_area,0,0.09,0,0.09
4203,2018-06,2018-02,4,0,True,0.0,master,valid_observed_phase_at_origin,BASE,calibration,1,-1,unassigned_nearest_donor_beyond_100km,pooled_unassigned_area,0,0.08,0,0.08
4204,2018-06,2018-02,4,0,True,0.0,master,valid_observed_phase_at_origin,BASE,calibration,1,-1,unassigned_nearest_donor_beyond_100km,pooled_unassigned_area,0,0.08,0,0.08
4205,2018-06,2018-02,4,0,True,0.0,master,valid_observed_phase_at_origin,BASE,calibration,1,-1,unassigned_nearest_donor_beyond_100km,pooled_unassigned_area,0,0.13,0,0.13
4206,2018-06,2018-02,4,0,True,0.0,master,valid_observed_phase_at_origin,BASE,calibration,1,-1,unassigned_nearest_donor_beyond_100km,pooled_unassigned_area,0,0.07,0,0.07
4207,2018-06,2018-02,4,0,True,0.0,master,valid_observed_phase_at_origin,BASE,calibration,1,-1,unassigned_nearest_donor_beyond_100km,pooled_unassigned_area,0,0.05,0,0.05
4208,2018-06,2018-02,4,0,True,0.0,master,valid_observed_phase_at_origin,BASE,calibration,1,-1,unassigned_nearest_donor_beyond_100km,pooled_unassigned_area,0,0.07,0,0.07
4209,2018-06,2018-02,4,0,True,0.0,master,valid_observed_phase_at_origin,BASE,calibration,1,-1,unassigned_nearest_donor_beyond_100km,pooled_unassigned_area,0,0.03,0,0.03
4210,2018-06,2018-02,4,0,True,0.0,master,valid_observed_phase_at_origin,BASE,calibration,1,-1,unassigned_nearest_donor_beyond_100km,pooled_unassigned_area,0,0.13,0,0.13
4211,2018-06,2018-02,4,0,True,0.0,master,valid_observed_phase_at_origin,BASE,calibration,1,4,completed_nearest_donor,local_partition_rf,0,0.23,0,0.1
4212,2018-06,2018-02,4,0,True,0.0,master,valid_observed_phase_at_origin,BASE,calibration,1,-1,unassigned_nearest_donor_beyond_100km,pooled_unassigned_area,0,0.15,0,0.15
4213,2018-06,2018-02,4,0,True,0.0,master,valid_observed_phase_at_origin,BASE,calibration,1,-1,unassigned_nearest_donor_beyond_100km,pooled_unassigned_area,0,0.1,0,0.1
4214,2018-06,2018-02,4,0,True,0.0,master,valid_observed_phase_at_origin,BASE,calibration,1,-1,unassigned_nearest_donor_beyond_100km,pooled_unassigned_area,0,0.19,0,0.19
4215,2018-06,2018-02,4,0,True,0.0,master,valid_observed_phase_at_origin,BASE,calibration,1,-1,unassigned_nearest_donor_beyond_100km,pooled_unassigned_area,0,0.07,0,0.07
4216,2018-06,2018-02,4,0,True,0.0,master,valid_observed_phase_at_origin,BASE,calibration,1,-1,unassigned_nearest_donor_beyond_100km,pooled_unassigned_area,0,0.01,0,0.01
4217,2018-06,2018-02,4,0,True,0.0,master,valid_observed_phase_at_origin,BASE,calibration,1,-1,unassigned_nearest_donor_beyond_100km,pooled_unassigned_area,0,0.14,0,0.14
4218,2018-06,2018-02,4,0,True,0.0,master,valid_observed_phase_at_origin,BASE,calibration,1,-1,unassigned_nearest_donor_beyond_100km,pooled_unassigned_area,0,0.12,0,0.12
4219,2018-06,2018-02,4,0,True,0.0,master,valid_observed_phase_at_origin,BASE,calibration,1,-1,unassigned_nearest_donor_beyond_100km,pooled_unassigned_area,0,0.11,0,0.11
4220,2018-06,2018-02,4,0,True,0.0,master,valid_observed_phase_at_origin,BASE,calibration,1,-1,unassigned_nearest_donor_beyond_100km,pooled_unassigned_area,0,0.14,0,0.14
4221,2018-06,2018-02,4,0,True,0.0,master,valid_observed_phase_at_origin,BASE,calibration,1,-1,unassigned_nearest_donor_beyond_100km,pooled_unassigned_area,0,0.17,0,0.17
4222,2018-06,2018-02,4,0,True,0.0,master,valid_observed_phase_at_origin,BASE,calibration,1,-1,unassigned_nearest_donor_beyond_100km,pooled_unassigned_area,0,0.17,0,0.17
4223,2018-06,2018-02,4,0,True,0.0,master,valid_observed_phase_at_origin,BASE,calibration,1,7,completed_nearest_donor,local_partition_rf,0,0.03,0,0.03
4224,2018-06,2018-02,4,0,True,0.0,master,valid_observed_phase_at_origin,BASE,calibration,1,7,completed_nearest_donor,local_partition_rf,0,0.02,0,0.04
4225,2018-06,2018-02,4,0,True,0.0,master,valid_observed_phase_at_origin,BASE,calibration,1,7,completed_nearest_donor,local_partition_rf,0,0.07,0,0.08
4226,2018-06,2018-02,4,0,True,0.0,master,valid_observed_phase_at_origin,BASE,calibration,1,7,completed_nearest_donor,local_partition_rf,0,0.03,0,0.02
4227,2018-06,2018-02,4,0,True,0.0,master,valid_observed_phase_at_origin,BASE,calibration,1,-1,unassigned_nearest_donor_beyond_100km,pooled_unassigned_area,0,0.02,0,0.02
4228,2018-06,2018-02,4,0,True,0.0,master,valid_observed_phase_at_origin,BASE,calibration,1,7,completed_nearest_donor,local_partition_rf,0,0.15,0,0.08
4229,2018-06,2018-02,4,0,True,0.0,master,valid_observed_phase_at_origin,BASE,calibration,1,7,completed_nearest_donor,local_partition_rf,0,0.03,0,0.03
4230,2018-06,2018-02,4,0,True,0.0,master,valid_observed_phase_at_origin,BASE,calibration,1,-1,unassigned_nearest_donor_beyond_100km,pooled_unassigned_area,0,0.05,0,0.05
4231,2018-06,2018-02,4,0,True,0.0,master,valid_observed_phase_at_origin,BASE,calibration,1,-1,unassigned_nearest_donor_beyond_100km,pooled_unassigned_area,0,0.05,0,0.05
4232,2018-06,2018-02,4,0,True,0.0,master,valid_observed_phase_at_origin,BASE,calibration,1,-1,unassigned_nearest_donor_beyond_100km,pooled_unassigned_area,0,0.03,0,0.03
4233,2018-06,2018-02,4,0,True,0.0,master,valid_observed_phase_at_origin,BASE,calibration,1,-1,unassigned_nearest_donor_beyond_100km,pooled_unassigned_area,0,0.12,0,0.12
4234,2018-06,2018-02,4,1,True,1.0,master,valid_observed_phase_at_origin,BASE,calibration,1,4,completed_nearest_donor,local_partition_rf,0,0.2,0,0.14
4235,2018-06,2018-02,4,0,True,0.0,master,valid_observed_phase_at_origin,BASE,calibration,1,-1,unassigned_nearest_donor_beyond_100km,pooled_unassigned_area,0,0.11,0,0.11
4236,2018-06,2018-02,4,0,True,0.0,master,valid_observed_phase_at_origin,BASE,calibration,1,4,completed_nearest_donor,local_partition_rf,0,0.07,0,0.03
4237,2018-06,2018-02,4,1,True,1.0,master,valid_observed_phase_at_origin,BASE,calibration,1,4,spectral_core,local_partition_rf,0,0.26,0,0.21
4238,2018-06,2018-02,4,0,True,0.0,master,valid_observed_phase_at_origin,BASE,calibration,1,4,spectral_core,local_partition_rf,0,0.26,0,0.19
4239,2018-06,2018-02,4,1,True,1.0,master,valid_observed_phase_at_origin,BASE,calibration,1,4,spectral_core,local_partition_rf,0,0.26,0,0.2
4240,2018-06,2018-02,4,0,True,0.0,master,valid_observed_phase_at_origin,BASE,calibration,1,4,spectral_core,local_partition_rf,0,0.24,0,0.25
4241,2018-06,2018-02,4,1,True,1.0,master,valid_observed_phase_at_origin,BASE,calibration,1,4,spectral_core,local_partition_rf,0,0.22,0,0.25
4242,2018-06,2018-02,4,0,True,0.0,master,valid_observed_phase_at_origin,BASE,calibration,1,4,completed_nearest_donor,local_partition_rf,0,0.11,0,0.16
4243,2018-06,2018-02,4,0,True,0.0,master,valid_observed_phase_at_origin,BASE,calibration,1,4,completed_nearest_donor,local_partition_rf,0,0.15,0,0.13
4244,2018-06,2018-02,4,0,True,0.0,master,valid_observed_phase_at_origin,BASE,calibration,1,4,completed_nearest_donor,local_partition_rf,0,0.15,0,0.15
4245,2018-06,2018-02,4,0,True,0.0,master,valid_observed_phase_at_origin,BASE,calibration,1,-1,unassigned_nearest_donor_beyond_100km,pooled_unassigned_area,0,0.13,0,0.13
4246,2018-06,2018-02,4,0,True,0.0,master,valid_observed_phase_at_origin,BASE,calibration,1,4,completed_nearest_donor,local_partition_rf,0,0.12,0,0.13
4247,2018-06,2018-02,4,0,True,0.0,master,valid_observed_phase_at_origin,BASE,calibration,1,4,completed_nearest_donor,local_partition_rf,0,0.11,0,0.14
4248,2018-06,2018-02,4,0,True,0.0,master,valid_observed_phase_at_origin,BASE,calibration,1,4,completed_nearest_donor,local_partition_rf,0,0.08,0,0.13
4249,2018-06,2018-02,4,0,True,0.0,master,valid_observed_phase_at_origin,BASE,calibration,1,4,spectral_core,local_partition_rf,0,0.11,0,0.11
4250,2018-06,2018-02,4,0,True,0.0,master,valid_observed_phase_at_origin,BASE,calibration,1,4,completed_nearest_donor,local_partition_rf,0,0.09,0,0.04
4251,2018-06,2018-02,4,0,True,0.0,master,valid_observed_phase_at_origin,BASE,calibration,1,4,completed_nearest_donor,local_partition_rf,0,0.13,0,0.12
4252,2018-06,2018-02,4,0,True,0.0,master,valid_observed_phase_at_origin,BASE,calibration,1,4,completed_nearest_donor,local_partition_rf,0,0.18,0,0.06
4253,2018-06,2018-02,4,0,True,0.0,master,valid_observed_phase_at_origin,BASE,calibration,1,4,completed_nearest_donor,local_partition_rf,0,0.05,0,0.02
4254,2018-06,2018-02,4,0,True,0.0,master,valid_observed_phase_at_origin,BASE,calibration,1,4,completed_nearest_donor,local_partition_rf,0,0.16,0,0.09
4255,2018-06,2018-02,4,0,True,0.0,master,valid_observed_phase_at_origin,BASE,calibration,1,4,completed_nearest_donor,local_partition_rf,0,0.17,0,0.04
4256,2018-06,2018-02,4,0,True,0.0,master,valid_observed_phase_at_origin,BASE,calibration,1,4,completed_nearest_donor,local_partition_rf,0,0.08,0,0.08
4257,2018-06,2018-02,4,0,True,0.0,master,valid_observed_phase_at_origin,BASE,calibration,1,4,completed_nearest_donor,local_partition_rf,0,0.15,0,0.07
4258,2018-06,2018-02,4,0,True,0.0,master,valid_observed_phase_at_origin,BASE,calibration,1,4,completed_nearest_donor,local_partition_rf,0,0.08,0,0.09
4259,2018-06,2018-02,4,0,True,0.0,master,valid_observed_phase_at_origin,BASE,calibration,1,4,completed_nearest_donor,local_partition_rf,0,0.17,0,0.08
4260,2018-06,2018-02,4,0,True,0.0,master,valid_observed_phase_at_origin,BASE,calibration,1,4,spectral_core,local_partition_rf,0,0.19,0,0.14
4261,2018-06,2018-02,4,0,True,0.0,master,valid_observed_phase_at_origin,BASE,calibration,1,4,completed_nearest_donor,local_partition_rf,0,0.12,0,0.07
4262,2018-06,2018-02,4,0,True,0.0,master,valid_observed_phase_at_origin,BASE,calibration,1,4,completed_nearest_donor,local_partition_rf,0,0.2,0,0.04
4263,2018-06,2018-02,4,0,True,0.0,master,valid_observed_phase_at_origin,BASE,calibration,1,4,completed_nearest_donor,local_partition_rf,0,0.17,0,0.06
4264,2018-06,2018-02,4,0,True,0.0,master,valid_observed_phase_at_origin,BASE,calibration,1,-1,unassigned_nearest_donor_beyond_100km,pooled_unassigned_area,0,0.04,0,0.04
4265,2018-06,2018-02,4,0,True,0.0,master,valid_observed_phase_at_origin,BASE,calibration,1,4,completed_nearest_donor,local_partition_rf,0,0.14,0,0.04
4266,2018-06,2018-02,4,0,True,0.0,master,valid_observed_phase_at_origin,BASE,calibration,1,4,completed_nearest_donor,local_partition_rf,0,0.1,0,0.02
4267,2018-06,2018-02,4,0,True,0.0,master,valid_observed_phase_at_origin,BASE,calibration,1,-1,unassigned_nearest_donor_beyond_100km,pooled_unassigned_area,0,0.08,0,0.08
4268,2018-06,2018-02,4,0,True,0.0,master,valid_observed_phase_at_origin,BASE,calibration,1,4,completed_nearest_donor,local_partition_rf,0,0.09,0,0.06
4269,2018-06,2018-02,4,0,True,0.0,master,valid_observed_phase_at_origin,BASE,calibration,1,4,completed_nearest_donor,local_partition_rf,0,0.08,0,0.06
4270,2018-06,2018-02,4,0,True,0.0,master,valid_observed_phase_at_origin,BASE,calibration,1,4,completed_nearest_donor,local_partition_rf,0,0.1,0,0.09
4271,2018-06,2018-02,4,0,True,0.0,master,valid_observed_phase_at_origin,BASE,calibration,1,4,completed_nearest_donor,local_partition_rf,0,0.06,0,0.09
4272,2018-06,2018-02,4,0,True,0.0,master,valid_observed_phase_at_origin,BASE,calibration,1,4,completed_nearest_donor,local_partition_rf,0,0.05,0,0.07
4273,2018-06,2018-02,4,0,True,0.0,master,valid_observed_phase_at_origin,BASE,calibration,1,4,completed_nearest_donor,local_partition_rf,0,0.03,0,0.03
4274,2018-06,2018-02,4,0,True,0.0,master,valid_observed_phase_at_origin,BASE,calibration,1,4,completed_nearest_donor,local_partition_rf,0,0.09,0,0.06
4275,2018-06,2018-02,4,0,True,0.0,master,valid_observed_phase_at_origin,BASE,calibration,1,4,completed_nearest_donor,local_partition_rf,0,0.13,0,0.08
4276,2018-06,2018-02,4,0,True,0.0,master,valid_observed_phase_at_origin,BASE,calibration,1,4,completed_nearest_donor,local_partition_rf,0,0.07,0,0.07
4277,2018-06,2018-02,4,0,True,0.0,master,valid_observed_phase_at_origin,BASE,calibration,1,4,completed_nearest_donor,local_partition_rf,0,0.07,0,0.09
4278,2018-06,2018-02,4,0,True,0.0,master,valid_observed_phase_at_origin,BASE,calibration,1,4,completed_nearest_donor,local_partition_rf,0,0.15,0,0.03
4279,2018-06,2018-02,4,0,True,0.0,master,valid_observed_phase_at_origin,BASE,calibration,1,4,completed_nearest_donor,local_partition_rf,0,0.19,0,0.12
4280,2018-06,2018-02,4,1,True,1.0,master,valid_observed_phase_at_origin,BASE,calibration,1,4,completed_nearest_donor,local_partition_rf,0,0.08,0,0.06
4281,2018-06,2018-02,4,0,True,0.0,master,valid_observed_phase_at_origin,BASE,calibration,1,4,completed_nearest_donor,local_partition_rf,0,0.1,0,0.07
4282,2018-06,2018-02,4,1,True,1.0,master,valid_observed_phase_at_origin,BASE,calibration,1,4,completed_nearest_donor,local_partition_rf,0,0.16,0,0.04
4283,2018-06,2018-02,4,1,True,1.0,master,valid_observed_phase_at_origin,BASE,calibration,1,4,completed_nearest_donor,local_partition_rf,0,0.2,0,0.08
4284,2018-06,2018-02,4,1,True,1.0,master,valid_observed_phase_at_origin,BASE,calibration,1,4,completed_nearest_donor,local_partition_rf,0,0.2,0,0.09
4285,2018-06,2018-02,4,1,True,1.0,master,valid_observed_phase_at_origin,BASE,calibration,1,4,completed_nearest_donor,local_partition_rf,0,0.21,0,0.13
4286,2018-06,2018-02,4,1,True,1.0,master,valid_observed_phase_at_origin,BASE,calibration,1,-1,unassigned_nearest_donor_beyond_100km,pooled_unassigned_area,0,0.1,0,0.1
4287,2018-06,2018-02,4,1,True,1.0,master,valid_observed_phase_at_origin,BASE,calibration,1,4,completed_nearest_donor,local_partition_rf,0,0.17,0,0.11
4288,2018-06,2018-02,4,1,True,1.0,master,valid_observed_phase_at_origin,BASE,calibration,1,4,completed_nearest_donor,local_partition_rf,0,0.23,0,0.09
4289,2018-06,2018-02,4,1,True,1.0,master,valid_observed_phase_at_origin,BASE,calibration,1,4,completed_nearest_donor,local_partition_rf,0,0.19,0,0.14
4290,2018-06,2018-02,4,0,True,0.0,master,valid_observed_phase_at_origin,BASE,calibration,1,4,completed_nearest_donor,local_partition_rf,0,0.08,0,0.04
4291,2018-06,2018-02,4,0,True,0.0,master,valid_observed_phase_at_origin,BASE,calibration,1,4,completed_nearest_donor,local_partition_rf,0,0.04,0,0.01
4292,2018-06,2018-02,4,0,True,0.0,master,valid_observed_phase_at_origin,BASE,calibration,1,4,completed_nearest_donor,local_partition_rf,0,0.07,0,0.03
4293,2018-06,2018-02,4,0,True,0.0,master,valid_observed_phase_at_origin,BASE,calibration,1,4,completed_nearest_donor,local_partition_rf,0,0.04,0,0.02
4294,2018-06,2018-02,4,0,True,0.0,master,valid_observed_phase_at_origin,BASE,calibration,1,4,completed_nearest_donor,local_partition_rf,0,0.08,0,0.01
4295,2018-06,2018-02,4,0,True,0.0,master,valid_observed_phase_at_origin,BASE,calibration,1,4,completed_nearest_donor,local_partition_rf,0,0.07,0,0.03
4296,2018-06,2018-02,4,0,True,0.0,master,valid_observed_phase_at_origin,BASE,calibration,1,4,completed_nearest_donor,local_partition_rf,0,0.03,0,0.06
4297,2018-06,2018-02,4,0,True,0.0,master,valid_observed_phase_at_origin,BASE,calibration,1,4,completed_nearest_donor,local_partition_rf,0,0.06,0,0.02
4298,2018-06,2018-02,4,0,True,0.0,master,valid_observed_phase_at_origin,BASE,calibration,1,4,completed_nearest_donor,local_partition_rf,0,0.07,0,0.06
4299,2018-06,2018-02,4,0,True,0.0,master,valid_observed_phase_at_origin,BASE,calibration,1,4,completed_nearest_donor,local_partition_rf,0,0.03,0,0.03
4300,2018-06,2018-02,4,0,True,0.0,master,valid_observed_phase_at_origin,BASE,calibration,1,4,completed_nearest_donor,local_partition_rf,0,0.05,0,0.03
4301,2018-06,2018-02,4,0,True,0.0,master,valid_observed_phase_at_origin,BASE,calibration,1,4,completed_nearest_donor,local_partition_rf,0,0.04,0,0.01
4302,2018-06,2018-02,4,0,True,0.0,master,valid_observed_phase_at_origin,BASE,calibration,1,4,completed_nearest_donor,local_partition_rf,0,0.08,0,0.03
4303,2018-06,2018-02,4,0,True,0.0,master,valid_observed_phase_at_origin,BASE,calibration,1,4,completed_nearest_donor,local_partition_rf,0,0.04,0,0.07
4304,2018-06,2018-02,4,0,True,0.0,master,valid_observed_phase_at_origin,BASE,calibration,1,4,completed_nearest_donor,local_partition_rf,0,0.08,0,0.05
4305,2018-06,2018-02,4,0,True,0.0,master,valid_observed_phase_at_origin,BASE,calibration,1,4,completed_nearest_donor,local_partition_rf,0,0.07,0,0.05
4306,2018-06,2018-02,4,0,True,0.0,master,valid_observed_phase_at_origin,BASE,calibration,1,4,completed_nearest_donor,local_partition_rf,0,0.11,0,0.03
4307,2018-06,2018-02,4,0,True,0.0,master,valid_observed_phase_at_origin,BASE,calibration,1,4,completed_nearest_donor,local_partition_rf,0,0.05,0,0.05
4308,2018-06,2018-02,4,0,True,0.0,master,valid_observed_phase_at_origin,BASE,calibration,1,4,completed_nearest_donor,local_partition_rf,0,0.06,0,0.02
4309,2018-06,2018-02,4,0,True,0.0,master,valid_observed_phase_at_origin,BASE,calibration,1,4,completed_nearest_donor,local_partition_rf,0,0.06,0,0.02
4310,2018-06,2018-02,4,0,True,0.0,master,valid_observed_phase_at_origin,BASE,calibration,1,4,completed_nearest_donor,local_partition_rf,0,0.04,0,0.02
4311,2018-06,2018-02,4,0,True,0.0,master,valid_observed_phase_at_origin,BASE,calibration,1,4,completed_nearest_donor,local_partition_rf,0,0.05,0,0.0
4312,2018-06,2018-02,4,0,True,0.0,master,valid_observed_phase_at_origin,BASE,calibration,1,4,completed_nearest_donor,local_partition_rf,0,0.09,0,0.05
4313,2018-06,2018-02,4,0,True,0.0,master,valid_observed_phase_at_origin,BASE,calibration,1,4,completed_nearest_donor,local_partition_rf,0,0.04,0,0.02
4314,2018-06,2018-02,4,0,True,0.0,master,valid_observed_phase_at_origin,BASE,calibration,1,4,completed_nearest_donor,local_partition_rf,0,0.06,0,0.01
4315,2018-06,2018-02,4,0,True,0.0,master,valid_observed_phase_at_origin,BASE,calibration,1,4,completed_nearest_donor,local_partition_rf,0,0.08,0,0.07
4316,2018-06,2018-02,4,0,True,0.0,master,valid_observed_phase_at_origin,BASE,calibration,1,4,completed_nearest_donor,local_partition_rf,0,0.05,0,0.11
4317,2018-06,2018-02,4,0,True,0.0,master,valid_observed_phase_at_origin,BASE,calibration,1,4,completed_nearest_donor,local_partition_rf,0,0.11,0,0.03
4318,2018-06,2018-02,4,0,True,0.0,master,valid_observed_phase_at_origin,BASE,calibration,1,4,completed_nearest_donor,local_partition_rf,0,0.03,0,0.02
4319,2018-06,2018-02,4,0,True,0.0,master,valid_observed_phase_at_origin,BASE,calibration,1,4,completed_nearest_donor,local_partition_rf,0,0.07,0,0.02
4320,2018-06,2018-02,4,0,True,0.0,master,valid_observed_phase_at_origin,BASE,calibration,1,4,completed_nearest_donor,local_partition_rf,0,0.06,0,0.01
4321,2018-06,2018-02,4,0,True,0.0,master,valid_observed_phase_at_origin,BASE,calibration,1,4,completed_nearest_donor,local_partition_rf,0,0.07,0,0.03
4322,2018-06,2018-02,4,0,True,0.0,master,valid_observed_phase_at_origin,BASE,calibration,1,4,completed_nearest_donor,local_partition_rf,0,0.04,0,0.04
4323,2018-06,2018-02,4,0,True,0.0,master,valid_observed_phase_at_origin,BASE,calibration,1,4,completed_nearest_donor,local_partition_rf,0,0.04,0,0.08
4324,2018-06,2018-02,4,0,True,0.0,master,valid_observed_phase_at_origin,BASE,calibration,1,4,completed_nearest_donor,local_partition_rf,0,0.04,0,0.02
4325,2018-06,2018-02,4,0,True,0.0,master,valid_observed_phase_at_origin,BASE,calibration,1,4,completed_nearest_donor,local_partition_rf,0,0.07,0,0.0
4326,2018-06,2018-02,4,0,True,0.0,master,valid_observed_phase_at_origin,BASE,calibration,1,4,completed_nearest_donor,local_partition_rf,0,0.07,0,0.02
4327,2018-06,2018-02,4,0,True,0.0,master,valid_observed_phase_at_origin,BASE,calibration,1,4,spectral_core,local_partition_rf,0,0.18,0,0.08
4328,2018-06,2018-02,4,0,True,0.0,master,valid_observed_phase_at_origin,BASE,calibration,1,-1,unassigned_nearest_donor_beyond_100km,pooled_unassigned_area,0,0.07,0,0.07
4329,2018-06,2018-02,4,1,True,1.0,master,valid_observed_phase_at_origin,BASE,calibration,1,4,completed_nearest_donor,local_partition_rf,0,0.14,0,0.16
4330,2018-06,2018-02,4,0,True,0.0,master,valid_observed_phase_at_origin,BASE,calibration,1,-1,unassigned_nearest_donor_beyond_100km,pooled_unassigned_area,0,0.14,0,0.14
4331,2018-06,2018-02,4,0,True,0.0,master,valid_observed_phase_at_origin,BASE,calibration,1,4,completed_nearest_donor,local_partition_rf,0,0.15,0,0.13
4332,2018-06,2018-02,4,0,True,0.0,master,valid_observed_phase_at_origin,BASE,calibration,1,4,completed_nearest_donor,local_partition_rf,0,0.09,0,0.04
4333,2018-06,2018-02,4,0,True,0.0,master,valid_observed_phase_at_origin,BASE,calibration,1,4,completed_nearest_donor,local_partition_rf,0,0.13,0,0.05
4334,2018-06,2018-02,4,0,True,0.0,master,valid_observed_phase_at_origin,BASE,calibration,1,4,completed_nearest_donor,local_partition_rf,0,0.08,0,0.06
4335,2018-06,2018-02,4,0,True,0.0,master,valid_observed_phase_at_origin,BASE,calibration,1,4,completed_nearest_donor,local_partition_rf,0,0.1,0,0.02
4336,2018-06,2018-02,4,0,True,0.0,master,valid_observed_phase_at_origin,BASE,calibration,1,4,completed_nearest_donor,local_partition_rf,0,0.11,0,0.04
4337,2018-06,2018-02,4,0,True,0.0,master,valid_observed_phase_at_origin,BASE,calibration,1,4,completed_nearest_donor,local_partition_rf,0,0.1,0,0.06
4338,2018-06,2018-02,4,0,True,0.0,master,valid_observed_phase_at_origin,BASE,calibration,1,4,completed_nearest_donor,local_partition_rf,0,0.11,0,0.1
4339,2018-06,2018-02,4,0,True,0.0,master,valid_observed_phase_at_origin,BASE,calibration,1,4,completed_nearest_donor,local_partition_rf,0,0.12,0,0.07
4340,2018-06,2018-02,4,0,True,0.0,master,valid_observed_phase_at_origin,BASE,calibration,1,4,completed_nearest_donor,local_partition_rf,0,0.19,0,0.19
4341,2018-06,2018-02,4,0,True,0.0,master,valid_observed_phase_at_origin,BASE,calibration,1,4,completed_nearest_donor,local_partition_rf,0,0.21,0,0.13
4342,2018-06,2018-02,4,0,True,0.0,master,valid_observed_phase_at_origin,BASE,calibration,1,4,completed_nearest_donor,local_partition_rf,0,0.26,0,0.13
4343,2018-06,2018-02,4,0,True,0.0,master,valid_observed_phase_at_origin,BASE,calibration,1,4,completed_nearest_donor,local_partition_rf,0,0.21,0,0.2
4344,2018-06,2018-02,4,0,True,0.0,master,valid_observed_phase_at_origin,BASE,calibration,1,4,spectral_core,local_partition_rf,0,0.29,0,0.21
4345,2018-06,2018-02,4,0,True,0.0,master,valid_observed_phase_at_origin,BASE,calibration,1,4,completed_nearest_donor,local_partition_rf,0,0.24,0,0.14
4346,2018-06,2018-02,4,0,True,0.0,master,valid_observed_phase_at_origin,BASE,calibration,1,4,completed_nearest_donor,local_partition_rf,0,0.14,0,0.09
4347,2018-06,2018-02,4,0,True,0.0,master,valid_observed_phase_at_origin,BASE,calibration,1,4,completed_nearest_donor,local_partition_rf,0,0.18,0,0.12
4348,2018-06,2018-02,4,0,True,0.0,master,valid_observed_phase_at_origin,BASE,calibration,1,4,spectral_core,local_partition_rf,0,0.18,0,0.11
4349,2018-06,2018-02,4,0,True,0.0,master,valid_observed_phase_at_origin,BASE,calibration,1,4,spectral_core,local_partition_rf,0,0.21,0,0.1
4350,2018-06,2018-02,4,1,True,1.0,master,valid_observed_phase_at_origin,BASE,calibration,1,4,spectral_core,local_partition_rf,0,0.23,0,0.16
4351,2018-06,2018-02,4,0,True,0.0,master,valid_observed_phase_at_origin,BASE,calibration,1,4,spectral_core,local_partition_rf,0,0.22,0,0.14
4352,2018-06,2018-02,4,0,True,0.0,master,valid_observed_phase_at_origin,BASE,calibration,1,4,spectral_core,local_partition_rf,0,0.22,0,0.13
4353,2018-06,2018-02,4,0,True,0.0,master,valid_observed_phase_at_origin,BASE,calibration,1,4,spectral_core,local_partition_rf,0,0.21,0,0.12
4354,2018-06,2018-02,4,0,True,0.0,master,valid_observed_phase_at_origin,BASE,calibration,1,4,spectral_core,local_partition_rf,0,0.24,0,0.16
4355,2018-06,2018-02,4,0,True,0.0,master,valid_observed_phase_at_origin,BASE,calibration,1,4,spectral_core,local_partition_rf,0,0.14,0,0.17
4356,2018-06,2018-02,4,0,True,0.0,master,valid_observed_phase_at_origin,BASE,calibration,1,4,spectral_core,local_partition_rf,0,0.13,0,0.13
4357,2018-06,2018-02,4,0,True,0.0,master,valid_observed_phase_at_origin,BASE,calibration,1,4,completed_nearest_donor,local_partition_rf,0,0.06,0,0.02
4358,2018-06,2018-02,4,1,True,1.0,master,valid_observed_phase_at_origin,BASE,calibration,1,4,spectral_core,local_partition_rf,0,0.23,0,0.13
4359,2018-06,2018-02,4,0,True,0.0,master,valid_observed_phase_at_origin,BASE,calibration,1,4,spectral_core,local_partition_rf,0,0.2,0,0.1
4360,2018-06,2018-02,4,0,True,0.0,master,valid_observed_phase_at_origin,BASE,calibration,1,4,spectral_core,local_partition_rf,0,0.22,0,0.14
4361,2018-06,2018-02,4,0,True,0.0,master,valid_observed_phase_at_origin,BASE,calibration,1,4,spectral_core,local_partition_rf,0,0.23,0,0.11
4362,2018-06,2018-02,4,0,True,0.0,master,valid_observed_phase_at_origin,BASE,calibration,1,4,completed_nearest_donor,local_partition_rf,0,0.12,0,0.04
4363,2018-06,2018-02,4,0,True,0.0,master,valid_observed_phase_at_origin,BASE,calibration,1,4,spectral_core,local_partition_rf,0,0.12,0,0.09
4364,2018-06,2018-02,4,0,True,0.0,master,valid_observed_phase_at_origin,BASE,calibration,1,4,completed_nearest_donor,local_partition_rf,0,0.07,0,0.03
4365,2018-06,2018-02,4,0,True,0.0,master,valid_observed_phase_at_origin,BASE,calibration,1,4,completed_nearest_donor,local_partition_rf,0,0.07,0,0.09
4366,2018-06,2018-02,4,0,True,0.0,master,valid_observed_phase_at_origin,BASE,calibration,1,4,completed_nearest_donor,local_partition_rf,0,0.11,0,0.07
4367,2018-06,2018-02,4,0,True,0.0,master,valid_observed_phase_at_origin,BASE,calibration,1,4,completed_nearest_donor,local_partition_rf,0,0.06,0,0.06
4368,2018-06,2018-02,4,0,True,0.0,master,valid_observed_phase_at_origin,BASE,calibration,1,4,completed_nearest_donor,local_partition_rf,0,0.07,0,0.02
4369,2018-06,2018-02,4,0,True,0.0,master,valid_observed_phase_at_origin,BASE,calibration,1,4,completed_nearest_donor,local_partition_rf,0,0.08,0,0.06
4370,2018-06,2018-02,4,0,True,0.0,master,valid_observed_phase_at_origin,BASE,calibration,1,4,spectral_core,local_partition_rf,0,0.14,0,0.03
4371,2018-06,2018-02,4,0,True,0.0,master,valid_observed_phase_at_origin,BASE,calibration,1,4,spectral_core,local_partition_rf,0,0.07,0,0.05
4372,2018-06,2018-02,4,0,True,0.0,master,valid_observed_phase_at_origin,BASE,calibration,1,4,spectral_core,local_partition_rf,0,0.25,0,0.13
4373,2018-06,2018-02,4,0,True,0.0,master,valid_observed_phase_at_origin,BASE,calibration,1,4,spectral_core,local_partition_rf,0,0.22,0,0.12
4374,2018-06,2018-02,4,0,True,0.0,master,valid_observed_phase_at_origin,BASE,calibration,1,4,spectral_core,local_partition_rf,0,0.2,0,0.06
4375,2018-06,2018-02,4,0,True,0.0,master,valid_observed_phase_at_origin,BASE,calibration,1,4,spectral_core,local_partition_rf,0,0.15,0,0.05
4376,2018-06,2018-02,4,0,True,0.0,master,valid_observed_phase_at_origin,BASE,calibration,1,4,spectral_core,local_partition_rf,0,0.21,0,0.14
4377,2018-06,2018-02,4,1,True,1.0,master,valid_observed_phase_at_origin,BASE,calibration,1,4,spectral_core,local_partition_rf,0,0.21,0,0.15
4378,2018-06,2018-02,4,0,True,0.0,master,valid_observed_phase_at_origin,BASE,calibration,1,4,spectral_core,local_partition_rf,0,0.23,0,0.18
4379,2018-06,2018-02,4,0,True,0.0,master,valid_observed_phase_at_origin,BASE,calibration,1,4,spectral_core,local_partition_rf,0,0.25,0,0.19
4380,2018-06,2018-02,4,0,True,0.0,master,valid_observed_phase_at_origin,BASE,calibration,1,4,spectral_core,local_partition_rf,0,0.17,0,0.13
4381,2018-06,2018-02,4,0,True,0.0,master,valid_observed_phase_at_origin,BASE,calibration,1,4,spectral_core,local_partition_rf,0,0.17,0,0.16
4382,2018-06,2018-02,4,0,True,0.0,master,valid_observed_phase_at_origin,BASE,calibration,1,4,spectral_core,local_partition_rf,0,0.23,0,0.16
4383,2018-06,2018-02,4,0,True,0.0,master,valid_observed_phase_at_origin,BASE,calibration,1,4,spectral_core,local_partition_rf,0,0.26,0,0.15
4384,2018-06,2018-02,4,0,True,0.0,master,valid_observed_phase_at_origin,BASE,calibration,1,4,spectral_core,local_partition_rf,0,0.08,0,0.06
4385,2018-06,2018-02,4,0,True,0.0,master,valid_observed_phase_at_origin,BASE,calibration,1,4,spectral_core,local_partition_rf,0,0.2,0,0.11
4386,2018-06,2018-02,4,0,True,0.0,master,valid_observed_phase_at_origin,BASE,calibration,1,4,completed_nearest_donor,local_partition_rf,0,0.18,0,0.07
4387,2018-06,2018-02,4,0,True,0.0,master,valid_observed_phase_at_origin,BASE,calibration,1,4,spectral_core,local_partition_rf,0,0.18,0,0.13
4388,2018-06,2018-02,4,0,True,0.0,master,valid_observed_phase_at_origin,BASE,calibration,1,4,spectral_core,local_partition_rf,0,0.16,0,0.1
4389,2018-06,2018-02,4,0,True,0.0,master,valid_observed_phase_at_origin,BASE,calibration,1,4,spectral_core,local_partition_rf,0,0.2,0,0.11
4390,2018-06,2018-02,4,0,True,0.0,master,valid_observed_phase_at_origin,BASE,calibration,1,4,spectral_core,local_partition_rf,0,0.24,0,0.14
4391,2018-06,2018-02,4,0,True,0.0,master,valid_observed_phase_at_origin,BASE,calibration,1,4,spectral_core,local_partition_rf,0,0.2,0,0.1
4392,2018-06,2018-02,4,0,True,0.0,master,valid_observed_phase_at_origin,BASE,calibration,1,4,spectral_core,local_partition_rf,0,0.22,0,0.1
4393,2018-06,2018-02,4,0,True,0.0,master,valid_observed_phase_at_origin,BASE,calibration,1,4,spectral_core,local_partition_rf,0,0.19,0,0.13
4394,2018-06,2018-02,4,0,True,0.0,master,valid_observed_phase_at_origin,BASE,calibration,1,4,spectral_core,local_partition_rf,0,0.14,0,0.09
4395,2018-06,2018-02,4,0,True,0.0,master,valid_observed_phase_at_origin,BASE,calibration,1,4,completed_nearest_donor,local_partition_rf,0,0.07,0,0.07
4396,2018-06,2018-02,4,0,True,0.0,master,valid_observed_phase_at_origin,BASE,calibration,1,4,spectral_core,local_partition_rf,0,0.06,0,0.04
4397,2018-06,2018-02,4,0,True,0.0,master,valid_observed_phase_at_origin,BASE,calibration,1,4,spectral_core,local_partition_rf,0,0.06,0,0.05
4398,2018-06,2018-02,4,0,True,0.0,master,valid_observed_phase_at_origin,BASE,calibration,1,4,spectral_core,local_partition_rf,0,0.11,0,0.08
4399,2018-06,2018-02,4,0,True,0.0,master,valid_observed_phase_at_origin,BASE,calibration,1,4,spectral_core,local_partition_rf,0,0.06,0,0.02
4400,2018-06,2018-02,4,0,True,0.0,master,valid_observed_phase_at_origin,BASE,calibration,1,4,spectral_core,local_partition_rf,0,0.05,0,0.06
4401,2018-06,2018-02,4,0,True,0.0,master,valid_observed_phase_at_origin,BASE,calibration,1,4,spectral_core,local_partition_rf,0,0.05,0,0.02
4402,2018-06,2018-02,4,0,True,0.0,master,valid_observed_phase_at_origin,BASE,calibration,1,4,spectral_core,local_partition_rf,0,0.09,0,0.09
4403,2018-06,2018-02,4,0,True,0.0,master,valid_observed_phase_at_origin,BASE,calibration,1,4,spectral_core,local_partition_rf,0,0.2,0,0.12
4404,2018-06,2018-02,4,0,True,0.0,master,valid_observed_phase_at_origin,BASE,calibration,1,4,completed_nearest_donor,local_partition_rf,0,0.07,0,0.04
4405,2018-06,2018-02,4,0,True,0.0,master,valid_observed_phase_at_origin,BASE,calibration,1,4,spectral_core,local_partition_rf,0,0.06,0,0.02
4406,2018-06,2018-02,4,0,True,0.0,master,valid_observed_phase_at_origin,BASE,calibration,1,4,spectral_core,local_partition_rf,0,0.09,0,0.03
4407,2018-06,2018-02,4,0,True,0.0,master,valid_observed_phase_at_origin,BASE,calibration,1,4,spectral_core,local_partition_rf,0,0.08,0,0.04
4408,2018-06,2018-02,4,0,True,0.0,master,valid_observed_phase_at_origin,BASE,calibration,1,4,spectral_core,local_partition_rf,0,0.06,0,0.06
4409,2018-06,2018-02,4,0,True,0.0,master,valid_observed_phase_at_origin,BASE,calibration,1,4,completed_nearest_donor,local_partition_rf,0,0.06,0,0.02
4410,2018-06,2018-02,4,0,True,0.0,master,valid_observed_phase_at_origin,BASE,calibration,1,4,completed_nearest_donor,local_partition_rf,0,0.07,0,0.01
4411,2018-06,2018-02,4,0,True,0.0,master,valid_observed_phase_at_origin,BASE,calibration,1,-1,unassigned_nearest_donor_beyond_100km,pooled_unassigned_area,0,0.04,0,0.04
4412,2018-06,2018-02,4,0,True,0.0,master,valid_observed_phase_at_origin,BASE,calibration,1,4,spectral_core,local_partition_rf,0,0.08,0,0.02
4413,2018-06,2018-02,4,0,True,0.0,master,valid_observed_phase_at_origin,BASE,calibration,1,4,spectral_core,local_partition_rf,0,0.03,0,0.03
4414,2018-06,2018-02,4,0,True,0.0,master,valid_observed_phase_at_origin,BASE,calibration,1,4,spectral_core,local_partition_rf,0,0.05,0,0.05
4415,2018-06,2018-02,4,0,True,0.0,master,valid_observed_phase_at_origin,BASE,calibration,1,4,spectral_core,local_partition_rf,0,0.1,0,0.08
4416,2018-06,2018-02,4,0,True,0.0,master,valid_observed_phase_at_origin,BASE,calibration,1,4,spectral_core,local_partition_rf,0,0.03,0,0.03
4417,2018-06,2018-02,4,0,True,0.0,master,valid_observed_phase_at_origin,BASE,calibration,1,4,spectral_core,local_partition_rf,0,0.05,0,0.03
4418,2018-06,2018-02,4,0,True,0.0,master,valid_observed_phase_at_origin,BASE,calibration,1,4,spectral_core,local_partition_rf,0,0.06,0,0.05
4419,2018-06,2018-02,4,0,True,0.0,master,valid_observed_phase_at_origin,BASE,calibration,1,4,spectral_core,local_partition_rf,0,0.04,0,0.04
4420,2018-06,2018-02,4,0,True,0.0,master,valid_observed_phase_at_origin,BASE,calibration,1,4,completed_nearest_donor,local_partition_rf,0,0.04,0,0.06
4421,2018-06,2018-02,4,0,True,0.0,master,valid_observed_phase_at_origin,BASE,calibration,1,4,spectral_core,local_partition_rf,0,0.04,0,0.05
4422,2018-06,2018-02,4,0,True,0.0,master,valid_observed_phase_at_origin,BASE,calibration,1,4,completed_nearest_donor,local_partition_rf,0,0.08,0,0.07
4423,2018-06,2018-02,4,0,True,0.0,master,valid_observed_phase_at_origin,BASE,calibration,1,4,spectral_core,local_partition_rf,0,0.05,0,0.05
4424,2018-06,2018-02,4,0,True,0.0,master,valid_observed_phase_at_origin,BASE,calibration,1,4,completed_nearest_donor,local_partition_rf,0,0.04,0,0.03
4425,2018-06,2018-02,4,0,True,0.0,master,valid_observed_phase_at_origin,BASE,calibration,1,4,spectral_core,local_partition_rf,0,0.09,0,0.16
4426,2018-06,2018-02,4,0,True,0.0,master,valid_observed_phase_at_origin,BASE,calibration,1,4,spectral_core,local_partition_rf,0,0.17,0,0.08
4427,2018-06,2018-02,4,0,True,0.0,master,valid_observed_phase_at_origin,BASE,calibration,1,4,spectral_core,local_partition_rf,0,0.03,0,0.04
4428,2018-06,2018-02,4,0,True,0.0,master,valid_observed_phase_at_origin,BASE,calibration,1,4,spectral_core,local_partition_rf,0,0.04,0,0.06
4429,2018-06,2018-02,4,0,True,0.0,master,valid_observed_phase_at_origin,BASE,calibration,1,4,spectral_core,local_partition_rf,0,0.03,0,0.04
4430,2018-06,2018-02,4,0,True,0.0,master,valid_observed_phase_at_origin,BASE,calibration,1,4,spectral_core,local_partition_rf,0,0.08,0,0.04
4431,2018-06,2018-02,4,0,True,0.0,master,valid_observed_phase_at_origin,BASE,calibration,1,4,spectral_core,local_partition_rf,0,0.04,0,0.05
4432,2018-06,2018-02,4,0,True,0.0,master,valid_observed_phase_at_origin,BASE,calibration,1,4,spectral_core,local_partition_rf,0,0.08,0,0.03
4433,2018-06,2018-02,4,1,True,1.0,master,valid_observed_phase_at_origin,BASE,calibration,1,4,spectral_core,local_partition_rf,0,0.25,0,0.18
4434,2018-06,2018-02,4,1,True,1.0,master,valid_observed_phase_at_origin,BASE,calibration,1,4,spectral_core,local_partition_rf,0,0.17,0,0.13
4435,2018-06,2018-02,4,1,True,1.0,master,valid_observed_phase_at_origin,BASE,calibration,1,4,spectral_core,local_partition_rf,0,0.21,0,0.08
4436,2018-06,2018-02,4,1,True,1.0,master,valid_observed_phase_at_origin,BASE,calibration,1,4,spectral_core,local_partition_rf,0,0.26,0,0.21
4474,2018-06,2018-02,4,0,True,0.0,master,valid_observed_phase_at_origin,BASE,calibration,1,2,spectral_core,local_partition_rf,0,0.02,0,0.04
4483,2018-06,2018-02,4,0,True,0.0,master,valid_observed_phase_at_origin,BASE,calibration,1,7,spectral_core,local_partition_rf,0,0.04,0,0.03
4484,2018-06,2018-02,4,0,True,0.0,master,valid_observed_phase_at_origin,BASE,calibration,1,7,spectral_core,local_partition_rf,0,0.06,0,0.04
4485,2018-06,2018-02,4,0,True,0.0,master,valid_observed_phase_at_origin,BASE,calibration,1,7,spectral_core,local_partition_rf,0,0.08,0,0.04
4486,2018-06,2018-02,4,0,True,0.0,master,valid_observed_phase_at_origin,BASE,calibration,1,7,spectral_core,local_partition_rf,0,0.04,0,0.03
4487,2018-06,2018-02,4,0,True,0.0,master,valid_observed_phase_at_origin,BASE,calibration,1,7,spectral_core,local_partition_rf,0,0.04,0,0.02
4488,2018-06,2018-02,4,0,True,0.0,master,valid_observed_phase_at_origin,BASE,calibration,1,7,spectral_core,local_partition_rf,0,0.02,0,0.08
4489,2018-06,2018-02,4,0,True,0.0,master,valid_observed_phase_at_origin,BASE,calibration,1,7,spectral_core,local_partition_rf,0,0.04,0,0.04
4490,2018-06,2018-02,4,0,True,0.0,master,valid_observed_phase_at_origin,BASE,calibration,1,7,spectral_core,local_partition_rf,0,0.01,0,0.03
4491,2018-06,2018-02,4,0,True,0.0,master,valid_observed_phase_at_origin,BASE,calibration,1,7,spectral_core,local_partition_rf,0,0.02,0,0.01
4492,2018-06,2018-02,4,0,True,0.0,master,valid_observed_phase_at_origin,BASE,calibration,1,7,spectral_core,local_partition_rf,0,0.04,0,0.02
4493,2018-06,2018-02,4,0,True,0.0,master,valid_observed_phase_at_origin,BASE,calibration,1,7,spectral_core,local_partition_rf,0,0.02,0,0.03
4494,2018-06,2018-02,4,0,True,0.0,master,valid_observed_phase_at_origin,BASE,calibration,1,7,spectral_core,local_partition_rf,0,0.01,0,0.02
4495,2018-06,2018-02,4,0,True,0.0,master,valid_observed_phase_at_origin,BASE,calibration,1,7,spectral_core,local_partition_rf,0,0.02,0,0.06
4496,2018-06,2018-02,4,0,True,0.0,master,valid_observed_phase_at_origin,BASE,calibration,1,7,spectral_core,local_partition_rf,0,0.09,0,0.02
4497,2018-06,2018-02,4,0,True,0.0,master,valid_observed_phase_at_origin,BASE,calibration,1,7,spectral_core,local_partition_rf,0,0.05,0,0.05
4498,2018-06,2018-02,4,0,True,0.0,master,valid_observed_phase_at_origin,BASE,calibration,1,7,spectral_core,local_partition_rf,0,0.07,0,0.02
4499,2018-06,2018-02,4,0,True,0.0,master,valid_observed_phase_at_origin,BASE,calibration,1,7,spectral_core,local_partition_rf,0,0.12,0,0.03
4500,2018-06,2018-02,4,0,True,0.0,master,valid_observed_phase_at_origin,BASE,calibration,1,7,spectral_core,local_partition_rf,0,0.08,0,0.04
4501,2018-06,2018-02,4,0,True,0.0,master,valid_observed_phase_at_origin,BASE,calibration,1,7,spectral_core,local_partition_rf,0,0.11,0,0.05
4502,2018-06,2018-02,4,0,True,0.0,master,valid_observed_phase_at_origin,BASE,calibration,1,7,spectral_core,local_partition_rf,0,0.11,0,0.03
4503,2018-06,2018-02,4,0,True,0.0,master,valid_observed_phase_at_origin,BASE,calibration,1,7,spectral_core,local_partition_rf,0,0.15,0,0.04
4504,2018-06,2018-02,4,0,True,0.0,master,valid_observed_phase_at_origin,BASE,calibration,1,7,spectral_core,local_partition_rf,0,0.09,0,0.01
4505,2018-06,2018-02,4,0,True,0.0,master,valid_observed_phase_at_origin,BASE,calibration,1,7,spectral_core,local_partition_rf,0,0.16,0,0.02
4506,2018-06,2018-02,4,0,True,0.0,master,valid_observed_phase_at_origin,BASE,calibration,1,7,spectral_core,local_partition_rf,0,0.07,0,0.04
4507,2018-06,2018-02,4,0,True,0.0,master,valid_observed_phase_at_origin,BASE,calibration,1,7,spectral_core,local_partition_rf,0,0.18,0,0.08
4508,2018-06,2018-02,4,0,True,0.0,master,valid_observed_phase_at_origin,BASE,calibration,1,7,spectral_core,local_partition_rf,0,0.06,0,0.05
4509,2018-06,2018-02,4,0,True,0.0,master,valid_observed_phase_at_origin,BASE,calibration,1,7,spectral_core,local_partition_rf,0,0.03,0,0.03
4510,2018-06,2018-02,4,0,True,0.0,master,valid_observed_phase_at_origin,BASE,calibration,1,7,spectral_core,local_partition_rf,0,0.01,0,0.02
4512,2018-06,2018-02,4,0,True,0.0,master,valid_observed_phase_at_origin,BASE,calibration,1,7,spectral_core,local_partition_rf,0,0.04,0,0.04
4513,2018-06,2018-02,4,0,True,0.0,master,valid_observed_phase_at_origin,BASE,calibration,1,7,spectral_core,local_partition_rf,0,0.01,0,0.03
4514,2018-06,2018-02,4,0,True,0.0,master,valid_observed_phase_at_origin,BASE,calibration,1,7,spectral_core,local_partition_rf,0,0.01,0,0.05
4515,2018-06,2018-02,4,0,True,0.0,master,valid_observed_phase_at_origin,BASE,calibration,1,7,spectral_core,local_partition_rf,0,0.04,0,0.04
4516,2018-06,2018-02,4,0,True,0.0,master,valid_observed_phase_at_origin,BASE,calibration,1,7,spectral_core,local_partition_rf,0,0.02,0,0.03
4517,2018-06,2018-02,4,0,True,0.0,master,valid_observed_phase_at_origin,BASE,calibration,1,7,spectral_core,local_partition_rf,0,0.03,0,0.02
4518,2018-06,2018-02,4,0,True,0.0,master,valid_observed_phase_at_origin,BASE,calibration,1,7,spectral_core,local_partition_rf,0,0.04,0,0.02
4519,2018-06,2018-02,4,0,True,0.0,master,valid_observed_phase_at_origin,BASE,calibration,1,7,spectral_core,local_partition_rf,0,0.03,0,0.05
4520,2018-06,2018-02,4,0,True,0.0,master,valid_observed_phase_at_origin,BASE,calibration,1,7,spectral_core,local_partition_rf,0,0.05,0,0.03
4521,2018-06,2018-02,4,0,True,0.0,master,valid_observed_phase_at_origin,BASE,calibration,1,7,spectral_core,local_partition_rf,0,0.02,0,0.05
4522,2018-06,2018-02,4,0,True,0.0,master,valid_observed_phase_at_origin,BASE,calibration,1,7,spectral_core,local_partition_rf,0,0.05,0,0.02
4523,2018-06,2018-02,4,0,True,0.0,master,valid_observed_phase_at_origin,BASE,calibration,1,7,spectral_core,local_partition_rf,0,0.09,0,0.03
4524,2018-06,2018-02,4,0,True,0.0,master,valid_observed_phase_at_origin,BASE,calibration,1,7,spectral_core,local_partition_rf,0,0.09,0,0.05
4525,2018-06,2018-02,4,0,True,0.0,master,valid_observed_phase_at_origin,BASE,calibration,1,7,spectral_core,local_partition_rf,0,0.16,0,0.06
4526,2018-06,2018-02,4,0,True,0.0,master,valid_observed_phase_at_origin,BASE,calibration,1,7,spectral_core,local_partition_rf,0,0.04,0,0.03
4527,2018-06,2018-02,4,0,True,0.0,master,valid_observed_phase_at_origin,BASE,calibration,1,7,spectral_core,local_partition_rf,0,0.03,0,0.03
4528,2018-06,2018-02,4,0,True,0.0,master,valid_observed_phase_at_origin,BASE,calibration,1,7,spectral_core,local_partition_rf,0,0.04,0,0.03
4529,2018-06,2018-02,4,0,True,0.0,master,valid_observed_phase_at_origin,BASE,calibration,1,7,spectral_core,local_partition_rf,0,0.03,0,0.04
4530,2018-06,2018-02,4,0,True,0.0,master,valid_observed_phase_at_origin,BASE,calibration,1,7,spectral_core,local_partition_rf,0,0.02,0,0.03
4531,2018-06,2018-02,4,0,True,0.0,master,valid_observed_phase_at_origin,BASE,calibration,1,7,spectral_core,local_partition_rf,0,0.08,0,0.03
4532,2018-06,2018-02,4,0,True,0.0,master,valid_observed_phase_at_origin,BASE,calibration,1,7,spectral_core,local_partition_rf,0,0.03,0,0.04
4533,2018-06,2018-02,4,0,True,0.0,master,valid_observed_phase_at_origin,BASE,calibration,1,7,spectral_core,local_partition_rf,0,0.05,0,0.04
4534,2018-06,2018-02,4,0,True,0.0,master,valid_observed_phase_at_origin,BASE,calibration,1,7,spectral_core,local_partition_rf,0,0.04,0,0.04
4535,2018-06,2018-02,4,0,True,0.0,master,valid_observed_phase_at_origin,BASE,calibration,1,7,spectral_core,local_partition_rf,0,0.07,0,0.04
4536,2018-06,2018-02,4,0,True,0.0,master,valid_observed_phase_at_origin,BASE,calibration,1,7,spectral_core,local_partition_rf,0,0.04,0,0.04
4537,2018-06,2018-02,4,0,True,0.0,master,valid_observed_phase_at_origin,BASE,calibration,1,7,spectral_core,local_partition_rf,0,0.04,0,0.03
4538,2018-06,2018-02,4,0,True,0.0,master,valid_observed_phase_at_origin,BASE,calibration,1,7,spectral_core,local_partition_rf,0,0.08,0,0.02
4539,2018-06,2018-02,4,0,True,0.0,master,valid_observed_phase_at_origin,BASE,calibration,1,7,spectral_core,local_partition_rf,0,0.06,0,0.04
4540,2018-06,2018-02,4,0,True,0.0,master,valid_observed_phase_at_origin,BASE,calibration,1,7,spectral_core,local_partition_rf,0,0.18,0,0.03
4541,2018-06,2018-02,4,0,True,0.0,master,valid_observed_phase_at_origin,BASE,calibration,1,7,spectral_core,local_partition_rf,0,0.03,0,0.02
4542,2018-06,2018-02,4,0,True,0.0,master,valid_observed_phase_at_origin,BASE,calibration,1,7,spectral_core,local_partition_rf,0,0.18,0,0.05
4544,2018-06,2018-02,4,0,True,0.0,master,valid_observed_phase_at_origin,BASE,calibration,1,7,spectral_core,local_partition_rf,0,0.03,0,0.06
4545,2018-06,2018-02,4,0,True,0.0,master,valid_observed_phase_at_origin,BASE,calibration,1,7,spectral_core,local_partition_rf,0,0.05,0,0.03
4546,2018-06,2018-02,4,0,True,0.0,master,valid_observed_phase_at_origin,BASE,calibration,1,7,spectral_core,local_partition_rf,0,0.03,0,0.06
4547,2018-06,2018-02,4,0,True,0.0,master,valid_observed_phase_at_origin,BASE,calibration,1,7,spectral_core,local_partition_rf,0,0.03,0,0.04
4548,2018-06,2018-02,4,0,True,0.0,master,valid_observed_phase_at_origin,BASE,calibration,1,7,spectral_core,local_partition_rf,0,0.02,0,0.03
4549,2018-06,2018-02,4,0,True,0.0,master,valid_observed_phase_at_origin,BASE,calibration,1,7,spectral_core,local_partition_rf,0,0.03,0,0.03
4550,2018-06,2018-02,4,0,True,0.0,master,valid_observed_phase_at_origin,BASE,calibration,1,7,spectral_core,local_partition_rf,0,0.23,0,0.1
4551,2018-06,2018-02,4,0,True,0.0,master,valid_observed_phase_at_origin,BASE,calibration,1,7,spectral_core,local_partition_rf,0,0.05,0,0.1
4552,2018-06,2018-02,4,0,True,0.0,master,valid_observed_phase_at_origin,BASE,calibration,1,7,spectral_core,local_partition_rf,0,0.03,0,0.1
4553,2018-06,2018-02,4,0,True,0.0,master,valid_observed_phase_at_origin,BASE,calibration,1,7,spectral_core,local_partition_rf,0,0.08,0,0.04
4554,2018-06,2018-02,4,0,True,0.0,master,valid_observed_phase_at_origin,BASE,calibration,1,7,spectral_core,local_partition_rf,0,0.07,0,0.02
4555,2018-06,2018-02,4,0,True,0.0,master,valid_observed_phase_at_origin,BASE,calibration,1,7,spectral_core,local_partition_rf,0,0.02,0,0.02
4556,2018-06,2018-02,4,0,True,0.0,master,valid_observed_phase_at_origin,BASE,calibration,1,7,spectral_core,local_partition_rf,0,0.02,0,0.06
4557,2018-06,2018-02,4,0,True,0.0,master,valid_observed_phase_at_origin,BASE,calibration,1,7,spectral_core,local_partition_rf,0,0.04,0,0.03
4558,2018-06,2018-02,4,0,True,0.0,master,valid_observed_phase_at_origin,BASE,calibration,1,7,spectral_core,local_partition_rf,0,0.16,0,0.11
4559,2018-06,2018-02,4,0,True,0.0,master,valid_observed_phase_at_origin,BASE,calibration,1,7,spectral_core,local_partition_rf,0,0.03,0,0.04
4560,2018-06,2018-02,4,0,True,0.0,master,valid_observed_phase_at_origin,BASE,calibration,1,7,spectral_core,local_partition_rf,0,0.03,0,0.02
4562,2018-06,2018-02,4,0,True,0.0,master,valid_observed_phase_at_origin,BASE,calibration,1,7,spectral_core,local_partition_rf,0,0.05,0,0.03
4563,2018-06,2018-02,4,0,True,0.0,master,valid_observed_phase_at_origin,BASE,calibration,1,7,spectral_core,local_partition_rf,0,0.05,0,0.06
4564,2018-06,2018-02,4,0,True,0.0,master,valid_observed_phase_at_origin,BASE,calibration,1,7,spectral_core,local_partition_rf,0,0.01,0,0.02
4565,2018-06,2018-02,4,0,True,0.0,master,valid_observed_phase_at_origin,BASE,calibration,1,7,spectral_core,local_partition_rf,0,0.02,0,0.03
4566,2018-06,2018-02,4,1,True,1.0,master,valid_observed_phase_at_origin,BASE,calibration,1,1,spectral_core,local_partition_rf,1,0.97,1,0.86
4567,2018-06,2018-02,4,1,True,1.0,master,valid_observed_phase_at_origin,BASE,calibration,1,1,spectral_core,local_partition_rf,1,0.97,1,0.88
4568,2018-06,2018-02,4,0,True,0.0,master,valid_observed_phase_at_origin,BASE,calibration,1,1,spectral_core,local_partition_rf,0,0.01,0,0.11
4569,2018-06,2018-02,4,1,True,1.0,master,valid_observed_phase_at_origin,BASE,calibration,1,1,spectral_core,local_partition_rf,0,0.49,0,0.48
4570,2018-06,2018-02,4,1,True,1.0,master,valid_observed_phase_at_origin,BASE,calibration,1,1,spectral_core,local_partition_rf,1,1.0,1,0.92
4571,2018-06,2018-02,4,0,True,1.0,master,valid_observed_phase_at_origin,BASE,calibration,1,1,spectral_core,local_partition_rf,1,0.99,1,0.9
4572,2018-06,2018-02,4,1,True,1.0,master,valid_observed_phase_at_origin,BASE,calibration,1,1,spectral_core,local_partition_rf,1,1.0,1,0.92
4573,2018-06,2018-02,4,0,True,0.0,master,valid_observed_phase_at_origin,BASE,calibration,1,1,spectral_core,local_partition_rf,0,0.01,0,0.12
4574,2018-06,2018-02,4,1,True,1.0,master,valid_observed_phase_at_origin,BASE,calibration,1,1,spectral_core,local_partition_rf,1,0.51,0,0.47
4575,2018-06,2018-02,4,1,True,1.0,master,valid_observed_phase_at_origin,BASE,calibration,1,1,spectral_core,local_partition_rf,1,1.0,1,0.9
4576,2018-06,2018-02,4,1,True,1.0,master,valid_observed_phase_at_origin,BASE,calibration,1,1,spectral_core,local_partition_rf,1,0.99,1,0.91
4577,2018-06,2018-02,4,0,True,0.0,master,valid_observed_phase_at_origin,BASE,calibration,1,1,spectral_core,local_partition_rf,0,0.01,0,0.1
4578,2018-06,2018-02,4,1,True,1.0,master,valid_observed_phase_at_origin,BASE,calibration,1,1,spectral_core,local_partition_rf,0,0.44,0,0.46
4579,2018-06,2018-02,4,1,True,1.0,master,valid_observed_phase_at_origin,BASE,calibration,1,1,spectral_core,local_partition_rf,1,0.99,1,0.88
4580,2018-06,2018-02,4,1,True,1.0,master,valid_observed_phase_at_origin,BASE,calibration,1,1,spectral_core,local_partition_rf,1,0.98,1,0.89
4581,2018-06,2018-02,4,1,True,1.0,master,valid_observed_phase_at_origin,BASE,calibration,1,1,spectral_core,local_partition_rf,1,0.98,1,0.9
4582,2018-06,2018-02,4,1,True,1.0,master,valid_observed_phase_at_origin,BASE,calibration,1,1,spectral_core,local_partition_rf,1,0.94,1,0.87
4583,2018-06,2018-02,4,1,True,1.0,master,valid_observed_phase_at_origin,BASE,calibration,1,1,spectral_core,local_partition_rf,1,1.0,1,0.92
4584,2018-06,2018-02,4,0,True,1.0,master,valid_observed_phase_at_origin,BASE,calibration,1,1,spectral_core,local_partition_rf,1,1.0,1,0.92
4585,2018-06,2018-02,4,1,True,1.0,master,valid_observed_phase_at_origin,BASE,calibration,1,1,spectral_core,local_partition_rf,1,1.0,1,0.87
4586,2018-06,2018-02,4,1,True,1.0,master,valid_observed_phase_at_origin,BASE,calibration,1,1,spectral_core,local_partition_rf,1,1.0,1,0.9
4587,2018-06,2018-02,4,1,True,1.0,master,valid_observed_phase_at_origin,BASE,calibration,1,1,spectral_core,local_partition_rf,1,1.0,1,0.82
4588,2018-06,2018-02,4,1,True,1.0,master,valid_observed_phase_at_origin,BASE,calibration,1,1,spectral_core,local_partition_rf,1,1.0,1,0.91
4589,2018-06,2018-02,4,1,True,1.0,master,valid_observed_phase_at_origin,BASE,calibration,1,1,spectral_core,local_partition_rf,1,1.0,1,0.87
4590,2018-06,2018-02,4,1,True,1.0,master,valid_observed_phase_at_origin,BASE,calibration,1,1,spectral_core,local_partition_rf,1,1.0,1,0.89
4591,2018-06,2018-02,4,0,True,0.0,master,valid_observed_phase_at_origin,BASE,calibration,1,1,spectral_core,local_partition_rf,0,0.06,0,0.1
4592,2018-06,2018-02,4,1,True,1.0,master,valid_observed_phase_at_origin,BASE,calibration,1,1,spectral_core,local_partition_rf,1,1.0,1,0.9
4593,2018-06,2018-02,4,1,True,1.0,master,valid_observed_phase_at_origin,BASE,calibration,1,1,spectral_core,local_partition_rf,1,1.0,1,0.86
4594,2018-06,2018-02,4,1,True,1.0,master,valid_observed_phase_at_origin,BASE,calibration,1,1,spectral_core,local_partition_rf,1,1.0,1,0.91
4595,2018-06,2018-02,4,1,True,1.0,master,valid_observed_phase_at_origin,BASE,calibration,1,1,spectral_core,local_partition_rf,1,1.0,1,0.89
4596,2018-06,2018-02,4,1,True,1.0,master,valid_observed_phase_at_origin,BASE,calibration,1,1,spectral_core,local_partition_rf,1,1.0,1,0.91
4597,2018-06,2018-02,4,1,True,1.0,master,valid_observed_phase_at_origin,BASE,calibration,1,1,spectral_core,local_partition_rf,1,1.0,1,0.91
4598,2018-06,2018-02,4,1,True,1.0,master,valid_observed_phase_at_origin,BASE,calibration,1,1,spectral_core,local_partition_rf,1,1.0,1,0.91
4599,2018-06,2018-02,4,1,True,1.0,master,valid_observed_phase_at_origin,BASE,calibration,1,1,spectral_core,local_partition_rf,1,1.0,1,0.85
4600,2018-06,2018-02,4,1,True,1.0,master,valid_observed_phase_at_origin,BASE,calibration,1,1,spectral_core,local_partition_rf,1,0.57,1,0.61
4601,2018-06,2018-02,4,1,True,1.0,master,valid_observed_phase_at_origin,BASE,calibration,1,1,spectral_core,local_partition_rf,1,1.0,1,0.83
4602,2018-06,2018-02,4,1,True,1.0,master,valid_observed_phase_at_origin,BASE,calibration,1,1,spectral_core,local_partition_rf,1,1.0,1,0.91
4603,2018-06,2018-02,4,1,True,1.0,master,valid_observed_phase_at_origin,BASE,calibration,1,1,spectral_core,local_partition_rf,1,0.99,1,0.83
4604,2018-06,2018-02,4,1,True,1.0,master,valid_observed_phase_at_origin,BASE,calibration,1,1,spectral_core,local_partition_rf,1,1.0,1,0.9
4606,2018-06,2018-02,4,1,True,1.0,master,valid_observed_phase_at_origin,BASE,calibration,1,1,spectral_core,local_partition_rf,1,1.0,1,0.88
4607,2018-06,2018-02,4,0,True,0.0,master,valid_observed_phase_at_origin,BASE,calibration,1,1,spectral_core,local_partition_rf,0,0.07,0,0.16
4608,2018-06,2018-02,4,1,True,1.0,master,valid_observed_phase_at_origin,BASE,calibration,1,1,spectral_core,local_partition_rf,1,0.54,0,0.48
4609,2018-06,2018-02,4,1,True,1.0,master,valid_observed_phase_at_origin,BASE,calibration,1,1,spectral_core,local_partition_rf,1,1.0,1,0.92
4610,2018-06,2018-02,4,1,True,1.0,master,valid_observed_phase_at_origin,BASE,calibration,1,1,spectral_core,local_partition_rf,1,1.0,1,0.89
4611,2018-06,2018-02,4,1,True,1.0,master,valid_observed_phase_at_origin,BASE,calibration,1,1,spectral_core,local_partition_rf,1,1.0,1,0.93
4612,2018-06,2018-02,4,1,True,1.0,master,valid_observed_phase_at_origin,BASE,calibration,1,1,spectral_core,local_partition_rf,1,1.0,1,0.89
4613,2018-06,2018-02,4,1,True,1.0,master,valid_observed_phase_at_origin,BASE,calibration,1,1,spectral_core,local_partition_rf,1,1.0,1,0.89
4614,2018-06,2018-02,4,1,True,1.0,master,valid_observed_phase_at_origin,BASE,calibration,1,1,spectral_core,local_partition_rf,1,1.0,1,0.91
4615,2018-06,2018-02,4,1,True,1.0,master,valid_observed_phase_at_origin,BASE,calibration,1,1,spectral_core,local_partition_rf,1,0.99,1,0.89
4616,2018-06,2018-02,4,1,True,1.0,master,valid_observed_phase_at_origin,BASE,calibration,1,1,spectral_core,local_partition_rf,1,0.99,1,0.93
4617,2018-06,2018-02,4,1,True,1.0,master,valid_observed_phase_at_origin,BASE,calibration,1,1,spectral_core,local_partition_rf,1,1.0,1,0.88
4618,2018-06,2018-02,4,1,True,1.0,master,valid_observed_phase_at_origin,BASE,calibration,1,1,spectral_core,local_partition_rf,1,1.0,1,0.88
4619,2018-06,2018-02,4,1,True,1.0,master,valid_observed_phase_at_origin,BASE,calibration,1,1,spectral_core,local_partition_rf,1,1.0,1,0.91
4620,2018-06,2018-02,4,1,True,1.0,master,valid_observed_phase_at_origin,BASE,calibration,1,1,spectral_core,local_partition_rf,1,0.99,1,0.88
4621,2018-06,2018-02,4,1,True,1.0,master,valid_observed_phase_at_origin,BASE,calibration,1,1,spectral_core,local_partition_rf,1,1.0,1,0.88
4622,2018-06,2018-02,4,1,True,1.0,master,valid_observed_phase_at_origin,BASE,calibration,1,1,spectral_core,local_partition_rf,1,1.0,1,0.84
4623,2018-06,2018-02,4,1,True,1.0,master,valid_observed_phase_at_origin,BASE,calibration,1,1,spectral_core,local_partition_rf,1,1.0,1,0.92
4624,2018-06,2018-02,4,1,True,1.0,master,valid_observed_phase_at_origin,BASE,calibration,1,1,spectral_core,local_partition_rf,1,1.0,1,0.89
4625,2018-06,2018-02,4,1,True,1.0,master,valid_observed_phase_at_origin,BASE,calibration,1,1,spectral_core,local_partition_rf,1,1.0,1,0.91
4626,2018-06,2018-02,4,1,True,1.0,master,valid_observed_phase_at_origin,BASE,calibration,1,1,spectral_core,local_partition_rf,1,1.0,1,0.88
4627,2018-06,2018-02,4,1,True,1.0,master,valid_observed_phase_at_origin,BASE,calibration,1,1,spectral_core,local_partition_rf,1,1.0,1,0.87
4628,2018-06,2018-02,4,1,True,1.0,master,valid_observed_phase_at_origin,BASE,calibration,1,1,spectral_core,local_partition_rf,1,1.0,1,0.91
4629,2018-06,2018-02,4,1,True,1.0,master,valid_observed_phase_at_origin,BASE,calibration,1,1,spectral_core,local_partition_rf,1,1.0,1,0.93
4630,2018-06,2018-02,4,0,True,1.0,master,valid_observed_phase_at_origin,BASE,calibration,1,1,spectral_core,local_partition_rf,1,0.99,1,0.95
4631,2018-06,2018-02,4,1,True,1.0,master,valid_observed_phase_at_origin,BASE,calibration,1,1,spectral_core,local_partition_rf,1,1.0,1,0.87
4632,2018-06,2018-02,4,1,True,1.0,master,valid_observed_phase_at_origin,BASE,calibration,1,1,spectral_core,local_partition_rf,1,1.0,1,0.92
4633,2018-06,2018-02,4,1,True,1.0,master,valid_observed_phase_at_origin,BASE,calibration,1,1,spectral_core,local_partition_rf,1,1.0,1,0.93
4634,2018-06,2018-02,4,1,True,1.0,master,valid_observed_phase_at_origin,BASE,calibration,1,1,spectral_core,local_partition_rf,1,1.0,1,0.89
4635,2018-06,2018-02,4,1,True,1.0,master,valid_observed_phase_at_origin,BASE,calibration,1,1,spectral_core,local_partition_rf,1,1.0,1,0.8
4636,2018-06,2018-02,4,1,True,1.0,master,valid_observed_phase_at_origin,BASE,calibration,1,1,spectral_core,local_partition_rf,1,1.0,1,0.87
4637,2018-06,2018-02,4,1,True,1.0,master,valid_observed_phase_at_origin,BASE,calibration,1,1,spectral_core,local_partition_rf,1,0.99,1,0.84
4638,2018-06,2018-02,4,1,True,1.0,master,valid_observed_phase_at_origin,BASE,calibration,1,1,spectral_core,local_partition_rf,1,1.0,1,0.85
4639,2018-06,2018-02,4,1,True,1.0,master,valid_observed_phase_at_origin,BASE,calibration,1,1,spectral_core,local_partition_rf,1,1.0,1,0.85
4640,2018-06,2018-02,4,1,True,1.0,master,valid_observed_phase_at_origin,BASE,calibration,1,1,spectral_core,local_partition_rf,1,1.0,1,0.87
4641,2018-06,2018-02,4,1,True,1.0,master,valid_observed_phase_at_origin,BASE,calibration,1,1,spectral_core,local_partition_rf,1,1.0,1,0.86
4642,2018-06,2018-02,4,1,True,1.0,master,valid_observed_phase_at_origin,BASE,calibration,1,1,spectral_core,local_partition_rf,1,1.0,1,0.87
4643,2018-06,2018-02,4,1,True,1.0,master,valid_observed_phase_at_origin,BASE,calibration,1,1,spectral_core,local_partition_rf,1,1.0,1,0.86
4644,2018-06,2018-02,4,1,True,1.0,master,valid_observed_phase_at_origin,BASE,calibration,1,1,spectral_core,local_partition_rf,1,1.0,1,0.87
4645,2018-06,2018-02,4,1,True,1.0,master,valid_observed_phase_at_origin,BASE,calibration,1,1,spectral_core,local_partition_rf,1,1.0,1,0.86
4646,2018-06,2018-02,4,1,True,1.0,master,valid_observed_phase_at_origin,BASE,calibration,1,1,spectral_core,local_partition_rf,1,1.0,1,0.84
4647,2018-06,2018-02,4,1,True,1.0,master,valid_observed_phase_at_origin,BASE,calibration,1,1,spectral_core,local_partition_rf,1,1.0,1,0.9
4648,2018-06,2018-02,4,1,True,1.0,master,valid_observed_phase_at_origin,BASE,calibration,1,1,spectral_core,local_partition_rf,1,1.0,1,0.86
4649,2018-06,2018-02,4,1,True,1.0,master,valid_observed_phase_at_origin,BASE,calibration,1,1,spectral_core,local_partition_rf,1,1.0,1,0.83
4650,2018-06,2018-02,4,1,True,1.0,master,valid_observed_phase_at_origin,BASE,calibration,1,1,spectral_core,local_partition_rf,1,1.0,1,0.87
4651,2018-06,2018-02,4,1,True,1.0,master,valid_observed_phase_at_origin,BASE,calibration,1,1,spectral_core,local_partition_rf,1,1.0,1,0.92
4652,2018-06,2018-02,4,1,True,1.0,master,valid_observed_phase_at_origin,BASE,calibration,1,1,spectral_core,local_partition_rf,1,1.0,1,0.87
4653,2018-06,2018-02,4,1,True,1.0,master,valid_observed_phase_at_origin,BASE,calibration,1,1,spectral_core,local_partition_rf,1,0.99,1,0.92
4654,2018-06,2018-02,4,1,True,1.0,master,valid_observed_phase_at_origin,BASE,calibration,1,1,spectral_core,local_partition_rf,1,1.0,1,0.9
4655,2018-06,2018-02,4,0,True,1.0,master,valid_observed_phase_at_origin,BASE,calibration,1,1,spectral_core,local_partition_rf,1,1.0,1,0.91
4656,2018-06,2018-02,4,1,True,1.0,master,valid_observed_phase_at_origin,BASE,calibration,1,1,spectral_core,local_partition_rf,1,0.99,1,0.93
4657,2018-06,2018-02,4,1,True,1.0,master,valid_observed_phase_at_origin,BASE,calibration,1,1,spectral_core,local_partition_rf,1,0.99,1,0.82
4658,2018-06,2018-02,4,1,True,1.0,master,valid_observed_phase_at_origin,BASE,calibration,1,1,spectral_core,local_partition_rf,1,0.99,1,0.86
4659,2018-06,2018-02,4,1,True,1.0,master,valid_observed_phase_at_origin,BASE,calibration,1,1,spectral_core,local_partition_rf,1,0.99,1,0.85
4660,2018-06,2018-02,4,1,True,1.0,master,valid_observed_phase_at_origin,BASE,calibration,1,1,spectral_core,local_partition_rf,1,0.99,1,0.85
4661,2018-06,2018-02,4,1,True,1.0,master,valid_observed_phase_at_origin,BASE,calibration,1,1,spectral_core,local_partition_rf,1,0.99,1,0.9
4662,2018-06,2018-02,4,1,True,1.0,master,valid_observed_phase_at_origin,BASE,calibration,1,1,spectral_core,local_partition_rf,1,0.99,1,0.92
4663,2018-06,2018-02,4,1,True,1.0,master,valid_observed_phase_at_origin,BASE,calibration,1,1,spectral_core,local_partition_rf,1,0.99,1,0.83
4664,2018-06,2018-02,4,1,True,1.0,master,valid_observed_phase_at_origin,BASE,calibration,1,1,spectral_core,local_partition_rf,1,0.99,1,0.9
4665,2018-06,2018-02,4,1,True,1.0,master,valid_observed_phase_at_origin,BASE,calibration,1,1,spectral_core,local_partition_rf,1,0.99,1,0.87
4666,2018-06,2018-02,4,1,True,1.0,master,valid_observed_phase_at_origin,BASE,calibration,1,1,spectral_core,local_partition_rf,1,0.99,1,0.94
4667,2018-06,2018-02,4,1,True,1.0,master,valid_observed_phase_at_origin,BASE,calibration,1,1,spectral_core,local_partition_rf,1,0.99,1,0.93
4668,2018-06,2018-02,4,1,True,1.0,master,valid_observed_phase_at_origin,BASE,calibration,1,1,spectral_core,local_partition_rf,1,0.99,1,0.87
4669,2018-06,2018-02,4,1,True,1.0,master,valid_observed_phase_at_origin,BASE,calibration,1,1,spectral_core,local_partition_rf,1,1.0,1,0.9
4670,2018-06,2018-02,4,1,True,1.0,master,valid_observed_phase_at_origin,BASE,calibration,1,1,spectral_core,local_partition_rf,1,0.99,1,0.89
4671,2018-06,2018-02,4,1,True,1.0,master,valid_observed_phase_at_origin,BASE,calibration,1,1,spectral_core,local_partition_rf,1,0.99,1,0.89
4672,2018-06,2018-02,4,1,True,1.0,master,valid_observed_phase_at_origin,BASE,calibration,1,1,spectral_core,local_partition_rf,1,1.0,1,0.9
4673,2018-06,2018-02,4,1,True,1.0,master,valid_observed_phase_at_origin,BASE,calibration,1,1,spectral_core,local_partition_rf,1,0.99,1,0.91
4674,2018-06,2018-02,4,0,True,1.0,master,valid_observed_phase_at_origin,BASE,calibration,1,1,spectral_core,local_partition_rf,1,1.0,1,0.89
4675,2018-06,2018-02,4,1,True,1.0,master,valid_observed_phase_at_origin,BASE,calibration,1,1,spectral_core,local_partition_rf,1,1.0,1,0.89
4676,2018-06,2018-02,4,1,True,1.0,master,valid_observed_phase_at_origin,BASE,calibration,1,1,spectral_core,local_partition_rf,1,1.0,1,0.86
4677,2018-06,2018-02,4,1,True,1.0,master,valid_observed_phase_at_origin,BASE,calibration,1,1,spectral_core,local_partition_rf,1,1.0,1,0.84
4678,2018-06,2018-02,4,1,True,1.0,master,valid_observed_phase_at_origin,BASE,calibration,1,1,spectral_core,local_partition_rf,1,1.0,1,0.9
4679,2018-06,2018-02,4,1,True,1.0,master,valid_observed_phase_at_origin,BASE,calibration,1,1,spectral_core,local_partition_rf,1,1.0,1,0.9
4680,2018-06,2018-02,4,1,True,1.0,master,valid_observed_phase_at_origin,BASE,calibration,1,1,spectral_core,local_partition_rf,1,1.0,1,0.9
4681,2018-06,2018-02,4,1,True,1.0,master,valid_observed_phase_at_origin,BASE,calibration,1,1,spectral_core,local_partition_rf,1,1.0,1,0.88
4682,2018-06,2018-02,4,1,True,1.0,master,valid_observed_phase_at_origin,BASE,calibration,1,1,spectral_core,local_partition_rf,1,0.99,1,0.87
4683,2018-06,2018-02,4,1,True,1.0,master,valid_observed_phase_at_origin,BASE,calibration,1,1,spectral_core,local_partition_rf,1,1.0,1,0.9
4684,2018-06,2018-02,4,1,True,1.0,master,valid_observed_phase_at_origin,BASE,calibration,1,1,spectral_core,local_partition_rf,1,1.0,1,0.87
4685,2018-06,2018-02,4,1,True,1.0,master,valid_observed_phase_at_origin,BASE,calibration,1,1,spectral_core,local_partition_rf,1,1.0,1,0.86
4686,2018-06,2018-02,4,1,True,1.0,master,valid_observed_phase_at_origin,BASE,calibration,1,1,spectral_core,local_partition_rf,1,1.0,1,0.91
4687,2018-06,2018-02,4,1,True,1.0,master,valid_observed_phase_at_origin,BASE,calibration,1,1,spectral_core,local_partition_rf,1,1.0,1,0.89
4688,2018-06,2018-02,4,1,True,1.0,master,valid_observed_phase_at_origin,BASE,calibration,1,1,spectral_core,local_partition_rf,1,1.0,1,0.82
4689,2018-06,2018-02,4,1,True,1.0,master,valid_observed_phase_at_origin,BASE,calibration,1,1,spectral_core,local_partition_rf,1,1.0,1,0.88
4690,2018-06,2018-02,4,1,True,1.0,master,valid_observed_phase_at_origin,BASE,calibration,1,1,spectral_core,local_partition_rf,1,1.0,1,0.88
4691,2018-06,2018-02,4,1,True,1.0,master,valid_observed_phase_at_origin,BASE,calibration,1,1,spectral_core,local_partition_rf,1,1.0,1,0.88
4692,2018-06,2018-02,4,1,True,1.0,master,valid_observed_phase_at_origin,BASE,calibration,1,1,spectral_core,local_partition_rf,1,1.0,1,0.91
4693,2018-06,2018-02,4,1,True,1.0,master,valid_observed_phase_at_origin,BASE,calibration,1,1,spectral_core,local_partition_rf,1,1.0,1,0.91
4694,2018-06,2018-02,4,1,True,1.0,master,valid_observed_phase_at_origin,BASE,calibration,1,1,spectral_core,local_partition_rf,1,1.0,1,0.86
4695,2018-06,2018-02,4,1,True,1.0,master,valid_observed_phase_at_origin,BASE,calibration,1,1,spectral_core,local_partition_rf,1,1.0,1,0.84
4696,2018-06,2018-02,4,1,True,1.0,master,valid_observed_phase_at_origin,BASE,calibration,1,1,spectral_core,local_partition_rf,1,1.0,1,0.86
4697,2018-06,2018-02,4,1,True,1.0,master,valid_observed_phase_at_origin,BASE,calibration,1,1,spectral_core,local_partition_rf,1,1.0,1,0.87
4698,2018-06,2018-02,4,1,True,1.0,master,valid_observed_phase_at_origin,BASE,calibration,1,1,spectral_core,local_partition_rf,1,1.0,1,0.87
4699,2018-06,2018-02,4,1,True,1.0,master,valid_observed_phase_at_origin,BASE,calibration,1,1,spectral_core,local_partition_rf,1,1.0,1,0.89
4700,2018-06,2018-02,4,1,True,1.0,master,valid_observed_phase_at_origin,BASE,calibration,1,1,spectral_core,local_partition_rf,1,1.0,1,0.89
4701,2018-06,2018-02,4,1,True,1.0,master,valid_observed_phase_at_origin,BASE,calibration,1,1,spectral_core,local_partition_rf,1,1.0,1,0.91
4702,2018-06,2018-02,4,1,True,1.0,master,valid_observed_phase_at_origin,BASE,calibration,1,1,spectral_core,local_partition_rf,1,1.0,1,0.9
4703,2018-06,2018-02,4,1,True,1.0,master,valid_observed_phase_at_origin,BASE,calibration,1,1,spectral_core,local_partition_rf,1,0.99,1,0.87
4704,2018-06,2018-02,4,1,True,1.0,master,valid_observed_phase_at_origin,BASE,calibration,1,1,spectral_core,local_partition_rf,1,1.0,1,0.9
4705,2018-06,2018-02,4,1,True,1.0,master,valid_observed_phase_at_origin,BASE,calibration,1,1,spectral_core,local_partition_rf,1,0.99,1,0.92
4706,2018-06,2018-02,4,1,True,1.0,master,valid_observed_phase_at_origin,BASE,calibration,1,1,spectral_core,local_partition_rf,1,1.0,1,0.84
4707,2018-06,2018-02,4,1,True,1.0,master,valid_observed_phase_at_origin,BASE,calibration,1,1,spectral_core,local_partition_rf,1,1.0,1,0.89
4708,2018-06,2018-02,4,1,True,1.0,master,valid_observed_phase_at_origin,BASE,calibration,1,1,spectral_core,local_partition_rf,1,1.0,1,0.89
4709,2018-06,2018-02,4,1,True,1.0,master,valid_observed_phase_at_origin,BASE,calibration,1,1,spectral_core,local_partition_rf,1,1.0,1,0.9
4710,2018-06,2018-02,4,1,True,1.0,master,valid_observed_phase_at_origin,BASE,calibration,1,1,spectral_core,local_partition_rf,1,1.0,1,0.9
4711,2018-06,2018-02,4,0,True,0.0,master,valid_observed_phase_at_origin,BASE,calibration,1,-1,unassigned_nearest_donor_beyond_100km,pooled_unassigned_area,0,0.09,0,0.09
4712,2018-06,2018-02,4,0,True,0.0,master,valid_observed_phase_at_origin,BASE,calibration,1,-1,unassigned_nearest_donor_beyond_100km,pooled_unassigned_area,0,0.18,0,0.18
4713,2018-06,2018-02,4,0,True,0.0,master,valid_observed_phase_at_origin,BASE,calibration,1,-1,unassigned_nearest_donor_beyond_100km,pooled_unassigned_area,0,0.13,0,0.13
4714,2018-06,2018-02,4,0,True,0.0,master,valid_observed_phase_at_origin,BASE,calibration,1,-1,unassigned_nearest_donor_beyond_100km,pooled_unassigned_area,0,0.06,0,0.06
4715,2018-06,2018-02,4,0,True,0.0,master,valid_observed_phase_at_origin,BASE,calibration,1,-1,unassigned_nearest_donor_beyond_100km,pooled_unassigned_area,0,0.11,0,0.11
4716,2018-06,2018-02,4,0,True,1.0,master,valid_observed_phase_at_origin,BASE,calibration,1,-1,unassigned_nearest_donor_beyond_100km,pooled_unassigned_area,0,0.2,0,0.2
4717,2018-06,2018-02,4,0,True,0.0,master,valid_observed_phase_at_origin,BASE,calibration,1,-1,unassigned_nearest_donor_beyond_100km,pooled_unassigned_area,0,0.11,0,0.11
4718,2018-06,2018-02,4,0,True,0.0,master,valid_observed_phase_at_origin,BASE,calibration,1,-1,unassigned_nearest_donor_beyond_100km,pooled_unassigned_area,0,0.09,0,0.09
4719,2018-06,2018-02,4,0,True,0.0,master,valid_observed_phase_at_origin,BASE,calibration,1,-1,unassigned_nearest_donor_beyond_100km,pooled_unassigned_area,0,0.12,0,0.12
4720,2018-06,2018-02,4,0,True,0.0,master,valid_observed_phase_at_origin,BASE,calibration,1,-1,unassigned_nearest_donor_beyond_100km,pooled_unassigned_area,0,0.13,0,0.13
4721,2018-06,2018-02,4,1,True,1.0,master,valid_observed_phase_at_origin,BASE,calibration,1,-1,unassigned_nearest_donor_beyond_100km,pooled_unassigned_area,0,0.22,0,0.22
4722,2018-06,2018-02,4,0,True,0.0,master,valid_observed_phase_at_origin,BASE,calibration,1,-1,unassigned_nearest_donor_beyond_100km,pooled_unassigned_area,0,0.07,0,0.07
4723,2018-06,2018-02,4,0,True,0.0,master,valid_observed_phase_at_origin,BASE,calibration,1,-1,unassigned_nearest_donor_beyond_100km,pooled_unassigned_area,0,0.13,0,0.13
4724,2018-06,2018-02,4,0,True,0.0,master,valid_observed_phase_at_origin,BASE,calibration,1,-1,unassigned_nearest_donor_beyond_100km,pooled_unassigned_area,0,0.14,0,0.14
4725,2018-06,2018-02,4,0,True,0.0,master,valid_observed_phase_at_origin,BASE,calibration,1,-1,unassigned_nearest_donor_beyond_100km,pooled_unassigned_area,0,0.14,0,0.14
4726,2018-06,2018-02,4,0,True,0.0,master,valid_observed_phase_at_origin,BASE,calibration,1,-1,unassigned_nearest_donor_beyond_100km,pooled_unassigned_area,0,0.18,0,0.18
4727,2018-06,2018-02,4,0,True,0.0,master,valid_observed_phase_at_origin,BASE,calibration,1,-1,unassigned_nearest_donor_beyond_100km,pooled_unassigned_area,0,0.14,0,0.14
4728,2018-06,2018-02,4,1,True,1.0,master,valid_observed_phase_at_origin,BASE,calibration,1,-1,unassigned_nearest_donor_beyond_100km,pooled_unassigned_area,0,0.12,0,0.12
4729,2018-06,2018-02,4,0,True,0.0,master,valid_observed_phase_at_origin,BASE,calibration,1,-1,unassigned_nearest_donor_beyond_100km,pooled_unassigned_area,0,0.1,0,0.1
4730,2018-06,2018-02,4,0,True,0.0,master,valid_observed_phase_at_origin,BASE,calibration,1,-1,unassigned_nearest_donor_beyond_100km,pooled_unassigned_area,0,0.16,0,0.16
4731,2018-06,2018-02,4,1,True,0.0,master,valid_observed_phase_at_origin,BASE,calibration,1,-1,unassigned_nearest_donor_beyond_100km,pooled_unassigned_area,0,0.18,0,0.18
4732,2018-06,2018-02,4,0,True,0.0,master,valid_observed_phase_at_origin,BASE,calibration,1,-1,unassigned_nearest_donor_beyond_100km,pooled_unassigned_area,0,0.19,0,0.19
4733,2018-06,2018-02,4,1,True,1.0,master,valid_observed_phase_at_origin,BASE,calibration,1,-1,unassigned_nearest_donor_beyond_100km,pooled_unassigned_area,0,0.12,0,0.12
4734,2018-06,2018-02,4,0,True,0.0,master,valid_observed_phase_at_origin,BASE,calibration,1,-1,unassigned_nearest_donor_beyond_100km,pooled_unassigned_area,0,0.11,0,0.11
4735,2018-06,2018-02,4,0,True,0.0,master,valid_observed_phase_at_origin,BASE,calibration,1,-1,unassigned_nearest_donor_beyond_100km,pooled_unassigned_area,0,0.11,0,0.11
4736,2018-06,2018-02,4,1,True,1.0,master,valid_observed_phase_at_origin,BASE,calibration,1,-1,unassigned_nearest_donor_beyond_100km,pooled_unassigned_area,0,0.19,0,0.19
4737,2018-06,2018-02,4,0,True,0.0,master,valid_observed_phase_at_origin,BASE,calibration,1,-1,unassigned_nearest_donor_beyond_100km,pooled_unassigned_area,0,0.09,0,0.09
4738,2018-06,2018-02,4,0,True,0.0,master,valid_observed_phase_at_origin,BASE,calibration,1,-1,unassigned_nearest_donor_beyond_100km,pooled_unassigned_area,0,0.08,0,0.08
4739,2018-06,2018-02,4,0,True,0.0,master,valid_observed_phase_at_origin,BASE,calibration,1,-1,unassigned_nearest_donor_beyond_100km,pooled_unassigned_area,0,0.1,0,0.1
4740,2018-06,2018-02,4,0,True,0.0,master,valid_observed_phase_at_origin,BASE,calibration,1,-1,unassigned_nearest_donor_beyond_100km,pooled_unassigned_area,0,0.08,0,0.08
4741,2018-06,2018-02,4,1,True,1.0,master,valid_observed_phase_at_origin,BASE,calibration,1,-1,unassigned_nearest_donor_beyond_100km,pooled_unassigned_area,0,0.15,0,0.15
4742,2018-06,2018-02,4,0,True,0.0,master,valid_observed_phase_at_origin,BASE,calibration,1,-1,unassigned_nearest_donor_beyond_100km,pooled_unassigned_area,0,0.11,0,0.11
4743,2018-06,2018-02,4,1,True,1.0,master,valid_observed_phase_at_origin,BASE,calibration,1,-1,unassigned_nearest_donor_beyond_100km,pooled_unassigned_area,0,0.16,0,0.16
4744,2018-06,2018-02,4,0,True,0.0,master,valid_observed_phase_at_origin,BASE,calibration,1,-1,unassigned_nearest_donor_beyond_100km,pooled_unassigned_area,0,0.1,0,0.1
4745,2018-06,2018-02,4,0,True,0.0,master,valid_observed_phase_at_origin,BASE,calibration,1,-1,unassigned_nearest_donor_beyond_100km,pooled_unassigned_area,0,0.1,0,0.1
4746,2018-06,2018-02,4,0,True,0.0,master,valid_observed_phase_at_origin,BASE,calibration,1,-1,unassigned_nearest_donor_beyond_100km,pooled_unassigned_area,0,0.09,0,0.09
4747,2018-06,2018-02,4,0,True,0.0,master,valid_observed_phase_at_origin,BASE,calibration,1,-1,unassigned_nearest_donor_beyond_100km,pooled_unassigned_area,0,0.11,0,0.11
4748,2018-06,2018-02,4,1,True,1.0,master,valid_observed_phase_at_origin,BASE,calibration,1,-1,unassigned_nearest_donor_beyond_100km,pooled_unassigned_area,0,0.15,0,0.15
4749,2018-06,2018-02,4,1,True,1.0,master,valid_observed_phase_at_origin,BASE,calibration,1,-1,unassigned_nearest_donor_beyond_100km,pooled_unassigned_area,0,0.17,0,0.17
4750,2018-06,2018-02,4,1,True,1.0,master,valid_observed_phase_at_origin,BASE,calibration,1,-1,unassigned_nearest_donor_beyond_100km,pooled_unassigned_area,0,0.29,0,0.29
4751,2018-06,2018-02,4,0,True,0.0,master,valid_observed_phase_at_origin,BASE,calibration,1,-1,unassigned_nearest_donor_beyond_100km,pooled_unassigned_area,0,0.16,0,0.16
4752,2018-06,2018-02,4,1,True,1.0,master,valid_observed_phase_at_origin,BASE,calibration,1,-1,unassigned_nearest_donor_beyond_100km,pooled_unassigned_area,0,0.16,0,0.16
4753,2018-06,2018-02,4,0,True,0.0,master,valid_observed_phase_at_origin,BASE,calibration,1,-1,unassigned_nearest_donor_beyond_100km,pooled_unassigned_area,0,0.1,0,0.1
4754,2018-06,2018-02,4,0,True,0.0,master,valid_observed_phase_at_origin,BASE,calibration,1,-1,unassigned_nearest_donor_beyond_100km,pooled_unassigned_area,0,0.08,0,0.08
4755,2018-06,2018-02,4,0,True,0.0,master,valid_observed_phase_at_origin,BASE,calibration,1,-1,unassigned_nearest_donor_beyond_100km,pooled_unassigned_area,0,0.08,0,0.08
4756,2018-06,2018-02,4,0,True,0.0,master,valid_observed_phase_at_origin,BASE,calibration,1,-1,unassigned_nearest_donor_beyond_100km,pooled_unassigned_area,0,0.09,0,0.09
4757,2018-06,2018-02,4,0,True,0.0,master,valid_observed_phase_at_origin,BASE,calibration,1,-1,unassigned_nearest_donor_beyond_100km,pooled_unassigned_area,0,0.11,0,0.11
4758,2018-06,2018-02,4,0,True,0.0,master,valid_observed_phase_at_origin,BASE,calibration,1,-1,unassigned_nearest_donor_beyond_100km,pooled_unassigned_area,0,0.11,0,0.11
4759,2018-06,2018-02,4,0,True,0.0,master,valid_observed_phase_at_origin,BASE,calibration,1,-1,unassigned_nearest_donor_beyond_100km,pooled_unassigned_area,0,0.07,0,0.07
4760,2018-06,2018-02,4,0,True,0.0,master,valid_observed_phase_at_origin,BASE,calibration,1,-1,unassigned_nearest_donor_beyond_100km,pooled_unassigned_area,0,0.05,0,0.05
4761,2018-06,2018-02,4,0,True,0.0,master,valid_observed_phase_at_origin,BASE,calibration,1,-1,unassigned_nearest_donor_beyond_100km,pooled_unassigned_area,0,0.14,0,0.14
4762,2018-06,2018-02,4,0,True,0.0,master,valid_observed_phase_at_origin,BASE,calibration,1,-1,unassigned_nearest_donor_beyond_100km,pooled_unassigned_area,0,0.07,0,0.07
4763,2018-06,2018-02,4,0,True,0.0,master,valid_observed_phase_at_origin,BASE,calibration,1,-1,unassigned_nearest_donor_beyond_100km,pooled_unassigned_area,0,0.13,0,0.13
4764,2018-06,2018-02,4,0,True,0.0,master,valid_observed_phase_at_origin,BASE,calibration,1,-1,unassigned_nearest_donor_beyond_100km,pooled_unassigned_area,0,0.13,0,0.13
4765,2018-06,2018-02,4,0,True,0.0,master,valid_observed_phase_at_origin,BASE,calibration,1,-1,unassigned_nearest_donor_beyond_100km,pooled_unassigned_area,0,0.13,0,0.13
4766,2018-06,2018-02,4,0,True,0.0,master,valid_observed_phase_at_origin,BASE,calibration,1,-1,unassigned_nearest_donor_beyond_100km,pooled_unassigned_area,0,0.11,0,0.11
4767,2018-06,2018-02,4,0,True,0.0,master,valid_observed_phase_at_origin,BASE,calibration,1,-1,unassigned_nearest_donor_beyond_100km,pooled_unassigned_area,0,0.07,0,0.07
4768,2018-06,2018-02,4,0,True,0.0,master,valid_observed_phase_at_origin,BASE,calibration,1,-1,unassigned_nearest_donor_beyond_100km,pooled_unassigned_area,0,0.08,0,0.08
4769,2018-06,2018-02,4,0,True,0.0,master,valid_observed_phase_at_origin,BASE,calibration,1,-1,unassigned_nearest_donor_beyond_100km,pooled_unassigned_area,0,0.11,0,0.11
4770,2018-06,2018-02,4,0,True,0.0,master,valid_observed_phase_at_origin,BASE,calibration,1,-1,unassigned_nearest_donor_beyond_100km,pooled_unassigned_area,0,0.06,0,0.06
4771,2018-06,2018-02,4,0,True,0.0,master,valid_observed_phase_at_origin,BASE,calibration,1,-1,unassigned_nearest_donor_beyond_100km,pooled_unassigned_area,0,0.08,0,0.08
4772,2018-06,2018-02,4,0,True,0.0,master,valid_observed_phase_at_origin,BASE,calibration,1,-1,unassigned_nearest_donor_beyond_100km,pooled_unassigned_area,0,0.11,0,0.11
4773,2018-06,2018-02,4,0,True,1.0,master,valid_observed_phase_at_origin,BASE,calibration,1,-1,unassigned_nearest_donor_beyond_100km,pooled_unassigned_area,0,0.2,0,0.2
4774,2018-06,2018-02,4,0,True,0.0,master,valid_observed_phase_at_origin,BASE,calibration,1,-1,unassigned_nearest_donor_beyond_100km,pooled_unassigned_area,0,0.12,0,0.12
4775,2018-06,2018-02,4,0,True,0.0,master,valid_observed_phase_at_origin,BASE,calibration,1,-1,unassigned_nearest_donor_beyond_100km,pooled_unassigned_area,0,0.08,0,0.08
4776,2018-06,2018-02,4,0,True,0.0,master,valid_observed_phase_at_origin,BASE,calibration,1,-1,unassigned_nearest_donor_beyond_100km,pooled_unassigned_area,0,0.07,0,0.07
4777,2018-06,2018-02,4,0,True,0.0,master,valid_observed_phase_at_origin,BASE,calibration,1,-1,unassigned_nearest_donor_beyond_100km,pooled_unassigned_area,0,0.18,0,0.18
4778,2018-06,2018-02,4,0,True,0.0,master,valid_observed_phase_at_origin,BASE,calibration,1,-1,unassigned_nearest_donor_beyond_100km,pooled_unassigned_area,0,0.13,0,0.13
4779,2018-06,2018-02,4,0,True,0.0,master,valid_observed_phase_at_origin,BASE,calibration,1,-1,unassigned_nearest_donor_beyond_100km,pooled_unassigned_area,0,0.13,0,0.13
4780,2018-06,2018-02,4,0,True,0.0,master,valid_observed_phase_at_origin,BASE,calibration,1,-1,unassigned_nearest_donor_beyond_100km,pooled_unassigned_area,0,0.08,0,0.08
4781,2018-06,2018-02,4,0,True,0.0,master,valid_observed_phase_at_origin,BASE,calibration,1,-1,unassigned_nearest_donor_beyond_100km,pooled_unassigned_area,0,0.08,0,0.08
4782,2018-06,2018-02,4,0,True,0.0,master,valid_observed_phase_at_origin,BASE,calibration,1,-1,unassigned_nearest_donor_beyond_100km,pooled_unassigned_area,0,0.1,0,0.1
4783,2018-06,2018-02,4,0,True,0.0,master,valid_observed_phase_at_origin,BASE,calibration,1,-1,unassigned_nearest_donor_beyond_100km,pooled_unassigned_area,0,0.11,0,0.11
4784,2018-06,2018-02,4,0,True,0.0,master,valid_observed_phase_at_origin,BASE,calibration,1,-1,unassigned_nearest_donor_beyond_100km,pooled_unassigned_area,0,0.09,0,0.09
4785,2018-06,2018-02,4,0,True,0.0,master,valid_observed_phase_at_origin,BASE,calibration,1,-1,unassigned_nearest_donor_beyond_100km,pooled_unassigned_area,0,0.13,0,0.13
4786,2018-06,2018-02,4,0,True,0.0,master,valid_observed_phase_at_origin,BASE,calibration,1,-1,unassigned_nearest_donor_beyond_100km,pooled_unassigned_area,0,0.12,0,0.12
4787,2018-06,2018-02,4,0,True,0.0,master,valid_observed_phase_at_origin,BASE,calibration,1,-1,unassigned_nearest_donor_beyond_100km,pooled_unassigned_area,0,0.15,0,0.15
4788,2018-06,2018-02,4,0,True,0.0,master,valid_observed_phase_at_origin,BASE,calibration,1,-1,unassigned_nearest_donor_beyond_100km,pooled_unassigned_area,0,0.11,0,0.11
4789,2018-06,2018-02,4,0,True,0.0,master,valid_observed_phase_at_origin,BASE,calibration,1,-1,unassigned_nearest_donor_beyond_100km,pooled_unassigned_area,0,0.13,0,0.13
4790,2018-06,2018-02,4,0,True,0.0,master,valid_observed_phase_at_origin,BASE,calibration,1,-1,unassigned_nearest_donor_beyond_100km,pooled_unassigned_area,0,0.13,0,0.13
4791,2018-06,2018-02,4,0,True,0.0,master,valid_observed_phase_at_origin,BASE,calibration,1,-1,unassigned_nearest_donor_beyond_100km,pooled_unassigned_area,0,0.12,0,0.12
4792,2018-06,2018-02,4,0,True,0.0,master,valid_observed_phase_at_origin,BASE,calibration,1,-1,unassigned_nearest_donor_beyond_100km,pooled_unassigned_area,0,0.15,0,0.15
4793,2018-06,2018-02,4,1,True,0.0,master,valid_observed_phase_at_origin,BASE,calibration,1,-1,unassigned_nearest_donor_beyond_100km,pooled_unassigned_area,0,0.25,0,0.25
4794,2018-06,2018-02,4,1,True,0.0,master,valid_observed_phase_at_origin,BASE,calibration,1,-1,unassigned_nearest_donor_beyond_100km,pooled_unassigned_area,0,0.13,0,0.13
4795,2018-06,2018-02,4,0,True,0.0,master,valid_observed_phase_at_origin,BASE,calibration,1,-1,unassigned_nearest_donor_beyond_100km,pooled_unassigned_area,0,0.21,0,0.21
4796,2018-06,2018-02,4,0,True,0.0,master,valid_observed_phase_at_origin,BASE,calibration,1,-1,unassigned_nearest_donor_beyond_100km,pooled_unassigned_area,0,0.18,0,0.18
4797,2018-06,2018-02,4,1,True,1.0,master,valid_observed_phase_at_origin,BASE,calibration,1,-1,unassigned_nearest_donor_beyond_100km,pooled_unassigned_area,0,0.13,0,0.13
4798,2018-06,2018-02,4,0,True,0.0,master,valid_observed_phase_at_origin,BASE,calibration,1,-1,unassigned_nearest_donor_beyond_100km,pooled_unassigned_area,0,0.14,0,0.14
4799,2018-06,2018-02,4,0,True,0.0,master,valid_observed_phase_at_origin,BASE,calibration,1,-1,unassigned_nearest_donor_beyond_100km,pooled_unassigned_area,0,0.28,0,0.28
4800,2018-06,2018-02,4,0,True,0.0,master,valid_observed_phase_at_origin,BASE,calibration,1,-1,unassigned_nearest_donor_beyond_100km,pooled_unassigned_area,0,0.1,0,0.1
4801,2018-06,2018-02,4,0,True,0.0,master,valid_observed_phase_at_origin,BASE,calibration,1,-1,unassigned_nearest_donor_beyond_100km,pooled_unassigned_area,0,0.23,0,0.23
4802,2018-06,2018-02,4,0,True,0.0,master,valid_observed_phase_at_origin,BASE,calibration,1,-1,unassigned_nearest_donor_beyond_100km,pooled_unassigned_area,0,0.2,0,0.2
4803,2018-06,2018-02,4,0,True,0.0,master,valid_observed_phase_at_origin,BASE,calibration,1,-1,unassigned_nearest_donor_beyond_100km,pooled_unassigned_area,0,0.15,0,0.15
4804,2018-06,2018-02,4,1,True,1.0,master,valid_observed_phase_at_origin,BASE,calibration,1,-1,unassigned_nearest_donor_beyond_100km,pooled_unassigned_area,0,0.27,0,0.27
4805,2018-06,2018-02,4,0,True,0.0,master,valid_observed_phase_at_origin,BASE,calibration,1,-1,unassigned_nearest_donor_beyond_100km,pooled_unassigned_area,0,0.07,0,0.07
4806,2018-06,2018-02,4,0,True,0.0,master,valid_observed_phase_at_origin,BASE,calibration,1,-1,unassigned_nearest_donor_beyond_100km,pooled_unassigned_area,0,0.16,0,0.16
4807,2018-06,2018-02,4,0,True,0.0,master,valid_observed_phase_at_origin,BASE,calibration,1,-1,unassigned_nearest_donor_beyond_100km,pooled_unassigned_area,0,0.15,0,0.15
4808,2018-06,2018-02,4,0,True,0.0,master,valid_observed_phase_at_origin,BASE,calibration,1,-1,unassigned_nearest_donor_beyond_100km,pooled_unassigned_area,0,0.13,0,0.13
4809,2018-06,2018-02,4,1,True,1.0,master,valid_observed_phase_at_origin,BASE,calibration,1,-1,unassigned_nearest_donor_beyond_100km,pooled_unassigned_area,0,0.32,0,0.32
4810,2018-06,2018-02,4,0,True,0.0,master,valid_observed_phase_at_origin,BASE,calibration,1,-1,unassigned_nearest_donor_beyond_100km,pooled_unassigned_area,0,0.23,0,0.23
4811,2018-06,2018-02,4,0,True,0.0,master,valid_observed_phase_at_origin,BASE,calibration,1,-1,unassigned_nearest_donor_beyond_100km,pooled_unassigned_area,0,0.13,0,0.13
4812,2018-06,2018-02,4,0,True,0.0,master,valid_observed_phase_at_origin,BASE,calibration,1,-1,unassigned_nearest_donor_beyond_100km,pooled_unassigned_area,0,0.08,0,0.08
4813,2018-06,2018-02,4,0,True,0.0,master,valid_observed_phase_at_origin,BASE,calibration,1,-1,unassigned_nearest_donor_beyond_100km,pooled_unassigned_area,0,0.12,0,0.12
4814,2018-06,2018-02,4,0,True,0.0,master,valid_observed_phase_at_origin,BASE,calibration,1,-1,unassigned_nearest_donor_beyond_100km,pooled_unassigned_area,0,0.13,0,0.13
4815,2018-06,2018-02,4,0,True,0.0,master,valid_observed_phase_at_origin,BASE,calibration,1,-1,unassigned_nearest_donor_beyond_100km,pooled_unassigned_area,0,0.12,0,0.12
4816,2018-06,2018-02,4,0,True,0.0,master,valid_observed_phase_at_origin,BASE,calibration,1,-1,unassigned_nearest_donor_beyond_100km,pooled_unassigned_area,0,0.12,0,0.12
4817,2018-06,2018-02,4,0,True,0.0,master,valid_observed_phase_at_origin,BASE,calibration,1,-1,unassigned_nearest_donor_beyond_100km,pooled_unassigned_area,0,0.07,0,0.07
4818,2018-06,2018-02,4,0,True,0.0,master,valid_observed_phase_at_origin,BASE,calibration,1,-1,unassigned_nearest_donor_beyond_100km,pooled_unassigned_area,0,0.06,0,0.06
4819,2018-06,2018-02,4,0,True,0.0,master,valid_observed_phase_at_origin,BASE,calibration,1,-1,unassigned_nearest_donor_beyond_100km,pooled_unassigned_area,0,0.19,0,0.19
4820,2018-06,2018-02,4,0,True,0.0,master,valid_observed_phase_at_origin,BASE,calibration,1,-1,unassigned_nearest_donor_beyond_100km,pooled_unassigned_area,0,0.1,0,0.1
4821,2018-06,2018-02,4,0,True,0.0,master,valid_observed_phase_at_origin,BASE,calibration,1,-1,unassigned_nearest_donor_beyond_100km,pooled_unassigned_area,0,0.12,0,0.12
4822,2018-06,2018-02,4,0,True,0.0,master,valid_observed_phase_at_origin,BASE,calibration,1,-1,unassigned_nearest_donor_beyond_100km,pooled_unassigned_area,0,0.06,0,0.06
4823,2018-06,2018-02,4,0,True,0.0,master,valid_observed_phase_at_origin,BASE,calibration,1,-1,unassigned_nearest_donor_beyond_100km,pooled_unassigned_area,0,0.14,0,0.14
4824,2018-06,2018-02,4,0,True,0.0,master,valid_observed_phase_at_origin,BASE,calibration,1,-1,unassigned_nearest_donor_beyond_100km,pooled_unassigned_area,0,0.07,0,0.07
4825,2018-06,2018-02,4,0,True,0.0,master,valid_observed_phase_at_origin,BASE,calibration,1,-1,unassigned_nearest_donor_beyond_100km,pooled_unassigned_area,0,0.16,0,0.16
4826,2018-06,2018-02,4,0,True,0.0,master,valid_observed_phase_at_origin,BASE,calibration,1,-1,unassigned_nearest_donor_beyond_100km,pooled_unassigned_area,0,0.14,0,0.14
4827,2018-06,2018-02,4,0,True,0.0,master,valid_observed_phase_at_origin,BASE,calibration,1,-1,unassigned_nearest_donor_beyond_100km,pooled_unassigned_area,0,0.13,0,0.13
4828,2018-06,2018-02,4,0,True,0.0,master,valid_observed_phase_at_origin,BASE,calibration,1,-1,unassigned_nearest_donor_beyond_100km,pooled_unassigned_area,0,0.11,0,0.11
4829,2018-06,2018-02,4,0,True,0.0,master,valid_observed_phase_at_origin,BASE,calibration,1,-1,unassigned_nearest_donor_beyond_100km,pooled_unassigned_area,0,0.08,0,0.08
4830,2018-06,2018-02,4,0,True,0.0,master,valid_observed_phase_at_origin,BASE,calibration,1,-1,unassigned_nearest_donor_beyond_100km,pooled_unassigned_area,0,0.09,0,0.09
4831,2018-06,2018-02,4,0,True,0.0,master,valid_observed_phase_at_origin,BASE,calibration,1,-1,unassigned_nearest_donor_beyond_100km,pooled_unassigned_area,0,0.13,0,0.13
4832,2018-06,2018-02,4,0,True,0.0,master,valid_observed_phase_at_origin,BASE,calibration,1,-1,unassigned_nearest_donor_beyond_100km,pooled_unassigned_area,0,0.1,0,0.1
4833,2018-06,2018-02,4,0,True,0.0,master,valid_observed_phase_at_origin,BASE,calibration,1,-1,unassigned_nearest_donor_beyond_100km,pooled_unassigned_area,0,0.08,0,0.08
4834,2018-06,2018-02,4,0,True,0.0,master,valid_observed_phase_at_origin,BASE,calibration,1,-1,unassigned_nearest_donor_beyond_100km,pooled_unassigned_area,0,0.08,0,0.08
4835,2018-06,2018-02,4,0,True,0.0,master,valid_observed_phase_at_origin,BASE,calibration,1,-1,unassigned_nearest_donor_beyond_100km,pooled_unassigned_area,0,0.18,0,0.18
4836,2018-06,2018-02,4,0,True,0.0,master,valid_observed_phase_at_origin,BASE,calibration,1,-1,unassigned_nearest_donor_beyond_100km,pooled_unassigned_area,0,0.19,0,0.19
4837,2018-06,2018-02,4,0,True,0.0,master,valid_observed_phase_at_origin,BASE,calibration,1,-1,unassigned_nearest_donor_beyond_100km,pooled_unassigned_area,0,0.12,0,0.12
4838,2018-06,2018-02,4,0,True,0.0,master,valid_observed_phase_at_origin,BASE,calibration,1,-1,unassigned_nearest_donor_beyond_100km,pooled_unassigned_area,0,0.14,0,0.14
4839,2018-06,2018-02,4,0,True,0.0,master,valid_observed_phase_at_origin,BASE,calibration,1,-1,unassigned_nearest_donor_beyond_100km,pooled_unassigned_area,0,0.1,0,0.1
4840,2018-06,2018-02,4,0,True,0.0,master,valid_observed_phase_at_origin,BASE,calibration,1,-1,unassigned_nearest_donor_beyond_100km,pooled_unassigned_area,0,0.19,0,0.19
4841,2018-06,2018-02,4,0,True,0.0,master,valid_observed_phase_at_origin,BASE,calibration,1,-1,unassigned_nearest_donor_beyond_100km,pooled_unassigned_area,0,0.11,0,0.11
4842,2018-06,2018-02,4,0,True,0.0,master,valid_observed_phase_at_origin,BASE,calibration,1,-1,unassigned_nearest_donor_beyond_100km,pooled_unassigned_area,0,0.22,0,0.22
4843,2018-06,2018-02,4,1,True,1.0,master,valid_observed_phase_at_origin,BASE,calibration,1,-1,unassigned_nearest_donor_beyond_100km,pooled_unassigned_area,0,0.23,0,0.23
4844,2018-06,2018-02,4,0,True,0.0,master,valid_observed_phase_at_origin,BASE,calibration,1,-1,unassigned_nearest_donor_beyond_100km,pooled_unassigned_area,0,0.08,0,0.08
4845,2018-06,2018-02,4,0,True,0.0,master,valid_observed_phase_at_origin,BASE,calibration,1,-1,unassigned_nearest_donor_beyond_100km,pooled_unassigned_area,0,0.16,0,0.16
4846,2018-06,2018-02,4,0,True,0.0,master,valid_observed_phase_at_origin,BASE,calibration,1,-1,unassigned_nearest_donor_beyond_100km,pooled_unassigned_area,0,0.13,0,0.13
4847,2018-06,2018-02,4,0,True,0.0,master,valid_observed_phase_at_origin,BASE,calibration,1,-1,unassigned_nearest_donor_beyond_100km,pooled_unassigned_area,0,0.14,0,0.14
4848,2018-06,2018-02,4,0,True,0.0,master,valid_observed_phase_at_origin,BASE,calibration,1,-1,unassigned_nearest_donor_beyond_100km,pooled_unassigned_area,0,0.15,0,0.15
4849,2018-06,2018-02,4,0,True,0.0,master,valid_observed_phase_at_origin,BASE,calibration,1,-1,unassigned_nearest_donor_beyond_100km,pooled_unassigned_area,0,0.1,0,0.1
4850,2018-06,2018-02,4,0,True,0.0,master,valid_observed_phase_at_origin,BASE,calibration,1,-1,unassigned_nearest_donor_beyond_100km,pooled_unassigned_area,0,0.27,0,0.27
4851,2018-06,2018-02,4,0,True,0.0,master,valid_observed_phase_at_origin,BASE,calibration,1,-1,unassigned_nearest_donor_beyond_100km,pooled_unassigned_area,0,0.15,0,0.15
4852,2018-06,2018-02,4,0,True,0.0,master,valid_observed_phase_at_origin,BASE,calibration,1,-1,unassigned_nearest_donor_beyond_100km,pooled_unassigned_area,0,0.2,0,0.2
4853,2018-06,2018-02,4,0,True,0.0,master,valid_observed_phase_at_origin,BASE,calibration,1,-1,unassigned_nearest_donor_beyond_100km,pooled_unassigned_area,0,0.1,0,0.1
4854,2018-06,2018-02,4,0,True,0.0,master,valid_observed_phase_at_origin,BASE,calibration,1,-1,unassigned_nearest_donor_beyond_100km,pooled_unassigned_area,0,0.29,0,0.29
4855,2018-06,2018-02,4,0,True,0.0,master,valid_observed_phase_at_origin,BASE,calibration,1,-1,unassigned_nearest_donor_beyond_100km,pooled_unassigned_area,0,0.1,0,0.1
4856,2018-06,2018-02,4,0,True,0.0,master,valid_observed_phase_at_origin,BASE,calibration,1,-1,unassigned_nearest_donor_beyond_100km,pooled_unassigned_area,0,0.14,0,0.14
4857,2018-06,2018-02,4,0,True,0.0,master,valid_observed_phase_at_origin,BASE,calibration,1,-1,unassigned_nearest_donor_beyond_100km,pooled_unassigned_area,0,0.17,0,0.17
4858,2018-06,2018-02,4,0,True,0.0,master,valid_observed_phase_at_origin,BASE,calibration,1,-1,unassigned_nearest_donor_beyond_100km,pooled_unassigned_area,0,0.11,0,0.11
4859,2018-06,2018-02,4,0,True,0.0,master,valid_observed_phase_at_origin,BASE,calibration,1,-1,unassigned_nearest_donor_beyond_100km,pooled_unassigned_area,0,0.22,0,0.22
4860,2018-06,2018-02,4,0,True,0.0,master,valid_observed_phase_at_origin,BASE,calibration,1,-1,unassigned_nearest_donor_beyond_100km,pooled_unassigned_area,0,0.12,0,0.12
4861,2018-06,2018-02,4,0,True,0.0,master,valid_observed_phase_at_origin,BASE,calibration,1,-1,unassigned_nearest_donor_beyond_100km,pooled_unassigned_area,0,0.24,0,0.24
4862,2018-06,2018-02,4,0,True,0.0,master,valid_observed_phase_at_origin,BASE,calibration,1,-1,unassigned_nearest_donor_beyond_100km,pooled_unassigned_area,0,0.15,0,0.15
4863,2018-06,2018-02,4,0,True,0.0,master,valid_observed_phase_at_origin,BASE,calibration,1,-1,unassigned_nearest_donor_beyond_100km,pooled_unassigned_area,0,0.25,0,0.25
4864,2018-06,2018-02,4,0,True,0.0,master,valid_observed_phase_at_origin,BASE,calibration,1,-1,unassigned_nearest_donor_beyond_100km,pooled_unassigned_area,0,0.16,0,0.16
4865,2018-06,2018-02,4,0,True,0.0,master,valid_observed_phase_at_origin,BASE,calibration,1,-1,unassigned_nearest_donor_beyond_100km,pooled_unassigned_area,0,0.14,0,0.14
4866,2018-06,2018-02,4,0,True,0.0,master,valid_observed_phase_at_origin,BASE,calibration,1,-1,unassigned_nearest_donor_beyond_100km,pooled_unassigned_area,0,0.13,0,0.13
4867,2018-06,2018-02,4,0,True,0.0,master,valid_observed_phase_at_origin,BASE,calibration,1,-1,unassigned_nearest_donor_beyond_100km,pooled_unassigned_area,0,0.21,0,0.21
4868,2018-06,2018-02,4,0,True,0.0,master,valid_observed_phase_at_origin,BASE,calibration,1,-1,unassigned_nearest_donor_beyond_100km,pooled_unassigned_area,0,0.18,0,0.18
4869,2018-06,2018-02,4,0,True,0.0,master,valid_observed_phase_at_origin,BASE,calibration,1,-1,unassigned_nearest_donor_beyond_100km,pooled_unassigned_area,0,0.12,0,0.12
4870,2018-06,2018-02,4,0,True,0.0,master,valid_observed_phase_at_origin,BASE,calibration,1,-1,unassigned_nearest_donor_beyond_100km,pooled_unassigned_area,0,0.13,0,0.13
4871,2018-06,2018-02,4,0,True,0.0,master,valid_observed_phase_at_origin,BASE,calibration,1,-1,unassigned_nearest_donor_beyond_100km,pooled_unassigned_area,0,0.23,0,0.23
4872,2018-06,2018-02,4,0,True,0.0,master,valid_observed_phase_at_origin,BASE,calibration,1,-1,unassigned_nearest_donor_beyond_100km,pooled_unassigned_area,0,0.13,0,0.13
4873,2018-06,2018-02,4,0,True,0.0,master,valid_observed_phase_at_origin,BASE,calibration,1,-1,unassigned_nearest_donor_beyond_100km,pooled_unassigned_area,0,0.1,0,0.1
4874,2018-06,2018-02,4,0,True,0.0,master,valid_observed_phase_at_origin,BASE,calibration,1,-1,unassigned_nearest_donor_beyond_100km,pooled_unassigned_area,0,0.18,0,0.18
4875,2018-06,2018-02,4,0,True,0.0,master,valid_observed_phase_at_origin,BASE,calibration,1,-1,unassigned_nearest_donor_beyond_100km,pooled_unassigned_area,0,0.13,0,0.13
4876,2018-06,2018-02,4,0,True,0.0,master,valid_observed_phase_at_origin,BASE,calibration,1,-1,unassigned_nearest_donor_beyond_100km,pooled_unassigned_area,0,0.25,0,0.25
4877,2018-06,2018-02,4,0,True,0.0,master,valid_observed_phase_at_origin,BASE,calibration,1,-1,unassigned_nearest_donor_beyond_100km,pooled_unassigned_area,0,0.16,0,0.16
4878,2018-06,2018-02,4,0,True,0.0,master,valid_observed_phase_at_origin,BASE,calibration,1,-1,unassigned_nearest_donor_beyond_100km,pooled_unassigned_area,0,0.12,0,0.12
4879,2018-06,2018-02,4,0,True,0.0,master,valid_observed_phase_at_origin,BASE,calibration,1,-1,unassigned_nearest_donor_beyond_100km,pooled_unassigned_area,0,0.1,0,0.1
4880,2018-06,2018-02,4,0,True,0.0,master,valid_observed_phase_at_origin,BASE,calibration,1,-1,unassigned_nearest_donor_beyond_100km,pooled_unassigned_area,0,0.17,0,0.17
4881,2018-06,2018-02,4,0,True,0.0,master,valid_observed_phase_at_origin,BASE,calibration,1,-1,unassigned_nearest_donor_beyond_100km,pooled_unassigned_area,0,0.21,0,0.21
4882,2018-06,2018-02,4,0,True,0.0,master,valid_observed_phase_at_origin,BASE,calibration,1,-1,unassigned_nearest_donor_beyond_100km,pooled_unassigned_area,0,0.15,0,0.15
4883,2018-06,2018-02,4,0,True,0.0,master,valid_observed_phase_at_origin,BASE,calibration,1,-1,unassigned_nearest_donor_beyond_100km,pooled_unassigned_area,0,0.13,0,0.13
4884,2018-06,2018-02,4,0,True,0.0,master,valid_observed_phase_at_origin,BASE,calibration,1,-1,unassigned_nearest_donor_beyond_100km,pooled_unassigned_area,0,0.09,0,0.09
4885,2018-06,2018-02,4,0,True,0.0,master,valid_observed_phase_at_origin,BASE,calibration,1,-1,unassigned_nearest_donor_beyond_100km,pooled_unassigned_area,0,0.22,0,0.22
4886,2018-06,2018-02,4,0,True,0.0,master,valid_observed_phase_at_origin,BASE,calibration,1,-1,unassigned_nearest_donor_beyond_100km,pooled_unassigned_area,0,0.13,0,0.13
4887,2018-06,2018-02,4,0,True,0.0,master,valid_observed_phase_at_origin,BASE,calibration,1,-1,unassigned_nearest_donor_beyond_100km,pooled_unassigned_area,0,0.14,0,0.14
4888,2018-06,2018-02,4,0,True,0.0,master,valid_observed_phase_at_origin,BASE,calibration,1,-1,unassigned_nearest_donor_beyond_100km,pooled_unassigned_area,0,0.13,0,0.13
4889,2018-06,2018-02,4,0,True,0.0,master,valid_observed_phase_at_origin,BASE,calibration,1,-1,unassigned_nearest_donor_beyond_100km,pooled_unassigned_area,0,0.15,0,0.15
4890,2018-06,2018-02,4,0,True,0.0,master,valid_observed_phase_at_origin,BASE,calibration,1,-1,unassigned_nearest_donor_beyond_100km,pooled_unassigned_area,0,0.09,0,0.09
4891,2018-06,2018-02,4,0,True,0.0,master,valid_observed_phase_at_origin,BASE,calibration,1,-1,unassigned_nearest_donor_beyond_100km,pooled_unassigned_area,0,0.09,0,0.09
4892,2018-06,2018-02,4,0,True,0.0,master,valid_observed_phase_at_origin,BASE,calibration,1,-1,unassigned_nearest_donor_beyond_100km,pooled_unassigned_area,0,0.08,0,0.08
4893,2018-06,2018-02,4,1,True,1.0,master,valid_observed_phase_at_origin,BASE,calibration,1,-1,unassigned_nearest_donor_beyond_100km,pooled_unassigned_area,0,0.01,0,0.01
4894,2018-06,2018-02,4,0,True,0.0,master,valid_observed_phase_at_origin,BASE,calibration,1,-1,unassigned_nearest_donor_beyond_100km,pooled_unassigned_area,0,0.03,0,0.03
4895,2018-06,2018-02,4,0,True,0.0,master,valid_observed_phase_at_origin,BASE,calibration,1,-1,unassigned_nearest_donor_beyond_100km,pooled_unassigned_area,0,0.03,0,0.03
4896,2018-06,2018-02,4,0,True,0.0,master,valid_observed_phase_at_origin,BASE,calibration,1,-1,unassigned_nearest_donor_beyond_100km,pooled_unassigned_area,0,0.11,0,0.11
4897,2018-06,2018-02,4,0,True,0.0,master,valid_observed_phase_at_origin,BASE,calibration,1,-1,unassigned_nearest_donor_beyond_100km,pooled_unassigned_area,0,0.1,0,0.1
4898,2018-06,2018-02,4,1,True,1.0,master,valid_observed_phase_at_origin,BASE,calibration,1,-1,unassigned_nearest_donor_beyond_100km,pooled_unassigned_area,0,0.03,0,0.03
4899,2018-06,2018-02,4,0,True,0.0,master,valid_observed_phase_at_origin,BASE,calibration,1,-1,unassigned_nearest_donor_beyond_100km,pooled_unassigned_area,0,0.06,0,0.06
4900,2018-06,2018-02,4,0,True,0.0,master,valid_observed_phase_at_origin,BASE,calibration,1,-1,unassigned_nearest_donor_beyond_100km,pooled_unassigned_area,0,0.05,0,0.05
4901,2018-06,2018-02,4,0,True,0.0,master,valid_observed_phase_at_origin,BASE,calibration,1,-1,unassigned_nearest_donor_beyond_100km,pooled_unassigned_area,0,0.03,0,0.03
4902,2018-06,2018-02,4,0,True,0.0,master,valid_observed_phase_at_origin,BASE,calibration,1,-1,unassigned_nearest_donor_beyond_100km,pooled_unassigned_area,0,0.05,0,0.05
4903,2018-06,2018-02,4,0,True,0.0,master,valid_observed_phase_at_origin,BASE,calibration,1,-1,unassigned_nearest_donor_beyond_100km,pooled_unassigned_area,0,0.07,0,0.07
4904,2018-06,2018-02,4,0,True,0.0,master,valid_observed_phase_at_origin,BASE,calibration,1,-1,unassigned_nearest_donor_beyond_100km,pooled_unassigned_area,0,0.09,0,0.09
4905,2018-06,2018-02,4,0,True,0.0,master,valid_observed_phase_at_origin,BASE,calibration,1,-1,unassigned_nearest_donor_beyond_100km,pooled_unassigned_area,0,0.13,0,0.13
4906,2018-06,2018-02,4,0,True,0.0,master,valid_observed_phase_at_origin,BASE,calibration,1,-1,unassigned_nearest_donor_beyond_100km,pooled_unassigned_area,0,0.07,0,0.07
4907,2018-06,2018-02,4,0,True,0.0,master,valid_observed_phase_at_origin,BASE,calibration,1,-1,unassigned_nearest_donor_beyond_100km,pooled_unassigned_area,0,0.07,0,0.07
4908,2018-06,2018-02,4,0,True,0.0,master,valid_observed_phase_at_origin,BASE,calibration,1,-1,unassigned_nearest_donor_beyond_100km,pooled_unassigned_area,0,0.09,0,0.09
4909,2018-06,2018-02,4,0,True,0.0,master,valid_observed_phase_at_origin,BASE,calibration,1,-1,unassigned_nearest_donor_beyond_100km,pooled_unassigned_area,0,0.1,0,0.1
4910,2018-06,2018-02,4,0,True,0.0,master,valid_observed_phase_at_origin,BASE,calibration,1,-1,unassigned_nearest_donor_beyond_100km,pooled_unassigned_area,0,0.18,0,0.18
4911,2018-06,2018-02,4,0,True,0.0,master,valid_observed_phase_at_origin,BASE,calibration,1,-1,unassigned_nearest_donor_beyond_100km,pooled_unassigned_area,0,0.14,0,0.14
4912,2018-06,2018-02,4,0,True,0.0,master,valid_observed_phase_at_origin,BASE,calibration,1,-1,unassigned_nearest_donor_beyond_100km,pooled_unassigned_area,0,0.08,0,0.08
4913,2018-06,2018-02,4,0,True,0.0,master,valid_observed_phase_at_origin,BASE,calibration,1,-1,unassigned_nearest_donor_beyond_100km,pooled_unassigned_area,0,0.16,0,0.16
4914,2018-06,2018-02,4,0,True,0.0,master,valid_observed_phase_at_origin,BASE,calibration,1,-1,unassigned_nearest_donor_beyond_100km,pooled_unassigned_area,0,0.11,0,0.11
4915,2018-06,2018-02,4,0,True,0.0,master,valid_observed_phase_at_origin,BASE,calibration,1,-1,unassigned_nearest_donor_beyond_100km,pooled_unassigned_area,0,0.17,0,0.17
4916,2018-06,2018-02,4,1,True,0.0,master,valid_observed_phase_at_origin,BASE,calibration,1,-1,unassigned_nearest_donor_beyond_100km,pooled_unassigned_area,0,0.11,0,0.11
4917,2018-06,2018-02,4,1,True,0.0,master,valid_observed_phase_at_origin,BASE,calibration,1,-1,unassigned_nearest_donor_beyond_100km,pooled_unassigned_area,0,0.14,0,0.14
4918,2018-06,2018-02,4,1,True,0.0,master,valid_observed_phase_at_origin,BASE,calibration,1,-1,unassigned_nearest_donor_beyond_100km,pooled_unassigned_area,0,0.11,0,0.11
4919,2018-06,2018-02,4,1,True,1.0,master,valid_observed_phase_at_origin,BASE,calibration,1,-1,unassigned_nearest_donor_beyond_100km,pooled_unassigned_area,0,0.08,0,0.08
4920,2018-06,2018-02,4,1,True,1.0,master,valid_observed_phase_at_origin,BASE,calibration,1,-1,unassigned_nearest_donor_beyond_100km,pooled_unassigned_area,0,0.17,0,0.17
4921,2018-06,2018-02,4,1,True,0.0,master,valid_observed_phase_at_origin,BASE,calibration,1,-1,unassigned_nearest_donor_beyond_100km,pooled_unassigned_area,0,0.15,0,0.15
4922,2018-06,2018-02,4,1,True,0.0,master,valid_observed_phase_at_origin,BASE,calibration,1,-1,unassigned_nearest_donor_beyond_100km,pooled_unassigned_area,0,0.25,0,0.25
4923,2018-06,2018-02,4,1,True,1.0,master,valid_observed_phase_at_origin,BASE,calibration,1,-1,unassigned_nearest_donor_beyond_100km,pooled_unassigned_area,0,0.17,0,0.17
4924,2018-06,2018-02,4,0,True,0.0,master,valid_observed_phase_at_origin,BASE,calibration,1,-1,unassigned_nearest_donor_beyond_100km,pooled_unassigned_area,0,0.33,0,0.33
4925,2018-06,2018-02,4,0,True,0.0,master,valid_observed_phase_at_origin,BASE,calibration,1,-1,unassigned_nearest_donor_beyond_100km,pooled_unassigned_area,0,0.1,0,0.1
4926,2018-06,2018-02,4,0,True,0.0,master,valid_observed_phase_at_origin,BASE,calibration,1,-1,unassigned_nearest_donor_beyond_100km,pooled_unassigned_area,0,0.07,0,0.07
4927,2018-06,2018-02,4,1,True,0.0,master,valid_observed_phase_at_origin,BASE,calibration,1,-1,unassigned_nearest_donor_beyond_100km,pooled_unassigned_area,0,0.12,0,0.12
4928,2018-06,2018-02,4,1,True,0.0,master,valid_observed_phase_at_origin,BASE,calibration,1,-1,unassigned_nearest_donor_beyond_100km,pooled_unassigned_area,0,0.14,0,0.14
4929,2018-06,2018-02,4,1,True,1.0,master,valid_observed_phase_at_origin,BASE,calibration,1,-1,unassigned_nearest_donor_beyond_100km,pooled_unassigned_area,0,0.1,0,0.1
4930,2018-06,2018-02,4,0,True,0.0,master,valid_observed_phase_at_origin,BASE,calibration,1,-1,unassigned_nearest_donor_beyond_100km,pooled_unassigned_area,0,0.08,0,0.08
4931,2018-06,2018-02,4,0,True,0.0,master,valid_observed_phase_at_origin,BASE,calibration,1,-1,unassigned_nearest_donor_beyond_100km,pooled_unassigned_area,0,0.3,0,0.3
4932,2018-06,2018-02,4,1,True,0.0,master,valid_observed_phase_at_origin,BASE,calibration,1,-1,unassigned_nearest_donor_beyond_100km,pooled_unassigned_area,0,0.2,0,0.2
4933,2018-06,2018-02,4,0,True,0.0,master,valid_observed_phase_at_origin,BASE,calibration,1,-1,unassigned_nearest_donor_beyond_100km,pooled_unassigned_area,0,0.08,0,0.08
4934,2018-06,2018-02,4,0,True,0.0,master,valid_observed_phase_at_origin,BASE,calibration,1,-1,unassigned_nearest_donor_beyond_100km,pooled_unassigned_area,0,0.1,0,0.1
4935,2018-06,2018-02,4,1,True,1.0,master,valid_observed_phase_at_origin,BASE,calibration,1,-1,unassigned_nearest_donor_beyond_100km,pooled_unassigned_area,0,0.06,0,0.06
4936,2018-06,2018-02,4,0,True,0.0,master,valid_observed_phase_at_origin,BASE,calibration,1,-1,unassigned_nearest_donor_beyond_100km,pooled_unassigned_area,0,0.16,0,0.16
4937,2018-06,2018-02,4,0,True,0.0,master,valid_observed_phase_at_origin,BASE,calibration,1,-1,unassigned_nearest_donor_beyond_100km,pooled_unassigned_area,0,0.08,0,0.08
4938,2018-06,2018-02,4,1,True,1.0,master,valid_observed_phase_at_origin,BASE,calibration,1,-1,unassigned_nearest_donor_beyond_100km,pooled_unassigned_area,0,0.18,0,0.18
4939,2018-06,2018-02,4,1,True,1.0,master,valid_observed_phase_at_origin,BASE,calibration,1,-1,unassigned_nearest_donor_beyond_100km,pooled_unassigned_area,0,0.3,0,0.3
4940,2018-06,2018-02,4,1,True,1.0,master,valid_observed_phase_at_origin,BASE,calibration,1,-1,unassigned_nearest_donor_beyond_100km,pooled_unassigned_area,0,0.17,0,0.17
4941,2018-06,2018-02,4,1,True,1.0,master,valid_observed_phase_at_origin,BASE,calibration,1,-1,unassigned_nearest_donor_beyond_100km,pooled_unassigned_area,0,0.28,0,0.28
4942,2018-06,2018-02,4,1,True,1.0,master,valid_observed_phase_at_origin,BASE,calibration,1,-1,unassigned_nearest_donor_beyond_100km,pooled_unassigned_area,0,0.39,0,0.39
4943,2018-06,2018-02,4,1,True,1.0,master,valid_observed_phase_at_origin,BASE,calibration,1,-1,unassigned_nearest_donor_beyond_100km,pooled_unassigned_area,0,0.39,0,0.39
4944,2018-06,2018-02,4,0,True,0.0,master,valid_observed_phase_at_origin,BASE,calibration,1,-1,unassigned_nearest_donor_beyond_100km,pooled_unassigned_area,0,0.14,0,0.14
4945,2018-06,2018-02,4,0,True,0.0,master,valid_observed_phase_at_origin,BASE,calibration,1,-1,unassigned_nearest_donor_beyond_100km,pooled_unassigned_area,0,0.17,0,0.17
4946,2018-06,2018-02,4,1,True,1.0,master,valid_observed_phase_at_origin,BASE,calibration,1,-1,unassigned_nearest_donor_beyond_100km,pooled_unassigned_area,0,0.23,0,0.23
4947,2018-06,2018-02,4,1,True,1.0,master,valid_observed_phase_at_origin,BASE,calibration,1,-1,unassigned_nearest_donor_beyond_100km,pooled_unassigned_area,0,0.12,0,0.12
4948,2018-06,2018-02,4,1,True,1.0,master,valid_observed_phase_at_origin,BASE,calibration,1,-1,unassigned_nearest_donor_beyond_100km,pooled_unassigned_area,0,0.16,0,0.16
4949,2018-06,2018-02,4,1,True,1.0,master,valid_observed_phase_at_origin,BASE,calibration,1,-1,unassigned_nearest_donor_beyond_100km,pooled_unassigned_area,0,0.16,0,0.16
4950,2018-06,2018-02,4,0,True,0.0,master,valid_observed_phase_at_origin,BASE,calibration,1,-1,unassigned_nearest_donor_beyond_100km,pooled_unassigned_area,0,0.2,0,0.2
4951,2018-06,2018-02,4,1,True,1.0,master,valid_observed_phase_at_origin,BASE,calibration,1,-1,unassigned_nearest_donor_beyond_100km,pooled_unassigned_area,0,0.26,0,0.26
4952,2018-06,2018-02,4,1,True,1.0,master,valid_observed_phase_at_origin,BASE,calibration,1,-1,unassigned_nearest_donor_beyond_100km,pooled_unassigned_area,0,0.2,0,0.2
4953,2018-06,2018-02,4,0,True,0.0,master,valid_observed_phase_at_origin,BASE,calibration,1,-1,unassigned_nearest_donor_beyond_100km,pooled_unassigned_area,0,0.24,0,0.24
4954,2018-06,2018-02,4,1,True,1.0,master,valid_observed_phase_at_origin,BASE,calibration,1,-1,unassigned_nearest_donor_beyond_100km,pooled_unassigned_area,0,0.15,0,0.15
4955,2018-06,2018-02,4,1,True,1.0,master,valid_observed_phase_at_origin,BASE,calibration,1,-1,unassigned_nearest_donor_beyond_100km,pooled_unassigned_area,0,0.4,0,0.4
4956,2018-06,2018-02,4,1,True,1.0,master,valid_observed_phase_at_origin,BASE,calibration,1,-1,unassigned_nearest_donor_beyond_100km,pooled_unassigned_area,0,0.17,0,0.17
4957,2018-06,2018-02,4,0,True,0.0,master,valid_observed_phase_at_origin,BASE,calibration,1,-1,unassigned_nearest_donor_beyond_100km,pooled_unassigned_area,0,0.16,0,0.16
4958,2018-06,2018-02,4,0,True,0.0,master,valid_observed_phase_at_origin,BASE,calibration,1,-1,unassigned_nearest_donor_beyond_100km,pooled_unassigned_area,0,0.24,0,0.24
4959,2018-06,2018-02,4,0,True,0.0,master,valid_observed_phase_at_origin,BASE,calibration,1,-1,unassigned_nearest_donor_beyond_100km,pooled_unassigned_area,0,0.16,0,0.16
4960,2018-06,2018-02,4,1,True,1.0,master,valid_observed_phase_at_origin,BASE,calibration,1,-1,unassigned_nearest_donor_beyond_100km,pooled_unassigned_area,0,0.24,0,0.24
4961,2018-06,2018-02,4,0,True,0.0,master,valid_observed_phase_at_origin,BASE,calibration,1,-1,unassigned_nearest_donor_beyond_100km,pooled_unassigned_area,0,0.12,0,0.12
4962,2018-06,2018-02,4,1,True,1.0,master,valid_observed_phase_at_origin,BASE,calibration,1,-1,unassigned_nearest_donor_beyond_100km,pooled_unassigned_area,0,0.18,0,0.18
4963,2018-06,2018-02,4,0,True,0.0,master,valid_observed_phase_at_origin,BASE,calibration,1,-1,unassigned_nearest_donor_beyond_100km,pooled_unassigned_area,0,0.15,0,0.15
4964,2018-06,2018-02,4,1,True,1.0,master,valid_observed_phase_at_origin,BASE,calibration,1,-1,unassigned_nearest_donor_beyond_100km,pooled_unassigned_area,0,0.17,0,0.17
4965,2018-06,2018-02,4,1,True,1.0,master,valid_observed_phase_at_origin,BASE,calibration,1,-1,unassigned_nearest_donor_beyond_100km,pooled_unassigned_area,0,0.08,0,0.08
4966,2018-06,2018-02,4,1,True,1.0,master,valid_observed_phase_at_origin,BASE,calibration,1,-1,unassigned_nearest_donor_beyond_100km,pooled_unassigned_area,0,0.05,0,0.05
4967,2018-06,2018-02,4,1,True,1.0,master,valid_observed_phase_at_origin,BASE,calibration,1,-1,unassigned_nearest_donor_beyond_100km,pooled_unassigned_area,0,0.13,0,0.13
4968,2018-06,2018-02,4,0,True,0.0,master,valid_observed_phase_at_origin,BASE,calibration,1,-1,unassigned_nearest_donor_beyond_100km,pooled_unassigned_area,0,0.08,0,0.08
4969,2018-06,2018-02,4,1,True,0.0,master,valid_observed_phase_at_origin,BASE,calibration,1,-1,unassigned_nearest_donor_beyond_100km,pooled_unassigned_area,0,0.09,0,0.09
4970,2018-06,2018-02,4,1,True,1.0,master,valid_observed_phase_at_origin,BASE,calibration,1,-1,unassigned_nearest_donor_beyond_100km,pooled_unassigned_area,0,0.11,0,0.11
4971,2018-06,2018-02,4,1,True,0.0,master,valid_observed_phase_at_origin,BASE,calibration,1,-1,unassigned_nearest_donor_beyond_100km,pooled_unassigned_area,0,0.07,0,0.07
4972,2018-06,2018-02,4,0,True,0.0,master,valid_observed_phase_at_origin,BASE,calibration,1,-1,unassigned_nearest_donor_beyond_100km,pooled_unassigned_area,0,0.06,0,0.06
4973,2018-06,2018-02,4,0,True,0.0,master,valid_observed_phase_at_origin,BASE,calibration,1,-1,unassigned_nearest_donor_beyond_100km,pooled_unassigned_area,0,0.08,0,0.08
4974,2018-06,2018-02,4,1,True,1.0,master,valid_observed_phase_at_origin,BASE,calibration,1,-1,unassigned_nearest_donor_beyond_100km,pooled_unassigned_area,0,0.08,0,0.08
4975,2018-06,2018-02,4,1,True,1.0,master,valid_observed_phase_at_origin,BASE,calibration,1,-1,unassigned_nearest_donor_beyond_100km,pooled_unassigned_area,0,0.1,0,0.1
4976,2018-06,2018-02,4,0,True,0.0,master,valid_observed_phase_at_origin,BASE,calibration,1,-1,unassigned_nearest_donor_beyond_100km,pooled_unassigned_area,0,0.09,0,0.09
4977,2018-06,2018-02,4,1,True,1.0,master,valid_observed_phase_at_origin,BASE,calibration,1,-1,unassigned_nearest_donor_beyond_100km,pooled_unassigned_area,0,0.08,0,0.08
4978,2018-06,2018-02,4,1,True,1.0,master,valid_observed_phase_at_origin,BASE,calibration,1,-1,unassigned_nearest_donor_beyond_100km,pooled_unassigned_area,0,0.06,0,0.06
4979,2018-06,2018-02,4,0,True,0.0,master,valid_observed_phase_at_origin,BASE,calibration,1,-1,unassigned_nearest_donor_beyond_100km,pooled_unassigned_area,0,0.04,0,0.04
4980,2018-06,2018-02,4,0,True,0.0,master,valid_observed_phase_at_origin,BASE,calibration,1,-1,unassigned_nearest_donor_beyond_100km,pooled_unassigned_area,0,0.1,0,0.1
4981,2018-06,2018-02,4,0,True,0.0,master,valid_observed_phase_at_origin,BASE,calibration,1,-1,unassigned_nearest_donor_beyond_100km,pooled_unassigned_area,0,0.09,0,0.09
4982,2018-06,2018-02,4,0,True,0.0,master,valid_observed_phase_at_origin,BASE,calibration,1,-1,unassigned_nearest_donor_beyond_100km,pooled_unassigned_area,0,0.07,0,0.07
4983,2018-06,2018-02,4,0,True,0.0,master,valid_observed_phase_at_origin,BASE,calibration,1,-1,unassigned_nearest_donor_beyond_100km,pooled_unassigned_area,0,0.15,0,0.15
4984,2018-06,2018-02,4,0,True,0.0,master,valid_observed_phase_at_origin,BASE,calibration,1,-1,unassigned_nearest_donor_beyond_100km,pooled_unassigned_area,0,0.07,0,0.07
4985,2018-06,2018-02,4,0,True,0.0,master,valid_observed_phase_at_origin,BASE,calibration,1,-1,unassigned_nearest_donor_beyond_100km,pooled_unassigned_area,0,0.1,0,0.1
4986,2018-06,2018-02,4,1,True,1.0,master,valid_observed_phase_at_origin,BASE,calibration,1,-1,unassigned_nearest_donor_beyond_100km,pooled_unassigned_area,0,0.06,0,0.06
4987,2018-06,2018-02,4,1,True,1.0,master,valid_observed_phase_at_origin,BASE,calibration,1,-1,unassigned_nearest_donor_beyond_100km,pooled_unassigned_area,0,0.11,0,0.11
4988,2018-06,2018-02,4,0,True,0.0,master,valid_observed_phase_at_origin,BASE,calibration,1,-1,unassigned_nearest_donor_beyond_100km,pooled_unassigned_area,0,0.07,0,0.07
4989,2018-06,2018-02,4,0,True,0.0,master,valid_observed_phase_at_origin,BASE,calibration,1,-1,unassigned_nearest_donor_beyond_100km,pooled_unassigned_area,0,0.12,0,0.12
4990,2018-06,2018-02,4,1,True,1.0,master,valid_observed_phase_at_origin,BASE,calibration,1,-1,unassigned_nearest_donor_beyond_100km,pooled_unassigned_area,0,0.18,0,0.18
4991,2018-06,2018-02,4,0,True,0.0,master,valid_observed_phase_at_origin,BASE,calibration,1,-1,unassigned_nearest_donor_beyond_100km,pooled_unassigned_area,0,0.08,0,0.08
4992,2018-06,2018-02,4,0,True,0.0,master,valid_observed_phase_at_origin,BASE,calibration,1,-1,unassigned_nearest_donor_beyond_100km,pooled_unassigned_area,0,0.1,0,0.1
4993,2018-06,2018-02,4,0,True,0.0,master,valid_observed_phase_at_origin,BASE,calibration,1,-1,unassigned_nearest_donor_beyond_100km,pooled_unassigned_area,0,0.17,0,0.17
4994,2018-06,2018-02,4,1,True,1.0,master,valid_observed_phase_at_origin,BASE,calibration,1,-1,unassigned_nearest_donor_beyond_100km,pooled_unassigned_area,0,0.12,0,0.12
4995,2018-06,2018-02,4,0,True,0.0,master,valid_observed_phase_at_origin,BASE,calibration,1,-1,unassigned_nearest_donor_beyond_100km,pooled_unassigned_area,0,0.1,0,0.1
4996,2018-06,2018-02,4,0,True,0.0,master,valid_observed_phase_at_origin,BASE,calibration,1,-1,unassigned_nearest_donor_beyond_100km,pooled_unassigned_area,0,0.12,0,0.12
4997,2018-06,2018-02,4,0,True,0.0,master,valid_observed_phase_at_origin,BASE,calibration,1,-1,unassigned_nearest_donor_beyond_100km,pooled_unassigned_area,0,0.21,0,0.21
4998,2018-06,2018-02,4,0,True,0.0,master,valid_observed_phase_at_origin,BASE,calibration,1,-1,unassigned_nearest_donor_beyond_100km,pooled_unassigned_area,0,0.11,0,0.11
4999,2018-06,2018-02,4,0,True,0.0,master,valid_observed_phase_at_origin,BASE,calibration,1,-1,unassigned_nearest_donor_beyond_100km,pooled_unassigned_area,0,0.08,0,0.08
5000,2018-06,2018-02,4,1,True,1.0,master,valid_observed_phase_at_origin,BASE,calibration,1,-1,unassigned_nearest_donor_beyond_100km,pooled_unassigned_area,0,0.11,0,0.11
5001,2018-06,2018-02,4,1,True,0.0,master,valid_observed_phase_at_origin,BASE,calibration,1,-1,unassigned_nearest_donor_beyond_100km,pooled_unassigned_area,0,0.06,0,0.06
5002,2018-06,2018-02,4,0,True,0.0,master,valid_observed_phase_at_origin,BASE,calibration,1,-1,unassigned_nearest_donor_beyond_100km,pooled_unassigned_area,0,0.17,0,0.17
5003,2018-06,2018-02,4,1,True,1.0,master,valid_observed_phase_at_origin,BASE,calibration,1,-1,unassigned_nearest_donor_beyond_100km,pooled_unassigned_area,0,0.11,0,0.11
5004,2018-06,2018-02,4,1,True,0.0,master,valid_observed_phase_at_origin,BASE,calibration,1,-1,unassigned_nearest_donor_beyond_100km,pooled_unassigned_area,0,0.08,0,0.08
5005,2018-06,2018-02,4,0,True,0.0,master,valid_observed_phase_at_origin,BASE,calibration,1,-1,unassigned_nearest_donor_beyond_100km,pooled_unassigned_area,0,0.13,0,0.13
5006,2018-06,2018-02,4,1,True,1.0,master,valid_observed_phase_at_origin,BASE,calibration,1,-1,unassigned_nearest_donor_beyond_100km,pooled_unassigned_area,0,0.15,0,0.15
5007,2018-06,2018-02,4,0,True,0.0,master,valid_observed_phase_at_origin,BASE,calibration,1,-1,unassigned_nearest_donor_beyond_100km,pooled_unassigned_area,0,0.1,0,0.1
5008,2018-06,2018-02,4,1,True,1.0,master,valid_observed_phase_at_origin,BASE,calibration,1,-1,unassigned_nearest_donor_beyond_100km,pooled_unassigned_area,0,0.13,0,0.13
5009,2018-06,2018-02,4,0,True,0.0,master,valid_observed_phase_at_origin,BASE,calibration,1,-1,unassigned_nearest_donor_beyond_100km,pooled_unassigned_area,0,0.16,0,0.16
5010,2018-06,2018-02,4,1,True,0.0,master,valid_observed_phase_at_origin,BASE,calibration,1,-1,unassigned_nearest_donor_beyond_100km,pooled_unassigned_area,0,0.07,0,0.07
5011,2018-06,2018-02,4,0,True,0.0,master,valid_observed_phase_at_origin,BASE,calibration,1,-1,unassigned_nearest_donor_beyond_100km,pooled_unassigned_area,0,0.09,0,0.09
5012,2018-06,2018-02,4,0,True,0.0,master,valid_observed_phase_at_origin,BASE,calibration,1,-1,unassigned_nearest_donor_beyond_100km,pooled_unassigned_area,0,0.06,0,0.06
5013,2018-06,2018-02,4,1,True,1.0,master,valid_observed_phase_at_origin,BASE,calibration,1,-1,unassigned_nearest_donor_beyond_100km,pooled_unassigned_area,0,0.17,0,0.17
5014,2018-06,2018-02,4,0,True,0.0,master,valid_observed_phase_at_origin,BASE,calibration,1,-1,unassigned_nearest_donor_beyond_100km,pooled_unassigned_area,0,0.11,0,0.11
5015,2018-06,2018-02,4,0,True,0.0,master,valid_observed_phase_at_origin,BASE,calibration,1,-1,unassigned_nearest_donor_beyond_100km,pooled_unassigned_area,0,0.07,0,0.07
5016,2018-06,2018-02,4,0,True,0.0,master,valid_observed_phase_at_origin,BASE,calibration,1,-1,unassigned_nearest_donor_beyond_100km,pooled_unassigned_area,0,0.09,0,0.09
5017,2018-06,2018-02,4,1,True,1.0,master,valid_observed_phase_at_origin,BASE,calibration,1,-1,unassigned_nearest_donor_beyond_100km,pooled_unassigned_area,0,0.15,0,0.15
5018,2018-06,2018-02,4,1,True,1.0,master,valid_observed_phase_at_origin,BASE,calibration,1,-1,unassigned_nearest_donor_beyond_100km,pooled_unassigned_area,0,0.13,0,0.13
5019,2018-06,2018-02,4,0,True,0.0,master,valid_observed_phase_at_origin,BASE,calibration,1,-1,unassigned_nearest_donor_beyond_100km,pooled_unassigned_area,0,0.09,0,0.09
5020,2018-06,2018-02,4,1,True,1.0,master,valid_observed_phase_at_origin,BASE,calibration,1,-1,unassigned_nearest_donor_beyond_100km,pooled_unassigned_area,0,0.21,0,0.21
5021,2018-06,2018-02,4,0,True,0.0,master,valid_observed_phase_at_origin,BASE,calibration,1,-1,unassigned_nearest_donor_beyond_100km,pooled_unassigned_area,0,0.06,0,0.06
5022,2018-06,2018-02,4,0,True,0.0,master,valid_observed_phase_at_origin,BASE,calibration,1,-1,unassigned_nearest_donor_beyond_100km,pooled_unassigned_area,0,0.11,0,0.11
5023,2018-06,2018-02,4,1,True,1.0,master,valid_observed_phase_at_origin,BASE,calibration,1,-1,unassigned_nearest_donor_beyond_100km,pooled_unassigned_area,0,0.14,0,0.14
5024,2018-06,2018-02,4,1,True,1.0,master,valid_observed_phase_at_origin,BASE,calibration,1,-1,unassigned_nearest_donor_beyond_100km,pooled_unassigned_area,0,0.14,0,0.14
5025,2018-06,2018-02,4,1,True,1.0,master,valid_observed_phase_at_origin,BASE,calibration,1,-1,unassigned_nearest_donor_beyond_100km,pooled_unassigned_area,0,0.14,0,0.14
5026,2018-06,2018-02,4,0,True,0.0,master,valid_observed_phase_at_origin,BASE,calibration,1,-1,unassigned_nearest_donor_beyond_100km,pooled_unassigned_area,0,0.21,0,0.21
5027,2018-06,2018-02,4,1,True,1.0,master,valid_observed_phase_at_origin,BASE,calibration,1,-1,unassigned_nearest_donor_beyond_100km,pooled_unassigned_area,0,0.11,0,0.11
5028,2018-06,2018-02,4,1,True,0.0,master,valid_observed_phase_at_origin,BASE,calibration,1,-1,unassigned_nearest_donor_beyond_100km,pooled_unassigned_area,0,0.14,0,0.14
5029,2018-06,2018-02,4,0,True,0.0,master,valid_observed_phase_at_origin,BASE,calibration,1,-1,unassigned_nearest_donor_beyond_100km,pooled_unassigned_area,0,0.15,0,0.15
5030,2018-06,2018-02,4,1,True,1.0,master,valid_observed_phase_at_origin,BASE,calibration,1,-1,unassigned_nearest_donor_beyond_100km,pooled_unassigned_area,0,0.12,0,0.12
5031,2018-06,2018-02,4,1,True,0.0,master,valid_observed_phase_at_origin,BASE,calibration,1,-1,unassigned_nearest_donor_beyond_100km,pooled_unassigned_area,0,0.09,0,0.09
5032,2018-06,2018-02,4,1,True,0.0,master,valid_observed_phase_at_origin,BASE,calibration,1,-1,unassigned_nearest_donor_beyond_100km,pooled_unassigned_area,0,0.19,0,0.19
5033,2018-06,2018-02,4,1,True,1.0,master,valid_observed_phase_at_origin,BASE,calibration,1,-1,unassigned_nearest_donor_beyond_100km,pooled_unassigned_area,0,0.13,0,0.13
5034,2018-06,2018-02,4,1,True,1.0,master,valid_observed_phase_at_origin,BASE,calibration,1,-1,unassigned_nearest_donor_beyond_100km,pooled_unassigned_area,0,0.13,0,0.13
5035,2018-06,2018-02,4,1,True,1.0,master,valid_observed_phase_at_origin,BASE,calibration,1,-1,unassigned_nearest_donor_beyond_100km,pooled_unassigned_area,0,0.12,0,0.12
5036,2018-06,2018-02,4,1,True,1.0,master,valid_observed_phase_at_origin,BASE,calibration,1,-1,unassigned_nearest_donor_beyond_100km,pooled_unassigned_area,0,0.24,0,0.24
5037,2018-06,2018-02,4,0,True,0.0,master,valid_observed_phase_at_origin,BASE,calibration,1,-1,unassigned_nearest_donor_beyond_100km,pooled_unassigned_area,0,0.11,0,0.11
5038,2018-06,2018-02,4,0,True,0.0,master,valid_observed_phase_at_origin,BASE,calibration,1,-1,unassigned_nearest_donor_beyond_100km,pooled_unassigned_area,0,0.15,0,0.15
5039,2018-06,2018-02,4,0,True,0.0,master,valid_observed_phase_at_origin,BASE,calibration,1,-1,unassigned_nearest_donor_beyond_100km,pooled_unassigned_area,0,0.08,0,0.08
5040,2018-06,2018-02,4,1,True,1.0,master,valid_observed_phase_at_origin,BASE,calibration,1,-1,unassigned_nearest_donor_beyond_100km,pooled_unassigned_area,0,0.14,0,0.14
5041,2018-06,2018-02,4,0,True,0.0,master,valid_observed_phase_at_origin,BASE,calibration,1,-1,unassigned_nearest_donor_beyond_100km,pooled_unassigned_area,0,0.11,0,0.11
5042,2018-06,2018-02,4,0,True,0.0,master,valid_observed_phase_at_origin,BASE,calibration,1,-1,unassigned_nearest_donor_beyond_100km,pooled_unassigned_area,0,0.14,0,0.14
5043,2018-06,2018-02,4,0,True,0.0,master,valid_observed_phase_at_origin,BASE,calibration,1,-1,unassigned_nearest_donor_beyond_100km,pooled_unassigned_area,0,0.14,0,0.14
5044,2018-06,2018-02,4,1,True,0.0,master,valid_observed_phase_at_origin,BASE,calibration,1,-1,unassigned_nearest_donor_beyond_100km,pooled_unassigned_area,0,0.11,0,0.11
5045,2018-06,2018-02,4,1,True,1.0,master,valid_observed_phase_at_origin,BASE,calibration,1,-1,unassigned_nearest_donor_beyond_100km,pooled_unassigned_area,0,0.08,0,0.08
5046,2018-06,2018-02,4,0,True,0.0,master,valid_observed_phase_at_origin,BASE,calibration,1,-1,unassigned_nearest_donor_beyond_100km,pooled_unassigned_area,0,0.15,0,0.15
5047,2018-06,2018-02,4,1,True,1.0,master,valid_observed_phase_at_origin,BASE,calibration,1,-1,unassigned_nearest_donor_beyond_100km,pooled_unassigned_area,0,0.16,0,0.16
5048,2018-06,2018-02,4,0,True,0.0,master,valid_observed_phase_at_origin,BASE,calibration,1,-1,unassigned_nearest_donor_beyond_100km,pooled_unassigned_area,0,0.1,0,0.1
5049,2018-06,2018-02,4,1,True,1.0,master,valid_observed_phase_at_origin,BASE,calibration,1,-1,unassigned_nearest_donor_beyond_100km,pooled_unassigned_area,0,0.27,0,0.27
5050,2018-06,2018-02,4,1,True,1.0,master,valid_observed_phase_at_origin,BASE,calibration,1,-1,unassigned_nearest_donor_beyond_100km,pooled_unassigned_area,0,0.12,0,0.12
5051,2018-06,2018-02,4,0,True,0.0,master,valid_observed_phase_at_origin,BASE,calibration,1,-1,unassigned_nearest_donor_beyond_100km,pooled_unassigned_area,0,0.06,0,0.06
5052,2018-06,2018-02,4,1,True,1.0,master,valid_observed_phase_at_origin,BASE,calibration,1,-1,unassigned_nearest_donor_beyond_100km,pooled_unassigned_area,0,0.07,0,0.07
5053,2018-06,2018-02,4,0,True,0.0,master,valid_observed_phase_at_origin,BASE,calibration,1,-1,unassigned_nearest_donor_beyond_100km,pooled_unassigned_area,0,0.1,0,0.1
5054,2018-06,2018-02,4,0,True,0.0,master,valid_observed_phase_at_origin,BASE,calibration,1,-1,unassigned_nearest_donor_beyond_100km,pooled_unassigned_area,0,0.03,0,0.03
5055,2018-06,2018-02,4,0,True,0.0,master,valid_observed_phase_at_origin,BASE,calibration,1,-1,unassigned_nearest_donor_beyond_100km,pooled_unassigned_area,0,0.06,0,0.06
5056,2018-06,2018-02,4,0,True,0.0,master,valid_observed_phase_at_origin,BASE,calibration,1,-1,unassigned_nearest_donor_beyond_100km,pooled_unassigned_area,0,0.09,0,0.09
5057,2018-06,2018-02,4,0,True,0.0,master,valid_observed_phase_at_origin,BASE,calibration,1,-1,unassigned_nearest_donor_beyond_100km,pooled_unassigned_area,0,0.09,0,0.09
5058,2018-06,2018-02,4,1,True,1.0,master,valid_observed_phase_at_origin,BASE,calibration,1,-1,unassigned_nearest_donor_beyond_100km,pooled_unassigned_area,0,0.08,0,0.08
5059,2018-06,2018-02,4,0,True,0.0,master,valid_observed_phase_at_origin,BASE,calibration,1,-1,unassigned_nearest_donor_beyond_100km,pooled_unassigned_area,0,0.11,0,0.11
5060,2018-06,2018-02,4,1,True,0.0,master,valid_observed_phase_at_origin,BASE,calibration,1,-1,unassigned_nearest_donor_beyond_100km,pooled_unassigned_area,0,0.18,0,0.18
5061,2018-06,2018-02,4,0,True,0.0,master,valid_observed_phase_at_origin,BASE,calibration,1,-1,unassigned_nearest_donor_beyond_100km,pooled_unassigned_area,0,0.23,0,0.23
5062,2018-06,2018-02,4,0,True,0.0,master,valid_observed_phase_at_origin,BASE,calibration,1,-1,unassigned_nearest_donor_beyond_100km,pooled_unassigned_area,0,0.19,0,0.19
5063,2018-06,2018-02,4,1,True,1.0,master,valid_observed_phase_at_origin,BASE,calibration,1,-1,unassigned_nearest_donor_beyond_100km,pooled_unassigned_area,0,0.2,0,0.2
5064,2018-06,2018-02,4,0,True,0.0,master,valid_observed_phase_at_origin,BASE,calibration,1,-1,unassigned_nearest_donor_beyond_100km,pooled_unassigned_area,0,0.19,0,0.19
5065,2018-06,2018-02,4,1,True,1.0,master,valid_observed_phase_at_origin,BASE,calibration,1,-1,unassigned_nearest_donor_beyond_100km,pooled_unassigned_area,0,0.2,0,0.2
5066,2018-06,2018-02,4,0,True,0.0,master,valid_observed_phase_at_origin,BASE,calibration,1,-1,unassigned_nearest_donor_beyond_100km,pooled_unassigned_area,0,0.21,0,0.21
5067,2018-06,2018-02,4,0,True,0.0,master,valid_observed_phase_at_origin,BASE,calibration,1,-1,unassigned_nearest_donor_beyond_100km,pooled_unassigned_area,0,0.14,0,0.14
5068,2018-06,2018-02,4,1,True,0.0,master,valid_observed_phase_at_origin,BASE,calibration,1,-1,unassigned_nearest_donor_beyond_100km,pooled_unassigned_area,0,0.16,0,0.16
5069,2018-06,2018-02,4,0,True,0.0,master,valid_observed_phase_at_origin,BASE,calibration,1,-1,unassigned_nearest_donor_beyond_100km,pooled_unassigned_area,0,0.16,0,0.16
5070,2018-06,2018-02,4,0,True,0.0,master,valid_observed_phase_at_origin,BASE,calibration,1,-1,unassigned_nearest_donor_beyond_100km,pooled_unassigned_area,0,0.13,0,0.13
5071,2018-06,2018-02,4,0,True,0.0,master,valid_observed_phase_at_origin,BASE,calibration,1,-1,unassigned_nearest_donor_beyond_100km,pooled_unassigned_area,0,0.18,0,0.18
5072,2018-06,2018-02,4,0,True,0.0,master,valid_observed_phase_at_origin,BASE,calibration,1,-1,unassigned_nearest_donor_beyond_100km,pooled_unassigned_area,0,0.21,0,0.21
5073,2018-06,2018-02,4,0,True,0.0,master,valid_observed_phase_at_origin,BASE,calibration,1,-1,unassigned_nearest_donor_beyond_100km,pooled_unassigned_area,0,0.18,0,0.18
5074,2018-06,2018-02,4,0,True,0.0,master,valid_observed_phase_at_origin,BASE,calibration,1,-1,unassigned_nearest_donor_beyond_100km,pooled_unassigned_area,0,0.15,0,0.15
5075,2018-06,2018-02,4,0,True,0.0,master,valid_observed_phase_at_origin,BASE,calibration,1,-1,unassigned_nearest_donor_beyond_100km,pooled_unassigned_area,0,0.19,0,0.19
5076,2018-06,2018-02,4,0,True,0.0,master,valid_observed_phase_at_origin,BASE,calibration,1,-1,unassigned_nearest_donor_beyond_100km,pooled_unassigned_area,0,0.18,0,0.18
5077,2018-06,2018-02,4,0,True,0.0,master,valid_observed_phase_at_origin,BASE,calibration,1,-1,unassigned_nearest_donor_beyond_100km,pooled_unassigned_area,0,0.14,0,0.14
5078,2018-06,2018-02,4,1,True,1.0,master,valid_observed_phase_at_origin,BASE,calibration,1,-1,unassigned_nearest_donor_beyond_100km,pooled_unassigned_area,0,0.15,0,0.15
5079,2018-06,2018-02,4,0,True,0.0,master,valid_observed_phase_at_origin,BASE,calibration,1,-1,unassigned_nearest_donor_beyond_100km,pooled_unassigned_area,0,0.19,0,0.19
5080,2018-06,2018-02,4,0,True,0.0,master,valid_observed_phase_at_origin,BASE,calibration,1,-1,unassigned_nearest_donor_beyond_100km,pooled_unassigned_area,0,0.09,0,0.09
5081,2018-06,2018-02,4,1,True,0.0,master,valid_observed_phase_at_origin,BASE,calibration,1,-1,unassigned_nearest_donor_beyond_100km,pooled_unassigned_area,0,0.13,0,0.13
5082,2018-06,2018-02,4,1,True,1.0,master,valid_observed_phase_at_origin,BASE,calibration,1,-1,unassigned_nearest_donor_beyond_100km,pooled_unassigned_area,0,0.15,0,0.15
5083,2018-06,2018-02,4,0,True,0.0,master,valid_observed_phase_at_origin,BASE,calibration,1,-1,unassigned_nearest_donor_beyond_100km,pooled_unassigned_area,0,0.11,0,0.11
5084,2018-06,2018-02,4,0,True,0.0,master,valid_observed_phase_at_origin,BASE,calibration,1,-1,unassigned_nearest_donor_beyond_100km,pooled_unassigned_area,0,0.13,0,0.13
5085,2018-06,2018-02,4,0,True,0.0,master,valid_observed_phase_at_origin,BASE,calibration,1,-1,unassigned_nearest_donor_beyond_100km,pooled_unassigned_area,0,0.16,0,0.16
5086,2018-06,2018-02,4,0,True,0.0,master,valid_observed_phase_at_origin,BASE,calibration,1,-1,unassigned_nearest_donor_beyond_100km,pooled_unassigned_area,0,0.17,0,0.17
5087,2018-06,2018-02,4,0,True,0.0,master,valid_observed_phase_at_origin,BASE,calibration,1,-1,unassigned_nearest_donor_beyond_100km,pooled_unassigned_area,0,0.13,0,0.13
5088,2018-06,2018-02,4,0,True,0.0,master,valid_observed_phase_at_origin,BASE,calibration,1,-1,unassigned_nearest_donor_beyond_100km,pooled_unassigned_area,0,0.11,0,0.11
5089,2018-06,2018-02,4,1,True,0.0,master,valid_observed_phase_at_origin,BASE,calibration,1,-1,unassigned_nearest_donor_beyond_100km,pooled_unassigned_area,0,0.1,0,0.1
5090,2018-06,2018-02,4,0,True,0.0,master,valid_observed_phase_at_origin,BASE,calibration,1,-1,unassigned_nearest_donor_beyond_100km,pooled_unassigned_area,0,0.12,0,0.12
5091,2018-06,2018-02,4,0,True,0.0,master,valid_observed_phase_at_origin,BASE,calibration,1,-1,unassigned_nearest_donor_beyond_100km,pooled_unassigned_area,0,0.1,0,0.1
5092,2018-06,2018-02,4,0,True,0.0,master,valid_observed_phase_at_origin,BASE,calibration,1,-1,unassigned_nearest_donor_beyond_100km,pooled_unassigned_area,0,0.12,0,0.12
5093,2018-06,2018-02,4,0,True,0.0,master,valid_observed_phase_at_origin,BASE,calibration,1,-1,unassigned_nearest_donor_beyond_100km,pooled_unassigned_area,0,0.11,0,0.11
5094,2018-06,2018-02,4,0,True,0.0,master,valid_observed_phase_at_origin,BASE,calibration,1,-1,unassigned_nearest_donor_beyond_100km,pooled_unassigned_area,0,0.09,0,0.09
5095,2018-06,2018-02,4,1,True,1.0,master,valid_observed_phase_at_origin,BASE,calibration,1,-1,unassigned_nearest_donor_beyond_100km,pooled_unassigned_area,0,0.19,0,0.19
5096,2018-06,2018-02,4,1,True,1.0,master,valid_observed_phase_at_origin,BASE,calibration,1,-1,unassigned_nearest_donor_beyond_100km,pooled_unassigned_area,0,0.12,0,0.12
5097,2018-06,2018-02,4,0,True,0.0,master,valid_observed_phase_at_origin,BASE,calibration,1,-1,unassigned_nearest_donor_beyond_100km,pooled_unassigned_area,0,0.16,0,0.16
5098,2018-06,2018-02,4,1,True,1.0,master,valid_observed_phase_at_origin,BASE,calibration,1,-1,unassigned_nearest_donor_beyond_100km,pooled_unassigned_area,0,0.12,0,0.12
5099,2018-06,2018-02,4,0,True,0.0,master,valid_observed_phase_at_origin,BASE,calibration,1,-1,unassigned_nearest_donor_beyond_100km,pooled_unassigned_area,0,0.06,0,0.06
5100,2018-06,2018-02,4,0,True,0.0,master,valid_observed_phase_at_origin,BASE,calibration,1,-1,unassigned_nearest_donor_beyond_100km,pooled_unassigned_area,0,0.12,0,0.12
5101,2018-06,2018-02,4,1,True,1.0,master,valid_observed_phase_at_origin,BASE,calibration,1,-1,unassigned_nearest_donor_beyond_100km,pooled_unassigned_area,0,0.12,0,0.12
5102,2018-06,2018-02,4,0,True,0.0,master,valid_observed_phase_at_origin,BASE,calibration,1,-1,unassigned_nearest_donor_beyond_100km,pooled_unassigned_area,0,0.14,0,0.14
5103,2018-06,2018-02,4,0,True,0.0,master,valid_observed_phase_at_origin,BASE,calibration,1,-1,unassigned_nearest_donor_beyond_100km,pooled_unassigned_area,0,0.14,0,0.14
5104,2018-06,2018-02,4,0,True,0.0,master,valid_observed_phase_at_origin,BASE,calibration,1,-1,unassigned_nearest_donor_beyond_100km,pooled_unassigned_area,0,0.09,0,0.09
5105,2018-06,2018-02,4,0,True,0.0,master,valid_observed_phase_at_origin,BASE,calibration,1,-1,unassigned_nearest_donor_beyond_100km,pooled_unassigned_area,0,0.06,0,0.06
5106,2018-06,2018-02,4,1,True,1.0,master,valid_observed_phase_at_origin,BASE,calibration,1,-1,unassigned_nearest_donor_beyond_100km,pooled_unassigned_area,0,0.13,0,0.13
5107,2018-06,2018-02,4,0,True,0.0,master,valid_observed_phase_at_origin,BASE,calibration,1,-1,unassigned_nearest_donor_beyond_100km,pooled_unassigned_area,0,0.09,0,0.09
5108,2018-06,2018-02,4,1,True,1.0,master,valid_observed_phase_at_origin,BASE,calibration,1,-1,unassigned_nearest_donor_beyond_100km,pooled_unassigned_area,0,0.11,0,0.11
5109,2018-06,2018-02,4,1,True,1.0,master,valid_observed_phase_at_origin,BASE,calibration,1,-1,unassigned_nearest_donor_beyond_100km,pooled_unassigned_area,0,0.12,0,0.12
5110,2018-06,2018-02,4,1,True,1.0,master,valid_observed_phase_at_origin,BASE,calibration,1,-1,unassigned_nearest_donor_beyond_100km,pooled_unassigned_area,0,0.13,0,0.13
5111,2018-06,2018-02,4,0,True,0.0,master,valid_observed_phase_at_origin,BASE,calibration,1,-1,unassigned_nearest_donor_beyond_100km,pooled_unassigned_area,0,0.11,0,0.11
5112,2018-06,2018-02,4,0,True,0.0,master,valid_observed_phase_at_origin,BASE,calibration,1,-1,unassigned_nearest_donor_beyond_100km,pooled_unassigned_area,0,0.11,0,0.11
5113,2018-06,2018-02,4,0,True,0.0,master,valid_observed_phase_at_origin,BASE,calibration,1,-1,unassigned_nearest_donor_beyond_100km,pooled_unassigned_area,0,0.06,0,0.06
5114,2018-06,2018-02,4,0,True,0.0,master,valid_observed_phase_at_origin,BASE,calibration,1,-1,unassigned_nearest_donor_beyond_100km,pooled_unassigned_area,0,0.09,0,0.09
5115,2018-06,2018-02,4,1,True,1.0,master,valid_observed_phase_at_origin,BASE,calibration,1,-1,unassigned_nearest_donor_beyond_100km,pooled_unassigned_area,0,0.06,0,0.06
5116,2018-06,2018-02,4,0,True,0.0,master,valid_observed_phase_at_origin,BASE,calibration,1,-1,unassigned_nearest_donor_beyond_100km,pooled_unassigned_area,0,0.12,0,0.12
5117,2018-06,2018-02,4,0,True,0.0,master,valid_observed_phase_at_origin,BASE,calibration,1,-1,unassigned_nearest_donor_beyond_100km,pooled_unassigned_area,0,0.13,0,0.13
5118,2018-06,2018-02,4,0,True,0.0,master,valid_observed_phase_at_origin,BASE,calibration,1,-1,unassigned_nearest_donor_beyond_100km,pooled_unassigned_area,0,0.1,0,0.1
5119,2018-06,2018-02,4,0,True,0.0,master,valid_observed_phase_at_origin,BASE,calibration,1,-1,unassigned_nearest_donor_beyond_100km,pooled_unassigned_area,0,0.1,0,0.1
5120,2018-06,2018-02,4,0,True,0.0,master,valid_observed_phase_at_origin,BASE,calibration,1,-1,unassigned_nearest_donor_beyond_100km,pooled_unassigned_area,0,0.08,0,0.08
5121,2018-06,2018-02,4,0,True,0.0,master,valid_observed_phase_at_origin,BASE,calibration,1,-1,unassigned_nearest_donor_beyond_100km,pooled_unassigned_area,0,0.1,0,0.1
5122,2018-06,2018-02,4,1,True,1.0,master,valid_observed_phase_at_origin,BASE,calibration,1,-1,unassigned_nearest_donor_beyond_100km,pooled_unassigned_area,0,0.1,0,0.1
5123,2018-06,2018-02,4,0,True,0.0,master,valid_observed_phase_at_origin,BASE,calibration,1,-1,unassigned_nearest_donor_beyond_100km,pooled_unassigned_area,0,0.11,0,0.11
5124,2018-06,2018-02,4,0,True,0.0,master,valid_observed_phase_at_origin,BASE,calibration,1,-1,unassigned_nearest_donor_beyond_100km,pooled_unassigned_area,0,0.17,0,0.17
5125,2018-06,2018-02,4,0,True,0.0,master,valid_observed_phase_at_origin,BASE,calibration,1,-1,unassigned_nearest_donor_beyond_100km,pooled_unassigned_area,0,0.06,0,0.06
5126,2018-06,2018-02,4,1,True,1.0,master,valid_observed_phase_at_origin,BASE,calibration,1,-1,unassigned_nearest_donor_beyond_100km,pooled_unassigned_area,0,0.03,0,0.03
5127,2018-06,2018-02,4,0,True,0.0,master,valid_observed_phase_at_origin,BASE,calibration,1,-1,unassigned_nearest_donor_beyond_100km,pooled_unassigned_area,0,0.02,0,0.02
5128,2018-06,2018-02,4,0,True,0.0,master,valid_observed_phase_at_origin,BASE,calibration,1,-1,unassigned_nearest_donor_beyond_100km,pooled_unassigned_area,0,0.11,0,0.11
5129,2018-06,2018-02,4,0,True,0.0,master,valid_observed_phase_at_origin,BASE,calibration,1,-1,unassigned_nearest_donor_beyond_100km,pooled_unassigned_area,0,0.07,0,0.07
5130,2018-06,2018-02,4,0,True,0.0,master,valid_observed_phase_at_origin,BASE,calibration,1,-1,unassigned_nearest_donor_beyond_100km,pooled_unassigned_area,0,0.11,0,0.11
5131,2018-06,2018-02,4,0,True,0.0,master,valid_observed_phase_at_origin,BASE,calibration,1,-1,unassigned_nearest_donor_beyond_100km,pooled_unassigned_area,0,0.05,0,0.05
5132,2018-06,2018-02,4,0,True,0.0,master,valid_observed_phase_at_origin,BASE,calibration,1,-1,unassigned_nearest_donor_beyond_100km,pooled_unassigned_area,0,0.06,0,0.06
5133,2018-06,2018-02,4,0,True,0.0,master,valid_observed_phase_at_origin,BASE,calibration,1,-1,unassigned_nearest_donor_beyond_100km,pooled_unassigned_area,0,0.04,0,0.04
5134,2018-06,2018-02,4,1,True,1.0,master,valid_observed_phase_at_origin,BASE,calibration,1,-1,unassigned_nearest_donor_beyond_100km,pooled_unassigned_area,0,0.17,0,0.17
5135,2018-06,2018-02,4,1,True,1.0,master,valid_observed_phase_at_origin,BASE,calibration,1,-1,unassigned_nearest_donor_beyond_100km,pooled_unassigned_area,0,0.17,0,0.17
5136,2018-06,2018-02,4,0,True,0.0,master,valid_observed_phase_at_origin,BASE,calibration,1,-1,unassigned_nearest_donor_beyond_100km,pooled_unassigned_area,0,0.12,0,0.12
5137,2018-06,2018-02,4,0,True,0.0,master,valid_observed_phase_at_origin,BASE,calibration,1,-1,unassigned_nearest_donor_beyond_100km,pooled_unassigned_area,0,0.05,0,0.05
5138,2018-06,2018-02,4,0,True,0.0,master,valid_observed_phase_at_origin,BASE,calibration,1,-1,unassigned_nearest_donor_beyond_100km,pooled_unassigned_area,0,0.11,0,0.11
5139,2018-06,2018-02,4,0,True,0.0,master,valid_observed_phase_at_origin,BASE,calibration,1,-1,unassigned_nearest_donor_beyond_100km,pooled_unassigned_area,0,0.2,0,0.2
5140,2018-06,2018-02,4,0,True,0.0,master,valid_observed_phase_at_origin,BASE,calibration,1,-1,unassigned_nearest_donor_beyond_100km,pooled_unassigned_area,0,0.17,0,0.17
5141,2018-06,2018-02,4,0,True,0.0,master,valid_observed_phase_at_origin,BASE,calibration,1,-1,unassigned_nearest_donor_beyond_100km,pooled_unassigned_area,0,0.12,0,0.12
5142,2018-06,2018-02,4,0,True,0.0,master,valid_observed_phase_at_origin,BASE,calibration,1,-1,unassigned_nearest_donor_beyond_100km,pooled_unassigned_area,0,0.13,0,0.13
5143,2018-06,2018-02,4,1,True,0.0,master,valid_observed_phase_at_origin,BASE,calibration,1,-1,unassigned_nearest_donor_beyond_100km,pooled_unassigned_area,0,0.12,0,0.12
5144,2018-06,2018-02,4,0,True,0.0,master,valid_observed_phase_at_origin,BASE,calibration,1,-1,unassigned_nearest_donor_beyond_100km,pooled_unassigned_area,0,0.11,0,0.11
5145,2018-06,2018-02,4,0,True,0.0,master,valid_observed_phase_at_origin,BASE,calibration,1,-1,unassigned_nearest_donor_beyond_100km,pooled_unassigned_area,0,0.13,0,0.13
5146,2018-06,2018-02,4,0,True,0.0,master,valid_observed_phase_at_origin,BASE,calibration,1,-1,unassigned_nearest_donor_beyond_100km,pooled_unassigned_area,0,0.13,0,0.13
5147,2018-06,2018-02,4,0,True,0.0,master,valid_observed_phase_at_origin,BASE,calibration,1,-1,unassigned_nearest_donor_beyond_100km,pooled_unassigned_area,0,0.18,0,0.18
5148,2018-06,2018-02,4,0,True,0.0,master,valid_observed_phase_at_origin,BASE,calibration,1,-1,unassigned_nearest_donor_beyond_100km,pooled_unassigned_area,0,0.13,0,0.13
5149,2018-06,2018-02,4,1,True,1.0,master,valid_observed_phase_at_origin,BASE,calibration,1,-1,unassigned_nearest_donor_beyond_100km,pooled_unassigned_area,0,0.28,0,0.28
5150,2018-06,2018-02,4,1,True,1.0,master,valid_observed_phase_at_origin,BASE,calibration,1,-1,unassigned_nearest_donor_beyond_100km,pooled_unassigned_area,0,0.18,0,0.18
5151,2018-06,2018-02,4,1,True,0.0,master,valid_observed_phase_at_origin,BASE,calibration,1,-1,unassigned_nearest_donor_beyond_100km,pooled_unassigned_area,0,0.13,0,0.13
5152,2018-06,2018-02,4,0,True,0.0,master,valid_observed_phase_at_origin,BASE,calibration,1,-1,unassigned_nearest_donor_beyond_100km,pooled_unassigned_area,0,0.14,0,0.14
5153,2018-06,2018-02,4,0,True,0.0,master,valid_observed_phase_at_origin,BASE,calibration,1,-1,unassigned_nearest_donor_beyond_100km,pooled_unassigned_area,0,0.19,0,0.19
5154,2018-06,2018-02,4,1,True,0.0,master,valid_observed_phase_at_origin,BASE,calibration,1,-1,unassigned_nearest_donor_beyond_100km,pooled_unassigned_area,0,0.15,0,0.15
5155,2018-06,2018-02,4,1,True,0.0,master,valid_observed_phase_at_origin,BASE,calibration,1,-1,unassigned_nearest_donor_beyond_100km,pooled_unassigned_area,0,0.15,0,0.15
5156,2018-06,2018-02,4,0,True,0.0,master,valid_observed_phase_at_origin,BASE,calibration,1,-1,unassigned_nearest_donor_beyond_100km,pooled_unassigned_area,0,0.14,0,0.14
5157,2018-06,2018-02,4,0,True,0.0,master,valid_observed_phase_at_origin,BASE,calibration,1,-1,unassigned_nearest_donor_beyond_100km,pooled_unassigned_area,0,0.11,0,0.11
5158,2018-06,2018-02,4,1,True,1.0,master,valid_observed_phase_at_origin,BASE,calibration,1,-1,unassigned_nearest_donor_beyond_100km,pooled_unassigned_area,0,0.18,0,0.18
5159,2018-06,2018-02,4,0,True,0.0,master,valid_observed_phase_at_origin,BASE,calibration,1,-1,unassigned_nearest_donor_beyond_100km,pooled_unassigned_area,0,0.1,0,0.1
5160,2018-06,2018-02,4,0,True,0.0,master,valid_observed_phase_at_origin,BASE,calibration,1,-1,unassigned_nearest_donor_beyond_100km,pooled_unassigned_area,0,0.2,0,0.2
5161,2018-06,2018-02,4,1,True,0.0,master,valid_observed_phase_at_origin,BASE,calibration,1,-1,unassigned_nearest_donor_beyond_100km,pooled_unassigned_area,0,0.07,0,0.07
5162,2018-06,2018-02,4,1,True,1.0,master,valid_observed_phase_at_origin,BASE,calibration,1,-1,unassigned_nearest_donor_beyond_100km,pooled_unassigned_area,0,0.09,0,0.09
5163,2018-06,2018-02,4,1,True,0.0,master,valid_observed_phase_at_origin,BASE,calibration,1,-1,unassigned_nearest_donor_beyond_100km,pooled_unassigned_area,0,0.08,0,0.08
5164,2018-06,2018-02,4,1,True,1.0,master,valid_observed_phase_at_origin,BASE,calibration,1,-1,unassigned_nearest_donor_beyond_100km,pooled_unassigned_area,0,0.13,0,0.13
5165,2018-06,2018-02,4,0,True,0.0,master,valid_observed_phase_at_origin,BASE,calibration,1,-1,unassigned_nearest_donor_beyond_100km,pooled_unassigned_area,0,0.14,0,0.14
5166,2018-06,2018-02,4,0,True,0.0,master,valid_observed_phase_at_origin,BASE,calibration,1,-1,unassigned_nearest_donor_beyond_100km,pooled_unassigned_area,0,0.18,0,0.18
5167,2018-06,2018-02,4,1,True,0.0,master,valid_observed_phase_at_origin,BASE,calibration,1,-1,unassigned_nearest_donor_beyond_100km,pooled_unassigned_area,0,0.14,0,0.14
5168,2018-06,2018-02,4,0,True,0.0,master,valid_observed_phase_at_origin,BASE,calibration,1,-1,unassigned_nearest_donor_beyond_100km,pooled_unassigned_area,0,0.18,0,0.18
5169,2018-06,2018-02,4,1,True,1.0,master,valid_observed_phase_at_origin,BASE,calibration,1,-1,unassigned_nearest_donor_beyond_100km,pooled_unassigned_area,0,0.08,0,0.08
5170,2018-06,2018-02,4,0,True,0.0,master,valid_observed_phase_at_origin,BASE,calibration,1,-1,unassigned_nearest_donor_beyond_100km,pooled_unassigned_area,0,0.09,0,0.09
5171,2018-06,2018-02,4,0,True,0.0,master,valid_observed_phase_at_origin,BASE,calibration,1,-1,unassigned_nearest_donor_beyond_100km,pooled_unassigned_area,0,0.13,0,0.13
5172,2018-06,2018-02,4,1,True,1.0,master,valid_observed_phase_at_origin,BASE,calibration,1,-1,unassigned_nearest_donor_beyond_100km,pooled_unassigned_area,0,0.08,0,0.08
5173,2018-06,2018-02,4,0,True,0.0,master,valid_observed_phase_at_origin,BASE,calibration,1,-1,unassigned_nearest_donor_beyond_100km,pooled_unassigned_area,0,0.12,0,0.12
5174,2018-06,2018-02,4,1,True,1.0,master,valid_observed_phase_at_origin,BASE,calibration,1,-1,unassigned_nearest_donor_beyond_100km,pooled_unassigned_area,0,0.07,0,0.07
5175,2018-06,2018-02,4,1,True,1.0,master,valid_observed_phase_at_origin,BASE,calibration,1,-1,unassigned_nearest_donor_beyond_100km,pooled_unassigned_area,0,0.18,0,0.18
5176,2018-06,2018-02,4,0,True,0.0,master,valid_observed_phase_at_origin,BASE,calibration,1,-1,unassigned_nearest_donor_beyond_100km,pooled_unassigned_area,0,0.2,0,0.2
5177,2018-06,2018-02,4,0,True,0.0,master,valid_observed_phase_at_origin,BASE,calibration,1,-1,unassigned_nearest_donor_beyond_100km,pooled_unassigned_area,0,0.03,0,0.03
5178,2018-06,2018-02,4,0,True,0.0,master,valid_observed_phase_at_origin,BASE,calibration,1,-1,unassigned_nearest_donor_beyond_100km,pooled_unassigned_area,0,0.14,0,0.14
5179,2018-06,2018-02,4,1,True,1.0,master,valid_observed_phase_at_origin,BASE,calibration,1,-1,unassigned_nearest_donor_beyond_100km,pooled_unassigned_area,0,0.01,0,0.01
5180,2018-06,2018-02,4,0,True,0.0,master,valid_observed_phase_at_origin,BASE,calibration,1,-1,unassigned_nearest_donor_beyond_100km,pooled_unassigned_area,0,0.08,0,0.08
5181,2018-06,2018-02,4,0,True,0.0,master,valid_observed_phase_at_origin,BASE,calibration,1,-1,unassigned_nearest_donor_beyond_100km,pooled_unassigned_area,0,0.09,0,0.09
5182,2018-06,2018-02,4,0,True,0.0,master,valid_observed_phase_at_origin,BASE,calibration,1,-1,unassigned_nearest_donor_beyond_100km,pooled_unassigned_area,0,0.03,0,0.03
5183,2018-06,2018-02,4,1,True,1.0,master,valid_observed_phase_at_origin,BASE,calibration,1,-1,unassigned_nearest_donor_beyond_100km,pooled_unassigned_area,0,0.07,0,0.07
5184,2018-06,2018-02,4,0,True,0.0,master,valid_observed_phase_at_origin,BASE,calibration,1,-1,unassigned_nearest_donor_beyond_100km,pooled_unassigned_area,0,0.06,0,0.06
5185,2018-06,2018-02,4,0,True,0.0,master,valid_observed_phase_at_origin,BASE,calibration,1,-1,unassigned_nearest_donor_beyond_100km,pooled_unassigned_area,0,0.11,0,0.11
5186,2018-06,2018-02,4,0,True,0.0,master,valid_observed_phase_at_origin,BASE,calibration,1,-1,unassigned_nearest_donor_beyond_100km,pooled_unassigned_area,0,0.05,0,0.05
5187,2018-06,2018-02,4,0,True,0.0,master,valid_observed_phase_at_origin,BASE,calibration,1,-1,unassigned_nearest_donor_beyond_100km,pooled_unassigned_area,0,0.04,0,0.04
5188,2018-06,2018-02,4,0,True,0.0,master,valid_observed_phase_at_origin,BASE,calibration,1,-1,unassigned_nearest_donor_beyond_100km,pooled_unassigned_area,0,0.09,0,0.09
5189,2018-06,2018-02,4,0,True,0.0,master,valid_observed_phase_at_origin,BASE,calibration,1,-1,unassigned_nearest_donor_beyond_100km,pooled_unassigned_area,0,0.07,0,0.07
5190,2018-06,2018-02,4,0,True,0.0,master,valid_observed_phase_at_origin,BASE,calibration,1,-1,unassigned_nearest_donor_beyond_100km,pooled_unassigned_area,0,0.26,0,0.26
5191,2018-06,2018-02,4,0,True,0.0,master,valid_observed_phase_at_origin,BASE,calibration,1,-1,unassigned_nearest_donor_beyond_100km,pooled_unassigned_area,0,0.06,0,0.06
5192,2018-06,2018-02,4,0,True,0.0,master,valid_observed_phase_at_origin,BASE,calibration,1,-1,unassigned_nearest_donor_beyond_100km,pooled_unassigned_area,0,0.08,0,0.08
5193,2018-06,2018-02,4,0,True,0.0,master,valid_observed_phase_at_origin,BASE,calibration,1,-1,unassigned_nearest_donor_beyond_100km,pooled_unassigned_area,0,0.07,0,0.07
5194,2018-06,2018-02,4,0,True,0.0,master,valid_observed_phase_at_origin,BASE,calibration,1,-1,unassigned_nearest_donor_beyond_100km,pooled_unassigned_area,0,0.15,0,0.15
5195,2018-06,2018-02,4,0,True,0.0,master,valid_observed_phase_at_origin,BASE,calibration,1,-1,unassigned_nearest_donor_beyond_100km,pooled_unassigned_area,0,0.09,0,0.09
5196,2018-06,2018-02,4,0,True,0.0,master,valid_observed_phase_at_origin,BASE,calibration,1,-1,unassigned_nearest_donor_beyond_100km,pooled_unassigned_area,0,0.28,0,0.28
5197,2018-06,2018-02,4,0,True,0.0,master,valid_observed_phase_at_origin,BASE,calibration,1,-1,unassigned_nearest_donor_beyond_100km,pooled_unassigned_area,0,0.11,0,0.11
5198,2018-06,2018-02,4,0,True,0.0,master,valid_observed_phase_at_origin,BASE,calibration,1,-1,unassigned_nearest_donor_beyond_100km,pooled_unassigned_area,0,0.16,0,0.16
5199,2018-06,2018-02,4,1,True,0.0,master,valid_observed_phase_at_origin,BASE,calibration,1,-1,unassigned_nearest_donor_beyond_100km,pooled_unassigned_area,0,0.06,0,0.06
5200,2018-06,2018-02,4,1,True,0.0,master,valid_observed_phase_at_origin,BASE,calibration,1,-1,unassigned_nearest_donor_beyond_100km,pooled_unassigned_area,0,0.05,0,0.05
5201,2018-06,2018-02,4,0,True,0.0,master,valid_observed_phase_at_origin,BASE,calibration,1,-1,unassigned_nearest_donor_beyond_100km,pooled_unassigned_area,0,0.09,0,0.09
5202,2018-06,2018-02,4,0,True,0.0,master,valid_observed_phase_at_origin,BASE,calibration,1,-1,unassigned_nearest_donor_beyond_100km,pooled_unassigned_area,0,0.28,0,0.28
5203,2018-06,2018-02,4,0,True,0.0,master,valid_observed_phase_at_origin,BASE,calibration,1,-1,unassigned_nearest_donor_beyond_100km,pooled_unassigned_area,0,0.11,0,0.11
5204,2018-06,2018-02,4,1,True,1.0,master,valid_observed_phase_at_origin,BASE,calibration,1,-1,unassigned_nearest_donor_beyond_100km,pooled_unassigned_area,0,0.03,0,0.03
5205,2018-06,2018-02,4,0,True,0.0,master,valid_observed_phase_at_origin,BASE,calibration,1,-1,unassigned_nearest_donor_beyond_100km,pooled_unassigned_area,0,0.05,0,0.05
5206,2018-06,2018-02,4,0,True,0.0,master,valid_observed_phase_at_origin,BASE,calibration,1,-1,unassigned_nearest_donor_beyond_100km,pooled_unassigned_area,0,0.04,0,0.04
5207,2018-06,2018-02,4,0,True,0.0,master,valid_observed_phase_at_origin,BASE,calibration,1,-1,unassigned_nearest_donor_beyond_100km,pooled_unassigned_area,0,0.03,0,0.03
5208,2018-06,2018-02,4,0,True,0.0,master,valid_observed_phase_at_origin,BASE,calibration,1,-1,unassigned_nearest_donor_beyond_100km,pooled_unassigned_area,0,0.05,0,0.05
5209,2018-06,2018-02,4,0,True,0.0,master,valid_observed_phase_at_origin,BASE,calibration,1,-1,unassigned_nearest_donor_beyond_100km,pooled_unassigned_area,0,0.23,0,0.23
5210,2018-06,2018-02,4,1,True,1.0,master,valid_observed_phase_at_origin,BASE,calibration,1,-1,unassigned_nearest_donor_beyond_100km,pooled_unassigned_area,0,0.08,0,0.08
5211,2018-06,2018-02,4,1,True,1.0,master,valid_observed_phase_at_origin,BASE,calibration,1,-1,unassigned_nearest_donor_beyond_100km,pooled_unassigned_area,0,0.16,0,0.16
5212,2018-06,2018-02,4,0,True,0.0,master,valid_observed_phase_at_origin,BASE,calibration,1,-1,unassigned_nearest_donor_beyond_100km,pooled_unassigned_area,0,0.05,0,0.05
5213,2018-06,2018-02,4,0,True,0.0,master,valid_observed_phase_at_origin,BASE,calibration,1,-1,unassigned_nearest_donor_beyond_100km,pooled_unassigned_area,0,0.05,0,0.05
5214,2018-06,2018-02,4,1,True,1.0,master,valid_observed_phase_at_origin,BASE,calibration,1,-1,unassigned_nearest_donor_beyond_100km,pooled_unassigned_area,0,0.09,0,0.09
5215,2018-06,2018-02,4,1,True,0.0,master,valid_observed_phase_at_origin,BASE,calibration,1,-1,unassigned_nearest_donor_beyond_100km,pooled_unassigned_area,0,0.06,0,0.06
5216,2018-06,2018-02,4,1,True,1.0,master,valid_observed_phase_at_origin,BASE,calibration,1,-1,unassigned_nearest_donor_beyond_100km,pooled_unassigned_area,0,0.07,0,0.07
5217,2018-06,2018-02,4,0,True,0.0,master,valid_observed_phase_at_origin,BASE,calibration,1,-1,unassigned_nearest_donor_beyond_100km,pooled_unassigned_area,0,0.06,0,0.06
5218,2018-06,2018-02,4,0,True,0.0,master,valid_observed_phase_at_origin,BASE,calibration,1,-1,unassigned_nearest_donor_beyond_100km,pooled_unassigned_area,0,0.09,0,0.09
5219,2018-06,2018-02,4,1,True,1.0,master,valid_observed_phase_at_origin,BASE,calibration,1,-1,unassigned_nearest_donor_beyond_100km,pooled_unassigned_area,0,0.06,0,0.06
5220,2018-06,2018-02,4,0,True,0.0,master,valid_observed_phase_at_origin,BASE,calibration,1,5,spectral_core,pooled_partition_below_support_gate,0,0.04,0,0.04
5221,2018-06,2018-02,4,0,True,0.0,master,valid_observed_phase_at_origin,BASE,calibration,1,5,spectral_core,pooled_partition_below_support_gate,0,0.01,0,0.01
5222,2018-06,2018-02,4,0,True,0.0,master,valid_observed_phase_at_origin,BASE,calibration,1,5,spectral_core,pooled_partition_below_support_gate,0,0.05,0,0.05
5223,2018-06,2018-02,4,0,True,0.0,master,valid_observed_phase_at_origin,BASE,calibration,1,5,spectral_core,pooled_partition_below_support_gate,0,0.08,0,0.08
5224,2018-06,2018-02,4,0,True,0.0,master,valid_observed_phase_at_origin,BASE,calibration,1,5,spectral_core,pooled_partition_below_support_gate,0,0.12,0,0.12
5225,2018-06,2018-02,4,0,True,0.0,master,valid_observed_phase_at_origin,BASE,calibration,1,5,spectral_core,pooled_partition_below_support_gate,0,0.11,0,0.11
5226,2018-06,2018-02,4,0,True,0.0,master,valid_observed_phase_at_origin,BASE,calibration,1,5,spectral_core,pooled_partition_below_support_gate,0,0.01,0,0.01
5227,2018-06,2018-02,4,0,True,0.0,master,valid_observed_phase_at_origin,BASE,calibration,1,5,spectral_core,pooled_partition_below_support_gate,0,0.01,0,0.01
5228,2018-06,2018-02,4,0,True,0.0,master,valid_observed_phase_at_origin,BASE,calibration,1,5,spectral_core,pooled_partition_below_support_gate,0,0.06,0,0.06
5229,2018-06,2018-02,4,0,True,0.0,master,valid_observed_phase_at_origin,BASE,calibration,1,5,spectral_core,pooled_partition_below_support_gate,0,0.11,0,0.11
5230,2018-06,2018-02,4,0,True,0.0,master,valid_observed_phase_at_origin,BASE,calibration,1,5,spectral_core,pooled_partition_below_support_gate,0,0.02,0,0.02
5231,2018-06,2018-02,4,0,True,0.0,master,valid_observed_phase_at_origin,BASE,calibration,1,5,spectral_core,pooled_partition_below_support_gate,0,0.11,0,0.11
5232,2018-06,2018-02,4,0,True,0.0,master,valid_observed_phase_at_origin,BASE,calibration,1,5,spectral_core,pooled_partition_below_support_gate,0,0.08,0,0.08
5233,2018-06,2018-02,4,0,True,0.0,master,valid_observed_phase_at_origin,BASE,calibration,1,5,spectral_core,pooled_partition_below_support_gate,0,0.04,0,0.04
5234,2018-06,2018-02,4,0,True,0.0,master,valid_observed_phase_at_origin,BASE,calibration,1,5,spectral_core,pooled_partition_below_support_gate,0,0.02,0,0.02
5235,2018-06,2018-02,4,0,True,0.0,master,valid_observed_phase_at_origin,BASE,calibration,1,5,spectral_core,pooled_partition_below_support_gate,0,0.04,0,0.04
5236,2018-06,2018-02,4,0,True,0.0,master,valid_observed_phase_at_origin,BASE,calibration,1,5,spectral_core,pooled_partition_below_support_gate,0,0.13,0,0.13
5237,2018-06,2018-02,4,0,True,0.0,master,valid_observed_phase_at_origin,BASE,calibration,1,5,spectral_core,pooled_partition_below_support_gate,0,0.11,0,0.11
5238,2018-06,2018-02,4,0,True,0.0,master,valid_observed_phase_at_origin,BASE,calibration,1,5,spectral_core,pooled_partition_below_support_gate,0,0.04,0,0.04
5239,2018-06,2018-02,4,0,True,0.0,master,valid_observed_phase_at_origin,BASE,calibration,1,5,spectral_core,pooled_partition_below_support_gate,0,0.09,0,0.09
5240,2018-06,2018-02,4,0,True,0.0,master,valid_observed_phase_at_origin,BASE,calibration,1,5,spectral_core,pooled_partition_below_support_gate,0,0.08,0,0.08
5241,2018-06,2018-02,4,0,True,0.0,master,valid_observed_phase_at_origin,BASE,calibration,1,5,spectral_core,pooled_partition_below_support_gate,0,0.02,0,0.02
5242,2018-06,2018-02,4,0,True,0.0,master,valid_observed_phase_at_origin,BASE,calibration,1,5,spectral_core,pooled_partition_below_support_gate,0,0.01,0,0.01
5243,2018-06,2018-02,4,0,True,0.0,master,valid_observed_phase_at_origin,BASE,calibration,1,5,spectral_core,pooled_partition_below_support_gate,0,0.09,0,0.09
5244,2018-06,2018-02,4,0,True,0.0,master,valid_observed_phase_at_origin,BASE,calibration,1,5,spectral_core,pooled_partition_below_support_gate,0,0.04,0,0.04
5245,2018-06,2018-02,4,0,True,0.0,master,valid_observed_phase_at_origin,BASE,calibration,1,5,spectral_core,pooled_partition_below_support_gate,0,0.03,0,0.03
5246,2018-06,2018-02,4,0,True,0.0,master,valid_observed_phase_at_origin,BASE,calibration,1,5,spectral_core,pooled_partition_below_support_gate,0,0.08,0,0.08
5247,2018-06,2018-02,4,0,True,0.0,master,valid_observed_phase_at_origin,BASE,calibration,1,5,spectral_core,pooled_partition_below_support_gate,0,0.02,0,0.02
5248,2018-06,2018-02,4,0,True,0.0,master,valid_observed_phase_at_origin,BASE,calibration,1,5,spectral_core,pooled_partition_below_support_gate,0,0.09,0,0.09
5249,2018-06,2018-02,4,0,True,0.0,master,valid_observed_phase_at_origin,BASE,calibration,1,5,spectral_core,pooled_partition_below_support_gate,0,0.09,0,0.09
5250,2018-06,2018-02,4,0,True,0.0,master,valid_observed_phase_at_origin,BASE,calibration,1,5,spectral_core,pooled_partition_below_support_gate,0,0.03,0,0.03
5251,2018-06,2018-02,4,0,True,0.0,master,valid_observed_phase_at_origin,BASE,calibration,1,5,spectral_core,pooled_partition_below_support_gate,0,0.03,0,0.03
5252,2018-06,2018-02,4,0,True,0.0,master,valid_observed_phase_at_origin,BASE,calibration,1,5,spectral_core,pooled_partition_below_support_gate,0,0.01,0,0.01
5253,2018-06,2018-02,4,0,True,0.0,master,valid_observed_phase_at_origin,BASE,calibration,1,5,spectral_core,pooled_partition_below_support_gate,0,0.14,0,0.14
5254,2018-06,2018-02,4,0,True,0.0,master,valid_observed_phase_at_origin,BASE,calibration,1,5,spectral_core,pooled_partition_below_support_gate,0,0.01,0,0.01
5255,2018-06,2018-02,4,0,True,0.0,master,valid_observed_phase_at_origin,BASE,calibration,1,5,spectral_core,pooled_partition_below_support_gate,0,0.1,0,0.1
5256,2018-06,2018-02,4,0,True,0.0,master,valid_observed_phase_at_origin,BASE,calibration,1,5,spectral_core,pooled_partition_below_support_gate,0,0.04,0,0.04
5257,2018-06,2018-02,4,0,True,0.0,master,valid_observed_phase_at_origin,BASE,calibration,1,5,spectral_core,pooled_partition_below_support_gate,0,0.08,0,0.08
5258,2018-06,2018-02,4,0,True,0.0,master,valid_observed_phase_at_origin,BASE,calibration,1,5,spectral_core,pooled_partition_below_support_gate,0,0.02,0,0.02
5259,2018-06,2018-02,4,0,True,0.0,master,valid_observed_phase_at_origin,BASE,calibration,1,5,spectral_core,pooled_partition_below_support_gate,0,0.03,0,0.03
5260,2018-06,2018-02,4,0,True,0.0,master,valid_observed_phase_at_origin,BASE,calibration,1,5,spectral_core,pooled_partition_below_support_gate,0,0.04,0,0.04
5261,2018-06,2018-02,4,0,True,0.0,master,valid_observed_phase_at_origin,BASE,calibration,1,5,spectral_core,pooled_partition_below_support_gate,0,0.11,0,0.11
5262,2018-06,2018-02,4,0,True,0.0,master,valid_observed_phase_at_origin,BASE,calibration,1,5,spectral_core,pooled_partition_below_support_gate,0,0.13,0,0.13
5263,2018-06,2018-02,4,0,True,0.0,master,valid_observed_phase_at_origin,BASE,calibration,1,5,spectral_core,pooled_partition_below_support_gate,0,0.05,0,0.05
5264,2018-06,2018-02,4,0,True,0.0,master,valid_observed_phase_at_origin,BASE,calibration,1,5,spectral_core,pooled_partition_below_support_gate,0,0.13,0,0.13
5265,2018-06,2018-02,4,0,True,0.0,master,valid_observed_phase_at_origin,BASE,calibration,1,5,spectral_core,pooled_partition_below_support_gate,0,0.13,0,0.13
5266,2018-06,2018-02,4,0,True,0.0,master,valid_observed_phase_at_origin,BASE,calibration,1,5,spectral_core,pooled_partition_below_support_gate,0,0.03,0,0.03
5267,2018-06,2018-02,4,0,True,0.0,master,valid_observed_phase_at_origin,BASE,calibration,1,5,spectral_core,pooled_partition_below_support_gate,0,0.13,0,0.13
5268,2018-06,2018-02,4,0,True,0.0,master,valid_observed_phase_at_origin,BASE,calibration,1,5,spectral_core,pooled_partition_below_support_gate,0,0.1,0,0.1
5269,2018-06,2018-02,4,0,True,0.0,master,valid_observed_phase_at_origin,BASE,calibration,1,5,spectral_core,pooled_partition_below_support_gate,0,0.0,0,0.0
5270,2018-06,2018-02,4,0,True,0.0,master,valid_observed_phase_at_origin,BASE,calibration,1,5,spectral_core,pooled_partition_below_support_gate,0,0.03,0,0.03
5271,2018-06,2018-02,4,0,True,0.0,master,valid_observed_phase_at_origin,BASE,calibration,1,5,spectral_core,pooled_partition_below_support_gate,0,0.01,0,0.01
5272,2018-06,2018-02,4,0,True,0.0,master,valid_observed_phase_at_origin,BASE,calibration,1,5,spectral_core,pooled_partition_below_support_gate,0,0.04,0,0.04
5273,2018-06,2018-02,4,0,True,0.0,master,valid_observed_phase_at_origin,BASE,calibration,1,5,spectral_core,pooled_partition_below_support_gate,0,0.02,0,0.02
5274,2018-06,2018-02,4,0,True,0.0,master,valid_observed_phase_at_origin,BASE,calibration,1,5,spectral_core,pooled_partition_below_support_gate,0,0.06,0,0.06
5275,2018-06,2018-02,4,0,True,0.0,master,valid_observed_phase_at_origin,BASE,calibration,1,5,spectral_core,pooled_partition_below_support_gate,0,0.03,0,0.03
5276,2018-06,2018-02,4,0,True,0.0,master,valid_observed_phase_at_origin,BASE,calibration,1,5,spectral_core,pooled_partition_below_support_gate,0,0.05,0,0.05
5277,2018-06,2018-02,4,0,True,0.0,master,valid_observed_phase_at_origin,BASE,calibration,1,5,spectral_core,pooled_partition_below_support_gate,0,0.01,0,0.01
5278,2018-06,2018-02,4,0,True,0.0,master,valid_observed_phase_at_origin,BASE,calibration,1,5,spectral_core,pooled_partition_below_support_gate,0,0.05,0,0.05
5279,2018-06,2018-02,4,0,True,0.0,master,valid_observed_phase_at_origin,BASE,calibration,1,5,spectral_core,pooled_partition_below_support_gate,0,0.04,0,0.04
5280,2018-06,2018-02,4,0,True,0.0,master,valid_observed_phase_at_origin,BASE,calibration,1,5,spectral_core,pooled_partition_below_support_gate,0,0.04,0,0.04
5281,2018-06,2018-02,4,0,True,0.0,master,valid_observed_phase_at_origin,BASE,calibration,1,5,spectral_core,pooled_partition_below_support_gate,0,0.03,0,0.03
5282,2018-06,2018-02,4,0,True,0.0,master,valid_observed_phase_at_origin,BASE,calibration,1,5,spectral_core,pooled_partition_below_support_gate,0,0.03,0,0.03
5283,2018-06,2018-02,4,0,True,0.0,master,valid_observed_phase_at_origin,BASE,calibration,1,5,spectral_core,pooled_partition_below_support_gate,0,0.02,0,0.02
5284,2018-06,2018-02,4,0,True,0.0,master,valid_observed_phase_at_origin,BASE,calibration,1,5,spectral_core,pooled_partition_below_support_gate,0,0.04,0,0.04
5285,2018-06,2018-02,4,0,True,0.0,master,valid_observed_phase_at_origin,BASE,calibration,1,5,spectral_core,pooled_partition_below_support_gate,0,0.01,0,0.01
5286,2018-06,2018-02,4,0,True,0.0,master,valid_observed_phase_at_origin,BASE,calibration,1,5,spectral_core,pooled_partition_below_support_gate,0,0.01,0,0.01
5287,2018-06,2018-02,4,0,True,0.0,master,valid_observed_phase_at_origin,BASE,calibration,1,5,spectral_core,pooled_partition_below_support_gate,0,0.01,0,0.01
5288,2018-06,2018-02,4,0,True,0.0,master,valid_observed_phase_at_origin,BASE,calibration,1,5,spectral_core,pooled_partition_below_support_gate,0,0.01,0,0.01
5289,2018-06,2018-02,4,0,True,0.0,master,valid_observed_phase_at_origin,BASE,calibration,1,5,spectral_core,pooled_partition_below_support_gate,0,0.01,0,0.01
5290,2018-06,2018-02,4,0,True,0.0,master,valid_observed_phase_at_origin,BASE,calibration,1,5,spectral_core,pooled_partition_below_support_gate,0,0.02,0,0.02
5291,2018-06,2018-02,4,0,True,0.0,master,valid_observed_phase_at_origin,BASE,calibration,1,5,spectral_core,pooled_partition_below_support_gate,0,0.02,0,0.02
5292,2018-06,2018-02,4,0,True,0.0,master,valid_observed_phase_at_origin,BASE,calibration,1,5,spectral_core,pooled_partition_below_support_gate,0,0.1,0,0.1
5293,2018-06,2018-02,4,0,True,0.0,master,valid_observed_phase_at_origin,BASE,calibration,1,5,spectral_core,pooled_partition_below_support_gate,0,0.01,0,0.01
5294,2018-06,2018-02,4,0,True,0.0,master,valid_observed_phase_at_origin,BASE,calibration,1,5,spectral_core,pooled_partition_below_support_gate,0,0.02,0,0.02
5295,2018-06,2018-02,4,0,True,0.0,master,valid_observed_phase_at_origin,BASE,calibration,1,5,spectral_core,pooled_partition_below_support_gate,0,0.03,0,0.03
5296,2018-06,2018-02,4,0,True,0.0,master,valid_observed_phase_at_origin,BASE,calibration,1,5,spectral_core,pooled_partition_below_support_gate,0,0.02,0,0.02
5297,2018-06,2018-02,4,0,True,0.0,master,valid_observed_phase_at_origin,BASE,calibration,1,5,spectral_core,pooled_partition_below_support_gate,0,0.01,0,0.01
5298,2018-06,2018-02,4,0,True,0.0,master,valid_observed_phase_at_origin,BASE,calibration,1,5,spectral_core,pooled_partition_below_support_gate,0,0.02,0,0.02
5299,2018-06,2018-02,4,0,True,0.0,master,valid_observed_phase_at_origin,BASE,calibration,1,5,spectral_core,pooled_partition_below_support_gate,0,0.01,0,0.01
5300,2018-06,2018-02,4,0,True,0.0,master,valid_observed_phase_at_origin,BASE,calibration,1,5,spectral_core,pooled_partition_below_support_gate,0,0.07,0,0.07
5301,2018-06,2018-02,4,0,True,0.0,master,valid_observed_phase_at_origin,BASE,calibration,1,5,spectral_core,pooled_partition_below_support_gate,0,0.0,0,0.0
5302,2018-06,2018-02,4,0,True,0.0,master,valid_observed_phase_at_origin,BASE,calibration,1,5,spectral_core,pooled_partition_below_support_gate,0,0.02,0,0.02
5303,2018-06,2018-02,4,0,True,0.0,master,valid_observed_phase_at_origin,BASE,calibration,1,5,spectral_core,pooled_partition_below_support_gate,0,0.0,0,0.0
5304,2018-06,2018-02,4,0,True,0.0,master,valid_observed_phase_at_origin,BASE,calibration,1,5,spectral_core,pooled_partition_below_support_gate,0,0.02,0,0.02
5305,2018-06,2018-02,4,0,True,0.0,master,valid_observed_phase_at_origin,BASE,calibration,1,5,spectral_core,pooled_partition_below_support_gate,0,0.02,0,0.02
5306,2018-06,2018-02,4,0,True,0.0,master,valid_observed_phase_at_origin,BASE,calibration,1,5,spectral_core,pooled_partition_below_support_gate,0,0.02,0,0.02
5307,2018-06,2018-02,4,0,True,0.0,master,valid_observed_phase_at_origin,BASE,calibration,1,5,spectral_core,pooled_partition_below_support_gate,0,0.01,0,0.01
5308,2018-06,2018-02,4,0,True,0.0,master,valid_observed_phase_at_origin,BASE,calibration,1,5,spectral_core,pooled_partition_below_support_gate,0,0.0,0,0.0
5309,2018-06,2018-02,4,0,True,0.0,master,valid_observed_phase_at_origin,BASE,calibration,1,5,spectral_core,pooled_partition_below_support_gate,0,0.0,0,0.0
5310,2018-06,2018-02,4,0,True,0.0,master,valid_observed_phase_at_origin,BASE,calibration,1,5,spectral_core,pooled_partition_below_support_gate,0,0.02,0,0.02
5311,2018-06,2018-02,4,0,True,0.0,master,valid_observed_phase_at_origin,BASE,calibration,1,5,spectral_core,pooled_partition_below_support_gate,0,0.0,0,0.0
5312,2018-06,2018-02,4,0,True,0.0,master,valid_observed_phase_at_origin,BASE,calibration,1,5,spectral_core,pooled_partition_below_support_gate,0,0.01,0,0.01
5313,2018-06,2018-02,4,0,True,0.0,master,valid_observed_phase_at_origin,BASE,calibration,1,5,spectral_core,pooled_partition_below_support_gate,0,0.0,0,0.0
5314,2018-06,2018-02,4,0,True,0.0,master,valid_observed_phase_at_origin,BASE,calibration,1,5,spectral_core,pooled_partition_below_support_gate,0,0.01,0,0.01
5315,2018-06,2018-02,4,0,True,0.0,master,valid_observed_phase_at_origin,BASE,calibration,1,5,spectral_core,pooled_partition_below_support_gate,0,0.0,0,0.0
5316,2018-06,2018-02,4,0,True,0.0,master,valid_observed_phase_at_origin,BASE,calibration,1,5,spectral_core,pooled_partition_below_support_gate,0,0.0,0,0.0
5317,2018-06,2018-02,4,0,True,0.0,master,valid_observed_phase_at_origin,BASE,calibration,1,5,spectral_core,pooled_partition_below_support_gate,0,0.04,0,0.04
5318,2018-06,2018-02,4,0,True,0.0,master,valid_observed_phase_at_origin,BASE,calibration,1,5,spectral_core,pooled_partition_below_support_gate,0,0.01,0,0.01
5319,2018-06,2018-02,4,0,True,0.0,master,valid_observed_phase_at_origin,BASE,calibration,1,5,spectral_core,pooled_partition_below_support_gate,0,0.01,0,0.01
5320,2018-06,2018-02,4,0,True,0.0,master,valid_observed_phase_at_origin,BASE,calibration,1,5,spectral_core,pooled_partition_below_support_gate,0,0.01,0,0.01
5321,2018-06,2018-02,4,0,True,0.0,master,valid_observed_phase_at_origin,BASE,calibration,1,5,spectral_core,pooled_partition_below_support_gate,0,0.0,0,0.0
5322,2018-06,2018-02,4,0,True,0.0,master,valid_observed_phase_at_origin,BASE,calibration,1,5,spectral_core,pooled_partition_below_support_gate,0,0.0,0,0.0
5323,2018-06,2018-02,4,0,True,0.0,master,valid_observed_phase_at_origin,BASE,calibration,1,6,spectral_core,pooled_partition_below_support_gate,0,0.01,0,0.01
5324,2018-06,2018-02,4,0,True,0.0,master,valid_observed_phase_at_origin,BASE,calibration,1,5,spectral_core,pooled_partition_below_support_gate,0,0.02,0,0.02
5325,2018-06,2018-02,4,0,True,0.0,master,valid_observed_phase_at_origin,BASE,calibration,1,5,spectral_core,pooled_partition_below_support_gate,0,0.03,0,0.03
5326,2018-06,2018-02,4,0,True,0.0,master,valid_observed_phase_at_origin,BASE,calibration,1,5,spectral_core,pooled_partition_below_support_gate,0,0.04,0,0.04
5327,2018-06,2018-02,4,0,True,0.0,master,valid_observed_phase_at_origin,BASE,calibration,1,5,spectral_core,pooled_partition_below_support_gate,0,0.01,0,0.01
5328,2018-06,2018-02,4,0,True,0.0,master,valid_observed_phase_at_origin,BASE,calibration,1,5,spectral_core,pooled_partition_below_support_gate,0,0.11,0,0.11
5329,2018-06,2018-02,4,0,True,0.0,master,valid_observed_phase_at_origin,BASE,calibration,1,5,spectral_core,pooled_partition_below_support_gate,0,0.04,0,0.04
5330,2018-06,2018-02,4,0,True,0.0,master,valid_observed_phase_at_origin,BASE,calibration,1,5,spectral_core,pooled_partition_below_support_gate,0,0.0,0,0.0
5331,2018-06,2018-02,4,0,True,0.0,master,valid_observed_phase_at_origin,BASE,calibration,1,5,spectral_core,pooled_partition_below_support_gate,0,0.01,0,0.01
5332,2018-06,2018-02,4,0,True,0.0,master,valid_observed_phase_at_origin,BASE,calibration,1,5,spectral_core,pooled_partition_below_support_gate,0,0.01,0,0.01
5333,2018-06,2018-02,4,0,True,0.0,master,valid_observed_phase_at_origin,BASE,calibration,1,5,spectral_core,pooled_partition_below_support_gate,0,0.04,0,0.04
5334,2018-06,2018-02,4,0,True,0.0,master,valid_observed_phase_at_origin,BASE,calibration,1,5,spectral_core,pooled_partition_below_support_gate,0,0.02,0,0.02
5335,2018-06,2018-02,4,0,True,0.0,master,valid_observed_phase_at_origin,BASE,calibration,1,2,spectral_core,local_partition_rf,0,0.02,0,0.04
5336,2018-06,2018-02,4,0,True,0.0,master,valid_observed_phase_at_origin,BASE,calibration,1,2,spectral_core,local_partition_rf,0,0.02,0,0.03
5337,2018-06,2018-02,4,0,True,0.0,master,valid_observed_phase_at_origin,BASE,calibration,1,2,spectral_core,local_partition_rf,0,0.04,0,0.02
5338,2018-06,2018-02,4,0,True,0.0,master,valid_observed_phase_at_origin,BASE,calibration,1,2,spectral_core,local_partition_rf,0,0.07,0,0.09
5339,2018-06,2018-02,4,0,True,0.0,master,valid_observed_phase_at_origin,BASE,calibration,1,2,spectral_core,local_partition_rf,0,0.03,0,0.08
5340,2018-06,2018-02,4,0,True,0.0,master,valid_observed_phase_at_origin,BASE,calibration,1,2,spectral_core,local_partition_rf,0,0.1,0,0.12
5341,2018-06,2018-02,4,0,True,0.0,master,valid_observed_phase_at_origin,BASE,calibration,1,2,spectral_core,local_partition_rf,0,0.06,0,0.09
5342,2018-06,2018-02,4,0,True,0.0,master,valid_observed_phase_at_origin,BASE,calibration,1,2,spectral_core,local_partition_rf,0,0.05,0,0.07
5343,2018-06,2018-02,4,0,True,0.0,master,valid_observed_phase_at_origin,BASE,calibration,1,2,spectral_core,local_partition_rf,0,0.04,0,0.06
5344,2018-06,2018-02,4,0,True,0.0,master,valid_observed_phase_at_origin,BASE,calibration,1,2,spectral_core,local_partition_rf,0,0.07,0,0.06
5345,2018-06,2018-02,4,0,True,0.0,master,valid_observed_phase_at_origin,BASE,calibration,1,2,spectral_core,local_partition_rf,0,0.11,0,0.11
5346,2018-06,2018-02,4,0,True,0.0,master,valid_observed_phase_at_origin,BASE,calibration,1,2,spectral_core,local_partition_rf,0,0.04,0,0.07
5347,2018-06,2018-02,4,0,True,0.0,master,valid_observed_phase_at_origin,BASE,calibration,1,2,spectral_core,local_partition_rf,0,0.02,0,0.01
5348,2018-06,2018-02,4,0,True,0.0,master,valid_observed_phase_at_origin,BASE,calibration,1,2,spectral_core,local_partition_rf,0,0.02,0,0.0
5349,2018-06,2018-02,4,0,True,0.0,master,valid_observed_phase_at_origin,BASE,calibration,1,2,spectral_core,local_partition_rf,0,0.03,0,0.03
5350,2018-06,2018-02,4,0,True,0.0,master,valid_observed_phase_at_origin,BASE,calibration,1,2,spectral_core,local_partition_rf,0,0.01,0,0.04
5351,2018-06,2018-02,4,0,True,0.0,master,valid_observed_phase_at_origin,BASE,calibration,1,2,spectral_core,local_partition_rf,0,0.06,0,0.1
5352,2018-06,2018-02,4,0,True,0.0,master,valid_observed_phase_at_origin,BASE,calibration,1,2,spectral_core,local_partition_rf,0,0.06,0,0.08
5353,2018-06,2018-02,4,0,True,0.0,master,valid_observed_phase_at_origin,BASE,calibration,1,2,spectral_core,local_partition_rf,0,0.05,0,0.05
5354,2018-06,2018-02,4,0,True,0.0,master,valid_observed_phase_at_origin,BASE,calibration,1,2,spectral_core,local_partition_rf,0,0.06,0,0.03
5355,2018-06,2018-02,4,0,True,0.0,master,valid_observed_phase_at_origin,BASE,calibration,1,11,spectral_core,local_partition_rf,0,0.0,0,0.03
5356,2018-06,2018-02,4,0,True,0.0,master,valid_observed_phase_at_origin,BASE,calibration,1,2,spectral_core,local_partition_rf,0,0.05,0,0.08
5357,2018-06,2018-02,4,0,True,0.0,master,valid_observed_phase_at_origin,BASE,calibration,1,2,spectral_core,local_partition_rf,0,0.03,0,0.04
5358,2018-06,2018-02,4,0,True,0.0,master,valid_observed_phase_at_origin,BASE,calibration,1,11,spectral_core,local_partition_rf,0,0.0,0,0.02
5359,2018-06,2018-02,4,0,True,0.0,master,valid_observed_phase_at_origin,BASE,calibration,1,2,spectral_core,local_partition_rf,0,0.04,0,0.09
5360,2018-06,2018-02,4,0,True,0.0,master,valid_observed_phase_at_origin,BASE,calibration,1,11,spectral_core,local_partition_rf,0,0.0,0,0.03
5361,2018-06,2018-02,4,0,True,0.0,master,valid_observed_phase_at_origin,BASE,calibration,1,2,spectral_core,local_partition_rf,0,0.02,0,0.02
5362,2018-06,2018-02,4,0,True,0.0,master,valid_observed_phase_at_origin,BASE,calibration,1,2,spectral_core,local_partition_rf,0,0.08,0,0.14
5363,2018-06,2018-02,4,0,True,0.0,master,valid_observed_phase_at_origin,BASE,calibration,1,2,spectral_core,local_partition_rf,0,0.04,0,0.02
5364,2018-06,2018-02,4,0,True,0.0,master,valid_observed_phase_at_origin,BASE,calibration,1,2,spectral_core,local_partition_rf,0,0.04,0,0.07
5365,2018-06,2018-02,4,0,True,0.0,master,valid_observed_phase_at_origin,BASE,calibration,1,2,spectral_core,local_partition_rf,0,0.01,0,0.03
5366,2018-06,2018-02,4,0,True,0.0,master,valid_observed_phase_at_origin,BASE,calibration,1,2,spectral_core,local_partition_rf,0,0.07,0,0.11
5367,2018-06,2018-02,4,0,True,0.0,master,valid_observed_phase_at_origin,BASE,calibration,1,2,spectral_core,local_partition_rf,0,0.01,0,0.02
5368,2018-06,2018-02,4,0,True,0.0,master,valid_observed_phase_at_origin,BASE,calibration,1,2,spectral_core,local_partition_rf,0,0.03,0,0.02
5369,2018-06,2018-02,4,0,True,0.0,master,valid_observed_phase_at_origin,BASE,calibration,1,2,spectral_core,local_partition_rf,0,0.02,0,0.04
5370,2018-06,2018-02,4,0,True,0.0,master,valid_observed_phase_at_origin,BASE,calibration,1,2,spectral_core,local_partition_rf,0,0.03,0,0.05
5371,2018-06,2018-02,4,0,True,0.0,master,valid_observed_phase_at_origin,BASE,calibration,1,2,spectral_core,local_partition_rf,0,0.02,0,0.02
5372,2018-06,2018-02,4,0,True,0.0,master,valid_observed_phase_at_origin,BASE,calibration,1,2,spectral_core,local_partition_rf,0,0.02,0,0.02
5373,2018-06,2018-02,4,0,True,0.0,master,valid_observed_phase_at_origin,BASE,calibration,1,2,spectral_core,local_partition_rf,0,0.01,0,0.01
5374,2018-06,2018-02,4,0,True,0.0,master,valid_observed_phase_at_origin,BASE,calibration,1,2,spectral_core,local_partition_rf,0,0.02,0,0.01
5375,2018-06,2018-02,4,0,True,0.0,master,valid_observed_phase_at_origin,BASE,calibration,1,2,spectral_core,local_partition_rf,0,0.08,0,0.18
5376,2018-06,2018-02,4,0,True,0.0,master,valid_observed_phase_at_origin,BASE,calibration,1,2,spectral_core,local_partition_rf,0,0.46,0,0.29
5377,2018-06,2018-02,4,0,True,0.0,master,valid_observed_phase_at_origin,BASE,calibration,1,2,spectral_core,local_partition_rf,1,0.51,0,0.26
5378,2018-06,2018-02,4,0,True,0.0,master,valid_observed_phase_at_origin,BASE,calibration,1,2,spectral_core,local_partition_rf,0,0.24,0,0.15
5379,2018-06,2018-02,4,0,True,0.0,master,valid_observed_phase_at_origin,BASE,calibration,1,2,spectral_core,local_partition_rf,0,0.49,0,0.32
5380,2018-06,2018-02,4,0,True,0.0,master,valid_observed_phase_at_origin,BASE,calibration,1,2,spectral_core,local_partition_rf,0,0.2,0,0.15
5381,2018-06,2018-02,4,0,True,0.0,master,valid_observed_phase_at_origin,BASE,calibration,1,2,spectral_core,local_partition_rf,0,0.1,0,0.18
5382,2018-06,2018-02,4,0,True,0.0,master,valid_observed_phase_at_origin,BASE,calibration,1,2,spectral_core,local_partition_rf,0,0.42,0,0.36
5383,2018-06,2018-02,4,0,True,0.0,master,valid_observed_phase_at_origin,BASE,calibration,1,2,spectral_core,local_partition_rf,0,0.0,0,0.01
5384,2018-06,2018-02,4,0,True,0.0,master,valid_observed_phase_at_origin,BASE,calibration,1,2,spectral_core,local_partition_rf,0,0.01,0,0.01
5385,2018-06,2018-02,4,0,True,0.0,master,valid_observed_phase_at_origin,BASE,calibration,1,2,spectral_core,local_partition_rf,0,0.01,0,0.05
5386,2018-06,2018-02,4,0,True,0.0,master,valid_observed_phase_at_origin,BASE,calibration,1,2,spectral_core,local_partition_rf,0,0.01,0,0.02
5387,2018-06,2018-02,4,0,True,0.0,master,valid_observed_phase_at_origin,BASE,calibration,1,2,spectral_core,local_partition_rf,0,0.02,0,0.02
5388,2018-06,2018-02,4,0,True,0.0,master,valid_observed_phase_at_origin,BASE,calibration,1,2,spectral_core,local_partition_rf,0,0.01,0,0.02
5389,2018-06,2018-02,4,0,True,0.0,master,valid_observed_phase_at_origin,BASE,calibration,1,2,spectral_core,local_partition_rf,0,0.03,0,0.02
5390,2018-06,2018-02,4,0,True,0.0,master,valid_observed_phase_at_origin,BASE,calibration,1,2,spectral_core,local_partition_rf,0,0.03,0,0.05
5391,2018-06,2018-02,4,0,True,0.0,master,valid_observed_phase_at_origin,BASE,calibration,1,2,spectral_core,local_partition_rf,0,0.01,0,0.02
5392,2018-06,2018-02,4,0,True,0.0,master,valid_observed_phase_at_origin,BASE,calibration,1,2,spectral_core,local_partition_rf,0,0.01,0,0.01
5393,2018-06,2018-02,4,0,True,0.0,master,valid_observed_phase_at_origin,BASE,calibration,1,2,spectral_core,local_partition_rf,0,0.01,0,0.01
5394,2018-06,2018-02,4,0,True,0.0,master,valid_observed_phase_at_origin,BASE,calibration,1,2,spectral_core,local_partition_rf,0,0.03,0,0.04
5395,2018-06,2018-02,4,0,True,0.0,master,valid_observed_phase_at_origin,BASE,calibration,1,2,spectral_core,local_partition_rf,0,0.02,0,0.03
5396,2018-06,2018-02,4,0,True,0.0,master,valid_observed_phase_at_origin,BASE,calibration,1,2,spectral_core,local_partition_rf,0,0.02,0,0.0
5397,2018-06,2018-02,4,0,True,0.0,master,valid_observed_phase_at_origin,BASE,calibration,1,2,spectral_core,local_partition_rf,0,0.02,0,0.02
5398,2018-06,2018-02,4,0,True,0.0,master,valid_observed_phase_at_origin,BASE,calibration,1,2,spectral_core,local_partition_rf,0,0.01,0,0.01
5399,2018-06,2018-02,4,0,True,0.0,master,valid_observed_phase_at_origin,BASE,calibration,1,2,spectral_core,local_partition_rf,0,0.02,0,0.01
5400,2018-06,2018-02,4,0,True,0.0,master,valid_observed_phase_at_origin,BASE,calibration,1,2,spectral_core,local_partition_rf,0,0.03,0,0.06
5401,2018-06,2018-02,4,0,True,0.0,master,valid_observed_phase_at_origin,BASE,calibration,1,2,spectral_core,local_partition_rf,0,0.01,0,0.02
5402,2018-06,2018-02,4,0,True,0.0,master,valid_observed_phase_at_origin,BASE,calibration,1,2,spectral_core,local_partition_rf,0,0.01,0,0.02
5403,2018-06,2018-02,4,0,True,0.0,master,valid_observed_phase_at_origin,BASE,calibration,1,2,spectral_core,local_partition_rf,0,0.03,0,0.01
5404,2018-06,2018-02,4,0,True,0.0,master,valid_observed_phase_at_origin,BASE,calibration,1,2,spectral_core,local_partition_rf,0,0.0,0,0.01
5405,2018-06,2018-02,4,0,True,0.0,master,valid_observed_phase_at_origin,BASE,calibration,1,2,spectral_core,local_partition_rf,0,0.04,0,0.02
5406,2018-06,2018-02,4,0,True,0.0,master,valid_observed_phase_at_origin,BASE,calibration,1,2,spectral_core,local_partition_rf,0,0.03,0,0.01
5407,2018-06,2018-02,4,0,True,0.0,master,valid_observed_phase_at_origin,BASE,calibration,1,2,spectral_core,local_partition_rf,0,0.02,0,0.03
5408,2018-06,2018-02,4,0,True,0.0,master,valid_observed_phase_at_origin,BASE,calibration,1,2,spectral_core,local_partition_rf,0,0.03,0,0.02
5409,2018-06,2018-02,4,0,True,0.0,master,valid_observed_phase_at_origin,BASE,calibration,1,2,spectral_core,local_partition_rf,0,0.04,0,0.07
5410,2018-06,2018-02,4,0,True,0.0,master,valid_observed_phase_at_origin,BASE,calibration,1,2,spectral_core,local_partition_rf,0,0.03,0,0.04
5411,2018-06,2018-02,4,0,True,0.0,master,valid_observed_phase_at_origin,BASE,calibration,1,2,spectral_core,local_partition_rf,0,0.05,0,0.07
5412,2018-06,2018-02,4,0,True,0.0,master,valid_observed_phase_at_origin,BASE,calibration,1,2,spectral_core,local_partition_rf,0,0.05,0,0.06
5413,2018-06,2018-02,4,0,True,0.0,master,valid_observed_phase_at_origin,BASE,calibration,1,2,spectral_core,local_partition_rf,0,0.04,0,0.05
5414,2018-06,2018-02,4,0,True,0.0,master,valid_observed_phase_at_origin,BASE,calibration,1,2,spectral_core,local_partition_rf,0,0.07,0,0.05
5415,2018-06,2018-02,4,0,True,0.0,master,valid_observed_phase_at_origin,BASE,calibration,1,2,spectral_core,local_partition_rf,0,0.01,0,0.01
5416,2018-06,2018-02,4,0,True,0.0,master,valid_observed_phase_at_origin,BASE,calibration,1,11,spectral_core,local_partition_rf,0,0.0,0,0.01
5417,2018-06,2018-02,4,0,True,0.0,master,valid_observed_phase_at_origin,BASE,calibration,1,11,spectral_core,local_partition_rf,0,0.0,0,0.01
5418,2018-06,2018-02,4,0,True,0.0,master,valid_observed_phase_at_origin,BASE,calibration,1,2,spectral_core,local_partition_rf,0,0.02,0,0.02
5419,2018-06,2018-02,4,0,True,0.0,master,valid_observed_phase_at_origin,BASE,calibration,1,2,spectral_core,local_partition_rf,0,0.2,0,0.13
5420,2018-06,2018-02,4,0,True,0.0,master,valid_observed_phase_at_origin,BASE,calibration,1,2,spectral_core,local_partition_rf,0,0.09,0,0.04
5421,2018-06,2018-02,4,0,True,0.0,master,valid_observed_phase_at_origin,BASE,calibration,1,2,spectral_core,local_partition_rf,0,0.03,0,0.08
5422,2018-06,2018-02,4,0,True,0.0,master,valid_observed_phase_at_origin,BASE,calibration,1,11,spectral_core,local_partition_rf,0,0.0,0,0.02
5423,2018-06,2018-02,4,0,True,0.0,master,valid_observed_phase_at_origin,BASE,calibration,1,2,spectral_core,local_partition_rf,0,0.02,0,0.02
5424,2018-06,2018-02,4,0,True,0.0,master,valid_observed_phase_at_origin,BASE,calibration,1,2,spectral_core,local_partition_rf,0,0.01,0,0.02
5425,2018-06,2018-02,4,0,True,0.0,master,valid_observed_phase_at_origin,BASE,calibration,1,2,spectral_core,local_partition_rf,0,0.0,0,0.01
5426,2018-06,2018-02,4,0,True,0.0,master,valid_observed_phase_at_origin,BASE,calibration,1,11,spectral_core,local_partition_rf,0,0.0,0,0.06
5427,2018-06,2018-02,4,0,True,0.0,master,valid_observed_phase_at_origin,BASE,calibration,1,2,spectral_core,local_partition_rf,0,0.02,0,0.05
5428,2018-06,2018-02,4,0,True,0.0,master,valid_observed_phase_at_origin,BASE,calibration,1,11,spectral_core,local_partition_rf,0,0.0,0,0.02
5429,2018-06,2018-02,4,0,True,0.0,master,valid_observed_phase_at_origin,BASE,calibration,1,11,spectral_core,local_partition_rf,0,0.0,0,0.0
5430,2018-06,2018-02,4,0,True,0.0,master,valid_observed_phase_at_origin,BASE,calibration,1,2,spectral_core,local_partition_rf,0,0.01,0,0.01
5431,2018-06,2018-02,4,0,True,0.0,master,valid_observed_phase_at_origin,BASE,calibration,1,2,spectral_core,local_partition_rf,0,0.08,0,0.07
5432,2018-06,2018-02,4,0,True,0.0,master,valid_observed_phase_at_origin,BASE,calibration,1,11,spectral_core,local_partition_rf,0,0.0,0,0.01
5433,2018-06,2018-02,4,0,True,0.0,master,valid_observed_phase_at_origin,BASE,calibration,1,11,spectral_core,local_partition_rf,0,0.0,0,0.02
5434,2018-06,2018-02,4,0,True,0.0,master,valid_observed_phase_at_origin,BASE,calibration,1,2,spectral_core,local_partition_rf,0,0.04,0,0.06
5435,2018-06,2018-02,4,0,True,0.0,master,valid_observed_phase_at_origin,BASE,calibration,1,2,spectral_core,local_partition_rf,0,0.04,0,0.12
5436,2018-06,2018-02,4,0,True,0.0,master,valid_observed_phase_at_origin,BASE,calibration,1,2,spectral_core,local_partition_rf,0,0.01,0,0.01
5437,2018-06,2018-02,4,0,True,0.0,master,valid_observed_phase_at_origin,BASE,calibration,1,2,spectral_core,local_partition_rf,0,0.02,0,0.06
5438,2018-06,2018-02,4,0,True,0.0,master,valid_observed_phase_at_origin,BASE,calibration,1,2,spectral_core,local_partition_rf,0,0.09,0,0.12
5439,2018-06,2018-02,4,0,True,0.0,master,valid_observed_phase_at_origin,BASE,calibration,1,2,spectral_core,local_partition_rf,0,0.04,0,0.09
5440,2018-06,2018-02,4,0,True,0.0,master,valid_observed_phase_at_origin,BASE,calibration,1,11,spectral_core,local_partition_rf,0,0.0,0,0.03
5441,2018-06,2018-02,4,0,True,0.0,master,valid_observed_phase_at_origin,BASE,calibration,1,2,spectral_core,local_partition_rf,0,0.01,0,0.03
5442,2018-06,2018-02,4,0,True,0.0,master,valid_observed_phase_at_origin,BASE,calibration,1,2,spectral_core,local_partition_rf,0,0.02,0,0.01
5443,2018-06,2018-02,4,0,True,0.0,master,valid_observed_phase_at_origin,BASE,calibration,1,2,spectral_core,local_partition_rf,0,0.01,0,0.01
5444,2018-06,2018-02,4,0,True,0.0,master,valid_observed_phase_at_origin,BASE,calibration,1,2,spectral_core,local_partition_rf,0,0.03,0,0.09
5445,2018-06,2018-02,4,0,True,0.0,master,valid_observed_phase_at_origin,BASE,calibration,1,2,spectral_core,local_partition_rf,0,0.03,0,0.06
5446,2018-06,2018-02,4,0,True,0.0,master,valid_observed_phase_at_origin,BASE,calibration,1,11,spectral_core,local_partition_rf,0,0.0,0,0.07
5447,2018-06,2018-02,4,0,True,0.0,master,valid_observed_phase_at_origin,BASE,calibration,1,11,spectral_core,local_partition_rf,0,0.0,0,0.03
5448,2018-06,2018-02,4,0,True,0.0,master,valid_observed_phase_at_origin,BASE,calibration,1,11,spectral_core,local_partition_rf,0,0.0,0,0.02
5449,2018-06,2018-02,4,0,True,0.0,master,valid_observed_phase_at_origin,BASE,calibration,1,11,spectral_core,local_partition_rf,0,0.0,0,0.11
5450,2018-06,2018-02,4,0,True,0.0,master,valid_observed_phase_at_origin,BASE,calibration,1,11,spectral_core,local_partition_rf,0,0.0,0,0.01
5451,2018-06,2018-02,4,0,True,0.0,master,valid_observed_phase_at_origin,BASE,calibration,1,11,spectral_core,local_partition_rf,0,0.0,0,0.02
5452,2018-06,2018-02,4,0,True,0.0,master,valid_observed_phase_at_origin,BASE,calibration,1,11,spectral_core,local_partition_rf,0,0.0,0,0.02
5453,2018-06,2018-02,4,0,True,0.0,master,valid_observed_phase_at_origin,BASE,calibration,1,2,spectral_core,local_partition_rf,0,0.01,0,0.05
5454,2018-06,2018-02,4,0,True,0.0,master,valid_observed_phase_at_origin,BASE,calibration,1,11,spectral_core,local_partition_rf,0,0.0,0,0.0
5455,2018-06,2018-02,4,0,True,0.0,master,valid_observed_phase_at_origin,BASE,calibration,1,11,spectral_core,local_partition_rf,0,0.01,0,0.12
5456,2018-06,2018-02,4,0,True,0.0,master,valid_observed_phase_at_origin,BASE,calibration,1,11,spectral_core,local_partition_rf,0,0.0,0,0.13
5457,2018-06,2018-02,4,0,True,0.0,master,valid_observed_phase_at_origin,BASE,calibration,1,11,spectral_core,local_partition_rf,0,0.0,0,0.03
5458,2018-06,2018-02,4,0,True,0.0,master,valid_observed_phase_at_origin,BASE,calibration,1,11,spectral_core,local_partition_rf,0,0.0,0,0.02
5459,2018-06,2018-02,4,0,True,0.0,master,valid_observed_phase_at_origin,BASE,calibration,1,11,spectral_core,local_partition_rf,0,0.0,0,0.07
5460,2018-06,2018-02,4,0,True,0.0,master,valid_observed_phase_at_origin,BASE,calibration,1,11,spectral_core,local_partition_rf,0,0.0,0,0.01
5461,2018-06,2018-02,4,0,True,0.0,master,valid_observed_phase_at_origin,BASE,calibration,1,11,spectral_core,local_partition_rf,0,0.0,0,0.01
5462,2018-06,2018-02,4,0,True,0.0,master,valid_observed_phase_at_origin,BASE,calibration,1,11,spectral_core,local_partition_rf,0,0.0,0,0.02
5463,2018-06,2018-02,4,0,True,0.0,master,valid_observed_phase_at_origin,BASE,calibration,1,11,spectral_core,local_partition_rf,0,0.0,0,0.04
5464,2018-06,2018-02,4,0,True,0.0,master,valid_observed_phase_at_origin,BASE,calibration,1,11,spectral_core,local_partition_rf,0,0.0,0,0.03
5465,2018-06,2018-02,4,0,True,0.0,master,valid_observed_phase_at_origin,BASE,calibration,1,11,spectral_core,local_partition_rf,0,0.0,0,0.02
5466,2018-06,2018-02,4,0,True,0.0,master,valid_observed_phase_at_origin,BASE,calibration,1,11,spectral_core,local_partition_rf,0,0.0,0,0.04
5467,2018-06,2018-02,4,0,True,0.0,master,valid_observed_phase_at_origin,BASE,calibration,1,11,spectral_core,local_partition_rf,0,0.0,0,0.03
5468,2018-06,2018-02,4,0,True,0.0,master,valid_observed_phase_at_origin,BASE,calibration,1,11,spectral_core,local_partition_rf,0,0.0,0,0.02
5469,2018-06,2018-02,4,0,True,0.0,master,valid_observed_phase_at_origin,BASE,calibration,1,11,spectral_core,local_partition_rf,0,0.0,0,0.04
5470,2018-06,2018-02,4,0,True,0.0,master,valid_observed_phase_at_origin,BASE,calibration,1,11,spectral_core,local_partition_rf,0,0.0,0,0.02
5471,2018-06,2018-02,4,0,True,0.0,master,valid_observed_phase_at_origin,BASE,calibration,1,11,spectral_core,local_partition_rf,0,0.0,0,0.01
5472,2018-06,2018-02,4,0,True,0.0,master,valid_observed_phase_at_origin,BASE,calibration,1,11,spectral_core,local_partition_rf,0,0.0,0,0.01
5473,2018-06,2018-02,4,0,True,0.0,master,valid_observed_phase_at_origin,BASE,calibration,1,11,spectral_core,local_partition_rf,0,0.0,0,0.01
5474,2018-06,2018-02,4,0,True,0.0,master,valid_observed_phase_at_origin,BASE,calibration,1,11,spectral_core,local_partition_rf,0,0.0,0,0.01
5475,2018-06,2018-02,4,0,True,0.0,master,valid_observed_phase_at_origin,BASE,calibration,1,11,spectral_core,local_partition_rf,0,0.0,0,0.06
5476,2018-06,2018-02,4,0,True,0.0,master,valid_observed_phase_at_origin,BASE,calibration,1,11,spectral_core,local_partition_rf,0,0.0,0,0.01
5477,2018-06,2018-02,4,0,True,0.0,master,valid_observed_phase_at_origin,BASE,calibration,1,11,spectral_core,local_partition_rf,0,0.0,0,0.12
5478,2018-06,2018-02,4,0,True,0.0,master,valid_observed_phase_at_origin,BASE,calibration,1,11,spectral_core,local_partition_rf,0,0.0,0,0.01
5479,2018-06,2018-02,4,0,True,0.0,master,valid_observed_phase_at_origin,BASE,calibration,1,11,spectral_core,local_partition_rf,0,0.0,0,0.04
5480,2018-06,2018-02,4,0,True,0.0,master,valid_observed_phase_at_origin,BASE,calibration,1,11,spectral_core,local_partition_rf,0,0.0,0,0.02
5481,2018-06,2018-02,4,0,True,0.0,master,valid_observed_phase_at_origin,BASE,calibration,1,11,spectral_core,local_partition_rf,0,0.0,0,0.09
5482,2018-06,2018-02,4,0,True,0.0,master,valid_observed_phase_at_origin,BASE,calibration,1,11,spectral_core,local_partition_rf,0,0.0,0,0.02
5483,2018-06,2018-02,4,0,True,0.0,master,valid_observed_phase_at_origin,BASE,calibration,1,11,spectral_core,local_partition_rf,0,0.0,0,0.05
5484,2018-06,2018-02,4,0,True,0.0,master,valid_observed_phase_at_origin,BASE,calibration,1,11,spectral_core,local_partition_rf,0,0.0,0,0.02
5485,2018-06,2018-02,4,0,True,0.0,master,valid_observed_phase_at_origin,BASE,calibration,1,11,spectral_core,local_partition_rf,0,0.0,0,0.02
5486,2018-06,2018-02,4,0,True,0.0,master,valid_observed_phase_at_origin,BASE,calibration,1,11,spectral_core,local_partition_rf,0,0.0,0,0.01
5487,2018-06,2018-02,4,0,True,0.0,master,valid_observed_phase_at_origin,BASE,calibration,1,11,spectral_core,local_partition_rf,0,0.0,0,0.02
5488,2018-06,2018-02,4,0,True,0.0,master,valid_observed_phase_at_origin,BASE,calibration,1,11,spectral_core,local_partition_rf,0,0.0,0,0.01
5489,2018-06,2018-02,4,0,True,0.0,master,valid_observed_phase_at_origin,BASE,calibration,1,11,spectral_core,local_partition_rf,0,0.0,0,0.01
5490,2018-06,2018-02,4,0,True,0.0,master,valid_observed_phase_at_origin,BASE,calibration,1,11,spectral_core,local_partition_rf,0,0.0,0,0.01
5491,2018-06,2018-02,4,0,True,0.0,master,valid_observed_phase_at_origin,BASE,calibration,1,11,spectral_core,local_partition_rf,0,0.0,0,0.05
5492,2018-06,2018-02,4,0,True,0.0,master,valid_observed_phase_at_origin,BASE,calibration,1,11,spectral_core,local_partition_rf,0,0.0,0,0.01
5493,2018-06,2018-02,4,0,True,0.0,master,valid_observed_phase_at_origin,BASE,calibration,1,11,spectral_core,local_partition_rf,0,0.0,0,0.01
5494,2018-06,2018-02,4,0,True,0.0,master,valid_observed_phase_at_origin,BASE,calibration,1,11,spectral_core,local_partition_rf,0,0.0,0,0.01
5495,2018-06,2018-02,4,0,True,0.0,master,valid_observed_phase_at_origin,BASE,calibration,1,11,spectral_core,local_partition_rf,0,0.0,0,0.02
5496,2018-06,2018-02,4,0,True,0.0,master,valid_observed_phase_at_origin,BASE,calibration,1,11,spectral_core,local_partition_rf,0,0.0,0,0.01
5497,2018-06,2018-02,4,0,True,0.0,master,valid_observed_phase_at_origin,BASE,calibration,1,11,spectral_core,local_partition_rf,0,0.0,0,0.0
5498,2018-06,2018-02,4,0,True,0.0,master,valid_observed_phase_at_origin,BASE,calibration,1,11,spectral_core,local_partition_rf,0,0.0,0,0.01
5499,2018-06,2018-02,4,0,True,0.0,master,valid_observed_phase_at_origin,BASE,calibration,1,11,spectral_core,local_partition_rf,0,0.0,0,0.0
5501,2018-06,2018-02,4,0,True,0.0,master,valid_observed_phase_at_origin,BASE,calibration,1,11,spectral_core,local_partition_rf,0,0.01,0,0.05
5502,2018-06,2018-02,4,0,True,0.0,master,valid_observed_phase_at_origin,BASE,calibration,1,11,spectral_core,local_partition_rf,0,0.01,0,0.03
5503,2018-06,2018-02,4,0,True,0.0,master,valid_observed_phase_at_origin,BASE,calibration,1,11,spectral_core,local_partition_rf,0,0.0,0,0.08
5504,2018-06,2018-02,4,0,True,0.0,master,valid_observed_phase_at_origin,BASE,calibration,1,11,spectral_core,local_partition_rf,0,0.0,0,0.1
5505,2018-06,2018-02,4,0,True,0.0,master,valid_observed_phase_at_origin,BASE,calibration,1,11,spectral_core,local_partition_rf,0,0.0,0,0.05
5506,2018-06,2018-02,4,0,True,0.0,master,valid_observed_phase_at_origin,BASE,calibration,1,11,spectral_core,local_partition_rf,0,0.01,0,0.07
5507,2018-06,2018-02,4,0,True,0.0,master,valid_observed_phase_at_origin,BASE,calibration,1,11,spectral_core,local_partition_rf,0,0.01,0,0.06
5508,2018-06,2018-02,4,0,True,0.0,master,valid_observed_phase_at_origin,BASE,calibration,1,11,spectral_core,local_partition_rf,0,0.0,0,0.05
5509,2018-06,2018-02,4,0,True,0.0,master,valid_observed_phase_at_origin,BASE,calibration,1,11,spectral_core,local_partition_rf,0,0.01,0,0.06
5510,2018-06,2018-02,4,0,True,0.0,master,valid_observed_phase_at_origin,BASE,calibration,1,11,spectral_core,local_partition_rf,0,0.0,0,0.08
5511,2018-06,2018-02,4,0,True,0.0,master,valid_observed_phase_at_origin,BASE,calibration,1,11,spectral_core,local_partition_rf,0,0.0,0,0.02
5512,2018-06,2018-02,4,0,True,0.0,master,valid_observed_phase_at_origin,BASE,calibration,1,11,spectral_core,local_partition_rf,0,0.0,0,0.12
5513,2018-06,2018-02,4,0,True,0.0,master,valid_observed_phase_at_origin,BASE,calibration,1,11,spectral_core,local_partition_rf,0,0.0,0,0.04
5514,2018-06,2018-02,4,0,True,0.0,master,valid_observed_phase_at_origin,BASE,calibration,1,11,spectral_core,local_partition_rf,0,0.0,0,0.02
5515,2018-06,2018-02,4,0,True,0.0,master,valid_observed_phase_at_origin,BASE,calibration,1,11,spectral_core,local_partition_rf,0,0.0,0,0.09
5516,2018-06,2018-02,4,0,True,0.0,master,valid_observed_phase_at_origin,BASE,calibration,1,11,spectral_core,local_partition_rf,0,0.0,0,0.01
5517,2018-06,2018-02,4,0,True,0.0,master,valid_observed_phase_at_origin,BASE,calibration,1,11,spectral_core,local_partition_rf,0,0.0,0,0.11
5518,2018-06,2018-02,4,0,True,0.0,master,valid_observed_phase_at_origin,BASE,calibration,1,11,spectral_core,local_partition_rf,0,0.0,0,0.02
5519,2018-06,2018-02,4,0,True,0.0,master,valid_observed_phase_at_origin,BASE,calibration,1,11,spectral_core,local_partition_rf,0,0.0,0,0.06
5520,2018-06,2018-02,4,0,True,0.0,master,valid_observed_phase_at_origin,BASE,calibration,1,11,spectral_core,local_partition_rf,0,0.0,0,0.03
5521,2018-06,2018-02,4,0,True,0.0,master,valid_observed_phase_at_origin,BASE,calibration,1,11,spectral_core,local_partition_rf,0,0.0,0,0.13
5522,2018-06,2018-02,4,0,True,0.0,master,valid_observed_phase_at_origin,BASE,calibration,1,11,spectral_core,local_partition_rf,0,0.0,0,0.03
5523,2018-06,2018-02,4,0,True,0.0,master,valid_observed_phase_at_origin,BASE,calibration,1,11,spectral_core,local_partition_rf,0,0.0,0,0.07
5524,2018-06,2018-02,4,0,True,0.0,master,valid_observed_phase_at_origin,BASE,calibration,1,11,spectral_core,local_partition_rf,0,0.0,0,0.01
5525,2018-06,2018-02,4,0,True,0.0,master,valid_observed_phase_at_origin,BASE,calibration,1,11,spectral_core,local_partition_rf,0,0.0,0,0.05
5526,2018-06,2018-02,4,0,True,0.0,master,valid_observed_phase_at_origin,BASE,calibration,1,11,spectral_core,local_partition_rf,0,0.0,0,0.02
5527,2018-06,2018-02,4,0,True,0.0,master,valid_observed_phase_at_origin,BASE,calibration,1,2,spectral_core,local_partition_rf,0,0.01,0,0.01
5528,2018-06,2018-02,4,0,True,0.0,master,valid_observed_phase_at_origin,BASE,calibration,1,11,spectral_core,local_partition_rf,0,0.0,0,0.01
5529,2018-06,2018-02,4,0,True,0.0,master,valid_observed_phase_at_origin,BASE,calibration,1,11,spectral_core,local_partition_rf,0,0.0,0,0.02
5530,2018-06,2018-02,4,0,True,0.0,master,valid_observed_phase_at_origin,BASE,calibration,1,11,spectral_core,local_partition_rf,0,0.0,0,0.0
5531,2018-06,2018-02,4,0,True,0.0,master,valid_observed_phase_at_origin,BASE,calibration,1,11,spectral_core,local_partition_rf,0,0.0,0,0.0
5532,2018-06,2018-02,4,0,True,0.0,master,valid_observed_phase_at_origin,BASE,calibration,1,11,spectral_core,local_partition_rf,0,0.0,0,0.07
5533,2018-06,2018-02,4,0,True,0.0,master,valid_observed_phase_at_origin,BASE,calibration,1,11,spectral_core,local_partition_rf,0,0.0,0,0.01
5534,2018-06,2018-02,4,0,True,0.0,master,valid_observed_phase_at_origin,BASE,calibration,1,11,spectral_core,local_partition_rf,0,0.0,0,0.09
5535,2018-06,2018-02,4,0,True,0.0,master,valid_observed_phase_at_origin,BASE,calibration,1,2,spectral_core,local_partition_rf,0,0.12,0,0.16
5536,2018-06,2018-02,4,0,True,0.0,master,valid_observed_phase_at_origin,BASE,calibration,1,11,spectral_core,local_partition_rf,0,0.0,0,0.02
5537,2018-06,2018-02,4,0,True,0.0,master,valid_observed_phase_at_origin,BASE,calibration,1,11,spectral_core,local_partition_rf,0,0.0,0,0.0
5538,2018-06,2018-02,4,0,True,0.0,master,valid_observed_phase_at_origin,BASE,calibration,1,11,spectral_core,local_partition_rf,0,0.0,0,0.01
5539,2018-06,2018-02,4,0,True,0.0,master,valid_observed_phase_at_origin,BASE,calibration,1,11,spectral_core,local_partition_rf,0,0.0,0,0.01
5540,2018-06,2018-02,4,0,True,0.0,master,valid_observed_phase_at_origin,BASE,calibration,1,11,spectral_core,local_partition_rf,0,0.0,0,0.0
5541,2018-06,2018-02,4,0,True,0.0,master,valid_observed_phase_at_origin,BASE,calibration,1,11,spectral_core,local_partition_rf,0,0.0,0,0.01
5542,2018-06,2018-02,4,0,True,0.0,master,valid_observed_phase_at_origin,BASE,calibration,1,11,spectral_core,local_partition_rf,0,0.0,0,0.0
5543,2018-06,2018-02,4,0,True,0.0,master,valid_observed_phase_at_origin,BASE,calibration,1,11,spectral_core,local_partition_rf,0,0.0,0,0.0
5544,2018-06,2018-02,4,0,True,0.0,master,valid_observed_phase_at_origin,BASE,calibration,1,11,spectral_core,local_partition_rf,0,0.0,0,0.01
5545,2018-06,2018-02,4,0,True,0.0,master,valid_observed_phase_at_origin,BASE,calibration,1,11,spectral_core,local_partition_rf,0,0.0,0,0.01
5546,2018-06,2018-02,4,0,True,0.0,master,valid_observed_phase_at_origin,BASE,calibration,1,11,spectral_core,local_partition_rf,0,0.0,0,0.03
5547,2018-06,2018-02,4,0,True,0.0,master,valid_observed_phase_at_origin,BASE,calibration,1,11,spectral_core,local_partition_rf,0,0.0,0,0.03
5548,2018-06,2018-02,4,0,True,0.0,master,valid_observed_phase_at_origin,BASE,calibration,1,11,spectral_core,local_partition_rf,0,0.0,0,0.02
5549,2018-06,2018-02,4,0,True,0.0,master,valid_observed_phase_at_origin,BASE,calibration,1,11,spectral_core,local_partition_rf,0,0.0,0,0.01
5550,2018-06,2018-02,4,0,True,0.0,master,valid_observed_phase_at_origin,BASE,calibration,1,11,spectral_core,local_partition_rf,0,0.0,0,0.02
5551,2018-06,2018-02,4,0,True,0.0,master,valid_observed_phase_at_origin,BASE,calibration,1,11,spectral_core,local_partition_rf,0,0.0,0,0.01
5552,2018-06,2018-02,4,0,True,0.0,master,valid_observed_phase_at_origin,BASE,calibration,1,11,spectral_core,local_partition_rf,0,0.0,0,0.01
5553,2018-06,2018-02,4,0,True,0.0,master,valid_observed_phase_at_origin,BASE,calibration,1,11,spectral_core,local_partition_rf,0,0.01,0,0.04
5554,2018-06,2018-02,4,0,True,0.0,master,valid_observed_phase_at_origin,BASE,calibration,1,11,spectral_core,local_partition_rf,0,0.01,0,0.09
5555,2018-06,2018-02,4,0,True,0.0,master,valid_observed_phase_at_origin,BASE,calibration,1,11,spectral_core,local_partition_rf,0,0.0,0,0.03
5556,2018-06,2018-02,4,0,True,0.0,master,valid_observed_phase_at_origin,BASE,calibration,1,11,spectral_core,local_partition_rf,0,0.0,0,0.04
5557,2018-06,2018-02,4,0,True,0.0,master,valid_observed_phase_at_origin,BASE,calibration,1,11,spectral_core,local_partition_rf,0,0.0,0,0.03
5558,2018-06,2018-02,4,0,True,0.0,master,valid_observed_phase_at_origin,BASE,calibration,1,11,spectral_core,local_partition_rf,0,0.0,0,0.0
5559,2018-06,2018-02,4,0,True,0.0,master,valid_observed_phase_at_origin,BASE,calibration,1,11,spectral_core,local_partition_rf,0,0.0,0,0.06
5560,2018-06,2018-02,4,0,True,0.0,master,valid_observed_phase_at_origin,BASE,calibration,1,11,spectral_core,local_partition_rf,0,0.0,0,0.02
5561,2018-06,2018-02,4,0,True,0.0,master,valid_observed_phase_at_origin,BASE,calibration,1,11,spectral_core,local_partition_rf,0,0.0,0,0.02
5562,2018-06,2018-02,4,0,True,0.0,master,valid_observed_phase_at_origin,BASE,calibration,1,11,spectral_core,local_partition_rf,0,0.0,0,0.05
5563,2018-06,2018-02,4,0,True,0.0,master,valid_observed_phase_at_origin,BASE,calibration,1,11,spectral_core,local_partition_rf,0,0.0,0,0.03
5564,2018-06,2018-02,4,0,True,0.0,master,valid_observed_phase_at_origin,BASE,calibration,1,11,spectral_core,local_partition_rf,0,0.0,0,0.03
5565,2018-06,2018-02,4,0,True,0.0,master,valid_observed_phase_at_origin,BASE,calibration,1,11,spectral_core,local_partition_rf,0,0.0,0,0.0
5566,2018-06,2018-02,4,0,True,0.0,master,valid_observed_phase_at_origin,BASE,calibration,1,11,spectral_core,local_partition_rf,0,0.0,0,0.01
5567,2018-06,2018-02,4,0,True,0.0,master,valid_observed_phase_at_origin,BASE,calibration,1,11,spectral_core,local_partition_rf,0,0.0,0,0.0
5568,2018-06,2018-02,4,0,True,0.0,master,valid_observed_phase_at_origin,BASE,calibration,1,11,spectral_core,local_partition_rf,0,0.0,0,0.0
5569,2018-06,2018-02,4,0,True,0.0,master,valid_observed_phase_at_origin,BASE,calibration,1,11,spectral_core,local_partition_rf,0,0.0,0,0.01
5570,2018-06,2018-02,4,0,True,0.0,master,valid_observed_phase_at_origin,BASE,calibration,1,11,spectral_core,local_partition_rf,0,0.0,0,0.01
5571,2018-06,2018-02,4,0,True,0.0,master,valid_observed_phase_at_origin,BASE,calibration,1,11,spectral_core,local_partition_rf,0,0.0,0,0.01
5572,2018-06,2018-02,4,0,True,0.0,master,valid_observed_phase_at_origin,BASE,calibration,1,11,spectral_core,local_partition_rf,0,0.0,0,0.05
5573,2018-06,2018-02,4,0,True,0.0,master,valid_observed_phase_at_origin,BASE,calibration,1,11,spectral_core,local_partition_rf,0,0.0,0,0.02
5574,2018-06,2018-02,4,0,True,0.0,master,valid_observed_phase_at_origin,BASE,calibration,1,11,spectral_core,local_partition_rf,0,0.0,0,0.02
5575,2018-06,2018-02,4,0,True,0.0,master,valid_observed_phase_at_origin,BASE,calibration,1,11,spectral_core,local_partition_rf,0,0.0,0,0.02
5576,2018-06,2018-02,4,0,True,0.0,master,valid_observed_phase_at_origin,BASE,calibration,1,11,spectral_core,local_partition_rf,0,0.0,0,0.0
5577,2018-06,2018-02,4,0,True,0.0,master,valid_observed_phase_at_origin,BASE,calibration,1,11,spectral_core,local_partition_rf,0,0.0,0,0.02
5578,2018-06,2018-02,4,0,True,0.0,master,valid_observed_phase_at_origin,BASE,calibration,1,11,spectral_core,local_partition_rf,0,0.0,0,0.0
5579,2018-06,2018-02,4,0,True,0.0,master,valid_observed_phase_at_origin,BASE,calibration,1,11,spectral_core,local_partition_rf,0,0.0,0,0.0
5580,2018-06,2018-02,4,0,True,0.0,master,valid_observed_phase_at_origin,BASE,calibration,1,11,spectral_core,local_partition_rf,0,0.0,0,0.02
5581,2018-06,2018-02,4,0,True,0.0,master,valid_observed_phase_at_origin,BASE,calibration,1,11,spectral_core,local_partition_rf,0,0.0,0,0.01
5582,2018-06,2018-02,4,0,True,0.0,master,valid_observed_phase_at_origin,BASE,calibration,1,11,spectral_core,local_partition_rf,0,0.0,0,0.04
5583,2018-06,2018-02,4,0,True,0.0,master,valid_observed_phase_at_origin,BASE,calibration,1,11,spectral_core,local_partition_rf,0,0.01,0,0.02
5584,2018-06,2018-02,4,0,True,0.0,master,valid_observed_phase_at_origin,BASE,calibration,1,11,spectral_core,local_partition_rf,0,0.0,0,0.05
5585,2018-06,2018-02,4,0,True,0.0,master,valid_observed_phase_at_origin,BASE,calibration,1,11,spectral_core,local_partition_rf,0,0.0,0,0.02
5586,2018-06,2018-02,4,0,True,0.0,master,valid_observed_phase_at_origin,BASE,calibration,1,11,spectral_core,local_partition_rf,0,0.0,0,0.01
5587,2018-06,2018-02,4,0,True,0.0,master,valid_observed_phase_at_origin,BASE,calibration,1,11,spectral_core,local_partition_rf,0,0.0,0,0.03
5588,2018-06,2018-02,4,0,True,0.0,master,valid_observed_phase_at_origin,BASE,calibration,1,11,spectral_core,local_partition_rf,0,0.0,0,0.01
5589,2018-06,2018-02,4,0,True,0.0,master,valid_observed_phase_at_origin,BASE,calibration,1,11,spectral_core,local_partition_rf,0,0.0,0,0.01
5590,2018-06,2018-02,4,0,True,0.0,master,valid_observed_phase_at_origin,BASE,calibration,1,11,spectral_core,local_partition_rf,0,0.0,0,0.01
5591,2018-06,2018-02,4,0,True,0.0,master,valid_observed_phase_at_origin,BASE,calibration,1,11,spectral_core,local_partition_rf,0,0.0,0,0.05
5592,2018-06,2018-02,4,0,True,0.0,master,valid_observed_phase_at_origin,BASE,calibration,1,11,spectral_core,local_partition_rf,0,0.0,0,0.03
5593,2018-06,2018-02,4,0,True,0.0,master,valid_observed_phase_at_origin,BASE,calibration,1,11,spectral_core,local_partition_rf,0,0.0,0,0.01
5594,2018-06,2018-02,4,0,True,0.0,master,valid_observed_phase_at_origin,BASE,calibration,1,11,spectral_core,local_partition_rf,0,0.0,0,0.11
5595,2018-06,2018-02,4,0,True,0.0,master,valid_observed_phase_at_origin,BASE,calibration,1,11,spectral_core,local_partition_rf,0,0.0,0,0.0
5596,2018-06,2018-02,4,0,True,0.0,master,valid_observed_phase_at_origin,BASE,calibration,1,11,spectral_core,local_partition_rf,0,0.0,0,0.11
5597,2018-06,2018-02,4,0,True,0.0,master,valid_observed_phase_at_origin,BASE,calibration,1,11,spectral_core,local_partition_rf,0,0.0,0,0.01
5598,2018-06,2018-02,4,0,True,0.0,master,valid_observed_phase_at_origin,BASE,calibration,1,11,spectral_core,local_partition_rf,0,0.0,0,0.04
5599,2018-06,2018-02,4,0,True,0.0,master,valid_observed_phase_at_origin,BASE,calibration,1,11,spectral_core,local_partition_rf,0,0.0,0,0.09
5601,2018-06,2018-02,4,0,True,0.0,master,valid_observed_phase_at_origin,BASE,calibration,1,11,spectral_core,local_partition_rf,0,0.0,0,0.02
5602,2018-06,2018-02,4,0,True,0.0,master,valid_observed_phase_at_origin,BASE,calibration,1,11,spectral_core,local_partition_rf,0,0.01,0,0.02
5603,2018-06,2018-02,4,0,True,0.0,master,valid_observed_phase_at_origin,BASE,calibration,1,11,spectral_core,local_partition_rf,0,0.0,0,0.01
5604,2018-06,2018-02,4,0,True,0.0,master,valid_observed_phase_at_origin,BASE,calibration,1,11,spectral_core,local_partition_rf,0,0.0,0,0.06
5605,2018-06,2018-02,4,0,True,0.0,master,valid_observed_phase_at_origin,BASE,calibration,1,11,spectral_core,local_partition_rf,0,0.0,0,0.04
5606,2018-06,2018-02,4,0,True,0.0,master,valid_observed_phase_at_origin,BASE,calibration,1,11,spectral_core,local_partition_rf,0,0.0,0,0.01
5607,2018-06,2018-02,4,0,True,0.0,master,valid_observed_phase_at_origin,BASE,calibration,1,11,spectral_core,local_partition_rf,0,0.0,0,0.02
5608,2018-06,2018-02,4,0,True,0.0,master,valid_observed_phase_at_origin,BASE,calibration,1,11,spectral_core,local_partition_rf,0,0.0,0,0.03
5609,2018-06,2018-02,4,0,True,0.0,master,valid_observed_phase_at_origin,BASE,calibration,1,11,spectral_core,local_partition_rf,0,0.0,0,0.0
5610,2018-06,2018-02,4,0,True,0.0,master,valid_observed_phase_at_origin,BASE,calibration,1,11,spectral_core,local_partition_rf,0,0.01,0,0.04
5611,2018-06,2018-02,4,0,True,0.0,master,valid_observed_phase_at_origin,BASE,calibration,1,11,spectral_core,local_partition_rf,0,0.0,0,0.03
5612,2018-06,2018-02,4,0,True,0.0,master,valid_observed_phase_at_origin,BASE,calibration,1,11,spectral_core,local_partition_rf,0,0.0,0,0.04
5613,2018-06,2018-02,4,0,True,0.0,master,valid_observed_phase_at_origin,BASE,calibration,1,11,spectral_core,local_partition_rf,0,0.01,0,0.08
5614,2018-06,2018-02,4,0,True,0.0,master,valid_observed_phase_at_origin,BASE,calibration,1,11,spectral_core,local_partition_rf,0,0.0,0,0.03
5615,2018-06,2018-02,4,0,True,0.0,master,valid_observed_phase_at_origin,BASE,calibration,1,11,spectral_core,local_partition_rf,0,0.0,0,0.0
5616,2018-06,2018-02,4,0,True,0.0,master,valid_observed_phase_at_origin,BASE,calibration,1,11,spectral_core,local_partition_rf,0,0.0,0,0.02
5617,2018-06,2018-02,4,0,True,0.0,master,valid_observed_phase_at_origin,BASE,calibration,1,11,spectral_core,local_partition_rf,0,0.0,0,0.03
5618,2018-06,2018-02,4,0,True,0.0,master,valid_observed_phase_at_origin,BASE,calibration,1,11,spectral_core,local_partition_rf,0,0.0,0,0.02
5619,2018-06,2018-02,4,0,True,0.0,master,valid_observed_phase_at_origin,BASE,calibration,1,11,spectral_core,local_partition_rf,0,0.0,0,0.03
5620,2018-06,2018-02,4,0,True,0.0,master,valid_observed_phase_at_origin,BASE,calibration,1,11,spectral_core,local_partition_rf,0,0.0,0,0.03
5621,2018-06,2018-02,4,0,True,0.0,master,valid_observed_phase_at_origin,BASE,calibration,1,11,spectral_core,local_partition_rf,0,0.0,0,0.06
5622,2018-06,2018-02,4,0,True,0.0,master,valid_observed_phase_at_origin,BASE,calibration,1,11,spectral_core,local_partition_rf,0,0.0,0,0.01
5623,2018-06,2018-02,4,0,True,0.0,master,valid_observed_phase_at_origin,BASE,calibration,1,11,spectral_core,local_partition_rf,0,0.0,0,0.0
5624,2018-06,2018-02,4,0,True,0.0,master,valid_observed_phase_at_origin,BASE,calibration,1,11,spectral_core,local_partition_rf,0,0.0,0,0.02
5625,2018-06,2018-02,4,0,True,0.0,master,valid_observed_phase_at_origin,BASE,calibration,1,11,spectral_core,local_partition_rf,0,0.48,0,0.31
5626,2018-06,2018-02,4,0,True,0.0,master,valid_observed_phase_at_origin,BASE,calibration,1,2,spectral_core,local_partition_rf,0,0.04,0,0.02
5627,2018-06,2018-02,4,0,True,0.0,master,valid_observed_phase_at_origin,BASE,calibration,1,11,spectral_core,local_partition_rf,0,0.0,0,0.01
5628,2018-06,2018-02,4,0,True,0.0,master,valid_observed_phase_at_origin,BASE,calibration,1,11,spectral_core,local_partition_rf,0,0.01,0,0.04
5629,2018-06,2018-02,4,0,True,0.0,master,valid_observed_phase_at_origin,BASE,calibration,1,11,spectral_core,local_partition_rf,0,0.0,0,0.01
5630,2018-06,2018-02,4,0,True,0.0,master,valid_observed_phase_at_origin,BASE,calibration,1,11,spectral_core,local_partition_rf,0,0.0,0,0.06
5631,2018-06,2018-02,4,0,True,0.0,master,valid_observed_phase_at_origin,BASE,calibration,1,11,spectral_core,local_partition_rf,0,0.0,0,0.04
5632,2018-06,2018-02,4,0,True,0.0,master,valid_observed_phase_at_origin,BASE,calibration,1,11,spectral_core,local_partition_rf,0,0.0,0,0.01
5633,2018-06,2018-02,4,0,True,0.0,master,valid_observed_phase_at_origin,BASE,calibration,1,11,spectral_core,local_partition_rf,0,0.0,0,0.13
5634,2018-06,2018-02,4,0,True,0.0,master,valid_observed_phase_at_origin,BASE,calibration,1,11,spectral_core,local_partition_rf,0,0.0,0,0.01
5635,2018-06,2018-02,4,0,True,0.0,master,valid_observed_phase_at_origin,BASE,calibration,1,2,spectral_core,local_partition_rf,0,0.01,0,0.01
5636,2018-06,2018-02,4,0,True,0.0,master,valid_observed_phase_at_origin,BASE,calibration,1,2,spectral_core,local_partition_rf,0,0.02,0,0.04
5637,2018-06,2018-02,4,0,True,0.0,master,valid_observed_phase_at_origin,BASE,calibration,1,2,spectral_core,local_partition_rf,0,0.03,0,0.02
5638,2018-06,2018-02,4,0,True,0.0,master,valid_observed_phase_at_origin,BASE,calibration,1,2,spectral_core,local_partition_rf,0,0.02,0,0.03
5639,2018-06,2018-02,4,0,True,0.0,master,valid_observed_phase_at_origin,BASE,calibration,1,2,spectral_core,local_partition_rf,0,0.01,0,0.04
5640,2018-06,2018-02,4,0,True,0.0,master,valid_observed_phase_at_origin,BASE,calibration,1,11,spectral_core,local_partition_rf,0,0.01,0,0.07
5641,2018-06,2018-02,4,0,True,0.0,master,valid_observed_phase_at_origin,BASE,calibration,1,2,spectral_core,local_partition_rf,0,0.09,0,0.04
5642,2018-06,2018-02,4,0,True,0.0,master,valid_observed_phase_at_origin,BASE,calibration,1,2,spectral_core,local_partition_rf,0,0.06,0,0.09
5643,2018-06,2018-02,4,0,True,0.0,master,valid_observed_phase_at_origin,BASE,calibration,1,2,spectral_core,local_partition_rf,0,0.05,0,0.11
5644,2018-06,2018-02,4,0,True,0.0,master,valid_observed_phase_at_origin,BASE,calibration,1,2,spectral_core,local_partition_rf,0,0.03,0,0.11
5645,2018-06,2018-02,4,0,True,0.0,master,valid_observed_phase_at_origin,BASE,calibration,1,2,spectral_core,local_partition_rf,0,0.05,0,0.09
5646,2018-06,2018-02,4,0,True,0.0,master,valid_observed_phase_at_origin,BASE,calibration,1,11,spectral_core,local_partition_rf,0,0.0,0,0.05
5647,2018-06,2018-02,4,0,True,0.0,master,valid_observed_phase_at_origin,BASE,calibration,1,11,spectral_core,local_partition_rf,0,0.0,0,0.03
5648,2018-06,2018-02,4,0,True,0.0,master,valid_observed_phase_at_origin,BASE,calibration,1,11,spectral_core,local_partition_rf,0,0.0,0,0.03
5649,2018-06,2018-02,4,0,True,0.0,master,valid_observed_phase_at_origin,BASE,calibration,1,11,spectral_core,local_partition_rf,0,0.0,0,0.04
5650,2018-06,2018-02,4,0,True,0.0,master,valid_observed_phase_at_origin,BASE,calibration,1,11,spectral_core,local_partition_rf,0,0.0,0,0.08
5651,2018-06,2018-02,4,0,True,0.0,master,valid_observed_phase_at_origin,BASE,calibration,1,11,spectral_core,local_partition_rf,0,0.0,0,0.04
5652,2018-06,2018-02,4,0,True,0.0,master,valid_observed_phase_at_origin,BASE,calibration,1,11,spectral_core,local_partition_rf,0,0.0,0,0.04
