FEWSNET_admin_code,target_month,horizon_months,y_true,y_pred_partitioned,y_pred_base,branch_id
0,2015-04,4,0,0,0,11
1,2015-04,4,0,0,0,11
2,2015-04,4,0,0,0,011
3,2015-04,4,0,0,0,011
4,2015-04,4,0,0,0,11
5,2015-04,4,0,0,0,11
6,2015-04,4,0,0,0,00000
7,2015-04,4,0,0,0,11
8,2015-04,4,0,0,0,011
9,2015-04,4,1,0,0,00000
10,2015-04,4,1,0,0,011
11,2015-04,4,0,0,0,011
12,2015-04,4,0,0,0,011
13,2015-04,4,1,0,1,011
14,2015-04,4,1,0,0,011
15,2015-04,4,1,1,0,00000
16,2015-04,4,0,0,0,011
17,2015-04,4,1,0,0,011
18,2015-04,4,0,0,0,011
19,2015-04,4,0,0,0,00000
20,2015-04,4,0,0,0,00000
21,2015-04,4,1,0,0,011
22,2015-04,4,0,0,0,011
23,2015-04,4,0,0,0,011
24,2015-04,4,0,0,0,011
25,2015-04,4,0,0,0,00000
26,2015-04,4,0,0,0,11
27,2015-04,4,0,0,0,011
28,2015-04,4,0,0,0,011
29,2015-04,4,0,0,0,011
30,2015-04,4,1,0,0,11
31,2015-04,4,0,0,0,011
32,2015-04,4,0,0,0,001
33,2015-04,4,1,0,0,011
34,2015-04,4,0,0,0,011
35,2015-04,4,1,0,0,011
36,2015-04,4,0,0,0,011
37,2015-04,4,0,0,0,011
38,2015-04,4,1,0,0,011
39,2015-04,4,0,0,0,011
40,2015-04,4,1,0,0,011
41,2015-04,4,0,0,0,011
42,2015-04,4,1,0,0,00000
43,2015-04,4,0,0,0,11
44,2015-04,4,0,0,0,011
45,2015-04,4,0,0,0,011
46,2015-04,4,0,0,0,011
47,2015-04,4,0,0,0,011
48,2015-04,4,0,0,0,011
49,2015-04,4,0,0,0,011
50,2015-04,4,0,0,0,011
51,2015-04,4,0,0,0,011
52,2015-04,4,1,1,0,001
53,2015-04,4,1,0,0,011
54,2015-04,4,0,0,0,011
55,2015-04,4,0,0,0,011
56,2015-04,4,0,0,0,011
57,2015-04,4,0,0,0,011
58,2015-04,4,0,0,0,011
59,2015-04,4,1,0,0,00000
60,2015-04,4,0,0,0,011
61,2015-04,4,1,0,0,011
62,2015-04,4,1,0,0,011
63,2015-04,4,0,0,0,011
64,2015-04,4,0,0,0,011
65,2015-04,4,0,0,0,011
66,2015-04,4,0,0,0,00000
67,2015-04,4,1,0,0,011
68,2015-04,4,0,0,0,011
69,2015-04,4,0,0,0,011
70,2015-04,4,0,0,0,11
71,2015-04,4,1,0,0,011
72,2015-04,4,0,0,0,011
73,2015-04,4,0,0,0,011
74,2015-04,4,0,0,0,011
75,2015-04,4,0,0,0,011
76,2015-04,4,0,0,0,011
77,2015-04,4,1,0,0,011
78,2015-04,4,0,0,0,011
79,2015-04,4,0,0,0,011
80,2015-04,4,0,0,0,011
81,2015-04,4,0,0,0,011
82,2015-04,4,0,0,0,011
83,2015-04,4,0,0,0,011
84,2015-04,4,0,0,0,011
85,2015-04,4,0,0,0,011
86,2015-04,4,0,0,0,011
87,2015-04,4,0,0,0,011
88,2015-04,4,0,0,0,011
89,2015-04,4,0,0,0,011
90,2015-04,4,0,0,0,011
91,2015-04,4,0,0,0,011
92,2015-04,4,0,0,0,011
93,2015-04,4,0,0,0,011
94,2015-04,4,0,0,0,011
95,2015-04,4,0,0,0,011
96,2015-04,4,0,0,0,011
97,2015-04,4,0,0,0,101
98,2015-04,4,0,0,0,011
99,2015-04,4,0,0,0,011
100,2015-04,4,0,0,0,011
101,2015-04,4,0,0,0,00000
102,2015-04,4,0,0,0,011
103,2015-04,4,0,0,0,011
104,2015-04,4,0,0,0,00000
105,2015-04,4,0,0,0,00000
106,2015-04,4,0,0,0,011
107,2015-04,4,0,0,0,011
108,2015-04,4,0,0,0,011
109,2015-04,4,0,0,0,011
110,2015-04,4,0,0,0,011
111,2015-04,4,0,0,0,011
112,2015-04,4,0,0,0,011
113,2015-04,4,0,0,0,011
114,2015-04,4,0,0,0,011
115,2015-04,4,0,0,0,011
116,2015-04,4,0,0,0,011
117,2015-04,4,0,0,0,011
118,2015-04,4,0,0,0,011
119,2015-04,4,0,0,0,011
120,2015-04,4,0,0,0,011
121,2015-04,4,0,0,0,011
122,2015-04,4,0,0,0,011
123,2015-04,4,0,0,0,011
124,2015-04,4,0,0,0,011
125,2015-04,4,0,0,0,011
126,2015-04,4,0,0,0,011
127,2015-04,4,0,0,0,011
128,2015-04,4,0,0,0,011
129,2015-04,4,0,0,0,011
130,2015-04,4,0,0,0,011
131,2015-04,4,0,0,0,11
132,2015-04,4,0,0,0,11
133,2015-04,4,0,0,0,11
134,2015-04,4,0,0,0,11
135,2015-04,4,0,0,0,11
136,2015-04,4,0,0,0,11
137,2015-04,4,0,0,0,11
138,2015-04,4,0,0,0,11
139,2015-04,4,0,0,0,011
140,2015-04,4,0,0,0,11
141,2015-04,4,0,0,0,11
142,2015-04,4,0,0,0,11
143,2015-04,4,0,0,0,11
144,2015-04,4,0,0,0,11
145,2015-04,4,0,0,0,11
146,2015-04,4,0,0,0,11
147,2015-04,4,0,0,0,11
148,2015-04,4,0,0,0,11
149,2015-04,4,0,0,0,11
150,2015-04,4,0,0,0,11
151,2015-04,4,0,0,0,11
152,2015-04,4,0,0,0,11
153,2015-04,4,0,0,0,11
154,2015-04,4,0,0,0,11
155,2015-04,4,0,0,0,1001
156,2015-04,4,0,0,0,1001
157,2015-04,4,0,0,0,1001
158,2015-04,4,0,0,0,1001
159,2015-04,4,0,0,0,1001
160,2015-04,4,0,0,0,101
161,2015-04,4,0,0,0,1001
162,2015-04,4,0,0,0,1001
163,2015-04,4,0,0,0,1001
164,2015-04,4,0,0,0,011
165,2015-04,4,0,0,0,101
166,2015-04,4,0,0,0,101
167,2015-04,4,0,0,0,11
168,2015-04,4,0,0,0,101
169,2015-04,4,0,0,0,101
170,2015-04,4,0,0,0,101
171,2015-04,4,0,0,0,101
172,2015-04,4,0,0,0,101
173,2015-04,4,0,0,0,101
174,2015-04,4,0,0,0,101
175,2015-04,4,0,0,0,101
176,2015-04,4,0,0,0,101
177,2015-04,4,0,0,0,101
178,2015-04,4,0,0,0,101
179,2015-04,4,0,0,0,11
180,2015-04,4,0,0,0,11
181,2015-04,4,0,0,0,11
182,2015-04,4,0,0,0,101
183,2015-04,4,0,0,0,11
184,2015-04,4,0,0,0,11
185,2015-04,4,0,0,0,11
186,2015-04,4,0,0,0,11
187,2015-04,4,0,0,0,101
188,2015-04,4,0,0,0,101
189,2015-04,4,0,0,0,101
190,2015-04,4,0,1,0,101
191,2015-04,4,0,0,0,101
192,2015-04,4,0,1,0,101
193,2015-04,4,0,1,0,101
194,2015-04,4,0,1,0,101
195,2015-04,4,0,1,0,101
196,2015-04,4,0,1,0,101
197,2015-04,4,0,0,0,101
198,2015-04,4,0,1,0,101
199,2015-04,4,0,0,0,101
200,2015-04,4,0,0,0,101
201,2015-04,4,0,0,0,101
202,2015-04,4,0,0,0,101
203,2015-04,4,0,0,0,101
204,2015-04,4,0,0,0,101
205,2015-04,4,0,0,0,101
206,2015-04,4,0,0,0,101
207,2015-04,4,0,0,0,101
208,2015-04,4,0,0,0,101
209,2015-04,4,0,0,0,101
210,2015-04,4,0,0,0,101
211,2015-04,4,0,0,0,1001
212,2015-04,4,0,0,0,11
213,2015-04,4,0,0,0,101
214,2015-04,4,0,0,0,1001
215,2015-04,4,0,0,0,1001
217,2015-04,4,0,0,0,011
218,2015-04,4,0,0,0,011
219,2015-04,4,0,0,0,011
220,2015-04,4,0,0,0,11
221,2015-04,4,0,0,0,011
222,2015-04,4,0,0,0,011
223,2015-04,4,0,0,0,1001
224,2015-04,4,0,0,0,1001
225,2015-04,4,0,0,0,1001
226,2015-04,4,0,0,0,1001
227,2015-04,4,0,0,0,1001
228,2015-04,4,0,0,0,1001
229,2015-04,4,0,0,0,1001
230,2015-04,4,0,0,0,1001
231,2015-04,4,0,0,0,1001
232,2015-04,4,0,0,0,1001
233,2015-04,4,0,0,0,101
234,2015-04,4,0,0,0,1001
235,2015-04,4,0,0,0,101
236,2015-04,4,0,0,0,101
237,2015-04,4,0,0,0,101
238,2015-04,4,0,0,0,1001
239,2015-04,4,0,0,0,101
240,2015-04,4,0,0,0,101
241,2015-04,4,0,0,0,11
242,2015-04,4,0,0,0,101
243,2015-04,4,0,0,0,11
244,2015-04,4,0,0,0,11
245,2015-04,4,0,0,0,101
246,2015-04,4,0,0,0,101
247,2015-04,4,0,0,0,101
248,2015-04,4,0,0,0,101
249,2015-04,4,0,0,0,101
250,2015-04,4,0,0,0,101
251,2015-04,4,0,0,0,101
252,2015-04,4,0,0,0,101
253,2015-04,4,0,0,0,101
254,2015-04,4,0,0,0,101
255,2015-04,4,0,0,0,101
256,2015-04,4,0,0,0,101
257,2015-04,4,0,0,0,101
258,2015-04,4,0,0,0,101
259,2015-04,4,0,0,0,101
260,2015-04,4,0,0,0,101
261,2015-04,4,0,0,0,101
262,2015-04,4,0,0,0,101
263,2015-04,4,0,0,0,101
264,2015-04,4,0,0,0,101
265,2015-04,4,0,0,0,11
266,2015-04,4,0,0,0,101
267,2015-04,4,0,0,0,101
268,2015-04,4,1,0,0,11
269,2015-04,4,0,0,0,011
270,2015-04,4,0,0,0,11
271,2015-04,4,0,0,0,11
272,2015-04,4,0,0,0,101
273,2015-04,4,0,0,0,11
274,2015-04,4,0,0,0,101
275,2015-04,4,0,0,0,101
276,2015-04,4,0,0,0,101
277,2015-04,4,0,0,0,11
278,2015-04,4,0,0,0,11
279,2015-04,4,0,0,0,10000
280,2015-04,4,1,0,0,11
281,2015-04,4,0,0,0,00000
282,2015-04,4,0,0,0,11
283,2015-04,4,0,0,0,11
284,2015-04,4,0,0,0,011
285,2015-04,4,0,0,0,11
286,2015-04,4,0,0,0,11
287,2015-04,4,0,0,0,11
288,2015-04,4,0,0,0,101
289,2015-04,4,0,0,0,11
290,2015-04,4,0,0,0,101
291,2015-04,4,0,0,0,101
292,2015-04,4,0,0,0,11
293,2015-04,4,0,0,0,101
294,2015-04,4,0,0,0,11
295,2015-04,4,0,0,0,11
296,2015-04,4,0,0,0,101
297,2015-04,4,0,0,0,101
298,2015-04,4,0,0,0,101
299,2015-04,4,0,0,0,101
300,2015-04,4,1,0,0,11
301,2015-04,4,0,0,0,101
302,2015-04,4,0,0,0,11
303,2015-04,4,0,0,0,101
304,2015-04,4,1,0,0,11
305,2015-04,4,0,0,0,10000
306,2015-04,4,1,0,0,11
307,2015-04,4,1,1,0,10001
308,2015-04,4,0,0,0,101
309,2015-04,4,0,0,0,10000
310,2015-04,4,0,0,0,101
311,2015-04,4,1,0,0,011
312,2015-04,4,0,0,0,10000
313,2015-04,4,1,0,0,11
314,2015-04,4,1,0,0,11
315,2015-04,4,0,0,0,11
316,2015-04,4,0,0,0,11
317,2015-04,4,0,0,0,11
318,2015-04,4,0,0,0,101
319,2015-04,4,0,0,0,101
320,2015-04,4,0,0,0,101
321,2015-04,4,0,0,0,101
322,2015-04,4,0,0,0,11
323,2015-04,4,0,0,0,101
324,2015-04,4,0,0,0,11
325,2015-04,4,0,0,0,101
326,2015-04,4,0,0,0,11
327,2015-04,4,0,0,0,101
328,2015-04,4,0,0,0,11
329,2015-04,4,0,0,0,101
330,2015-04,4,0,0,0,101
331,2015-04,4,0,0,0,101
332,2015-04,4,0,0,0,10000
333,2015-04,4,0,0,0,101
334,2015-04,4,0,0,0,101
335,2015-04,4,0,0,0,11
336,2015-04,4,0,0,0,101
337,2015-04,4,0,0,0,101
338,2015-04,4,0,0,0,11
339,2015-04,4,0,0,0,10000
340,2015-04,4,0,0,0,101
341,2015-04,4,0,0,0,11
342,2015-04,4,0,0,0,11
343,2015-04,4,0,0,0,11
344,2015-04,4,0,0,0,11
345,2015-04,4,0,0,0,101
346,2015-04,4,0,0,0,11
347,2015-04,4,0,0,0,11
348,2015-04,4,0,0,0,11
349,2015-04,4,0,0,0,11
350,2015-04,4,0,0,0,11
351,2015-04,4,0,0,0,11
352,2015-04,4,0,0,0,11
353,2015-04,4,0,0,0,11
354,2015-04,4,0,0,0,11
355,2015-04,4,0,0,0,11
356,2015-04,4,0,0,0,11
357,2015-04,4,0,0,0,101
358,2015-04,4,0,0,0,101
359,2015-04,4,0,0,0,11
360,2015-04,4,0,0,0,11
361,2015-04,4,0,0,0,11
362,2015-04,4,0,0,0,11
363,2015-04,4,0,0,0,11
364,2015-04,4,0,0,0,11
365,2015-04,4,0,0,0,11
366,2015-04,4,0,0,0,11
367,2015-04,4,0,0,0,11
368,2015-04,4,0,0,0,11
369,2015-04,4,0,0,0,11
370,2015-04,4,0,0,0,011
371,2015-04,4,0,0,0,11
372,2015-04,4,0,0,0,11
373,2015-04,4,0,0,0,11
374,2015-04,4,0,0,0,11
375,2015-04,4,0,0,0,11
376,2015-04,4,0,0,0,11
377,2015-04,4,0,0,0,11
378,2015-04,4,0,0,0,11
379,2015-04,4,0,0,0,11
380,2015-04,4,0,0,0,11
381,2015-04,4,0,0,0,11
382,2015-04,4,0,0,0,11
383,2015-04,4,0,0,0,11
384,2015-04,4,0,0,0,11
385,2015-04,4,0,0,0,11
386,2015-04,4,0,0,0,11
387,2015-04,4,0,0,0,11
388,2015-04,4,0,0,0,11
389,2015-04,4,0,0,0,11
390,2015-04,4,0,0,0,11
391,2015-04,4,0,0,0,11
392,2015-04,4,0,0,0,11
393,2015-04,4,0,0,0,11
394,2015-04,4,0,0,0,11
395,2015-04,4,0,0,0,11
396,2015-04,4,0,0,0,11
397,2015-04,4,0,0,0,11
398,2015-04,4,0,0,0,11
399,2015-04,4,0,0,0,11
400,2015-04,4,0,0,0,11
401,2015-04,4,0,0,0,11
402,2015-04,4,0,0,0,11
403,2015-04,4,0,0,0,11
404,2015-04,4,0,0,0,11
405,2015-04,4,0,0,0,11
406,2015-04,4,0,0,0,11
407,2015-04,4,0,0,0,11
408,2015-04,4,0,0,0,11
409,2015-04,4,0,0,0,11
410,2015-04,4,0,0,0,11
411,2015-04,4,0,0,0,11
412,2015-04,4,0,0,0,11
413,2015-04,4,0,0,0,11
414,2015-04,4,0,0,0,11
415,2015-04,4,0,0,0,11
416,2015-04,4,0,0,0,11
417,2015-04,4,0,0,0,11
418,2015-04,4,0,0,0,11
419,2015-04,4,0,0,0,11
420,2015-04,4,0,0,0,11
421,2015-04,4,0,0,0,11
422,2015-04,4,0,0,0,11
423,2015-04,4,0,0,0,11
424,2015-04,4,0,0,0,11
425,2015-04,4,0,0,0,11
426,2015-04,4,0,0,0,11
427,2015-04,4,0,0,0,11
428,2015-04,4,0,0,0,11
429,2015-04,4,0,0,0,11
430,2015-04,4,0,0,0,11
431,2015-04,4,0,0,0,11
432,2015-04,4,0,0,0,11
433,2015-04,4,0,0,0,11
434,2015-04,4,0,0,0,11
435,2015-04,4,0,0,0,11
436,2015-04,4,0,0,0,11
437,2015-04,4,0,0,0,11
438,2015-04,4,0,0,0,11
439,2015-04,4,0,0,0,11
440,2015-04,4,0,0,0,11
441,2015-04,4,0,0,0,11
442,2015-04,4,0,0,0,11
443,2015-04,4,0,0,0,11
444,2015-04,4,0,0,0,11
445,2015-04,4,0,0,0,11
446,2015-04,4,0,0,0,11
447,2015-04,4,0,0,0,11
448,2015-04,4,0,0,0,11
449,2015-04,4,0,0,0,11
450,2015-04,4,0,0,0,11
451,2015-04,4,0,0,0,11
452,2015-04,4,0,0,0,11
453,2015-04,4,0,0,0,11
454,2015-04,4,0,0,0,11
455,2015-04,4,0,0,0,11
456,2015-04,4,0,0,0,11
457,2015-04,4,0,0,0,11
458,2015-04,4,0,0,0,11
459,2015-04,4,0,0,0,11
460,2015-04,4,0,0,0,11
461,2015-04,4,0,0,0,11
462,2015-04,4,0,0,0,11
463,2015-04,4,0,0,0,11
464,2015-04,4,1,0,0,11
465,2015-04,4,1,0,0,11
466,2015-04,4,1,0,0,11
467,2015-04,4,0,0,0,11
468,2015-04,4,0,0,0,11
469,2015-04,4,0,0,0,11
470,2015-04,4,0,0,0,11
471,2015-04,4,0,0,0,11
472,2015-04,4,0,0,0,11
473,2015-04,4,0,0,0,11
474,2015-04,4,0,0,0,11
475,2015-04,4,0,0,0,11
476,2015-04,4,0,0,0,11
477,2015-04,4,0,0,0,11
478,2015-04,4,0,0,0,11
479,2015-04,4,0,0,0,11
480,2015-04,4,0,0,0,11
481,2015-04,4,0,0,0,11
482,2015-04,4,0,0,0,11
483,2015-04,4,0,0,0,11
484,2015-04,4,0,0,0,11
485,2015-04,4,0,0,0,11
486,2015-04,4,0,0,0,11
487,2015-04,4,0,0,0,11
488,2015-04,4,0,0,0,11
489,2015-04,4,0,0,0,11
490,2015-04,4,0,0,0,11
491,2015-04,4,0,0,0,11
492,2015-04,4,0,0,0,11
493,2015-04,4,0,0,0,11
494,2015-04,4,0,0,0,11
495,2015-04,4,0,0,0,11
496,2015-04,4,0,0,0,11
497,2015-04,4,0,0,0,11
498,2015-04,4,0,0,0,11
499,2015-04,4,0,0,0,11
500,2015-04,4,0,0,0,11
501,2015-04,4,0,0,0,11
502,2015-04,4,0,0,0,11
503,2015-04,4,0,1,0,0001
504,2015-04,4,0,0,0,11
505,2015-04,4,0,0,0,11
506,2015-04,4,0,0,0,11
507,2015-04,4,0,0,0,11
508,2015-04,4,0,0,0,11
509,2015-04,4,0,0,0,11
510,2015-04,4,0,0,0,11
511,2015-04,4,0,0,0,11
512,2015-04,4,0,0,0,11
513,2015-04,4,0,0,0,11
514,2015-04,4,0,0,0,11
515,2015-04,4,0,0,0,11
516,2015-04,4,1,0,0,11
517,2015-04,4,0,0,0,11
518,2015-04,4,0,0,0,11
519,2015-04,4,1,0,0,11
520,2015-04,4,0,0,0,11
521,2015-04,4,0,0,0,11
522,2015-04,4,0,0,0,11
523,2015-04,4,0,0,0,11
524,2015-04,4,0,0,0,11
525,2015-04,4,0,0,0,11
526,2015-04,4,0,0,0,11
527,2015-04,4,0,0,0,11
528,2015-04,4,0,0,0,11
529,2015-04,4,0,0,0,11
530,2015-04,4,0,0,0,11
531,2015-04,4,0,0,0,11
532,2015-04,4,0,0,0,11
533,2015-04,4,1,0,0,11
534,2015-04,4,1,1,0,011
535,2015-04,4,0,0,0,11
536,2015-04,4,1,1,0,011
537,2015-04,4,0,0,0,11
538,2015-04,4,0,0,0,11
539,2015-04,4,1,0,0,11
540,2015-04,4,0,0,0,11
541,2015-04,4,0,0,0,11
542,2015-04,4,0,0,0,00000
543,2015-04,4,0,0,0,11
544,2015-04,4,0,0,0,11
545,2015-04,4,0,0,0,11
546,2015-04,4,0,0,0,11
547,2015-04,4,0,0,0,11
548,2015-04,4,0,0,0,11
549,2015-04,4,0,0,0,11
550,2015-04,4,0,0,0,11
551,2015-04,4,0,0,0,11
552,2015-04,4,0,0,0,11
553,2015-04,4,0,0,0,11
554,2015-04,4,0,0,0,11
555,2015-04,4,0,0,0,11
556,2015-04,4,0,0,0,11
557,2015-04,4,0,0,0,11
558,2015-04,4,1,0,0,11
559,2015-04,4,0,0,0,11
560,2015-04,4,0,0,0,11
561,2015-04,4,0,0,0,11
562,2015-04,4,0,0,0,10001
563,2015-04,4,1,0,0,11
564,2015-04,4,0,0,0,11
565,2015-04,4,0,0,0,11
566,2015-04,4,0,0,0,11
567,2015-04,4,0,0,0,11
568,2015-04,4,0,0,0,11
569,2015-04,4,0,0,0,11
570,2015-04,4,0,0,0,11
571,2015-04,4,0,0,0,11
572,2015-04,4,0,0,0,11
573,2015-04,4,0,0,0,11
574,2015-04,4,0,0,0,11
575,2015-04,4,0,0,0,11
576,2015-04,4,1,0,0,11
577,2015-04,4,0,0,0,11
578,2015-04,4,0,0,0,11
579,2015-04,4,0,0,0,11
580,2015-04,4,0,0,0,10000
581,2015-04,4,0,0,0,11
582,2015-04,4,0,0,0,11
583,2015-04,4,1,0,0,11
584,2015-04,4,0,0,0,11
585,2015-04,4,0,0,0,11
586,2015-04,4,0,0,0,11
587,2015-04,4,0,0,0,11
588,2015-04,4,0,0,0,11
589,2015-04,4,0,0,0,11
590,2015-04,4,0,0,0,11
591,2015-04,4,0,0,0,11
592,2015-04,4,0,0,0,11
593,2015-04,4,0,0,0,11
594,2015-04,4,0,0,0,11
595,2015-04,4,0,0,0,11
596,2015-04,4,0,0,0,11
597,2015-04,4,1,0,0,11
598,2015-04,4,0,0,0,11
599,2015-04,4,0,0,0,11
600,2015-04,4,0,0,0,11
601,2015-04,4,0,0,0,11
602,2015-04,4,0,0,0,11
603,2015-04,4,0,0,0,101
604,2015-04,4,0,0,0,11
605,2015-04,4,0,0,0,101
606,2015-04,4,0,0,0,11
607,2015-04,4,0,0,0,11
608,2015-04,4,0,0,0,11
609,2015-04,4,0,0,0,11
610,2015-04,4,0,0,0,11
611,2015-04,4,0,0,0,11
612,2015-04,4,0,0,0,11
613,2015-04,4,0,0,0,10000
614,2015-04,4,0,0,0,11
615,2015-04,4,0,0,0,11
616,2015-04,4,0,0,0,11
617,2015-04,4,0,0,0,11
618,2015-04,4,0,0,0,11
619,2015-04,4,0,0,0,11
620,2015-04,4,0,0,0,11
621,2015-04,4,0,0,0,11
622,2015-04,4,0,0,0,11
623,2015-04,4,0,0,0,11
624,2015-04,4,0,0,0,11
625,2015-04,4,0,0,0,11
626,2015-04,4,0,0,0,11
627,2015-04,4,0,0,0,11
628,2015-04,4,0,0,0,11
629,2015-04,4,0,0,0,11
630,2015-04,4,0,0,0,101
631,2015-04,4,0,0,0,10000
632,2015-04,4,0,0,0,11
633,2015-04,4,0,0,0,11
634,2015-04,4,0,0,0,11
635,2015-04,4,0,0,0,11
636,2015-04,4,0,0,0,11
637,2015-04,4,0,0,0,11
638,2015-04,4,0,0,0,11
639,2015-04,4,0,0,0,11
640,2015-04,4,0,0,0,11
641,2015-04,4,0,0,0,11
642,2015-04,4,0,0,0,11
643,2015-04,4,0,0,0,11
644,2015-04,4,0,0,0,11
645,2015-04,4,0,0,0,11
646,2015-04,4,0,0,0,11
647,2015-04,4,0,0,0,11
648,2015-04,4,0,0,0,11
649,2015-04,4,0,0,0,11
650,2015-04,4,0,0,0,11
651,2015-04,4,0,0,0,11
652,2015-04,4,0,0,0,11
653,2015-04,4,0,0,0,11
654,2015-04,4,0,0,0,11
655,2015-04,4,0,0,0,11
656,2015-04,4,0,0,0,11
657,2015-04,4,0,0,0,11
658,2015-04,4,0,0,0,11
659,2015-04,4,0,0,0,11
660,2015-04,4,0,0,0,11
661,2015-04,4,0,0,0,11
662,2015-04,4,0,0,0,11
663,2015-04,4,0,0,0,11
664,2015-04,4,0,0,0,11
665,2015-04,4,0,0,0,11
666,2015-04,4,0,0,0,11
667,2015-04,4,0,0,0,11
668,2015-04,4,0,0,0,11
669,2015-04,4,0,0,0,11
670,2015-04,4,0,0,0,11
671,2015-04,4,0,0,0,11
672,2015-04,4,0,0,0,11
673,2015-04,4,0,0,0,11
674,2015-04,4,0,0,0,11
675,2015-04,4,0,0,0,11
676,2015-04,4,0,0,0,11
677,2015-04,4,0,0,0,11
678,2015-04,4,0,0,0,00000
679,2015-04,4,0,0,0,11
680,2015-04,4,0,0,0,11
681,2015-04,4,0,0,0,11
682,2015-04,4,0,0,0,11
683,2015-04,4,0,0,0,0001
684,2015-04,4,0,0,0,11
685,2015-04,4,0,0,0,11
686,2015-04,4,0,0,0,11
687,2015-04,4,0,0,0,11
688,2015-04,4,0,0,0,11
689,2015-04,4,0,0,0,11
690,2015-04,4,0,0,0,11
691,2015-04,4,0,0,0,11
692,2015-04,4,0,0,0,11
693,2015-04,4,0,0,0,11
694,2015-04,4,0,0,0,11
695,2015-04,4,0,0,0,11
696,2015-04,4,0,0,0,11
697,2015-04,4,0,0,0,11
698,2015-04,4,0,0,0,11
699,2015-04,4,0,0,0,11
700,2015-04,4,0,0,0,11
701,2015-04,4,0,0,0,00000
702,2015-04,4,0,0,0,11
703,2015-04,4,0,0,0,11
704,2015-04,4,0,0,0,11
705,2015-04,4,0,0,0,11
706,2015-04,4,0,0,0,11
707,2015-04,4,0,0,0,0001
708,2015-04,4,0,0,0,11
709,2015-04,4,0,0,0,11
710,2015-04,4,0,0,0,11
711,2015-04,4,0,0,0,11
712,2015-04,4,0,0,0,11
713,2015-04,4,0,0,0,11
714,2015-04,4,0,0,0,11
715,2015-04,4,0,0,0,11
716,2015-04,4,0,0,0,11
717,2015-04,4,0,0,0,11
718,2015-04,4,0,0,0,11
719,2015-04,4,0,0,0,11
720,2015-04,4,0,0,0,11
721,2015-04,4,0,0,0,11
722,2015-04,4,0,0,0,11
723,2015-04,4,0,0,0,11
724,2015-04,4,0,0,0,11
725,2015-04,4,0,0,0,11
726,2015-04,4,0,0,0,11
727,2015-04,4,0,0,0,11
728,2015-04,4,1,0,0,11
729,2015-04,4,0,0,0,11
730,2015-04,4,0,0,0,11
731,2015-04,4,0,0,0,11
732,2015-04,4,0,0,0,11
733,2015-04,4,0,0,0,11
734,2015-04,4,0,0,0,11
735,2015-04,4,0,0,0,11
736,2015-04,4,0,0,0,11
737,2015-04,4,0,0,0,11
738,2015-04,4,0,0,0,11
739,2015-04,4,0,0,0,11
740,2015-04,4,1,0,0,11
741,2015-04,4,0,0,0,11
742,2015-04,4,0,0,0,11
743,2015-04,4,0,0,0,11
744,2015-04,4,0,0,0,11
745,2015-04,4,1,0,0,11
746,2015-04,4,1,0,0,11
747,2015-04,4,1,0,0,11
748,2015-04,4,0,0,0,11
749,2015-04,4,0,0,0,11
750,2015-04,4,1,0,0,11
751,2015-04,4,0,0,0,11
752,2015-04,4,1,0,0,11
753,2015-04,4,0,0,0,11
754,2015-04,4,0,0,0,11
755,2015-04,4,0,0,0,11
756,2015-04,4,0,0,0,11
757,2015-04,4,0,0,0,11
758,2015-04,4,0,0,0,11
759,2015-04,4,0,0,0,11
760,2015-04,4,0,0,0,11
761,2015-04,4,0,0,0,11
762,2015-04,4,0,0,0,11
763,2015-04,4,0,0,0,11
764,2015-04,4,0,0,0,11
765,2015-04,4,0,0,0,11
766,2015-04,4,0,0,0,11
767,2015-04,4,0,0,0,11
768,2015-04,4,0,0,0,11
769,2015-04,4,0,0,0,11
770,2015-04,4,0,0,0,11
771,2015-04,4,0,0,0,11
772,2015-04,4,0,0,0,11
773,2015-04,4,0,0,0,11
774,2015-04,4,0,0,0,11
775,2015-04,4,0,0,0,11
776,2015-04,4,0,0,0,11
777,2015-04,4,0,0,0,11
778,2015-04,4,0,0,0,11
779,2015-04,4,0,0,0,11
780,2015-04,4,0,0,0,11
781,2015-04,4,1,0,0,11
782,2015-04,4,1,0,0,11
783,2015-04,4,1,0,0,11
784,2015-04,4,0,0,0,11
785,2015-04,4,0,0,0,11
786,2015-04,4,0,0,0,11
787,2015-04,4,0,0,0,11
788,2015-04,4,0,0,0,11
789,2015-04,4,0,0,0,11
790,2015-04,4,0,0,0,11
791,2015-04,4,0,0,0,11
792,2015-04,4,0,0,0,11
793,2015-04,4,0,0,0,11
794,2015-04,4,0,0,0,11
795,2015-04,4,0,0,0,11
796,2015-04,4,0,0,0,11
797,2015-04,4,0,0,0,11
798,2015-04,4,0,0,0,11
799,2015-04,4,0,0,0,11
800,2015-04,4,0,0,0,11
801,2015-04,4,0,0,0,11
802,2015-04,4,0,0,0,11
803,2015-04,4,0,0,0,11
804,2015-04,4,0,0,0,11
805,2015-04,4,0,0,0,11
806,2015-04,4,1,0,0,11
807,2015-04,4,1,0,0,11
808,2015-04,4,1,0,0,11
809,2015-04,4,1,0,0,11
810,2015-04,4,1,0,0,11
811,2015-04,4,1,0,0,11
812,2015-04,4,1,0,0,11
813,2015-04,4,0,0,0,11
814,2015-04,4,0,0,0,11
815,2015-04,4,0,0,0,11
816,2015-04,4,0,0,0,11
817,2015-04,4,0,0,0,11
818,2015-04,4,0,0,0,11
819,2015-04,4,0,0,0,11
820,2015-04,4,0,0,0,11
821,2015-04,4,0,0,0,11
822,2015-04,4,0,0,0,11
823,2015-04,4,0,0,0,11
824,2015-04,4,0,0,0,11
825,2015-04,4,0,0,0,11
826,2015-04,4,0,0,0,11
827,2015-04,4,0,0,0,11
828,2015-04,4,0,0,0,11
829,2015-04,4,0,0,0,11
830,2015-04,4,0,0,0,11
831,2015-04,4,0,0,0,11
832,2015-04,4,0,0,0,11
833,2015-04,4,0,0,0,11
834,2015-04,4,0,0,0,11
835,2015-04,4,0,0,0,11
836,2015-04,4,0,0,0,11
837,2015-04,4,0,0,0,11
838,2015-04,4,0,0,0,11
839,2015-04,4,0,0,0,11
840,2015-04,4,0,0,0,11
841,2015-04,4,0,0,0,11
842,2015-04,4,0,0,0,11
843,2015-04,4,0,0,0,11
844,2015-04,4,0,0,0,11
845,2015-04,4,0,0,0,11
846,2015-04,4,0,0,0,11
847,2015-04,4,0,0,0,11
848,2015-04,4,0,0,0,11
849,2015-04,4,0,0,0,11
850,2015-04,4,0,0,0,11
851,2015-04,4,0,0,0,11
852,2015-04,4,0,0,0,11
853,2015-04,4,0,0,0,11
854,2015-04,4,0,0,0,11
855,2015-04,4,0,0,0,11
856,2015-04,4,0,0,0,11
857,2015-04,4,0,0,0,11
858,2015-04,4,0,0,0,11
859,2015-04,4,0,0,0,11
860,2015-04,4,0,0,0,11
861,2015-04,4,0,0,0,11
862,2015-04,4,0,0,0,11
863,2015-04,4,0,0,0,11
864,2015-04,4,0,0,0,11
865,2015-04,4,0,0,0,11
866,2015-04,4,0,0,0,11
867,2015-04,4,0,0,0,11
868,2015-04,4,1,0,0,11
869,2015-04,4,0,0,0,11
870,2015-04,4,1,0,0,11
871,2015-04,4,0,0,0,11
872,2015-04,4,0,0,0,11
873,2015-04,4,0,0,0,11
874,2015-04,4,1,0,0,11
875,2015-04,4,1,0,0,11
876,2015-04,4,0,0,0,11
877,2015-04,4,0,0,0,11
878,2015-04,4,0,0,0,11
879,2015-04,4,0,0,0,11
880,2015-04,4,0,0,0,11
881,2015-04,4,0,0,0,11
882,2015-04,4,0,0,0,11
883,2015-04,4,0,0,0,11
884,2015-04,4,0,0,0,11
885,2015-04,4,0,0,0,11
886,2015-04,4,0,0,0,11
887,2015-04,4,0,0,0,11
888,2015-04,4,0,0,0,11
889,2015-04,4,0,0,0,11
890,2015-04,4,0,0,0,11
891,2015-04,4,0,0,0,11
892,2015-04,4,0,0,0,11
893,2015-04,4,1,0,0,11
894,2015-04,4,0,0,0,11
895,2015-04,4,0,0,0,11
896,2015-04,4,1,0,0,11
897,2015-04,4,0,0,0,11
898,2015-04,4,1,0,0,11
899,2015-04,4,1,0,0,11
900,2015-04,4,1,0,0,11
901,2015-04,4,1,0,0,11
902,2015-04,4,1,0,0,11
903,2015-04,4,1,0,0,11
904,2015-04,4,1,0,0,011
905,2015-04,4,0,0,0,11
906,2015-04,4,0,0,0,011
907,2015-04,4,1,0,0,11
908,2015-04,4,1,0,0,11
909,2015-04,4,0,0,0,11
910,2015-04,4,1,0,0,11
911,2015-04,4,1,0,0,11
912,2015-04,4,0,0,0,011
913,2015-04,4,0,0,0,011
914,2015-04,4,1,0,0,11
915,2015-04,4,1,0,0,11
916,2015-04,4,0,0,0,11
917,2015-04,4,1,0,0,11
918,2015-04,4,0,0,0,11
919,2015-04,4,0,0,0,011
920,2015-04,4,0,0,0,11
921,2015-04,4,0,0,0,11
922,2015-04,4,0,0,0,11
923,2015-04,4,0,0,0,11
924,2015-04,4,0,0,0,11
925,2015-04,4,0,0,0,11
926,2015-04,4,1,0,0,11
927,2015-04,4,0,0,0,11
928,2015-04,4,0,0,0,11
929,2015-04,4,0,0,0,11
930,2015-04,4,0,0,0,11
931,2015-04,4,0,0,0,11
932,2015-04,4,0,0,0,11
933,2015-04,4,0,0,0,11
934,2015-04,4,0,0,0,11
935,2015-04,4,0,0,0,11
936,2015-04,4,0,0,0,11
937,2015-04,4,0,0,0,11
938,2015-04,4,0,0,0,11
939,2015-04,4,0,0,0,11
940,2015-04,4,0,0,0,11
941,2015-04,4,0,0,0,11
942,2015-04,4,0,0,0,11
943,2015-04,4,0,0,0,11
944,2015-04,4,0,0,0,11
945,2015-04,4,0,0,0,11
946,2015-04,4,0,0,0,11
947,2015-04,4,0,0,0,11
948,2015-04,4,0,0,0,11
949,2015-04,4,0,0,0,11
950,2015-04,4,0,0,0,11
951,2015-04,4,0,0,0,11
952,2015-04,4,0,0,0,11
953,2015-04,4,0,0,0,11
954,2015-04,4,0,0,0,11
955,2015-04,4,0,0,0,11
956,2015-04,4,0,0,0,11
957,2015-04,4,0,0,0,11
958,2015-04,4,0,0,0,11
959,2015-04,4,0,0,0,11
960,2015-04,4,0,0,0,11
961,2015-04,4,0,0,0,11
962,2015-04,4,0,0,0,11
963,2015-04,4,0,0,0,11
964,2015-04,4,0,0,0,11
965,2015-04,4,0,0,0,11
966,2015-04,4,0,0,0,11
967,2015-04,4,0,0,0,11
968,2015-04,4,0,0,0,11
969,2015-04,4,0,0,0,11
970,2015-04,4,0,0,0,11
971,2015-04,4,0,0,0,11
972,2015-04,4,0,0,0,11
973,2015-04,4,0,0,0,11
974,2015-04,4,0,0,0,11
975,2015-04,4,0,0,0,11
976,2015-04,4,0,0,0,11
977,2015-04,4,0,0,0,11
978,2015-04,4,0,0,0,11
979,2015-04,4,0,0,0,11
980,2015-04,4,0,0,0,11
981,2015-04,4,0,0,0,11
982,2015-04,4,0,0,0,11
983,2015-04,4,0,0,0,11
984,2015-04,4,0,0,0,11
985,2015-04,4,0,0,0,11
986,2015-04,4,0,0,0,11
987,2015-04,4,0,0,0,11
988,2015-04,4,0,0,0,11
989,2015-04,4,0,0,0,11
990,2015-04,4,0,0,0,11
991,2015-04,4,0,0,0,11
992,2015-04,4,0,0,0,11
993,2015-04,4,0,0,0,11
994,2015-04,4,0,0,0,11
995,2015-04,4,0,0,0,11
996,2015-04,4,0,0,0,11
997,2015-04,4,0,0,0,11
998,2015-04,4,0,0,0,11
999,2015-04,4,0,0,0,11
1000,2015-04,4,0,0,0,11
1001,2015-04,4,0,0,0,11
1002,2015-04,4,0,0,0,11
1003,2015-04,4,0,0,0,11
1004,2015-04,4,0,0,0,11
1005,2015-04,4,0,0,0,11
1006,2015-04,4,0,0,0,11
1007,2015-04,4,0,0,0,11
1008,2015-04,4,0,0,0,11
1009,2015-04,4,0,0,0,11
1010,2015-04,4,0,0,0,11
1011,2015-04,4,0,0,0,11
1012,2015-04,4,0,0,0,11
1013,2015-04,4,0,0,0,11
1014,2015-04,4,0,0,0,11
1015,2015-04,4,0,0,0,11
1112,2015-04,4,0,0,0,11
1113,2015-04,4,0,0,0,11
1114,2015-04,4,0,0,0,11
1115,2015-04,4,0,0,0,11
1116,2015-04,4,0,0,0,11
1117,2015-04,4,0,0,0,11
1118,2015-04,4,0,0,0,11
1119,2015-04,4,0,0,0,11
1120,2015-04,4,0,0,0,11
1121,2015-04,4,1,0,0,11
1122,2015-04,4,1,0,0,11
1123,2015-04,4,0,0,0,11
1124,2015-04,4,0,0,0,11
1125,2015-04,4,0,0,0,11
1126,2015-04,4,0,0,0,11
1127,2015-04,4,0,0,0,11
1128,2015-04,4,0,0,0,11
1129,2015-04,4,0,0,0,11
1130,2015-04,4,0,0,0,11
1131,2015-04,4,0,0,0,11
1132,2015-04,4,0,0,0,11
1133,2015-04,4,0,0,0,11
1134,2015-04,4,0,0,0,101
1135,2015-04,4,0,0,0,11
1136,2015-04,4,0,0,0,101
1137,2015-04,4,0,0,0,11
1138,2015-04,4,0,0,0,root
1139,2015-04,4,0,0,0,11
1140,2015-04,4,0,0,0,11
1141,2015-04,4,0,0,0,11
1142,2015-04,4,0,0,0,11
1143,2015-04,4,0,0,0,11
1144,2015-04,4,0,0,0,11
1145,2015-04,4,0,0,0,11
1146,2015-04,4,0,0,0,11
1147,2015-04,4,0,0,0,11
1148,2015-04,4,0,0,0,11
1149,2015-04,4,0,0,0,11
1150,2015-04,4,0,0,0,11
1151,2015-04,4,0,0,0,11
1152,2015-04,4,0,0,0,11
1153,2015-04,4,0,0,0,11
1154,2015-04,4,0,0,0,11
1155,2015-04,4,0,0,0,011
1156,2015-04,4,0,0,0,11
1157,2015-04,4,0,0,0,11
1158,2015-04,4,0,0,0,11
1159,2015-04,4,0,0,0,11
1160,2015-04,4,0,0,0,11
1161,2015-04,4,0,0,0,11
1162,2015-04,4,0,0,0,11
1163,2015-04,4,0,0,0,11
1164,2015-04,4,0,0,0,11
1165,2015-04,4,0,0,0,11
1166,2015-04,4,0,0,0,11
1167,2015-04,4,0,0,0,11
1168,2015-04,4,0,0,0,11
1169,2015-04,4,0,0,0,11
1170,2015-04,4,0,0,0,11
1171,2015-04,4,0,0,0,11
1172,2015-04,4,0,0,0,11
1173,2015-04,4,0,0,0,11
1174,2015-04,4,0,0,0,11
1175,2015-04,4,0,0,0,11
1176,2015-04,4,0,0,0,11
1177,2015-04,4,0,0,0,11
1178,2015-04,4,0,0,0,11
1179,2015-04,4,0,0,0,11
1180,2015-04,4,0,0,0,11
1181,2015-04,4,0,0,0,11
1182,2015-04,4,0,0,0,11
1183,2015-04,4,1,0,0,11
1184,2015-04,4,0,0,0,101
1185,2015-04,4,0,0,0,11
1186,2015-04,4,0,0,0,11
1187,2015-04,4,0,0,0,11
1188,2015-04,4,0,0,0,11
1189,2015-04,4,0,0,0,11
1190,2015-04,4,0,0,0,11
1191,2015-04,4,0,0,0,11
1192,2015-04,4,0,0,0,11
1193,2015-04,4,0,0,0,11
1194,2015-04,4,0,0,0,11
1195,2015-04,4,0,0,0,11
1196,2015-04,4,0,0,0,11
1197,2015-04,4,0,0,0,11
1198,2015-04,4,0,0,0,11
1199,2015-04,4,0,0,0,root
1200,2015-04,4,0,0,0,11
1201,2015-04,4,0,0,0,11
1202,2015-04,4,0,0,0,11
1203,2015-04,4,0,0,0,11
1204,2015-04,4,0,0,0,11
1205,2015-04,4,0,0,0,11
1206,2015-04,4,0,0,0,11
1207,2015-04,4,0,0,0,11
1208,2015-04,4,0,0,0,11
1209,2015-04,4,1,0,0,101
1210,2015-04,4,1,0,0,101
1211,2015-04,4,0,0,0,11
1212,2015-04,4,0,0,0,11
1213,2015-04,4,0,0,0,11
1214,2015-04,4,0,0,0,11
1215,2015-04,4,0,0,0,11
1216,2015-04,4,0,0,0,11
1217,2015-04,4,0,0,0,101
1218,2015-04,4,0,0,0,11
1219,2015-04,4,0,0,0,11
1220,2015-04,4,0,0,0,11
1221,2015-04,4,0,0,0,11
1222,2015-04,4,0,0,0,11
1223,2015-04,4,0,0,0,11
1224,2015-04,4,0,0,0,11
1225,2015-04,4,0,0,0,11
1226,2015-04,4,1,0,0,11
1227,2015-04,4,1,0,0,11
1228,2015-04,4,0,0,0,11
1229,2015-04,4,0,0,0,11
1230,2015-04,4,0,0,0,11
1231,2015-04,4,0,0,0,101
1232,2015-04,4,0,0,0,11
1233,2015-04,4,0,0,0,11
1234,2015-04,4,0,0,0,11
1235,2015-04,4,0,0,0,11
1236,2015-04,4,0,0,0,11
1237,2015-04,4,0,0,0,11
1238,2015-04,4,0,0,0,11
1239,2015-04,4,0,0,0,11
1240,2015-04,4,0,0,0,11
1241,2015-04,4,0,0,0,11
1242,2015-04,4,0,0,0,11
1243,2015-04,4,0,0,0,11
1244,2015-04,4,0,0,0,11
1245,2015-04,4,0,0,0,11
1246,2015-04,4,0,0,0,11
1247,2015-04,4,0,0,0,11
1248,2015-04,4,0,0,0,11
1249,2015-04,4,0,0,0,101
1250,2015-04,4,0,0,0,11
1251,2015-04,4,0,0,0,11
1252,2015-04,4,0,0,0,11
1253,2015-04,4,0,0,0,11
1254,2015-04,4,0,0,0,11
1255,2015-04,4,0,0,0,11
1256,2015-04,4,0,0,0,11
1257,2015-04,4,0,0,0,11
1258,2015-04,4,0,0,0,11
1259,2015-04,4,0,0,0,11
1260,2015-04,4,0,0,0,11
1261,2015-04,4,0,0,0,11
1262,2015-04,4,0,0,0,11
1263,2015-04,4,0,0,0,101
1264,2015-04,4,0,0,0,11
1265,2015-04,4,0,0,0,11
1266,2015-04,4,0,0,0,11
1267,2015-04,4,0,0,0,11
1268,2015-04,4,0,0,0,11
1269,2015-04,4,0,0,0,11
1270,2015-04,4,0,0,0,11
1271,2015-04,4,0,0,0,11
1272,2015-04,4,1,0,0,11
1273,2015-04,4,0,0,0,11
1274,2015-04,4,1,0,0,11
1275,2015-04,4,0,0,0,11
1276,2015-04,4,0,0,0,11
1277,2015-04,4,0,0,0,11
1278,2015-04,4,0,0,0,101
1279,2015-04,4,0,0,0,11
1280,2015-04,4,0,0,0,11
1281,2015-04,4,1,0,0,11
1282,2015-04,4,0,0,0,11
1283,2015-04,4,0,0,0,11
1284,2015-04,4,0,0,0,11
1285,2015-04,4,0,0,0,11
1286,2015-04,4,0,0,0,11
1287,2015-04,4,0,0,0,11
1288,2015-04,4,0,0,0,11
1289,2015-04,4,0,0,0,11
1290,2015-04,4,1,0,0,11
1291,2015-04,4,0,0,0,11
1292,2015-04,4,0,0,0,11
1293,2015-04,4,0,0,0,00000
1294,2015-04,4,0,0,0,11
1295,2015-04,4,0,0,0,11
1296,2015-04,4,0,0,0,11
1297,2015-04,4,0,0,0,11
1298,2015-04,4,0,0,0,11
1299,2015-04,4,0,0,0,11
1300,2015-04,4,0,0,0,11
1301,2015-04,4,0,0,0,101
1302,2015-04,4,0,0,0,11
1303,2015-04,4,0,0,0,11
1304,2015-04,4,0,0,0,11
1305,2015-04,4,0,0,0,11
1306,2015-04,4,0,0,0,11
1307,2015-04,4,0,0,0,11
1308,2015-04,4,0,0,0,11
1309,2015-04,4,0,0,0,101
1310,2015-04,4,0,0,0,11
1311,2015-04,4,0,0,0,11
1312,2015-04,4,0,0,0,11
1313,2015-04,4,0,0,0,011
1314,2015-04,4,0,0,0,11
1315,2015-04,4,0,0,0,11
1316,2015-04,4,0,0,0,11
1317,2015-04,4,0,0,0,11
1318,2015-04,4,0,0,0,101
1319,2015-04,4,0,0,0,11
1320,2015-04,4,0,0,0,11
1321,2015-04,4,0,0,0,11
1322,2015-04,4,0,0,0,11
1323,2015-04,4,0,0,0,11
1324,2015-04,4,1,0,0,11
1325,2015-04,4,0,0,0,11
1326,2015-04,4,0,0,0,11
1327,2015-04,4,0,0,0,11
1328,2015-04,4,0,0,0,11
1329,2015-04,4,0,0,0,11
1330,2015-04,4,0,0,0,11
1331,2015-04,4,0,0,0,11
1332,2015-04,4,0,0,0,11
1333,2015-04,4,0,0,0,101
1334,2015-04,4,0,0,0,11
1335,2015-04,4,0,0,0,11
1336,2015-04,4,0,0,0,11
1337,2015-04,4,0,0,0,11
1338,2015-04,4,0,0,0,11
1339,2015-04,4,0,0,0,11
1340,2015-04,4,0,0,0,101
1341,2015-04,4,0,0,0,101
1342,2015-04,4,0,0,0,11
1343,2015-04,4,0,0,0,11
1344,2015-04,4,0,0,0,11
1345,2015-04,4,0,0,0,11
1346,2015-04,4,0,0,0,11
1347,2015-04,4,0,0,0,11
1348,2015-04,4,0,0,0,11
1349,2015-04,4,0,0,0,11
1350,2015-04,4,0,0,0,101
1351,2015-04,4,0,0,0,11
1352,2015-04,4,0,0,0,11
1353,2015-04,4,0,0,0,11
1354,2015-04,4,0,0,0,11
1355,2015-04,4,0,0,0,11
1356,2015-04,4,0,0,0,11
1357,2015-04,4,0,0,0,11
1358,2015-04,4,0,0,0,11
1359,2015-04,4,0,0,0,11
1360,2015-04,4,0,0,0,11
1361,2015-04,4,0,0,0,11
1362,2015-04,4,0,0,0,11
1363,2015-04,4,0,0,0,11
1364,2015-04,4,0,0,0,1001
1365,2015-04,4,0,0,0,11
1366,2015-04,4,0,0,0,11
1367,2015-04,4,0,0,0,11
1368,2015-04,4,0,0,0,11
1369,2015-04,4,0,0,0,11
1370,2015-04,4,0,0,0,11
1371,2015-04,4,0,0,0,11
1372,2015-04,4,0,0,0,11
1373,2015-04,4,0,0,0,11
1374,2015-04,4,0,0,0,11
1375,2015-04,4,0,0,0,11
1376,2015-04,4,0,0,0,11
1377,2015-04,4,0,0,0,101
1378,2015-04,4,0,0,0,11
1379,2015-04,4,0,0,0,11
1380,2015-04,4,0,0,0,11
1381,2015-04,4,0,0,0,11
1382,2015-04,4,0,0,0,11
1383,2015-04,4,0,0,0,11
1384,2015-04,4,0,0,0,11
1385,2015-04,4,0,0,0,11
1386,2015-04,4,0,0,0,0001
1387,2015-04,4,0,0,0,11
1388,2015-04,4,0,0,0,11
1389,2015-04,4,0,0,0,11
1390,2015-04,4,0,0,0,11
1391,2015-04,4,0,0,0,00000
1392,2015-04,4,0,0,0,11
1393,2015-04,4,0,0,0,00000
1394,2015-04,4,0,0,0,11
1395,2015-04,4,0,0,0,11
1396,2015-04,4,0,0,0,11
1397,2015-04,4,0,0,0,11
1398,2015-04,4,0,0,0,11
1399,2015-04,4,0,0,0,101
1400,2015-04,4,0,0,0,11
1401,2015-04,4,0,0,0,11
1402,2015-04,4,0,0,0,11
1403,2015-04,4,0,0,0,11
1404,2015-04,4,0,0,0,11
1405,2015-04,4,0,0,0,101
1406,2015-04,4,0,0,0,11
1407,2015-04,4,0,0,0,11
1408,2015-04,4,0,0,0,11
1409,2015-04,4,0,0,0,11
1410,2015-04,4,0,0,0,11
1411,2015-04,4,0,0,0,11
1412,2015-04,4,0,0,0,11
1413,2015-04,4,0,0,0,11
1414,2015-04,4,0,0,0,11
1415,2015-04,4,0,0,0,11
1416,2015-04,4,0,0,0,11
1417,2015-04,4,0,0,0,101
1418,2015-04,4,0,0,0,11
1419,2015-04,4,0,0,0,11
1420,2015-04,4,1,0,0,11
1421,2015-04,4,0,0,0,11
1422,2015-04,4,0,0,0,11
1423,2015-04,4,0,0,0,11
1424,2015-04,4,0,0,0,11
1425,2015-04,4,0,0,0,11
1426,2015-04,4,0,0,0,11
1427,2015-04,4,0,0,0,11
1428,2015-04,4,0,0,0,11
1429,2015-04,4,0,0,0,11
1430,2015-04,4,0,0,0,11
1431,2015-04,4,0,0,0,11
1432,2015-04,4,0,0,0,11
1433,2015-04,4,0,0,0,11
1434,2015-04,4,0,0,0,11
1435,2015-04,4,0,0,0,11
1436,2015-04,4,0,0,0,11
1437,2015-04,4,0,0,0,11
1438,2015-04,4,0,0,0,11
1439,2015-04,4,1,0,0,11
1440,2015-04,4,0,0,0,11
1441,2015-04,4,0,0,0,101
1442,2015-04,4,0,0,0,11
1443,2015-04,4,0,0,0,11
1444,2015-04,4,0,0,0,10000
1445,2015-04,4,0,0,0,11
1446,2015-04,4,0,0,0,11
1447,2015-04,4,1,0,0,00000
1448,2015-04,4,0,0,0,11
1449,2015-04,4,1,0,0,101
1450,2015-04,4,0,0,0,11
1451,2015-04,4,1,0,0,11
1452,2015-04,4,0,0,0,11
1453,2015-04,4,0,0,0,11
1454,2015-04,4,0,0,0,11
1455,2015-04,4,0,0,0,11
1456,2015-04,4,0,0,0,11
1457,2015-04,4,0,0,0,11
1458,2015-04,4,0,0,0,101
1459,2015-04,4,0,0,0,11
1460,2015-04,4,0,0,0,00000
1461,2015-04,4,0,0,0,11
1462,2015-04,4,0,0,0,11
1463,2015-04,4,1,0,0,11
1464,2015-04,4,0,0,0,11
1465,2015-04,4,0,0,0,11
1466,2015-04,4,0,0,0,11
1467,2015-04,4,0,0,0,101
1468,2015-04,4,0,0,0,11
1469,2015-04,4,0,0,0,11
1470,2015-04,4,0,0,0,11
1471,2015-04,4,0,0,0,11
1472,2015-04,4,0,0,0,11
1473,2015-04,4,1,0,0,11
1474,2015-04,4,0,0,0,101
1475,2015-04,4,0,0,0,11
1476,2015-04,4,0,0,0,11
1477,2015-04,4,0,0,0,11
1478,2015-04,4,0,0,0,11
1479,2015-04,4,0,0,0,011
1480,2015-04,4,0,0,0,11
1481,2015-04,4,0,0,0,11
1482,2015-04,4,0,0,0,11
1483,2015-04,4,0,0,0,11
1484,2015-04,4,0,0,0,11
1485,2015-04,4,1,1,0,101
1486,2015-04,4,0,0,0,11
1487,2015-04,4,0,0,0,11
1488,2015-04,4,0,0,0,11
1489,2015-04,4,0,0,0,11
1490,2015-04,4,0,0,0,11
1491,2015-04,4,0,0,0,11
1492,2015-04,4,0,0,0,11
1493,2015-04,4,0,0,0,11
1494,2015-04,4,0,0,0,11
1495,2015-04,4,0,0,0,11
1496,2015-04,4,0,0,0,11
1497,2015-04,4,0,0,0,11
1498,2015-04,4,0,0,0,11
1499,2015-04,4,0,0,0,11
1500,2015-04,4,0,0,0,11
1501,2015-04,4,0,0,0,11
1502,2015-04,4,0,0,0,11
1503,2015-04,4,0,0,0,101
1504,2015-04,4,0,0,0,11
1505,2015-04,4,0,0,0,11
1506,2015-04,4,0,0,0,11
1507,2015-04,4,0,0,0,11
1508,2015-04,4,0,0,0,11
1509,2015-04,4,0,0,0,11
1510,2015-04,4,0,0,0,11
1511,2015-04,4,0,0,0,11
1512,2015-04,4,0,0,0,11
1513,2015-04,4,0,0,0,11
1514,2015-04,4,0,0,0,11
1515,2015-04,4,0,0,0,11
1516,2015-04,4,0,0,0,11
1517,2015-04,4,0,0,0,11
1518,2015-04,4,0,0,0,11
1519,2015-04,4,0,0,0,11
1520,2015-04,4,0,0,0,11
1521,2015-04,4,0,0,0,11
1522,2015-04,4,0,0,0,1001
1523,2015-04,4,0,0,0,11
1524,2015-04,4,0,0,0,11
1525,2015-04,4,0,0,0,11
1526,2015-04,4,0,0,0,11
1527,2015-04,4,0,0,0,11
1528,2015-04,4,0,0,0,11
1529,2015-04,4,0,0,0,11
1530,2015-04,4,0,0,0,11
1531,2015-04,4,0,0,0,11
1532,2015-04,4,0,0,0,11
1533,2015-04,4,0,0,0,11
1534,2015-04,4,0,0,0,11
1535,2015-04,4,0,0,0,101
1536,2015-04,4,0,0,0,11
1537,2015-04,4,0,0,0,11
1538,2015-04,4,1,0,0,11
1539,2015-04,4,0,0,0,11
1540,2015-04,4,0,0,0,11
1541,2015-04,4,0,0,0,101
1542,2015-04,4,0,0,0,11
1543,2015-04,4,0,0,0,11
1544,2015-04,4,0,0,0,11
1545,2015-04,4,0,0,0,11
1546,2015-04,4,0,0,0,11
1547,2015-04,4,0,0,0,11
1548,2015-04,4,0,0,0,11
1549,2015-04,4,0,0,0,101
1550,2015-04,4,0,0,0,11
1551,2015-04,4,0,0,0,11
1552,2015-04,4,0,0,0,11
1553,2015-04,4,0,0,0,11
1554,2015-04,4,0,0,0,11
1555,2015-04,4,0,0,0,11
1556,2015-04,4,0,0,0,11
1557,2015-04,4,0,0,0,11
1558,2015-04,4,0,0,0,11
1559,2015-04,4,0,0,0,11
1560,2015-04,4,1,0,0,11
1561,2015-04,4,0,0,0,11
1562,2015-04,4,0,0,0,11
1563,2015-04,4,0,0,0,11
1564,2015-04,4,0,0,0,11
1565,2015-04,4,0,0,0,11
1566,2015-04,4,0,0,0,11
1567,2015-04,4,0,0,0,101
1568,2015-04,4,0,0,0,11
1569,2015-04,4,0,0,0,00000
1570,2015-04,4,0,0,0,11
1571,2015-04,4,0,0,0,11
1572,2015-04,4,0,0,0,11
1573,2015-04,4,0,0,0,11
1574,2015-04,4,0,0,0,11
1575,2015-04,4,0,0,0,11
1576,2015-04,4,0,0,0,11
1577,2015-04,4,0,0,0,11
1578,2015-04,4,0,0,0,11
1579,2015-04,4,0,0,0,11
1580,2015-04,4,0,0,0,11
1581,2015-04,4,0,0,0,101
1582,2015-04,4,0,0,0,11
1583,2015-04,4,0,0,0,11
1584,2015-04,4,0,0,0,101
1585,2015-04,4,0,0,0,11
1586,2015-04,4,0,0,0,11
1587,2015-04,4,0,0,0,11
1588,2015-04,4,0,0,0,11
1589,2015-04,4,0,0,0,11
1590,2015-04,4,0,0,0,11
1591,2015-04,4,0,0,0,11
1592,2015-04,4,0,0,0,101
1593,2015-04,4,1,0,0,11
1594,2015-04,4,0,0,0,11
1595,2015-04,4,0,0,0,11
1596,2015-04,4,0,0,0,11
1597,2015-04,4,0,0,0,11
1598,2015-04,4,0,0,0,11
1599,2015-04,4,0,0,0,11
1600,2015-04,4,0,0,0,11
1601,2015-04,4,0,0,0,11
1602,2015-04,4,0,0,0,11
1603,2015-04,4,0,0,0,11
1604,2015-04,4,0,0,0,11
1605,2015-04,4,0,0,0,11
1606,2015-04,4,0,0,0,11
1607,2015-04,4,0,0,0,11
1608,2015-04,4,0,0,0,11
1609,2015-04,4,0,0,0,11
1610,2015-04,4,0,0,0,11
1611,2015-04,4,0,0,0,11
1612,2015-04,4,0,0,0,11
1613,2015-04,4,0,0,0,11
1614,2015-04,4,1,0,0,11
1615,2015-04,4,0,0,0,11
1616,2015-04,4,0,0,0,11
1617,2015-04,4,0,0,0,11
1618,2015-04,4,0,0,0,11
1619,2015-04,4,0,0,0,11
1620,2015-04,4,0,0,0,11
1621,2015-04,4,0,0,0,11
1622,2015-04,4,1,0,0,11
1623,2015-04,4,0,0,0,11
1624,2015-04,4,0,0,0,11
1625,2015-04,4,0,0,0,11
1626,2015-04,4,0,0,0,11
1627,2015-04,4,0,0,0,11
1628,2015-04,4,0,0,0,11
1629,2015-04,4,0,0,0,11
1630,2015-04,4,0,0,0,11
1631,2015-04,4,0,0,0,11
1632,2015-04,4,0,0,0,11
1633,2015-04,4,0,0,0,11
1634,2015-04,4,0,0,0,101
1635,2015-04,4,0,0,0,11
1636,2015-04,4,0,0,0,11
1637,2015-04,4,0,0,0,11
1638,2015-04,4,0,0,0,11
1639,2015-04,4,0,0,0,11
1640,2015-04,4,0,0,0,11
1641,2015-04,4,0,0,0,11
1642,2015-04,4,0,0,0,11
1643,2015-04,4,0,0,0,11
1644,2015-04,4,0,0,0,11
1645,2015-04,4,0,0,0,11
1646,2015-04,4,0,0,0,11
1647,2015-04,4,0,0,0,11
1648,2015-04,4,0,0,0,11
1649,2015-04,4,0,0,0,11
1650,2015-04,4,0,0,0,11
1651,2015-04,4,1,0,0,11
1652,2015-04,4,0,0,0,11
1653,2015-04,4,0,0,0,11
1654,2015-04,4,0,0,0,11
1655,2015-04,4,0,0,0,11
1656,2015-04,4,0,0,0,11
1657,2015-04,4,0,0,0,11
1658,2015-04,4,0,0,0,11
1659,2015-04,4,0,0,0,11
1660,2015-04,4,0,0,0,11
1661,2015-04,4,0,0,0,11
1662,2015-04,4,0,0,0,11
1663,2015-04,4,0,0,0,11
1664,2015-04,4,0,0,0,11
1665,2015-04,4,0,0,0,11
1666,2015-04,4,0,0,0,11
1667,2015-04,4,1,0,0,11
1668,2015-04,4,0,0,0,11
1669,2015-04,4,0,0,0,11
1670,2015-04,4,1,0,0,101
1671,2015-04,4,0,0,0,11
1672,2015-04,4,0,0,0,11
1673,2015-04,4,0,0,0,11
1674,2015-04,4,0,0,0,11
1675,2015-04,4,0,0,0,101
1676,2015-04,4,0,0,0,11
1677,2015-04,4,0,0,0,11
1678,2015-04,4,0,0,0,11
1679,2015-04,4,0,0,0,11
1680,2015-04,4,0,0,0,11
1681,2015-04,4,0,0,0,11
1682,2015-04,4,0,0,0,11
1683,2015-04,4,0,0,0,11
1684,2015-04,4,0,0,0,11
1685,2015-04,4,0,0,0,11
1686,2015-04,4,0,0,0,11
1687,2015-04,4,0,0,0,11
1688,2015-04,4,0,0,0,11
1689,2015-04,4,0,0,0,11
1690,2015-04,4,0,0,0,11
1691,2015-04,4,0,0,0,11
1692,2015-04,4,0,0,0,11
1693,2015-04,4,0,0,0,11
1694,2015-04,4,0,0,0,11
1695,2015-04,4,0,0,0,11
1696,2015-04,4,0,0,0,101
1697,2015-04,4,0,0,0,101
1698,2015-04,4,0,0,0,11
1699,2015-04,4,0,0,0,11
1700,2015-04,4,0,0,0,11
1701,2015-04,4,0,0,0,11
1702,2015-04,4,1,0,0,11
1703,2015-04,4,0,0,0,11
1704,2015-04,4,0,0,0,11
1705,2015-04,4,0,0,0,11
1706,2015-04,4,0,0,0,11
1707,2015-04,4,0,0,0,10000
1708,2015-04,4,0,0,0,11
1709,2015-04,4,0,0,0,11
1710,2015-04,4,0,0,0,11
1711,2015-04,4,0,0,0,11
1712,2015-04,4,0,0,0,11
1713,2015-04,4,0,0,0,11
1714,2015-04,4,0,0,0,11
1715,2015-04,4,0,0,0,11
1716,2015-04,4,0,0,0,11
1717,2015-04,4,0,0,0,11
1718,2015-04,4,0,0,0,11
1719,2015-04,4,0,0,0,11
1720,2015-04,4,0,0,0,11
1721,2015-04,4,0,0,0,11
1722,2015-04,4,0,0,0,11
1723,2015-04,4,0,0,0,11
1724,2015-04,4,0,0,0,101
1725,2015-04,4,0,0,0,11
1726,2015-04,4,0,0,0,11
1727,2015-04,4,0,0,0,11
1728,2015-04,4,0,0,0,11
1729,2015-04,4,0,0,0,11
1730,2015-04,4,0,0,0,11
1731,2015-04,4,0,0,0,11
1732,2015-04,4,0,0,0,11
1733,2015-04,4,0,0,0,11
1734,2015-04,4,0,0,0,11
1735,2015-04,4,0,0,0,11
1736,2015-04,4,0,0,0,11
1737,2015-04,4,0,0,0,11
1738,2015-04,4,0,0,0,11
1739,2015-04,4,0,0,0,11
1740,2015-04,4,0,0,0,11
1741,2015-04,4,0,0,0,11
1742,2015-04,4,0,0,0,11
1743,2015-04,4,0,0,0,11
1744,2015-04,4,0,0,0,11
1745,2015-04,4,0,0,0,11
1746,2015-04,4,0,0,0,11
1747,2015-04,4,0,0,0,101
1748,2015-04,4,0,0,0,101
1749,2015-04,4,0,0,0,11
1750,2015-04,4,0,0,0,11
1751,2015-04,4,0,0,0,101
1752,2015-04,4,0,0,0,11
1753,2015-04,4,0,0,0,11
1754,2015-04,4,0,0,0,11
1755,2015-04,4,0,0,0,11
1756,2015-04,4,0,0,0,11
1757,2015-04,4,0,0,0,11
1758,2015-04,4,0,0,0,root
1759,2015-04,4,0,0,0,11
1760,2015-04,4,0,0,0,11
1761,2015-04,4,0,0,0,11
1762,2015-04,4,0,0,0,11
1763,2015-04,4,0,0,0,11
1764,2015-04,4,0,0,0,11
1765,2015-04,4,0,0,0,11
1766,2015-04,4,0,0,0,11
1767,2015-04,4,0,0,0,11
1768,2015-04,4,0,0,0,101
1769,2015-04,4,0,0,0,11
1770,2015-04,4,0,0,0,101
1771,2015-04,4,0,0,0,11
1772,2015-04,4,0,0,0,101
1773,2015-04,4,0,0,0,11
1774,2015-04,4,0,0,0,11
1775,2015-04,4,0,0,0,11
1776,2015-04,4,0,0,0,11
1777,2015-04,4,1,0,0,11
1778,2015-04,4,0,0,0,11
1779,2015-04,4,0,0,0,11
1780,2015-04,4,0,0,0,11
1781,2015-04,4,0,0,0,101
1782,2015-04,4,0,0,0,11
1783,2015-04,4,0,0,0,11
1784,2015-04,4,0,0,0,11
1785,2015-04,4,0,0,0,11
1786,2015-04,4,0,0,0,11
1787,2015-04,4,1,0,0,11
1788,2015-04,4,0,0,0,11
1789,2015-04,4,0,0,0,11
1790,2015-04,4,0,0,0,11
1791,2015-04,4,0,0,0,11
1792,2015-04,4,0,0,0,11
1793,2015-04,4,1,0,0,11
1794,2015-04,4,0,0,0,101
1795,2015-04,4,0,0,0,11
1796,2015-04,4,0,0,0,11
1797,2015-04,4,0,0,0,11
1798,2015-04,4,0,0,0,11
1799,2015-04,4,0,0,0,11
1800,2015-04,4,0,0,0,101
1801,2015-04,4,0,0,0,101
1802,2015-04,4,0,0,0,101
1803,2015-04,4,0,0,0,11
1804,2015-04,4,0,0,0,11
1805,2015-04,4,0,0,0,11
1806,2015-04,4,0,0,0,11
1807,2015-04,4,0,0,0,101
1808,2015-04,4,0,0,0,11
1809,2015-04,4,0,0,0,11
1810,2015-04,4,0,0,0,root
1811,2015-04,4,0,0,0,101
1812,2015-04,4,0,0,0,101
1813,2015-04,4,0,0,0,11
1814,2015-04,4,0,0,0,101
1815,2015-04,4,0,0,0,11
1816,2015-04,4,0,0,0,101
1817,2015-04,4,0,0,0,11
1818,2015-04,4,0,0,0,101
1819,2015-04,4,0,0,0,11
1820,2015-04,4,0,0,0,00000
1821,2015-04,4,0,0,0,101
1822,2015-04,4,0,0,0,101
1823,2015-04,4,0,0,0,11
1824,2015-04,4,0,0,0,101
1825,2015-04,4,0,0,0,11
1826,2015-04,4,0,0,0,11
1827,2015-04,4,0,0,0,101
1828,2015-04,4,0,0,0,11
1829,2015-04,4,0,0,0,101
1830,2015-04,4,0,0,0,101
1831,2015-04,4,0,0,0,101
1832,2015-04,4,0,0,0,11
1833,2015-04,4,0,0,0,101
1834,2015-04,4,0,0,0,101
1835,2015-04,4,0,0,0,101
1836,2015-04,4,0,0,0,101
1837,2015-04,4,1,0,0,101
1838,2015-04,4,0,0,0,11
1839,2015-04,4,0,0,0,11
1840,2015-04,4,0,0,0,11
1841,2015-04,4,0,0,0,11
1842,2015-04,4,0,0,0,11
1843,2015-04,4,0,0,0,101
1844,2015-04,4,0,0,0,101
1845,2015-04,4,0,0,0,11
1846,2015-04,4,0,0,0,11
1847,2015-04,4,0,0,0,11
1848,2015-04,4,0,0,0,11
1849,2015-04,4,0,0,0,11
1850,2015-04,4,0,0,0,101
1851,2015-04,4,0,0,0,11
1852,2015-04,4,0,0,0,11
1853,2015-04,4,0,0,0,101
1854,2015-04,4,0,0,0,11
1855,2015-04,4,0,0,0,101
1856,2015-04,4,0,0,0,11
1857,2015-04,4,0,0,0,101
1858,2015-04,4,0,0,0,101
1859,2015-04,4,0,0,0,101
1860,2015-04,4,0,0,0,101
1861,2015-04,4,0,0,0,101
1862,2015-04,4,0,0,0,11
1863,2015-04,4,0,0,0,101
1864,2015-04,4,0,0,0,101
1865,2015-04,4,0,0,0,101
1866,2015-04,4,0,0,0,101
1867,2015-04,4,0,0,0,11
1868,2015-04,4,0,0,0,00000
1869,2015-04,4,0,0,0,11
1870,2015-04,4,0,0,0,11
1871,2015-04,4,0,0,0,101
1872,2015-04,4,0,0,0,11
1873,2015-04,4,0,0,0,11
1874,2015-04,4,0,0,0,11
1875,2015-04,4,0,0,0,00000
1876,2015-04,4,0,0,0,101
1877,2015-04,4,0,0,0,101
1878,2015-04,4,0,0,0,101
1879,2015-04,4,0,0,0,11
1880,2015-04,4,1,0,0,11
1881,2015-04,4,0,0,0,11
1882,2015-04,4,0,0,0,11
1883,2015-04,4,0,0,0,11
1884,2015-04,4,0,0,0,11
1885,2015-04,4,1,0,0,11
1886,2015-04,4,0,0,0,101
1887,2015-04,4,0,0,0,11
1888,2015-04,4,1,0,0,11
1889,2015-04,4,0,0,0,11
1890,2015-04,4,0,0,0,11
1891,2015-04,4,0,0,0,11
1892,2015-04,4,0,0,0,11
1893,2015-04,4,0,0,0,101
1894,2015-04,4,0,0,0,11
1895,2015-04,4,0,0,0,11
1896,2015-04,4,0,0,0,11
1897,2015-04,4,0,0,0,101
1898,2015-04,4,0,0,0,11
1899,2015-04,4,0,0,0,11
1900,2015-04,4,0,0,0,101
1901,2015-04,4,0,0,0,11
1902,2015-04,4,1,0,0,11
1903,2015-04,4,0,0,0,101
1904,2015-04,4,0,0,0,101
1905,2015-04,4,0,0,0,101
1906,2015-04,4,0,0,0,101
1907,2015-04,4,0,0,0,101
1908,2015-04,4,0,0,0,101
1909,2015-04,4,1,0,0,11
1910,2015-04,4,0,0,0,101
1911,2015-04,4,0,0,0,11
1912,2015-04,4,0,0,0,11
1913,2015-04,4,0,0,0,101
1914,2015-04,4,0,0,0,101
1915,2015-04,4,0,0,0,11
1916,2015-04,4,0,0,0,11
1917,2015-04,4,0,0,0,101
1918,2015-04,4,0,0,0,11
1919,2015-04,4,0,0,0,101
1920,2015-04,4,0,0,0,101
1921,2015-04,4,0,0,0,11
1922,2015-04,4,0,0,0,101
1923,2015-04,4,0,0,0,11
1924,2015-04,4,0,0,0,11
1925,2015-04,4,0,0,0,11
1926,2015-04,4,0,0,0,11
1927,2015-04,4,0,0,0,11
1928,2015-04,4,0,0,0,101
1929,2015-04,4,0,0,0,101
1930,2015-04,4,0,0,0,00000
1931,2015-04,4,0,0,0,11
1932,2015-04,4,0,0,0,11
1933,2015-04,4,0,0,0,11
1934,2015-04,4,0,0,0,101
1935,2015-04,4,0,0,0,101
1936,2015-04,4,0,0,0,101
1937,2015-04,4,0,0,0,11
1938,2015-04,4,0,0,0,11
1939,2015-04,4,0,0,0,101
1940,2015-04,4,0,0,0,101
1941,2015-04,4,0,0,0,11
1942,2015-04,4,0,0,0,11
1943,2015-04,4,0,0,0,011
1944,2015-04,4,0,0,0,11
1945,2015-04,4,0,0,0,11
1946,2015-04,4,0,0,0,11
1947,2015-04,4,0,0,0,11
1948,2015-04,4,0,0,0,11
1949,2015-04,4,0,0,0,11
1950,2015-04,4,0,0,0,101
1951,2015-04,4,0,0,0,101
1952,2015-04,4,0,0,0,11
1953,2015-04,4,0,0,0,11
1954,2015-04,4,0,0,0,011
1955,2015-04,4,0,0,0,11
1956,2015-04,4,0,0,0,11
1957,2015-04,4,1,0,0,11
1958,2015-04,4,0,0,0,11
1959,2015-04,4,0,0,0,101
1960,2015-04,4,0,0,0,11
1961,2015-04,4,0,0,0,11
1962,2015-04,4,0,0,0,11
1963,2015-04,4,0,0,0,11
1964,2015-04,4,0,0,0,11
1965,2015-04,4,0,0,0,101
1966,2015-04,4,0,0,0,11
1967,2015-04,4,0,0,0,11
1968,2015-04,4,0,0,0,11
1969,2015-04,4,0,0,0,11
1970,2015-04,4,0,0,0,11
1971,2015-04,4,0,0,0,11
1972,2015-04,4,0,0,0,11
1973,2015-04,4,0,0,0,11
1974,2015-04,4,0,0,0,101
1975,2015-04,4,0,0,0,101
1976,2015-04,4,0,0,0,101
1977,2015-04,4,0,0,0,11
1978,2015-04,4,0,0,0,11
1979,2015-04,4,0,0,0,11
1980,2015-04,4,0,0,0,11
1981,2015-04,4,0,0,0,101
1982,2015-04,4,1,0,0,1001
1983,2015-04,4,1,0,0,11
1984,2015-04,4,0,0,0,11
1985,2015-04,4,0,0,0,101
1986,2015-04,4,0,0,0,11
1987,2015-04,4,0,0,0,11
1988,2015-04,4,0,0,0,11
1989,2015-04,4,0,0,0,101
1990,2015-04,4,0,0,0,11
1991,2015-04,4,0,0,0,11
1992,2015-04,4,0,0,0,101
1993,2015-04,4,0,0,0,11
1994,2015-04,4,0,0,0,101
1995,2015-04,4,0,0,0,11
1996,2015-04,4,0,0,0,101
1997,2015-04,4,0,0,0,11
1998,2015-04,4,0,0,0,11
1999,2015-04,4,0,0,0,11
2000,2015-04,4,1,0,0,11
2001,2015-04,4,0,0,0,101
2002,2015-04,4,0,0,0,11
2003,2015-04,4,1,0,0,101
2004,2015-04,4,1,0,0,101
2005,2015-04,4,0,0,0,11
2006,2015-04,4,0,0,0,101
2007,2015-04,4,0,0,0,11
2008,2015-04,4,0,0,0,11
2009,2015-04,4,0,0,0,11
2010,2015-04,4,0,0,0,11
2011,2015-04,4,0,0,0,101
2012,2015-04,4,0,0,0,11
2013,2015-04,4,0,0,0,101
2014,2015-04,4,0,0,0,101
2015,2015-04,4,0,0,0,101
2016,2015-04,4,0,0,0,11
2017,2015-04,4,0,0,0,101
2018,2015-04,4,0,0,0,101
2019,2015-04,4,0,0,0,101
2020,2015-04,4,0,0,0,11
2021,2015-04,4,0,0,0,11
2022,2015-04,4,0,0,0,101
2023,2015-04,4,0,0,0,11
2024,2015-04,4,0,0,0,11
2025,2015-04,4,0,0,0,101
2026,2015-04,4,0,0,0,11
2027,2015-04,4,0,0,0,101
2028,2015-04,4,1,0,0,11
2029,2015-04,4,0,0,0,10000
2030,2015-04,4,0,0,0,101
2031,2015-04,4,0,0,0,101
2032,2015-04,4,0,0,0,101
2033,2015-04,4,0,0,0,101
2034,2015-04,4,0,0,0,11
2035,2015-04,4,0,0,0,11
2036,2015-04,4,0,0,0,11
2037,2015-04,4,0,0,0,11
2038,2015-04,4,0,0,0,101
2039,2015-04,4,0,0,0,10000
2040,2015-04,4,0,0,0,101
2041,2015-04,4,0,0,0,101
2042,2015-04,4,0,0,0,101
2043,2015-04,4,0,0,0,11
2044,2015-04,4,0,0,0,101
2045,2015-04,4,0,0,0,101
2046,2015-04,4,0,0,0,101
2047,2015-04,4,0,0,0,101
2048,2015-04,4,0,0,0,11
2049,2015-04,4,0,0,0,101
2050,2015-04,4,1,0,0,11
2051,2015-04,4,0,0,0,11
2052,2015-04,4,0,0,0,101
2053,2015-04,4,0,0,0,11
2054,2015-04,4,1,0,0,11
2055,2015-04,4,0,0,0,11
2056,2015-04,4,0,0,0,11
2057,2015-04,4,0,0,0,101
2058,2015-04,4,0,0,0,11
2059,2015-04,4,0,0,0,101
2060,2015-04,4,0,0,0,101
2061,2015-04,4,0,0,0,101
2062,2015-04,4,0,0,0,11
2063,2015-04,4,0,0,0,11
2064,2015-04,4,0,0,0,11
2065,2015-04,4,0,0,0,11
2066,2015-04,4,0,0,0,101
2067,2015-04,4,0,0,0,101
2068,2015-04,4,0,0,0,101
2069,2015-04,4,0,0,0,11
2070,2015-04,4,0,0,0,101
2071,2015-04,4,0,0,0,11
2072,2015-04,4,0,0,0,11
2073,2015-04,4,1,0,0,11
2074,2015-04,4,0,0,0,101
2075,2015-04,4,0,0,0,101
2076,2015-04,4,1,0,0,101
2077,2015-04,4,0,0,0,101
2078,2015-04,4,0,0,0,11
2079,2015-04,4,0,0,0,11
2080,2015-04,4,0,0,0,11
2081,2015-04,4,0,0,0,101
2082,2015-04,4,0,0,0,101
2083,2015-04,4,0,0,0,11
2084,2015-04,4,0,0,0,101
2085,2015-04,4,0,0,0,11
2086,2015-04,4,0,0,0,11
2087,2015-04,4,0,0,0,11
2088,2015-04,4,0,0,0,11
2089,2015-04,4,0,0,0,101
2090,2015-04,4,0,0,0,11
2091,2015-04,4,0,0,0,101
2092,2015-04,4,0,0,0,101
2093,2015-04,4,0,0,0,11
2094,2015-04,4,0,0,0,101
2095,2015-04,4,0,0,0,11
2096,2015-04,4,0,0,0,101
2097,2015-04,4,0,0,0,101
2098,2015-04,4,0,0,0,11
2099,2015-04,4,0,0,0,11
2100,2015-04,4,0,0,0,101
2101,2015-04,4,0,0,0,11
2102,2015-04,4,0,0,0,101
2103,2015-04,4,0,0,0,11
2104,2015-04,4,0,0,0,11
2105,2015-04,4,0,0,0,11
2106,2015-04,4,0,0,0,11
2107,2015-04,4,0,0,0,11
2108,2015-04,4,0,0,0,11
2109,2015-04,4,0,0,0,11
2110,2015-04,4,0,0,0,011
2111,2015-04,4,0,0,0,11
2112,2015-04,4,0,0,0,101
2113,2015-04,4,0,0,0,11
2114,2015-04,4,0,0,0,11
2115,2015-04,4,0,0,0,11
2116,2015-04,4,0,0,0,101
2117,2015-04,4,0,0,0,101
2118,2015-04,4,0,0,0,101
2119,2015-04,4,1,0,0,101
2120,2015-04,4,0,0,0,11
2121,2015-04,4,0,0,0,11
2122,2015-04,4,0,0,0,11
2123,2015-04,4,0,0,0,101
2124,2015-04,4,0,0,0,101
2125,2015-04,4,0,0,0,101
2126,2015-04,4,0,0,0,11
2127,2015-04,4,0,0,0,11
2128,2015-04,4,0,0,0,101
2129,2015-04,4,0,0,0,11
2130,2015-04,4,0,0,0,11
2131,2015-04,4,0,0,0,11
2132,2015-04,4,0,0,0,101
2133,2015-04,4,0,0,0,11
2134,2015-04,4,0,0,0,root
2135,2015-04,4,0,0,0,101
2136,2015-04,4,0,0,0,101
2137,2015-04,4,0,0,0,11
2138,2015-04,4,0,0,0,11
2139,2015-04,4,0,0,0,101
2140,2015-04,4,0,0,0,11
2141,2015-04,4,0,0,0,11
2142,2015-04,4,0,0,0,11
2143,2015-04,4,0,0,0,11
2144,2015-04,4,0,0,0,11
2145,2015-04,4,0,0,0,11
2146,2015-04,4,0,0,0,101
2147,2015-04,4,0,0,0,11
2148,2015-04,4,0,0,0,11
2149,2015-04,4,1,0,0,11
2150,2015-04,4,0,0,0,101
2151,2015-04,4,0,0,0,101
2152,2015-04,4,0,0,0,101
2153,2015-04,4,0,0,0,101
2154,2015-04,4,0,0,0,101
2155,2015-04,4,0,0,0,101
2156,2015-04,4,0,0,0,101
2157,2015-04,4,0,0,0,101
2158,2015-04,4,0,0,0,101
2159,2015-04,4,0,0,0,101
2160,2015-04,4,0,0,0,101
2161,2015-04,4,0,0,0,101
2162,2015-04,4,0,0,0,101
2163,2015-04,4,0,0,0,101
2164,2015-04,4,0,0,0,00000
2165,2015-04,4,0,0,0,101
2166,2015-04,4,0,0,0,101
2167,2015-04,4,0,0,0,101
2168,2015-04,4,0,0,0,101
2169,2015-04,4,0,0,0,101
2170,2015-04,4,0,0,0,101
2171,2015-04,4,0,0,0,101
2172,2015-04,4,0,0,0,101
2173,2015-04,4,0,0,0,101
2174,2015-04,4,0,0,0,101
2175,2015-04,4,0,0,0,101
2176,2015-04,4,0,0,0,101
2177,2015-04,4,0,0,0,101
2178,2015-04,4,0,0,0,101
2179,2015-04,4,0,0,0,101
2180,2015-04,4,0,0,0,101
2181,2015-04,4,0,0,0,101
2182,2015-04,4,0,0,0,101
2183,2015-04,4,0,0,0,101
2184,2015-04,4,0,0,0,101
2185,2015-04,4,0,0,0,101
2186,2015-04,4,0,0,0,101
2187,2015-04,4,0,0,0,101
2188,2015-04,4,0,0,0,101
2189,2015-04,4,0,0,0,101
2190,2015-04,4,0,0,0,101
2191,2015-04,4,0,0,0,101
2192,2015-04,4,0,0,0,101
2193,2015-04,4,0,0,0,101
2194,2015-04,4,0,0,0,101
2195,2015-04,4,0,0,0,101
2196,2015-04,4,0,0,0,101
2197,2015-04,4,0,0,0,101
2198,2015-04,4,0,0,0,101
2199,2015-04,4,0,0,0,101
2200,2015-04,4,0,0,0,101
2201,2015-04,4,1,0,0,101
2202,2015-04,4,0,0,0,101
2203,2015-04,4,0,0,0,101
2204,2015-04,4,0,0,0,101
2205,2015-04,4,0,0,0,101
2206,2015-04,4,0,0,0,101
2207,2015-04,4,0,0,0,101
2208,2015-04,4,0,0,0,1001
2209,2015-04,4,1,0,0,101
2210,2015-04,4,0,0,0,101
2211,2015-04,4,0,0,0,101
2212,2015-04,4,0,0,0,101
2213,2015-04,4,0,0,0,101
2214,2015-04,4,0,0,0,101
2215,2015-04,4,0,0,0,101
2216,2015-04,4,0,0,0,101
2217,2015-04,4,0,0,0,101
2218,2015-04,4,0,0,0,101
2219,2015-04,4,0,0,0,101
2220,2015-04,4,0,0,0,101
2221,2015-04,4,0,0,0,101
2222,2015-04,4,1,0,0,101
2223,2015-04,4,0,0,0,101
2224,2015-04,4,0,0,0,101
2225,2015-04,4,0,0,0,101
2226,2015-04,4,0,0,0,101
2227,2015-04,4,0,0,0,101
2228,2015-04,4,0,0,0,1001
2229,2015-04,4,0,0,0,101
2230,2015-04,4,0,0,0,101
2231,2015-04,4,0,0,0,101
2232,2015-04,4,0,0,0,101
2233,2015-04,4,0,0,0,101
2234,2015-04,4,0,0,0,101
2235,2015-04,4,0,0,0,101
2236,2015-04,4,0,0,0,101
2237,2015-04,4,0,0,0,101
2238,2015-04,4,0,0,0,1001
2239,2015-04,4,0,0,0,101
2240,2015-04,4,0,0,0,101
2241,2015-04,4,0,0,0,101
2242,2015-04,4,0,0,0,101
2243,2015-04,4,0,0,0,101
2244,2015-04,4,0,0,0,101
2245,2015-04,4,0,0,0,1001
2246,2015-04,4,0,0,0,101
2247,2015-04,4,0,0,0,101
2248,2015-04,4,0,0,0,101
2249,2015-04,4,0,0,0,101
2250,2015-04,4,0,0,0,101
2251,2015-04,4,0,0,0,101
2252,2015-04,4,0,0,0,101
2253,2015-04,4,0,0,0,101
2254,2015-04,4,0,0,0,101
2255,2015-04,4,0,0,0,101
2256,2015-04,4,0,0,0,101
2257,2015-04,4,0,0,0,101
2258,2015-04,4,0,0,0,101
2259,2015-04,4,0,0,0,101
2260,2015-04,4,0,0,0,101
2261,2015-04,4,0,0,0,101
2262,2015-04,4,0,0,0,101
2263,2015-04,4,0,0,0,101
2264,2015-04,4,0,0,0,101
2265,2015-04,4,0,0,0,101
2266,2015-04,4,0,0,0,101
2267,2015-04,4,0,0,0,101
2268,2015-04,4,0,0,0,101
2269,2015-04,4,0,0,0,101
2270,2015-04,4,0,0,0,101
2271,2015-04,4,0,0,0,101
2272,2015-04,4,0,0,0,101
2273,2015-04,4,0,0,0,101
2274,2015-04,4,0,0,0,101
2275,2015-04,4,0,0,0,101
2276,2015-04,4,0,0,0,101
2277,2015-04,4,0,0,0,101
2278,2015-04,4,0,0,0,101
2279,2015-04,4,0,0,0,101
2280,2015-04,4,0,0,0,101
2281,2015-04,4,0,0,0,101
2282,2015-04,4,0,0,0,101
2283,2015-04,4,0,0,0,101
2284,2015-04,4,0,0,0,101
2285,2015-04,4,0,0,0,101
2286,2015-04,4,0,0,0,101
2287,2015-04,4,0,0,0,101
2288,2015-04,4,0,0,0,101
2289,2015-04,4,0,0,0,101
2290,2015-04,4,0,0,0,101
2291,2015-04,4,0,0,0,101
2292,2015-04,4,0,0,0,101
2293,2015-04,4,0,0,0,101
2294,2015-04,4,0,0,0,101
2295,2015-04,4,0,0,0,101
2296,2015-04,4,0,0,0,101
2297,2015-04,4,0,0,0,101
2298,2015-04,4,0,0,0,101
2299,2015-04,4,0,0,0,101
2300,2015-04,4,0,0,0,101
2301,2015-04,4,0,0,0,101
2302,2015-04,4,0,0,0,101
2303,2015-04,4,0,0,0,101
2304,2015-04,4,0,0,0,101
2305,2015-04,4,0,0,0,101
2306,2015-04,4,0,0,0,101
2307,2015-04,4,0,0,0,101
2308,2015-04,4,0,0,0,101
2309,2015-04,4,0,0,0,101
2310,2015-04,4,0,0,0,101
2311,2015-04,4,0,0,0,101
2312,2015-04,4,0,0,0,101
2313,2015-04,4,0,0,0,101
2314,2015-04,4,0,0,0,101
2315,2015-04,4,0,0,0,101
2316,2015-04,4,0,0,0,101
2317,2015-04,4,0,0,0,101
2318,2015-04,4,0,0,0,101
2319,2015-04,4,0,0,0,101
2320,2015-04,4,0,0,0,101
2321,2015-04,4,0,0,0,101
2322,2015-04,4,0,0,0,101
2323,2015-04,4,0,0,0,101
2324,2015-04,4,0,0,0,101
2325,2015-04,4,0,0,0,101
2326,2015-04,4,0,0,0,101
2327,2015-04,4,0,0,0,101
2328,2015-04,4,0,0,0,101
2329,2015-04,4,0,0,0,101
2330,2015-04,4,0,0,0,101
2331,2015-04,4,0,0,0,101
2332,2015-04,4,0,0,0,101
2333,2015-04,4,0,0,0,101
2334,2015-04,4,0,0,0,101
2335,2015-04,4,0,0,0,101
2336,2015-04,4,0,0,0,101
2337,2015-04,4,0,0,0,101
2338,2015-04,4,0,0,0,101
2339,2015-04,4,0,0,0,101
2340,2015-04,4,0,0,0,101
2341,2015-04,4,0,0,0,101
2342,2015-04,4,0,0,0,101
2343,2015-04,4,0,0,0,101
2344,2015-04,4,0,0,0,101
2345,2015-04,4,0,0,0,101
2346,2015-04,4,0,0,0,101
2347,2015-04,4,0,0,0,101
2348,2015-04,4,0,0,0,101
2349,2015-04,4,0,0,0,101
2350,2015-04,4,0,0,0,101
2351,2015-04,4,0,0,0,101
2352,2015-04,4,0,0,0,101
2353,2015-04,4,0,0,0,101
2354,2015-04,4,0,0,0,101
2355,2015-04,4,0,0,0,101
2356,2015-04,4,0,0,0,101
2357,2015-04,4,0,0,0,101
2358,2015-04,4,0,0,0,101
2359,2015-04,4,0,0,0,101
2360,2015-04,4,0,0,0,101
2361,2015-04,4,0,0,0,101
2362,2015-04,4,0,0,0,101
2363,2015-04,4,0,0,0,101
2364,2015-04,4,0,0,0,101
2365,2015-04,4,0,0,0,101
2366,2015-04,4,0,0,0,101
2367,2015-04,4,0,0,0,101
2368,2015-04,4,0,0,0,101
2369,2015-04,4,0,0,0,101
2370,2015-04,4,0,0,0,101
2371,2015-04,4,0,0,0,101
2372,2015-04,4,0,0,0,101
2373,2015-04,4,0,0,0,101
2374,2015-04,4,0,0,0,101
2375,2015-04,4,0,0,0,101
2376,2015-04,4,0,0,0,101
2377,2015-04,4,0,0,0,101
2378,2015-04,4,0,0,0,101
2379,2015-04,4,0,0,0,101
2380,2015-04,4,0,0,0,101
2381,2015-04,4,0,0,0,101
2382,2015-04,4,0,0,0,101
2383,2015-04,4,0,0,0,101
2384,2015-04,4,0,0,0,101
2385,2015-04,4,0,0,0,101
2386,2015-04,4,0,0,0,101
2387,2015-04,4,0,0,0,101
2388,2015-04,4,0,0,0,101
2389,2015-04,4,0,0,0,101
2390,2015-04,4,0,0,0,101
2391,2015-04,4,0,0,0,101
2392,2015-04,4,0,0,0,101
2393,2015-04,4,0,0,0,101
2394,2015-04,4,0,0,0,101
2395,2015-04,4,0,0,0,101
2396,2015-04,4,0,0,0,101
2397,2015-04,4,0,0,0,101
2398,2015-04,4,0,0,0,101
2399,2015-04,4,0,0,0,101
2400,2015-04,4,0,0,0,101
2401,2015-04,4,0,0,0,101
2402,2015-04,4,0,0,0,101
2403,2015-04,4,0,0,0,101
2404,2015-04,4,0,0,0,101
2405,2015-04,4,0,0,0,1001
2406,2015-04,4,0,0,0,1001
2407,2015-04,4,0,0,0,1001
2408,2015-04,4,0,0,0,1001
2409,2015-04,4,0,0,0,1001
2410,2015-04,4,0,0,0,1001
2411,2015-04,4,0,0,0,1001
2412,2015-04,4,0,0,0,1001
2413,2015-04,4,0,0,0,1001
2414,2015-04,4,0,0,0,101
2415,2015-04,4,0,0,0,1001
2416,2015-04,4,0,0,0,1001
2417,2015-04,4,0,0,0,1001
2418,2015-04,4,0,0,0,1001
2419,2015-04,4,0,0,0,1001
2420,2015-04,4,0,0,0,1001
2421,2015-04,4,0,0,0,101
2422,2015-04,4,0,0,0,101
2423,2015-04,4,0,0,0,1001
2424,2015-04,4,0,0,0,1001
2425,2015-04,4,0,0,0,1001
2426,2015-04,4,0,0,0,1001
2427,2015-04,4,0,0,0,1001
2428,2015-04,4,0,0,0,1001
2429,2015-04,4,0,0,0,1001
2430,2015-04,4,0,0,0,1001
2431,2015-04,4,0,0,0,1001
2432,2015-04,4,0,0,0,1001
2433,2015-04,4,0,0,0,1001
2434,2015-04,4,0,0,0,1001
2435,2015-04,4,0,0,0,1001
2436,2015-04,4,0,0,0,1001
2437,2015-04,4,0,0,0,1001
2438,2015-04,4,0,0,0,1001
2439,2015-04,4,0,0,0,1001
2440,2015-04,4,0,0,0,1001
2441,2015-04,4,0,0,0,1001
2442,2015-04,4,0,0,0,1001
2443,2015-04,4,0,0,0,1001
2444,2015-04,4,0,0,0,1001
2445,2015-04,4,0,0,0,1001
2446,2015-04,4,0,0,0,1001
2447,2015-04,4,0,0,0,1001
2448,2015-04,4,0,0,0,1001
2449,2015-04,4,0,0,0,1001
2450,2015-04,4,0,0,0,1001
2451,2015-04,4,0,0,0,1001
2452,2015-04,4,0,0,0,1001
2453,2015-04,4,0,0,0,1001
2454,2015-04,4,0,0,0,1001
2455,2015-04,4,0,0,0,1001
2456,2015-04,4,0,0,0,1001
2457,2015-04,4,1,0,0,1001
2458,2015-04,4,0,0,0,101
2459,2015-04,4,0,0,0,1001
2460,2015-04,4,0,0,0,1001
2461,2015-04,4,0,0,0,1001
2462,2015-04,4,0,0,0,1001
2463,2015-04,4,0,0,0,1001
2464,2015-04,4,0,0,0,1001
2465,2015-04,4,0,0,0,1001
2466,2015-04,4,0,0,0,1001
2467,2015-04,4,0,0,0,1001
2468,2015-04,4,0,0,0,1001
2469,2015-04,4,0,0,0,1001
2470,2015-04,4,0,0,0,1001
2471,2015-04,4,0,0,0,1001
2472,2015-04,4,0,0,0,1001
2473,2015-04,4,0,0,0,1001
2474,2015-04,4,0,0,0,1001
2475,2015-04,4,0,0,0,1001
2476,2015-04,4,0,0,0,1001
2477,2015-04,4,1,0,0,101
2478,2015-04,4,0,0,0,1001
2479,2015-04,4,0,0,0,1001
2480,2015-04,4,0,0,0,1001
2481,2015-04,4,0,0,0,1001
2482,2015-04,4,0,0,0,1001
2483,2015-04,4,0,0,0,1001
2484,2015-04,4,0,0,0,1001
2485,2015-04,4,0,0,0,1001
2486,2015-04,4,0,0,0,1001
2487,2015-04,4,0,0,0,1001
2488,2015-04,4,0,0,0,1001
2489,2015-04,4,0,0,0,1001
2490,2015-04,4,0,0,0,1001
2491,2015-04,4,0,0,0,1001
2492,2015-04,4,0,0,0,1001
2493,2015-04,4,0,0,0,1001
2494,2015-04,4,0,0,0,1001
2495,2015-04,4,0,0,0,1001
2496,2015-04,4,0,0,0,1001
2497,2015-04,4,0,0,0,1001
2498,2015-04,4,0,0,0,1001
2499,2015-04,4,0,0,0,1001
2500,2015-04,4,0,0,0,1001
2501,2015-04,4,0,0,0,1001
2502,2015-04,4,0,0,0,1001
2503,2015-04,4,0,0,0,1001
2504,2015-04,4,0,0,0,1001
2505,2015-04,4,0,0,0,1001
2506,2015-04,4,0,0,0,1001
2507,2015-04,4,0,0,0,1001
2508,2015-04,4,0,0,0,1001
2509,2015-04,4,0,0,0,1001
2510,2015-04,4,0,0,0,1001
2511,2015-04,4,0,0,0,1001
2512,2015-04,4,0,0,0,1001
2513,2015-04,4,0,0,0,1001
2514,2015-04,4,0,0,0,1001
2515,2015-04,4,0,0,0,1001
2516,2015-04,4,0,0,0,1001
2517,2015-04,4,0,0,0,1001
2518,2015-04,4,0,0,0,1001
2519,2015-04,4,0,0,0,1001
2520,2015-04,4,0,0,0,1001
2521,2015-04,4,0,0,0,1001
2522,2015-04,4,0,0,0,1001
2523,2015-04,4,0,0,0,1001
2524,2015-04,4,0,0,0,1001
2525,2015-04,4,0,0,0,1001
2526,2015-04,4,0,0,0,1001
2527,2015-04,4,0,0,0,1001
2528,2015-04,4,0,0,0,1001
2529,2015-04,4,0,0,0,1001
2530,2015-04,4,0,0,0,1001
2531,2015-04,4,0,0,0,1001
2532,2015-04,4,0,0,0,1001
2533,2015-04,4,0,0,0,1001
2534,2015-04,4,0,0,0,1001
2535,2015-04,4,0,0,0,1001
2536,2015-04,4,0,0,0,1001
2537,2015-04,4,0,0,0,10000
2538,2015-04,4,0,0,0,1001
2539,2015-04,4,0,0,0,1001
2540,2015-04,4,0,0,0,1001
2541,2015-04,4,0,0,0,1001
2542,2015-04,4,0,0,0,1001
2543,2015-04,4,0,0,0,1001
2544,2015-04,4,0,0,0,1001
2545,2015-04,4,0,0,0,1001
2546,2015-04,4,0,0,0,1001
2547,2015-04,4,0,0,0,1001
2548,2015-04,4,0,0,0,1001
2549,2015-04,4,0,0,0,1001
2550,2015-04,4,0,0,0,1001
2551,2015-04,4,0,0,0,1001
2552,2015-04,4,0,0,0,1001
2553,2015-04,4,0,0,0,1001
2554,2015-04,4,0,0,0,1001
2555,2015-04,4,0,0,0,1001
2556,2015-04,4,0,0,0,00000
2557,2015-04,4,0,0,0,1001
2558,2015-04,4,0,0,0,1001
2559,2015-04,4,0,0,0,1001
2560,2015-04,4,0,0,0,1001
2561,2015-04,4,0,0,0,1001
2562,2015-04,4,0,0,0,1001
2563,2015-04,4,0,0,0,1001
2564,2015-04,4,0,0,0,1001
2565,2015-04,4,0,0,0,1001
2566,2015-04,4,0,0,0,1001
2567,2015-04,4,0,0,0,1001
2568,2015-04,4,0,0,0,1001
2569,2015-04,4,0,0,0,1001
2570,2015-04,4,0,0,0,1001
2571,2015-04,4,0,0,0,1001
2572,2015-04,4,0,0,0,1001
2573,2015-04,4,0,0,0,1001
2574,2015-04,4,0,0,0,00000
2575,2015-04,4,0,0,0,1001
2576,2015-04,4,0,0,0,1001
2577,2015-04,4,0,0,0,1001
2578,2015-04,4,0,0,0,1001
2579,2015-04,4,0,0,0,1001
2580,2015-04,4,0,0,0,1001
2581,2015-04,4,0,0,0,1001
2582,2015-04,4,0,0,0,1001
2583,2015-04,4,0,0,0,1001
2584,2015-04,4,0,0,0,1001
2585,2015-04,4,0,0,0,1001
2586,2015-04,4,0,0,0,1001
2587,2015-04,4,0,0,0,1001
2588,2015-04,4,0,0,0,1001
2589,2015-04,4,0,0,0,1001
2590,2015-04,4,0,0,0,1001
2591,2015-04,4,0,0,0,1001
2592,2015-04,4,0,0,0,1001
2593,2015-04,4,0,0,0,1001
2594,2015-04,4,0,0,0,1001
2595,2015-04,4,0,0,0,1001
2596,2015-04,4,0,0,0,1001
2597,2015-04,4,0,0,0,1001
2598,2015-04,4,0,0,0,10001
2599,2015-04,4,0,0,0,1001
2600,2015-04,4,0,0,0,10000
2601,2015-04,4,0,0,0,1001
2602,2015-04,4,0,0,0,1001
2603,2015-04,4,0,0,0,10001
2604,2015-04,4,0,0,0,10000
2605,2015-04,4,0,0,0,10001
2606,2015-04,4,0,0,0,10001
2607,2015-04,4,0,0,0,1001
2608,2015-04,4,0,0,0,1001
2609,2015-04,4,0,0,0,10001
2610,2015-04,4,0,0,0,10001
2611,2015-04,4,0,0,0,10001
2612,2015-04,4,0,0,0,10001
2613,2015-04,4,0,0,0,10001
2614,2015-04,4,0,0,0,1001
2615,2015-04,4,0,0,0,1001
2616,2015-04,4,0,0,0,10001
2617,2015-04,4,0,0,0,1001
2618,2015-04,4,0,0,0,10001
2619,2015-04,4,0,0,0,1001
2620,2015-04,4,0,0,0,10000
2621,2015-04,4,0,0,0,1001
2622,2015-04,4,0,0,0,1001
2623,2015-04,4,0,0,0,10001
2624,2015-04,4,0,0,0,1001
2625,2015-04,4,0,0,0,1001
2626,2015-04,4,0,0,0,1001
2627,2015-04,4,0,0,0,10001
2628,2015-04,4,0,0,0,10001
2629,2015-04,4,0,0,0,10001
2630,2015-04,4,0,0,0,1001
2631,2015-04,4,0,0,0,10001
2632,2015-04,4,0,0,0,1001
2633,2015-04,4,0,0,0,10001
2634,2015-04,4,0,0,0,10001
2635,2015-04,4,0,0,0,1001
2636,2015-04,4,0,0,0,1001
2637,2015-04,4,0,0,0,1001
2638,2015-04,4,0,0,0,10001
2639,2015-04,4,0,0,0,10001
2640,2015-04,4,0,0,0,1001
2641,2015-04,4,0,0,0,10001
2642,2015-04,4,0,0,0,10000
2643,2015-04,4,0,0,0,1001
2644,2015-04,4,0,0,0,10001
2645,2015-04,4,0,0,0,10001
2646,2015-04,4,0,0,0,10001
2647,2015-04,4,0,0,0,10001
2648,2015-04,4,0,0,0,10001
2649,2015-04,4,0,0,0,10001
2650,2015-04,4,0,0,0,10001
2651,2015-04,4,0,0,0,10001
2652,2015-04,4,0,0,0,10001
2653,2015-04,4,0,0,0,10001
2654,2015-04,4,0,0,0,10001
2655,2015-04,4,0,0,0,10001
2656,2015-04,4,0,0,0,10001
2657,2015-04,4,0,0,0,10001
2658,2015-04,4,0,0,0,10001
2659,2015-04,4,0,0,0,10001
2660,2015-04,4,0,0,0,1001
2661,2015-04,4,0,0,0,10001
2662,2015-04,4,0,0,0,10001
2663,2015-04,4,0,0,0,10001
2664,2015-04,4,0,0,0,10001
2665,2015-04,4,0,0,0,10001
2666,2015-04,4,0,0,0,10001
2667,2015-04,4,0,0,0,1001
2668,2015-04,4,0,0,0,10001
2669,2015-04,4,0,0,0,10001
2670,2015-04,4,0,0,0,1001
2671,2015-04,4,0,0,0,10001
2672,2015-04,4,0,0,0,10001
2673,2015-04,4,0,0,0,1001
2674,2015-04,4,0,0,0,10001
2675,2015-04,4,0,0,0,10001
2676,2015-04,4,0,0,0,10000
2677,2015-04,4,0,0,0,10001
2678,2015-04,4,0,0,0,10001
2679,2015-04,4,0,0,0,10001
2680,2015-04,4,0,0,0,10001
2681,2015-04,4,0,0,0,10001
2682,2015-04,4,0,0,0,10001
2683,2015-04,4,0,0,0,10001
2684,2015-04,4,0,0,0,10001
2685,2015-04,4,0,0,0,10001
2686,2015-04,4,0,0,0,10001
2687,2015-04,4,0,0,0,10001
2688,2015-04,4,0,0,0,10001
2689,2015-04,4,0,0,0,10001
2690,2015-04,4,0,0,0,10001
2691,2015-04,4,0,0,0,10001
2692,2015-04,4,0,0,0,10001
2693,2015-04,4,0,0,0,10001
2694,2015-04,4,0,0,0,10001
2695,2015-04,4,0,0,0,10001
2696,2015-04,4,0,0,0,10001
2697,2015-04,4,0,0,0,10001
2698,2015-04,4,0,0,0,10001
2699,2015-04,4,0,0,0,10001
2700,2015-04,4,0,0,0,10001
2701,2015-04,4,0,0,0,10001
2702,2015-04,4,0,0,0,10001
2703,2015-04,4,0,0,0,10001
2704,2015-04,4,0,0,0,10001
2705,2015-04,4,0,0,0,10001
2706,2015-04,4,0,0,0,10001
2707,2015-04,4,0,0,0,10001
2708,2015-04,4,0,0,0,10001
2709,2015-04,4,0,0,0,10001
2710,2015-04,4,0,0,0,10001
2711,2015-04,4,0,0,0,10001
2712,2015-04,4,0,0,0,10001
2713,2015-04,4,0,0,0,10001
2714,2015-04,4,0,0,0,10001
2715,2015-04,4,0,0,0,10001
2716,2015-04,4,0,0,0,10001
2717,2015-04,4,0,0,0,10001
2718,2015-04,4,0,0,0,10001
2719,2015-04,4,0,0,0,10001
2720,2015-04,4,0,0,0,10001
2721,2015-04,4,0,0,0,10001
2722,2015-04,4,0,0,0,10001
2723,2015-04,4,0,0,0,10001
2724,2015-04,4,0,0,0,10001
2725,2015-04,4,0,0,0,10001
2726,2015-04,4,0,0,0,10001
2727,2015-04,4,0,0,0,10001
2728,2015-04,4,0,0,0,10001
2729,2015-04,4,0,0,0,10001
2730,2015-04,4,0,0,0,10001
2731,2015-04,4,0,0,0,10001
2732,2015-04,4,0,0,0,10001
2733,2015-04,4,0,0,0,10001
2734,2015-04,4,0,0,0,10001
2735,2015-04,4,0,0,0,10001
2736,2015-04,4,0,0,0,10001
2737,2015-04,4,0,0,0,10001
2738,2015-04,4,0,0,0,10001
2739,2015-04,4,0,0,0,10001
2740,2015-04,4,0,0,0,10001
2741,2015-04,4,0,0,0,10000
2742,2015-04,4,0,0,0,10000
2743,2015-04,4,0,0,0,10001
2744,2015-04,4,0,0,0,10000
2745,2015-04,4,0,0,0,10000
2746,2015-04,4,0,0,0,10000
2747,2015-04,4,0,0,0,10000
2748,2015-04,4,0,0,0,10000
2749,2015-04,4,0,0,0,10000
2750,2015-04,4,0,0,0,10000
2751,2015-04,4,0,0,0,011
2752,2015-04,4,0,0,0,10000
2753,2015-04,4,0,0,0,10000
2754,2015-04,4,0,0,0,10000
2755,2015-04,4,0,0,0,10000
2756,2015-04,4,0,0,0,011
2757,2015-04,4,0,0,0,10000
2758,2015-04,4,0,0,0,010
2759,2015-04,4,0,0,0,10000
2760,2015-04,4,0,0,0,10000
2761,2015-04,4,0,0,0,10000
2762,2015-04,4,0,0,0,10000
2763,2015-04,4,0,0,0,10000
2764,2015-04,4,0,0,0,10000
2765,2015-04,4,0,0,0,011
2766,2015-04,4,0,0,0,011
2767,2015-04,4,0,0,0,11
2768,2015-04,4,0,0,0,10000
2769,2015-04,4,0,0,0,011
2770,2015-04,4,0,0,0,011
2771,2015-04,4,0,0,0,10000
2772,2015-04,4,0,0,0,10000
2773,2015-04,4,0,0,0,10000
2774,2015-04,4,0,0,0,10000
2775,2015-04,4,0,0,0,10000
2776,2015-04,4,0,0,0,10000
2777,2015-04,4,0,0,0,10000
2778,2015-04,4,0,0,0,011
2779,2015-04,4,0,0,0,10000
2780,2015-04,4,0,0,0,10000
2781,2015-04,4,0,0,0,001
2782,2015-04,4,0,0,0,00000
2783,2015-04,4,0,0,0,10000
2784,2015-04,4,0,0,0,011
2785,2015-04,4,0,0,0,011
2787,2015-04,4,0,0,0,011
2788,2015-04,4,0,0,0,10000
2789,2015-04,4,0,0,0,011
2790,2015-04,4,1,0,0,11
2791,2015-04,4,1,0,0,11
2792,2015-04,4,1,0,0,11
2793,2015-04,4,1,0,0,11
2794,2015-04,4,1,0,0,11
2795,2015-04,4,1,0,0,11
2796,2015-04,4,1,0,0,011
2797,2015-04,4,1,0,0,011
2798,2015-04,4,1,0,0,11
2799,2015-04,4,1,0,0,11
2800,2015-04,4,1,0,0,11
2801,2015-04,4,1,0,0,011
2802,2015-04,4,1,0,0,011
2803,2015-04,4,1,0,0,011
2804,2015-04,4,1,0,0,011
2805,2015-04,4,1,0,0,011
2806,2015-04,4,1,0,0,011
2807,2015-04,4,1,0,0,11
2808,2015-04,4,1,0,0,11
2809,2015-04,4,1,0,0,00000
2810,2015-04,4,1,0,0,011
2811,2015-04,4,1,0,0,11
2812,2015-04,4,1,0,0,011
2813,2015-04,4,1,0,0,011
2814,2015-04,4,1,0,0,011
2815,2015-04,4,1,0,0,11
2816,2015-04,4,1,0,0,11
2817,2015-04,4,1,0,0,11
2818,2015-04,4,1,0,0,11
2819,2015-04,4,1,0,0,11
2820,2015-04,4,1,0,0,011
2821,2015-04,4,1,0,0,11
2822,2015-04,4,1,0,0,11
2823,2015-04,4,1,0,0,011
2824,2015-04,4,1,0,0,011
2825,2015-04,4,1,0,0,011
2826,2015-04,4,1,0,0,11
2827,2015-04,4,1,0,0,011
2828,2015-04,4,0,0,0,11
2829,2015-04,4,0,0,0,11
2830,2015-04,4,0,0,0,011
2831,2015-04,4,0,0,0,011
2832,2015-04,4,0,0,0,11
2833,2015-04,4,0,0,0,00000
2834,2015-04,4,0,0,0,001
2835,2015-04,4,0,0,0,001
2836,2015-04,4,0,0,0,11
2837,2015-04,4,0,0,0,011
2838,2015-04,4,0,0,0,011
2839,2015-04,4,0,0,0,011
2840,2015-04,4,0,0,0,011
2841,2015-04,4,0,0,0,011
2842,2015-04,4,0,0,0,011
2843,2015-04,4,0,0,0,011
2844,2015-04,4,0,0,0,011
2845,2015-04,4,0,0,0,011
2846,2015-04,4,0,0,0,011
2847,2015-04,4,0,0,0,011
2848,2015-04,4,0,0,0,011
2849,2015-04,4,0,0,0,011
2850,2015-04,4,0,0,0,011
2851,2015-04,4,0,0,0,011
2852,2015-04,4,0,0,0,011
2853,2015-04,4,0,0,0,011
2854,2015-04,4,0,0,0,011
2855,2015-04,4,0,0,0,011
2856,2015-04,4,0,0,0,011
2857,2015-04,4,0,0,0,011
2858,2015-04,4,0,0,0,011
2859,2015-04,4,0,0,0,011
2860,2015-04,4,0,0,0,011
2861,2015-04,4,0,0,0,011
2862,2015-04,4,0,0,0,011
2863,2015-04,4,0,0,0,011
2864,2015-04,4,0,0,0,011
2865,2015-04,4,0,0,0,001
2866,2015-04,4,0,0,0,11
2867,2015-04,4,0,0,0,0001
2868,2015-04,4,0,0,0,11
2869,2015-04,4,0,0,0,011
2870,2015-04,4,0,0,0,011
2871,2015-04,4,0,0,0,011
2872,2015-04,4,0,0,0,011
2873,2015-04,4,0,0,0,11
2874,2015-04,4,0,0,0,011
2875,2015-04,4,0,0,0,11
2876,2015-04,4,0,0,0,0001
2877,2015-04,4,0,0,0,11
2878,2015-04,4,0,0,0,11
2879,2015-04,4,0,0,0,11
2880,2015-04,4,0,0,0,11
2881,2015-04,4,0,0,0,0001
2882,2015-04,4,1,0,0,00001
2883,2015-04,4,0,0,0,011
2884,2015-04,4,1,0,0,11
2885,2015-04,4,0,0,0,011
2886,2015-04,4,0,0,0,11
2887,2015-04,4,0,0,0,11
2888,2015-04,4,1,0,0,11
2889,2015-04,4,1,0,0,11
2890,2015-04,4,0,0,0,011
2891,2015-04,4,0,0,0,011
2892,2015-04,4,0,0,0,011
2893,2015-04,4,1,0,0,11
2894,2015-04,4,1,0,0,11
2895,2015-04,4,0,0,0,011
2896,2015-04,4,1,0,0,011
2897,2015-04,4,1,0,0,011
2898,2015-04,4,1,0,0,11
2899,2015-04,4,1,0,0,11
2900,2015-04,4,1,0,0,11
2901,2015-04,4,0,0,0,011
2902,2015-04,4,1,0,0,11
2903,2015-04,4,1,0,0,011
2904,2015-04,4,1,0,0,11
2905,2015-04,4,0,0,0,011
2906,2015-04,4,0,0,0,11
2907,2015-04,4,0,0,0,11
2908,2015-04,4,1,0,0,11
2909,2015-04,4,1,0,0,011
2910,2015-04,4,0,0,0,011
2911,2015-04,4,0,0,0,011
2912,2015-04,4,0,0,0,011
2913,2015-04,4,1,0,0,11
2914,2015-04,4,1,0,0,011
2915,2015-04,4,0,0,0,011
2916,2015-04,4,1,0,0,011
2917,2015-04,4,0,0,0,011
2918,2015-04,4,1,0,0,011
2919,2015-04,4,1,0,0,011
2920,2015-04,4,0,0,0,11
2921,2015-04,4,0,0,0,011
2922,2015-04,4,1,0,0,11
2923,2015-04,4,0,0,0,011
2924,2015-04,4,1,0,0,011
2925,2015-04,4,1,0,0,11
2926,2015-04,4,0,0,0,11
2927,2015-04,4,0,0,0,011
2928,2015-04,4,0,0,0,011
2929,2015-04,4,0,0,0,011
2930,2015-04,4,0,0,0,011
2931,2015-04,4,0,0,0,011
2932,2015-04,4,1,0,0,11
2933,2015-04,4,1,0,0,11
2934,2015-04,4,0,0,0,11
2935,2015-04,4,0,0,0,011
2936,2015-04,4,0,0,0,011
2937,2015-04,4,1,0,0,11
2938,2015-04,4,1,0,0,011
2939,2015-04,4,1,0,0,11
2940,2015-04,4,0,0,0,011
2941,2015-04,4,0,0,0,011
2942,2015-04,4,1,0,0,11
2943,2015-04,4,0,0,0,011
2944,2015-04,4,0,0,0,011
2945,2015-04,4,0,0,0,011
2946,2015-04,4,0,0,0,011
2947,2015-04,4,0,0,0,011
2948,2015-04,4,0,0,0,00000
2949,2015-04,4,0,0,0,011
2950,2015-04,4,0,0,0,11
2951,2015-04,4,0,0,0,11
2952,2015-04,4,0,0,0,011
2953,2015-04,4,0,0,0,011
2954,2015-04,4,0,0,0,011
2955,2015-04,4,0,0,0,011
2956,2015-04,4,0,0,0,011
2957,2015-04,4,0,0,0,011
2958,2015-04,4,0,0,0,011
2959,2015-04,4,0,0,0,011
2960,2015-04,4,0,0,0,011
2961,2015-04,4,0,0,0,011
2962,2015-04,4,0,0,0,011
2963,2015-04,4,0,0,0,011
2964,2015-04,4,0,0,0,11
2965,2015-04,4,0,0,0,011
2966,2015-04,4,0,0,0,011
2967,2015-04,4,0,0,0,011
2968,2015-04,4,0,0,0,011
2969,2015-04,4,0,0,0,011
2970,2015-04,4,0,0,0,011
2971,2015-04,4,0,0,0,011
2972,2015-04,4,0,0,0,011
2973,2015-04,4,0,0,0,011
2974,2015-04,4,0,0,0,011
2975,2015-04,4,0,0,0,011
2976,2015-04,4,0,0,0,011
2977,2015-04,4,0,0,0,011
2978,2015-04,4,0,0,0,011
2979,2015-04,4,0,0,0,011
2980,2015-04,4,0,0,0,011
2981,2015-04,4,0,0,0,011
2982,2015-04,4,0,0,0,011
2983,2015-04,4,0,0,0,010
2984,2015-04,4,0,0,0,011
2985,2015-04,4,0,0,0,011
2986,2015-04,4,0,0,0,011
2987,2015-04,4,0,0,0,11
2988,2015-04,4,0,0,0,011
2989,2015-04,4,0,0,0,11
2990,2015-04,4,0,0,0,011
2991,2015-04,4,0,0,0,011
2992,2015-04,4,0,0,0,011
2993,2015-04,4,0,0,0,011
2994,2015-04,4,0,0,0,011
2995,2015-04,4,0,0,0,011
2996,2015-04,4,0,0,0,011
2997,2015-04,4,0,0,0,011
2998,2015-04,4,0,0,0,11
2999,2015-04,4,0,1,0,010
3000,2015-04,4,0,0,0,011
3001,2015-04,4,0,0,0,011
3002,2015-04,4,0,0,0,11
3003,2015-04,4,0,0,0,011
3004,2015-04,4,0,0,0,011
3005,2015-04,4,0,0,0,011
3006,2015-04,4,0,0,0,011
3007,2015-04,4,0,0,0,011
3008,2015-04,4,0,0,0,011
3009,2015-04,4,0,0,0,011
3010,2015-04,4,0,0,0,011
3011,2015-04,4,0,0,0,011
3012,2015-04,4,0,0,0,11
3013,2015-04,4,0,0,0,011
3014,2015-04,4,0,0,0,011
3015,2015-04,4,0,0,0,011
3016,2015-04,4,0,0,0,011
3017,2015-04,4,0,0,0,011
3018,2015-04,4,0,0,0,011
3019,2015-04,4,0,0,0,011
3020,2015-04,4,0,0,0,011
3021,2015-04,4,0,0,0,011
3022,2015-04,4,0,0,0,011
3023,2015-04,4,0,0,0,011
3024,2015-04,4,0,0,0,011
3025,2015-04,4,0,0,0,011
3026,2015-04,4,0,0,0,011
3027,2015-04,4,0,0,0,011
3028,2015-04,4,0,0,0,011
3029,2015-04,4,0,0,0,011
3030,2015-04,4,0,0,0,011
3031,2015-04,4,0,0,0,011
3032,2015-04,4,0,0,0,011
3033,2015-04,4,0,0,0,011
3034,2015-04,4,0,0,0,011
3035,2015-04,4,0,0,0,011
3036,2015-04,4,0,0,0,011
3037,2015-04,4,0,0,0,011
3038,2015-04,4,0,0,0,011
3039,2015-04,4,0,0,0,011
3040,2015-04,4,0,0,0,011
3041,2015-04,4,0,0,0,011
3042,2015-04,4,0,0,0,011
3043,2015-04,4,0,0,0,011
3044,2015-04,4,0,0,0,011
3045,2015-04,4,0,0,0,011
3046,2015-04,4,0,0,0,011
3047,2015-04,4,0,0,0,011
3048,2015-04,4,0,0,0,011
3049,2015-04,4,0,0,0,011
3050,2015-04,4,0,0,0,011
3051,2015-04,4,0,0,0,011
3052,2015-04,4,0,0,0,011
3053,2015-04,4,0,0,0,011
3054,2015-04,4,0,0,0,011
3055,2015-04,4,0,0,0,011
3056,2015-04,4,0,0,0,011
3057,2015-04,4,0,0,0,011
3058,2015-04,4,0,0,0,011
3059,2015-04,4,0,0,0,011
3060,2015-04,4,0,0,0,011
3061,2015-04,4,0,0,0,011
3062,2015-04,4,0,0,0,011
3063,2015-04,4,0,0,0,0001
3064,2015-04,4,0,0,0,011
3065,2015-04,4,0,0,0,11
3066,2015-04,4,0,0,0,11
3067,2015-04,4,0,0,0,011
3068,2015-04,4,0,0,0,011
3069,2015-04,4,0,0,0,011
3070,2015-04,4,0,0,0,011
3071,2015-04,4,0,0,0,011
3072,2015-04,4,0,0,0,11
3073,2015-04,4,0,0,0,011
3074,2015-04,4,0,0,0,011
3075,2015-04,4,0,0,0,011
3076,2015-04,4,0,0,0,011
3077,2015-04,4,0,0,0,011
3078,2015-04,4,0,0,0,011
3079,2015-04,4,0,0,0,011
3080,2015-04,4,0,0,0,011
3081,2015-04,4,0,0,0,011
3082,2015-04,4,0,0,0,011
3083,2015-04,4,0,0,0,011
3084,2015-04,4,0,0,0,011
3085,2015-04,4,0,0,0,011
3086,2015-04,4,0,0,0,011
3087,2015-04,4,0,0,0,011
3088,2015-04,4,0,0,0,011
3089,2015-04,4,0,0,0,011
3090,2015-04,4,0,0,0,11
3091,2015-04,4,0,0,0,011
3092,2015-04,4,0,0,0,011
3093,2015-04,4,0,0,0,011
3094,2015-04,4,0,0,0,011
3095,2015-04,4,0,0,0,011
3096,2015-04,4,0,0,0,011
3097,2015-04,4,0,0,0,011
3098,2015-04,4,0,0,0,011
3099,2015-04,4,0,0,0,011
3100,2015-04,4,0,0,0,011
3101,2015-04,4,0,0,0,011
3102,2015-04,4,0,0,0,011
3103,2015-04,4,0,0,0,011
3104,2015-04,4,0,0,0,011
3105,2015-04,4,0,0,0,011
3106,2015-04,4,0,0,0,011
3107,2015-04,4,0,0,0,011
3108,2015-04,4,0,0,0,011
3109,2015-04,4,0,0,0,011
3110,2015-04,4,0,0,0,011
3111,2015-04,4,0,0,0,011
3112,2015-04,4,0,0,0,011
3113,2015-04,4,0,0,0,011
3114,2015-04,4,0,0,0,011
3115,2015-04,4,0,0,0,011
3116,2015-04,4,0,0,0,011
3117,2015-04,4,0,0,0,011
3118,2015-04,4,0,0,0,011
3119,2015-04,4,0,0,0,011
3120,2015-04,4,0,0,0,011
3121,2015-04,4,0,0,0,011
3122,2015-04,4,0,0,0,011
3123,2015-04,4,0,0,0,0001
3124,2015-04,4,0,0,0,011
3125,2015-04,4,0,0,0,011
3126,2015-04,4,0,0,0,001
3127,2015-04,4,0,0,0,011
3128,2015-04,4,0,0,0,011
3129,2015-04,4,0,0,0,011
3130,2015-04,4,0,0,0,011
3131,2015-04,4,0,0,0,011
3132,2015-04,4,0,0,0,011
3133,2015-04,4,0,0,0,011
3134,2015-04,4,0,0,0,011
3135,2015-04,4,0,0,0,011
3136,2015-04,4,0,0,0,011
3137,2015-04,4,0,0,0,011
3138,2015-04,4,0,0,0,011
3139,2015-04,4,0,0,0,011
3140,2015-04,4,0,0,0,011
3141,2015-04,4,0,0,0,011
3142,2015-04,4,0,0,0,011
3143,2015-04,4,0,0,0,011
3144,2015-04,4,0,0,0,011
3145,2015-04,4,0,0,0,011
3146,2015-04,4,0,0,0,011
3147,2015-04,4,0,0,0,011
3148,2015-04,4,0,0,0,011
3149,2015-04,4,0,0,0,011
3150,2015-04,4,0,0,0,011
3151,2015-04,4,0,0,0,011
3152,2015-04,4,0,0,0,10001
3153,2015-04,4,0,0,0,011
3154,2015-04,4,0,0,0,011
3155,2015-04,4,0,0,0,011
3156,2015-04,4,0,0,0,011
3157,2015-04,4,0,0,0,011
3158,2015-04,4,0,0,0,011
3159,2015-04,4,0,0,0,011
3160,2015-04,4,0,0,0,011
3161,2015-04,4,0,0,0,011
3162,2015-04,4,0,0,0,011
3163,2015-04,4,0,0,0,011
3164,2015-04,4,0,0,0,011
3165,2015-04,4,0,0,0,011
3166,2015-04,4,0,0,0,011
3167,2015-04,4,0,0,0,011
3168,2015-04,4,0,0,0,011
3169,2015-04,4,0,0,0,011
3170,2015-04,4,0,0,0,011
3171,2015-04,4,0,0,0,011
3172,2015-04,4,0,0,0,011
3173,2015-04,4,0,0,0,011
3174,2015-04,4,0,0,0,011
3175,2015-04,4,0,0,0,011
3176,2015-04,4,0,0,0,011
3177,2015-04,4,0,0,0,011
3178,2015-04,4,0,0,0,011
3179,2015-04,4,0,0,0,011
3180,2015-04,4,0,0,0,011
3181,2015-04,4,0,0,0,011
3182,2015-04,4,0,0,0,011
3183,2015-04,4,0,0,0,011
3184,2015-04,4,0,0,0,011
3185,2015-04,4,0,0,0,011
3186,2015-04,4,0,0,0,011
3187,2015-04,4,0,0,0,011
3188,2015-04,4,0,0,0,011
3189,2015-04,4,0,0,0,011
3190,2015-04,4,0,0,0,011
3191,2015-04,4,0,0,0,011
3192,2015-04,4,0,0,0,011
3193,2015-04,4,0,0,0,011
3194,2015-04,4,0,0,0,011
3195,2015-04,4,0,0,0,011
3196,2015-04,4,0,0,0,011
3197,2015-04,4,0,0,0,011
3198,2015-04,4,0,0,0,011
3199,2015-04,4,0,0,0,011
3200,2015-04,4,0,0,0,011
3201,2015-04,4,0,0,0,011
3202,2015-04,4,0,0,0,011
3203,2015-04,4,0,0,0,011
3204,2015-04,4,0,0,0,011
3205,2015-04,4,0,0,0,011
3206,2015-04,4,0,0,0,011
3207,2015-04,4,0,0,0,011
3208,2015-04,4,0,0,0,011
3209,2015-04,4,0,0,0,011
3210,2015-04,4,0,0,0,011
3211,2015-04,4,0,0,0,011
3212,2015-04,4,0,0,0,011
3213,2015-04,4,0,0,0,011
3214,2015-04,4,0,0,0,011
3215,2015-04,4,0,0,0,011
3216,2015-04,4,0,0,0,011
3217,2015-04,4,0,0,0,011
3218,2015-04,4,0,0,0,011
3219,2015-04,4,0,0,0,011
3220,2015-04,4,0,0,0,011
3221,2015-04,4,0,0,0,011
3222,2015-04,4,0,0,0,011
3223,2015-04,4,0,0,0,011
3224,2015-04,4,0,0,0,011
3225,2015-04,4,0,0,0,011
3226,2015-04,4,0,0,0,011
3227,2015-04,4,0,0,0,011
3228,2015-04,4,0,0,0,011
3229,2015-04,4,0,0,0,011
3230,2015-04,4,0,0,0,011
3231,2015-04,4,0,0,0,011
3232,2015-04,4,0,0,0,011
3233,2015-04,4,0,0,0,011
3234,2015-04,4,0,0,0,011
3235,2015-04,4,0,0,0,011
3236,2015-04,4,0,0,0,011
3237,2015-04,4,0,0,0,011
3238,2015-04,4,0,0,0,011
3239,2015-04,4,0,0,0,011
3240,2015-04,4,0,0,0,011
3241,2015-04,4,0,0,0,011
3242,2015-04,4,0,0,0,011
3243,2015-04,4,0,0,0,011
3244,2015-04,4,0,0,0,011
3245,2015-04,4,0,0,0,011
3246,2015-04,4,0,0,0,011
3247,2015-04,4,0,0,0,011
3248,2015-04,4,0,0,0,011
3249,2015-04,4,0,0,0,011
3250,2015-04,4,0,0,0,011
3251,2015-04,4,0,0,0,011
3252,2015-04,4,0,0,0,011
3253,2015-04,4,0,0,0,011
3254,2015-04,4,0,0,0,011
3255,2015-04,4,0,0,0,011
3256,2015-04,4,0,0,0,011
3257,2015-04,4,0,0,0,011
3258,2015-04,4,0,0,0,011
3259,2015-04,4,0,0,0,011
3260,2015-04,4,0,0,0,011
3261,2015-04,4,0,0,0,011
3262,2015-04,4,0,0,0,011
3263,2015-04,4,0,0,0,011
3264,2015-04,4,0,0,0,011
3265,2015-04,4,0,0,0,011
3266,2015-04,4,0,0,0,011
3267,2015-04,4,0,0,0,011
3268,2015-04,4,0,0,0,011
3269,2015-04,4,0,0,0,011
3270,2015-04,4,0,0,0,011
3271,2015-04,4,0,0,0,011
3272,2015-04,4,0,0,0,011
3273,2015-04,4,0,0,0,011
3274,2015-04,4,0,0,0,011
3275,2015-04,4,0,0,0,011
3276,2015-04,4,0,0,0,011
3277,2015-04,4,0,0,0,011
3278,2015-04,4,0,0,0,011
3279,2015-04,4,0,0,0,011
3280,2015-04,4,0,0,0,011
3281,2015-04,4,0,0,0,011
3282,2015-04,4,0,0,0,011
3283,2015-04,4,0,0,0,011
3284,2015-04,4,0,0,0,011
3285,2015-04,4,0,0,0,011
3286,2015-04,4,0,0,0,011
3287,2015-04,4,0,0,0,011
3288,2015-04,4,0,0,0,011
3289,2015-04,4,0,0,0,011
3290,2015-04,4,0,0,0,011
3291,2015-04,4,0,0,0,011
3292,2015-04,4,0,0,0,011
3293,2015-04,4,0,0,0,011
3294,2015-04,4,0,0,0,011
3295,2015-04,4,0,0,0,011
3296,2015-04,4,0,0,0,011
3297,2015-04,4,0,0,0,011
3298,2015-04,4,0,0,0,011
3299,2015-04,4,0,0,0,011
3300,2015-04,4,0,0,0,011
3301,2015-04,4,0,0,0,011
3302,2015-04,4,0,0,0,011
3303,2015-04,4,0,0,0,011
3304,2015-04,4,0,0,0,011
3305,2015-04,4,0,0,0,011
3306,2015-04,4,0,0,0,011
3307,2015-04,4,0,0,0,011
3308,2015-04,4,0,0,0,011
3309,2015-04,4,0,0,0,011
3310,2015-04,4,0,0,0,011
3311,2015-04,4,0,0,0,011
3312,2015-04,4,0,0,0,011
3313,2015-04,4,0,0,0,011
3314,2015-04,4,0,0,0,011
3315,2015-04,4,0,0,0,011
3316,2015-04,4,0,0,0,011
3317,2015-04,4,0,0,0,011
3318,2015-04,4,0,0,0,011
3473,2015-04,4,0,0,0,011
3474,2015-04,4,0,0,0,011
3475,2015-04,4,0,0,0,011
3476,2015-04,4,0,0,0,010
3477,2015-04,4,0,0,0,011
3478,2015-04,4,0,0,0,011
3479,2015-04,4,0,0,0,010
3480,2015-04,4,0,0,0,011
3481,2015-04,4,0,0,0,011
3482,2015-04,4,0,0,0,011
3483,2015-04,4,0,0,0,011
3484,2015-04,4,0,0,0,011
3485,2015-04,4,0,0,0,011
3486,2015-04,4,0,0,0,011
3487,2015-04,4,0,0,0,011
3488,2015-04,4,0,0,0,011
3489,2015-04,4,0,0,0,010
3490,2015-04,4,0,0,0,011
3491,2015-04,4,0,0,0,010
3492,2015-04,4,0,0,0,011
3493,2015-04,4,0,0,0,010
3494,2015-04,4,0,0,0,011
3495,2015-04,4,0,0,0,011
3496,2015-04,4,1,0,0,011
3497,2015-04,4,0,0,0,011
3498,2015-04,4,0,0,0,011
3499,2015-04,4,0,0,0,011
3500,2015-04,4,0,0,0,011
3501,2015-04,4,0,0,0,011
3502,2015-04,4,0,0,0,011
3503,2015-04,4,0,0,0,011
3504,2015-04,4,0,0,0,011
3505,2015-04,4,0,0,0,010
3506,2015-04,4,0,0,0,011
3507,2015-04,4,0,0,0,010
3508,2015-04,4,0,0,0,010
3509,2015-04,4,0,0,0,010
3510,2015-04,4,0,0,0,010
3511,2015-04,4,0,0,0,010
3512,2015-04,4,0,0,0,010
3513,2015-04,4,0,0,0,011
3514,2015-04,4,0,0,0,011
3515,2015-04,4,0,0,0,011
3516,2015-04,4,0,0,0,011
3517,2015-04,4,0,0,0,011
3518,2015-04,4,0,0,0,011
3519,2015-04,4,0,0,0,011
3520,2015-04,4,1,0,0,011
3521,2015-04,4,0,0,0,011
3522,2015-04,4,0,0,0,011
3523,2015-04,4,0,0,0,011
3524,2015-04,4,0,0,0,011
3525,2015-04,4,0,0,0,010
3526,2015-04,4,0,0,0,010
3527,2015-04,4,0,0,0,010
3528,2015-04,4,0,0,0,010
3529,2015-04,4,0,0,0,011
3530,2015-04,4,0,0,0,010
3531,2015-04,4,0,0,0,010
3532,2015-04,4,0,0,0,010
3533,2015-04,4,0,0,0,010
3534,2015-04,4,0,0,0,010
3535,2015-04,4,0,0,0,010
3536,2015-04,4,0,0,0,010
3537,2015-04,4,1,0,0,010
3538,2015-04,4,1,0,0,010
3539,2015-04,4,0,0,0,010
3540,2015-04,4,0,0,0,010
3541,2015-04,4,0,0,0,010
3542,2015-04,4,0,0,0,00000
3543,2015-04,4,0,0,0,010
3544,2015-04,4,0,0,0,010
3545,2015-04,4,0,0,0,00000
3546,2015-04,4,0,0,0,010
3547,2015-04,4,0,0,0,010
3548,2015-04,4,0,0,0,010
3549,2015-04,4,0,0,0,010
3550,2015-04,4,0,0,0,010
3551,2015-04,4,0,0,0,010
3552,2015-04,4,0,0,0,010
3553,2015-04,4,0,0,0,010
3554,2015-04,4,0,0,0,010
3555,2015-04,4,0,0,0,010
3556,2015-04,4,0,0,0,010
3557,2015-04,4,0,0,0,010
3558,2015-04,4,0,0,0,010
3559,2015-04,4,0,0,0,010
3560,2015-04,4,0,0,0,010
3561,2015-04,4,0,0,0,010
3562,2015-04,4,0,0,0,010
3563,2015-04,4,0,0,0,010
3564,2015-04,4,0,0,0,010
3565,2015-04,4,0,0,0,010
3566,2015-04,4,0,0,0,010
3567,2015-04,4,0,0,0,010
3568,2015-04,4,0,0,0,010
3569,2015-04,4,0,0,0,010
3570,2015-04,4,0,0,0,010
3571,2015-04,4,0,0,0,010
3572,2015-04,4,0,0,0,010
3573,2015-04,4,0,0,0,010
3574,2015-04,4,0,0,0,010
3575,2015-04,4,0,0,0,010
3576,2015-04,4,0,0,0,010
3577,2015-04,4,0,0,0,010
3578,2015-04,4,0,0,0,00000
3579,2015-04,4,0,0,0,010
3580,2015-04,4,0,0,0,010
3581,2015-04,4,0,0,0,010
3582,2015-04,4,0,0,0,010
3583,2015-04,4,0,0,0,010
3584,2015-04,4,0,0,0,010
3585,2015-04,4,0,0,0,010
3586,2015-04,4,0,0,0,010
3587,2015-04,4,0,0,0,010
3588,2015-04,4,0,0,0,010
3589,2015-04,4,0,0,0,010
3590,2015-04,4,0,0,0,010
3591,2015-04,4,0,0,0,010
3592,2015-04,4,0,0,0,010
3593,2015-04,4,0,0,0,010
3594,2015-04,4,0,0,0,010
3595,2015-04,4,0,0,0,010
3596,2015-04,4,0,0,0,010
3597,2015-04,4,0,0,0,010
3598,2015-04,4,0,0,0,010
3599,2015-04,4,0,0,0,010
3600,2015-04,4,0,0,0,010
3601,2015-04,4,0,0,0,00000
3602,2015-04,4,0,0,0,010
3603,2015-04,4,0,0,0,010
3604,2015-04,4,0,0,0,010
3605,2015-04,4,0,0,0,010
3606,2015-04,4,0,0,0,010
3607,2015-04,4,0,0,0,010
3608,2015-04,4,0,0,0,010
3609,2015-04,4,0,0,0,010
3610,2015-04,4,0,0,0,010
3611,2015-04,4,0,0,0,010
3612,2015-04,4,0,0,0,010
3613,2015-04,4,0,0,0,010
3614,2015-04,4,0,0,0,010
3615,2015-04,4,0,0,0,010
3616,2015-04,4,0,0,0,010
3617,2015-04,4,0,0,0,010
3618,2015-04,4,0,0,0,010
3619,2015-04,4,0,0,0,010
3620,2015-04,4,0,0,0,010
3621,2015-04,4,0,0,0,010
3622,2015-04,4,0,0,0,010
3623,2015-04,4,0,0,0,010
3624,2015-04,4,0,0,0,010
3625,2015-04,4,0,0,0,010
3626,2015-04,4,0,0,0,010
3627,2015-04,4,0,0,0,010
3628,2015-04,4,0,0,0,010
3629,2015-04,4,0,0,0,010
3630,2015-04,4,0,0,0,010
3631,2015-04,4,0,0,0,010
3632,2015-04,4,0,0,0,010
3633,2015-04,4,0,0,0,010
3634,2015-04,4,1,0,0,010
3635,2015-04,4,1,0,0,010
3636,2015-04,4,0,0,0,010
3637,2015-04,4,0,0,0,010
3638,2015-04,4,0,0,0,010
3639,2015-04,4,1,0,0,00000
3640,2015-04,4,1,0,0,010
3641,2015-04,4,0,0,0,010
3642,2015-04,4,0,0,0,010
3643,2015-04,4,1,0,0,010
3644,2015-04,4,1,0,0,010
3645,2015-04,4,1,0,0,010
3646,2015-04,4,0,0,0,011
3647,2015-04,4,0,0,0,010
3648,2015-04,4,0,0,0,010
3649,2015-04,4,0,0,0,010
3650,2015-04,4,0,0,0,010
3651,2015-04,4,0,0,0,010
3652,2015-04,4,0,0,0,010
3653,2015-04,4,0,0,0,010
3654,2015-04,4,0,0,0,010
4000,2015-04,4,0,0,0,010
4001,2015-04,4,0,0,0,010
4002,2015-04,4,0,0,0,010
4003,2015-04,4,0,0,0,010
4004,2015-04,4,0,0,0,010
4005,2015-04,4,0,0,0,010
4006,2015-04,4,0,0,0,010
4007,2015-04,4,0,0,0,010
4008,2015-04,4,0,0,0,010
4009,2015-04,4,0,0,0,010
4010,2015-04,4,0,0,0,010
4011,2015-04,4,0,0,0,010
4012,2015-04,4,0,0,0,010
4013,2015-04,4,0,0,0,010
4014,2015-04,4,0,0,0,010
4015,2015-04,4,0,0,0,010
4016,2015-04,4,0,0,0,010
4017,2015-04,4,0,0,0,010
4018,2015-04,4,0,0,0,010
4019,2015-04,4,0,0,0,010
4020,2015-04,4,0,0,0,010
4021,2015-04,4,0,0,0,010
4022,2015-04,4,0,0,0,010
4023,2015-04,4,0,0,0,010
4024,2015-04,4,0,0,0,010
4025,2015-04,4,0,0,0,010
4026,2015-04,4,0,0,0,010
4027,2015-04,4,0,0,0,010
4028,2015-04,4,0,0,0,010
4029,2015-04,4,0,0,0,010
4030,2015-04,4,0,0,0,010
4031,2015-04,4,0,0,0,010
4032,2015-04,4,0,0,0,010
4033,2015-04,4,0,0,0,010
4034,2015-04,4,0,0,0,010
4035,2015-04,4,0,0,0,010
4036,2015-04,4,0,0,0,010
4037,2015-04,4,0,0,0,010
4038,2015-04,4,0,0,0,010
4039,2015-04,4,0,0,0,010
4040,2015-04,4,0,0,0,010
4041,2015-04,4,0,0,0,010
4042,2015-04,4,0,0,0,010
4043,2015-04,4,0,0,0,010
4044,2015-04,4,0,0,0,010
4045,2015-04,4,0,0,0,010
4046,2015-04,4,0,0,0,010
4047,2015-04,4,0,0,0,010
4048,2015-04,4,0,0,0,010
4049,2015-04,4,0,0,0,010
4050,2015-04,4,0,0,0,010
4051,2015-04,4,0,0,0,010
4052,2015-04,4,0,0,0,010
4053,2015-04,4,0,0,0,010
4054,2015-04,4,0,0,0,010
4055,2015-04,4,0,0,0,010
4056,2015-04,4,0,0,0,010
4057,2015-04,4,0,0,0,010
4058,2015-04,4,0,0,0,010
4059,2015-04,4,0,0,0,010
4060,2015-04,4,0,0,0,010
4061,2015-04,4,0,0,0,010
4062,2015-04,4,0,0,0,010
4063,2015-04,4,0,0,0,010
4064,2015-04,4,0,0,0,010
4065,2015-04,4,0,0,0,010
4066,2015-04,4,0,0,0,010
4067,2015-04,4,0,0,0,010
4068,2015-04,4,0,0,0,010
4069,2015-04,4,0,0,0,010
4070,2015-04,4,0,0,0,010
4071,2015-04,4,0,0,0,010
4072,2015-04,4,0,0,0,010
4073,2015-04,4,0,0,0,010
4074,2015-04,4,0,0,0,010
4075,2015-04,4,0,0,0,010
4076,2015-04,4,0,0,0,010
4077,2015-04,4,0,0,0,010
4078,2015-04,4,0,0,0,010
4079,2015-04,4,0,0,0,010
4080,2015-04,4,0,0,0,010
4081,2015-04,4,0,0,0,010
4082,2015-04,4,0,0,0,010
4083,2015-04,4,0,0,0,010
4084,2015-04,4,0,0,0,010
4085,2015-04,4,0,0,0,010
4086,2015-04,4,0,0,0,010
4087,2015-04,4,0,0,0,010
4088,2015-04,4,0,0,0,010
4089,2015-04,4,0,0,0,010
4090,2015-04,4,0,0,0,010
4091,2015-04,4,0,0,0,010
4092,2015-04,4,0,0,0,010
4093,2015-04,4,0,0,0,010
4094,2015-04,4,0,0,0,010
4095,2015-04,4,0,0,0,010
4096,2015-04,4,0,0,0,010
4097,2015-04,4,0,0,0,010
4098,2015-04,4,0,0,0,010
4099,2015-04,4,0,0,0,010
4100,2015-04,4,0,0,0,010
4101,2015-04,4,0,0,0,010
4102,2015-04,4,0,0,0,010
4103,2015-04,4,0,0,0,010
4104,2015-04,4,0,0,0,010
4105,2015-04,4,0,0,0,010
4106,2015-04,4,0,0,0,010
4107,2015-04,4,0,0,0,010
4108,2015-04,4,0,0,0,010
4109,2015-04,4,0,0,0,010
4110,2015-04,4,0,0,0,010
4111,2015-04,4,0,0,0,010
4112,2015-04,4,0,0,0,010
4113,2015-04,4,0,0,0,010
4114,2015-04,4,0,0,0,010
4115,2015-04,4,0,0,0,010
4116,2015-04,4,0,0,0,010
4117,2015-04,4,0,0,0,010
4118,2015-04,4,0,0,0,010
4119,2015-04,4,0,0,0,010
4120,2015-04,4,0,0,0,010
4121,2015-04,4,0,0,0,010
4122,2015-04,4,0,0,0,010
4123,2015-04,4,0,0,0,010
4124,2015-04,4,0,0,0,010
4125,2015-04,4,0,0,0,010
4126,2015-04,4,0,0,0,010
4127,2015-04,4,0,0,0,010
4128,2015-04,4,0,0,0,010
4129,2015-04,4,0,0,0,010
4130,2015-04,4,0,0,0,010
4131,2015-04,4,0,0,0,010
4132,2015-04,4,0,0,0,010
4133,2015-04,4,0,0,0,010
4134,2015-04,4,0,0,0,010
4135,2015-04,4,0,0,0,010
4136,2015-04,4,0,0,0,010
4137,2015-04,4,0,0,0,010
4138,2015-04,4,0,0,0,010
4139,2015-04,4,0,0,0,010
4140,2015-04,4,0,0,0,010
4141,2015-04,4,0,0,0,010
4142,2015-04,4,0,0,0,010
4143,2015-04,4,0,0,0,010
4144,2015-04,4,0,0,0,010
4145,2015-04,4,0,0,0,010
4146,2015-04,4,0,0,0,010
4147,2015-04,4,0,0,0,010
4148,2015-04,4,0,0,0,010
4149,2015-04,4,0,0,0,010
4150,2015-04,4,0,0,0,010
4151,2015-04,4,0,0,0,010
4152,2015-04,4,0,0,0,010
4153,2015-04,4,0,0,0,010
4154,2015-04,4,0,0,0,010
4155,2015-04,4,0,0,0,010
4156,2015-04,4,0,0,0,010
4157,2015-04,4,0,0,0,010
4158,2015-04,4,0,0,0,010
4159,2015-04,4,0,0,0,010
4160,2015-04,4,0,0,0,010
4161,2015-04,4,0,0,0,010
4162,2015-04,4,0,0,0,010
4163,2015-04,4,0,0,0,010
4164,2015-04,4,0,0,0,010
4165,2015-04,4,0,0,0,010
4166,2015-04,4,0,0,0,010
4167,2015-04,4,0,0,0,010
4168,2015-04,4,0,0,0,010
4169,2015-04,4,0,0,0,010
4170,2015-04,4,0,0,0,010
4171,2015-04,4,0,0,0,010
4172,2015-04,4,0,0,0,010
4173,2015-04,4,0,0,0,010
4174,2015-04,4,0,0,0,010
4175,2015-04,4,0,0,0,010
4176,2015-04,4,0,0,0,010
4177,2015-04,4,0,0,0,010
4178,2015-04,4,0,0,0,010
4179,2015-04,4,0,0,0,010
4180,2015-04,4,0,0,0,010
4181,2015-04,4,0,0,0,010
4182,2015-04,4,0,0,0,010
4183,2015-04,4,0,0,0,010
4184,2015-04,4,0,0,0,010
4185,2015-04,4,0,0,0,010
4186,2015-04,4,0,0,0,010
4187,2015-04,4,0,0,0,010
4188,2015-04,4,0,0,0,010
4189,2015-04,4,0,0,0,010
4190,2015-04,4,0,0,0,010
4191,2015-04,4,0,0,0,010
4192,2015-04,4,0,0,0,010
4193,2015-04,4,0,0,0,010
4194,2015-04,4,0,0,0,010
4195,2015-04,4,0,0,0,010
4196,2015-04,4,0,0,0,010
4197,2015-04,4,0,0,0,010
4198,2015-04,4,0,0,0,010
4199,2015-04,4,0,0,0,010
4200,2015-04,4,0,0,0,010
4201,2015-04,4,0,0,0,010
4202,2015-04,4,0,0,0,010
4203,2015-04,4,0,0,0,010
4204,2015-04,4,0,0,0,010
4205,2015-04,4,0,0,0,010
4206,2015-04,4,0,0,0,010
4207,2015-04,4,0,0,0,010
4208,2015-04,4,0,0,0,010
4209,2015-04,4,0,0,0,010
4210,2015-04,4,0,0,0,010
4211,2015-04,4,0,0,0,010
4212,2015-04,4,0,0,0,010
4213,2015-04,4,0,0,0,010
4214,2015-04,4,0,0,0,010
4215,2015-04,4,0,0,0,010
4216,2015-04,4,0,0,0,010
4217,2015-04,4,0,0,0,010
4218,2015-04,4,0,0,0,010
4219,2015-04,4,0,0,0,010
4220,2015-04,4,0,0,0,010
4221,2015-04,4,0,0,0,010
4222,2015-04,4,0,0,0,010
4223,2015-04,4,0,0,0,010
4224,2015-04,4,0,0,0,010
4225,2015-04,4,0,0,0,010
4226,2015-04,4,0,0,0,010
4227,2015-04,4,0,0,0,010
4228,2015-04,4,0,0,0,010
4229,2015-04,4,0,0,0,010
4230,2015-04,4,0,0,0,010
4231,2015-04,4,0,0,0,010
4232,2015-04,4,0,0,0,010
4233,2015-04,4,0,0,0,010
4234,2015-04,4,0,0,0,001
4235,2015-04,4,0,0,0,010
4236,2015-04,4,0,0,0,010
4237,2015-04,4,0,0,0,001
4238,2015-04,4,0,0,0,001
4239,2015-04,4,0,0,0,001
4240,2015-04,4,0,0,0,001
4241,2015-04,4,0,0,0,001
4242,2015-04,4,0,0,0,001
4243,2015-04,4,0,0,0,001
4244,2015-04,4,0,0,0,001
4245,2015-04,4,0,0,0,001
4246,2015-04,4,0,0,0,010
4247,2015-04,4,0,0,0,001
4248,2015-04,4,0,0,0,001
4249,2015-04,4,0,0,0,001
4250,2015-04,4,0,0,0,010
4251,2015-04,4,0,0,0,010
4252,2015-04,4,0,0,0,010
4253,2015-04,4,0,0,0,010
4254,2015-04,4,0,0,0,010
4255,2015-04,4,0,0,0,010
4256,2015-04,4,0,0,0,010
4257,2015-04,4,0,0,0,010
4258,2015-04,4,0,0,0,010
4259,2015-04,4,0,0,0,010
4260,2015-04,4,0,0,0,001
4261,2015-04,4,0,0,0,010
4262,2015-04,4,0,0,0,010
4263,2015-04,4,0,0,0,010
4264,2015-04,4,0,0,0,010
4265,2015-04,4,0,0,0,010
4266,2015-04,4,0,0,0,010
4267,2015-04,4,0,0,0,010
4268,2015-04,4,0,0,0,010
4269,2015-04,4,0,0,0,001
4270,2015-04,4,0,0,0,001
4271,2015-04,4,0,0,0,001
4272,2015-04,4,0,0,0,010
4273,2015-04,4,0,0,0,010
4274,2015-04,4,0,0,0,010
4275,2015-04,4,0,0,0,001
4276,2015-04,4,0,0,0,010
4277,2015-04,4,0,0,0,010
4278,2015-04,4,0,0,0,001
4279,2015-04,4,0,0,0,001
4280,2015-04,4,0,0,0,001
4281,2015-04,4,0,0,0,001
4282,2015-04,4,0,0,0,001
4283,2015-04,4,0,0,0,001
4284,2015-04,4,0,0,0,010
4285,2015-04,4,0,0,0,010
4286,2015-04,4,0,0,0,010
4287,2015-04,4,0,0,0,010
4288,2015-04,4,0,0,0,010
4289,2015-04,4,0,0,0,010
4290,2015-04,4,0,0,0,010
4291,2015-04,4,0,0,0,010
4292,2015-04,4,0,0,0,010
4293,2015-04,4,0,0,0,010
4294,2015-04,4,0,0,0,010
4295,2015-04,4,0,0,0,010
4296,2015-04,4,0,0,0,010
4297,2015-04,4,0,0,0,010
4298,2015-04,4,0,0,0,010
4299,2015-04,4,0,0,0,010
4300,2015-04,4,0,0,0,010
4301,2015-04,4,0,0,0,001
4302,2015-04,4,0,0,0,010
4303,2015-04,4,0,0,0,010
4304,2015-04,4,0,0,0,001
4305,2015-04,4,0,0,0,010
4306,2015-04,4,0,0,0,001
4307,2015-04,4,0,0,0,001
4308,2015-04,4,0,0,0,010
4309,2015-04,4,0,0,0,010
4310,2015-04,4,0,0,0,010
4311,2015-04,4,0,0,0,010
4312,2015-04,4,0,0,0,001
4313,2015-04,4,0,0,0,010
4314,2015-04,4,0,0,0,010
4315,2015-04,4,0,0,0,010
4316,2015-04,4,0,0,0,010
4317,2015-04,4,0,0,0,010
4318,2015-04,4,0,0,0,001
4319,2015-04,4,0,0,0,010
4320,2015-04,4,0,0,0,001
4321,2015-04,4,0,0,0,010
4322,2015-04,4,0,0,0,010
4323,2015-04,4,0,0,0,001
4324,2015-04,4,0,0,0,001
4325,2015-04,4,0,0,0,010
4326,2015-04,4,0,0,0,010
4327,2015-04,4,0,0,0,001
4328,2015-04,4,0,0,0,001
4329,2015-04,4,0,0,0,001
4330,2015-04,4,0,0,0,010
4331,2015-04,4,0,0,0,001
4332,2015-04,4,0,0,0,001
4333,2015-04,4,0,0,0,001
4334,2015-04,4,0,0,0,001
4335,2015-04,4,0,0,0,001
4336,2015-04,4,0,0,0,001
4337,2015-04,4,0,0,0,001
4338,2015-04,4,0,0,0,001
4339,2015-04,4,0,0,0,001
4340,2015-04,4,0,0,0,001
4341,2015-04,4,0,0,0,001
4342,2015-04,4,0,0,0,001
4343,2015-04,4,0,0,0,001
4344,2015-04,4,0,0,0,001
4345,2015-04,4,0,0,0,001
4346,2015-04,4,0,0,0,001
4347,2015-04,4,0,0,0,001
4348,2015-04,4,0,0,0,001
4349,2015-04,4,0,0,0,001
4350,2015-04,4,0,0,0,001
4351,2015-04,4,0,0,0,001
4352,2015-04,4,0,0,0,001
4353,2015-04,4,0,0,0,001
4354,2015-04,4,0,0,0,001
4355,2015-04,4,0,0,0,001
4356,2015-04,4,0,0,0,001
4357,2015-04,4,0,0,0,010
4358,2015-04,4,0,0,0,001
4359,2015-04,4,0,0,0,001
4360,2015-04,4,0,0,0,001
4361,2015-04,4,0,0,0,001
4362,2015-04,4,0,0,0,001
4363,2015-04,4,0,0,0,001
4364,2015-04,4,0,0,0,001
4365,2015-04,4,0,0,0,001
4366,2015-04,4,0,0,0,010
4367,2015-04,4,0,0,0,001
4368,2015-04,4,0,0,0,001
4369,2015-04,4,0,0,0,001
4370,2015-04,4,0,0,0,001
4371,2015-04,4,0,0,0,001
4372,2015-04,4,0,0,0,001
4373,2015-04,4,0,0,0,001
4374,2015-04,4,0,0,0,001
4375,2015-04,4,0,0,0,001
4376,2015-04,4,0,0,0,001
4377,2015-04,4,0,0,0,001
4378,2015-04,4,0,0,0,001
4379,2015-04,4,0,0,0,001
4380,2015-04,4,0,0,0,001
4381,2015-04,4,0,0,0,001
4382,2015-04,4,0,0,0,001
4383,2015-04,4,0,0,0,001
4384,2015-04,4,0,0,0,001
4385,2015-04,4,0,0,0,001
4386,2015-04,4,0,0,0,001
4387,2015-04,4,0,0,0,001
4388,2015-04,4,0,0,0,001
4389,2015-04,4,0,0,0,001
4390,2015-04,4,0,0,0,001
4391,2015-04,4,0,0,0,001
4392,2015-04,4,0,0,0,001
4393,2015-04,4,0,0,0,001
4394,2015-04,4,0,0,0,001
4395,2015-04,4,0,0,0,001
4396,2015-04,4,0,0,0,001
4397,2015-04,4,0,0,0,001
4398,2015-04,4,0,0,0,001
4399,2015-04,4,0,0,0,001
4400,2015-04,4,0,0,0,001
4401,2015-04,4,0,0,0,001
4402,2015-04,4,0,0,0,001
4403,2015-04,4,0,0,0,001
4404,2015-04,4,0,0,0,001
4405,2015-04,4,0,0,0,001
4406,2015-04,4,0,0,0,001
4407,2015-04,4,0,0,0,001
4408,2015-04,4,0,0,0,001
4409,2015-04,4,0,0,0,001
4410,2015-04,4,0,0,0,001
4411,2015-04,4,0,0,0,010
4412,2015-04,4,0,0,0,001
4413,2015-04,4,0,0,0,001
4414,2015-04,4,0,0,0,001
4415,2015-04,4,0,0,0,001
4416,2015-04,4,0,0,0,001
4417,2015-04,4,0,0,0,001
4418,2015-04,4,0,0,0,001
4419,2015-04,4,0,0,0,001
4420,2015-04,4,0,0,0,001
4421,2015-04,4,0,0,0,001
4422,2015-04,4,0,0,0,010
4423,2015-04,4,0,0,0,001
4424,2015-04,4,0,0,0,010
4425,2015-04,4,0,0,0,001
4426,2015-04,4,0,0,0,001
4427,2015-04,4,0,0,0,001
4428,2015-04,4,0,0,0,001
4429,2015-04,4,0,0,0,001
4430,2015-04,4,0,0,0,001
4431,2015-04,4,0,0,0,001
4432,2015-04,4,0,0,0,001
4433,2015-04,4,0,0,0,001
4434,2015-04,4,0,0,0,001
4435,2015-04,4,0,0,0,001
4436,2015-04,4,0,0,0,001
4474,2015-04,4,0,0,0,001
4483,2015-04,4,0,0,0,001
4484,2015-04,4,0,0,0,001
4485,2015-04,4,0,0,0,001
4486,2015-04,4,0,0,0,001
4487,2015-04,4,0,0,0,001
4488,2015-04,4,0,0,0,001
4489,2015-04,4,0,0,0,001
4490,2015-04,4,0,0,0,001
4491,2015-04,4,0,0,0,001
4492,2015-04,4,0,0,0,001
4493,2015-04,4,0,0,0,001
4494,2015-04,4,0,0,0,001
4495,2015-04,4,0,0,0,001
4496,2015-04,4,0,0,0,001
4497,2015-04,4,0,0,0,001
4498,2015-04,4,0,0,0,001
4499,2015-04,4,0,0,0,001
4500,2015-04,4,0,0,0,001
4501,2015-04,4,0,0,0,001
4502,2015-04,4,0,0,0,001
4503,2015-04,4,0,0,0,001
4504,2015-04,4,0,0,0,001
4505,2015-04,4,0,0,0,001
4506,2015-04,4,0,0,0,001
4507,2015-04,4,0,0,0,001
4508,2015-04,4,0,0,0,001
4509,2015-04,4,0,0,0,001
4510,2015-04,4,0,0,0,001
4511,2015-04,4,0,0,0,001
4512,2015-04,4,0,0,0,001
4513,2015-04,4,0,0,0,001
4514,2015-04,4,0,0,0,001
4515,2015-04,4,0,0,0,001
4516,2015-04,4,0,0,0,001
4517,2015-04,4,0,0,0,001
4518,2015-04,4,0,0,0,001
4519,2015-04,4,0,0,0,001
4520,2015-04,4,0,0,0,001
4521,2015-04,4,0,0,0,001
4522,2015-04,4,0,0,0,001
4523,2015-04,4,0,0,0,001
4524,2015-04,4,0,0,0,001
4525,2015-04,4,0,0,0,001
4526,2015-04,4,0,0,0,001
4527,2015-04,4,0,0,0,001
4528,2015-04,4,0,0,0,001
4529,2015-04,4,0,0,0,001
4530,2015-04,4,0,0,0,001
4531,2015-04,4,0,0,0,001
4532,2015-04,4,0,0,0,001
4533,2015-04,4,0,0,0,001
4534,2015-04,4,0,0,0,001
4535,2015-04,4,0,0,0,001
4536,2015-04,4,0,0,0,001
4537,2015-04,4,0,0,0,001
4538,2015-04,4,0,0,0,001
4539,2015-04,4,0,0,0,001
4540,2015-04,4,0,0,0,001
4541,2015-04,4,0,0,0,001
4542,2015-04,4,0,0,0,00000
4543,2015-04,4,0,0,0,001
4544,2015-04,4,0,0,0,001
4545,2015-04,4,0,0,0,001
4546,2015-04,4,0,0,0,001
4547,2015-04,4,0,0,0,001
4548,2015-04,4,0,0,0,001
4549,2015-04,4,0,0,0,001
4550,2015-04,4,0,0,0,001
4551,2015-04,4,0,0,0,001
4552,2015-04,4,0,0,0,001
4553,2015-04,4,0,0,0,001
4554,2015-04,4,0,0,0,001
4555,2015-04,4,0,0,0,001
4556,2015-04,4,0,0,0,001
4557,2015-04,4,0,0,0,001
4558,2015-04,4,0,0,0,001
4559,2015-04,4,0,0,0,001
4560,2015-04,4,0,0,0,001
4561,2015-04,4,0,0,0,001
4562,2015-04,4,0,0,0,001
4563,2015-04,4,0,0,0,001
4564,2015-04,4,0,0,0,001
4565,2015-04,4,0,0,0,001
4566,2015-04,4,0,0,0,root
4567,2015-04,4,0,0,0,root
4568,2015-04,4,0,0,0,root
4569,2015-04,4,0,0,0,root
4570,2015-04,4,1,0,0,root
4571,2015-04,4,1,0,0,root
4572,2015-04,4,1,1,1,root
4573,2015-04,4,0,0,0,root
4574,2015-04,4,0,0,0,root
4575,2015-04,4,1,0,0,root
4576,2015-04,4,0,0,0,root
4577,2015-04,4,0,0,0,root
4578,2015-04,4,0,0,0,root
4579,2015-04,4,1,0,0,root
4580,2015-04,4,0,0,0,root
4581,2015-04,4,0,1,1,root
4582,2015-04,4,0,1,1,root
4583,2015-04,4,1,1,1,root
4584,2015-04,4,1,1,1,root
4585,2015-04,4,1,0,0,root
4586,2015-04,4,1,1,1,root
4587,2015-04,4,1,1,1,root
4588,2015-04,4,1,1,1,root
4589,2015-04,4,1,1,1,root
4590,2015-04,4,1,1,1,root
4591,2015-04,4,0,0,0,root
4592,2015-04,4,1,1,1,root
4593,2015-04,4,1,1,1,root
4594,2015-04,4,1,1,1,root
4595,2015-04,4,1,1,1,root
4596,2015-04,4,1,1,1,root
4597,2015-04,4,1,1,1,root
4598,2015-04,4,1,1,1,root
4599,2015-04,4,1,1,1,root
4600,2015-04,4,0,0,0,root
4601,2015-04,4,1,1,1,root
4602,2015-04,4,1,1,1,root
4603,2015-04,4,1,1,1,root
4604,2015-04,4,1,1,1,root
4605,2015-04,4,0,0,0,root
4606,2015-04,4,0,0,0,root
4607,2015-04,4,0,0,0,root
4608,2015-04,4,0,0,0,root
4609,2015-04,4,1,1,1,root
4610,2015-04,4,1,1,1,root
4611,2015-04,4,1,0,0,root
4612,2015-04,4,0,0,0,root
4613,2015-04,4,0,1,1,root
4614,2015-04,4,1,1,1,root
4615,2015-04,4,1,1,1,root
4616,2015-04,4,1,1,1,root
4617,2015-04,4,1,1,1,root
4618,2015-04,4,1,1,1,root
4619,2015-04,4,1,1,1,root
4620,2015-04,4,1,1,1,root
4621,2015-04,4,1,1,1,root
4622,2015-04,4,1,1,1,root
4623,2015-04,4,1,1,1,root
4624,2015-04,4,1,1,1,root
4625,2015-04,4,1,1,1,root
4626,2015-04,4,1,1,1,root
4627,2015-04,4,1,1,1,root
4628,2015-04,4,1,1,1,root
4629,2015-04,4,1,1,1,root
4630,2015-04,4,1,1,1,root
4631,2015-04,4,1,1,1,root
4632,2015-04,4,1,1,1,root
4633,2015-04,4,1,1,1,root
4634,2015-04,4,1,1,1,root
4635,2015-04,4,1,1,1,root
4636,2015-04,4,1,1,1,root
4637,2015-04,4,0,0,0,root
4638,2015-04,4,1,1,1,root
4639,2015-04,4,1,1,1,root
4640,2015-04,4,1,1,1,root
4641,2015-04,4,1,1,1,root
4642,2015-04,4,1,1,1,root
4643,2015-04,4,1,1,1,root
4644,2015-04,4,1,1,1,root
4645,2015-04,4,1,1,1,root
4646,2015-04,4,1,0,0,root
4647,2015-04,4,1,1,1,root
4648,2015-04,4,1,1,1,root
4649,2015-04,4,1,1,1,root
4650,2015-04,4,1,1,1,root
4651,2015-04,4,1,1,1,root
4652,2015-04,4,1,1,1,root
4653,2015-04,4,1,1,1,root
4654,2015-04,4,1,1,1,root
4655,2015-04,4,1,1,1,root
4656,2015-04,4,1,1,1,root
4657,2015-04,4,0,0,0,root
4658,2015-04,4,0,1,1,root
4659,2015-04,4,0,1,1,root
4660,2015-04,4,0,1,1,root
4661,2015-04,4,1,1,1,root
4662,2015-04,4,1,1,1,root
4663,2015-04,4,0,1,1,root
4664,2015-04,4,1,0,0,root
4665,2015-04,4,0,1,1,root
4666,2015-04,4,1,1,1,root
4667,2015-04,4,0,0,0,root
4668,2015-04,4,0,0,0,root
4669,2015-04,4,0,1,1,root
4670,2015-04,4,1,0,0,root
4671,2015-04,4,0,1,1,root
4672,2015-04,4,1,1,1,root
4673,2015-04,4,0,1,1,root
4674,2015-04,4,1,0,0,root
4675,2015-04,4,1,1,1,root
4676,2015-04,4,1,1,1,root
4677,2015-04,4,1,1,1,root
4678,2015-04,4,1,1,1,root
4679,2015-04,4,1,1,1,root
4680,2015-04,4,1,1,1,root
4681,2015-04,4,1,1,1,root
4682,2015-04,4,1,0,0,root
4683,2015-04,4,1,1,1,root
4684,2015-04,4,1,1,1,root
4685,2015-04,4,1,1,1,root
4686,2015-04,4,1,1,1,root
4687,2015-04,4,1,1,1,root
4688,2015-04,4,1,0,0,root
4689,2015-04,4,1,0,0,root
4690,2015-04,4,1,1,1,root
4691,2015-04,4,1,1,1,root
4692,2015-04,4,1,1,1,root
4693,2015-04,4,1,1,1,root
4694,2015-04,4,1,1,1,root
4695,2015-04,4,1,1,1,root
4696,2015-04,4,1,1,1,root
4697,2015-04,4,1,1,1,root
4698,2015-04,4,1,1,1,root
4699,2015-04,4,1,1,1,root
4700,2015-04,4,1,0,0,root
4701,2015-04,4,1,1,1,root
4702,2015-04,4,1,1,1,root
4703,2015-04,4,0,1,1,root
4704,2015-04,4,1,1,1,root
4705,2015-04,4,1,1,1,root
4706,2015-04,4,1,1,1,root
4707,2015-04,4,1,1,1,root
4708,2015-04,4,1,1,1,root
4709,2015-04,4,1,1,1,root
4710,2015-04,4,1,1,1,root
4711,2015-04,4,0,0,0,001
4712,2015-04,4,0,0,0,001
4713,2015-04,4,0,0,0,001
4714,2015-04,4,0,0,0,001
4715,2015-04,4,0,0,0,001
4716,2015-04,4,0,0,0,001
4717,2015-04,4,0,0,0,001
4718,2015-04,4,0,0,0,001
4719,2015-04,4,0,0,0,001
4720,2015-04,4,0,0,0,001
4721,2015-04,4,0,0,0,001
4722,2015-04,4,0,0,0,001
4723,2015-04,4,0,0,0,001
4724,2015-04,4,0,0,0,001
4725,2015-04,4,0,0,0,001
4726,2015-04,4,0,0,0,001
4727,2015-04,4,0,0,0,001
4728,2015-04,4,0,0,0,001
4729,2015-04,4,0,0,0,001
4730,2015-04,4,0,0,0,001
4731,2015-04,4,0,0,0,0001
4732,2015-04,4,0,0,0,001
4733,2015-04,4,0,0,0,001
4734,2015-04,4,0,0,0,001
4735,2015-04,4,0,0,0,001
4736,2015-04,4,0,0,0,001
4737,2015-04,4,0,0,0,001
4738,2015-04,4,0,0,0,001
4739,2015-04,4,0,0,0,001
4740,2015-04,4,0,0,0,001
4741,2015-04,4,0,0,0,001
4742,2015-04,4,0,0,0,001
4743,2015-04,4,0,0,0,001
4744,2015-04,4,0,0,0,001
4745,2015-04,4,0,0,0,001
4746,2015-04,4,0,0,0,001
4747,2015-04,4,0,0,0,001
4748,2015-04,4,0,0,0,001
4749,2015-04,4,0,0,0,001
4750,2015-04,4,0,0,0,001
4751,2015-04,4,0,0,0,001
4752,2015-04,4,0,0,0,001
4753,2015-04,4,0,0,0,001
4754,2015-04,4,0,0,0,001
4755,2015-04,4,0,0,0,001
4756,2015-04,4,0,0,0,001
4757,2015-04,4,0,0,0,001
4758,2015-04,4,0,0,0,001
4759,2015-04,4,0,0,0,001
4760,2015-04,4,0,0,0,001
4761,2015-04,4,0,0,0,001
4762,2015-04,4,0,0,0,001
4763,2015-04,4,0,0,0,001
4764,2015-04,4,0,0,0,001
4765,2015-04,4,0,0,0,001
4766,2015-04,4,0,0,0,001
4767,2015-04,4,0,0,0,001
4768,2015-04,4,0,0,0,001
4769,2015-04,4,0,0,0,001
4770,2015-04,4,0,0,0,001
4771,2015-04,4,0,0,0,001
4772,2015-04,4,0,0,0,001
4773,2015-04,4,0,0,0,001
4774,2015-04,4,0,0,0,001
4775,2015-04,4,0,0,0,001
4776,2015-04,4,0,0,0,001
4777,2015-04,4,0,0,0,001
4778,2015-04,4,0,0,0,001
4779,2015-04,4,0,0,0,001
4780,2015-04,4,0,0,0,001
4781,2015-04,4,0,0,0,001
4782,2015-04,4,0,0,0,001
4783,2015-04,4,0,0,0,001
4784,2015-04,4,0,0,0,001
4785,2015-04,4,0,0,0,001
4786,2015-04,4,0,0,0,001
4787,2015-04,4,0,0,0,001
4788,2015-04,4,0,0,0,001
4789,2015-04,4,0,0,0,001
4790,2015-04,4,0,0,0,001
4791,2015-04,4,0,0,0,001
4792,2015-04,4,0,0,0,001
4793,2015-04,4,0,0,0,001
4794,2015-04,4,0,0,0,001
4795,2015-04,4,0,0,0,001
4796,2015-04,4,0,0,0,001
4797,2015-04,4,0,0,0,001
4798,2015-04,4,0,0,0,001
4799,2015-04,4,0,0,0,001
4800,2015-04,4,0,0,0,001
4801,2015-04,4,0,0,0,001
4802,2015-04,4,0,0,0,001
4803,2015-04,4,0,0,0,001
4804,2015-04,4,0,0,0,001
4805,2015-04,4,0,0,0,001
4806,2015-04,4,0,0,0,001
4807,2015-04,4,0,0,0,001
4808,2015-04,4,0,0,0,001
4809,2015-04,4,0,0,0,001
4810,2015-04,4,0,0,0,001
4811,2015-04,4,0,0,0,001
4812,2015-04,4,0,0,0,001
4813,2015-04,4,0,0,0,0001
4814,2015-04,4,0,0,0,0001
4815,2015-04,4,0,0,0,0001
4816,2015-04,4,0,0,0,0001
4817,2015-04,4,0,0,0,0001
4818,2015-04,4,0,0,0,0001
4819,2015-04,4,0,0,0,001
4820,2015-04,4,0,0,0,001
4821,2015-04,4,0,0,0,001
4822,2015-04,4,0,0,0,001
4823,2015-04,4,0,0,0,001
4824,2015-04,4,0,0,0,001
4825,2015-04,4,0,0,0,001
4826,2015-04,4,0,0,0,001
4827,2015-04,4,0,0,0,001
4828,2015-04,4,0,0,0,001
4829,2015-04,4,0,0,0,001
4830,2015-04,4,0,0,0,001
4831,2015-04,4,0,0,0,001
4832,2015-04,4,0,0,0,001
4833,2015-04,4,0,0,0,001
4834,2015-04,4,0,0,0,001
4835,2015-04,4,0,0,0,001
4836,2015-04,4,0,0,0,001
4837,2015-04,4,0,0,0,001
4838,2015-04,4,0,0,0,001
4839,2015-04,4,0,0,0,001
4840,2015-04,4,0,0,0,001
4841,2015-04,4,0,0,0,001
4842,2015-04,4,0,0,0,001
4843,2015-04,4,0,0,0,001
4844,2015-04,4,0,0,0,001
4845,2015-04,4,0,0,0,001
4846,2015-04,4,0,0,0,001
4847,2015-04,4,0,0,0,001
4848,2015-04,4,0,0,0,001
4849,2015-04,4,0,0,0,001
4850,2015-04,4,0,0,0,001
4851,2015-04,4,0,0,0,001
4852,2015-04,4,0,0,0,001
4853,2015-04,4,0,0,0,001
4854,2015-04,4,0,0,0,001
4855,2015-04,4,0,0,0,001
4856,2015-04,4,0,0,0,001
4857,2015-04,4,0,0,0,001
4858,2015-04,4,0,0,0,001
4859,2015-04,4,0,0,0,001
4860,2015-04,4,0,0,0,001
4861,2015-04,4,0,0,0,001
4862,2015-04,4,0,0,0,001
4863,2015-04,4,0,0,0,001
4864,2015-04,4,0,0,0,001
4865,2015-04,4,0,0,0,001
4866,2015-04,4,0,0,0,001
4867,2015-04,4,0,0,0,001
4868,2015-04,4,0,0,0,001
4869,2015-04,4,0,0,0,001
4870,2015-04,4,0,0,0,001
4871,2015-04,4,0,0,0,001
4872,2015-04,4,0,0,0,001
4873,2015-04,4,0,0,0,001
4874,2015-04,4,0,0,0,001
4875,2015-04,4,0,0,0,001
4876,2015-04,4,0,0,0,001
4877,2015-04,4,0,0,0,001
4878,2015-04,4,0,0,0,001
4879,2015-04,4,0,0,0,001
4880,2015-04,4,0,0,0,001
4881,2015-04,4,0,0,0,001
4882,2015-04,4,0,0,0,001
4883,2015-04,4,0,0,0,001
4884,2015-04,4,0,0,0,001
4885,2015-04,4,0,0,0,001
4886,2015-04,4,0,0,0,001
4887,2015-04,4,0,0,0,001
4888,2015-04,4,0,0,0,001
4889,2015-04,4,0,0,0,001
4890,2015-04,4,0,0,0,001
4891,2015-04,4,0,0,0,001
4892,2015-04,4,0,0,0,001
4893,2015-04,4,0,0,0,001
4894,2015-04,4,0,0,0,001
4895,2015-04,4,0,0,0,001
4896,2015-04,4,0,0,0,0001
4897,2015-04,4,0,0,0,001
4898,2015-04,4,0,0,0,001
4899,2015-04,4,0,0,0,001
4900,2015-04,4,0,0,0,0001
4901,2015-04,4,0,0,0,001
4902,2015-04,4,0,0,0,001
4903,2015-04,4,0,0,0,0001
4904,2015-04,4,0,0,0,001
4905,2015-04,4,0,0,0,001
4906,2015-04,4,0,0,0,001
4907,2015-04,4,0,0,0,001
4908,2015-04,4,0,0,0,001
4909,2015-04,4,0,0,0,001
4910,2015-04,4,0,0,0,001
4911,2015-04,4,0,0,0,001
4912,2015-04,4,0,0,0,001
4913,2015-04,4,0,0,0,001
4914,2015-04,4,0,0,0,001
4915,2015-04,4,0,0,0,0001
4916,2015-04,4,0,0,0,001
4917,2015-04,4,0,0,0,0001
4918,2015-04,4,0,0,0,0001
4919,2015-04,4,0,0,0,0001
4920,2015-04,4,0,0,0,0001
4921,2015-04,4,0,0,0,0001
4922,2015-04,4,0,0,0,0001
4923,2015-04,4,0,0,0,0001
4924,2015-04,4,0,0,0,0001
4925,2015-04,4,0,0,0,0001
4926,2015-04,4,0,0,0,001
4927,2015-04,4,0,0,0,0001
4928,2015-04,4,0,0,0,001
4929,2015-04,4,0,0,0,0001
4930,2015-04,4,0,0,0,001
4931,2015-04,4,0,0,0,0001
4932,2015-04,4,0,0,0,0001
4933,2015-04,4,0,0,0,0001
4934,2015-04,4,0,0,0,0001
4935,2015-04,4,0,0,0,0001
4936,2015-04,4,0,0,0,001
4937,2015-04,4,0,0,0,0001
4938,2015-04,4,0,0,0,0001
4939,2015-04,4,0,0,0,0001
4940,2015-04,4,0,0,0,0001
4941,2015-04,4,0,0,0,001
4942,2015-04,4,0,0,0,0001
4943,2015-04,4,0,0,0,0001
4944,2015-04,4,0,0,0,0001
4945,2015-04,4,0,0,0,0001
4946,2015-04,4,0,0,0,0001
4947,2015-04,4,0,0,0,0001
4948,2015-04,4,0,0,0,0001
4949,2015-04,4,0,0,0,0001
4950,2015-04,4,0,0,0,0001
4951,2015-04,4,0,0,0,0001
4952,2015-04,4,0,0,0,001
4953,2015-04,4,0,0,0,0001
4954,2015-04,4,0,0,0,0001
4955,2015-04,4,0,0,0,0001
4956,2015-04,4,0,0,0,0001
4957,2015-04,4,0,0,0,0001
4958,2015-04,4,0,0,0,0001
4959,2015-04,4,0,0,0,00001
4960,2015-04,4,0,0,0,0001
4961,2015-04,4,0,0,0,0001
4962,2015-04,4,0,0,0,0001
4963,2015-04,4,0,0,0,0001
4964,2015-04,4,0,0,0,0001
4965,2015-04,4,0,0,0,0001
4966,2015-04,4,0,0,0,0001
4967,2015-04,4,0,0,0,0001
4968,2015-04,4,0,0,0,0001
4969,2015-04,4,0,0,0,0001
4970,2015-04,4,0,0,0,0001
4971,2015-04,4,0,0,0,0001
4972,2015-04,4,0,0,0,0001
4973,2015-04,4,0,0,0,0001
4974,2015-04,4,0,0,0,0001
4975,2015-04,4,0,0,0,0001
4976,2015-04,4,0,0,0,0001
4977,2015-04,4,0,0,0,0001
4978,2015-04,4,0,0,0,0001
4979,2015-04,4,0,0,0,0001
4980,2015-04,4,0,0,0,0001
4981,2015-04,4,0,0,0,0001
4982,2015-04,4,0,0,0,0001
4983,2015-04,4,0,0,0,0001
4984,2015-04,4,0,0,0,0001
4985,2015-04,4,0,0,0,0001
4986,2015-04,4,0,0,0,0001
4987,2015-04,4,0,0,0,0001
4988,2015-04,4,0,0,0,0001
4989,2015-04,4,0,0,0,0001
4990,2015-04,4,0,0,0,0001
4991,2015-04,4,0,0,0,0001
4992,2015-04,4,0,0,0,0001
4993,2015-04,4,0,0,0,0001
4994,2015-04,4,0,0,0,0001
4995,2015-04,4,0,0,0,0001
4996,2015-04,4,0,0,0,0001
4997,2015-04,4,0,0,0,0001
4998,2015-04,4,0,0,0,0001
4999,2015-04,4,0,0,0,0001
5000,2015-04,4,0,0,0,0001
5001,2015-04,4,0,0,0,0001
5002,2015-04,4,0,0,0,0001
5003,2015-04,4,0,0,0,0001
5004,2015-04,4,0,0,0,0001
5005,2015-04,4,0,0,0,0001
5006,2015-04,4,0,0,0,0001
5007,2015-04,4,0,0,0,0001
5008,2015-04,4,0,0,0,0001
5009,2015-04,4,0,0,0,0001
5010,2015-04,4,0,0,0,0001
5011,2015-04,4,0,0,0,0001
5012,2015-04,4,0,0,0,0001
5013,2015-04,4,0,0,0,0001
5014,2015-04,4,0,0,0,0001
5015,2015-04,4,0,0,0,0001
5016,2015-04,4,0,0,0,0001
5017,2015-04,4,0,0,0,0001
5018,2015-04,4,0,0,0,0001
5019,2015-04,4,0,0,0,0001
5020,2015-04,4,0,0,0,0001
5021,2015-04,4,0,0,0,0001
5022,2015-04,4,0,0,0,0001
5023,2015-04,4,0,0,0,0001
5024,2015-04,4,1,0,0,0001
5025,2015-04,4,0,0,0,0001
5026,2015-04,4,0,0,0,0001
5027,2015-04,4,0,0,0,0001
5028,2015-04,4,0,0,0,0001
5029,2015-04,4,0,0,0,0001
5030,2015-04,4,0,0,0,0001
5031,2015-04,4,0,0,0,0001
5032,2015-04,4,1,0,0,0001
5033,2015-04,4,0,0,0,0001
5034,2015-04,4,1,0,0,0001
5035,2015-04,4,0,0,0,0001
5036,2015-04,4,0,0,0,0001
5037,2015-04,4,0,0,0,0001
5038,2015-04,4,0,0,0,0001
5039,2015-04,4,0,0,0,0001
5040,2015-04,4,1,0,0,0001
5041,2015-04,4,1,0,0,0001
5042,2015-04,4,0,0,0,0001
5043,2015-04,4,1,0,0,0001
5044,2015-04,4,0,0,0,0001
5045,2015-04,4,0,0,0,0001
5046,2015-04,4,0,0,0,0001
5047,2015-04,4,0,0,0,0001
5048,2015-04,4,0,0,0,0001
5049,2015-04,4,0,0,0,0001
5050,2015-04,4,0,0,0,0001
5051,2015-04,4,0,0,0,0001
5052,2015-04,4,0,0,0,0001
5053,2015-04,4,0,0,0,0001
5054,2015-04,4,0,0,0,0001
5055,2015-04,4,0,0,0,0001
5056,2015-04,4,0,0,0,0001
5057,2015-04,4,0,0,0,0001
5058,2015-04,4,0,0,0,0001
5059,2015-04,4,0,0,0,0001
5060,2015-04,4,0,0,0,0001
5061,2015-04,4,0,0,0,0001
5062,2015-04,4,0,0,0,0001
5063,2015-04,4,0,0,0,0001
5064,2015-04,4,0,0,0,0001
5065,2015-04,4,0,0,0,0001
5066,2015-04,4,0,0,0,0001
5067,2015-04,4,0,0,0,0001
5068,2015-04,4,0,0,0,0001
5069,2015-04,4,0,0,0,0001
5070,2015-04,4,0,0,0,0001
5071,2015-04,4,0,0,0,0001
5072,2015-04,4,0,0,0,0001
5073,2015-04,4,0,0,0,0001
5074,2015-04,4,0,0,0,0001
5075,2015-04,4,0,0,0,0001
5076,2015-04,4,0,0,0,0001
5077,2015-04,4,0,0,0,0001
5078,2015-04,4,0,0,0,0001
5079,2015-04,4,0,0,0,0001
5080,2015-04,4,0,0,0,0001
5081,2015-04,4,0,0,0,0001
5082,2015-04,4,0,0,0,0001
5083,2015-04,4,0,0,0,0001
5084,2015-04,4,0,0,0,0001
5085,2015-04,4,0,0,0,0001
5086,2015-04,4,0,0,0,0001
5087,2015-04,4,0,0,0,0001
5088,2015-04,4,0,0,0,0001
5089,2015-04,4,0,0,0,00001
5090,2015-04,4,0,0,0,00001
5091,2015-04,4,0,0,0,0001
5092,2015-04,4,0,0,0,00001
5093,2015-04,4,0,0,0,00001
5094,2015-04,4,0,0,0,0001
5095,2015-04,4,0,0,0,00001
5096,2015-04,4,0,0,0,00001
5097,2015-04,4,0,0,0,00001
5098,2015-04,4,0,0,0,00001
5099,2015-04,4,0,0,0,00001
5100,2015-04,4,0,0,0,00001
5101,2015-04,4,0,0,0,00001
5102,2015-04,4,0,0,0,0001
5103,2015-04,4,0,0,0,0001
5104,2015-04,4,0,0,0,00001
5105,2015-04,4,0,0,0,00001
5106,2015-04,4,0,0,0,00001
5107,2015-04,4,0,0,0,00001
5108,2015-04,4,0,0,0,0001
5109,2015-04,4,0,0,0,00001
5110,2015-04,4,0,0,0,0001
5111,2015-04,4,0,0,0,00001
5112,2015-04,4,0,0,0,0001
5113,2015-04,4,0,0,0,00001
5114,2015-04,4,0,0,0,00001
5115,2015-04,4,0,0,0,0001
5116,2015-04,4,0,0,0,00001
5117,2015-04,4,0,0,0,0001
5118,2015-04,4,0,0,0,00001
5119,2015-04,4,0,0,0,00001
5120,2015-04,4,0,0,0,00001
5121,2015-04,4,0,0,0,00001
5122,2015-04,4,0,0,0,00001
5123,2015-04,4,0,0,0,00001
5124,2015-04,4,0,0,0,00001
5125,2015-04,4,0,0,0,0001
5126,2015-04,4,0,0,0,00001
5127,2015-04,4,0,0,0,00001
5128,2015-04,4,0,0,0,00001
5129,2015-04,4,0,0,0,00001
5130,2015-04,4,0,0,0,00001
5131,2015-04,4,0,0,0,00001
5132,2015-04,4,0,0,0,00001
5133,2015-04,4,0,0,0,00001
5134,2015-04,4,0,0,0,00001
5135,2015-04,4,0,0,0,00001
5136,2015-04,4,0,0,0,00001
5137,2015-04,4,0,0,0,00001
5138,2015-04,4,0,0,0,00001
5139,2015-04,4,0,0,0,00001
5140,2015-04,4,0,0,0,00001
5141,2015-04,4,0,0,0,00001
5142,2015-04,4,0,0,0,00001
5143,2015-04,4,0,0,0,00001
5144,2015-04,4,0,0,0,00001
5145,2015-04,4,0,0,0,00001
5146,2015-04,4,0,0,0,00001
5147,2015-04,4,0,0,0,00001
5148,2015-04,4,0,0,0,00001
5149,2015-04,4,0,0,0,0001
5150,2015-04,4,0,0,0,00001
5151,2015-04,4,0,0,0,00001
5152,2015-04,4,0,0,0,00001
5153,2015-04,4,0,0,0,00001
5154,2015-04,4,0,0,0,00001
5155,2015-04,4,0,0,0,00001
5156,2015-04,4,0,0,0,00001
5157,2015-04,4,0,0,0,00001
5158,2015-04,4,0,0,0,00001
5159,2015-04,4,0,0,0,00001
5160,2015-04,4,0,0,0,00001
5161,2015-04,4,0,0,0,00001
5162,2015-04,4,0,0,0,00001
5163,2015-04,4,0,0,0,00001
5164,2015-04,4,0,0,0,00001
5165,2015-04,4,0,0,0,00001
5166,2015-04,4,0,0,0,00001
5167,2015-04,4,0,0,0,00001
5168,2015-04,4,0,0,0,00001
5169,2015-04,4,0,0,0,00001
5170,2015-04,4,0,0,0,00001
5171,2015-04,4,0,0,0,00001
5172,2015-04,4,0,0,0,00001
5173,2015-04,4,0,0,0,00001
5174,2015-04,4,0,0,0,00001
5175,2015-04,4,0,0,0,00001
5176,2015-04,4,0,0,0,00001
5177,2015-04,4,0,0,0,00001
5178,2015-04,4,0,0,0,00001
5179,2015-04,4,0,0,0,00001
5180,2015-04,4,0,0,0,00001
5181,2015-04,4,0,0,0,00000
5182,2015-04,4,0,0,0,00001
5183,2015-04,4,0,0,0,00001
5184,2015-04,4,0,0,0,00001
5185,2015-04,4,0,0,0,00001
5186,2015-04,4,0,0,0,00001
5187,2015-04,4,0,0,0,00000
5188,2015-04,4,0,0,0,00000
5189,2015-04,4,0,0,0,00000
5190,2015-04,4,0,0,0,00000
5191,2015-04,4,0,0,0,00000
5192,2015-04,4,0,0,0,00000
5193,2015-04,4,0,0,0,00000
5194,2015-04,4,0,0,0,00000
5195,2015-04,4,0,0,0,00000
5196,2015-04,4,0,0,0,00000
5197,2015-04,4,0,0,0,00000
5198,2015-04,4,0,0,0,00000
5199,2015-04,4,0,0,0,00000
5200,2015-04,4,0,0,0,00000
5201,2015-04,4,0,0,0,00000
5202,2015-04,4,0,0,0,00000
5203,2015-04,4,0,0,0,00001
5204,2015-04,4,0,0,0,00001
5205,2015-04,4,0,0,0,00001
5206,2015-04,4,0,0,0,00001
5207,2015-04,4,0,0,0,00001
5208,2015-04,4,0,0,0,00000
5209,2015-04,4,0,0,0,00000
5210,2015-04,4,0,0,0,00001
5211,2015-04,4,0,0,0,00001
5212,2015-04,4,0,0,0,00001
5213,2015-04,4,0,0,0,00001
5214,2015-04,4,0,0,0,00001
5215,2015-04,4,0,0,0,00001
5216,2015-04,4,0,0,0,00001
5217,2015-04,4,0,0,0,00001
5218,2015-04,4,0,0,0,00001
5219,2015-04,4,0,0,0,00000
5220,2015-04,4,0,0,0,00000
5221,2015-04,4,0,0,0,00000
5222,2015-04,4,0,0,0,00000
5223,2015-04,4,0,0,0,00000
5224,2015-04,4,0,0,0,00000
5225,2015-04,4,0,0,0,0001
5226,2015-04,4,0,0,0,00000
5227,2015-04,4,0,0,0,00000
5228,2015-04,4,0,0,0,00000
5229,2015-04,4,0,0,0,00000
5230,2015-04,4,0,0,0,11
5231,2015-04,4,0,0,0,00000
5232,2015-04,4,0,0,0,00000
5233,2015-04,4,0,0,0,00000
5234,2015-04,4,0,0,0,00000
5235,2015-04,4,0,0,0,00000
5236,2015-04,4,0,0,0,00000
5237,2015-04,4,0,0,0,00000
5238,2015-04,4,0,0,0,00000
5239,2015-04,4,0,0,0,0001
5240,2015-04,4,0,0,0,00000
5241,2015-04,4,0,0,0,0001
5242,2015-04,4,0,0,0,0001
5243,2015-04,4,0,0,0,0001
5244,2015-04,4,0,0,0,00000
5245,2015-04,4,0,0,0,00000
5246,2015-04,4,0,0,0,00000
5247,2015-04,4,0,0,0,00000
5248,2015-04,4,0,0,0,0001
5249,2015-04,4,0,0,0,0001
5250,2015-04,4,0,0,0,00000
5251,2015-04,4,0,0,0,0001
5252,2015-04,4,0,0,0,0001
5253,2015-04,4,0,0,0,0001
5254,2015-04,4,0,0,0,0001
5255,2015-04,4,0,0,0,00000
5256,2015-04,4,0,0,0,0001
5257,2015-04,4,0,0,0,0001
5258,2015-04,4,0,0,0,0001
5259,2015-04,4,0,0,0,0001
5260,2015-04,4,0,0,0,011
5261,2015-04,4,0,0,0,0001
5262,2015-04,4,0,0,0,0001
5263,2015-04,4,0,0,0,001
5264,2015-04,4,0,0,0,0001
5265,2015-04,4,0,0,0,0001
5266,2015-04,4,0,0,0,0001
5267,2015-04,4,0,0,0,0001
5268,2015-04,4,0,0,0,0001
5269,2015-04,4,0,0,0,11
5270,2015-04,4,0,0,0,001
5271,2015-04,4,0,0,0,001
5272,2015-04,4,0,0,0,001
5273,2015-04,4,0,0,0,001
5274,2015-04,4,0,0,0,0001
5275,2015-04,4,0,0,0,0001
5276,2015-04,4,0,0,0,0001
5277,2015-04,4,0,0,0,00000
5278,2015-04,4,0,0,0,0001
5279,2015-04,4,0,0,0,0001
5280,2015-04,4,0,0,0,0001
5281,2015-04,4,0,0,0,0001
5282,2015-04,4,0,0,0,00000
5283,2015-04,4,0,0,0,10000
5284,2015-04,4,0,0,0,0001
5285,2015-04,4,0,0,0,0001
5286,2015-04,4,0,0,0,00000
5287,2015-04,4,0,0,0,0001
5288,2015-04,4,0,0,0,0001
5289,2015-04,4,0,0,0,0001
5290,2015-04,4,0,0,0,0001
5291,2015-04,4,0,0,0,0001
5292,2015-04,4,0,0,0,0001
5293,2015-04,4,0,0,0,0001
5294,2015-04,4,0,0,0,00000
5295,2015-04,4,0,0,0,0001
5296,2015-04,4,0,0,0,0001
5297,2015-04,4,0,0,0,0001
5298,2015-04,4,0,0,0,0001
5299,2015-04,4,0,0,0,0001
5300,2015-04,4,0,0,0,0001
5301,2015-04,4,0,0,0,00000
5302,2015-04,4,0,0,0,0001
5303,2015-04,4,0,0,0,001
5304,2015-04,4,0,0,0,001
5305,2015-04,4,0,0,0,001
5306,2015-04,4,0,0,0,001
5307,2015-04,4,0,0,0,001
5308,2015-04,4,0,0,0,001
5309,2015-04,4,0,0,0,001
5310,2015-04,4,0,0,0,001
5311,2015-04,4,0,0,0,001
5312,2015-04,4,0,0,0,001
5313,2015-04,4,0,0,0,001
5314,2015-04,4,0,0,0,001
5315,2015-04,4,0,0,0,001
5316,2015-04,4,0,0,0,001
5317,2015-04,4,0,0,0,001
5318,2015-04,4,0,0,0,001
5319,2015-04,4,0,0,0,001
5320,2015-04,4,0,0,0,001
5321,2015-04,4,0,0,0,001
5322,2015-04,4,0,0,0,001
5323,2015-04,4,0,0,0,11
5324,2015-04,4,0,0,0,001
5325,2015-04,4,0,0,0,001
5326,2015-04,4,0,0,0,001
5327,2015-04,4,0,0,0,001
5328,2015-04,4,0,0,0,0001
5329,2015-04,4,0,0,0,001
5330,2015-04,4,0,0,0,001
5331,2015-04,4,0,0,0,001
5332,2015-04,4,0,0,0,001
5333,2015-04,4,0,0,0,001
5334,2015-04,4,0,0,0,00000
5335,2015-04,4,0,0,0,001
5336,2015-04,4,0,0,0,001
5337,2015-04,4,0,0,0,001
5338,2015-04,4,0,0,0,001
5339,2015-04,4,0,0,0,001
5340,2015-04,4,0,0,0,001
5341,2015-04,4,0,0,0,001
5342,2015-04,4,0,0,0,001
5343,2015-04,4,0,0,0,010
5344,2015-04,4,0,0,0,001
5345,2015-04,4,0,0,0,001
5346,2015-04,4,0,0,0,001
5347,2015-04,4,0,0,0,010
5348,2015-04,4,0,0,0,010
5349,2015-04,4,0,0,0,010
5350,2015-04,4,0,0,0,010
5351,2015-04,4,0,0,0,010
5352,2015-04,4,0,0,0,010
5353,2015-04,4,0,0,0,001
5354,2015-04,4,0,0,0,001
5355,2015-04,4,0,0,0,10000
5356,2015-04,4,0,0,0,001
5357,2015-04,4,0,0,0,010
5358,2015-04,4,0,0,0,10000
5359,2015-04,4,0,0,0,001
5360,2015-04,4,0,0,0,10000
5361,2015-04,4,0,0,0,001
5362,2015-04,4,0,0,0,010
5363,2015-04,4,0,0,0,010
5364,2015-04,4,0,0,0,010
5365,2015-04,4,0,0,0,010
5366,2015-04,4,0,0,0,010
5367,2015-04,4,0,0,0,010
5368,2015-04,4,0,0,0,010
5369,2015-04,4,0,0,0,010
5370,2015-04,4,0,0,0,010
5371,2015-04,4,0,0,0,010
5372,2015-04,4,0,0,0,001
5373,2015-04,4,0,0,0,010
5374,2015-04,4,0,0,0,010
5375,2015-04,4,1,0,0,010
5376,2015-04,4,1,0,0,001
5377,2015-04,4,1,0,0,001
5378,2015-04,4,0,0,0,010
5379,2015-04,4,1,0,0,010
5380,2015-04,4,1,0,0,010
5381,2015-04,4,1,0,0,010
5382,2015-04,4,1,0,0,010
5383,2015-04,4,0,0,0,010
5384,2015-04,4,0,0,0,11
5385,2015-04,4,0,0,0,010
5386,2015-04,4,0,0,0,010
5387,2015-04,4,0,0,0,010
5388,2015-04,4,0,0,0,010
5389,2015-04,4,0,0,0,010
5390,2015-04,4,0,0,0,010
5391,2015-04,4,0,0,0,010
5392,2015-04,4,0,0,0,010
5393,2015-04,4,0,0,0,010
5394,2015-04,4,0,0,0,010
5395,2015-04,4,0,0,0,010
5396,2015-04,4,0,0,0,010
5397,2015-04,4,0,0,0,010
5398,2015-04,4,0,0,0,010
5399,2015-04,4,0,0,0,010
5400,2015-04,4,0,0,0,010
5401,2015-04,4,0,0,0,010
5402,2015-04,4,0,0,0,010
5403,2015-04,4,0,0,0,010
5404,2015-04,4,0,0,0,010
5405,2015-04,4,0,0,0,010
5406,2015-04,4,0,0,0,010
5407,2015-04,4,0,0,0,010
5408,2015-04,4,0,0,0,010
5409,2015-04,4,0,0,0,010
5410,2015-04,4,0,0,0,010
5411,2015-04,4,0,0,0,010
5412,2015-04,4,0,0,0,011
5413,2015-04,4,0,0,0,011
5414,2015-04,4,0,0,0,010
5415,2015-04,4,0,0,0,010
5416,2015-04,4,0,0,0,010
5417,2015-04,4,0,0,0,010
5418,2015-04,4,0,0,0,010
5419,2015-04,4,0,0,0,010
5420,2015-04,4,0,0,0,010
5421,2015-04,4,0,0,0,011
5422,2015-04,4,0,0,0,10000
5423,2015-04,4,0,0,0,011
5424,2015-04,4,0,0,0,011
5425,2015-04,4,0,0,0,10000
5426,2015-04,4,0,0,0,101
5427,2015-04,4,0,0,0,10000
5428,2015-04,4,0,0,0,10000
5429,2015-04,4,0,0,0,10000
5430,2015-04,4,0,0,0,10000
5431,2015-04,4,0,0,0,1001
5432,2015-04,4,0,0,0,1001
5433,2015-04,4,0,0,0,10000
5434,2015-04,4,0,0,0,1001
5435,2015-04,4,0,0,0,10000
5436,2015-04,4,0,0,0,10000
5437,2015-04,4,0,0,0,10000
5438,2015-04,4,0,0,0,10000
5439,2015-04,4,0,0,0,10000
5440,2015-04,4,0,0,0,10000
5441,2015-04,4,0,0,0,10000
5442,2015-04,4,0,0,0,10000
5443,2015-04,4,0,0,0,10000
5444,2015-04,4,0,0,0,10000
5445,2015-04,4,0,0,0,10000
5446,2015-04,4,0,0,0,1001
5447,2015-04,4,0,0,0,1001
5448,2015-04,4,0,0,0,1001
5449,2015-04,4,0,0,0,1001
5450,2015-04,4,0,0,0,10000
5451,2015-04,4,0,0,0,10000
5452,2015-04,4,0,0,0,10000
5453,2015-04,4,0,0,0,10000
5454,2015-04,4,0,0,0,10000
5455,2015-04,4,0,0,0,10000
5456,2015-04,4,0,0,0,1001
5457,2015-04,4,0,0,0,10000
5458,2015-04,4,0,0,0,10000
5459,2015-04,4,0,0,0,10000
5460,2015-04,4,0,0,0,10000
5461,2015-04,4,0,0,0,101
5462,2015-04,4,0,0,0,1001
5463,2015-04,4,0,0,0,1001
5464,2015-04,4,0,0,0,1001
5465,2015-04,4,0,0,0,1001
5466,2015-04,4,0,0,0,1001
5467,2015-04,4,0,0,0,1001
5468,2015-04,4,0,0,0,101
5469,2015-04,4,0,0,0,101
5470,2015-04,4,0,0,0,1001
5471,2015-04,4,0,0,0,101
5472,2015-04,4,0,0,0,101
5473,2015-04,4,0,0,0,101
5474,2015-04,4,0,0,0,101
5475,2015-04,4,0,0,0,101
5476,2015-04,4,0,0,0,101
5477,2015-04,4,0,0,0,101
5478,2015-04,4,0,0,0,1001
5479,2015-04,4,0,0,0,101
5480,2015-04,4,0,0,0,1001
5481,2015-04,4,0,0,0,1001
5482,2015-04,4,0,0,0,1001
5483,2015-04,4,0,0,0,101
5484,2015-04,4,0,0,0,101
5485,2015-04,4,0,0,0,101
5486,2015-04,4,0,0,0,101
5487,2015-04,4,0,0,0,101
5488,2015-04,4,0,0,0,101
5489,2015-04,4,0,0,0,101
5490,2015-04,4,0,0,0,101
5491,2015-04,4,0,0,0,101
5492,2015-04,4,0,0,0,101
5493,2015-04,4,0,0,0,101
5494,2015-04,4,0,0,0,1001
5495,2015-04,4,0,0,0,101
5496,2015-04,4,0,0,0,101
5497,2015-04,4,0,0,0,101
5498,2015-04,4,0,0,0,101
5499,2015-04,4,0,0,0,101
5501,2015-04,4,0,0,0,101
5502,2015-04,4,0,0,0,101
5503,2015-04,4,0,0,0,101
5504,2015-04,4,0,0,0,101
5505,2015-04,4,0,0,0,101
5506,2015-04,4,0,0,0,101
5507,2015-04,4,0,0,0,101
5508,2015-04,4,0,0,0,101
5509,2015-04,4,0,0,0,101
5510,2015-04,4,0,0,0,101
5511,2015-04,4,0,0,0,101
5512,2015-04,4,0,0,0,101
5513,2015-04,4,0,0,0,101
5514,2015-04,4,0,0,0,101
5515,2015-04,4,0,0,0,101
5516,2015-04,4,0,0,0,101
5517,2015-04,4,0,0,0,101
5518,2015-04,4,0,0,0,101
5519,2015-04,4,0,0,0,101
5520,2015-04,4,0,0,0,101
5521,2015-04,4,0,0,0,101
5522,2015-04,4,0,0,0,101
5523,2015-04,4,0,0,0,101
5524,2015-04,4,0,0,0,101
5525,2015-04,4,0,0,0,101
5526,2015-04,4,0,0,0,101
5527,2015-04,4,0,0,0,010
5528,2015-04,4,0,0,0,101
5529,2015-04,4,0,0,0,101
5530,2015-04,4,0,0,0,101
5531,2015-04,4,0,0,0,101
5532,2015-04,4,0,0,0,101
5533,2015-04,4,0,0,0,101
5534,2015-04,4,0,0,0,101
5535,2015-04,4,0,0,0,010
5536,2015-04,4,0,0,0,101
5537,2015-04,4,0,0,0,101
5538,2015-04,4,0,0,0,101
5539,2015-04,4,0,0,0,101
5540,2015-04,4,0,0,0,101
5541,2015-04,4,0,0,0,11
5542,2015-04,4,0,0,0,11
5543,2015-04,4,0,0,0,11
5544,2015-04,4,0,0,0,11
5545,2015-04,4,0,0,0,11
5546,2015-04,4,0,0,0,11
5547,2015-04,4,0,0,0,11
5548,2015-04,4,0,0,0,11
5549,2015-04,4,0,0,0,11
5550,2015-04,4,0,0,0,11
5551,2015-04,4,0,0,0,11
5552,2015-04,4,0,0,0,11
5553,2015-04,4,0,0,0,101
5554,2015-04,4,0,0,0,101
5555,2015-04,4,0,0,0,101
5556,2015-04,4,0,0,0,101
5557,2015-04,4,0,0,0,11
5558,2015-04,4,0,0,0,11
5559,2015-04,4,0,0,0,11
5560,2015-04,4,0,0,0,11
5561,2015-04,4,0,0,0,11
5562,2015-04,4,0,0,0,1001
5563,2015-04,4,0,0,0,11
5564,2015-04,4,0,0,0,11
5565,2015-04,4,0,0,0,11
5566,2015-04,4,0,0,0,11
5567,2015-04,4,0,0,0,11
5568,2015-04,4,0,0,0,11
5569,2015-04,4,0,0,0,11
5570,2015-04,4,0,0,0,11
5571,2015-04,4,0,0,0,11
5572,2015-04,4,0,0,0,11
5573,2015-04,4,0,0,0,11
5574,2015-04,4,0,0,0,1001
5575,2015-04,4,0,0,0,11
5576,2015-04,4,0,0,0,11
5577,2015-04,4,0,0,0,11
5578,2015-04,4,0,0,0,1001
5579,2015-04,4,0,0,0,11
5580,2015-04,4,0,0,0,11
5581,2015-04,4,0,0,0,11
5582,2015-04,4,0,0,0,11
5583,2015-04,4,0,0,0,11
5584,2015-04,4,0,0,0,11
5585,2015-04,4,0,0,0,11
5586,2015-04,4,0,0,0,11
5587,2015-04,4,0,0,0,11
5588,2015-04,4,0,0,0,1001
5589,2015-04,4,0,0,0,1001
5590,2015-04,4,0,0,0,101
5591,2015-04,4,0,0,0,1001
5592,2015-04,4,0,0,0,101
5593,2015-04,4,0,0,0,101
5594,2015-04,4,0,0,0,11
5595,2015-04,4,0,0,0,11
5596,2015-04,4,0,0,0,11
5597,2015-04,4,0,0,0,11
5598,2015-04,4,0,0,0,11
5599,2015-04,4,0,0,0,11
5601,2015-04,4,0,0,0,11
5602,2015-04,4,0,0,0,11
5603,2015-04,4,0,0,0,011
5604,2015-04,4,0,0,0,011
5605,2015-04,4,0,0,0,011
5606,2015-04,4,0,0,0,011
5607,2015-04,4,0,0,0,011
5608,2015-04,4,0,0,0,011
5609,2015-04,4,0,0,0,011
5610,2015-04,4,0,0,0,011
5611,2015-04,4,0,0,0,011
5612,2015-04,4,0,0,0,011
5613,2015-04,4,0,0,0,11
5614,2015-04,4,0,0,0,011
5615,2015-04,4,0,0,0,011
5616,2015-04,4,0,0,0,011
5617,2015-04,4,0,0,0,011
5618,2015-04,4,0,0,0,011
5619,2015-04,4,0,0,0,011
5620,2015-04,4,0,0,0,011
5621,2015-04,4,0,0,0,011
5622,2015-04,4,0,0,0,011
5623,2015-04,4,0,0,0,011
5624,2015-04,4,0,0,0,011
5625,2015-04,4,1,0,0,011
5626,2015-04,4,0,0,0,011
5627,2015-04,4,0,0,0,011
5628,2015-04,4,0,0,0,011
5629,2015-04,4,0,0,0,011
5630,2015-04,4,0,0,0,011
5631,2015-04,4,0,0,0,011
5632,2015-04,4,0,0,0,011
5633,2015-04,4,0,0,0,011
5634,2015-04,4,0,0,0,011
5635,2015-04,4,0,0,0,101
5636,2015-04,4,0,0,0,11
5637,2015-04,4,0,0,0,11
5638,2015-04,4,0,0,0,11
5639,2015-04,4,0,0,0,11
5640,2015-04,4,0,0,0,11
5641,2015-04,4,0,0,0,101
5642,2015-04,4,0,0,0,11
5643,2015-04,4,0,0,0,010
5644,2015-04,4,0,0,0,010
5645,2015-04,4,0,0,0,010
5646,2015-04,4,0,0,0,101
5647,2015-04,4,0,0,0,101
5648,2015-04,4,0,0,0,101
5649,2015-04,4,0,0,0,101
5650,2015-04,4,0,0,0,101
5651,2015-04,4,0,0,0,101
5652,2015-04,4,0,0,0,101
