FEWSNET_admin_code,target_month,origin_month,horizon_months,target_label,persistence_available,persistence,persistence_source,persistence_reason,arm,map_role,forecasting_scope,partition_id,map_assignment_source,model_route,rf_hard_prediction,rf_prob_class1,pooled_hard_prediction,pooled_prob_class1
0,2018-02,2017-02,12,1,True,1.0,master,valid_observed_phase_at_origin,ABCDE,calibration,3,10,spectral_core,local_partition_rf,1,0.72,1,0.57
1,2018-02,2017-02,12,0,True,0.0,master,valid_observed_phase_at_origin,ABCDE,calibration,3,10,spectral_core,local_partition_rf,1,0.51,0,0.46
2,2018-02,2017-02,12,1,True,0.0,master,valid_observed_phase_at_origin,ABCDE,calibration,3,1,spectral_core,local_partition_rf,0,0.46,0,0.38
3,2018-02,2017-02,12,1,True,1.0,master,valid_observed_phase_at_origin,ABCDE,calibration,3,1,spectral_core,local_partition_rf,0,0.48,1,0.57
4,2018-02,2017-02,12,1,True,1.0,master,valid_observed_phase_at_origin,ABCDE,calibration,3,10,spectral_core,local_partition_rf,1,0.69,1,0.53
5,2018-02,2017-02,12,1,True,1.0,master,valid_observed_phase_at_origin,ABCDE,calibration,3,10,spectral_core,local_partition_rf,1,0.76,1,0.52
6,2018-02,2017-02,12,1,True,1.0,master,valid_observed_phase_at_origin,ABCDE,calibration,3,10,spectral_core,local_partition_rf,1,0.7,0,0.5
7,2018-02,2017-02,12,1,True,1.0,master,valid_observed_phase_at_origin,ABCDE,calibration,3,10,spectral_core,local_partition_rf,1,0.7,1,0.54
8,2018-02,2017-02,12,1,True,0.0,master,valid_observed_phase_at_origin,ABCDE,calibration,3,1,spectral_core,local_partition_rf,0,0.4,0,0.33
9,2018-02,2017-02,12,1,True,1.0,master,valid_observed_phase_at_origin,ABCDE,calibration,3,1,spectral_core,local_partition_rf,1,0.58,1,0.68
10,2018-02,2017-02,12,1,True,1.0,master,valid_observed_phase_at_origin,ABCDE,calibration,3,10,spectral_core,local_partition_rf,1,0.78,1,0.56
11,2018-02,2017-02,12,1,True,0.0,master,valid_observed_phase_at_origin,ABCDE,calibration,3,1,spectral_core,local_partition_rf,0,0.47,0,0.33
12,2018-02,2017-02,12,1,True,1.0,master,valid_observed_phase_at_origin,ABCDE,calibration,3,1,spectral_core,local_partition_rf,0,0.4,0,0.47
13,2018-02,2017-02,12,1,True,1.0,master,valid_observed_phase_at_origin,ABCDE,calibration,3,10,spectral_core,local_partition_rf,1,0.72,1,0.68
14,2018-02,2017-02,12,1,True,1.0,master,valid_observed_phase_at_origin,ABCDE,calibration,3,1,spectral_core,local_partition_rf,0,0.48,0,0.48
15,2018-02,2017-02,12,1,True,1.0,master,valid_observed_phase_at_origin,ABCDE,calibration,3,1,spectral_core,local_partition_rf,1,0.55,1,0.65
16,2018-02,2017-02,12,1,True,0.0,master,valid_observed_phase_at_origin,ABCDE,calibration,3,1,spectral_core,local_partition_rf,0,0.28,0,0.31
17,2018-02,2017-02,12,1,True,1.0,master,valid_observed_phase_at_origin,ABCDE,calibration,3,10,spectral_core,local_partition_rf,1,0.66,1,0.57
18,2018-02,2017-02,12,1,True,1.0,master,valid_observed_phase_at_origin,ABCDE,calibration,3,10,spectral_core,local_partition_rf,1,0.76,1,0.54
19,2018-02,2017-02,12,1,True,1.0,master,valid_observed_phase_at_origin,ABCDE,calibration,3,1,spectral_core,local_partition_rf,1,0.56,0,0.5
20,2018-02,2017-02,12,1,True,0.0,master,valid_observed_phase_at_origin,ABCDE,calibration,3,10,spectral_core,local_partition_rf,1,0.58,0,0.35
21,2018-02,2017-02,12,1,True,1.0,master,valid_observed_phase_at_origin,ABCDE,calibration,3,10,spectral_core,local_partition_rf,1,0.76,1,0.69
22,2018-02,2017-02,12,0,True,0.0,master,valid_observed_phase_at_origin,ABCDE,calibration,3,1,spectral_core,local_partition_rf,0,0.37,0,0.38
23,2018-02,2017-02,12,1,True,1.0,master,valid_observed_phase_at_origin,ABCDE,calibration,3,1,spectral_core,local_partition_rf,0,0.41,1,0.54
24,2018-02,2017-02,12,1,True,1.0,master,valid_observed_phase_at_origin,ABCDE,calibration,3,1,spectral_core,local_partition_rf,0,0.47,1,0.57
25,2018-02,2017-02,12,0,True,1.0,master,valid_observed_phase_at_origin,ABCDE,calibration,3,10,spectral_core,local_partition_rf,1,0.62,1,0.56
26,2018-02,2017-02,12,1,True,1.0,master,valid_observed_phase_at_origin,ABCDE,calibration,3,1,spectral_core,local_partition_rf,0,0.23,0,0.44
27,2018-02,2017-02,12,1,True,1.0,master,valid_observed_phase_at_origin,ABCDE,calibration,3,1,spectral_core,local_partition_rf,0,0.34,0,0.48
28,2018-02,2017-02,12,1,True,1.0,master,valid_observed_phase_at_origin,ABCDE,calibration,3,1,spectral_core,local_partition_rf,0,0.46,1,0.54
29,2018-02,2017-02,12,1,True,1.0,master,valid_observed_phase_at_origin,ABCDE,calibration,3,1,spectral_core,local_partition_rf,0,0.41,1,0.54
30,2018-02,2017-02,12,1,True,1.0,master,valid_observed_phase_at_origin,ABCDE,calibration,3,10,spectral_core,local_partition_rf,1,0.68,1,0.7
31,2018-02,2017-02,12,1,True,1.0,master,valid_observed_phase_at_origin,ABCDE,calibration,3,1,spectral_core,local_partition_rf,0,0.37,1,0.59
32,2018-02,2017-02,12,1,True,1.0,master,valid_observed_phase_at_origin,ABCDE,calibration,3,1,spectral_core,local_partition_rf,1,0.65,1,0.71
33,2018-02,2017-02,12,1,True,1.0,master,valid_observed_phase_at_origin,ABCDE,calibration,3,10,spectral_core,local_partition_rf,1,0.67,1,0.6
34,2018-02,2017-02,12,1,True,1.0,master,valid_observed_phase_at_origin,ABCDE,calibration,3,1,spectral_core,local_partition_rf,0,0.48,1,0.57
35,2018-02,2017-02,12,1,True,1.0,master,valid_observed_phase_at_origin,ABCDE,calibration,3,10,spectral_core,local_partition_rf,1,0.77,1,0.71
36,2018-02,2017-02,12,1,True,0.0,master,valid_observed_phase_at_origin,ABCDE,calibration,3,10,spectral_core,local_partition_rf,0,0.34,0,0.28
37,2018-02,2017-02,12,0,True,1.0,master,valid_observed_phase_at_origin,ABCDE,calibration,3,1,spectral_core,local_partition_rf,0,0.45,0,0.48
38,2018-02,2017-02,12,1,True,1.0,master,valid_observed_phase_at_origin,ABCDE,calibration,3,10,spectral_core,local_partition_rf,1,0.58,1,0.56
39,2018-02,2017-02,12,1,True,1.0,master,valid_observed_phase_at_origin,ABCDE,calibration,3,10,spectral_core,local_partition_rf,1,0.7,1,0.54
40,2018-02,2017-02,12,1,True,1.0,master,valid_observed_phase_at_origin,ABCDE,calibration,3,10,spectral_core,local_partition_rf,1,0.73,1,0.57
41,2018-02,2017-02,12,0,True,0.0,master,valid_observed_phase_at_origin,ABCDE,calibration,3,1,spectral_core,local_partition_rf,0,0.37,0,0.41
42,2018-02,2017-02,12,1,True,1.0,master,valid_observed_phase_at_origin,ABCDE,calibration,3,1,spectral_core,local_partition_rf,1,0.7,1,0.68
43,2018-02,2017-02,12,1,True,1.0,master,valid_observed_phase_at_origin,ABCDE,calibration,3,10,spectral_core,local_partition_rf,1,0.59,1,0.58
44,2018-02,2017-02,12,1,True,0.0,master,valid_observed_phase_at_origin,ABCDE,calibration,3,10,spectral_core,local_partition_rf,0,0.36,0,0.42
45,2018-02,2017-02,12,1,True,1.0,master,valid_observed_phase_at_origin,ABCDE,calibration,3,1,spectral_core,local_partition_rf,0,0.3,1,0.51
46,2018-02,2017-02,12,1,True,1.0,master,valid_observed_phase_at_origin,ABCDE,calibration,3,1,spectral_core,local_partition_rf,1,0.56,1,0.51
47,2018-02,2017-02,12,1,True,1.0,master,valid_observed_phase_at_origin,ABCDE,calibration,3,1,spectral_core,local_partition_rf,1,0.54,0,0.47
48,2018-02,2017-02,12,1,True,0.0,master,valid_observed_phase_at_origin,ABCDE,calibration,3,1,spectral_core,local_partition_rf,1,0.52,0,0.43
49,2018-02,2017-02,12,0,True,0.0,master,valid_observed_phase_at_origin,ABCDE,calibration,3,1,spectral_core,local_partition_rf,0,0.35,0,0.28
50,2018-02,2017-02,12,1,True,1.0,master,valid_observed_phase_at_origin,ABCDE,calibration,3,1,spectral_core,local_partition_rf,1,0.52,1,0.63
51,2018-02,2017-02,12,0,True,0.0,master,valid_observed_phase_at_origin,ABCDE,calibration,3,1,spectral_core,local_partition_rf,0,0.33,0,0.29
52,2018-02,2017-02,12,1,True,1.0,master,valid_observed_phase_at_origin,ABCDE,calibration,3,1,spectral_core,local_partition_rf,1,0.63,1,0.66
53,2018-02,2017-02,12,1,True,1.0,master,valid_observed_phase_at_origin,ABCDE,calibration,3,10,spectral_core,local_partition_rf,1,0.76,1,0.62
54,2018-02,2017-02,12,1,True,0.0,master,valid_observed_phase_at_origin,ABCDE,calibration,3,10,spectral_core,local_partition_rf,0,0.45,0,0.33
55,2018-02,2017-02,12,1,True,1.0,master,valid_observed_phase_at_origin,ABCDE,calibration,3,1,spectral_core,local_partition_rf,0,0.49,1,0.52
56,2018-02,2017-02,12,0,True,0.0,master,valid_observed_phase_at_origin,ABCDE,calibration,3,1,spectral_core,local_partition_rf,0,0.43,0,0.39
57,2018-02,2017-02,12,1,True,1.0,master,valid_observed_phase_at_origin,ABCDE,calibration,3,1,spectral_core,local_partition_rf,0,0.5,1,0.55
58,2018-02,2017-02,12,1,True,0.0,master,valid_observed_phase_at_origin,ABCDE,calibration,3,10,spectral_core,local_partition_rf,0,0.34,0,0.31
59,2018-02,2017-02,12,1,True,1.0,master,valid_observed_phase_at_origin,ABCDE,calibration,3,10,spectral_core,local_partition_rf,1,0.73,1,0.63
60,2018-02,2017-02,12,1,True,1.0,master,valid_observed_phase_at_origin,ABCDE,calibration,3,1,spectral_core,local_partition_rf,1,0.51,1,0.55
61,2018-02,2017-02,12,1,True,1.0,master,valid_observed_phase_at_origin,ABCDE,calibration,3,1,spectral_core,local_partition_rf,0,0.46,0,0.47
62,2018-02,2017-02,12,1,True,1.0,master,valid_observed_phase_at_origin,ABCDE,calibration,3,1,spectral_core,local_partition_rf,1,0.61,1,0.62
63,2018-02,2017-02,12,0,True,0.0,master,valid_observed_phase_at_origin,ABCDE,calibration,3,1,spectral_core,local_partition_rf,0,0.35,0,0.31
64,2018-02,2017-02,12,1,True,1.0,master,valid_observed_phase_at_origin,ABCDE,calibration,3,1,spectral_core,local_partition_rf,0,0.47,1,0.55
65,2018-02,2017-02,12,1,True,1.0,master,valid_observed_phase_at_origin,ABCDE,calibration,3,1,spectral_core,local_partition_rf,1,0.55,0,0.48
66,2018-02,2017-02,12,1,True,1.0,master,valid_observed_phase_at_origin,ABCDE,calibration,3,1,spectral_core,local_partition_rf,1,0.54,0,0.46
67,2018-02,2017-02,12,1,True,0.0,master,valid_observed_phase_at_origin,ABCDE,calibration,3,1,spectral_core,local_partition_rf,0,0.42,0,0.25
68,2018-02,2017-02,12,1,True,1.0,master,valid_observed_phase_at_origin,ABCDE,calibration,3,1,spectral_core,local_partition_rf,0,0.45,0,0.5
69,2018-02,2017-02,12,1,True,1.0,master,valid_observed_phase_at_origin,ABCDE,calibration,3,1,spectral_core,local_partition_rf,0,0.5,1,0.59
70,2018-02,2017-02,12,1,True,0.0,master,valid_observed_phase_at_origin,ABCDE,calibration,3,10,spectral_core,local_partition_rf,0,0.5,0,0.36
71,2018-02,2017-02,12,1,True,1.0,master,valid_observed_phase_at_origin,ABCDE,calibration,3,10,spectral_core,local_partition_rf,1,0.71,1,0.67
72,2018-02,2017-02,12,1,True,1.0,master,valid_observed_phase_at_origin,ABCDE,calibration,3,1,spectral_core,local_partition_rf,1,0.61,1,0.62
73,2018-02,2017-02,12,1,True,1.0,master,valid_observed_phase_at_origin,ABCDE,calibration,3,1,spectral_core,local_partition_rf,0,0.35,0,0.48
74,2018-02,2017-02,12,1,True,0.0,master,valid_observed_phase_at_origin,ABCDE,calibration,3,1,spectral_core,local_partition_rf,0,0.39,0,0.22
75,2018-02,2017-02,12,1,True,0.0,master,valid_observed_phase_at_origin,ABCDE,calibration,3,1,spectral_core,local_partition_rf,0,0.33,0,0.28
76,2018-02,2017-02,12,1,True,1.0,master,valid_observed_phase_at_origin,ABCDE,calibration,3,1,spectral_core,local_partition_rf,0,0.36,1,0.61
77,2018-02,2017-02,12,1,True,1.0,master,valid_observed_phase_at_origin,ABCDE,calibration,3,1,spectral_core,local_partition_rf,0,0.48,1,0.53
78,2018-02,2017-02,12,1,True,1.0,master,valid_observed_phase_at_origin,ABCDE,calibration,3,1,spectral_core,local_partition_rf,0,0.48,0,0.44
79,2018-02,2017-02,12,0,True,0.0,master,valid_observed_phase_at_origin,ABCDE,calibration,3,5,spectral_core,local_partition_rf,0,0.18,0,0.19
80,2018-02,2017-02,12,0,True,0.0,master,valid_observed_phase_at_origin,ABCDE,calibration,3,5,spectral_core,local_partition_rf,0,0.21,0,0.21
81,2018-02,2017-02,12,0,True,0.0,master,valid_observed_phase_at_origin,ABCDE,calibration,3,5,spectral_core,local_partition_rf,0,0.26,0,0.25
82,2018-02,2017-02,12,0,True,0.0,master,valid_observed_phase_at_origin,ABCDE,calibration,3,5,spectral_core,local_partition_rf,0,0.23,0,0.27
83,2018-02,2017-02,12,0,True,0.0,master,valid_observed_phase_at_origin,ABCDE,calibration,3,5,spectral_core,local_partition_rf,0,0.14,0,0.16
84,2018-02,2017-02,12,0,True,0.0,master,valid_observed_phase_at_origin,ABCDE,calibration,3,5,spectral_core,local_partition_rf,0,0.19,0,0.32
85,2018-02,2017-02,12,0,True,0.0,master,valid_observed_phase_at_origin,ABCDE,calibration,3,5,spectral_core,local_partition_rf,0,0.22,0,0.27
86,2018-02,2017-02,12,0,True,0.0,master,valid_observed_phase_at_origin,ABCDE,calibration,3,5,spectral_core,local_partition_rf,0,0.14,0,0.2
87,2018-02,2017-02,12,0,True,0.0,master,valid_observed_phase_at_origin,ABCDE,calibration,3,5,spectral_core,local_partition_rf,0,0.19,0,0.26
88,2018-02,2017-02,12,0,True,0.0,master,valid_observed_phase_at_origin,ABCDE,calibration,3,5,spectral_core,local_partition_rf,0,0.2,0,0.26
89,2018-02,2017-02,12,0,True,0.0,master,valid_observed_phase_at_origin,ABCDE,calibration,3,5,spectral_core,local_partition_rf,0,0.18,0,0.24
90,2018-02,2017-02,12,0,True,0.0,master,valid_observed_phase_at_origin,ABCDE,calibration,3,5,spectral_core,local_partition_rf,0,0.17,0,0.25
91,2018-02,2017-02,12,0,True,0.0,master,valid_observed_phase_at_origin,ABCDE,calibration,3,5,spectral_core,local_partition_rf,0,0.2,0,0.17
92,2018-02,2017-02,12,0,True,0.0,master,valid_observed_phase_at_origin,ABCDE,calibration,3,5,spectral_core,local_partition_rf,0,0.19,0,0.22
93,2018-02,2017-02,12,0,True,0.0,master,valid_observed_phase_at_origin,ABCDE,calibration,3,5,spectral_core,local_partition_rf,0,0.22,0,0.22
94,2018-02,2017-02,12,0,True,0.0,master,valid_observed_phase_at_origin,ABCDE,calibration,3,5,spectral_core,local_partition_rf,0,0.11,0,0.16
95,2018-02,2017-02,12,0,True,0.0,master,valid_observed_phase_at_origin,ABCDE,calibration,3,5,spectral_core,local_partition_rf,0,0.12,0,0.16
96,2018-02,2017-02,12,0,True,0.0,master,valid_observed_phase_at_origin,ABCDE,calibration,3,5,spectral_core,local_partition_rf,0,0.28,0,0.27
97,2018-02,2017-02,12,1,True,1.0,master,valid_observed_phase_at_origin,ABCDE,calibration,3,5,spectral_core,local_partition_rf,0,0.26,0,0.35
98,2018-02,2017-02,12,0,True,0.0,master,valid_observed_phase_at_origin,ABCDE,calibration,3,5,spectral_core,local_partition_rf,0,0.16,0,0.25
99,2018-02,2017-02,12,0,True,0.0,master,valid_observed_phase_at_origin,ABCDE,calibration,3,5,spectral_core,local_partition_rf,0,0.21,0,0.28
100,2018-02,2017-02,12,0,True,0.0,master,valid_observed_phase_at_origin,ABCDE,calibration,3,5,spectral_core,local_partition_rf,0,0.26,0,0.25
101,2018-02,2017-02,12,0,True,0.0,master,valid_observed_phase_at_origin,ABCDE,calibration,3,5,spectral_core,local_partition_rf,0,0.32,0,0.27
102,2018-02,2017-02,12,0,True,0.0,master,valid_observed_phase_at_origin,ABCDE,calibration,3,5,spectral_core,local_partition_rf,0,0.2,0,0.29
103,2018-02,2017-02,12,0,True,0.0,master,valid_observed_phase_at_origin,ABCDE,calibration,3,5,spectral_core,local_partition_rf,0,0.13,0,0.2
104,2018-02,2017-02,12,0,True,0.0,master,valid_observed_phase_at_origin,ABCDE,calibration,3,5,spectral_core,local_partition_rf,0,0.32,0,0.29
105,2018-02,2017-02,12,0,True,0.0,master,valid_observed_phase_at_origin,ABCDE,calibration,3,5,spectral_core,local_partition_rf,0,0.33,0,0.25
106,2018-02,2017-02,12,0,True,0.0,master,valid_observed_phase_at_origin,ABCDE,calibration,3,5,spectral_core,local_partition_rf,0,0.17,0,0.27
107,2018-02,2017-02,12,0,True,0.0,master,valid_observed_phase_at_origin,ABCDE,calibration,3,5,spectral_core,local_partition_rf,0,0.16,0,0.25
108,2018-02,2017-02,12,0,True,0.0,master,valid_observed_phase_at_origin,ABCDE,calibration,3,5,spectral_core,local_partition_rf,0,0.19,0,0.25
109,2018-02,2017-02,12,0,True,0.0,master,valid_observed_phase_at_origin,ABCDE,calibration,3,5,spectral_core,local_partition_rf,0,0.2,0,0.35
110,2018-02,2017-02,12,0,True,0.0,master,valid_observed_phase_at_origin,ABCDE,calibration,3,5,spectral_core,local_partition_rf,0,0.18,0,0.3
111,2018-02,2017-02,12,0,True,0.0,master,valid_observed_phase_at_origin,ABCDE,calibration,3,5,spectral_core,local_partition_rf,0,0.28,0,0.31
112,2018-02,2017-02,12,0,True,0.0,master,valid_observed_phase_at_origin,ABCDE,calibration,3,5,spectral_core,local_partition_rf,0,0.21,0,0.28
113,2018-02,2017-02,12,0,True,0.0,master,valid_observed_phase_at_origin,ABCDE,calibration,3,5,spectral_core,local_partition_rf,0,0.21,0,0.25
114,2018-02,2017-02,12,0,True,0.0,master,valid_observed_phase_at_origin,ABCDE,calibration,3,5,spectral_core,local_partition_rf,0,0.17,0,0.28
115,2018-02,2017-02,12,0,True,0.0,master,valid_observed_phase_at_origin,ABCDE,calibration,3,5,spectral_core,local_partition_rf,0,0.17,0,0.2
116,2018-02,2017-02,12,0,True,0.0,master,valid_observed_phase_at_origin,ABCDE,calibration,3,5,spectral_core,local_partition_rf,0,0.19,0,0.27
117,2018-02,2017-02,12,0,True,0.0,master,valid_observed_phase_at_origin,ABCDE,calibration,3,5,spectral_core,local_partition_rf,0,0.2,0,0.28
118,2018-02,2017-02,12,0,True,0.0,master,valid_observed_phase_at_origin,ABCDE,calibration,3,5,spectral_core,local_partition_rf,0,0.2,0,0.2
119,2018-02,2017-02,12,0,True,0.0,master,valid_observed_phase_at_origin,ABCDE,calibration,3,5,spectral_core,local_partition_rf,0,0.18,0,0.24
120,2018-02,2017-02,12,0,True,0.0,master,valid_observed_phase_at_origin,ABCDE,calibration,3,5,spectral_core,local_partition_rf,0,0.12,0,0.23
121,2018-02,2017-02,12,0,True,0.0,master,valid_observed_phase_at_origin,ABCDE,calibration,3,5,spectral_core,local_partition_rf,0,0.12,0,0.17
122,2018-02,2017-02,12,0,True,0.0,master,valid_observed_phase_at_origin,ABCDE,calibration,3,5,spectral_core,local_partition_rf,0,0.13,0,0.17
123,2018-02,2017-02,12,0,True,0.0,master,valid_observed_phase_at_origin,ABCDE,calibration,3,5,spectral_core,local_partition_rf,0,0.11,0,0.19
124,2018-02,2017-02,12,0,True,0.0,master,valid_observed_phase_at_origin,ABCDE,calibration,3,5,spectral_core,local_partition_rf,0,0.13,0,0.21
125,2018-02,2017-02,12,0,True,0.0,master,valid_observed_phase_at_origin,ABCDE,calibration,3,5,spectral_core,local_partition_rf,0,0.14,0,0.15
126,2018-02,2017-02,12,0,True,0.0,master,valid_observed_phase_at_origin,ABCDE,calibration,3,5,spectral_core,local_partition_rf,0,0.13,0,0.17
127,2018-02,2017-02,12,0,True,0.0,master,valid_observed_phase_at_origin,ABCDE,calibration,3,5,spectral_core,local_partition_rf,0,0.2,0,0.34
128,2018-02,2017-02,12,0,True,0.0,master,valid_observed_phase_at_origin,ABCDE,calibration,3,5,spectral_core,local_partition_rf,0,0.13,0,0.18
129,2018-02,2017-02,12,0,True,0.0,master,valid_observed_phase_at_origin,ABCDE,calibration,3,5,spectral_core,local_partition_rf,0,0.15,0,0.21
130,2018-02,2017-02,12,0,True,0.0,master,valid_observed_phase_at_origin,ABCDE,calibration,3,5,spectral_core,local_partition_rf,0,0.17,0,0.21
131,2018-02,2017-02,12,0,True,0.0,master,valid_observed_phase_at_origin,ABCDE,calibration,3,5,spectral_core,local_partition_rf,0,0.1,0,0.17
132,2018-02,2017-02,12,0,True,0.0,master,valid_observed_phase_at_origin,ABCDE,calibration,3,5,spectral_core,local_partition_rf,0,0.12,0,0.18
133,2018-02,2017-02,12,0,True,0.0,master,valid_observed_phase_at_origin,ABCDE,calibration,3,5,spectral_core,local_partition_rf,0,0.12,0,0.21
134,2018-02,2017-02,12,0,True,0.0,master,valid_observed_phase_at_origin,ABCDE,calibration,3,5,spectral_core,local_partition_rf,0,0.14,0,0.16
135,2018-02,2017-02,12,0,True,0.0,master,valid_observed_phase_at_origin,ABCDE,calibration,3,5,spectral_core,local_partition_rf,0,0.11,0,0.13
136,2018-02,2017-02,12,0,True,0.0,master,valid_observed_phase_at_origin,ABCDE,calibration,3,5,spectral_core,local_partition_rf,0,0.1,0,0.16
137,2018-02,2017-02,12,0,True,0.0,master,valid_observed_phase_at_origin,ABCDE,calibration,3,5,spectral_core,local_partition_rf,0,0.1,0,0.14
138,2018-02,2017-02,12,0,True,0.0,master,valid_observed_phase_at_origin,ABCDE,calibration,3,5,spectral_core,local_partition_rf,0,0.11,0,0.1
139,2018-02,2017-02,12,0,True,0.0,master,valid_observed_phase_at_origin,ABCDE,calibration,3,5,spectral_core,local_partition_rf,0,0.12,0,0.14
140,2018-02,2017-02,12,0,True,0.0,master,valid_observed_phase_at_origin,ABCDE,calibration,3,5,spectral_core,local_partition_rf,0,0.11,0,0.18
141,2018-02,2017-02,12,0,True,0.0,master,valid_observed_phase_at_origin,ABCDE,calibration,3,5,spectral_core,local_partition_rf,0,0.13,0,0.16
142,2018-02,2017-02,12,0,True,0.0,master,valid_observed_phase_at_origin,ABCDE,calibration,3,5,spectral_core,local_partition_rf,0,0.1,0,0.13
143,2018-02,2017-02,12,0,True,0.0,master,valid_observed_phase_at_origin,ABCDE,calibration,3,5,spectral_core,local_partition_rf,0,0.1,0,0.13
144,2018-02,2017-02,12,0,True,0.0,master,valid_observed_phase_at_origin,ABCDE,calibration,3,5,spectral_core,local_partition_rf,0,0.1,0,0.12
145,2018-02,2017-02,12,0,True,0.0,master,valid_observed_phase_at_origin,ABCDE,calibration,3,5,spectral_core,local_partition_rf,0,0.13,0,0.17
146,2018-02,2017-02,12,0,True,0.0,master,valid_observed_phase_at_origin,ABCDE,calibration,3,5,spectral_core,local_partition_rf,0,0.12,0,0.23
147,2018-02,2017-02,12,0,True,0.0,master,valid_observed_phase_at_origin,ABCDE,calibration,3,5,spectral_core,local_partition_rf,0,0.1,0,0.13
148,2018-02,2017-02,12,0,True,0.0,master,valid_observed_phase_at_origin,ABCDE,calibration,3,5,spectral_core,local_partition_rf,0,0.11,0,0.19
149,2018-02,2017-02,12,0,True,0.0,master,valid_observed_phase_at_origin,ABCDE,calibration,3,5,spectral_core,local_partition_rf,0,0.11,0,0.12
150,2018-02,2017-02,12,0,True,0.0,master,valid_observed_phase_at_origin,ABCDE,calibration,3,5,spectral_core,local_partition_rf,0,0.15,0,0.2
151,2018-02,2017-02,12,0,True,0.0,master,valid_observed_phase_at_origin,ABCDE,calibration,3,5,spectral_core,local_partition_rf,0,0.1,0,0.13
152,2018-02,2017-02,12,0,True,0.0,master,valid_observed_phase_at_origin,ABCDE,calibration,3,5,spectral_core,local_partition_rf,0,0.11,0,0.16
153,2018-02,2017-02,12,0,True,0.0,master,valid_observed_phase_at_origin,ABCDE,calibration,3,5,spectral_core,local_partition_rf,0,0.11,0,0.23
154,2018-02,2017-02,12,0,True,0.0,master,valid_observed_phase_at_origin,ABCDE,calibration,3,5,spectral_core,local_partition_rf,0,0.09,0,0.18
155,2018-02,2017-02,12,0,True,0.0,master,valid_observed_phase_at_origin,ABCDE,calibration,3,5,spectral_core,local_partition_rf,0,0.1,0,0.17
156,2018-02,2017-02,12,0,True,0.0,master,valid_observed_phase_at_origin,ABCDE,calibration,3,5,spectral_core,local_partition_rf,0,0.12,0,0.19
157,2018-02,2017-02,12,0,True,0.0,master,valid_observed_phase_at_origin,ABCDE,calibration,3,5,spectral_core,local_partition_rf,0,0.12,0,0.17
158,2018-02,2017-02,12,0,True,0.0,master,valid_observed_phase_at_origin,ABCDE,calibration,3,5,spectral_core,local_partition_rf,0,0.12,0,0.21
159,2018-02,2017-02,12,0,True,0.0,master,valid_observed_phase_at_origin,ABCDE,calibration,3,5,spectral_core,local_partition_rf,0,0.12,0,0.18
160,2018-02,2017-02,12,0,True,0.0,master,valid_observed_phase_at_origin,ABCDE,calibration,3,5,spectral_core,local_partition_rf,0,0.19,0,0.24
161,2018-02,2017-02,12,0,True,0.0,master,valid_observed_phase_at_origin,ABCDE,calibration,3,5,spectral_core,local_partition_rf,0,0.25,0,0.25
162,2018-02,2017-02,12,0,True,0.0,master,valid_observed_phase_at_origin,ABCDE,calibration,3,5,spectral_core,local_partition_rf,0,0.21,0,0.29
163,2018-02,2017-02,12,0,True,0.0,master,valid_observed_phase_at_origin,ABCDE,calibration,3,5,spectral_core,local_partition_rf,0,0.18,0,0.27
164,2018-02,2017-02,12,0,True,0.0,master,valid_observed_phase_at_origin,ABCDE,calibration,3,5,spectral_core,local_partition_rf,0,0.25,0,0.34
165,2018-02,2017-02,12,0,True,0.0,master,valid_observed_phase_at_origin,ABCDE,calibration,3,5,spectral_core,local_partition_rf,0,0.27,0,0.27
166,2018-02,2017-02,12,0,True,0.0,master,valid_observed_phase_at_origin,ABCDE,calibration,3,5,spectral_core,local_partition_rf,0,0.35,0,0.29
167,2018-02,2017-02,12,0,True,0.0,master,valid_observed_phase_at_origin,ABCDE,calibration,3,10,spectral_core,local_partition_rf,0,0.37,0,0.28
168,2018-02,2017-02,12,0,True,0.0,master,valid_observed_phase_at_origin,ABCDE,calibration,3,5,spectral_core,local_partition_rf,0,0.22,0,0.23
169,2018-02,2017-02,12,1,True,1.0,master,valid_observed_phase_at_origin,ABCDE,calibration,3,5,spectral_core,local_partition_rf,0,0.3,0,0.4
170,2018-02,2017-02,12,1,True,1.0,master,valid_observed_phase_at_origin,ABCDE,calibration,3,5,spectral_core,local_partition_rf,0,0.29,0,0.44
171,2018-02,2017-02,12,1,True,1.0,master,valid_observed_phase_at_origin,ABCDE,calibration,3,5,spectral_core,local_partition_rf,0,0.29,0,0.39
172,2018-02,2017-02,12,1,True,1.0,master,valid_observed_phase_at_origin,ABCDE,calibration,3,3,spectral_core,local_partition_rf,0,0.36,0,0.29
173,2018-02,2017-02,12,1,True,0.0,master,valid_observed_phase_at_origin,ABCDE,calibration,3,3,spectral_core,local_partition_rf,0,0.2,0,0.14
174,2018-02,2017-02,12,1,True,1.0,master,valid_observed_phase_at_origin,ABCDE,calibration,3,3,spectral_core,local_partition_rf,0,0.33,0,0.26
175,2018-02,2017-02,12,1,True,0.0,master,valid_observed_phase_at_origin,ABCDE,calibration,3,3,spectral_core,local_partition_rf,0,0.2,0,0.18
176,2018-02,2017-02,12,1,True,1.0,master,valid_observed_phase_at_origin,ABCDE,calibration,3,3,spectral_core,local_partition_rf,0,0.39,0,0.37
177,2018-02,2017-02,12,1,True,1.0,master,valid_observed_phase_at_origin,ABCDE,calibration,3,3,spectral_core,local_partition_rf,0,0.36,0,0.29
178,2018-02,2017-02,12,1,True,0.0,master,valid_observed_phase_at_origin,ABCDE,calibration,3,3,spectral_core,local_partition_rf,0,0.28,0,0.24
179,2018-02,2017-02,12,1,True,1.0,master,valid_observed_phase_at_origin,ABCDE,calibration,3,3,spectral_core,local_partition_rf,0,0.31,0,0.25
180,2018-02,2017-02,12,1,True,1.0,master,valid_observed_phase_at_origin,ABCDE,calibration,3,3,spectral_core,local_partition_rf,0,0.31,0,0.27
181,2018-02,2017-02,12,1,True,1.0,master,valid_observed_phase_at_origin,ABCDE,calibration,3,3,spectral_core,local_partition_rf,0,0.33,0,0.23
182,2018-02,2017-02,12,1,True,1.0,master,valid_observed_phase_at_origin,ABCDE,calibration,3,3,spectral_core,local_partition_rf,0,0.33,0,0.25
183,2018-02,2017-02,12,1,True,1.0,master,valid_observed_phase_at_origin,ABCDE,calibration,3,3,spectral_core,local_partition_rf,0,0.35,0,0.32
184,2018-02,2017-02,12,1,True,1.0,master,valid_observed_phase_at_origin,ABCDE,calibration,3,3,spectral_core,local_partition_rf,0,0.31,0,0.24
185,2018-02,2017-02,12,1,True,1.0,master,valid_observed_phase_at_origin,ABCDE,calibration,3,3,spectral_core,local_partition_rf,0,0.23,0,0.26
186,2018-02,2017-02,12,1,True,1.0,master,valid_observed_phase_at_origin,ABCDE,calibration,3,3,spectral_core,local_partition_rf,0,0.34,0,0.23
187,2018-02,2017-02,12,0,True,0.0,master,valid_observed_phase_at_origin,ABCDE,calibration,3,3,spectral_core,local_partition_rf,0,0.23,0,0.14
188,2018-02,2017-02,12,0,True,0.0,master,valid_observed_phase_at_origin,ABCDE,calibration,3,3,spectral_core,local_partition_rf,0,0.21,0,0.21
189,2018-02,2017-02,12,0,True,0.0,master,valid_observed_phase_at_origin,ABCDE,calibration,3,3,spectral_core,local_partition_rf,0,0.16,0,0.18
190,2018-02,2017-02,12,1,True,0.0,master,valid_observed_phase_at_origin,ABCDE,calibration,3,3,spectral_core,local_partition_rf,0,0.28,0,0.24
191,2018-02,2017-02,12,0,True,0.0,master,valid_observed_phase_at_origin,ABCDE,calibration,3,3,spectral_core,local_partition_rf,0,0.25,0,0.17
192,2018-02,2017-02,12,1,True,1.0,master,valid_observed_phase_at_origin,ABCDE,calibration,3,3,spectral_core,local_partition_rf,0,0.34,0,0.34
193,2018-02,2017-02,12,1,True,0.0,master,valid_observed_phase_at_origin,ABCDE,calibration,3,3,spectral_core,local_partition_rf,0,0.24,0,0.21
194,2018-02,2017-02,12,1,True,0.0,master,valid_observed_phase_at_origin,ABCDE,calibration,3,3,spectral_core,local_partition_rf,0,0.3,0,0.24
195,2018-02,2017-02,12,1,True,0.0,master,valid_observed_phase_at_origin,ABCDE,calibration,3,3,spectral_core,local_partition_rf,0,0.27,0,0.27
196,2018-02,2017-02,12,1,True,0.0,master,valid_observed_phase_at_origin,ABCDE,calibration,3,3,spectral_core,local_partition_rf,0,0.28,0,0.23
197,2018-02,2017-02,12,0,True,0.0,master,valid_observed_phase_at_origin,ABCDE,calibration,3,3,spectral_core,local_partition_rf,0,0.21,0,0.17
198,2018-02,2017-02,12,1,True,0.0,master,valid_observed_phase_at_origin,ABCDE,calibration,3,3,spectral_core,local_partition_rf,0,0.27,0,0.2
199,2018-02,2017-02,12,0,True,0.0,master,valid_observed_phase_at_origin,ABCDE,calibration,3,3,spectral_core,local_partition_rf,0,0.19,0,0.13
200,2018-02,2017-02,12,0,True,0.0,master,valid_observed_phase_at_origin,ABCDE,calibration,3,3,spectral_core,local_partition_rf,0,0.15,0,0.15
201,2018-02,2017-02,12,0,True,0.0,master,valid_observed_phase_at_origin,ABCDE,calibration,3,3,spectral_core,local_partition_rf,0,0.29,0,0.24
202,2018-02,2017-02,12,0,True,0.0,master,valid_observed_phase_at_origin,ABCDE,calibration,3,3,spectral_core,local_partition_rf,0,0.2,0,0.17
203,2018-02,2017-02,12,0,True,0.0,master,valid_observed_phase_at_origin,ABCDE,calibration,3,3,spectral_core,local_partition_rf,0,0.23,0,0.19
204,2018-02,2017-02,12,0,True,1.0,master,valid_observed_phase_at_origin,ABCDE,calibration,3,3,spectral_core,local_partition_rf,0,0.32,0,0.29
205,2018-02,2017-02,12,0,True,1.0,master,valid_observed_phase_at_origin,ABCDE,calibration,3,3,spectral_core,local_partition_rf,0,0.25,0,0.36
206,2018-02,2017-02,12,0,True,1.0,master,valid_observed_phase_at_origin,ABCDE,calibration,3,3,spectral_core,local_partition_rf,0,0.33,0,0.32
207,2018-02,2017-02,12,0,True,0.0,master,valid_observed_phase_at_origin,ABCDE,calibration,3,3,spectral_core,local_partition_rf,0,0.14,0,0.11
208,2018-02,2017-02,12,0,True,1.0,master,valid_observed_phase_at_origin,ABCDE,calibration,3,3,spectral_core,local_partition_rf,0,0.26,0,0.32
209,2018-02,2017-02,12,1,True,0.0,master,valid_observed_phase_at_origin,ABCDE,calibration,3,3,spectral_core,local_partition_rf,0,0.25,0,0.22
210,2018-02,2017-02,12,1,True,0.0,master,valid_observed_phase_at_origin,ABCDE,calibration,3,3,spectral_core,local_partition_rf,0,0.28,0,0.23
211,2018-02,2017-02,12,1,True,0.0,master,valid_observed_phase_at_origin,ABCDE,calibration,3,3,spectral_core,local_partition_rf,0,0.21,0,0.14
212,2018-02,2017-02,12,1,True,0.0,master,valid_observed_phase_at_origin,ABCDE,calibration,3,3,spectral_core,local_partition_rf,0,0.26,0,0.19
213,2018-02,2017-02,12,1,True,0.0,master,valid_observed_phase_at_origin,ABCDE,calibration,3,3,spectral_core,local_partition_rf,0,0.28,0,0.21
214,2018-02,2017-02,12,1,True,0.0,master,valid_observed_phase_at_origin,ABCDE,calibration,3,3,spectral_core,local_partition_rf,0,0.18,0,0.09
215,2018-02,2017-02,12,1,True,0.0,master,valid_observed_phase_at_origin,ABCDE,calibration,3,3,spectral_core,local_partition_rf,0,0.19,0,0.21
217,2018-02,2017-02,12,1,True,1.0,master,valid_observed_phase_at_origin,ABCDE,calibration,3,3,spectral_core,local_partition_rf,0,0.36,0,0.39
218,2018-02,2017-02,12,1,True,1.0,master,valid_observed_phase_at_origin,ABCDE,calibration,3,3,spectral_core,local_partition_rf,0,0.4,0,0.33
219,2018-02,2017-02,12,1,True,0.0,master,valid_observed_phase_at_origin,ABCDE,calibration,3,3,spectral_core,local_partition_rf,0,0.38,0,0.24
220,2018-02,2017-02,12,1,True,1.0,master,valid_observed_phase_at_origin,ABCDE,calibration,3,3,spectral_core,local_partition_rf,0,0.4,0,0.4
221,2018-02,2017-02,12,1,True,1.0,master,valid_observed_phase_at_origin,ABCDE,calibration,3,3,spectral_core,local_partition_rf,0,0.43,0,0.34
222,2018-02,2017-02,12,1,True,1.0,master,valid_observed_phase_at_origin,ABCDE,calibration,3,3,spectral_core,local_partition_rf,0,0.41,0,0.38
223,2018-02,2017-02,12,0,True,0.0,master,valid_observed_phase_at_origin,ABCDE,calibration,3,3,spectral_core,local_partition_rf,0,0.22,0,0.18
224,2018-02,2017-02,12,0,True,0.0,master,valid_observed_phase_at_origin,ABCDE,calibration,3,3,spectral_core,local_partition_rf,0,0.26,0,0.21
225,2018-02,2017-02,12,1,True,0.0,master,valid_observed_phase_at_origin,ABCDE,calibration,3,3,spectral_core,local_partition_rf,0,0.24,0,0.16
226,2018-02,2017-02,12,0,True,0.0,master,valid_observed_phase_at_origin,ABCDE,calibration,3,3,spectral_core,local_partition_rf,0,0.25,0,0.15
227,2018-02,2017-02,12,1,True,0.0,master,valid_observed_phase_at_origin,ABCDE,calibration,3,3,spectral_core,local_partition_rf,0,0.19,0,0.19
228,2018-02,2017-02,12,0,True,0.0,master,valid_observed_phase_at_origin,ABCDE,calibration,3,3,spectral_core,local_partition_rf,0,0.19,0,0.12
229,2018-02,2017-02,12,0,True,0.0,master,valid_observed_phase_at_origin,ABCDE,calibration,3,3,spectral_core,local_partition_rf,0,0.23,0,0.14
230,2018-02,2017-02,12,1,True,0.0,master,valid_observed_phase_at_origin,ABCDE,calibration,3,3,spectral_core,local_partition_rf,0,0.2,0,0.19
231,2018-02,2017-02,12,0,True,0.0,master,valid_observed_phase_at_origin,ABCDE,calibration,3,3,spectral_core,local_partition_rf,0,0.2,0,0.18
232,2018-02,2017-02,12,0,True,0.0,master,valid_observed_phase_at_origin,ABCDE,calibration,3,3,spectral_core,local_partition_rf,0,0.19,0,0.13
233,2018-02,2017-02,12,0,True,0.0,master,valid_observed_phase_at_origin,ABCDE,calibration,3,3,spectral_core,local_partition_rf,0,0.24,0,0.18
234,2018-02,2017-02,12,0,True,0.0,master,valid_observed_phase_at_origin,ABCDE,calibration,3,3,spectral_core,local_partition_rf,0,0.29,0,0.24
235,2018-02,2017-02,12,0,True,0.0,master,valid_observed_phase_at_origin,ABCDE,calibration,3,3,spectral_core,local_partition_rf,0,0.25,0,0.17
236,2018-02,2017-02,12,0,True,0.0,master,valid_observed_phase_at_origin,ABCDE,calibration,3,3,spectral_core,local_partition_rf,0,0.29,0,0.21
237,2018-02,2017-02,12,1,True,0.0,master,valid_observed_phase_at_origin,ABCDE,calibration,3,3,spectral_core,local_partition_rf,0,0.19,0,0.21
238,2018-02,2017-02,12,0,True,0.0,master,valid_observed_phase_at_origin,ABCDE,calibration,3,3,spectral_core,local_partition_rf,0,0.32,0,0.2
239,2018-02,2017-02,12,1,True,0.0,master,valid_observed_phase_at_origin,ABCDE,calibration,3,3,spectral_core,local_partition_rf,0,0.19,0,0.13
240,2018-02,2017-02,12,1,True,0.0,master,valid_observed_phase_at_origin,ABCDE,calibration,3,3,spectral_core,local_partition_rf,0,0.23,0,0.16
241,2018-02,2017-02,12,0,True,0.0,master,valid_observed_phase_at_origin,ABCDE,calibration,3,3,spectral_core,local_partition_rf,0,0.18,0,0.19
242,2018-02,2017-02,12,0,True,0.0,master,valid_observed_phase_at_origin,ABCDE,calibration,3,3,spectral_core,local_partition_rf,0,0.12,0,0.13
243,2018-02,2017-02,12,0,True,0.0,master,valid_observed_phase_at_origin,ABCDE,calibration,3,3,spectral_core,local_partition_rf,0,0.2,0,0.14
244,2018-02,2017-02,12,0,True,0.0,master,valid_observed_phase_at_origin,ABCDE,calibration,3,3,spectral_core,local_partition_rf,0,0.19,0,0.14
245,2018-02,2017-02,12,0,True,0.0,master,valid_observed_phase_at_origin,ABCDE,calibration,3,3,spectral_core,local_partition_rf,0,0.15,0,0.16
246,2018-02,2017-02,12,1,True,1.0,master,valid_observed_phase_at_origin,ABCDE,calibration,3,3,spectral_core,local_partition_rf,0,0.41,0,0.31
247,2018-02,2017-02,12,0,True,1.0,master,valid_observed_phase_at_origin,ABCDE,calibration,3,3,spectral_core,local_partition_rf,0,0.48,0,0.37
248,2018-02,2017-02,12,0,True,1.0,master,valid_observed_phase_at_origin,ABCDE,calibration,3,3,spectral_core,local_partition_rf,0,0.49,0,0.32
249,2018-02,2017-02,12,1,True,1.0,master,valid_observed_phase_at_origin,ABCDE,calibration,3,3,spectral_core,local_partition_rf,0,0.33,0,0.42
250,2018-02,2017-02,12,1,True,1.0,master,valid_observed_phase_at_origin,ABCDE,calibration,3,3,spectral_core,local_partition_rf,0,0.35,0,0.39
251,2018-02,2017-02,12,1,True,1.0,master,valid_observed_phase_at_origin,ABCDE,calibration,3,3,spectral_core,local_partition_rf,0,0.38,0,0.27
252,2018-02,2017-02,12,0,True,1.0,master,valid_observed_phase_at_origin,ABCDE,calibration,3,3,spectral_core,local_partition_rf,0,0.4,0,0.36
253,2018-02,2017-02,12,0,True,1.0,master,valid_observed_phase_at_origin,ABCDE,calibration,3,3,spectral_core,local_partition_rf,0,0.43,0,0.29
254,2018-02,2017-02,12,0,True,1.0,master,valid_observed_phase_at_origin,ABCDE,calibration,3,3,spectral_core,local_partition_rf,0,0.43,0,0.3
255,2018-02,2017-02,12,1,True,1.0,master,valid_observed_phase_at_origin,ABCDE,calibration,3,3,spectral_core,local_partition_rf,0,0.35,0,0.32
256,2018-02,2017-02,12,0,True,1.0,master,valid_observed_phase_at_origin,ABCDE,calibration,3,3,spectral_core,local_partition_rf,1,0.52,0,0.38
257,2018-02,2017-02,12,0,True,1.0,master,valid_observed_phase_at_origin,ABCDE,calibration,3,3,spectral_core,local_partition_rf,0,0.43,0,0.31
258,2018-02,2017-02,12,1,True,1.0,master,valid_observed_phase_at_origin,ABCDE,calibration,3,3,spectral_core,local_partition_rf,0,0.38,0,0.29
259,2018-02,2017-02,12,1,True,1.0,master,valid_observed_phase_at_origin,ABCDE,calibration,3,3,spectral_core,local_partition_rf,0,0.36,0,0.29
260,2018-02,2017-02,12,0,True,0.0,master,valid_observed_phase_at_origin,ABCDE,calibration,3,3,spectral_core,local_partition_rf,0,0.33,0,0.26
261,2018-02,2017-02,12,0,True,0.0,master,valid_observed_phase_at_origin,ABCDE,calibration,3,3,spectral_core,local_partition_rf,0,0.32,0,0.28
262,2018-02,2017-02,12,0,True,0.0,master,valid_observed_phase_at_origin,ABCDE,calibration,3,3,spectral_core,local_partition_rf,0,0.34,0,0.25
263,2018-02,2017-02,12,0,True,0.0,master,valid_observed_phase_at_origin,ABCDE,calibration,3,3,spectral_core,local_partition_rf,0,0.32,0,0.23
264,2018-02,2017-02,12,0,True,0.0,master,valid_observed_phase_at_origin,ABCDE,calibration,3,3,spectral_core,local_partition_rf,0,0.19,0,0.17
265,2018-02,2017-02,12,0,True,0.0,master,valid_observed_phase_at_origin,ABCDE,calibration,3,3,spectral_core,local_partition_rf,0,0.24,0,0.17
266,2018-02,2017-02,12,0,True,0.0,master,valid_observed_phase_at_origin,ABCDE,calibration,3,3,spectral_core,local_partition_rf,0,0.16,0,0.16
267,2018-02,2017-02,12,0,True,0.0,master,valid_observed_phase_at_origin,ABCDE,calibration,3,3,spectral_core,local_partition_rf,0,0.19,0,0.17
268,2018-02,2017-02,12,0,True,0.0,master,valid_observed_phase_at_origin,ABCDE,calibration,3,3,spectral_core,local_partition_rf,0,0.25,0,0.17
269,2018-02,2017-02,12,0,True,0.0,master,valid_observed_phase_at_origin,ABCDE,calibration,3,3,spectral_core,local_partition_rf,0,0.25,0,0.18
270,2018-02,2017-02,12,0,True,0.0,master,valid_observed_phase_at_origin,ABCDE,calibration,3,3,spectral_core,local_partition_rf,0,0.21,0,0.17
271,2018-02,2017-02,12,0,True,0.0,master,valid_observed_phase_at_origin,ABCDE,calibration,3,3,spectral_core,local_partition_rf,0,0.18,0,0.14
272,2018-02,2017-02,12,0,True,0.0,master,valid_observed_phase_at_origin,ABCDE,calibration,3,3,spectral_core,local_partition_rf,0,0.23,0,0.18
273,2018-02,2017-02,12,0,True,0.0,master,valid_observed_phase_at_origin,ABCDE,calibration,3,3,spectral_core,local_partition_rf,0,0.16,0,0.14
274,2018-02,2017-02,12,0,True,0.0,master,valid_observed_phase_at_origin,ABCDE,calibration,3,3,spectral_core,local_partition_rf,0,0.18,0,0.21
275,2018-02,2017-02,12,0,True,0.0,master,valid_observed_phase_at_origin,ABCDE,calibration,3,3,spectral_core,local_partition_rf,0,0.13,0,0.22
276,2018-02,2017-02,12,0,True,0.0,master,valid_observed_phase_at_origin,ABCDE,calibration,3,3,spectral_core,local_partition_rf,0,0.18,0,0.15
277,2018-02,2017-02,12,0,True,0.0,master,valid_observed_phase_at_origin,ABCDE,calibration,3,3,spectral_core,local_partition_rf,0,0.21,0,0.16
278,2018-02,2017-02,12,0,True,0.0,master,valid_observed_phase_at_origin,ABCDE,calibration,3,3,spectral_core,local_partition_rf,0,0.23,0,0.14
279,2018-02,2017-02,12,0,True,1.0,master,valid_observed_phase_at_origin,ABCDE,calibration,3,3,spectral_core,local_partition_rf,0,0.31,0,0.34
280,2018-02,2017-02,12,0,True,0.0,master,valid_observed_phase_at_origin,ABCDE,calibration,3,3,spectral_core,local_partition_rf,0,0.21,0,0.18
281,2018-02,2017-02,12,0,True,1.0,master,valid_observed_phase_at_origin,ABCDE,calibration,3,3,spectral_core,local_partition_rf,0,0.27,0,0.32
282,2018-02,2017-02,12,0,True,0.0,master,valid_observed_phase_at_origin,ABCDE,calibration,3,3,spectral_core,local_partition_rf,0,0.25,0,0.2
283,2018-02,2017-02,12,0,True,0.0,master,valid_observed_phase_at_origin,ABCDE,calibration,3,3,spectral_core,local_partition_rf,0,0.23,0,0.16
284,2018-02,2017-02,12,0,True,1.0,master,valid_observed_phase_at_origin,ABCDE,calibration,3,3,spectral_core,local_partition_rf,0,0.32,0,0.29
285,2018-02,2017-02,12,0,True,0.0,master,valid_observed_phase_at_origin,ABCDE,calibration,3,3,spectral_core,local_partition_rf,0,0.28,0,0.17
286,2018-02,2017-02,12,0,True,0.0,master,valid_observed_phase_at_origin,ABCDE,calibration,3,3,spectral_core,local_partition_rf,0,0.19,0,0.16
287,2018-02,2017-02,12,0,True,0.0,master,valid_observed_phase_at_origin,ABCDE,calibration,3,3,spectral_core,local_partition_rf,0,0.21,0,0.16
288,2018-02,2017-02,12,0,True,0.0,master,valid_observed_phase_at_origin,ABCDE,calibration,3,3,spectral_core,local_partition_rf,0,0.2,0,0.18
289,2018-02,2017-02,12,0,True,0.0,master,valid_observed_phase_at_origin,ABCDE,calibration,3,3,spectral_core,local_partition_rf,0,0.2,0,0.16
290,2018-02,2017-02,12,0,True,0.0,master,valid_observed_phase_at_origin,ABCDE,calibration,3,3,spectral_core,local_partition_rf,0,0.13,0,0.12
291,2018-02,2017-02,12,0,True,1.0,master,valid_observed_phase_at_origin,ABCDE,calibration,3,3,spectral_core,local_partition_rf,0,0.29,0,0.24
292,2018-02,2017-02,12,0,True,0.0,master,valid_observed_phase_at_origin,ABCDE,calibration,3,3,spectral_core,local_partition_rf,0,0.21,0,0.16
293,2018-02,2017-02,12,0,True,1.0,master,valid_observed_phase_at_origin,ABCDE,calibration,3,3,spectral_core,local_partition_rf,0,0.29,0,0.26
294,2018-02,2017-02,12,0,True,1.0,master,valid_observed_phase_at_origin,ABCDE,calibration,3,3,spectral_core,local_partition_rf,0,0.33,0,0.27
295,2018-02,2017-02,12,0,True,0.0,master,valid_observed_phase_at_origin,ABCDE,calibration,3,3,spectral_core,local_partition_rf,0,0.25,0,0.17
296,2018-02,2017-02,12,0,True,0.0,master,valid_observed_phase_at_origin,ABCDE,calibration,3,3,spectral_core,local_partition_rf,0,0.19,0,0.17
297,2018-02,2017-02,12,0,True,0.0,master,valid_observed_phase_at_origin,ABCDE,calibration,3,3,spectral_core,local_partition_rf,0,0.17,0,0.18
298,2018-02,2017-02,12,0,True,1.0,master,valid_observed_phase_at_origin,ABCDE,calibration,3,3,spectral_core,local_partition_rf,0,0.34,0,0.31
299,2018-02,2017-02,12,0,True,0.0,master,valid_observed_phase_at_origin,ABCDE,calibration,3,3,spectral_core,local_partition_rf,0,0.17,0,0.18
300,2018-02,2017-02,12,0,True,0.0,master,valid_observed_phase_at_origin,ABCDE,calibration,3,3,spectral_core,local_partition_rf,0,0.22,0,0.2
301,2018-02,2017-02,12,0,True,0.0,master,valid_observed_phase_at_origin,ABCDE,calibration,3,3,spectral_core,local_partition_rf,0,0.18,0,0.16
302,2018-02,2017-02,12,0,True,0.0,master,valid_observed_phase_at_origin,ABCDE,calibration,3,3,spectral_core,local_partition_rf,0,0.18,0,0.16
303,2018-02,2017-02,12,0,True,0.0,master,valid_observed_phase_at_origin,ABCDE,calibration,3,3,spectral_core,local_partition_rf,0,0.22,0,0.13
304,2018-02,2017-02,12,1,True,1.0,master,valid_observed_phase_at_origin,ABCDE,calibration,3,3,spectral_core,local_partition_rf,0,0.35,0,0.34
305,2018-02,2017-02,12,0,True,0.0,master,valid_observed_phase_at_origin,ABCDE,calibration,3,3,spectral_core,local_partition_rf,0,0.25,0,0.18
306,2018-02,2017-02,12,0,True,0.0,master,valid_observed_phase_at_origin,ABCDE,calibration,3,3,spectral_core,local_partition_rf,0,0.24,0,0.17
307,2018-02,2017-02,12,1,True,1.0,master,valid_observed_phase_at_origin,ABCDE,calibration,3,3,spectral_core,local_partition_rf,0,0.31,0,0.34
308,2018-02,2017-02,12,0,True,0.0,master,valid_observed_phase_at_origin,ABCDE,calibration,3,3,spectral_core,local_partition_rf,0,0.21,0,0.18
309,2018-02,2017-02,12,0,True,0.0,master,valid_observed_phase_at_origin,ABCDE,calibration,3,3,spectral_core,local_partition_rf,0,0.29,0,0.21
310,2018-02,2017-02,12,0,True,0.0,master,valid_observed_phase_at_origin,ABCDE,calibration,3,3,spectral_core,local_partition_rf,0,0.19,0,0.16
311,2018-02,2017-02,12,1,True,1.0,master,valid_observed_phase_at_origin,ABCDE,calibration,3,3,spectral_core,local_partition_rf,0,0.36,0,0.29
312,2018-02,2017-02,12,0,True,0.0,master,valid_observed_phase_at_origin,ABCDE,calibration,3,3,spectral_core,local_partition_rf,0,0.26,0,0.12
313,2018-02,2017-02,12,0,True,1.0,master,valid_observed_phase_at_origin,ABCDE,calibration,3,3,spectral_core,local_partition_rf,0,0.35,0,0.26
314,2018-02,2017-02,12,0,True,0.0,master,valid_observed_phase_at_origin,ABCDE,calibration,3,3,spectral_core,local_partition_rf,0,0.23,0,0.15
315,2018-02,2017-02,12,0,True,1.0,master,valid_observed_phase_at_origin,ABCDE,calibration,3,3,spectral_core,local_partition_rf,0,0.3,0,0.23
316,2018-02,2017-02,12,0,True,1.0,master,valid_observed_phase_at_origin,ABCDE,calibration,3,3,spectral_core,local_partition_rf,0,0.28,0,0.31
317,2018-02,2017-02,12,0,True,1.0,master,valid_observed_phase_at_origin,ABCDE,calibration,3,3,spectral_core,local_partition_rf,0,0.29,0,0.24
318,2018-02,2017-02,12,0,True,0.0,master,valid_observed_phase_at_origin,ABCDE,calibration,3,3,spectral_core,local_partition_rf,0,0.19,0,0.19
319,2018-02,2017-02,12,0,True,0.0,master,valid_observed_phase_at_origin,ABCDE,calibration,3,3,spectral_core,local_partition_rf,0,0.18,0,0.2
320,2018-02,2017-02,12,0,True,0.0,master,valid_observed_phase_at_origin,ABCDE,calibration,3,3,spectral_core,local_partition_rf,0,0.2,0,0.22
321,2018-02,2017-02,12,0,True,0.0,master,valid_observed_phase_at_origin,ABCDE,calibration,3,3,spectral_core,local_partition_rf,0,0.13,0,0.17
322,2018-02,2017-02,12,0,True,0.0,master,valid_observed_phase_at_origin,ABCDE,calibration,3,3,spectral_core,local_partition_rf,0,0.26,0,0.19
323,2018-02,2017-02,12,0,True,0.0,master,valid_observed_phase_at_origin,ABCDE,calibration,3,3,spectral_core,local_partition_rf,0,0.18,0,0.12
324,2018-02,2017-02,12,0,True,0.0,master,valid_observed_phase_at_origin,ABCDE,calibration,3,3,spectral_core,local_partition_rf,0,0.23,0,0.16
325,2018-02,2017-02,12,0,True,0.0,master,valid_observed_phase_at_origin,ABCDE,calibration,3,3,spectral_core,local_partition_rf,0,0.24,0,0.21
326,2018-02,2017-02,12,0,True,0.0,master,valid_observed_phase_at_origin,ABCDE,calibration,3,3,spectral_core,local_partition_rf,0,0.21,0,0.15
327,2018-02,2017-02,12,0,True,0.0,master,valid_observed_phase_at_origin,ABCDE,calibration,3,3,spectral_core,local_partition_rf,0,0.22,0,0.21
328,2018-02,2017-02,12,0,True,1.0,master,valid_observed_phase_at_origin,ABCDE,calibration,3,3,spectral_core,local_partition_rf,0,0.25,0,0.31
329,2018-02,2017-02,12,0,True,0.0,master,valid_observed_phase_at_origin,ABCDE,calibration,3,3,spectral_core,local_partition_rf,0,0.15,0,0.17
330,2018-02,2017-02,12,0,True,0.0,master,valid_observed_phase_at_origin,ABCDE,calibration,3,3,spectral_core,local_partition_rf,0,0.21,0,0.19
331,2018-02,2017-02,12,0,True,0.0,master,valid_observed_phase_at_origin,ABCDE,calibration,3,3,spectral_core,local_partition_rf,0,0.19,0,0.18
332,2018-02,2017-02,12,0,True,0.0,master,valid_observed_phase_at_origin,ABCDE,calibration,3,3,spectral_core,local_partition_rf,0,0.24,0,0.2
333,2018-02,2017-02,12,0,True,0.0,master,valid_observed_phase_at_origin,ABCDE,calibration,3,3,spectral_core,local_partition_rf,0,0.22,0,0.12
334,2018-02,2017-02,12,0,True,0.0,master,valid_observed_phase_at_origin,ABCDE,calibration,3,3,spectral_core,local_partition_rf,0,0.27,0,0.19
335,2018-02,2017-02,12,0,True,0.0,master,valid_observed_phase_at_origin,ABCDE,calibration,3,3,spectral_core,local_partition_rf,0,0.22,0,0.2
336,2018-02,2017-02,12,0,True,0.0,master,valid_observed_phase_at_origin,ABCDE,calibration,3,3,spectral_core,local_partition_rf,0,0.23,0,0.16
337,2018-02,2017-02,12,0,True,0.0,master,valid_observed_phase_at_origin,ABCDE,calibration,3,3,spectral_core,local_partition_rf,0,0.15,0,0.18
338,2018-02,2017-02,12,0,True,0.0,master,valid_observed_phase_at_origin,ABCDE,calibration,3,3,spectral_core,local_partition_rf,0,0.21,0,0.15
339,2018-02,2017-02,12,0,True,0.0,master,valid_observed_phase_at_origin,ABCDE,calibration,3,3,spectral_core,local_partition_rf,0,0.24,0,0.13
340,2018-02,2017-02,12,0,True,0.0,master,valid_observed_phase_at_origin,ABCDE,calibration,3,3,spectral_core,local_partition_rf,0,0.19,0,0.17
341,2018-02,2017-02,12,0,True,1.0,master,valid_observed_phase_at_origin,ABCDE,calibration,3,3,spectral_core,local_partition_rf,0,0.34,0,0.29
342,2018-02,2017-02,12,0,True,0.0,master,valid_observed_phase_at_origin,ABCDE,calibration,3,3,spectral_core,local_partition_rf,0,0.19,0,0.21
343,2018-02,2017-02,12,0,True,0.0,master,valid_observed_phase_at_origin,ABCDE,calibration,3,3,spectral_core,local_partition_rf,0,0.16,0,0.14
344,2018-02,2017-02,12,0,True,1.0,master,valid_observed_phase_at_origin,ABCDE,calibration,3,3,spectral_core,local_partition_rf,0,0.27,0,0.28
345,2018-02,2017-02,12,0,True,0.0,master,valid_observed_phase_at_origin,ABCDE,calibration,3,3,spectral_core,local_partition_rf,0,0.2,0,0.17
346,2018-02,2017-02,12,1,True,1.0,master,valid_observed_phase_at_origin,ABCDE,calibration,3,3,spectral_core,local_partition_rf,0,0.27,0,0.27
347,2018-02,2017-02,12,1,True,1.0,master,valid_observed_phase_at_origin,ABCDE,calibration,3,3,spectral_core,local_partition_rf,0,0.29,0,0.26
348,2018-02,2017-02,12,1,True,1.0,master,valid_observed_phase_at_origin,ABCDE,calibration,3,3,spectral_core,local_partition_rf,0,0.25,0,0.32
349,2018-02,2017-02,12,1,True,1.0,master,valid_observed_phase_at_origin,ABCDE,calibration,3,3,spectral_core,local_partition_rf,0,0.28,0,0.3
350,2018-02,2017-02,12,1,True,0.0,master,valid_observed_phase_at_origin,ABCDE,calibration,3,3,spectral_core,local_partition_rf,0,0.17,0,0.19
351,2018-02,2017-02,12,1,True,1.0,master,valid_observed_phase_at_origin,ABCDE,calibration,3,3,spectral_core,local_partition_rf,0,0.26,0,0.28
352,2018-02,2017-02,12,1,True,1.0,master,valid_observed_phase_at_origin,ABCDE,calibration,3,3,spectral_core,local_partition_rf,0,0.32,0,0.28
353,2018-02,2017-02,12,1,True,1.0,master,valid_observed_phase_at_origin,ABCDE,calibration,3,3,spectral_core,local_partition_rf,0,0.3,0,0.29
354,2018-02,2017-02,12,1,True,0.0,master,valid_observed_phase_at_origin,ABCDE,calibration,3,3,spectral_core,local_partition_rf,0,0.26,0,0.19
355,2018-02,2017-02,12,1,True,0.0,master,valid_observed_phase_at_origin,ABCDE,calibration,3,3,spectral_core,local_partition_rf,0,0.23,0,0.2
356,2018-02,2017-02,12,1,True,0.0,master,valid_observed_phase_at_origin,ABCDE,calibration,3,3,spectral_core,local_partition_rf,0,0.26,0,0.25
357,2018-02,2017-02,12,0,True,0.0,master,valid_observed_phase_at_origin,ABCDE,calibration,3,3,spectral_core,local_partition_rf,0,0.2,0,0.14
358,2018-02,2017-02,12,0,True,0.0,master,valid_observed_phase_at_origin,ABCDE,calibration,3,3,spectral_core,local_partition_rf,0,0.21,0,0.23
359,2018-02,2017-02,12,0,True,0.0,master,valid_observed_phase_at_origin,ABCDE,calibration,3,3,spectral_core,local_partition_rf,0,0.29,0,0.12
360,2018-02,2017-02,12,0,True,0.0,master,valid_observed_phase_at_origin,ABCDE,calibration,3,3,spectral_core,local_partition_rf,0,0.28,0,0.15
361,2018-02,2017-02,12,0,True,0.0,master,valid_observed_phase_at_origin,ABCDE,calibration,3,3,spectral_core,local_partition_rf,0,0.2,0,0.19
362,2018-02,2017-02,12,0,True,0.0,master,valid_observed_phase_at_origin,ABCDE,calibration,3,3,spectral_core,local_partition_rf,0,0.24,0,0.19
363,2018-02,2017-02,12,0,True,0.0,master,valid_observed_phase_at_origin,ABCDE,calibration,3,3,spectral_core,local_partition_rf,0,0.26,0,0.17
364,2018-02,2017-02,12,0,True,0.0,master,valid_observed_phase_at_origin,ABCDE,calibration,3,3,spectral_core,local_partition_rf,0,0.24,0,0.24
365,2018-02,2017-02,12,0,True,0.0,master,valid_observed_phase_at_origin,ABCDE,calibration,3,3,spectral_core,local_partition_rf,0,0.22,0,0.18
366,2018-02,2017-02,12,0,True,0.0,master,valid_observed_phase_at_origin,ABCDE,calibration,3,3,spectral_core,local_partition_rf,0,0.23,0,0.14
367,2018-02,2017-02,12,0,True,0.0,master,valid_observed_phase_at_origin,ABCDE,calibration,3,3,spectral_core,local_partition_rf,0,0.3,0,0.16
368,2018-02,2017-02,12,0,True,0.0,master,valid_observed_phase_at_origin,ABCDE,calibration,3,3,spectral_core,local_partition_rf,0,0.25,0,0.23
369,2018-02,2017-02,12,0,True,0.0,master,valid_observed_phase_at_origin,ABCDE,calibration,3,3,spectral_core,local_partition_rf,0,0.26,0,0.22
370,2018-02,2017-02,12,0,True,0.0,master,valid_observed_phase_at_origin,ABCDE,calibration,3,3,spectral_core,local_partition_rf,0,0.28,0,0.18
371,2018-02,2017-02,12,0,True,0.0,master,valid_observed_phase_at_origin,ABCDE,calibration,3,10,spectral_core,local_partition_rf,0,0.16,0,0.16
372,2018-02,2017-02,12,0,True,0.0,master,valid_observed_phase_at_origin,ABCDE,calibration,3,10,spectral_core,local_partition_rf,0,0.23,0,0.14
373,2018-02,2017-02,12,0,True,0.0,master,valid_observed_phase_at_origin,ABCDE,calibration,3,10,spectral_core,local_partition_rf,0,0.24,0,0.13
374,2018-02,2017-02,12,0,True,0.0,master,valid_observed_phase_at_origin,ABCDE,calibration,3,10,spectral_core,local_partition_rf,0,0.31,0,0.19
375,2018-02,2017-02,12,0,True,0.0,master,valid_observed_phase_at_origin,ABCDE,calibration,3,10,spectral_core,local_partition_rf,0,0.33,0,0.17
376,2018-02,2017-02,12,0,True,0.0,master,valid_observed_phase_at_origin,ABCDE,calibration,3,10,spectral_core,local_partition_rf,0,0.26,0,0.09
377,2018-02,2017-02,12,0,True,0.0,master,valid_observed_phase_at_origin,ABCDE,calibration,3,10,spectral_core,local_partition_rf,0,0.22,0,0.08
378,2018-02,2017-02,12,0,True,0.0,master,valid_observed_phase_at_origin,ABCDE,calibration,3,10,spectral_core,local_partition_rf,0,0.29,0,0.17
379,2018-02,2017-02,12,0,True,0.0,master,valid_observed_phase_at_origin,ABCDE,calibration,3,10,spectral_core,local_partition_rf,0,0.19,0,0.16
380,2018-02,2017-02,12,0,True,0.0,master,valid_observed_phase_at_origin,ABCDE,calibration,3,10,spectral_core,local_partition_rf,0,0.31,0,0.15
381,2018-02,2017-02,12,0,True,0.0,master,valid_observed_phase_at_origin,ABCDE,calibration,3,10,spectral_core,local_partition_rf,0,0.3,0,0.19
382,2018-02,2017-02,12,0,True,0.0,master,valid_observed_phase_at_origin,ABCDE,calibration,3,10,spectral_core,local_partition_rf,0,0.16,0,0.19
383,2018-02,2017-02,12,0,True,0.0,master,valid_observed_phase_at_origin,ABCDE,calibration,3,10,spectral_core,local_partition_rf,0,0.31,0,0.2
384,2018-02,2017-02,12,0,True,0.0,master,valid_observed_phase_at_origin,ABCDE,calibration,3,10,spectral_core,local_partition_rf,0,0.24,0,0.11
385,2018-02,2017-02,12,0,True,0.0,master,valid_observed_phase_at_origin,ABCDE,calibration,3,10,spectral_core,local_partition_rf,0,0.21,0,0.12
386,2018-02,2017-02,12,0,True,0.0,master,valid_observed_phase_at_origin,ABCDE,calibration,3,10,spectral_core,local_partition_rf,0,0.2,0,0.16
387,2018-02,2017-02,12,0,True,0.0,master,valid_observed_phase_at_origin,ABCDE,calibration,3,10,spectral_core,local_partition_rf,0,0.19,0,0.11
388,2018-02,2017-02,12,0,True,0.0,master,valid_observed_phase_at_origin,ABCDE,calibration,3,10,spectral_core,local_partition_rf,0,0.22,0,0.11
389,2018-02,2017-02,12,0,True,0.0,master,valid_observed_phase_at_origin,ABCDE,calibration,3,10,spectral_core,local_partition_rf,0,0.16,0,0.16
390,2018-02,2017-02,12,0,True,0.0,master,valid_observed_phase_at_origin,ABCDE,calibration,3,10,spectral_core,local_partition_rf,0,0.13,0,0.18
391,2018-02,2017-02,12,0,True,0.0,master,valid_observed_phase_at_origin,ABCDE,calibration,3,10,spectral_core,local_partition_rf,0,0.16,0,0.18
392,2018-02,2017-02,12,0,True,0.0,master,valid_observed_phase_at_origin,ABCDE,calibration,3,10,spectral_core,local_partition_rf,0,0.17,0,0.18
393,2018-02,2017-02,12,0,True,0.0,master,valid_observed_phase_at_origin,ABCDE,calibration,3,10,spectral_core,local_partition_rf,0,0.25,0,0.21
394,2018-02,2017-02,12,0,True,0.0,master,valid_observed_phase_at_origin,ABCDE,calibration,3,10,spectral_core,local_partition_rf,0,0.15,0,0.16
395,2018-02,2017-02,12,0,True,0.0,master,valid_observed_phase_at_origin,ABCDE,calibration,3,10,spectral_core,local_partition_rf,0,0.16,0,0.16
396,2018-02,2017-02,12,0,True,0.0,master,valid_observed_phase_at_origin,ABCDE,calibration,3,10,spectral_core,local_partition_rf,0,0.25,0,0.15
397,2018-02,2017-02,12,0,True,0.0,master,valid_observed_phase_at_origin,ABCDE,calibration,3,10,spectral_core,local_partition_rf,0,0.25,0,0.14
398,2018-02,2017-02,12,0,True,0.0,master,valid_observed_phase_at_origin,ABCDE,calibration,3,10,spectral_core,local_partition_rf,0,0.21,0,0.14
399,2018-02,2017-02,12,0,True,0.0,master,valid_observed_phase_at_origin,ABCDE,calibration,3,10,spectral_core,local_partition_rf,0,0.18,0,0.17
400,2018-02,2017-02,12,0,True,0.0,master,valid_observed_phase_at_origin,ABCDE,calibration,3,10,spectral_core,local_partition_rf,0,0.22,0,0.14
401,2018-02,2017-02,12,0,True,0.0,master,valid_observed_phase_at_origin,ABCDE,calibration,3,10,spectral_core,local_partition_rf,0,0.19,0,0.16
402,2018-02,2017-02,12,0,True,0.0,master,valid_observed_phase_at_origin,ABCDE,calibration,3,10,spectral_core,local_partition_rf,0,0.31,0,0.15
403,2018-02,2017-02,12,0,True,0.0,master,valid_observed_phase_at_origin,ABCDE,calibration,3,10,spectral_core,local_partition_rf,0,0.21,0,0.13
404,2018-02,2017-02,12,0,True,0.0,master,valid_observed_phase_at_origin,ABCDE,calibration,3,10,spectral_core,local_partition_rf,0,0.2,0,0.14
405,2018-02,2017-02,12,0,True,0.0,master,valid_observed_phase_at_origin,ABCDE,calibration,3,10,spectral_core,local_partition_rf,0,0.24,0,0.15
406,2018-02,2017-02,12,0,True,0.0,master,valid_observed_phase_at_origin,ABCDE,calibration,3,10,spectral_core,local_partition_rf,0,0.19,0,0.15
407,2018-02,2017-02,12,0,True,0.0,master,valid_observed_phase_at_origin,ABCDE,calibration,3,10,spectral_core,local_partition_rf,0,0.2,0,0.13
408,2018-02,2017-02,12,0,True,0.0,master,valid_observed_phase_at_origin,ABCDE,calibration,3,10,spectral_core,local_partition_rf,0,0.46,0,0.21
409,2018-02,2017-02,12,1,True,0.0,master,valid_observed_phase_at_origin,ABCDE,calibration,3,10,spectral_core,local_partition_rf,0,0.38,0,0.16
410,2018-02,2017-02,12,0,True,0.0,master,valid_observed_phase_at_origin,ABCDE,calibration,3,10,spectral_core,local_partition_rf,0,0.22,0,0.16
411,2018-02,2017-02,12,0,True,0.0,master,valid_observed_phase_at_origin,ABCDE,calibration,3,10,spectral_core,local_partition_rf,0,0.26,0,0.19
412,2018-02,2017-02,12,0,True,0.0,master,valid_observed_phase_at_origin,ABCDE,calibration,3,10,spectral_core,local_partition_rf,0,0.26,0,0.17
413,2018-02,2017-02,12,0,True,0.0,master,valid_observed_phase_at_origin,ABCDE,calibration,3,10,spectral_core,local_partition_rf,0,0.43,0,0.21
414,2018-02,2017-02,12,0,True,0.0,master,valid_observed_phase_at_origin,ABCDE,calibration,3,10,spectral_core,local_partition_rf,0,0.29,0,0.17
415,2018-02,2017-02,12,0,True,0.0,master,valid_observed_phase_at_origin,ABCDE,calibration,3,10,spectral_core,local_partition_rf,0,0.22,0,0.14
416,2018-02,2017-02,12,0,True,0.0,master,valid_observed_phase_at_origin,ABCDE,calibration,3,10,spectral_core,local_partition_rf,0,0.19,0,0.16
417,2018-02,2017-02,12,0,True,0.0,master,valid_observed_phase_at_origin,ABCDE,calibration,3,10,spectral_core,local_partition_rf,0,0.2,0,0.17
418,2018-02,2017-02,12,0,True,0.0,master,valid_observed_phase_at_origin,ABCDE,calibration,3,10,spectral_core,local_partition_rf,0,0.19,0,0.19
419,2018-02,2017-02,12,0,True,0.0,master,valid_observed_phase_at_origin,ABCDE,calibration,3,10,spectral_core,local_partition_rf,0,0.27,0,0.22
420,2018-02,2017-02,12,0,True,0.0,master,valid_observed_phase_at_origin,ABCDE,calibration,3,10,spectral_core,local_partition_rf,0,0.24,0,0.28
421,2018-02,2017-02,12,0,True,0.0,master,valid_observed_phase_at_origin,ABCDE,calibration,3,10,spectral_core,local_partition_rf,0,0.22,0,0.25
422,2018-02,2017-02,12,0,True,0.0,master,valid_observed_phase_at_origin,ABCDE,calibration,3,10,spectral_core,local_partition_rf,0,0.28,0,0.16
423,2018-02,2017-02,12,0,True,0.0,master,valid_observed_phase_at_origin,ABCDE,calibration,3,10,spectral_core,local_partition_rf,0,0.3,0,0.14
424,2018-02,2017-02,12,0,True,0.0,master,valid_observed_phase_at_origin,ABCDE,calibration,3,10,spectral_core,local_partition_rf,0,0.34,0,0.27
425,2018-02,2017-02,12,1,True,0.0,master,valid_observed_phase_at_origin,ABCDE,calibration,3,10,spectral_core,local_partition_rf,0,0.38,0,0.31
426,2018-02,2017-02,12,0,True,0.0,master,valid_observed_phase_at_origin,ABCDE,calibration,3,10,spectral_core,local_partition_rf,0,0.21,0,0.14
427,2018-02,2017-02,12,0,True,0.0,master,valid_observed_phase_at_origin,ABCDE,calibration,3,10,spectral_core,local_partition_rf,0,0.24,0,0.17
428,2018-02,2017-02,12,0,True,0.0,master,valid_observed_phase_at_origin,ABCDE,calibration,3,10,spectral_core,local_partition_rf,0,0.24,0,0.18
429,2018-02,2017-02,12,0,True,0.0,master,valid_observed_phase_at_origin,ABCDE,calibration,3,10,spectral_core,local_partition_rf,0,0.25,0,0.16
430,2018-02,2017-02,12,1,True,0.0,master,valid_observed_phase_at_origin,ABCDE,calibration,3,10,spectral_core,local_partition_rf,0,0.4,0,0.29
431,2018-02,2017-02,12,0,True,0.0,master,valid_observed_phase_at_origin,ABCDE,calibration,3,10,spectral_core,local_partition_rf,0,0.46,0,0.28
432,2018-02,2017-02,12,0,True,0.0,master,valid_observed_phase_at_origin,ABCDE,calibration,3,10,spectral_core,local_partition_rf,0,0.3,0,0.25
433,2018-02,2017-02,12,0,True,0.0,master,valid_observed_phase_at_origin,ABCDE,calibration,3,10,spectral_core,local_partition_rf,0,0.43,0,0.29
434,2018-02,2017-02,12,1,True,0.0,master,valid_observed_phase_at_origin,ABCDE,calibration,3,10,spectral_core,local_partition_rf,0,0.4,0,0.36
435,2018-02,2017-02,12,0,True,0.0,master,valid_observed_phase_at_origin,ABCDE,calibration,3,10,spectral_core,local_partition_rf,0,0.13,0,0.12
436,2018-02,2017-02,12,0,True,0.0,master,valid_observed_phase_at_origin,ABCDE,calibration,3,10,spectral_core,local_partition_rf,0,0.21,0,0.14
437,2018-02,2017-02,12,0,True,0.0,master,valid_observed_phase_at_origin,ABCDE,calibration,3,10,spectral_core,local_partition_rf,0,0.22,0,0.24
438,2018-02,2017-02,12,0,True,0.0,master,valid_observed_phase_at_origin,ABCDE,calibration,3,10,spectral_core,local_partition_rf,0,0.48,0,0.28
439,2018-02,2017-02,12,0,True,0.0,master,valid_observed_phase_at_origin,ABCDE,calibration,3,10,spectral_core,local_partition_rf,0,0.45,0,0.29
440,2018-02,2017-02,12,0,True,0.0,master,valid_observed_phase_at_origin,ABCDE,calibration,3,10,spectral_core,local_partition_rf,0,0.18,0,0.16
441,2018-02,2017-02,12,0,True,0.0,master,valid_observed_phase_at_origin,ABCDE,calibration,3,10,spectral_core,local_partition_rf,0,0.18,0,0.16
442,2018-02,2017-02,12,0,True,0.0,master,valid_observed_phase_at_origin,ABCDE,calibration,3,10,spectral_core,local_partition_rf,0,0.28,0,0.15
443,2018-02,2017-02,12,0,True,0.0,master,valid_observed_phase_at_origin,ABCDE,calibration,3,10,spectral_core,local_partition_rf,0,0.27,0,0.19
444,2018-02,2017-02,12,1,True,0.0,master,valid_observed_phase_at_origin,ABCDE,calibration,3,10,spectral_core,local_partition_rf,0,0.44,0,0.24
445,2018-02,2017-02,12,0,True,0.0,master,valid_observed_phase_at_origin,ABCDE,calibration,3,10,spectral_core,local_partition_rf,0,0.32,0,0.27
446,2018-02,2017-02,12,0,True,0.0,master,valid_observed_phase_at_origin,ABCDE,calibration,3,10,spectral_core,local_partition_rf,0,0.45,0,0.25
447,2018-02,2017-02,12,1,True,0.0,master,valid_observed_phase_at_origin,ABCDE,calibration,3,10,spectral_core,local_partition_rf,0,0.43,0,0.22
448,2018-02,2017-02,12,0,True,0.0,master,valid_observed_phase_at_origin,ABCDE,calibration,3,10,spectral_core,local_partition_rf,0,0.28,0,0.17
449,2018-02,2017-02,12,0,True,0.0,master,valid_observed_phase_at_origin,ABCDE,calibration,3,10,spectral_core,local_partition_rf,0,0.2,0,0.13
450,2018-02,2017-02,12,0,True,0.0,master,valid_observed_phase_at_origin,ABCDE,calibration,3,10,spectral_core,local_partition_rf,0,0.32,0,0.27
451,2018-02,2017-02,12,0,True,0.0,master,valid_observed_phase_at_origin,ABCDE,calibration,3,10,spectral_core,local_partition_rf,0,0.44,0,0.28
452,2018-02,2017-02,12,0,True,0.0,master,valid_observed_phase_at_origin,ABCDE,calibration,3,10,spectral_core,local_partition_rf,0,0.48,0,0.28
453,2018-02,2017-02,12,0,True,0.0,master,valid_observed_phase_at_origin,ABCDE,calibration,3,10,spectral_core,local_partition_rf,0,0.46,0,0.27
454,2018-02,2017-02,12,0,True,0.0,master,valid_observed_phase_at_origin,ABCDE,calibration,3,10,spectral_core,local_partition_rf,0,0.18,0,0.14
455,2018-02,2017-02,12,0,True,0.0,master,valid_observed_phase_at_origin,ABCDE,calibration,3,10,spectral_core,local_partition_rf,0,0.19,0,0.16
456,2018-02,2017-02,12,0,True,0.0,master,valid_observed_phase_at_origin,ABCDE,calibration,3,10,spectral_core,local_partition_rf,0,0.12,0,0.13
457,2018-02,2017-02,12,0,True,0.0,master,valid_observed_phase_at_origin,ABCDE,calibration,3,10,spectral_core,local_partition_rf,0,0.35,0,0.24
458,2018-02,2017-02,12,0,True,0.0,master,valid_observed_phase_at_origin,ABCDE,calibration,3,10,spectral_core,local_partition_rf,0,0.47,0,0.25
459,2018-02,2017-02,12,0,True,0.0,master,valid_observed_phase_at_origin,ABCDE,calibration,3,10,spectral_core,local_partition_rf,0,0.19,0,0.13
460,2018-02,2017-02,12,0,True,0.0,master,valid_observed_phase_at_origin,ABCDE,calibration,3,10,spectral_core,local_partition_rf,0,0.19,0,0.12
461,2018-02,2017-02,12,0,True,0.0,master,valid_observed_phase_at_origin,ABCDE,calibration,3,10,spectral_core,local_partition_rf,0,0.2,0,0.16
462,2018-02,2017-02,12,0,True,0.0,master,valid_observed_phase_at_origin,ABCDE,calibration,3,10,spectral_core,local_partition_rf,0,0.23,0,0.19
463,2018-02,2017-02,12,0,True,0.0,master,valid_observed_phase_at_origin,ABCDE,calibration,3,10,spectral_core,local_partition_rf,0,0.27,0,0.22
464,2018-02,2017-02,12,1,True,1.0,master,valid_observed_phase_at_origin,ABCDE,calibration,3,10,spectral_core,local_partition_rf,1,0.57,0,0.5
465,2018-02,2017-02,12,1,True,1.0,master,valid_observed_phase_at_origin,ABCDE,calibration,3,10,spectral_core,local_partition_rf,1,0.6,0,0.45
466,2018-02,2017-02,12,1,True,1.0,master,valid_observed_phase_at_origin,ABCDE,calibration,3,10,spectral_core,local_partition_rf,1,0.59,0,0.4
467,2018-02,2017-02,12,0,True,0.0,master,valid_observed_phase_at_origin,ABCDE,calibration,3,10,spectral_core,local_partition_rf,0,0.29,0,0.18
468,2018-02,2017-02,12,0,True,0.0,master,valid_observed_phase_at_origin,ABCDE,calibration,3,10,spectral_core,local_partition_rf,0,0.3,0,0.19
469,2018-02,2017-02,12,0,True,0.0,master,valid_observed_phase_at_origin,ABCDE,calibration,3,10,spectral_core,local_partition_rf,0,0.36,0,0.23
470,2018-02,2017-02,12,0,True,0.0,master,valid_observed_phase_at_origin,ABCDE,calibration,3,10,spectral_core,local_partition_rf,0,0.34,0,0.27
471,2018-02,2017-02,12,0,True,0.0,master,valid_observed_phase_at_origin,ABCDE,calibration,3,10,spectral_core,local_partition_rf,0,0.19,0,0.17
472,2018-02,2017-02,12,0,True,0.0,master,valid_observed_phase_at_origin,ABCDE,calibration,3,10,spectral_core,local_partition_rf,0,0.22,0,0.27
473,2018-02,2017-02,12,0,True,0.0,master,valid_observed_phase_at_origin,ABCDE,calibration,3,10,spectral_core,local_partition_rf,0,0.18,0,0.14
474,2018-02,2017-02,12,0,True,0.0,master,valid_observed_phase_at_origin,ABCDE,calibration,3,10,spectral_core,local_partition_rf,0,0.14,0,0.18
475,2018-02,2017-02,12,0,True,0.0,master,valid_observed_phase_at_origin,ABCDE,calibration,3,10,spectral_core,local_partition_rf,0,0.25,0,0.16
476,2018-02,2017-02,12,0,True,0.0,master,valid_observed_phase_at_origin,ABCDE,calibration,3,10,spectral_core,local_partition_rf,0,0.18,0,0.18
477,2018-02,2017-02,12,0,True,0.0,master,valid_observed_phase_at_origin,ABCDE,calibration,3,10,spectral_core,local_partition_rf,0,0.29,0,0.21
478,2018-02,2017-02,12,0,True,0.0,master,valid_observed_phase_at_origin,ABCDE,calibration,3,10,spectral_core,local_partition_rf,0,0.15,0,0.12
479,2018-02,2017-02,12,0,True,0.0,master,valid_observed_phase_at_origin,ABCDE,calibration,3,10,spectral_core,local_partition_rf,0,0.29,0,0.17
480,2018-02,2017-02,12,0,True,0.0,master,valid_observed_phase_at_origin,ABCDE,calibration,3,10,spectral_core,local_partition_rf,0,0.29,0,0.19
481,2018-02,2017-02,12,0,True,0.0,master,valid_observed_phase_at_origin,ABCDE,calibration,3,10,spectral_core,local_partition_rf,0,0.26,0,0.17
482,2018-02,2017-02,12,0,True,0.0,master,valid_observed_phase_at_origin,ABCDE,calibration,3,10,spectral_core,local_partition_rf,0,0.27,0,0.2
483,2018-02,2017-02,12,0,True,0.0,master,valid_observed_phase_at_origin,ABCDE,calibration,3,10,spectral_core,local_partition_rf,0,0.25,0,0.19
484,2018-02,2017-02,12,0,True,0.0,master,valid_observed_phase_at_origin,ABCDE,calibration,3,10,spectral_core,local_partition_rf,0,0.28,0,0.15
485,2018-02,2017-02,12,0,True,0.0,master,valid_observed_phase_at_origin,ABCDE,calibration,3,10,spectral_core,local_partition_rf,0,0.23,0,0.2
486,2018-02,2017-02,12,0,True,0.0,master,valid_observed_phase_at_origin,ABCDE,calibration,3,10,spectral_core,local_partition_rf,0,0.22,0,0.16
487,2018-02,2017-02,12,0,True,0.0,master,valid_observed_phase_at_origin,ABCDE,calibration,3,10,spectral_core,local_partition_rf,0,0.29,0,0.26
488,2018-02,2017-02,12,0,True,0.0,master,valid_observed_phase_at_origin,ABCDE,calibration,3,10,spectral_core,local_partition_rf,0,0.23,0,0.15
489,2018-02,2017-02,12,0,True,0.0,master,valid_observed_phase_at_origin,ABCDE,calibration,3,10,spectral_core,local_partition_rf,0,0.25,0,0.18
490,2018-02,2017-02,12,0,True,0.0,master,valid_observed_phase_at_origin,ABCDE,calibration,3,10,spectral_core,local_partition_rf,0,0.31,0,0.21
491,2018-02,2017-02,12,0,True,0.0,master,valid_observed_phase_at_origin,ABCDE,calibration,3,10,spectral_core,local_partition_rf,0,0.24,0,0.17
492,2018-02,2017-02,12,0,True,0.0,master,valid_observed_phase_at_origin,ABCDE,calibration,3,10,spectral_core,local_partition_rf,0,0.32,0,0.17
493,2018-02,2017-02,12,0,True,0.0,master,valid_observed_phase_at_origin,ABCDE,calibration,3,10,spectral_core,local_partition_rf,0,0.24,0,0.23
494,2018-02,2017-02,12,0,True,0.0,master,valid_observed_phase_at_origin,ABCDE,calibration,3,10,spectral_core,local_partition_rf,0,0.28,0,0.19
495,2018-02,2017-02,12,0,True,0.0,master,valid_observed_phase_at_origin,ABCDE,calibration,3,10,spectral_core,local_partition_rf,0,0.2,0,0.15
496,2018-02,2017-02,12,0,True,0.0,master,valid_observed_phase_at_origin,ABCDE,calibration,3,10,spectral_core,local_partition_rf,0,0.33,0,0.21
497,2018-02,2017-02,12,0,True,0.0,master,valid_observed_phase_at_origin,ABCDE,calibration,3,10,spectral_core,local_partition_rf,0,0.16,0,0.16
498,2018-02,2017-02,12,0,True,0.0,master,valid_observed_phase_at_origin,ABCDE,calibration,3,10,spectral_core,local_partition_rf,0,0.16,0,0.16
499,2018-02,2017-02,12,0,True,0.0,master,valid_observed_phase_at_origin,ABCDE,calibration,3,10,spectral_core,local_partition_rf,0,0.18,0,0.17
500,2018-02,2017-02,12,0,True,0.0,master,valid_observed_phase_at_origin,ABCDE,calibration,3,10,spectral_core,local_partition_rf,0,0.16,0,0.2
501,2018-02,2017-02,12,1,True,0.0,master,valid_observed_phase_at_origin,ABCDE,calibration,3,10,spectral_core,local_partition_rf,0,0.37,0,0.29
502,2018-02,2017-02,12,0,True,0.0,master,valid_observed_phase_at_origin,ABCDE,calibration,3,10,spectral_core,local_partition_rf,0,0.18,0,0.23
503,2018-02,2017-02,12,0,True,0.0,master,valid_observed_phase_at_origin,ABCDE,calibration,3,10,spectral_core,local_partition_rf,0,0.39,0,0.14
504,2018-02,2017-02,12,0,True,0.0,master,valid_observed_phase_at_origin,ABCDE,calibration,3,10,spectral_core,local_partition_rf,0,0.18,0,0.15
505,2018-02,2017-02,12,0,True,0.0,master,valid_observed_phase_at_origin,ABCDE,calibration,3,10,spectral_core,local_partition_rf,0,0.19,0,0.18
506,2018-02,2017-02,12,0,True,0.0,master,valid_observed_phase_at_origin,ABCDE,calibration,3,10,spectral_core,local_partition_rf,0,0.15,0,0.19
507,2018-02,2017-02,12,0,True,0.0,master,valid_observed_phase_at_origin,ABCDE,calibration,3,10,spectral_core,local_partition_rf,0,0.15,0,0.12
508,2018-02,2017-02,12,1,True,0.0,master,valid_observed_phase_at_origin,ABCDE,calibration,3,10,spectral_core,local_partition_rf,0,0.4,0,0.22
509,2018-02,2017-02,12,0,True,0.0,master,valid_observed_phase_at_origin,ABCDE,calibration,3,10,spectral_core,local_partition_rf,0,0.16,0,0.14
510,2018-02,2017-02,12,1,True,0.0,master,valid_observed_phase_at_origin,ABCDE,calibration,3,10,spectral_core,local_partition_rf,0,0.41,0,0.23
511,2018-02,2017-02,12,0,True,0.0,master,valid_observed_phase_at_origin,ABCDE,calibration,3,10,spectral_core,local_partition_rf,0,0.13,0,0.16
512,2018-02,2017-02,12,0,True,0.0,master,valid_observed_phase_at_origin,ABCDE,calibration,3,10,spectral_core,local_partition_rf,0,0.32,0,0.14
513,2018-02,2017-02,12,0,True,0.0,master,valid_observed_phase_at_origin,ABCDE,calibration,3,10,spectral_core,local_partition_rf,0,0.19,0,0.13
514,2018-02,2017-02,12,0,True,0.0,master,valid_observed_phase_at_origin,ABCDE,calibration,3,10,spectral_core,local_partition_rf,0,0.33,0,0.18
515,2018-02,2017-02,12,0,True,0.0,master,valid_observed_phase_at_origin,ABCDE,calibration,3,10,spectral_core,local_partition_rf,0,0.35,0,0.24
516,2018-02,2017-02,12,1,True,1.0,master,valid_observed_phase_at_origin,ABCDE,calibration,3,10,spectral_core,local_partition_rf,1,0.78,1,0.59
517,2018-02,2017-02,12,0,True,0.0,master,valid_observed_phase_at_origin,ABCDE,calibration,3,10,spectral_core,local_partition_rf,0,0.31,0,0.13
518,2018-02,2017-02,12,0,True,0.0,master,valid_observed_phase_at_origin,ABCDE,calibration,3,10,spectral_core,local_partition_rf,0,0.22,0,0.1
519,2018-02,2017-02,12,0,True,1.0,master,valid_observed_phase_at_origin,ABCDE,calibration,3,10,spectral_core,local_partition_rf,1,0.8,1,0.52
520,2018-02,2017-02,12,0,True,0.0,master,valid_observed_phase_at_origin,ABCDE,calibration,3,10,spectral_core,local_partition_rf,0,0.31,0,0.1
521,2018-02,2017-02,12,0,True,0.0,master,valid_observed_phase_at_origin,ABCDE,calibration,3,10,spectral_core,local_partition_rf,0,0.28,0,0.17
522,2018-02,2017-02,12,0,True,0.0,master,valid_observed_phase_at_origin,ABCDE,calibration,3,10,spectral_core,local_partition_rf,0,0.23,0,0.12
523,2018-02,2017-02,12,0,True,0.0,master,valid_observed_phase_at_origin,ABCDE,calibration,3,10,spectral_core,local_partition_rf,0,0.18,0,0.13
524,2018-02,2017-02,12,0,True,0.0,master,valid_observed_phase_at_origin,ABCDE,calibration,3,10,spectral_core,local_partition_rf,0,0.16,0,0.16
525,2018-02,2017-02,12,0,True,0.0,master,valid_observed_phase_at_origin,ABCDE,calibration,3,10,spectral_core,local_partition_rf,0,0.28,0,0.17
526,2018-02,2017-02,12,0,True,0.0,master,valid_observed_phase_at_origin,ABCDE,calibration,3,10,spectral_core,local_partition_rf,0,0.23,0,0.13
527,2018-02,2017-02,12,0,True,0.0,master,valid_observed_phase_at_origin,ABCDE,calibration,3,10,spectral_core,local_partition_rf,0,0.37,0,0.19
528,2018-02,2017-02,12,0,True,0.0,master,valid_observed_phase_at_origin,ABCDE,calibration,3,10,spectral_core,local_partition_rf,0,0.29,0,0.12
529,2018-02,2017-02,12,0,True,0.0,master,valid_observed_phase_at_origin,ABCDE,calibration,3,10,spectral_core,local_partition_rf,0,0.29,0,0.29
530,2018-02,2017-02,12,0,True,0.0,master,valid_observed_phase_at_origin,ABCDE,calibration,3,10,spectral_core,local_partition_rf,0,0.27,0,0.18
531,2018-02,2017-02,12,0,True,0.0,master,valid_observed_phase_at_origin,ABCDE,calibration,3,10,spectral_core,local_partition_rf,0,0.25,0,0.15
532,2018-02,2017-02,12,0,True,0.0,master,valid_observed_phase_at_origin,ABCDE,calibration,3,10,spectral_core,local_partition_rf,0,0.26,0,0.12
533,2018-02,2017-02,12,0,True,1.0,master,valid_observed_phase_at_origin,ABCDE,calibration,3,10,spectral_core,local_partition_rf,1,0.75,0,0.49
534,2018-02,2017-02,12,1,True,1.0,master,valid_observed_phase_at_origin,ABCDE,calibration,3,10,spectral_core,local_partition_rf,1,0.66,0,0.44
535,2018-02,2017-02,12,0,True,0.0,master,valid_observed_phase_at_origin,ABCDE,calibration,3,10,spectral_core,local_partition_rf,0,0.38,0,0.19
536,2018-02,2017-02,12,0,True,1.0,master,valid_observed_phase_at_origin,ABCDE,calibration,3,10,spectral_core,local_partition_rf,1,0.85,1,0.52
537,2018-02,2017-02,12,0,True,0.0,master,valid_observed_phase_at_origin,ABCDE,calibration,3,10,spectral_core,local_partition_rf,0,0.2,0,0.16
538,2018-02,2017-02,12,0,True,0.0,master,valid_observed_phase_at_origin,ABCDE,calibration,3,10,spectral_core,local_partition_rf,0,0.37,0,0.27
539,2018-02,2017-02,12,1,True,1.0,master,valid_observed_phase_at_origin,ABCDE,calibration,3,10,spectral_core,local_partition_rf,1,0.79,0,0.5
540,2018-02,2017-02,12,0,True,0.0,master,valid_observed_phase_at_origin,ABCDE,calibration,3,10,spectral_core,local_partition_rf,0,0.23,0,0.15
541,2018-02,2017-02,12,0,True,0.0,master,valid_observed_phase_at_origin,ABCDE,calibration,3,10,spectral_core,local_partition_rf,0,0.24,0,0.13
542,2018-02,2017-02,12,0,True,0.0,master,valid_observed_phase_at_origin,ABCDE,calibration,3,10,spectral_core,local_partition_rf,0,0.29,0,0.17
543,2018-02,2017-02,12,0,True,0.0,master,valid_observed_phase_at_origin,ABCDE,calibration,3,10,spectral_core,local_partition_rf,0,0.33,0,0.21
544,2018-02,2017-02,12,0,True,0.0,master,valid_observed_phase_at_origin,ABCDE,calibration,3,10,spectral_core,local_partition_rf,0,0.3,0,0.16
545,2018-02,2017-02,12,0,True,0.0,master,valid_observed_phase_at_origin,ABCDE,calibration,3,10,spectral_core,local_partition_rf,0,0.25,0,0.16
546,2018-02,2017-02,12,0,True,0.0,master,valid_observed_phase_at_origin,ABCDE,calibration,3,10,spectral_core,local_partition_rf,0,0.34,0,0.21
547,2018-02,2017-02,12,0,True,0.0,master,valid_observed_phase_at_origin,ABCDE,calibration,3,10,spectral_core,local_partition_rf,0,0.24,0,0.12
548,2018-02,2017-02,12,0,True,0.0,master,valid_observed_phase_at_origin,ABCDE,calibration,3,10,spectral_core,local_partition_rf,0,0.25,0,0.13
549,2018-02,2017-02,12,0,True,0.0,master,valid_observed_phase_at_origin,ABCDE,calibration,3,10,spectral_core,local_partition_rf,0,0.3,0,0.17
550,2018-02,2017-02,12,0,True,0.0,master,valid_observed_phase_at_origin,ABCDE,calibration,3,10,spectral_core,local_partition_rf,0,0.19,0,0.13
551,2018-02,2017-02,12,0,True,0.0,master,valid_observed_phase_at_origin,ABCDE,calibration,3,10,spectral_core,local_partition_rf,0,0.19,0,0.11
552,2018-02,2017-02,12,0,True,0.0,master,valid_observed_phase_at_origin,ABCDE,calibration,3,10,spectral_core,local_partition_rf,0,0.21,0,0.1
553,2018-02,2017-02,12,0,True,0.0,master,valid_observed_phase_at_origin,ABCDE,calibration,3,10,spectral_core,local_partition_rf,0,0.21,0,0.11
554,2018-02,2017-02,12,0,True,0.0,master,valid_observed_phase_at_origin,ABCDE,calibration,3,10,spectral_core,local_partition_rf,0,0.21,0,0.18
555,2018-02,2017-02,12,0,True,0.0,master,valid_observed_phase_at_origin,ABCDE,calibration,3,10,spectral_core,local_partition_rf,0,0.21,0,0.1
556,2018-02,2017-02,12,0,True,0.0,master,valid_observed_phase_at_origin,ABCDE,calibration,3,10,spectral_core,local_partition_rf,0,0.14,0,0.1
557,2018-02,2017-02,12,0,True,0.0,master,valid_observed_phase_at_origin,ABCDE,calibration,3,10,spectral_core,local_partition_rf,0,0.22,0,0.12
558,2018-02,2017-02,12,1,True,1.0,master,valid_observed_phase_at_origin,ABCDE,calibration,3,10,spectral_core,local_partition_rf,1,0.79,1,0.53
559,2018-02,2017-02,12,0,True,0.0,master,valid_observed_phase_at_origin,ABCDE,calibration,3,10,spectral_core,local_partition_rf,0,0.2,0,0.17
560,2018-02,2017-02,12,0,True,0.0,master,valid_observed_phase_at_origin,ABCDE,calibration,3,10,spectral_core,local_partition_rf,0,0.19,0,0.15
561,2018-02,2017-02,12,0,True,0.0,master,valid_observed_phase_at_origin,ABCDE,calibration,3,10,spectral_core,local_partition_rf,0,0.19,0,0.16
562,2018-02,2017-02,12,0,True,0.0,master,valid_observed_phase_at_origin,ABCDE,calibration,3,10,spectral_core,local_partition_rf,0,0.35,0,0.19
563,2018-02,2017-02,12,0,True,1.0,master,valid_observed_phase_at_origin,ABCDE,calibration,3,10,spectral_core,local_partition_rf,1,0.79,1,0.52
564,2018-02,2017-02,12,0,True,0.0,master,valid_observed_phase_at_origin,ABCDE,calibration,3,10,spectral_core,local_partition_rf,0,0.2,0,0.11
565,2018-02,2017-02,12,0,True,0.0,master,valid_observed_phase_at_origin,ABCDE,calibration,3,10,spectral_core,local_partition_rf,0,0.23,0,0.13
566,2018-02,2017-02,12,0,True,0.0,master,valid_observed_phase_at_origin,ABCDE,calibration,3,10,spectral_core,local_partition_rf,0,0.18,0,0.12
567,2018-02,2017-02,12,0,True,0.0,master,valid_observed_phase_at_origin,ABCDE,calibration,3,10,spectral_core,local_partition_rf,0,0.24,0,0.21
568,2018-02,2017-02,12,0,True,0.0,master,valid_observed_phase_at_origin,ABCDE,calibration,3,10,spectral_core,local_partition_rf,0,0.28,0,0.15
569,2018-02,2017-02,12,0,True,0.0,master,valid_observed_phase_at_origin,ABCDE,calibration,3,10,spectral_core,local_partition_rf,0,0.22,0,0.09
570,2018-02,2017-02,12,0,True,0.0,master,valid_observed_phase_at_origin,ABCDE,calibration,3,10,spectral_core,local_partition_rf,0,0.21,0,0.11
571,2018-02,2017-02,12,0,True,0.0,master,valid_observed_phase_at_origin,ABCDE,calibration,3,10,spectral_core,local_partition_rf,0,0.17,0,0.1
572,2018-02,2017-02,12,0,True,0.0,master,valid_observed_phase_at_origin,ABCDE,calibration,3,10,spectral_core,local_partition_rf,0,0.23,0,0.13
573,2018-02,2017-02,12,0,True,0.0,master,valid_observed_phase_at_origin,ABCDE,calibration,3,10,spectral_core,local_partition_rf,0,0.22,0,0.14
574,2018-02,2017-02,12,0,True,0.0,master,valid_observed_phase_at_origin,ABCDE,calibration,3,10,spectral_core,local_partition_rf,0,0.23,0,0.11
575,2018-02,2017-02,12,0,True,0.0,master,valid_observed_phase_at_origin,ABCDE,calibration,3,10,spectral_core,local_partition_rf,0,0.24,0,0.1
576,2018-02,2017-02,12,0,True,1.0,master,valid_observed_phase_at_origin,ABCDE,calibration,3,10,spectral_core,local_partition_rf,1,0.77,0,0.48
577,2018-02,2017-02,12,0,True,0.0,master,valid_observed_phase_at_origin,ABCDE,calibration,3,10,spectral_core,local_partition_rf,0,0.25,0,0.14
578,2018-02,2017-02,12,0,True,0.0,master,valid_observed_phase_at_origin,ABCDE,calibration,3,10,spectral_core,local_partition_rf,0,0.19,0,0.14
579,2018-02,2017-02,12,0,True,0.0,master,valid_observed_phase_at_origin,ABCDE,calibration,3,10,spectral_core,local_partition_rf,0,0.22,0,0.14
580,2018-02,2017-02,12,0,True,0.0,master,valid_observed_phase_at_origin,ABCDE,calibration,3,10,spectral_core,local_partition_rf,0,0.27,0,0.12
581,2018-02,2017-02,12,0,True,0.0,master,valid_observed_phase_at_origin,ABCDE,calibration,3,10,spectral_core,local_partition_rf,0,0.2,0,0.15
582,2018-02,2017-02,12,0,True,0.0,master,valid_observed_phase_at_origin,ABCDE,calibration,3,10,spectral_core,local_partition_rf,0,0.22,0,0.18
583,2018-02,2017-02,12,1,True,1.0,master,valid_observed_phase_at_origin,ABCDE,calibration,3,10,spectral_core,local_partition_rf,1,0.76,1,0.54
584,2018-02,2017-02,12,0,True,0.0,master,valid_observed_phase_at_origin,ABCDE,calibration,3,10,spectral_core,local_partition_rf,0,0.2,0,0.16
585,2018-02,2017-02,12,0,True,0.0,master,valid_observed_phase_at_origin,ABCDE,calibration,3,10,spectral_core,local_partition_rf,0,0.26,0,0.14
586,2018-02,2017-02,12,0,True,0.0,master,valid_observed_phase_at_origin,ABCDE,calibration,3,10,spectral_core,local_partition_rf,0,0.2,0,0.14
587,2018-02,2017-02,12,0,True,0.0,master,valid_observed_phase_at_origin,ABCDE,calibration,3,10,spectral_core,local_partition_rf,0,0.18,0,0.13
588,2018-02,2017-02,12,0,True,0.0,master,valid_observed_phase_at_origin,ABCDE,calibration,3,10,spectral_core,local_partition_rf,0,0.12,0,0.18
589,2018-02,2017-02,12,0,True,0.0,master,valid_observed_phase_at_origin,ABCDE,calibration,3,10,spectral_core,local_partition_rf,0,0.22,0,0.14
590,2018-02,2017-02,12,0,True,0.0,master,valid_observed_phase_at_origin,ABCDE,calibration,3,10,spectral_core,local_partition_rf,0,0.25,0,0.26
591,2018-02,2017-02,12,0,True,0.0,master,valid_observed_phase_at_origin,ABCDE,calibration,3,10,spectral_core,local_partition_rf,0,0.22,0,0.22
592,2018-02,2017-02,12,0,True,0.0,master,valid_observed_phase_at_origin,ABCDE,calibration,3,10,spectral_core,local_partition_rf,0,0.23,0,0.14
593,2018-02,2017-02,12,0,True,0.0,master,valid_observed_phase_at_origin,ABCDE,calibration,3,10,spectral_core,local_partition_rf,0,0.2,0,0.13
594,2018-02,2017-02,12,0,True,0.0,master,valid_observed_phase_at_origin,ABCDE,calibration,3,10,spectral_core,local_partition_rf,0,0.18,0,0.11
595,2018-02,2017-02,12,0,True,0.0,master,valid_observed_phase_at_origin,ABCDE,calibration,3,10,spectral_core,local_partition_rf,0,0.31,0,0.18
596,2018-02,2017-02,12,0,True,0.0,master,valid_observed_phase_at_origin,ABCDE,calibration,3,10,spectral_core,local_partition_rf,0,0.2,0,0.12
597,2018-02,2017-02,12,1,True,1.0,master,valid_observed_phase_at_origin,ABCDE,calibration,3,10,spectral_core,local_partition_rf,1,0.78,1,0.52
598,2018-02,2017-02,12,0,True,0.0,master,valid_observed_phase_at_origin,ABCDE,calibration,3,10,spectral_core,local_partition_rf,0,0.2,0,0.12
599,2018-02,2017-02,12,0,True,0.0,master,valid_observed_phase_at_origin,ABCDE,calibration,3,10,spectral_core,local_partition_rf,0,0.26,0,0.11
600,2018-02,2017-02,12,0,True,0.0,master,valid_observed_phase_at_origin,ABCDE,calibration,3,10,spectral_core,local_partition_rf,0,0.17,0,0.14
601,2018-02,2017-02,12,0,True,0.0,master,valid_observed_phase_at_origin,ABCDE,calibration,3,10,spectral_core,local_partition_rf,0,0.17,0,0.12
602,2018-02,2017-02,12,0,True,0.0,master,valid_observed_phase_at_origin,ABCDE,calibration,3,10,spectral_core,local_partition_rf,0,0.2,0,0.13
603,2018-02,2017-02,12,0,True,0.0,master,valid_observed_phase_at_origin,ABCDE,calibration,3,10,spectral_core,local_partition_rf,0,0.23,0,0.15
604,2018-02,2017-02,12,0,True,0.0,master,valid_observed_phase_at_origin,ABCDE,calibration,3,10,spectral_core,local_partition_rf,0,0.19,0,0.16
605,2018-02,2017-02,12,0,True,0.0,master,valid_observed_phase_at_origin,ABCDE,calibration,3,10,spectral_core,local_partition_rf,0,0.23,0,0.12
606,2018-02,2017-02,12,0,True,0.0,master,valid_observed_phase_at_origin,ABCDE,calibration,3,10,spectral_core,local_partition_rf,0,0.2,0,0.15
607,2018-02,2017-02,12,0,True,0.0,master,valid_observed_phase_at_origin,ABCDE,calibration,3,10,spectral_core,local_partition_rf,0,0.16,0,0.16
608,2018-02,2017-02,12,0,True,0.0,master,valid_observed_phase_at_origin,ABCDE,calibration,3,10,spectral_core,local_partition_rf,0,0.22,0,0.11
609,2018-02,2017-02,12,0,True,0.0,master,valid_observed_phase_at_origin,ABCDE,calibration,3,10,spectral_core,local_partition_rf,0,0.22,0,0.11
610,2018-02,2017-02,12,0,True,0.0,master,valid_observed_phase_at_origin,ABCDE,calibration,3,10,spectral_core,local_partition_rf,0,0.18,0,0.12
611,2018-02,2017-02,12,0,True,0.0,master,valid_observed_phase_at_origin,ABCDE,calibration,3,10,spectral_core,local_partition_rf,0,0.22,0,0.2
612,2018-02,2017-02,12,0,True,0.0,master,valid_observed_phase_at_origin,ABCDE,calibration,3,10,spectral_core,local_partition_rf,0,0.21,0,0.09
613,2018-02,2017-02,12,0,True,0.0,master,valid_observed_phase_at_origin,ABCDE,calibration,3,10,spectral_core,local_partition_rf,0,0.27,0,0.24
614,2018-02,2017-02,12,0,True,0.0,master,valid_observed_phase_at_origin,ABCDE,calibration,3,10,spectral_core,local_partition_rf,0,0.19,0,0.16
615,2018-02,2017-02,12,0,True,0.0,master,valid_observed_phase_at_origin,ABCDE,calibration,3,10,spectral_core,local_partition_rf,0,0.2,0,0.14
616,2018-02,2017-02,12,0,True,0.0,master,valid_observed_phase_at_origin,ABCDE,calibration,3,10,spectral_core,local_partition_rf,0,0.18,0,0.16
617,2018-02,2017-02,12,0,True,0.0,master,valid_observed_phase_at_origin,ABCDE,calibration,3,10,spectral_core,local_partition_rf,0,0.22,0,0.19
618,2018-02,2017-02,12,0,True,0.0,master,valid_observed_phase_at_origin,ABCDE,calibration,3,10,spectral_core,local_partition_rf,0,0.17,0,0.15
619,2018-02,2017-02,12,0,True,0.0,master,valid_observed_phase_at_origin,ABCDE,calibration,3,10,spectral_core,local_partition_rf,0,0.24,0,0.14
620,2018-02,2017-02,12,0,True,0.0,master,valid_observed_phase_at_origin,ABCDE,calibration,3,10,spectral_core,local_partition_rf,0,0.22,0,0.23
621,2018-02,2017-02,12,0,True,0.0,master,valid_observed_phase_at_origin,ABCDE,calibration,3,10,spectral_core,local_partition_rf,0,0.23,0,0.12
622,2018-02,2017-02,12,0,True,0.0,master,valid_observed_phase_at_origin,ABCDE,calibration,3,10,spectral_core,local_partition_rf,0,0.22,0,0.15
623,2018-02,2017-02,12,0,True,0.0,master,valid_observed_phase_at_origin,ABCDE,calibration,3,10,spectral_core,local_partition_rf,0,0.23,0,0.21
624,2018-02,2017-02,12,0,True,0.0,master,valid_observed_phase_at_origin,ABCDE,calibration,3,10,spectral_core,local_partition_rf,0,0.25,0,0.23
625,2018-02,2017-02,12,0,True,0.0,master,valid_observed_phase_at_origin,ABCDE,calibration,3,10,spectral_core,local_partition_rf,0,0.34,0,0.27
626,2018-02,2017-02,12,0,True,0.0,master,valid_observed_phase_at_origin,ABCDE,calibration,3,10,spectral_core,local_partition_rf,0,0.25,0,0.15
627,2018-02,2017-02,12,0,True,0.0,master,valid_observed_phase_at_origin,ABCDE,calibration,3,10,spectral_core,local_partition_rf,0,0.21,0,0.13
628,2018-02,2017-02,12,0,True,0.0,master,valid_observed_phase_at_origin,ABCDE,calibration,3,10,spectral_core,local_partition_rf,0,0.19,0,0.11
629,2018-02,2017-02,12,0,True,0.0,master,valid_observed_phase_at_origin,ABCDE,calibration,3,10,spectral_core,local_partition_rf,0,0.21,0,0.13
630,2018-02,2017-02,12,0,True,0.0,master,valid_observed_phase_at_origin,ABCDE,calibration,3,10,spectral_core,local_partition_rf,0,0.21,0,0.16
631,2018-02,2017-02,12,0,True,0.0,master,valid_observed_phase_at_origin,ABCDE,calibration,3,10,spectral_core,local_partition_rf,0,0.24,0,0.11
632,2018-02,2017-02,12,0,True,0.0,master,valid_observed_phase_at_origin,ABCDE,calibration,3,10,spectral_core,local_partition_rf,0,0.19,0,0.17
633,2018-02,2017-02,12,0,True,0.0,master,valid_observed_phase_at_origin,ABCDE,calibration,3,10,spectral_core,local_partition_rf,0,0.2,0,0.18
634,2018-02,2017-02,12,0,True,0.0,master,valid_observed_phase_at_origin,ABCDE,calibration,3,10,spectral_core,local_partition_rf,0,0.18,0,0.14
635,2018-02,2017-02,12,0,True,0.0,master,valid_observed_phase_at_origin,ABCDE,calibration,3,10,spectral_core,local_partition_rf,0,0.23,0,0.18
636,2018-02,2017-02,12,0,True,0.0,master,valid_observed_phase_at_origin,ABCDE,calibration,3,10,spectral_core,local_partition_rf,0,0.43,0,0.25
637,2018-02,2017-02,12,0,True,0.0,master,valid_observed_phase_at_origin,ABCDE,calibration,3,10,spectral_core,local_partition_rf,0,0.2,0,0.22
638,2018-02,2017-02,12,0,True,0.0,master,valid_observed_phase_at_origin,ABCDE,calibration,3,10,spectral_core,local_partition_rf,0,0.18,0,0.21
639,2018-02,2017-02,12,0,True,0.0,master,valid_observed_phase_at_origin,ABCDE,calibration,3,10,spectral_core,local_partition_rf,0,0.38,0,0.19
640,2018-02,2017-02,12,0,True,0.0,master,valid_observed_phase_at_origin,ABCDE,calibration,3,10,spectral_core,local_partition_rf,0,0.17,0,0.15
641,2018-02,2017-02,12,0,True,0.0,master,valid_observed_phase_at_origin,ABCDE,calibration,3,10,spectral_core,local_partition_rf,0,0.39,0,0.17
642,2018-02,2017-02,12,0,True,0.0,master,valid_observed_phase_at_origin,ABCDE,calibration,3,10,spectral_core,local_partition_rf,0,0.2,0,0.16
643,2018-02,2017-02,12,0,True,0.0,master,valid_observed_phase_at_origin,ABCDE,calibration,3,10,spectral_core,local_partition_rf,0,0.46,0,0.24
644,2018-02,2017-02,12,0,True,0.0,master,valid_observed_phase_at_origin,ABCDE,calibration,3,10,spectral_core,local_partition_rf,0,0.16,0,0.2
645,2018-02,2017-02,12,0,True,0.0,master,valid_observed_phase_at_origin,ABCDE,calibration,3,10,spectral_core,local_partition_rf,0,0.44,0,0.21
646,2018-02,2017-02,12,0,True,0.0,master,valid_observed_phase_at_origin,ABCDE,calibration,3,10,spectral_core,local_partition_rf,0,0.2,0,0.21
647,2018-02,2017-02,12,0,True,0.0,master,valid_observed_phase_at_origin,ABCDE,calibration,3,10,spectral_core,local_partition_rf,0,0.42,0,0.21
648,2018-02,2017-02,12,0,True,0.0,master,valid_observed_phase_at_origin,ABCDE,calibration,3,10,spectral_core,local_partition_rf,0,0.19,0,0.15
649,2018-02,2017-02,12,0,True,0.0,master,valid_observed_phase_at_origin,ABCDE,calibration,3,10,spectral_core,local_partition_rf,0,0.24,0,0.15
650,2018-02,2017-02,12,0,True,0.0,master,valid_observed_phase_at_origin,ABCDE,calibration,3,10,spectral_core,local_partition_rf,0,0.19,0,0.14
651,2018-02,2017-02,12,0,True,0.0,master,valid_observed_phase_at_origin,ABCDE,calibration,3,10,spectral_core,local_partition_rf,0,0.31,0,0.18
652,2018-02,2017-02,12,0,True,0.0,master,valid_observed_phase_at_origin,ABCDE,calibration,3,10,spectral_core,local_partition_rf,0,0.4,0,0.16
653,2018-02,2017-02,12,0,True,0.0,master,valid_observed_phase_at_origin,ABCDE,calibration,3,10,spectral_core,local_partition_rf,0,0.24,0,0.16
654,2018-02,2017-02,12,0,True,0.0,master,valid_observed_phase_at_origin,ABCDE,calibration,3,10,spectral_core,local_partition_rf,0,0.41,0,0.2
655,2018-02,2017-02,12,0,True,0.0,master,valid_observed_phase_at_origin,ABCDE,calibration,3,10,spectral_core,local_partition_rf,0,0.33,0,0.19
656,2018-02,2017-02,12,0,True,0.0,master,valid_observed_phase_at_origin,ABCDE,calibration,3,10,spectral_core,local_partition_rf,0,0.26,0,0.1
657,2018-02,2017-02,12,0,True,0.0,master,valid_observed_phase_at_origin,ABCDE,calibration,3,10,spectral_core,local_partition_rf,0,0.27,0,0.16
658,2018-02,2017-02,12,0,True,0.0,master,valid_observed_phase_at_origin,ABCDE,calibration,3,10,spectral_core,local_partition_rf,0,0.24,0,0.16
659,2018-02,2017-02,12,0,True,0.0,master,valid_observed_phase_at_origin,ABCDE,calibration,3,10,spectral_core,local_partition_rf,0,0.27,0,0.16
660,2018-02,2017-02,12,0,True,0.0,master,valid_observed_phase_at_origin,ABCDE,calibration,3,10,spectral_core,local_partition_rf,0,0.25,0,0.11
661,2018-02,2017-02,12,0,True,0.0,master,valid_observed_phase_at_origin,ABCDE,calibration,3,10,spectral_core,local_partition_rf,0,0.31,0,0.16
662,2018-02,2017-02,12,0,True,0.0,master,valid_observed_phase_at_origin,ABCDE,calibration,3,10,spectral_core,local_partition_rf,0,0.27,0,0.15
663,2018-02,2017-02,12,0,True,0.0,master,valid_observed_phase_at_origin,ABCDE,calibration,3,10,spectral_core,local_partition_rf,0,0.31,0,0.19
664,2018-02,2017-02,12,0,True,0.0,master,valid_observed_phase_at_origin,ABCDE,calibration,3,10,spectral_core,local_partition_rf,0,0.35,0,0.24
665,2018-02,2017-02,12,0,True,0.0,master,valid_observed_phase_at_origin,ABCDE,calibration,3,10,spectral_core,local_partition_rf,0,0.24,0,0.18
666,2018-02,2017-02,12,0,True,0.0,master,valid_observed_phase_at_origin,ABCDE,calibration,3,10,spectral_core,local_partition_rf,0,0.24,0,0.16
667,2018-02,2017-02,12,0,True,0.0,master,valid_observed_phase_at_origin,ABCDE,calibration,3,10,spectral_core,local_partition_rf,0,0.32,0,0.2
668,2018-02,2017-02,12,0,True,0.0,master,valid_observed_phase_at_origin,ABCDE,calibration,3,10,spectral_core,local_partition_rf,0,0.26,0,0.09
669,2018-02,2017-02,12,0,True,0.0,master,valid_observed_phase_at_origin,ABCDE,calibration,3,10,spectral_core,local_partition_rf,0,0.29,0,0.19
670,2018-02,2017-02,12,0,True,0.0,master,valid_observed_phase_at_origin,ABCDE,calibration,3,10,spectral_core,local_partition_rf,0,0.25,0,0.16
671,2018-02,2017-02,12,0,True,0.0,master,valid_observed_phase_at_origin,ABCDE,calibration,3,10,spectral_core,local_partition_rf,0,0.27,0,0.09
672,2018-02,2017-02,12,0,True,0.0,master,valid_observed_phase_at_origin,ABCDE,calibration,3,10,spectral_core,local_partition_rf,0,0.23,0,0.12
673,2018-02,2017-02,12,0,True,0.0,master,valid_observed_phase_at_origin,ABCDE,calibration,3,10,spectral_core,local_partition_rf,0,0.28,0,0.21
674,2018-02,2017-02,12,0,True,0.0,master,valid_observed_phase_at_origin,ABCDE,calibration,3,10,spectral_core,local_partition_rf,0,0.24,0,0.16
675,2018-02,2017-02,12,0,True,0.0,master,valid_observed_phase_at_origin,ABCDE,calibration,3,10,spectral_core,local_partition_rf,0,0.29,0,0.14
676,2018-02,2017-02,12,0,True,0.0,master,valid_observed_phase_at_origin,ABCDE,calibration,3,10,spectral_core,local_partition_rf,0,0.28,0,0.17
677,2018-02,2017-02,12,0,True,0.0,master,valid_observed_phase_at_origin,ABCDE,calibration,3,10,spectral_core,local_partition_rf,0,0.25,0,0.16
678,2018-02,2017-02,12,0,True,0.0,master,valid_observed_phase_at_origin,ABCDE,calibration,3,10,spectral_core,local_partition_rf,0,0.3,0,0.21
679,2018-02,2017-02,12,0,True,0.0,master,valid_observed_phase_at_origin,ABCDE,calibration,3,10,spectral_core,local_partition_rf,0,0.25,0,0.19
680,2018-02,2017-02,12,0,True,0.0,master,valid_observed_phase_at_origin,ABCDE,calibration,3,10,spectral_core,local_partition_rf,0,0.3,0,0.2
681,2018-02,2017-02,12,0,True,0.0,master,valid_observed_phase_at_origin,ABCDE,calibration,3,10,spectral_core,local_partition_rf,0,0.26,0,0.14
682,2018-02,2017-02,12,0,True,0.0,master,valid_observed_phase_at_origin,ABCDE,calibration,3,10,spectral_core,local_partition_rf,0,0.32,0,0.22
683,2018-02,2017-02,12,0,True,0.0,master,valid_observed_phase_at_origin,ABCDE,calibration,3,10,spectral_core,local_partition_rf,0,0.35,0,0.23
684,2018-02,2017-02,12,0,True,0.0,master,valid_observed_phase_at_origin,ABCDE,calibration,3,10,spectral_core,local_partition_rf,0,0.27,0,0.12
685,2018-02,2017-02,12,0,True,0.0,master,valid_observed_phase_at_origin,ABCDE,calibration,3,10,spectral_core,local_partition_rf,0,0.3,0,0.26
686,2018-02,2017-02,12,0,True,0.0,master,valid_observed_phase_at_origin,ABCDE,calibration,3,10,spectral_core,local_partition_rf,0,0.22,0,0.18
687,2018-02,2017-02,12,0,True,0.0,master,valid_observed_phase_at_origin,ABCDE,calibration,3,10,spectral_core,local_partition_rf,0,0.17,0,0.14
688,2018-02,2017-02,12,0,True,0.0,master,valid_observed_phase_at_origin,ABCDE,calibration,3,10,spectral_core,local_partition_rf,0,0.31,0,0.22
689,2018-02,2017-02,12,0,True,0.0,master,valid_observed_phase_at_origin,ABCDE,calibration,3,10,spectral_core,local_partition_rf,0,0.31,0,0.18
690,2018-02,2017-02,12,0,True,0.0,master,valid_observed_phase_at_origin,ABCDE,calibration,3,10,spectral_core,local_partition_rf,0,0.31,0,0.24
691,2018-02,2017-02,12,0,True,0.0,master,valid_observed_phase_at_origin,ABCDE,calibration,3,10,spectral_core,local_partition_rf,0,0.31,0,0.18
692,2018-02,2017-02,12,0,True,0.0,master,valid_observed_phase_at_origin,ABCDE,calibration,3,10,spectral_core,local_partition_rf,0,0.39,0,0.18
693,2018-02,2017-02,12,0,True,0.0,master,valid_observed_phase_at_origin,ABCDE,calibration,3,10,spectral_core,local_partition_rf,0,0.34,0,0.2
694,2018-02,2017-02,12,0,True,0.0,master,valid_observed_phase_at_origin,ABCDE,calibration,3,10,spectral_core,local_partition_rf,0,0.25,0,0.11
695,2018-02,2017-02,12,0,True,0.0,master,valid_observed_phase_at_origin,ABCDE,calibration,3,10,spectral_core,local_partition_rf,0,0.27,0,0.24
696,2018-02,2017-02,12,0,True,0.0,master,valid_observed_phase_at_origin,ABCDE,calibration,3,10,spectral_core,local_partition_rf,0,0.29,0,0.22
697,2018-02,2017-02,12,0,True,0.0,master,valid_observed_phase_at_origin,ABCDE,calibration,3,10,spectral_core,local_partition_rf,0,0.3,0,0.24
698,2018-02,2017-02,12,0,True,0.0,master,valid_observed_phase_at_origin,ABCDE,calibration,3,10,spectral_core,local_partition_rf,0,0.36,0,0.22
699,2018-02,2017-02,12,0,True,0.0,master,valid_observed_phase_at_origin,ABCDE,calibration,3,10,spectral_core,local_partition_rf,0,0.39,0,0.25
700,2018-02,2017-02,12,0,True,0.0,master,valid_observed_phase_at_origin,ABCDE,calibration,3,10,spectral_core,local_partition_rf,0,0.2,0,0.26
701,2018-02,2017-02,12,0,True,0.0,master,valid_observed_phase_at_origin,ABCDE,calibration,3,10,spectral_core,local_partition_rf,0,0.4,0,0.25
702,2018-02,2017-02,12,0,True,0.0,master,valid_observed_phase_at_origin,ABCDE,calibration,3,10,spectral_core,local_partition_rf,0,0.41,0,0.22
703,2018-02,2017-02,12,0,True,0.0,master,valid_observed_phase_at_origin,ABCDE,calibration,3,10,spectral_core,local_partition_rf,0,0.29,0,0.16
704,2018-02,2017-02,12,0,True,0.0,master,valid_observed_phase_at_origin,ABCDE,calibration,3,10,spectral_core,local_partition_rf,0,0.28,0,0.22
705,2018-02,2017-02,12,0,True,0.0,master,valid_observed_phase_at_origin,ABCDE,calibration,3,10,spectral_core,local_partition_rf,0,0.33,0,0.23
706,2018-02,2017-02,12,0,True,0.0,master,valid_observed_phase_at_origin,ABCDE,calibration,3,10,spectral_core,local_partition_rf,0,0.2,0,0.16
707,2018-02,2017-02,12,0,True,0.0,master,valid_observed_phase_at_origin,ABCDE,calibration,3,10,spectral_core,local_partition_rf,0,0.33,0,0.2
708,2018-02,2017-02,12,0,True,0.0,master,valid_observed_phase_at_origin,ABCDE,calibration,3,10,spectral_core,local_partition_rf,0,0.3,0,0.23
709,2018-02,2017-02,12,0,True,0.0,master,valid_observed_phase_at_origin,ABCDE,calibration,3,10,spectral_core,local_partition_rf,0,0.41,0,0.23
710,2018-02,2017-02,12,0,True,0.0,master,valid_observed_phase_at_origin,ABCDE,calibration,3,10,spectral_core,local_partition_rf,0,0.36,0,0.23
711,2018-02,2017-02,12,0,True,0.0,master,valid_observed_phase_at_origin,ABCDE,calibration,3,10,spectral_core,local_partition_rf,0,0.39,0,0.23
712,2018-02,2017-02,12,0,True,0.0,master,valid_observed_phase_at_origin,ABCDE,calibration,3,10,spectral_core,local_partition_rf,0,0.18,0,0.13
713,2018-02,2017-02,12,0,True,0.0,master,valid_observed_phase_at_origin,ABCDE,calibration,3,10,spectral_core,local_partition_rf,0,0.33,0,0.17
714,2018-02,2017-02,12,0,True,0.0,master,valid_observed_phase_at_origin,ABCDE,calibration,3,10,spectral_core,local_partition_rf,0,0.19,0,0.14
715,2018-02,2017-02,12,0,True,0.0,master,valid_observed_phase_at_origin,ABCDE,calibration,3,10,spectral_core,local_partition_rf,0,0.32,0,0.21
716,2018-02,2017-02,12,0,True,0.0,master,valid_observed_phase_at_origin,ABCDE,calibration,3,10,spectral_core,local_partition_rf,0,0.32,0,0.2
717,2018-02,2017-02,12,0,True,0.0,master,valid_observed_phase_at_origin,ABCDE,calibration,3,10,spectral_core,local_partition_rf,0,0.35,0,0.23
718,2018-02,2017-02,12,0,True,0.0,master,valid_observed_phase_at_origin,ABCDE,calibration,3,10,spectral_core,local_partition_rf,0,0.36,0,0.18
719,2018-02,2017-02,12,0,True,0.0,master,valid_observed_phase_at_origin,ABCDE,calibration,3,10,spectral_core,local_partition_rf,0,0.3,0,0.17
720,2018-02,2017-02,12,0,True,0.0,master,valid_observed_phase_at_origin,ABCDE,calibration,3,10,spectral_core,local_partition_rf,0,0.28,0,0.2
721,2018-02,2017-02,12,0,True,0.0,master,valid_observed_phase_at_origin,ABCDE,calibration,3,10,spectral_core,local_partition_rf,0,0.3,0,0.21
722,2018-02,2017-02,12,0,True,0.0,master,valid_observed_phase_at_origin,ABCDE,calibration,3,10,spectral_core,local_partition_rf,0,0.35,0,0.21
723,2018-02,2017-02,12,0,True,0.0,master,valid_observed_phase_at_origin,ABCDE,calibration,3,10,spectral_core,local_partition_rf,0,0.32,0,0.19
724,2018-02,2017-02,12,0,True,0.0,master,valid_observed_phase_at_origin,ABCDE,calibration,3,10,spectral_core,local_partition_rf,0,0.27,0,0.17
725,2018-02,2017-02,12,0,True,0.0,master,valid_observed_phase_at_origin,ABCDE,calibration,3,10,spectral_core,local_partition_rf,0,0.26,0,0.16
726,2018-02,2017-02,12,0,True,0.0,master,valid_observed_phase_at_origin,ABCDE,calibration,3,10,spectral_core,local_partition_rf,0,0.32,0,0.23
727,2018-02,2017-02,12,0,True,0.0,master,valid_observed_phase_at_origin,ABCDE,calibration,3,10,spectral_core,local_partition_rf,0,0.33,0,0.23
728,2018-02,2017-02,12,1,True,1.0,master,valid_observed_phase_at_origin,ABCDE,calibration,3,5,spectral_core,local_partition_rf,1,0.65,1,0.52
729,2018-02,2017-02,12,0,True,0.0,master,valid_observed_phase_at_origin,ABCDE,calibration,3,10,spectral_core,local_partition_rf,0,0.26,0,0.18
730,2018-02,2017-02,12,0,True,0.0,master,valid_observed_phase_at_origin,ABCDE,calibration,3,10,spectral_core,local_partition_rf,0,0.27,0,0.14
731,2018-02,2017-02,12,0,True,0.0,master,valid_observed_phase_at_origin,ABCDE,calibration,3,10,spectral_core,local_partition_rf,0,0.32,0,0.17
732,2018-02,2017-02,12,0,True,0.0,master,valid_observed_phase_at_origin,ABCDE,calibration,3,7,spectral_core,local_partition_rf,0,0.07,0,0.1
733,2018-02,2017-02,12,0,True,0.0,master,valid_observed_phase_at_origin,ABCDE,calibration,3,7,spectral_core,local_partition_rf,0,0.03,0,0.06
734,2018-02,2017-02,12,0,True,0.0,master,valid_observed_phase_at_origin,ABCDE,calibration,3,7,spectral_core,local_partition_rf,0,0.05,0,0.12
735,2018-02,2017-02,12,0,True,0.0,master,valid_observed_phase_at_origin,ABCDE,calibration,3,7,spectral_core,local_partition_rf,0,0.27,0,0.23
736,2018-02,2017-02,12,0,True,0.0,master,valid_observed_phase_at_origin,ABCDE,calibration,3,7,spectral_core,local_partition_rf,0,0.29,0,0.3
737,2018-02,2017-02,12,0,True,0.0,master,valid_observed_phase_at_origin,ABCDE,calibration,3,7,spectral_core,local_partition_rf,0,0.26,0,0.23
738,2018-02,2017-02,12,0,True,0.0,master,valid_observed_phase_at_origin,ABCDE,calibration,3,7,spectral_core,local_partition_rf,0,0.08,0,0.07
739,2018-02,2017-02,12,1,True,1.0,master,valid_observed_phase_at_origin,ABCDE,calibration,3,7,spectral_core,local_partition_rf,1,0.59,1,0.51
740,2018-02,2017-02,12,1,True,1.0,master,valid_observed_phase_at_origin,ABCDE,calibration,3,7,spectral_core,local_partition_rf,1,0.57,0,0.5
741,2018-02,2017-02,12,0,True,0.0,master,valid_observed_phase_at_origin,ABCDE,calibration,3,7,spectral_core,local_partition_rf,0,0.25,0,0.23
742,2018-02,2017-02,12,1,True,1.0,master,valid_observed_phase_at_origin,ABCDE,calibration,3,7,spectral_core,local_partition_rf,1,0.61,0,0.5
743,2018-02,2017-02,12,0,True,0.0,master,valid_observed_phase_at_origin,ABCDE,calibration,3,7,spectral_core,local_partition_rf,0,0.09,0,0.11
744,2018-02,2017-02,12,1,True,1.0,master,valid_observed_phase_at_origin,ABCDE,calibration,3,7,spectral_core,local_partition_rf,0,0.48,0,0.49
745,2018-02,2017-02,12,1,True,1.0,master,valid_observed_phase_at_origin,ABCDE,calibration,3,7,spectral_core,local_partition_rf,1,0.58,1,0.51
746,2018-02,2017-02,12,1,True,1.0,master,valid_observed_phase_at_origin,ABCDE,calibration,3,7,spectral_core,local_partition_rf,1,0.63,0,0.43
747,2018-02,2017-02,12,1,True,1.0,master,valid_observed_phase_at_origin,ABCDE,calibration,3,7,spectral_core,local_partition_rf,1,0.68,1,0.52
748,2018-02,2017-02,12,1,True,1.0,master,valid_observed_phase_at_origin,ABCDE,calibration,3,7,spectral_core,local_partition_rf,1,0.53,1,0.53
749,2018-02,2017-02,12,1,True,1.0,master,valid_observed_phase_at_origin,ABCDE,calibration,3,7,spectral_core,local_partition_rf,1,0.57,0,0.45
750,2018-02,2017-02,12,1,True,1.0,master,valid_observed_phase_at_origin,ABCDE,calibration,3,7,spectral_core,local_partition_rf,1,0.63,0,0.5
751,2018-02,2017-02,12,0,True,0.0,master,valid_observed_phase_at_origin,ABCDE,calibration,3,7,spectral_core,local_partition_rf,0,0.25,0,0.21
752,2018-02,2017-02,12,1,True,1.0,master,valid_observed_phase_at_origin,ABCDE,calibration,3,7,spectral_core,local_partition_rf,1,0.58,0,0.5
753,2018-02,2017-02,12,0,True,0.0,master,valid_observed_phase_at_origin,ABCDE,calibration,3,7,spectral_core,local_partition_rf,0,0.25,0,0.2
754,2018-02,2017-02,12,0,True,1.0,master,valid_observed_phase_at_origin,ABCDE,calibration,3,7,spectral_core,local_partition_rf,0,0.43,0,0.47
755,2018-02,2017-02,12,0,True,0.0,master,valid_observed_phase_at_origin,ABCDE,calibration,3,7,spectral_core,local_partition_rf,0,0.0,0,0.02
756,2018-02,2017-02,12,0,True,0.0,master,valid_observed_phase_at_origin,ABCDE,calibration,3,7,spectral_core,local_partition_rf,0,0.03,0,0.05
757,2018-02,2017-02,12,0,True,0.0,master,valid_observed_phase_at_origin,ABCDE,calibration,3,7,spectral_core,local_partition_rf,0,0.0,0,0.04
758,2018-02,2017-02,12,0,True,0.0,master,valid_observed_phase_at_origin,ABCDE,calibration,3,7,spectral_core,local_partition_rf,0,0.0,0,0.03
759,2018-02,2017-02,12,0,True,0.0,master,valid_observed_phase_at_origin,ABCDE,calibration,3,7,spectral_core,local_partition_rf,0,0.0,0,0.03
760,2018-02,2017-02,12,0,True,0.0,master,valid_observed_phase_at_origin,ABCDE,calibration,3,7,spectral_core,local_partition_rf,0,0.0,0,0.04
761,2018-02,2017-02,12,0,True,0.0,master,valid_observed_phase_at_origin,ABCDE,calibration,3,7,spectral_core,local_partition_rf,0,0.01,0,0.05
762,2018-02,2017-02,12,0,True,0.0,master,valid_observed_phase_at_origin,ABCDE,calibration,3,7,spectral_core,local_partition_rf,0,0.01,0,0.03
763,2018-02,2017-02,12,0,True,0.0,master,valid_observed_phase_at_origin,ABCDE,calibration,3,7,spectral_core,local_partition_rf,0,0.01,0,0.06
764,2018-02,2017-02,12,0,True,0.0,master,valid_observed_phase_at_origin,ABCDE,calibration,3,7,spectral_core,local_partition_rf,0,0.0,0,0.06
765,2018-02,2017-02,12,0,True,0.0,master,valid_observed_phase_at_origin,ABCDE,calibration,3,7,spectral_core,local_partition_rf,0,0.0,0,0.06
766,2018-02,2017-02,12,0,True,0.0,master,valid_observed_phase_at_origin,ABCDE,calibration,3,7,spectral_core,local_partition_rf,0,0.0,0,0.04
767,2018-02,2017-02,12,0,True,0.0,master,valid_observed_phase_at_origin,ABCDE,calibration,3,7,spectral_core,local_partition_rf,0,0.0,0,0.03
768,2018-02,2017-02,12,0,True,0.0,master,valid_observed_phase_at_origin,ABCDE,calibration,3,7,spectral_core,local_partition_rf,0,0.0,0,0.05
769,2018-02,2017-02,12,0,True,0.0,master,valid_observed_phase_at_origin,ABCDE,calibration,3,7,spectral_core,local_partition_rf,0,0.0,0,0.04
770,2018-02,2017-02,12,0,True,0.0,master,valid_observed_phase_at_origin,ABCDE,calibration,3,7,spectral_core,local_partition_rf,0,0.09,0,0.07
771,2018-02,2017-02,12,0,True,0.0,master,valid_observed_phase_at_origin,ABCDE,calibration,3,7,spectral_core,local_partition_rf,0,0.09,0,0.11
772,2018-02,2017-02,12,0,True,0.0,master,valid_observed_phase_at_origin,ABCDE,calibration,3,7,spectral_core,local_partition_rf,0,0.18,0,0.23
773,2018-02,2017-02,12,0,True,0.0,master,valid_observed_phase_at_origin,ABCDE,calibration,3,7,spectral_core,local_partition_rf,0,0.09,0,0.11
774,2018-02,2017-02,12,0,True,0.0,master,valid_observed_phase_at_origin,ABCDE,calibration,3,7,spectral_core,local_partition_rf,0,0.05,0,0.1
775,2018-02,2017-02,12,0,True,0.0,master,valid_observed_phase_at_origin,ABCDE,calibration,3,7,spectral_core,local_partition_rf,0,0.16,0,0.19
776,2018-02,2017-02,12,0,True,0.0,master,valid_observed_phase_at_origin,ABCDE,calibration,3,7,spectral_core,local_partition_rf,0,0.11,0,0.08
777,2018-02,2017-02,12,0,True,0.0,master,valid_observed_phase_at_origin,ABCDE,calibration,3,7,spectral_core,local_partition_rf,0,0.19,0,0.09
778,2018-02,2017-02,12,0,True,0.0,master,valid_observed_phase_at_origin,ABCDE,calibration,3,7,spectral_core,local_partition_rf,0,0.03,0,0.05
779,2018-02,2017-02,12,0,True,0.0,master,valid_observed_phase_at_origin,ABCDE,calibration,3,7,spectral_core,local_partition_rf,0,0.03,0,0.06
780,2018-02,2017-02,12,0,True,0.0,master,valid_observed_phase_at_origin,ABCDE,calibration,3,7,spectral_core,local_partition_rf,0,0.06,0,0.1
781,2018-02,2017-02,12,0,True,0.0,master,valid_observed_phase_at_origin,ABCDE,calibration,3,7,spectral_core,local_partition_rf,0,0.2,0,0.29
782,2018-02,2017-02,12,0,True,0.0,master,valid_observed_phase_at_origin,ABCDE,calibration,3,7,spectral_core,local_partition_rf,0,0.27,0,0.25
783,2018-02,2017-02,12,0,True,0.0,master,valid_observed_phase_at_origin,ABCDE,calibration,3,7,spectral_core,local_partition_rf,0,0.25,0,0.21
784,2018-02,2017-02,12,0,True,0.0,master,valid_observed_phase_at_origin,ABCDE,calibration,3,7,spectral_core,local_partition_rf,0,0.03,0,0.07
785,2018-02,2017-02,12,0,True,0.0,master,valid_observed_phase_at_origin,ABCDE,calibration,3,7,spectral_core,local_partition_rf,0,0.1,0,0.11
786,2018-02,2017-02,12,0,True,0.0,master,valid_observed_phase_at_origin,ABCDE,calibration,3,7,spectral_core,local_partition_rf,0,0.16,0,0.1
787,2018-02,2017-02,12,0,True,0.0,master,valid_observed_phase_at_origin,ABCDE,calibration,3,7,spectral_core,local_partition_rf,0,0.04,0,0.07
788,2018-02,2017-02,12,0,True,0.0,master,valid_observed_phase_at_origin,ABCDE,calibration,3,7,spectral_core,local_partition_rf,0,0.1,0,0.13
789,2018-02,2017-02,12,0,True,0.0,master,valid_observed_phase_at_origin,ABCDE,calibration,3,7,spectral_core,local_partition_rf,0,0.01,0,0.04
790,2018-02,2017-02,12,0,True,0.0,master,valid_observed_phase_at_origin,ABCDE,calibration,3,7,spectral_core,local_partition_rf,0,0.08,0,0.09
791,2018-02,2017-02,12,0,True,0.0,master,valid_observed_phase_at_origin,ABCDE,calibration,3,7,spectral_core,local_partition_rf,0,0.01,0,0.09
792,2018-02,2017-02,12,0,True,0.0,master,valid_observed_phase_at_origin,ABCDE,calibration,3,7,spectral_core,local_partition_rf,0,0.0,0,0.03
793,2018-02,2017-02,12,0,True,0.0,master,valid_observed_phase_at_origin,ABCDE,calibration,3,7,spectral_core,local_partition_rf,0,0.03,0,0.06
794,2018-02,2017-02,12,0,True,0.0,master,valid_observed_phase_at_origin,ABCDE,calibration,3,7,spectral_core,local_partition_rf,0,0.07,0,0.11
795,2018-02,2017-02,12,0,True,0.0,master,valid_observed_phase_at_origin,ABCDE,calibration,3,7,spectral_core,local_partition_rf,0,0.01,0,0.02
796,2018-02,2017-02,12,0,True,0.0,master,valid_observed_phase_at_origin,ABCDE,calibration,3,7,spectral_core,local_partition_rf,0,0.0,0,0.04
797,2018-02,2017-02,12,0,True,0.0,master,valid_observed_phase_at_origin,ABCDE,calibration,3,7,spectral_core,local_partition_rf,0,0.02,0,0.03
798,2018-02,2017-02,12,0,True,0.0,master,valid_observed_phase_at_origin,ABCDE,calibration,3,7,spectral_core,local_partition_rf,0,0.07,0,0.11
799,2018-02,2017-02,12,0,True,0.0,master,valid_observed_phase_at_origin,ABCDE,calibration,3,7,spectral_core,local_partition_rf,0,0.0,0,0.03
800,2018-02,2017-02,12,0,True,0.0,master,valid_observed_phase_at_origin,ABCDE,calibration,3,7,spectral_core,local_partition_rf,0,0.01,0,0.04
801,2018-02,2017-02,12,0,True,0.0,master,valid_observed_phase_at_origin,ABCDE,calibration,3,7,spectral_core,local_partition_rf,0,0.07,0,0.1
802,2018-02,2017-02,12,0,True,0.0,master,valid_observed_phase_at_origin,ABCDE,calibration,3,7,spectral_core,local_partition_rf,0,0.01,0,0.08
803,2018-02,2017-02,12,0,True,0.0,master,valid_observed_phase_at_origin,ABCDE,calibration,3,7,spectral_core,local_partition_rf,0,0.0,0,0.09
804,2018-02,2017-02,12,0,True,0.0,master,valid_observed_phase_at_origin,ABCDE,calibration,3,7,spectral_core,local_partition_rf,0,0.01,0,0.04
805,2018-02,2017-02,12,0,True,0.0,master,valid_observed_phase_at_origin,ABCDE,calibration,3,7,spectral_core,local_partition_rf,0,0.0,0,0.02
806,2018-02,2017-02,12,1,True,1.0,master,valid_observed_phase_at_origin,ABCDE,calibration,3,7,spectral_core,local_partition_rf,1,0.75,0,0.48
807,2018-02,2017-02,12,1,True,1.0,master,valid_observed_phase_at_origin,ABCDE,calibration,3,7,spectral_core,local_partition_rf,1,0.68,0,0.5
808,2018-02,2017-02,12,1,True,1.0,master,valid_observed_phase_at_origin,ABCDE,calibration,3,7,spectral_core,local_partition_rf,1,0.55,1,0.54
809,2018-02,2017-02,12,1,True,1.0,master,valid_observed_phase_at_origin,ABCDE,calibration,3,7,spectral_core,local_partition_rf,1,0.68,0,0.49
810,2018-02,2017-02,12,1,True,1.0,master,valid_observed_phase_at_origin,ABCDE,calibration,3,7,spectral_core,local_partition_rf,1,0.71,0,0.5
811,2018-02,2017-02,12,1,True,1.0,master,valid_observed_phase_at_origin,ABCDE,calibration,3,7,spectral_core,local_partition_rf,1,0.7,0,0.5
812,2018-02,2017-02,12,1,True,1.0,master,valid_observed_phase_at_origin,ABCDE,calibration,3,7,spectral_core,local_partition_rf,1,0.69,0,0.48
813,2018-02,2017-02,12,0,True,0.0,master,valid_observed_phase_at_origin,ABCDE,calibration,3,7,spectral_core,local_partition_rf,0,0.0,0,0.04
814,2018-02,2017-02,12,0,True,0.0,master,valid_observed_phase_at_origin,ABCDE,calibration,3,7,spectral_core,local_partition_rf,0,0.03,0,0.05
815,2018-02,2017-02,12,0,True,0.0,master,valid_observed_phase_at_origin,ABCDE,calibration,3,7,spectral_core,local_partition_rf,0,0.0,0,0.09
816,2018-02,2017-02,12,0,True,0.0,master,valid_observed_phase_at_origin,ABCDE,calibration,3,7,spectral_core,local_partition_rf,0,0.0,0,0.1
817,2018-02,2017-02,12,0,True,0.0,master,valid_observed_phase_at_origin,ABCDE,calibration,3,7,spectral_core,local_partition_rf,0,0.0,0,0.04
818,2018-02,2017-02,12,0,True,0.0,master,valid_observed_phase_at_origin,ABCDE,calibration,3,7,spectral_core,local_partition_rf,0,0.0,0,0.04
819,2018-02,2017-02,12,0,True,0.0,master,valid_observed_phase_at_origin,ABCDE,calibration,3,7,spectral_core,local_partition_rf,0,0.01,0,0.04
820,2018-02,2017-02,12,0,True,0.0,master,valid_observed_phase_at_origin,ABCDE,calibration,3,7,spectral_core,local_partition_rf,0,0.0,0,0.04
821,2018-02,2017-02,12,0,True,0.0,master,valid_observed_phase_at_origin,ABCDE,calibration,3,7,spectral_core,local_partition_rf,0,0.0,0,0.06
822,2018-02,2017-02,12,0,True,0.0,master,valid_observed_phase_at_origin,ABCDE,calibration,3,7,spectral_core,local_partition_rf,0,0.0,0,0.07
823,2018-02,2017-02,12,0,True,0.0,master,valid_observed_phase_at_origin,ABCDE,calibration,3,7,spectral_core,local_partition_rf,0,0.02,0,0.06
824,2018-02,2017-02,12,0,True,0.0,master,valid_observed_phase_at_origin,ABCDE,calibration,3,7,spectral_core,local_partition_rf,0,0.04,0,0.03
825,2018-02,2017-02,12,0,True,0.0,master,valid_observed_phase_at_origin,ABCDE,calibration,3,7,spectral_core,local_partition_rf,0,0.09,0,0.12
826,2018-02,2017-02,12,0,True,0.0,master,valid_observed_phase_at_origin,ABCDE,calibration,3,7,spectral_core,local_partition_rf,0,0.08,0,0.15
827,2018-02,2017-02,12,0,True,0.0,master,valid_observed_phase_at_origin,ABCDE,calibration,3,7,spectral_core,local_partition_rf,0,0.02,0,0.05
828,2018-02,2017-02,12,0,True,0.0,master,valid_observed_phase_at_origin,ABCDE,calibration,3,7,spectral_core,local_partition_rf,0,0.02,0,0.03
829,2018-02,2017-02,12,0,True,0.0,master,valid_observed_phase_at_origin,ABCDE,calibration,3,7,spectral_core,local_partition_rf,0,0.27,0,0.25
830,2018-02,2017-02,12,0,True,0.0,master,valid_observed_phase_at_origin,ABCDE,calibration,3,7,spectral_core,local_partition_rf,0,0.08,0,0.12
831,2018-02,2017-02,12,0,True,0.0,master,valid_observed_phase_at_origin,ABCDE,calibration,3,7,spectral_core,local_partition_rf,0,0.09,0,0.1
832,2018-02,2017-02,12,0,True,0.0,master,valid_observed_phase_at_origin,ABCDE,calibration,3,7,spectral_core,local_partition_rf,0,0.02,0,0.06
833,2018-02,2017-02,12,0,True,0.0,master,valid_observed_phase_at_origin,ABCDE,calibration,3,7,spectral_core,local_partition_rf,0,0.05,0,0.07
834,2018-02,2017-02,12,0,True,0.0,master,valid_observed_phase_at_origin,ABCDE,calibration,3,7,spectral_core,local_partition_rf,0,0.06,0,0.07
835,2018-02,2017-02,12,0,True,0.0,master,valid_observed_phase_at_origin,ABCDE,calibration,3,7,spectral_core,local_partition_rf,0,0.04,0,0.09
836,2018-02,2017-02,12,0,True,0.0,master,valid_observed_phase_at_origin,ABCDE,calibration,3,7,spectral_core,local_partition_rf,0,0.06,0,0.09
837,2018-02,2017-02,12,0,True,0.0,master,valid_observed_phase_at_origin,ABCDE,calibration,3,7,spectral_core,local_partition_rf,0,0.07,0,0.09
838,2018-02,2017-02,12,0,True,0.0,master,valid_observed_phase_at_origin,ABCDE,calibration,3,7,spectral_core,local_partition_rf,0,0.03,0,0.07
839,2018-02,2017-02,12,0,True,0.0,master,valid_observed_phase_at_origin,ABCDE,calibration,3,7,spectral_core,local_partition_rf,0,0.05,0,0.06
840,2018-02,2017-02,12,0,True,0.0,master,valid_observed_phase_at_origin,ABCDE,calibration,3,7,spectral_core,local_partition_rf,0,0.04,0,0.06
841,2018-02,2017-02,12,0,True,0.0,master,valid_observed_phase_at_origin,ABCDE,calibration,3,7,spectral_core,local_partition_rf,0,0.07,0,0.1
842,2018-02,2017-02,12,0,True,0.0,master,valid_observed_phase_at_origin,ABCDE,calibration,3,7,spectral_core,local_partition_rf,0,0.09,0,0.12
843,2018-02,2017-02,12,0,True,0.0,master,valid_observed_phase_at_origin,ABCDE,calibration,3,7,spectral_core,local_partition_rf,0,0.04,0,0.07
844,2018-02,2017-02,12,0,True,0.0,master,valid_observed_phase_at_origin,ABCDE,calibration,3,7,spectral_core,local_partition_rf,0,0.04,0,0.09
845,2018-02,2017-02,12,0,True,0.0,master,valid_observed_phase_at_origin,ABCDE,calibration,3,7,spectral_core,local_partition_rf,0,0.07,0,0.13
846,2018-02,2017-02,12,0,True,0.0,master,valid_observed_phase_at_origin,ABCDE,calibration,3,7,spectral_core,local_partition_rf,0,0.04,0,0.1
847,2018-02,2017-02,12,0,True,0.0,master,valid_observed_phase_at_origin,ABCDE,calibration,3,7,spectral_core,local_partition_rf,0,0.09,0,0.07
848,2018-02,2017-02,12,0,True,0.0,master,valid_observed_phase_at_origin,ABCDE,calibration,3,7,spectral_core,local_partition_rf,0,0.05,0,0.08
849,2018-02,2017-02,12,0,True,0.0,master,valid_observed_phase_at_origin,ABCDE,calibration,3,7,spectral_core,local_partition_rf,0,0.03,0,0.08
850,2018-02,2017-02,12,0,True,0.0,master,valid_observed_phase_at_origin,ABCDE,calibration,3,7,spectral_core,local_partition_rf,0,0.05,0,0.07
851,2018-02,2017-02,12,0,True,0.0,master,valid_observed_phase_at_origin,ABCDE,calibration,3,7,spectral_core,local_partition_rf,0,0.04,0,0.08
852,2018-02,2017-02,12,0,True,0.0,master,valid_observed_phase_at_origin,ABCDE,calibration,3,7,spectral_core,local_partition_rf,0,0.05,0,0.1
853,2018-02,2017-02,12,0,True,0.0,master,valid_observed_phase_at_origin,ABCDE,calibration,3,7,spectral_core,local_partition_rf,0,0.03,0,0.07
854,2018-02,2017-02,12,0,True,0.0,master,valid_observed_phase_at_origin,ABCDE,calibration,3,7,spectral_core,local_partition_rf,0,0.04,0,0.06
855,2018-02,2017-02,12,0,True,0.0,master,valid_observed_phase_at_origin,ABCDE,calibration,3,7,spectral_core,local_partition_rf,0,0.08,0,0.07
856,2018-02,2017-02,12,0,True,0.0,master,valid_observed_phase_at_origin,ABCDE,calibration,3,7,spectral_core,local_partition_rf,0,0.04,0,0.07
857,2018-02,2017-02,12,0,True,0.0,master,valid_observed_phase_at_origin,ABCDE,calibration,3,7,spectral_core,local_partition_rf,0,0.03,0,0.06
858,2018-02,2017-02,12,0,True,0.0,master,valid_observed_phase_at_origin,ABCDE,calibration,3,7,spectral_core,local_partition_rf,0,0.03,0,0.06
859,2018-02,2017-02,12,0,True,0.0,master,valid_observed_phase_at_origin,ABCDE,calibration,3,7,spectral_core,local_partition_rf,0,0.03,0,0.07
860,2018-02,2017-02,12,0,True,0.0,master,valid_observed_phase_at_origin,ABCDE,calibration,3,7,spectral_core,local_partition_rf,0,0.03,0,0.03
861,2018-02,2017-02,12,0,True,0.0,master,valid_observed_phase_at_origin,ABCDE,calibration,3,7,spectral_core,local_partition_rf,0,0.03,0,0.04
862,2018-02,2017-02,12,0,True,0.0,master,valid_observed_phase_at_origin,ABCDE,calibration,3,7,spectral_core,local_partition_rf,0,0.03,0,0.1
863,2018-02,2017-02,12,0,True,0.0,master,valid_observed_phase_at_origin,ABCDE,calibration,3,7,spectral_core,local_partition_rf,0,0.05,0,0.08
864,2018-02,2017-02,12,0,True,0.0,master,valid_observed_phase_at_origin,ABCDE,calibration,3,7,spectral_core,local_partition_rf,0,0.03,0,0.06
865,2018-02,2017-02,12,0,True,0.0,master,valid_observed_phase_at_origin,ABCDE,calibration,3,7,spectral_core,local_partition_rf,0,0.04,0,0.09
866,2018-02,2017-02,12,0,True,0.0,master,valid_observed_phase_at_origin,ABCDE,calibration,3,7,spectral_core,local_partition_rf,0,0.05,0,0.12
867,2018-02,2017-02,12,0,True,0.0,master,valid_observed_phase_at_origin,ABCDE,calibration,3,7,spectral_core,local_partition_rf,0,0.04,0,0.04
868,2018-02,2017-02,12,1,True,1.0,master,valid_observed_phase_at_origin,ABCDE,calibration,3,7,spectral_core,local_partition_rf,1,0.59,0,0.43
869,2018-02,2017-02,12,0,True,1.0,master,valid_observed_phase_at_origin,ABCDE,calibration,3,7,spectral_core,local_partition_rf,0,0.38,0,0.42
870,2018-02,2017-02,12,1,True,1.0,master,valid_observed_phase_at_origin,ABCDE,calibration,3,7,spectral_core,local_partition_rf,1,0.58,0,0.47
871,2018-02,2017-02,12,0,True,1.0,master,valid_observed_phase_at_origin,ABCDE,calibration,3,7,spectral_core,local_partition_rf,0,0.42,0,0.42
872,2018-02,2017-02,12,0,True,0.0,master,valid_observed_phase_at_origin,ABCDE,calibration,3,7,spectral_core,local_partition_rf,0,0.0,0,0.1
873,2018-02,2017-02,12,0,True,0.0,master,valid_observed_phase_at_origin,ABCDE,calibration,3,7,spectral_core,local_partition_rf,0,0.0,0,0.06
874,2018-02,2017-02,12,1,True,1.0,master,valid_observed_phase_at_origin,ABCDE,calibration,3,7,spectral_core,local_partition_rf,1,0.55,0,0.45
875,2018-02,2017-02,12,1,True,1.0,master,valid_observed_phase_at_origin,ABCDE,calibration,3,7,spectral_core,local_partition_rf,1,0.61,0,0.43
876,2018-02,2017-02,12,0,True,0.0,master,valid_observed_phase_at_origin,ABCDE,calibration,3,7,spectral_core,local_partition_rf,0,0.03,0,0.04
877,2018-02,2017-02,12,0,True,0.0,master,valid_observed_phase_at_origin,ABCDE,calibration,3,7,spectral_core,local_partition_rf,0,0.02,0,0.07
878,2018-02,2017-02,12,0,True,0.0,master,valid_observed_phase_at_origin,ABCDE,calibration,3,7,spectral_core,local_partition_rf,0,0.03,0,0.05
879,2018-02,2017-02,12,0,True,0.0,master,valid_observed_phase_at_origin,ABCDE,calibration,3,7,spectral_core,local_partition_rf,0,0.01,0,0.04
880,2018-02,2017-02,12,0,True,0.0,master,valid_observed_phase_at_origin,ABCDE,calibration,3,7,spectral_core,local_partition_rf,0,0.0,0,0.04
881,2018-02,2017-02,12,0,True,0.0,master,valid_observed_phase_at_origin,ABCDE,calibration,3,7,spectral_core,local_partition_rf,0,0.09,0,0.13
882,2018-02,2017-02,12,0,True,0.0,master,valid_observed_phase_at_origin,ABCDE,calibration,3,7,spectral_core,local_partition_rf,0,0.0,0,0.05
883,2018-02,2017-02,12,0,True,0.0,master,valid_observed_phase_at_origin,ABCDE,calibration,3,7,spectral_core,local_partition_rf,0,0.27,0,0.22
884,2018-02,2017-02,12,0,True,0.0,master,valid_observed_phase_at_origin,ABCDE,calibration,3,7,spectral_core,local_partition_rf,0,0.18,0,0.2
885,2018-02,2017-02,12,0,True,0.0,master,valid_observed_phase_at_origin,ABCDE,calibration,3,7,spectral_core,local_partition_rf,0,0.11,0,0.1
886,2018-02,2017-02,12,0,True,0.0,master,valid_observed_phase_at_origin,ABCDE,calibration,3,7,spectral_core,local_partition_rf,0,0.0,0,0.03
887,2018-02,2017-02,12,0,True,0.0,master,valid_observed_phase_at_origin,ABCDE,calibration,3,7,spectral_core,local_partition_rf,0,0.02,0,0.04
888,2018-02,2017-02,12,0,True,0.0,master,valid_observed_phase_at_origin,ABCDE,calibration,3,7,spectral_core,local_partition_rf,0,0.01,0,0.05
889,2018-02,2017-02,12,0,True,0.0,master,valid_observed_phase_at_origin,ABCDE,calibration,3,7,spectral_core,local_partition_rf,0,0.02,0,0.05
890,2018-02,2017-02,12,0,True,0.0,master,valid_observed_phase_at_origin,ABCDE,calibration,3,7,spectral_core,local_partition_rf,0,0.06,0,0.1
891,2018-02,2017-02,12,0,True,0.0,master,valid_observed_phase_at_origin,ABCDE,calibration,3,7,spectral_core,local_partition_rf,0,0.01,0,0.04
892,2018-02,2017-02,12,0,True,0.0,master,valid_observed_phase_at_origin,ABCDE,calibration,3,7,spectral_core,local_partition_rf,0,0.08,0,0.08
893,2018-02,2017-02,12,1,True,1.0,master,valid_observed_phase_at_origin,ABCDE,calibration,3,7,spectral_core,local_partition_rf,1,0.79,1,0.53
894,2018-02,2017-02,12,0,True,0.0,master,valid_observed_phase_at_origin,ABCDE,calibration,3,7,spectral_core,local_partition_rf,0,0.28,0,0.22
895,2018-02,2017-02,12,0,True,0.0,master,valid_observed_phase_at_origin,ABCDE,calibration,3,7,spectral_core,local_partition_rf,0,0.08,0,0.11
896,2018-02,2017-02,12,1,True,1.0,master,valid_observed_phase_at_origin,ABCDE,calibration,3,7,spectral_core,local_partition_rf,1,0.54,1,0.55
897,2018-02,2017-02,12,0,True,0.0,master,valid_observed_phase_at_origin,ABCDE,calibration,3,7,spectral_core,local_partition_rf,0,0.07,0,0.11
898,2018-02,2017-02,12,1,True,1.0,master,valid_observed_phase_at_origin,ABCDE,calibration,3,7,spectral_core,local_partition_rf,1,0.63,0,0.48
899,2018-02,2017-02,12,1,True,1.0,master,valid_observed_phase_at_origin,ABCDE,calibration,3,7,spectral_core,local_partition_rf,0,0.46,0,0.49
900,2018-02,2017-02,12,0,True,0.0,master,valid_observed_phase_at_origin,ABCDE,calibration,3,7,spectral_core,local_partition_rf,0,0.27,0,0.27
901,2018-02,2017-02,12,1,True,1.0,master,valid_observed_phase_at_origin,ABCDE,calibration,3,7,spectral_core,local_partition_rf,0,0.44,0,0.41
902,2018-02,2017-02,12,0,True,0.0,master,valid_observed_phase_at_origin,ABCDE,calibration,3,7,spectral_core,local_partition_rf,0,0.38,0,0.24
903,2018-02,2017-02,12,1,True,1.0,master,valid_observed_phase_at_origin,ABCDE,calibration,3,7,spectral_core,local_partition_rf,1,0.67,1,0.54
904,2018-02,2017-02,12,1,True,0.0,master,valid_observed_phase_at_origin,ABCDE,calibration,3,7,spectral_core,local_partition_rf,0,0.38,0,0.26
905,2018-02,2017-02,12,0,True,0.0,master,valid_observed_phase_at_origin,ABCDE,calibration,3,7,spectral_core,local_partition_rf,0,0.27,0,0.25
906,2018-02,2017-02,12,0,True,0.0,master,valid_observed_phase_at_origin,ABCDE,calibration,3,7,spectral_core,local_partition_rf,0,0.21,0,0.23
907,2018-02,2017-02,12,1,True,1.0,master,valid_observed_phase_at_origin,ABCDE,calibration,3,7,spectral_core,local_partition_rf,1,0.54,0,0.5
908,2018-02,2017-02,12,1,True,1.0,master,valid_observed_phase_at_origin,ABCDE,calibration,3,7,spectral_core,local_partition_rf,1,0.54,1,0.53
909,2018-02,2017-02,12,0,True,0.0,master,valid_observed_phase_at_origin,ABCDE,calibration,3,7,spectral_core,local_partition_rf,0,0.1,0,0.06
910,2018-02,2017-02,12,1,True,1.0,master,valid_observed_phase_at_origin,ABCDE,calibration,3,7,spectral_core,local_partition_rf,0,0.38,0,0.45
911,2018-02,2017-02,12,1,True,1.0,master,valid_observed_phase_at_origin,ABCDE,calibration,3,7,spectral_core,local_partition_rf,0,0.48,1,0.53
912,2018-02,2017-02,12,0,True,0.0,master,valid_observed_phase_at_origin,ABCDE,calibration,3,7,spectral_core,local_partition_rf,0,0.22,0,0.31
913,2018-02,2017-02,12,0,True,0.0,master,valid_observed_phase_at_origin,ABCDE,calibration,3,7,spectral_core,local_partition_rf,0,0.27,0,0.25
914,2018-02,2017-02,12,1,True,1.0,master,valid_observed_phase_at_origin,ABCDE,calibration,3,7,spectral_core,local_partition_rf,0,0.42,1,0.53
915,2018-02,2017-02,12,1,True,1.0,master,valid_observed_phase_at_origin,ABCDE,calibration,3,7,spectral_core,local_partition_rf,0,0.42,0,0.47
916,2018-02,2017-02,12,0,True,0.0,master,valid_observed_phase_at_origin,ABCDE,calibration,3,7,spectral_core,local_partition_rf,0,0.26,0,0.25
917,2018-02,2017-02,12,1,True,1.0,master,valid_observed_phase_at_origin,ABCDE,calibration,3,7,spectral_core,local_partition_rf,1,0.6,0,0.43
918,2018-02,2017-02,12,0,True,1.0,master,valid_observed_phase_at_origin,ABCDE,calibration,3,7,spectral_core,local_partition_rf,0,0.42,0,0.39
919,2018-02,2017-02,12,0,True,0.0,master,valid_observed_phase_at_origin,ABCDE,calibration,3,7,spectral_core,local_partition_rf,0,0.11,0,0.13
920,2018-02,2017-02,12,0,True,1.0,master,valid_observed_phase_at_origin,ABCDE,calibration,3,7,spectral_core,local_partition_rf,0,0.39,0,0.41
921,2018-02,2017-02,12,0,True,1.0,master,valid_observed_phase_at_origin,ABCDE,calibration,3,7,spectral_core,local_partition_rf,0,0.46,1,0.52
922,2018-02,2017-02,12,0,True,0.0,master,valid_observed_phase_at_origin,ABCDE,calibration,3,7,spectral_core,local_partition_rf,0,0.28,0,0.23
923,2018-02,2017-02,12,0,True,0.0,master,valid_observed_phase_at_origin,ABCDE,calibration,3,7,spectral_core,local_partition_rf,0,0.09,0,0.13
924,2018-02,2017-02,12,0,True,0.0,master,valid_observed_phase_at_origin,ABCDE,calibration,3,7,spectral_core,local_partition_rf,0,0.31,0,0.22
925,2018-02,2017-02,12,0,True,0.0,master,valid_observed_phase_at_origin,ABCDE,calibration,3,7,spectral_core,local_partition_rf,0,0.26,0,0.19
926,2018-02,2017-02,12,1,True,1.0,master,valid_observed_phase_at_origin,ABCDE,calibration,3,7,spectral_core,local_partition_rf,1,0.62,0,0.5
927,2018-02,2017-02,12,0,True,0.0,master,valid_observed_phase_at_origin,ABCDE,calibration,3,7,spectral_core,local_partition_rf,0,0.26,0,0.24
928,2018-02,2017-02,12,0,True,1.0,master,valid_observed_phase_at_origin,ABCDE,calibration,3,7,spectral_core,local_partition_rf,0,0.39,0,0.41
929,2018-02,2017-02,12,0,True,1.0,master,valid_observed_phase_at_origin,ABCDE,calibration,3,7,spectral_core,local_partition_rf,0,0.42,0,0.37
930,2018-02,2017-02,12,0,True,0.0,master,valid_observed_phase_at_origin,ABCDE,calibration,3,7,spectral_core,local_partition_rf,0,0.05,0,0.08
931,2018-02,2017-02,12,0,True,0.0,master,valid_observed_phase_at_origin,ABCDE,calibration,3,7,spectral_core,local_partition_rf,0,0.02,0,0.05
932,2018-02,2017-02,12,0,True,0.0,master,valid_observed_phase_at_origin,ABCDE,calibration,3,7,spectral_core,local_partition_rf,0,0.04,0,0.08
933,2018-02,2017-02,12,0,True,0.0,master,valid_observed_phase_at_origin,ABCDE,calibration,3,7,spectral_core,local_partition_rf,0,0.01,0,0.03
934,2018-02,2017-02,12,0,True,0.0,master,valid_observed_phase_at_origin,ABCDE,calibration,3,7,spectral_core,local_partition_rf,0,0.03,0,0.02
935,2018-02,2017-02,12,0,True,0.0,master,valid_observed_phase_at_origin,ABCDE,calibration,3,7,spectral_core,local_partition_rf,0,0.02,0,0.02
936,2018-02,2017-02,12,0,True,0.0,master,valid_observed_phase_at_origin,ABCDE,calibration,3,7,spectral_core,local_partition_rf,0,0.03,0,0.06
937,2018-02,2017-02,12,0,True,0.0,master,valid_observed_phase_at_origin,ABCDE,calibration,3,7,spectral_core,local_partition_rf,0,0.02,0,0.05
938,2018-02,2017-02,12,0,True,0.0,master,valid_observed_phase_at_origin,ABCDE,calibration,3,7,spectral_core,local_partition_rf,0,0.02,0,0.08
939,2018-02,2017-02,12,0,True,0.0,master,valid_observed_phase_at_origin,ABCDE,calibration,3,7,spectral_core,local_partition_rf,0,0.04,0,0.07
940,2018-02,2017-02,12,0,True,0.0,master,valid_observed_phase_at_origin,ABCDE,calibration,3,7,spectral_core,local_partition_rf,0,0.02,0,0.07
941,2018-02,2017-02,12,0,True,0.0,master,valid_observed_phase_at_origin,ABCDE,calibration,3,7,spectral_core,local_partition_rf,0,0.04,0,0.07
942,2018-02,2017-02,12,0,True,0.0,master,valid_observed_phase_at_origin,ABCDE,calibration,3,7,spectral_core,local_partition_rf,0,0.04,0,0.08
943,2018-02,2017-02,12,0,True,0.0,master,valid_observed_phase_at_origin,ABCDE,calibration,3,7,spectral_core,local_partition_rf,0,0.02,0,0.05
944,2018-02,2017-02,12,0,True,0.0,master,valid_observed_phase_at_origin,ABCDE,calibration,3,7,spectral_core,local_partition_rf,0,0.01,0,0.04
945,2018-02,2017-02,12,0,True,0.0,master,valid_observed_phase_at_origin,ABCDE,calibration,3,7,spectral_core,local_partition_rf,0,0.03,0,0.11
946,2018-02,2017-02,12,0,True,0.0,master,valid_observed_phase_at_origin,ABCDE,calibration,3,7,spectral_core,local_partition_rf,0,0.03,0,0.07
947,2018-02,2017-02,12,0,True,0.0,master,valid_observed_phase_at_origin,ABCDE,calibration,3,7,spectral_core,local_partition_rf,0,0.06,0,0.1
948,2018-02,2017-02,12,0,True,0.0,master,valid_observed_phase_at_origin,ABCDE,calibration,3,7,spectral_core,local_partition_rf,0,0.07,0,0.05
949,2018-02,2017-02,12,0,True,0.0,master,valid_observed_phase_at_origin,ABCDE,calibration,3,7,spectral_core,local_partition_rf,0,0.05,0,0.07
950,2018-02,2017-02,12,0,True,0.0,master,valid_observed_phase_at_origin,ABCDE,calibration,3,7,spectral_core,local_partition_rf,0,0.03,0,0.04
951,2018-02,2017-02,12,0,True,0.0,master,valid_observed_phase_at_origin,ABCDE,calibration,3,7,spectral_core,local_partition_rf,0,0.04,0,0.03
952,2018-02,2017-02,12,0,True,0.0,master,valid_observed_phase_at_origin,ABCDE,calibration,3,7,spectral_core,local_partition_rf,0,0.11,0,0.06
953,2018-02,2017-02,12,0,True,0.0,master,valid_observed_phase_at_origin,ABCDE,calibration,3,7,spectral_core,local_partition_rf,0,0.09,0,0.03
954,2018-02,2017-02,12,0,True,0.0,master,valid_observed_phase_at_origin,ABCDE,calibration,3,7,spectral_core,local_partition_rf,0,0.05,0,0.03
955,2018-02,2017-02,12,0,True,0.0,master,valid_observed_phase_at_origin,ABCDE,calibration,3,7,spectral_core,local_partition_rf,0,0.09,0,0.05
956,2018-02,2017-02,12,0,True,0.0,master,valid_observed_phase_at_origin,ABCDE,calibration,3,7,spectral_core,local_partition_rf,0,0.09,0,0.09
957,2018-02,2017-02,12,0,True,0.0,master,valid_observed_phase_at_origin,ABCDE,calibration,3,7,spectral_core,local_partition_rf,0,0.07,0,0.05
958,2018-02,2017-02,12,0,True,0.0,master,valid_observed_phase_at_origin,ABCDE,calibration,3,7,spectral_core,local_partition_rf,0,0.06,0,0.08
959,2018-02,2017-02,12,0,True,0.0,master,valid_observed_phase_at_origin,ABCDE,calibration,3,7,spectral_core,local_partition_rf,0,0.05,0,0.04
960,2018-02,2017-02,12,0,True,0.0,master,valid_observed_phase_at_origin,ABCDE,calibration,3,7,spectral_core,local_partition_rf,0,0.02,0,0.05
961,2018-02,2017-02,12,0,True,0.0,master,valid_observed_phase_at_origin,ABCDE,calibration,3,7,spectral_core,local_partition_rf,0,0.05,0,0.02
962,2018-02,2017-02,12,0,True,0.0,master,valid_observed_phase_at_origin,ABCDE,calibration,3,7,spectral_core,local_partition_rf,0,0.05,0,0.08
963,2018-02,2017-02,12,0,True,0.0,master,valid_observed_phase_at_origin,ABCDE,calibration,3,7,spectral_core,local_partition_rf,0,0.07,0,0.04
964,2018-02,2017-02,12,0,True,0.0,master,valid_observed_phase_at_origin,ABCDE,calibration,3,7,spectral_core,local_partition_rf,0,0.06,0,0.03
965,2018-02,2017-02,12,0,True,0.0,master,valid_observed_phase_at_origin,ABCDE,calibration,3,7,spectral_core,local_partition_rf,0,0.09,0,0.1
966,2018-02,2017-02,12,0,True,0.0,master,valid_observed_phase_at_origin,ABCDE,calibration,3,7,spectral_core,local_partition_rf,0,0.05,0,0.09
967,2018-02,2017-02,12,0,True,0.0,master,valid_observed_phase_at_origin,ABCDE,calibration,3,7,spectral_core,local_partition_rf,0,0.08,0,0.08
968,2018-02,2017-02,12,0,True,0.0,master,valid_observed_phase_at_origin,ABCDE,calibration,3,7,spectral_core,local_partition_rf,0,0.07,0,0.06
969,2018-02,2017-02,12,0,True,0.0,master,valid_observed_phase_at_origin,ABCDE,calibration,3,7,spectral_core,local_partition_rf,0,0.04,0,0.05
970,2018-02,2017-02,12,0,True,0.0,master,valid_observed_phase_at_origin,ABCDE,calibration,3,7,spectral_core,local_partition_rf,0,0.02,0,0.08
971,2018-02,2017-02,12,0,True,0.0,master,valid_observed_phase_at_origin,ABCDE,calibration,3,7,spectral_core,local_partition_rf,0,0.07,0,0.05
972,2018-02,2017-02,12,0,True,0.0,master,valid_observed_phase_at_origin,ABCDE,calibration,3,7,spectral_core,local_partition_rf,0,0.04,0,0.09
973,2018-02,2017-02,12,0,True,0.0,master,valid_observed_phase_at_origin,ABCDE,calibration,3,7,spectral_core,local_partition_rf,0,0.04,0,0.03
974,2018-02,2017-02,12,0,True,0.0,master,valid_observed_phase_at_origin,ABCDE,calibration,3,7,spectral_core,local_partition_rf,0,0.1,0,0.04
975,2018-02,2017-02,12,0,True,0.0,master,valid_observed_phase_at_origin,ABCDE,calibration,3,7,spectral_core,local_partition_rf,0,0.08,0,0.07
976,2018-02,2017-02,12,0,True,0.0,master,valid_observed_phase_at_origin,ABCDE,calibration,3,7,spectral_core,local_partition_rf,0,0.07,0,0.05
977,2018-02,2017-02,12,0,True,0.0,master,valid_observed_phase_at_origin,ABCDE,calibration,3,7,spectral_core,local_partition_rf,0,0.01,0,0.04
978,2018-02,2017-02,12,0,True,0.0,master,valid_observed_phase_at_origin,ABCDE,calibration,3,7,spectral_core,local_partition_rf,0,0.06,0,0.08
979,2018-02,2017-02,12,0,True,0.0,master,valid_observed_phase_at_origin,ABCDE,calibration,3,7,spectral_core,local_partition_rf,0,0.03,0,0.07
980,2018-02,2017-02,12,0,True,1.0,master,valid_observed_phase_at_origin,ABCDE,calibration,3,7,spectral_core,local_partition_rf,0,0.41,0,0.41
981,2018-02,2017-02,12,0,True,0.0,master,valid_observed_phase_at_origin,ABCDE,calibration,3,7,spectral_core,local_partition_rf,0,0.03,0,0.1
982,2018-02,2017-02,12,0,True,0.0,master,valid_observed_phase_at_origin,ABCDE,calibration,3,7,spectral_core,local_partition_rf,0,0.08,0,0.05
983,2018-02,2017-02,12,0,True,0.0,master,valid_observed_phase_at_origin,ABCDE,calibration,3,7,spectral_core,local_partition_rf,0,0.03,0,0.1
984,2018-02,2017-02,12,0,True,0.0,master,valid_observed_phase_at_origin,ABCDE,calibration,3,7,spectral_core,local_partition_rf,0,0.02,0,0.09
985,2018-02,2017-02,12,0,True,0.0,master,valid_observed_phase_at_origin,ABCDE,calibration,3,7,spectral_core,local_partition_rf,0,0.08,0,0.06
986,2018-02,2017-02,12,0,True,0.0,master,valid_observed_phase_at_origin,ABCDE,calibration,3,7,spectral_core,local_partition_rf,0,0.08,0,0.12
987,2018-02,2017-02,12,0,True,0.0,master,valid_observed_phase_at_origin,ABCDE,calibration,3,7,spectral_core,local_partition_rf,0,0.03,0,0.05
988,2018-02,2017-02,12,0,True,0.0,master,valid_observed_phase_at_origin,ABCDE,calibration,3,7,spectral_core,local_partition_rf,0,0.05,0,0.04
989,2018-02,2017-02,12,0,True,0.0,master,valid_observed_phase_at_origin,ABCDE,calibration,3,7,spectral_core,local_partition_rf,0,0.02,0,0.09
990,2018-02,2017-02,12,0,True,0.0,master,valid_observed_phase_at_origin,ABCDE,calibration,3,7,spectral_core,local_partition_rf,0,0.03,0,0.07
991,2018-02,2017-02,12,0,True,0.0,master,valid_observed_phase_at_origin,ABCDE,calibration,3,7,spectral_core,local_partition_rf,0,0.02,0,0.05
992,2018-02,2017-02,12,0,True,0.0,master,valid_observed_phase_at_origin,ABCDE,calibration,3,7,spectral_core,local_partition_rf,0,0.05,0,0.04
993,2018-02,2017-02,12,0,True,0.0,master,valid_observed_phase_at_origin,ABCDE,calibration,3,7,spectral_core,local_partition_rf,0,0.07,0,0.04
994,2018-02,2017-02,12,0,True,0.0,master,valid_observed_phase_at_origin,ABCDE,calibration,3,7,spectral_core,local_partition_rf,0,0.09,0,0.03
995,2018-02,2017-02,12,0,True,0.0,master,valid_observed_phase_at_origin,ABCDE,calibration,3,7,spectral_core,local_partition_rf,0,0.07,0,0.06
996,2018-02,2017-02,12,0,True,0.0,master,valid_observed_phase_at_origin,ABCDE,calibration,3,7,spectral_core,local_partition_rf,0,0.11,0,0.09
997,2018-02,2017-02,12,0,True,0.0,master,valid_observed_phase_at_origin,ABCDE,calibration,3,7,spectral_core,local_partition_rf,0,0.03,0,0.05
998,2018-02,2017-02,12,0,True,0.0,master,valid_observed_phase_at_origin,ABCDE,calibration,3,7,spectral_core,local_partition_rf,0,0.08,0,0.12
999,2018-02,2017-02,12,0,True,0.0,master,valid_observed_phase_at_origin,ABCDE,calibration,3,7,spectral_core,local_partition_rf,0,0.04,0,0.09
1000,2018-02,2017-02,12,0,True,0.0,master,valid_observed_phase_at_origin,ABCDE,calibration,3,7,spectral_core,local_partition_rf,0,0.02,0,0.06
1001,2018-02,2017-02,12,0,True,0.0,master,valid_observed_phase_at_origin,ABCDE,calibration,3,7,spectral_core,local_partition_rf,0,0.07,0,0.07
1002,2018-02,2017-02,12,0,True,0.0,master,valid_observed_phase_at_origin,ABCDE,calibration,3,7,spectral_core,local_partition_rf,0,0.0,0,0.05
1003,2018-02,2017-02,12,0,True,0.0,master,valid_observed_phase_at_origin,ABCDE,calibration,3,7,spectral_core,local_partition_rf,0,0.0,0,0.05
1004,2018-02,2017-02,12,0,True,0.0,master,valid_observed_phase_at_origin,ABCDE,calibration,3,7,spectral_core,local_partition_rf,0,0.0,0,0.05
1005,2018-02,2017-02,12,0,True,0.0,master,valid_observed_phase_at_origin,ABCDE,calibration,3,7,spectral_core,local_partition_rf,0,0.0,0,0.06
1006,2018-02,2017-02,12,0,True,0.0,master,valid_observed_phase_at_origin,ABCDE,calibration,3,7,spectral_core,local_partition_rf,0,0.0,0,0.07
1007,2018-02,2017-02,12,0,True,0.0,master,valid_observed_phase_at_origin,ABCDE,calibration,3,7,spectral_core,local_partition_rf,0,0.0,0,0.04
1008,2018-02,2017-02,12,0,True,0.0,master,valid_observed_phase_at_origin,ABCDE,calibration,3,7,spectral_core,local_partition_rf,0,0.0,0,0.04
1009,2018-02,2017-02,12,0,True,0.0,master,valid_observed_phase_at_origin,ABCDE,calibration,3,7,spectral_core,local_partition_rf,0,0.0,0,0.03
1010,2018-02,2017-02,12,0,True,0.0,master,valid_observed_phase_at_origin,ABCDE,calibration,3,7,spectral_core,local_partition_rf,0,0.0,0,0.05
1011,2018-02,2017-02,12,0,True,0.0,master,valid_observed_phase_at_origin,ABCDE,calibration,3,7,spectral_core,local_partition_rf,0,0.0,0,0.05
1012,2018-02,2017-02,12,0,True,0.0,master,valid_observed_phase_at_origin,ABCDE,calibration,3,7,spectral_core,local_partition_rf,0,0.01,0,0.04
1013,2018-02,2017-02,12,0,True,0.0,master,valid_observed_phase_at_origin,ABCDE,calibration,3,7,spectral_core,local_partition_rf,0,0.0,0,0.07
1014,2018-02,2017-02,12,0,True,0.0,master,valid_observed_phase_at_origin,ABCDE,calibration,3,7,spectral_core,local_partition_rf,0,0.0,0,0.06
1015,2018-02,2017-02,12,0,True,0.0,master,valid_observed_phase_at_origin,ABCDE,calibration,3,7,spectral_core,local_partition_rf,0,0.0,0,0.06
1112,2018-02,2017-02,12,0,True,0.0,master,valid_observed_phase_at_origin,ABCDE,calibration,3,3,spectral_core,local_partition_rf,0,0.29,0,0.19
1113,2018-02,2017-02,12,0,True,0.0,master,valid_observed_phase_at_origin,ABCDE,calibration,3,3,spectral_core,local_partition_rf,0,0.22,0,0.16
1114,2018-02,2017-02,12,0,True,0.0,master,valid_observed_phase_at_origin,ABCDE,calibration,3,3,spectral_core,local_partition_rf,0,0.09,0,0.11
1115,2018-02,2017-02,12,0,True,0.0,master,valid_observed_phase_at_origin,ABCDE,calibration,3,3,spectral_core,local_partition_rf,0,0.18,0,0.22
1116,2018-02,2017-02,12,1,True,1.0,master,valid_observed_phase_at_origin,ABCDE,calibration,3,3,spectral_core,local_partition_rf,0,0.2,0,0.23
1117,2018-02,2017-02,12,0,True,0.0,master,valid_observed_phase_at_origin,ABCDE,calibration,3,3,spectral_core,local_partition_rf,0,0.14,0,0.13
1118,2018-02,2017-02,12,0,True,0.0,master,valid_observed_phase_at_origin,ABCDE,calibration,3,3,spectral_core,local_partition_rf,0,0.07,0,0.06
1119,2018-02,2017-02,12,0,True,0.0,master,valid_observed_phase_at_origin,ABCDE,calibration,3,3,spectral_core,local_partition_rf,0,0.06,0,0.04
1120,2018-02,2017-02,12,0,True,0.0,master,valid_observed_phase_at_origin,ABCDE,calibration,3,3,spectral_core,local_partition_rf,0,0.19,0,0.18
1121,2018-02,2017-02,12,0,True,0.0,master,valid_observed_phase_at_origin,ABCDE,calibration,3,3,spectral_core,local_partition_rf,0,0.22,0,0.23
1122,2018-02,2017-02,12,0,True,0.0,master,valid_observed_phase_at_origin,ABCDE,calibration,3,3,spectral_core,local_partition_rf,0,0.2,0,0.23
1123,2018-02,2017-02,12,0,True,0.0,master,valid_observed_phase_at_origin,ABCDE,calibration,3,3,spectral_core,local_partition_rf,0,0.09,0,0.11
1124,2018-02,2017-02,12,0,True,0.0,master,valid_observed_phase_at_origin,ABCDE,calibration,3,3,spectral_core,local_partition_rf,0,0.11,0,0.14
1125,2018-02,2017-02,12,0,True,0.0,master,valid_observed_phase_at_origin,ABCDE,calibration,3,3,spectral_core,local_partition_rf,0,0.17,0,0.09
1126,2018-02,2017-02,12,0,True,0.0,master,valid_observed_phase_at_origin,ABCDE,calibration,3,3,spectral_core,local_partition_rf,0,0.1,0,0.13
1127,2018-02,2017-02,12,0,True,0.0,master,valid_observed_phase_at_origin,ABCDE,calibration,3,3,spectral_core,local_partition_rf,0,0.19,0,0.31
1128,2018-02,2017-02,12,0,True,0.0,master,valid_observed_phase_at_origin,ABCDE,calibration,3,3,spectral_core,local_partition_rf,0,0.06,0,0.08
1129,2018-02,2017-02,12,0,True,0.0,master,valid_observed_phase_at_origin,ABCDE,calibration,3,3,spectral_core,local_partition_rf,0,0.08,0,0.05
1130,2018-02,2017-02,12,0,True,0.0,master,valid_observed_phase_at_origin,ABCDE,calibration,3,3,spectral_core,local_partition_rf,0,0.24,0,0.21
1131,2018-02,2017-02,12,1,True,1.0,master,valid_observed_phase_at_origin,ABCDE,calibration,3,3,spectral_core,local_partition_rf,0,0.2,0,0.24
1132,2018-02,2017-02,12,0,True,0.0,master,valid_observed_phase_at_origin,ABCDE,calibration,3,3,spectral_core,local_partition_rf,0,0.08,0,0.12
1133,2018-02,2017-02,12,0,True,0.0,master,valid_observed_phase_at_origin,ABCDE,calibration,3,3,spectral_core,local_partition_rf,0,0.09,0,0.11
1134,2018-02,2017-02,12,0,True,1.0,master,valid_observed_phase_at_origin,ABCDE,calibration,3,3,spectral_core,local_partition_rf,0,0.27,0,0.23
1135,2018-02,2017-02,12,0,True,0.0,master,valid_observed_phase_at_origin,ABCDE,calibration,3,3,spectral_core,local_partition_rf,0,0.25,0,0.13
1136,2018-02,2017-02,12,0,True,0.0,master,valid_observed_phase_at_origin,ABCDE,calibration,3,3,spectral_core,local_partition_rf,0,0.08,0,0.04
1137,2018-02,2017-02,12,0,True,0.0,master,valid_observed_phase_at_origin,ABCDE,calibration,3,10,spectral_core,local_partition_rf,0,0.21,0,0.05
1138,2018-02,2017-02,12,0,True,0.0,master,valid_observed_phase_at_origin,ABCDE,calibration,3,3,spectral_core,local_partition_rf,0,0.13,0,0.08
1139,2018-02,2017-02,12,0,True,0.0,master,valid_observed_phase_at_origin,ABCDE,calibration,3,3,spectral_core,local_partition_rf,0,0.23,0,0.19
1140,2018-02,2017-02,12,0,True,0.0,master,valid_observed_phase_at_origin,ABCDE,calibration,3,10,spectral_core,local_partition_rf,0,0.21,0,0.16
1141,2018-02,2017-02,12,0,True,0.0,master,valid_observed_phase_at_origin,ABCDE,calibration,3,3,spectral_core,local_partition_rf,0,0.04,0,0.15
1142,2018-02,2017-02,12,0,True,0.0,master,valid_observed_phase_at_origin,ABCDE,calibration,3,10,spectral_core,local_partition_rf,0,0.21,0,0.1
1143,2018-02,2017-02,12,0,True,0.0,master,valid_observed_phase_at_origin,ABCDE,calibration,3,3,spectral_core,local_partition_rf,0,0.08,0,0.18
1144,2018-02,2017-02,12,0,True,0.0,master,valid_observed_phase_at_origin,ABCDE,calibration,3,3,spectral_core,local_partition_rf,0,0.11,0,0.26
1145,2018-02,2017-02,12,0,True,0.0,master,valid_observed_phase_at_origin,ABCDE,calibration,3,10,spectral_core,local_partition_rf,0,0.26,0,0.17
1146,2018-02,2017-02,12,0,True,0.0,master,valid_observed_phase_at_origin,ABCDE,calibration,3,3,spectral_core,local_partition_rf,0,0.21,0,0.19
1147,2018-02,2017-02,12,0,True,0.0,master,valid_observed_phase_at_origin,ABCDE,calibration,3,3,spectral_core,local_partition_rf,0,0.04,0,0.07
1148,2018-02,2017-02,12,0,True,0.0,master,valid_observed_phase_at_origin,ABCDE,calibration,3,3,spectral_core,local_partition_rf,0,0.04,0,0.08
1149,2018-02,2017-02,12,0,True,0.0,master,valid_observed_phase_at_origin,ABCDE,calibration,3,3,spectral_core,local_partition_rf,0,0.09,0,0.12
1150,2018-02,2017-02,12,0,True,0.0,master,valid_observed_phase_at_origin,ABCDE,calibration,3,3,spectral_core,local_partition_rf,0,0.04,0,0.08
1151,2018-02,2017-02,12,0,True,0.0,master,valid_observed_phase_at_origin,ABCDE,calibration,3,3,spectral_core,local_partition_rf,0,0.11,0,0.11
1152,2018-02,2017-02,12,0,True,0.0,master,valid_observed_phase_at_origin,ABCDE,calibration,3,3,spectral_core,local_partition_rf,0,0.07,0,0.17
1153,2018-02,2017-02,12,0,True,0.0,master,valid_observed_phase_at_origin,ABCDE,calibration,3,3,spectral_core,local_partition_rf,0,0.26,0,0.18
1154,2018-02,2017-02,12,0,True,1.0,master,valid_observed_phase_at_origin,ABCDE,calibration,3,3,spectral_core,local_partition_rf,0,0.16,0,0.31
1155,2018-02,2017-02,12,0,True,0.0,master,valid_observed_phase_at_origin,ABCDE,calibration,3,3,spectral_core,local_partition_rf,0,0.29,0,0.19
1156,2018-02,2017-02,12,0,True,0.0,master,valid_observed_phase_at_origin,ABCDE,calibration,3,3,spectral_core,local_partition_rf,0,0.13,0,0.11
1157,2018-02,2017-02,12,0,True,0.0,master,valid_observed_phase_at_origin,ABCDE,calibration,3,3,spectral_core,local_partition_rf,0,0.08,0,0.08
1158,2018-02,2017-02,12,0,True,0.0,master,valid_observed_phase_at_origin,ABCDE,calibration,3,3,spectral_core,local_partition_rf,0,0.12,0,0.14
1159,2018-02,2017-02,12,0,True,0.0,master,valid_observed_phase_at_origin,ABCDE,calibration,3,3,spectral_core,local_partition_rf,0,0.22,0,0.18
1160,2018-02,2017-02,12,0,True,0.0,master,valid_observed_phase_at_origin,ABCDE,calibration,3,3,spectral_core,local_partition_rf,0,0.12,0,0.09
1161,2018-02,2017-02,12,0,True,0.0,master,valid_observed_phase_at_origin,ABCDE,calibration,3,3,spectral_core,local_partition_rf,0,0.16,0,0.13
1162,2018-02,2017-02,12,0,True,0.0,master,valid_observed_phase_at_origin,ABCDE,calibration,3,3,spectral_core,local_partition_rf,0,0.09,0,0.07
1163,2018-02,2017-02,12,0,True,0.0,master,valid_observed_phase_at_origin,ABCDE,calibration,3,3,spectral_core,local_partition_rf,0,0.19,0,0.13
1164,2018-02,2017-02,12,0,True,0.0,master,valid_observed_phase_at_origin,ABCDE,calibration,3,3,spectral_core,local_partition_rf,0,0.12,0,0.19
1165,2018-02,2017-02,12,0,True,0.0,master,valid_observed_phase_at_origin,ABCDE,calibration,3,3,spectral_core,local_partition_rf,0,0.22,0,0.21
1166,2018-02,2017-02,12,0,True,0.0,master,valid_observed_phase_at_origin,ABCDE,calibration,3,3,spectral_core,local_partition_rf,0,0.2,0,0.13
1167,2018-02,2017-02,12,0,True,0.0,master,valid_observed_phase_at_origin,ABCDE,calibration,3,3,spectral_core,local_partition_rf,0,0.01,0,0.06
1168,2018-02,2017-02,12,0,True,0.0,master,valid_observed_phase_at_origin,ABCDE,calibration,3,3,spectral_core,local_partition_rf,0,0.13,0,0.06
1169,2018-02,2017-02,12,0,True,0.0,master,valid_observed_phase_at_origin,ABCDE,calibration,3,3,spectral_core,local_partition_rf,0,0.14,0,0.14
1170,2018-02,2017-02,12,0,True,1.0,master,valid_observed_phase_at_origin,ABCDE,calibration,3,3,spectral_core,local_partition_rf,0,0.16,0,0.23
1171,2018-02,2017-02,12,0,True,0.0,master,valid_observed_phase_at_origin,ABCDE,calibration,3,3,spectral_core,local_partition_rf,0,0.09,0,0.15
1172,2018-02,2017-02,12,0,True,0.0,master,valid_observed_phase_at_origin,ABCDE,calibration,3,3,spectral_core,local_partition_rf,0,0.11,0,0.12
1173,2018-02,2017-02,12,0,True,0.0,master,valid_observed_phase_at_origin,ABCDE,calibration,3,3,spectral_core,local_partition_rf,0,0.05,0,0.08
1174,2018-02,2017-02,12,0,True,0.0,master,valid_observed_phase_at_origin,ABCDE,calibration,3,3,spectral_core,local_partition_rf,0,0.01,0,0.09
1175,2018-02,2017-02,12,0,True,0.0,master,valid_observed_phase_at_origin,ABCDE,calibration,3,3,spectral_core,local_partition_rf,0,0.14,0,0.18
1176,2018-02,2017-02,12,0,True,1.0,master,valid_observed_phase_at_origin,ABCDE,calibration,3,3,spectral_core,local_partition_rf,0,0.27,0,0.21
1177,2018-02,2017-02,12,0,True,0.0,master,valid_observed_phase_at_origin,ABCDE,calibration,3,3,spectral_core,local_partition_rf,0,0.16,0,0.14
1178,2018-02,2017-02,12,0,True,0.0,master,valid_observed_phase_at_origin,ABCDE,calibration,3,3,spectral_core,local_partition_rf,0,0.16,0,0.17
1179,2018-02,2017-02,12,0,True,0.0,master,valid_observed_phase_at_origin,ABCDE,calibration,3,3,spectral_core,local_partition_rf,0,0.04,0,0.04
1180,2018-02,2017-02,12,0,True,0.0,master,valid_observed_phase_at_origin,ABCDE,calibration,3,3,spectral_core,local_partition_rf,0,0.06,0,0.05
1181,2018-02,2017-02,12,0,True,0.0,master,valid_observed_phase_at_origin,ABCDE,calibration,3,3,spectral_core,local_partition_rf,0,0.09,0,0.08
1182,2018-02,2017-02,12,0,True,0.0,master,valid_observed_phase_at_origin,ABCDE,calibration,3,3,spectral_core,local_partition_rf,0,0.06,0,0.11
1183,2018-02,2017-02,12,0,True,1.0,master,valid_observed_phase_at_origin,ABCDE,calibration,3,3,spectral_core,local_partition_rf,0,0.22,0,0.23
1184,2018-02,2017-02,12,0,True,0.0,master,valid_observed_phase_at_origin,ABCDE,calibration,3,3,spectral_core,local_partition_rf,0,0.1,0,0.14
1185,2018-02,2017-02,12,0,True,0.0,master,valid_observed_phase_at_origin,ABCDE,calibration,3,3,spectral_core,local_partition_rf,0,0.14,0,0.26
1186,2018-02,2017-02,12,0,True,0.0,master,valid_observed_phase_at_origin,ABCDE,calibration,3,3,spectral_core,local_partition_rf,0,0.09,0,0.07
1187,2018-02,2017-02,12,0,True,0.0,master,valid_observed_phase_at_origin,ABCDE,calibration,3,3,spectral_core,local_partition_rf,0,0.13,0,0.12
1188,2018-02,2017-02,12,0,True,0.0,master,valid_observed_phase_at_origin,ABCDE,calibration,3,3,spectral_core,local_partition_rf,0,0.12,0,0.15
1189,2018-02,2017-02,12,0,True,0.0,master,valid_observed_phase_at_origin,ABCDE,calibration,3,3,spectral_core,local_partition_rf,0,0.12,0,0.15
1190,2018-02,2017-02,12,0,True,0.0,master,valid_observed_phase_at_origin,ABCDE,calibration,3,3,spectral_core,local_partition_rf,0,0.05,0,0.09
1191,2018-02,2017-02,12,0,True,0.0,master,valid_observed_phase_at_origin,ABCDE,calibration,3,3,spectral_core,local_partition_rf,0,0.09,0,0.05
1192,2018-02,2017-02,12,0,True,0.0,master,valid_observed_phase_at_origin,ABCDE,calibration,3,3,spectral_core,local_partition_rf,0,0.05,0,0.12
1193,2018-02,2017-02,12,0,True,0.0,master,valid_observed_phase_at_origin,ABCDE,calibration,3,3,spectral_core,local_partition_rf,0,0.09,0,0.1
1194,2018-02,2017-02,12,0,True,0.0,master,valid_observed_phase_at_origin,ABCDE,calibration,3,3,spectral_core,local_partition_rf,0,0.14,0,0.13
1195,2018-02,2017-02,12,0,True,0.0,master,valid_observed_phase_at_origin,ABCDE,calibration,3,3,spectral_core,local_partition_rf,0,0.17,0,0.22
1196,2018-02,2017-02,12,0,True,0.0,master,valid_observed_phase_at_origin,ABCDE,calibration,3,3,spectral_core,local_partition_rf,0,0.09,0,0.04
1197,2018-02,2017-02,12,0,True,0.0,master,valid_observed_phase_at_origin,ABCDE,calibration,3,3,spectral_core,local_partition_rf,0,0.12,0,0.09
1198,2018-02,2017-02,12,0,True,0.0,master,valid_observed_phase_at_origin,ABCDE,calibration,3,3,spectral_core,local_partition_rf,0,0.04,0,0.11
1199,2018-02,2017-02,12,0,True,0.0,master,valid_observed_phase_at_origin,ABCDE,calibration,3,3,spectral_core,local_partition_rf,0,0.1,0,0.1
1200,2018-02,2017-02,12,1,True,0.0,master,valid_observed_phase_at_origin,ABCDE,calibration,3,3,spectral_core,local_partition_rf,0,0.18,0,0.15
1201,2018-02,2017-02,12,0,True,0.0,master,valid_observed_phase_at_origin,ABCDE,calibration,3,3,spectral_core,local_partition_rf,0,0.14,0,0.18
1202,2018-02,2017-02,12,0,True,0.0,master,valid_observed_phase_at_origin,ABCDE,calibration,3,3,spectral_core,local_partition_rf,0,0.21,0,0.16
1203,2018-02,2017-02,12,0,True,0.0,master,valid_observed_phase_at_origin,ABCDE,calibration,3,3,spectral_core,local_partition_rf,0,0.12,0,0.19
1204,2018-02,2017-02,12,0,True,0.0,master,valid_observed_phase_at_origin,ABCDE,calibration,3,3,spectral_core,local_partition_rf,0,0.06,0,0.13
1205,2018-02,2017-02,12,1,True,0.0,master,valid_observed_phase_at_origin,ABCDE,calibration,3,3,spectral_core,local_partition_rf,0,0.08,0,0.07
1206,2018-02,2017-02,12,0,True,0.0,master,valid_observed_phase_at_origin,ABCDE,calibration,3,3,spectral_core,local_partition_rf,0,0.22,0,0.11
1207,2018-02,2017-02,12,0,True,1.0,master,valid_observed_phase_at_origin,ABCDE,calibration,3,3,spectral_core,local_partition_rf,0,0.18,0,0.25
1208,2018-02,2017-02,12,0,True,0.0,master,valid_observed_phase_at_origin,ABCDE,calibration,3,3,spectral_core,local_partition_rf,0,0.11,0,0.15
1209,2018-02,2017-02,12,0,True,0.0,master,valid_observed_phase_at_origin,ABCDE,calibration,3,3,spectral_core,local_partition_rf,0,0.24,0,0.29
1210,2018-02,2017-02,12,0,True,0.0,master,valid_observed_phase_at_origin,ABCDE,calibration,3,3,spectral_core,local_partition_rf,0,0.24,0,0.26
1211,2018-02,2017-02,12,0,True,0.0,master,valid_observed_phase_at_origin,ABCDE,calibration,3,3,spectral_core,local_partition_rf,0,0.11,0,0.12
1212,2018-02,2017-02,12,0,True,0.0,master,valid_observed_phase_at_origin,ABCDE,calibration,3,3,spectral_core,local_partition_rf,0,0.28,0,0.18
1213,2018-02,2017-02,12,0,True,0.0,master,valid_observed_phase_at_origin,ABCDE,calibration,3,3,spectral_core,local_partition_rf,0,0.25,0,0.15
1214,2018-02,2017-02,12,0,True,0.0,master,valid_observed_phase_at_origin,ABCDE,calibration,3,3,spectral_core,local_partition_rf,0,0.12,0,0.12
1215,2018-02,2017-02,12,0,True,0.0,master,valid_observed_phase_at_origin,ABCDE,calibration,3,3,spectral_core,local_partition_rf,0,0.07,0,0.07
1216,2018-02,2017-02,12,0,True,0.0,master,valid_observed_phase_at_origin,ABCDE,calibration,3,3,spectral_core,local_partition_rf,0,0.21,0,0.14
1217,2018-02,2017-02,12,0,True,0.0,master,valid_observed_phase_at_origin,ABCDE,calibration,3,10,spectral_core,local_partition_rf,0,0.24,0,0.1
1218,2018-02,2017-02,12,0,True,0.0,master,valid_observed_phase_at_origin,ABCDE,calibration,3,3,spectral_core,local_partition_rf,0,0.12,0,0.1
1219,2018-02,2017-02,12,0,True,0.0,master,valid_observed_phase_at_origin,ABCDE,calibration,3,3,spectral_core,local_partition_rf,0,0.08,0,0.12
1220,2018-02,2017-02,12,0,True,0.0,master,valid_observed_phase_at_origin,ABCDE,calibration,3,3,spectral_core,local_partition_rf,0,0.18,0,0.18
1221,2018-02,2017-02,12,0,True,0.0,master,valid_observed_phase_at_origin,ABCDE,calibration,3,3,spectral_core,local_partition_rf,0,0.2,0,0.19
1222,2018-02,2017-02,12,0,True,0.0,master,valid_observed_phase_at_origin,ABCDE,calibration,3,3,spectral_core,local_partition_rf,0,0.23,0,0.22
1223,2018-02,2017-02,12,0,True,0.0,master,valid_observed_phase_at_origin,ABCDE,calibration,3,3,spectral_core,local_partition_rf,0,0.2,0,0.25
1224,2018-02,2017-02,12,0,True,0.0,master,valid_observed_phase_at_origin,ABCDE,calibration,3,3,spectral_core,local_partition_rf,0,0.06,0,0.08
1225,2018-02,2017-02,12,1,True,0.0,master,valid_observed_phase_at_origin,ABCDE,calibration,3,3,spectral_core,local_partition_rf,0,0.11,0,0.08
1226,2018-02,2017-02,12,0,True,1.0,master,valid_observed_phase_at_origin,ABCDE,calibration,3,3,spectral_core,local_partition_rf,0,0.19,0,0.27
1227,2018-02,2017-02,12,0,True,1.0,master,valid_observed_phase_at_origin,ABCDE,calibration,3,3,spectral_core,local_partition_rf,0,0.21,0,0.2
1228,2018-02,2017-02,12,0,True,1.0,master,valid_observed_phase_at_origin,ABCDE,calibration,3,3,spectral_core,local_partition_rf,0,0.18,0,0.28
1229,2018-02,2017-02,12,0,True,0.0,master,valid_observed_phase_at_origin,ABCDE,calibration,3,3,spectral_core,local_partition_rf,0,0.17,0,0.21
1230,2018-02,2017-02,12,0,True,0.0,master,valid_observed_phase_at_origin,ABCDE,calibration,3,3,spectral_core,local_partition_rf,0,0.32,0,0.24
1231,2018-02,2017-02,12,0,True,0.0,master,valid_observed_phase_at_origin,ABCDE,calibration,3,10,spectral_core,local_partition_rf,0,0.17,0,0.09
1232,2018-02,2017-02,12,0,True,0.0,master,valid_observed_phase_at_origin,ABCDE,calibration,3,10,spectral_core,local_partition_rf,0,0.22,0,0.11
1233,2018-02,2017-02,12,0,True,0.0,master,valid_observed_phase_at_origin,ABCDE,calibration,3,3,spectral_core,local_partition_rf,0,0.07,0,0.06
1234,2018-02,2017-02,12,0,True,0.0,master,valid_observed_phase_at_origin,ABCDE,calibration,3,3,spectral_core,local_partition_rf,0,0.05,0,0.09
1235,2018-02,2017-02,12,0,True,1.0,master,valid_observed_phase_at_origin,ABCDE,calibration,3,3,spectral_core,local_partition_rf,0,0.33,0,0.26
1236,2018-02,2017-02,12,0,True,0.0,master,valid_observed_phase_at_origin,ABCDE,calibration,3,10,spectral_core,local_partition_rf,0,0.17,0,0.08
1237,2018-02,2017-02,12,1,True,1.0,master,valid_observed_phase_at_origin,ABCDE,calibration,3,3,spectral_core,local_partition_rf,0,0.22,0,0.29
1238,2018-02,2017-02,12,0,True,0.0,master,valid_observed_phase_at_origin,ABCDE,calibration,3,3,spectral_core,local_partition_rf,0,0.15,0,0.23
1239,2018-02,2017-02,12,1,True,1.0,master,valid_observed_phase_at_origin,ABCDE,calibration,3,3,spectral_core,local_partition_rf,0,0.23,0,0.31
1240,2018-02,2017-02,12,0,True,0.0,master,valid_observed_phase_at_origin,ABCDE,calibration,3,3,spectral_core,local_partition_rf,0,0.16,0,0.25
1241,2018-02,2017-02,12,0,True,0.0,master,valid_observed_phase_at_origin,ABCDE,calibration,3,3,spectral_core,local_partition_rf,0,0.05,0,0.06
1242,2018-02,2017-02,12,0,True,0.0,master,valid_observed_phase_at_origin,ABCDE,calibration,3,3,spectral_core,local_partition_rf,0,0.02,0,0.02
1243,2018-02,2017-02,12,0,True,0.0,master,valid_observed_phase_at_origin,ABCDE,calibration,3,3,spectral_core,local_partition_rf,0,0.04,0,0.06
1244,2018-02,2017-02,12,0,True,0.0,master,valid_observed_phase_at_origin,ABCDE,calibration,3,3,spectral_core,local_partition_rf,0,0.04,0,0.07
1245,2018-02,2017-02,12,0,True,0.0,master,valid_observed_phase_at_origin,ABCDE,calibration,3,3,spectral_core,local_partition_rf,0,0.09,0,0.01
1246,2018-02,2017-02,12,0,True,0.0,master,valid_observed_phase_at_origin,ABCDE,calibration,3,3,spectral_core,local_partition_rf,0,0.09,0,0.1
1247,2018-02,2017-02,12,0,True,0.0,master,valid_observed_phase_at_origin,ABCDE,calibration,3,3,spectral_core,local_partition_rf,0,0.07,0,0.03
1248,2018-02,2017-02,12,1,True,1.0,master,valid_observed_phase_at_origin,ABCDE,calibration,3,3,spectral_core,local_partition_rf,0,0.22,0,0.2
1249,2018-02,2017-02,12,0,True,0.0,master,valid_observed_phase_at_origin,ABCDE,calibration,3,3,spectral_core,local_partition_rf,0,0.08,0,0.09
1250,2018-02,2017-02,12,0,True,0.0,master,valid_observed_phase_at_origin,ABCDE,calibration,3,3,spectral_core,local_partition_rf,0,0.14,0,0.08
1251,2018-02,2017-02,12,0,True,0.0,master,valid_observed_phase_at_origin,ABCDE,calibration,3,3,spectral_core,local_partition_rf,0,0.1,0,0.11
1252,2018-02,2017-02,12,0,True,0.0,master,valid_observed_phase_at_origin,ABCDE,calibration,3,3,spectral_core,local_partition_rf,0,0.19,0,0.24
1253,2018-02,2017-02,12,0,True,0.0,master,valid_observed_phase_at_origin,ABCDE,calibration,3,3,spectral_core,local_partition_rf,0,0.12,0,0.2
1254,2018-02,2017-02,12,0,True,0.0,master,valid_observed_phase_at_origin,ABCDE,calibration,3,3,spectral_core,local_partition_rf,0,0.1,0,0.14
1255,2018-02,2017-02,12,0,True,0.0,master,valid_observed_phase_at_origin,ABCDE,calibration,3,3,spectral_core,local_partition_rf,0,0.06,0,0.09
1256,2018-02,2017-02,12,0,True,0.0,master,valid_observed_phase_at_origin,ABCDE,calibration,3,3,spectral_core,local_partition_rf,0,0.01,0,0.05
1257,2018-02,2017-02,12,0,True,0.0,master,valid_observed_phase_at_origin,ABCDE,calibration,3,3,spectral_core,local_partition_rf,0,0.07,0,0.1
1258,2018-02,2017-02,12,0,True,0.0,master,valid_observed_phase_at_origin,ABCDE,calibration,3,3,spectral_core,local_partition_rf,0,0.07,0,0.06
1259,2018-02,2017-02,12,0,True,0.0,master,valid_observed_phase_at_origin,ABCDE,calibration,3,3,spectral_core,local_partition_rf,0,0.19,0,0.19
1260,2018-02,2017-02,12,0,True,0.0,master,valid_observed_phase_at_origin,ABCDE,calibration,3,3,spectral_core,local_partition_rf,0,0.2,0,0.22
1261,2018-02,2017-02,12,0,True,0.0,master,valid_observed_phase_at_origin,ABCDE,calibration,3,3,spectral_core,local_partition_rf,0,0.07,0,0.15
1262,2018-02,2017-02,12,0,True,0.0,master,valid_observed_phase_at_origin,ABCDE,calibration,3,3,spectral_core,local_partition_rf,0,0.19,0,0.13
1263,2018-02,2017-02,12,0,True,0.0,master,valid_observed_phase_at_origin,ABCDE,calibration,3,3,spectral_core,local_partition_rf,0,0.09,0,0.13
1264,2018-02,2017-02,12,0,True,0.0,master,valid_observed_phase_at_origin,ABCDE,calibration,3,3,spectral_core,local_partition_rf,0,0.1,0,0.12
1265,2018-02,2017-02,12,0,True,0.0,master,valid_observed_phase_at_origin,ABCDE,calibration,3,3,spectral_core,local_partition_rf,0,0.11,0,0.18
1266,2018-02,2017-02,12,0,True,0.0,master,valid_observed_phase_at_origin,ABCDE,calibration,3,3,spectral_core,local_partition_rf,0,0.3,0,0.25
1267,2018-02,2017-02,12,0,True,0.0,master,valid_observed_phase_at_origin,ABCDE,calibration,3,3,spectral_core,local_partition_rf,0,0.07,0,0.15
1268,2018-02,2017-02,12,0,True,0.0,master,valid_observed_phase_at_origin,ABCDE,calibration,3,3,spectral_core,local_partition_rf,0,0.19,0,0.12
1269,2018-02,2017-02,12,0,True,0.0,master,valid_observed_phase_at_origin,ABCDE,calibration,3,3,spectral_core,local_partition_rf,0,0.08,0,0.07
1270,2018-02,2017-02,12,1,True,1.0,master,valid_observed_phase_at_origin,ABCDE,calibration,3,3,spectral_core,local_partition_rf,0,0.19,0,0.25
1271,2018-02,2017-02,12,0,True,0.0,master,valid_observed_phase_at_origin,ABCDE,calibration,3,3,spectral_core,local_partition_rf,0,0.1,0,0.07
1272,2018-02,2017-02,12,0,True,0.0,master,valid_observed_phase_at_origin,ABCDE,calibration,3,3,spectral_core,local_partition_rf,0,0.35,0,0.21
1273,2018-02,2017-02,12,0,True,0.0,master,valid_observed_phase_at_origin,ABCDE,calibration,3,3,spectral_core,local_partition_rf,0,0.06,0,0.07
1274,2018-02,2017-02,12,0,True,0.0,master,valid_observed_phase_at_origin,ABCDE,calibration,3,3,spectral_core,local_partition_rf,0,0.4,0,0.23
1275,2018-02,2017-02,12,0,True,0.0,master,valid_observed_phase_at_origin,ABCDE,calibration,3,3,spectral_core,local_partition_rf,0,0.06,0,0.08
1276,2018-02,2017-02,12,0,True,1.0,master,valid_observed_phase_at_origin,ABCDE,calibration,3,3,spectral_core,local_partition_rf,0,0.29,0,0.27
1277,2018-02,2017-02,12,1,True,0.0,master,valid_observed_phase_at_origin,ABCDE,calibration,3,3,spectral_core,local_partition_rf,0,0.15,0,0.09
1278,2018-02,2017-02,12,0,True,0.0,master,valid_observed_phase_at_origin,ABCDE,calibration,3,3,spectral_core,local_partition_rf,0,0.08,0,0.12
1279,2018-02,2017-02,12,0,True,0.0,master,valid_observed_phase_at_origin,ABCDE,calibration,3,3,spectral_core,local_partition_rf,0,0.02,0,0.1
1280,2018-02,2017-02,12,0,True,0.0,master,valid_observed_phase_at_origin,ABCDE,calibration,3,3,spectral_core,local_partition_rf,0,0.07,0,0.1
1281,2018-02,2017-02,12,0,True,0.0,master,valid_observed_phase_at_origin,ABCDE,calibration,3,3,spectral_core,local_partition_rf,0,0.21,0,0.13
1282,2018-02,2017-02,12,0,True,0.0,master,valid_observed_phase_at_origin,ABCDE,calibration,3,3,spectral_core,local_partition_rf,0,0.07,0,0.04
1283,2018-02,2017-02,12,0,True,0.0,master,valid_observed_phase_at_origin,ABCDE,calibration,3,3,spectral_core,local_partition_rf,0,0.04,0,0.08
1284,2018-02,2017-02,12,0,True,0.0,master,valid_observed_phase_at_origin,ABCDE,calibration,3,3,spectral_core,local_partition_rf,0,0.19,0,0.15
1285,2018-02,2017-02,12,0,True,0.0,master,valid_observed_phase_at_origin,ABCDE,calibration,3,3,spectral_core,local_partition_rf,0,0.14,0,0.18
1286,2018-02,2017-02,12,1,True,1.0,master,valid_observed_phase_at_origin,ABCDE,calibration,3,3,spectral_core,local_partition_rf,0,0.17,0,0.28
1287,2018-02,2017-02,12,0,True,0.0,master,valid_observed_phase_at_origin,ABCDE,calibration,3,3,spectral_core,local_partition_rf,0,0.09,0,0.08
1288,2018-02,2017-02,12,0,True,0.0,master,valid_observed_phase_at_origin,ABCDE,calibration,3,3,spectral_core,local_partition_rf,0,0.04,0,0.07
1289,2018-02,2017-02,12,0,True,0.0,master,valid_observed_phase_at_origin,ABCDE,calibration,3,3,spectral_core,local_partition_rf,0,0.03,0,0.04
1290,2018-02,2017-02,12,0,True,1.0,master,valid_observed_phase_at_origin,ABCDE,calibration,3,3,spectral_core,local_partition_rf,0,0.14,0,0.24
1291,2018-02,2017-02,12,1,True,1.0,master,valid_observed_phase_at_origin,ABCDE,calibration,3,3,spectral_core,local_partition_rf,0,0.22,0,0.3
1292,2018-02,2017-02,12,0,True,0.0,master,valid_observed_phase_at_origin,ABCDE,calibration,3,3,spectral_core,local_partition_rf,0,0.17,0,0.13
1293,2018-02,2017-02,12,1,True,1.0,master,valid_observed_phase_at_origin,ABCDE,calibration,3,3,spectral_core,local_partition_rf,0,0.22,0,0.23
1294,2018-02,2017-02,12,0,True,0.0,master,valid_observed_phase_at_origin,ABCDE,calibration,3,3,spectral_core,local_partition_rf,0,0.15,0,0.1
1295,2018-02,2017-02,12,0,True,0.0,master,valid_observed_phase_at_origin,ABCDE,calibration,3,3,spectral_core,local_partition_rf,0,0.14,0,0.14
1296,2018-02,2017-02,12,0,True,0.0,master,valid_observed_phase_at_origin,ABCDE,calibration,3,3,spectral_core,local_partition_rf,0,0.13,0,0.11
1297,2018-02,2017-02,12,0,True,0.0,master,valid_observed_phase_at_origin,ABCDE,calibration,3,3,spectral_core,local_partition_rf,0,0.13,0,0.18
1298,2018-02,2017-02,12,0,True,0.0,master,valid_observed_phase_at_origin,ABCDE,calibration,3,3,spectral_core,local_partition_rf,0,0.09,0,0.05
1299,2018-02,2017-02,12,0,True,0.0,master,valid_observed_phase_at_origin,ABCDE,calibration,3,3,spectral_core,local_partition_rf,0,0.05,0,0.06
1300,2018-02,2017-02,12,0,True,0.0,master,valid_observed_phase_at_origin,ABCDE,calibration,3,3,spectral_core,local_partition_rf,0,0.08,0,0.15
1301,2018-02,2017-02,12,0,True,0.0,master,valid_observed_phase_at_origin,ABCDE,calibration,3,3,spectral_core,local_partition_rf,0,0.15,0,0.15
1302,2018-02,2017-02,12,0,True,0.0,master,valid_observed_phase_at_origin,ABCDE,calibration,3,3,spectral_core,local_partition_rf,0,0.17,0,0.27
1303,2018-02,2017-02,12,0,True,0.0,master,valid_observed_phase_at_origin,ABCDE,calibration,3,3,spectral_core,local_partition_rf,0,0.05,0,0.04
1304,2018-02,2017-02,12,0,True,1.0,master,valid_observed_phase_at_origin,ABCDE,calibration,3,3,spectral_core,local_partition_rf,0,0.25,0,0.26
1305,2018-02,2017-02,12,0,True,0.0,master,valid_observed_phase_at_origin,ABCDE,calibration,3,3,spectral_core,local_partition_rf,0,0.11,0,0.16
1306,2018-02,2017-02,12,0,True,0.0,master,valid_observed_phase_at_origin,ABCDE,calibration,3,3,spectral_core,local_partition_rf,0,0.08,0,0.07
1307,2018-02,2017-02,12,0,True,1.0,master,valid_observed_phase_at_origin,ABCDE,calibration,3,3,spectral_core,local_partition_rf,0,0.29,0,0.3
1308,2018-02,2017-02,12,0,True,0.0,master,valid_observed_phase_at_origin,ABCDE,calibration,3,3,spectral_core,local_partition_rf,0,0.17,0,0.14
1309,2018-02,2017-02,12,0,True,0.0,master,valid_observed_phase_at_origin,ABCDE,calibration,3,3,spectral_core,local_partition_rf,0,0.08,0,0.06
1310,2018-02,2017-02,12,0,True,0.0,master,valid_observed_phase_at_origin,ABCDE,calibration,3,3,spectral_core,local_partition_rf,0,0.19,0,0.28
1311,2018-02,2017-02,12,0,True,0.0,master,valid_observed_phase_at_origin,ABCDE,calibration,3,3,spectral_core,local_partition_rf,0,0.25,0,0.2
1312,2018-02,2017-02,12,0,True,0.0,master,valid_observed_phase_at_origin,ABCDE,calibration,3,3,spectral_core,local_partition_rf,0,0.13,0,0.18
1313,2018-02,2017-02,12,0,True,0.0,master,valid_observed_phase_at_origin,ABCDE,calibration,3,3,spectral_core,local_partition_rf,0,0.1,0,0.13
1314,2018-02,2017-02,12,0,True,0.0,master,valid_observed_phase_at_origin,ABCDE,calibration,3,3,spectral_core,local_partition_rf,0,0.08,0,0.12
1315,2018-02,2017-02,12,0,True,0.0,master,valid_observed_phase_at_origin,ABCDE,calibration,3,3,spectral_core,local_partition_rf,0,0.05,0,0.08
1316,2018-02,2017-02,12,0,True,0.0,master,valid_observed_phase_at_origin,ABCDE,calibration,3,3,spectral_core,local_partition_rf,0,0.16,0,0.19
1317,2018-02,2017-02,12,0,True,0.0,master,valid_observed_phase_at_origin,ABCDE,calibration,3,3,spectral_core,local_partition_rf,0,0.11,0,0.22
1318,2018-02,2017-02,12,0,True,0.0,master,valid_observed_phase_at_origin,ABCDE,calibration,3,3,spectral_core,local_partition_rf,0,0.12,0,0.05
1319,2018-02,2017-02,12,0,True,0.0,master,valid_observed_phase_at_origin,ABCDE,calibration,3,3,spectral_core,local_partition_rf,0,0.06,0,0.11
1320,2018-02,2017-02,12,0,True,0.0,master,valid_observed_phase_at_origin,ABCDE,calibration,3,3,spectral_core,local_partition_rf,0,0.06,0,0.06
1321,2018-02,2017-02,12,0,True,0.0,master,valid_observed_phase_at_origin,ABCDE,calibration,3,3,spectral_core,local_partition_rf,0,0.02,0,0.08
1322,2018-02,2017-02,12,0,True,0.0,master,valid_observed_phase_at_origin,ABCDE,calibration,3,3,spectral_core,local_partition_rf,0,0.1,0,0.13
1323,2018-02,2017-02,12,1,True,0.0,master,valid_observed_phase_at_origin,ABCDE,calibration,3,3,spectral_core,local_partition_rf,0,0.14,0,0.08
1324,2018-02,2017-02,12,0,True,1.0,master,valid_observed_phase_at_origin,ABCDE,calibration,3,3,spectral_core,local_partition_rf,0,0.18,0,0.24
1325,2018-02,2017-02,12,0,True,0.0,master,valid_observed_phase_at_origin,ABCDE,calibration,3,3,spectral_core,local_partition_rf,0,0.11,0,0.17
1326,2018-02,2017-02,12,0,True,0.0,master,valid_observed_phase_at_origin,ABCDE,calibration,3,3,spectral_core,local_partition_rf,0,0.25,0,0.2
1327,2018-02,2017-02,12,0,True,0.0,master,valid_observed_phase_at_origin,ABCDE,calibration,3,3,spectral_core,local_partition_rf,0,0.12,0,0.14
1328,2018-02,2017-02,12,0,True,0.0,master,valid_observed_phase_at_origin,ABCDE,calibration,3,3,spectral_core,local_partition_rf,0,0.05,0,0.05
1329,2018-02,2017-02,12,1,True,1.0,master,valid_observed_phase_at_origin,ABCDE,calibration,3,3,spectral_core,local_partition_rf,0,0.19,0,0.24
1330,2018-02,2017-02,12,0,True,0.0,master,valid_observed_phase_at_origin,ABCDE,calibration,3,3,spectral_core,local_partition_rf,0,0.05,0,0.11
1331,2018-02,2017-02,12,0,True,0.0,master,valid_observed_phase_at_origin,ABCDE,calibration,3,3,spectral_core,local_partition_rf,0,0.16,0,0.11
1332,2018-02,2017-02,12,0,True,0.0,master,valid_observed_phase_at_origin,ABCDE,calibration,3,3,spectral_core,local_partition_rf,0,0.08,0,0.03
1333,2018-02,2017-02,12,0,True,0.0,master,valid_observed_phase_at_origin,ABCDE,calibration,3,3,spectral_core,local_partition_rf,0,0.03,0,0.08
1334,2018-02,2017-02,12,0,True,0.0,master,valid_observed_phase_at_origin,ABCDE,calibration,3,3,spectral_core,local_partition_rf,0,0.09,0,0.12
1335,2018-02,2017-02,12,0,True,0.0,master,valid_observed_phase_at_origin,ABCDE,calibration,3,3,spectral_core,local_partition_rf,0,0.1,0,0.13
1336,2018-02,2017-02,12,0,True,0.0,master,valid_observed_phase_at_origin,ABCDE,calibration,3,3,spectral_core,local_partition_rf,0,0.19,0,0.25
1337,2018-02,2017-02,12,0,True,0.0,master,valid_observed_phase_at_origin,ABCDE,calibration,3,3,spectral_core,local_partition_rf,0,0.05,0,0.07
1338,2018-02,2017-02,12,0,True,0.0,master,valid_observed_phase_at_origin,ABCDE,calibration,3,3,spectral_core,local_partition_rf,0,0.34,0,0.18
1339,2018-02,2017-02,12,0,True,0.0,master,valid_observed_phase_at_origin,ABCDE,calibration,3,10,spectral_core,local_partition_rf,0,0.37,0,0.14
1340,2018-02,2017-02,12,0,True,0.0,master,valid_observed_phase_at_origin,ABCDE,calibration,3,10,spectral_core,local_partition_rf,0,0.21,0,0.1
1341,2018-02,2017-02,12,0,True,0.0,master,valid_observed_phase_at_origin,ABCDE,calibration,3,10,spectral_core,local_partition_rf,0,0.19,0,0.07
1342,2018-02,2017-02,12,0,True,0.0,master,valid_observed_phase_at_origin,ABCDE,calibration,3,3,spectral_core,local_partition_rf,0,0.17,0,0.15
1343,2018-02,2017-02,12,0,True,0.0,master,valid_observed_phase_at_origin,ABCDE,calibration,3,3,spectral_core,local_partition_rf,0,0.13,0,0.17
1344,2018-02,2017-02,12,0,True,0.0,master,valid_observed_phase_at_origin,ABCDE,calibration,3,3,spectral_core,local_partition_rf,0,0.11,0,0.16
1345,2018-02,2017-02,12,0,True,0.0,master,valid_observed_phase_at_origin,ABCDE,calibration,3,3,spectral_core,local_partition_rf,0,0.24,0,0.25
1346,2018-02,2017-02,12,0,True,0.0,master,valid_observed_phase_at_origin,ABCDE,calibration,3,3,spectral_core,local_partition_rf,0,0.14,0,0.21
1347,2018-02,2017-02,12,0,True,0.0,master,valid_observed_phase_at_origin,ABCDE,calibration,3,3,spectral_core,local_partition_rf,0,0.16,0,0.17
1348,2018-02,2017-02,12,0,True,0.0,master,valid_observed_phase_at_origin,ABCDE,calibration,3,3,spectral_core,local_partition_rf,0,0.07,0,0.07
1349,2018-02,2017-02,12,0,True,0.0,master,valid_observed_phase_at_origin,ABCDE,calibration,3,3,spectral_core,local_partition_rf,0,0.03,0,0.04
1350,2018-02,2017-02,12,0,True,0.0,master,valid_observed_phase_at_origin,ABCDE,calibration,3,3,spectral_core,local_partition_rf,0,0.04,0,0.06
1351,2018-02,2017-02,12,0,True,1.0,master,valid_observed_phase_at_origin,ABCDE,calibration,3,3,spectral_core,local_partition_rf,0,0.16,0,0.23
1352,2018-02,2017-02,12,0,True,1.0,master,valid_observed_phase_at_origin,ABCDE,calibration,3,3,spectral_core,local_partition_rf,0,0.21,0,0.2
1353,2018-02,2017-02,12,0,True,0.0,master,valid_observed_phase_at_origin,ABCDE,calibration,3,3,spectral_core,local_partition_rf,0,0.05,0,0.1
1354,2018-02,2017-02,12,0,True,0.0,master,valid_observed_phase_at_origin,ABCDE,calibration,3,3,spectral_core,local_partition_rf,0,0.07,0,0.07
1355,2018-02,2017-02,12,0,True,0.0,master,valid_observed_phase_at_origin,ABCDE,calibration,3,10,spectral_core,local_partition_rf,0,0.23,0,0.1
1356,2018-02,2017-02,12,0,True,0.0,master,valid_observed_phase_at_origin,ABCDE,calibration,3,10,spectral_core,local_partition_rf,0,0.18,0,0.13
1357,2018-02,2017-02,12,0,True,0.0,master,valid_observed_phase_at_origin,ABCDE,calibration,3,3,spectral_core,local_partition_rf,0,0.02,0,0.05
1358,2018-02,2017-02,12,0,True,0.0,master,valid_observed_phase_at_origin,ABCDE,calibration,3,3,spectral_core,local_partition_rf,0,0.12,0,0.15
1359,2018-02,2017-02,12,0,True,0.0,master,valid_observed_phase_at_origin,ABCDE,calibration,3,3,spectral_core,local_partition_rf,0,0.17,0,0.11
1360,2018-02,2017-02,12,0,True,0.0,master,valid_observed_phase_at_origin,ABCDE,calibration,3,3,spectral_core,local_partition_rf,0,0.06,0,0.1
1361,2018-02,2017-02,12,0,True,0.0,master,valid_observed_phase_at_origin,ABCDE,calibration,3,3,spectral_core,local_partition_rf,0,0.11,0,0.09
1362,2018-02,2017-02,12,0,True,0.0,master,valid_observed_phase_at_origin,ABCDE,calibration,3,3,spectral_core,local_partition_rf,0,0.05,0,0.07
1363,2018-02,2017-02,12,0,True,0.0,master,valid_observed_phase_at_origin,ABCDE,calibration,3,3,spectral_core,local_partition_rf,0,0.12,0,0.17
1364,2018-02,2017-02,12,0,True,0.0,master,valid_observed_phase_at_origin,ABCDE,calibration,3,3,spectral_core,local_partition_rf,0,0.34,0,0.24
1365,2018-02,2017-02,12,0,True,0.0,master,valid_observed_phase_at_origin,ABCDE,calibration,3,3,spectral_core,local_partition_rf,0,0.1,0,0.03
1366,2018-02,2017-02,12,0,True,0.0,master,valid_observed_phase_at_origin,ABCDE,calibration,3,3,spectral_core,local_partition_rf,0,0.11,0,0.08
1367,2018-02,2017-02,12,0,True,0.0,master,valid_observed_phase_at_origin,ABCDE,calibration,3,3,spectral_core,local_partition_rf,0,0.1,0,0.08
1368,2018-02,2017-02,12,0,True,0.0,master,valid_observed_phase_at_origin,ABCDE,calibration,3,3,spectral_core,local_partition_rf,0,0.11,0,0.12
1369,2018-02,2017-02,12,0,True,0.0,master,valid_observed_phase_at_origin,ABCDE,calibration,3,3,spectral_core,local_partition_rf,0,0.17,0,0.17
1370,2018-02,2017-02,12,0,True,1.0,master,valid_observed_phase_at_origin,ABCDE,calibration,3,3,spectral_core,local_partition_rf,0,0.26,0,0.23
1371,2018-02,2017-02,12,1,True,1.0,master,valid_observed_phase_at_origin,ABCDE,calibration,3,3,spectral_core,local_partition_rf,0,0.19,0,0.3
1372,2018-02,2017-02,12,0,True,0.0,master,valid_observed_phase_at_origin,ABCDE,calibration,3,3,spectral_core,local_partition_rf,0,0.04,0,0.02
1373,2018-02,2017-02,12,0,True,0.0,master,valid_observed_phase_at_origin,ABCDE,calibration,3,3,spectral_core,local_partition_rf,0,0.05,0,0.02
1374,2018-02,2017-02,12,0,True,0.0,master,valid_observed_phase_at_origin,ABCDE,calibration,3,3,spectral_core,local_partition_rf,0,0.07,0,0.08
1375,2018-02,2017-02,12,1,True,1.0,master,valid_observed_phase_at_origin,ABCDE,calibration,3,3,spectral_core,local_partition_rf,0,0.2,0,0.29
1376,2018-02,2017-02,12,0,True,0.0,master,valid_observed_phase_at_origin,ABCDE,calibration,3,3,spectral_core,local_partition_rf,0,0.06,0,0.09
1377,2018-02,2017-02,12,0,True,0.0,master,valid_observed_phase_at_origin,ABCDE,calibration,3,10,spectral_core,local_partition_rf,0,0.22,0,0.09
1378,2018-02,2017-02,12,0,True,0.0,master,valid_observed_phase_at_origin,ABCDE,calibration,3,3,spectral_core,local_partition_rf,0,0.16,0,0.16
1379,2018-02,2017-02,12,0,True,1.0,master,valid_observed_phase_at_origin,ABCDE,calibration,3,3,spectral_core,local_partition_rf,0,0.2,0,0.24
1380,2018-02,2017-02,12,0,True,1.0,master,valid_observed_phase_at_origin,ABCDE,calibration,3,3,spectral_core,local_partition_rf,0,0.26,0,0.26
1381,2018-02,2017-02,12,0,True,1.0,master,valid_observed_phase_at_origin,ABCDE,calibration,3,3,spectral_core,local_partition_rf,0,0.2,0,0.2
1382,2018-02,2017-02,12,1,True,1.0,master,valid_observed_phase_at_origin,ABCDE,calibration,3,3,spectral_core,local_partition_rf,0,0.21,0,0.34
1383,2018-02,2017-02,12,0,True,0.0,master,valid_observed_phase_at_origin,ABCDE,calibration,3,3,spectral_core,local_partition_rf,0,0.03,0,0.08
1384,2018-02,2017-02,12,0,True,1.0,master,valid_observed_phase_at_origin,ABCDE,calibration,3,3,spectral_core,local_partition_rf,0,0.16,0,0.25
1385,2018-02,2017-02,12,1,True,1.0,master,valid_observed_phase_at_origin,ABCDE,calibration,3,3,spectral_core,local_partition_rf,0,0.22,0,0.27
1386,2018-02,2017-02,12,0,True,1.0,master,valid_observed_phase_at_origin,ABCDE,calibration,3,3,spectral_core,local_partition_rf,0,0.17,0,0.24
1387,2018-02,2017-02,12,0,True,0.0,master,valid_observed_phase_at_origin,ABCDE,calibration,3,3,spectral_core,local_partition_rf,0,0.19,0,0.13
1388,2018-02,2017-02,12,1,True,1.0,master,valid_observed_phase_at_origin,ABCDE,calibration,3,3,spectral_core,local_partition_rf,0,0.18,0,0.25
1389,2018-02,2017-02,12,0,True,0.0,master,valid_observed_phase_at_origin,ABCDE,calibration,3,3,spectral_core,local_partition_rf,0,0.08,0,0.14
1390,2018-02,2017-02,12,0,True,0.0,master,valid_observed_phase_at_origin,ABCDE,calibration,3,3,spectral_core,local_partition_rf,0,0.19,0,0.16
1391,2018-02,2017-02,12,0,True,0.0,master,valid_observed_phase_at_origin,ABCDE,calibration,3,3,spectral_core,local_partition_rf,0,0.13,0,0.23
1392,2018-02,2017-02,12,0,True,0.0,master,valid_observed_phase_at_origin,ABCDE,calibration,3,10,spectral_core,local_partition_rf,0,0.24,0,0.12
1393,2018-02,2017-02,12,0,True,0.0,master,valid_observed_phase_at_origin,ABCDE,calibration,3,10,spectral_core,local_partition_rf,0,0.2,0,0.12
1394,2018-02,2017-02,12,0,True,0.0,master,valid_observed_phase_at_origin,ABCDE,calibration,3,3,spectral_core,local_partition_rf,0,0.04,0,0.04
1395,2018-02,2017-02,12,0,True,0.0,master,valid_observed_phase_at_origin,ABCDE,calibration,3,3,spectral_core,local_partition_rf,0,0.08,0,0.07
1396,2018-02,2017-02,12,1,True,1.0,master,valid_observed_phase_at_origin,ABCDE,calibration,3,3,spectral_core,local_partition_rf,0,0.24,0,0.23
1397,2018-02,2017-02,12,0,True,0.0,master,valid_observed_phase_at_origin,ABCDE,calibration,3,3,spectral_core,local_partition_rf,0,0.12,0,0.06
1398,2018-02,2017-02,12,0,True,0.0,master,valid_observed_phase_at_origin,ABCDE,calibration,3,3,spectral_core,local_partition_rf,0,0.12,0,0.1
1399,2018-02,2017-02,12,0,True,0.0,master,valid_observed_phase_at_origin,ABCDE,calibration,3,3,spectral_core,local_partition_rf,0,0.15,0,0.12
1400,2018-02,2017-02,12,0,True,0.0,master,valid_observed_phase_at_origin,ABCDE,calibration,3,3,spectral_core,local_partition_rf,0,0.08,0,0.03
1401,2018-02,2017-02,12,0,True,0.0,master,valid_observed_phase_at_origin,ABCDE,calibration,3,3,spectral_core,local_partition_rf,0,0.04,0,0.03
1402,2018-02,2017-02,12,0,True,0.0,master,valid_observed_phase_at_origin,ABCDE,calibration,3,3,spectral_core,local_partition_rf,0,0.03,0,0.05
1403,2018-02,2017-02,12,0,True,0.0,master,valid_observed_phase_at_origin,ABCDE,calibration,3,3,spectral_core,local_partition_rf,0,0.04,0,0.05
1404,2018-02,2017-02,12,0,True,0.0,master,valid_observed_phase_at_origin,ABCDE,calibration,3,3,spectral_core,local_partition_rf,0,0.05,0,0.04
1405,2018-02,2017-02,12,0,True,0.0,master,valid_observed_phase_at_origin,ABCDE,calibration,3,3,spectral_core,local_partition_rf,0,0.22,0,0.16
1406,2018-02,2017-02,12,0,True,0.0,master,valid_observed_phase_at_origin,ABCDE,calibration,3,3,spectral_core,local_partition_rf,0,0.03,0,0.07
1407,2018-02,2017-02,12,0,True,0.0,master,valid_observed_phase_at_origin,ABCDE,calibration,3,3,spectral_core,local_partition_rf,0,0.25,0,0.14
1408,2018-02,2017-02,12,0,True,0.0,master,valid_observed_phase_at_origin,ABCDE,calibration,3,3,spectral_core,local_partition_rf,0,0.22,0,0.18
1409,2018-02,2017-02,12,0,True,0.0,master,valid_observed_phase_at_origin,ABCDE,calibration,3,3,spectral_core,local_partition_rf,0,0.26,0,0.22
1410,2018-02,2017-02,12,0,True,0.0,master,valid_observed_phase_at_origin,ABCDE,calibration,3,3,spectral_core,local_partition_rf,0,0.03,0,0.05
1411,2018-02,2017-02,12,0,True,0.0,master,valid_observed_phase_at_origin,ABCDE,calibration,3,3,spectral_core,local_partition_rf,0,0.04,0,0.06
1412,2018-02,2017-02,12,0,True,0.0,master,valid_observed_phase_at_origin,ABCDE,calibration,3,3,spectral_core,local_partition_rf,0,0.02,0,0.06
1413,2018-02,2017-02,12,0,True,0.0,master,valid_observed_phase_at_origin,ABCDE,calibration,3,3,spectral_core,local_partition_rf,0,0.06,0,0.06
1414,2018-02,2017-02,12,1,True,0.0,master,valid_observed_phase_at_origin,ABCDE,calibration,3,3,spectral_core,local_partition_rf,0,0.14,0,0.1
1415,2018-02,2017-02,12,1,True,0.0,master,valid_observed_phase_at_origin,ABCDE,calibration,3,3,spectral_core,local_partition_rf,0,0.14,0,0.09
1416,2018-02,2017-02,12,1,True,0.0,master,valid_observed_phase_at_origin,ABCDE,calibration,3,3,spectral_core,local_partition_rf,0,0.16,0,0.1
1417,2018-02,2017-02,12,0,True,0.0,master,valid_observed_phase_at_origin,ABCDE,calibration,3,3,spectral_core,local_partition_rf,0,0.1,0,0.12
1418,2018-02,2017-02,12,0,True,0.0,master,valid_observed_phase_at_origin,ABCDE,calibration,3,3,spectral_core,local_partition_rf,0,0.09,0,0.06
1419,2018-02,2017-02,12,0,True,0.0,master,valid_observed_phase_at_origin,ABCDE,calibration,3,3,spectral_core,local_partition_rf,0,0.2,0,0.15
1420,2018-02,2017-02,12,0,True,0.0,master,valid_observed_phase_at_origin,ABCDE,calibration,3,3,spectral_core,local_partition_rf,0,0.23,0,0.26
1421,2018-02,2017-02,12,0,True,0.0,master,valid_observed_phase_at_origin,ABCDE,calibration,3,3,spectral_core,local_partition_rf,0,0.04,0,0.11
1422,2018-02,2017-02,12,0,True,0.0,master,valid_observed_phase_at_origin,ABCDE,calibration,3,3,spectral_core,local_partition_rf,0,0.08,0,0.09
1423,2018-02,2017-02,12,1,True,1.0,master,valid_observed_phase_at_origin,ABCDE,calibration,3,3,spectral_core,local_partition_rf,0,0.18,0,0.19
1424,2018-02,2017-02,12,1,True,1.0,master,valid_observed_phase_at_origin,ABCDE,calibration,3,3,spectral_core,local_partition_rf,0,0.25,0,0.24
1425,2018-02,2017-02,12,0,True,0.0,master,valid_observed_phase_at_origin,ABCDE,calibration,3,3,spectral_core,local_partition_rf,0,0.08,0,0.09
1426,2018-02,2017-02,12,0,True,1.0,master,valid_observed_phase_at_origin,ABCDE,calibration,3,3,spectral_core,local_partition_rf,0,0.22,0,0.27
1427,2018-02,2017-02,12,0,True,0.0,master,valid_observed_phase_at_origin,ABCDE,calibration,3,3,spectral_core,local_partition_rf,0,0.06,0,0.09
1428,2018-02,2017-02,12,0,True,0.0,master,valid_observed_phase_at_origin,ABCDE,calibration,3,3,spectral_core,local_partition_rf,0,0.1,0,0.15
1429,2018-02,2017-02,12,0,True,0.0,master,valid_observed_phase_at_origin,ABCDE,calibration,3,3,spectral_core,local_partition_rf,0,0.06,0,0.11
1430,2018-02,2017-02,12,0,True,0.0,master,valid_observed_phase_at_origin,ABCDE,calibration,3,3,spectral_core,local_partition_rf,0,0.07,0,0.12
1431,2018-02,2017-02,12,0,True,0.0,master,valid_observed_phase_at_origin,ABCDE,calibration,3,3,spectral_core,local_partition_rf,0,0.08,0,0.06
1432,2018-02,2017-02,12,0,True,0.0,master,valid_observed_phase_at_origin,ABCDE,calibration,3,3,spectral_core,local_partition_rf,0,0.06,0,0.07
1433,2018-02,2017-02,12,0,True,0.0,master,valid_observed_phase_at_origin,ABCDE,calibration,3,3,spectral_core,local_partition_rf,0,0.07,0,0.05
1434,2018-02,2017-02,12,0,True,1.0,master,valid_observed_phase_at_origin,ABCDE,calibration,3,3,spectral_core,local_partition_rf,0,0.22,0,0.18
1435,2018-02,2017-02,12,0,True,1.0,master,valid_observed_phase_at_origin,ABCDE,calibration,3,3,spectral_core,local_partition_rf,0,0.25,0,0.27
1436,2018-02,2017-02,12,0,True,1.0,master,valid_observed_phase_at_origin,ABCDE,calibration,3,3,spectral_core,local_partition_rf,0,0.25,0,0.31
1437,2018-02,2017-02,12,0,True,0.0,master,valid_observed_phase_at_origin,ABCDE,calibration,3,3,spectral_core,local_partition_rf,0,0.08,0,0.09
1438,2018-02,2017-02,12,0,True,0.0,master,valid_observed_phase_at_origin,ABCDE,calibration,3,3,spectral_core,local_partition_rf,0,0.21,0,0.13
1439,2018-02,2017-02,12,1,True,1.0,master,valid_observed_phase_at_origin,ABCDE,calibration,3,3,spectral_core,local_partition_rf,0,0.1,0,0.23
1440,2018-02,2017-02,12,0,True,0.0,master,valid_observed_phase_at_origin,ABCDE,calibration,3,3,spectral_core,local_partition_rf,0,0.02,0,0.05
1441,2018-02,2017-02,12,0,True,0.0,master,valid_observed_phase_at_origin,ABCDE,calibration,3,3,spectral_core,local_partition_rf,0,0.05,0,0.06
1442,2018-02,2017-02,12,1,True,1.0,master,valid_observed_phase_at_origin,ABCDE,calibration,3,3,spectral_core,local_partition_rf,0,0.18,0,0.25
1443,2018-02,2017-02,12,1,True,1.0,master,valid_observed_phase_at_origin,ABCDE,calibration,3,3,spectral_core,local_partition_rf,0,0.2,0,0.3
1444,2018-02,2017-02,12,0,True,0.0,master,valid_observed_phase_at_origin,ABCDE,calibration,3,3,spectral_core,local_partition_rf,0,0.16,0,0.12
1445,2018-02,2017-02,12,0,True,1.0,master,valid_observed_phase_at_origin,ABCDE,calibration,3,3,spectral_core,local_partition_rf,0,0.14,0,0.21
1446,2018-02,2017-02,12,0,True,1.0,master,valid_observed_phase_at_origin,ABCDE,calibration,3,3,spectral_core,local_partition_rf,0,0.21,0,0.19
1447,2018-02,2017-02,12,1,True,1.0,master,valid_observed_phase_at_origin,ABCDE,calibration,3,3,spectral_core,local_partition_rf,0,0.18,0,0.23
1448,2018-02,2017-02,12,0,True,0.0,master,valid_observed_phase_at_origin,ABCDE,calibration,3,3,spectral_core,local_partition_rf,0,0.09,0,0.08
1449,2018-02,2017-02,12,0,True,0.0,master,valid_observed_phase_at_origin,ABCDE,calibration,3,10,spectral_core,local_partition_rf,0,0.29,0,0.22
1450,2018-02,2017-02,12,0,True,0.0,master,valid_observed_phase_at_origin,ABCDE,calibration,3,3,spectral_core,local_partition_rf,0,0.11,0,0.07
1451,2018-02,2017-02,12,1,True,0.0,master,valid_observed_phase_at_origin,ABCDE,calibration,3,3,spectral_core,local_partition_rf,0,0.1,0,0.08
1452,2018-02,2017-02,12,0,True,0.0,master,valid_observed_phase_at_origin,ABCDE,calibration,3,3,spectral_core,local_partition_rf,0,0.18,0,0.24
1453,2018-02,2017-02,12,0,True,0.0,master,valid_observed_phase_at_origin,ABCDE,calibration,3,3,spectral_core,local_partition_rf,0,0.06,0,0.08
1454,2018-02,2017-02,12,0,True,0.0,master,valid_observed_phase_at_origin,ABCDE,calibration,3,3,spectral_core,local_partition_rf,0,0.13,0,0.14
1455,2018-02,2017-02,12,0,True,0.0,master,valid_observed_phase_at_origin,ABCDE,calibration,3,3,spectral_core,local_partition_rf,0,0.22,0,0.19
1456,2018-02,2017-02,12,0,True,0.0,master,valid_observed_phase_at_origin,ABCDE,calibration,3,3,spectral_core,local_partition_rf,0,0.21,0,0.18
1457,2018-02,2017-02,12,0,True,0.0,master,valid_observed_phase_at_origin,ABCDE,calibration,3,3,spectral_core,local_partition_rf,0,0.17,0,0.16
1458,2018-02,2017-02,12,0,True,0.0,master,valid_observed_phase_at_origin,ABCDE,calibration,3,3,spectral_core,local_partition_rf,0,0.14,0,0.14
1459,2018-02,2017-02,12,1,True,1.0,master,valid_observed_phase_at_origin,ABCDE,calibration,3,3,spectral_core,local_partition_rf,0,0.23,0,0.23
1460,2018-02,2017-02,12,1,True,1.0,master,valid_observed_phase_at_origin,ABCDE,calibration,3,3,spectral_core,local_partition_rf,0,0.15,0,0.14
1461,2018-02,2017-02,12,0,True,0.0,master,valid_observed_phase_at_origin,ABCDE,calibration,3,3,spectral_core,local_partition_rf,0,0.02,0,0.05
1462,2018-02,2017-02,12,0,True,0.0,master,valid_observed_phase_at_origin,ABCDE,calibration,3,3,spectral_core,local_partition_rf,0,0.07,0,0.08
1463,2018-02,2017-02,12,1,True,0.0,master,valid_observed_phase_at_origin,ABCDE,calibration,3,3,spectral_core,local_partition_rf,0,0.1,0,0.12
1464,2018-02,2017-02,12,0,True,0.0,master,valid_observed_phase_at_origin,ABCDE,calibration,3,3,spectral_core,local_partition_rf,0,0.29,0,0.16
1465,2018-02,2017-02,12,0,True,0.0,master,valid_observed_phase_at_origin,ABCDE,calibration,3,3,spectral_core,local_partition_rf,0,0.14,0,0.14
1466,2018-02,2017-02,12,0,True,0.0,master,valid_observed_phase_at_origin,ABCDE,calibration,3,3,spectral_core,local_partition_rf,0,0.06,0,0.1
1467,2018-02,2017-02,12,0,True,0.0,master,valid_observed_phase_at_origin,ABCDE,calibration,3,3,spectral_core,local_partition_rf,0,0.26,0,0.14
1468,2018-02,2017-02,12,0,True,1.0,master,valid_observed_phase_at_origin,ABCDE,calibration,3,3,spectral_core,local_partition_rf,0,0.25,0,0.2
1469,2018-02,2017-02,12,0,True,0.0,master,valid_observed_phase_at_origin,ABCDE,calibration,3,3,spectral_core,local_partition_rf,0,0.16,0,0.08
1470,2018-02,2017-02,12,0,True,1.0,master,valid_observed_phase_at_origin,ABCDE,calibration,3,3,spectral_core,local_partition_rf,0,0.2,0,0.22
1471,2018-02,2017-02,12,0,True,0.0,master,valid_observed_phase_at_origin,ABCDE,calibration,3,3,spectral_core,local_partition_rf,0,0.09,0,0.07
1472,2018-02,2017-02,12,0,True,0.0,master,valid_observed_phase_at_origin,ABCDE,calibration,3,3,spectral_core,local_partition_rf,0,0.2,0,0.15
1473,2018-02,2017-02,12,0,True,0.0,master,valid_observed_phase_at_origin,ABCDE,calibration,3,3,spectral_core,local_partition_rf,0,0.25,0,0.22
1474,2018-02,2017-02,12,0,True,0.0,master,valid_observed_phase_at_origin,ABCDE,calibration,3,10,spectral_core,local_partition_rf,0,0.19,0,0.09
1475,2018-02,2017-02,12,0,True,0.0,master,valid_observed_phase_at_origin,ABCDE,calibration,3,3,spectral_core,local_partition_rf,0,0.08,0,0.06
1476,2018-02,2017-02,12,1,True,1.0,master,valid_observed_phase_at_origin,ABCDE,calibration,3,3,spectral_core,local_partition_rf,0,0.25,0,0.25
1477,2018-02,2017-02,12,0,True,0.0,master,valid_observed_phase_at_origin,ABCDE,calibration,3,3,spectral_core,local_partition_rf,0,0.19,0,0.14
1478,2018-02,2017-02,12,0,True,0.0,master,valid_observed_phase_at_origin,ABCDE,calibration,3,3,spectral_core,local_partition_rf,0,0.22,0,0.18
1479,2018-02,2017-02,12,0,True,0.0,master,valid_observed_phase_at_origin,ABCDE,calibration,3,3,spectral_core,local_partition_rf,0,0.15,0,0.17
1480,2018-02,2017-02,12,0,True,0.0,master,valid_observed_phase_at_origin,ABCDE,calibration,3,3,spectral_core,local_partition_rf,0,0.07,0,0.11
1481,2018-02,2017-02,12,0,True,0.0,master,valid_observed_phase_at_origin,ABCDE,calibration,3,3,spectral_core,local_partition_rf,0,0.14,0,0.14
1482,2018-02,2017-02,12,0,True,0.0,master,valid_observed_phase_at_origin,ABCDE,calibration,3,3,spectral_core,local_partition_rf,0,0.07,0,0.04
1483,2018-02,2017-02,12,0,True,0.0,master,valid_observed_phase_at_origin,ABCDE,calibration,3,3,spectral_core,local_partition_rf,0,0.05,0,0.05
1484,2018-02,2017-02,12,1,True,1.0,master,valid_observed_phase_at_origin,ABCDE,calibration,3,3,spectral_core,local_partition_rf,0,0.23,0,0.2
1485,2018-02,2017-02,12,0,True,0.0,master,valid_observed_phase_at_origin,ABCDE,calibration,3,3,spectral_core,local_partition_rf,0,0.33,0,0.22
1486,2018-02,2017-02,12,1,True,1.0,master,valid_observed_phase_at_origin,ABCDE,calibration,3,3,spectral_core,local_partition_rf,0,0.19,0,0.22
1487,2018-02,2017-02,12,1,True,1.0,master,valid_observed_phase_at_origin,ABCDE,calibration,3,3,spectral_core,local_partition_rf,0,0.22,0,0.26
1488,2018-02,2017-02,12,0,True,0.0,master,valid_observed_phase_at_origin,ABCDE,calibration,3,3,spectral_core,local_partition_rf,0,0.07,0,0.12
1489,2018-02,2017-02,12,1,True,1.0,master,valid_observed_phase_at_origin,ABCDE,calibration,3,3,spectral_core,local_partition_rf,0,0.17,0,0.27
1490,2018-02,2017-02,12,0,True,0.0,master,valid_observed_phase_at_origin,ABCDE,calibration,3,3,spectral_core,local_partition_rf,0,0.19,0,0.22
1491,2018-02,2017-02,12,0,True,0.0,master,valid_observed_phase_at_origin,ABCDE,calibration,3,3,spectral_core,local_partition_rf,0,0.21,0,0.2
1492,2018-02,2017-02,12,0,True,0.0,master,valid_observed_phase_at_origin,ABCDE,calibration,3,3,spectral_core,local_partition_rf,0,0.13,0,0.16
1493,2018-02,2017-02,12,0,True,0.0,master,valid_observed_phase_at_origin,ABCDE,calibration,3,3,spectral_core,local_partition_rf,0,0.06,0,0.08
1494,2018-02,2017-02,12,0,True,0.0,master,valid_observed_phase_at_origin,ABCDE,calibration,3,10,spectral_core,local_partition_rf,0,0.18,0,0.1
1495,2018-02,2017-02,12,0,True,0.0,master,valid_observed_phase_at_origin,ABCDE,calibration,3,3,spectral_core,local_partition_rf,0,0.19,0,0.17
1496,2018-02,2017-02,12,0,True,0.0,master,valid_observed_phase_at_origin,ABCDE,calibration,3,3,spectral_core,local_partition_rf,0,0.2,0,0.25
1497,2018-02,2017-02,12,0,True,0.0,master,valid_observed_phase_at_origin,ABCDE,calibration,3,3,spectral_core,local_partition_rf,0,0.16,0,0.21
1498,2018-02,2017-02,12,0,True,0.0,master,valid_observed_phase_at_origin,ABCDE,calibration,3,3,spectral_core,local_partition_rf,0,0.07,0,0.09
1499,2018-02,2017-02,12,0,True,0.0,master,valid_observed_phase_at_origin,ABCDE,calibration,3,3,spectral_core,local_partition_rf,0,0.09,0,0.1
1500,2018-02,2017-02,12,0,True,0.0,master,valid_observed_phase_at_origin,ABCDE,calibration,3,3,spectral_core,local_partition_rf,0,0.07,0,0.11
1501,2018-02,2017-02,12,0,True,0.0,master,valid_observed_phase_at_origin,ABCDE,calibration,3,3,spectral_core,local_partition_rf,0,0.06,0,0.08
1502,2018-02,2017-02,12,0,True,0.0,master,valid_observed_phase_at_origin,ABCDE,calibration,3,3,spectral_core,local_partition_rf,0,0.07,0,0.09
1503,2018-02,2017-02,12,0,True,0.0,master,valid_observed_phase_at_origin,ABCDE,calibration,3,3,spectral_core,local_partition_rf,0,0.11,0,0.08
1504,2018-02,2017-02,12,0,True,0.0,master,valid_observed_phase_at_origin,ABCDE,calibration,3,3,spectral_core,local_partition_rf,0,0.12,0,0.19
1505,2018-02,2017-02,12,0,True,0.0,master,valid_observed_phase_at_origin,ABCDE,calibration,3,3,spectral_core,local_partition_rf,0,0.36,0,0.25
1506,2018-02,2017-02,12,0,True,0.0,master,valid_observed_phase_at_origin,ABCDE,calibration,3,3,spectral_core,local_partition_rf,0,0.14,0,0.22
1507,2018-02,2017-02,12,0,True,1.0,master,valid_observed_phase_at_origin,ABCDE,calibration,3,3,spectral_core,local_partition_rf,0,0.24,0,0.33
1508,2018-02,2017-02,12,0,True,0.0,master,valid_observed_phase_at_origin,ABCDE,calibration,3,3,spectral_core,local_partition_rf,0,0.25,0,0.24
1509,2018-02,2017-02,12,0,True,0.0,master,valid_observed_phase_at_origin,ABCDE,calibration,3,3,spectral_core,local_partition_rf,0,0.37,0,0.14
1510,2018-02,2017-02,12,0,True,0.0,master,valid_observed_phase_at_origin,ABCDE,calibration,3,3,spectral_core,local_partition_rf,0,0.04,0,0.12
1511,2018-02,2017-02,12,0,True,0.0,master,valid_observed_phase_at_origin,ABCDE,calibration,3,3,spectral_core,local_partition_rf,0,0.15,0,0.13
1512,2018-02,2017-02,12,0,True,0.0,master,valid_observed_phase_at_origin,ABCDE,calibration,3,3,spectral_core,local_partition_rf,0,0.08,0,0.02
1513,2018-02,2017-02,12,0,True,0.0,master,valid_observed_phase_at_origin,ABCDE,calibration,3,3,spectral_core,local_partition_rf,0,0.05,0,0.04
1514,2018-02,2017-02,12,0,True,0.0,master,valid_observed_phase_at_origin,ABCDE,calibration,3,3,spectral_core,local_partition_rf,0,0.15,0,0.21
1515,2018-02,2017-02,12,0,True,1.0,master,valid_observed_phase_at_origin,ABCDE,calibration,3,3,spectral_core,local_partition_rf,0,0.21,0,0.22
1516,2018-02,2017-02,12,1,True,1.0,master,valid_observed_phase_at_origin,ABCDE,calibration,3,3,spectral_core,local_partition_rf,0,0.19,0,0.18
1517,2018-02,2017-02,12,0,True,0.0,master,valid_observed_phase_at_origin,ABCDE,calibration,3,3,spectral_core,local_partition_rf,0,0.09,0,0.14
1518,2018-02,2017-02,12,1,True,0.0,master,valid_observed_phase_at_origin,ABCDE,calibration,3,3,spectral_core,local_partition_rf,0,0.16,0,0.18
1519,2018-02,2017-02,12,1,True,1.0,master,valid_observed_phase_at_origin,ABCDE,calibration,3,3,spectral_core,local_partition_rf,0,0.15,0,0.22
1520,2018-02,2017-02,12,0,True,0.0,master,valid_observed_phase_at_origin,ABCDE,calibration,3,3,spectral_core,local_partition_rf,0,0.09,0,0.06
1521,2018-02,2017-02,12,0,True,0.0,master,valid_observed_phase_at_origin,ABCDE,calibration,3,3,spectral_core,local_partition_rf,0,0.01,0,0.07
1522,2018-02,2017-02,12,0,True,0.0,master,valid_observed_phase_at_origin,ABCDE,calibration,3,3,spectral_core,local_partition_rf,0,0.15,0,0.17
1523,2018-02,2017-02,12,0,True,1.0,master,valid_observed_phase_at_origin,ABCDE,calibration,3,3,spectral_core,local_partition_rf,0,0.37,0,0.29
1524,2018-02,2017-02,12,0,True,0.0,master,valid_observed_phase_at_origin,ABCDE,calibration,3,3,spectral_core,local_partition_rf,0,0.04,0,0.04
1525,2018-02,2017-02,12,0,True,0.0,master,valid_observed_phase_at_origin,ABCDE,calibration,3,3,spectral_core,local_partition_rf,0,0.22,0,0.16
1526,2018-02,2017-02,12,0,True,0.0,master,valid_observed_phase_at_origin,ABCDE,calibration,3,3,spectral_core,local_partition_rf,0,0.04,0,0.05
1527,2018-02,2017-02,12,1,True,1.0,master,valid_observed_phase_at_origin,ABCDE,calibration,3,3,spectral_core,local_partition_rf,0,0.25,0,0.29
1528,2018-02,2017-02,12,1,True,1.0,master,valid_observed_phase_at_origin,ABCDE,calibration,3,3,spectral_core,local_partition_rf,0,0.3,0,0.31
1529,2018-02,2017-02,12,0,True,0.0,master,valid_observed_phase_at_origin,ABCDE,calibration,3,3,spectral_core,local_partition_rf,0,0.11,0,0.09
1530,2018-02,2017-02,12,0,True,0.0,master,valid_observed_phase_at_origin,ABCDE,calibration,3,3,spectral_core,local_partition_rf,0,0.07,0,0.1
1531,2018-02,2017-02,12,0,True,0.0,master,valid_observed_phase_at_origin,ABCDE,calibration,3,3,spectral_core,local_partition_rf,0,0.09,0,0.13
1532,2018-02,2017-02,12,0,True,0.0,master,valid_observed_phase_at_origin,ABCDE,calibration,3,3,spectral_core,local_partition_rf,0,0.13,0,0.17
1533,2018-02,2017-02,12,1,True,0.0,master,valid_observed_phase_at_origin,ABCDE,calibration,3,3,spectral_core,local_partition_rf,0,0.15,0,0.1
1534,2018-02,2017-02,12,0,True,0.0,master,valid_observed_phase_at_origin,ABCDE,calibration,3,3,spectral_core,local_partition_rf,0,0.25,0,0.12
1535,2018-02,2017-02,12,0,True,0.0,master,valid_observed_phase_at_origin,ABCDE,calibration,3,3,spectral_core,local_partition_rf,0,0.08,0,0.13
1536,2018-02,2017-02,12,1,True,1.0,master,valid_observed_phase_at_origin,ABCDE,calibration,3,3,spectral_core,local_partition_rf,0,0.23,0,0.3
1537,2018-02,2017-02,12,0,True,0.0,master,valid_observed_phase_at_origin,ABCDE,calibration,3,3,spectral_core,local_partition_rf,0,0.05,0,0.07
1538,2018-02,2017-02,12,0,True,0.0,master,valid_observed_phase_at_origin,ABCDE,calibration,3,3,spectral_core,local_partition_rf,0,0.28,0,0.27
1539,2018-02,2017-02,12,0,True,0.0,master,valid_observed_phase_at_origin,ABCDE,calibration,3,3,spectral_core,local_partition_rf,0,0.21,0,0.23
1540,2018-02,2017-02,12,0,True,0.0,master,valid_observed_phase_at_origin,ABCDE,calibration,3,3,spectral_core,local_partition_rf,0,0.03,0,0.01
1541,2018-02,2017-02,12,0,True,0.0,master,valid_observed_phase_at_origin,ABCDE,calibration,3,3,spectral_core,local_partition_rf,0,0.05,0,0.12
1542,2018-02,2017-02,12,0,True,0.0,master,valid_observed_phase_at_origin,ABCDE,calibration,3,3,spectral_core,local_partition_rf,0,0.22,0,0.15
1543,2018-02,2017-02,12,0,True,1.0,master,valid_observed_phase_at_origin,ABCDE,calibration,3,3,spectral_core,local_partition_rf,0,0.17,0,0.22
1544,2018-02,2017-02,12,0,True,1.0,master,valid_observed_phase_at_origin,ABCDE,calibration,3,3,spectral_core,local_partition_rf,0,0.17,0,0.23
1545,2018-02,2017-02,12,0,True,1.0,master,valid_observed_phase_at_origin,ABCDE,calibration,3,3,spectral_core,local_partition_rf,0,0.29,0,0.25
1546,2018-02,2017-02,12,0,True,0.0,master,valid_observed_phase_at_origin,ABCDE,calibration,3,3,spectral_core,local_partition_rf,0,0.12,0,0.13
1547,2018-02,2017-02,12,0,True,0.0,master,valid_observed_phase_at_origin,ABCDE,calibration,3,3,spectral_core,local_partition_rf,0,0.18,0,0.09
1548,2018-02,2017-02,12,0,True,0.0,master,valid_observed_phase_at_origin,ABCDE,calibration,3,3,spectral_core,local_partition_rf,0,0.17,0,0.19
1549,2018-02,2017-02,12,0,True,0.0,master,valid_observed_phase_at_origin,ABCDE,calibration,3,3,spectral_core,local_partition_rf,0,0.13,0,0.09
1550,2018-02,2017-02,12,0,True,0.0,master,valid_observed_phase_at_origin,ABCDE,calibration,3,10,spectral_core,local_partition_rf,0,0.14,0,0.12
1551,2018-02,2017-02,12,0,True,0.0,master,valid_observed_phase_at_origin,ABCDE,calibration,3,3,spectral_core,local_partition_rf,0,0.26,0,0.24
1552,2018-02,2017-02,12,0,True,0.0,master,valid_observed_phase_at_origin,ABCDE,calibration,3,3,spectral_core,local_partition_rf,0,0.0,0,0.04
1553,2018-02,2017-02,12,0,True,0.0,master,valid_observed_phase_at_origin,ABCDE,calibration,3,3,spectral_core,local_partition_rf,0,0.21,0,0.16
1554,2018-02,2017-02,12,0,True,0.0,master,valid_observed_phase_at_origin,ABCDE,calibration,3,3,spectral_core,local_partition_rf,0,0.28,0,0.17
1555,2018-02,2017-02,12,0,True,0.0,master,valid_observed_phase_at_origin,ABCDE,calibration,3,3,spectral_core,local_partition_rf,0,0.14,0,0.1
1556,2018-02,2017-02,12,0,True,0.0,master,valid_observed_phase_at_origin,ABCDE,calibration,3,3,spectral_core,local_partition_rf,0,0.16,0,0.15
1557,2018-02,2017-02,12,0,True,0.0,master,valid_observed_phase_at_origin,ABCDE,calibration,3,3,spectral_core,local_partition_rf,0,0.04,0,0.09
1558,2018-02,2017-02,12,0,True,0.0,master,valid_observed_phase_at_origin,ABCDE,calibration,3,3,spectral_core,local_partition_rf,0,0.11,0,0.14
1559,2018-02,2017-02,12,0,True,0.0,master,valid_observed_phase_at_origin,ABCDE,calibration,3,3,spectral_core,local_partition_rf,0,0.04,0,0.07
1560,2018-02,2017-02,12,0,True,1.0,master,valid_observed_phase_at_origin,ABCDE,calibration,3,3,spectral_core,local_partition_rf,0,0.24,0,0.26
1561,2018-02,2017-02,12,0,True,0.0,master,valid_observed_phase_at_origin,ABCDE,calibration,3,3,spectral_core,local_partition_rf,0,0.05,0,0.08
1562,2018-02,2017-02,12,0,True,0.0,master,valid_observed_phase_at_origin,ABCDE,calibration,3,3,spectral_core,local_partition_rf,0,0.12,0,0.17
1563,2018-02,2017-02,12,0,True,0.0,master,valid_observed_phase_at_origin,ABCDE,calibration,3,3,spectral_core,local_partition_rf,0,0.12,0,0.08
1564,2018-02,2017-02,12,0,True,0.0,master,valid_observed_phase_at_origin,ABCDE,calibration,3,3,spectral_core,local_partition_rf,0,0.03,0,0.04
1565,2018-02,2017-02,12,0,True,0.0,master,valid_observed_phase_at_origin,ABCDE,calibration,3,3,spectral_core,local_partition_rf,0,0.06,0,0.1
1566,2018-02,2017-02,12,0,True,0.0,master,valid_observed_phase_at_origin,ABCDE,calibration,3,3,spectral_core,local_partition_rf,0,0.15,0,0.21
1567,2018-02,2017-02,12,0,True,0.0,master,valid_observed_phase_at_origin,ABCDE,calibration,3,3,spectral_core,local_partition_rf,0,0.04,0,0.06
1568,2018-02,2017-02,12,0,True,0.0,master,valid_observed_phase_at_origin,ABCDE,calibration,3,3,spectral_core,local_partition_rf,0,0.08,0,0.09
1569,2018-02,2017-02,12,0,True,0.0,master,valid_observed_phase_at_origin,ABCDE,calibration,3,3,spectral_core,local_partition_rf,0,0.31,0,0.16
1570,2018-02,2017-02,12,0,True,0.0,master,valid_observed_phase_at_origin,ABCDE,calibration,3,3,spectral_core,local_partition_rf,0,0.02,0,0.04
1571,2018-02,2017-02,12,0,True,0.0,master,valid_observed_phase_at_origin,ABCDE,calibration,3,3,spectral_core,local_partition_rf,0,0.02,0,0.03
1572,2018-02,2017-02,12,0,True,0.0,master,valid_observed_phase_at_origin,ABCDE,calibration,3,3,spectral_core,local_partition_rf,0,0.03,0,0.06
1573,2018-02,2017-02,12,0,True,0.0,master,valid_observed_phase_at_origin,ABCDE,calibration,3,3,spectral_core,local_partition_rf,0,0.07,0,0.09
1574,2018-02,2017-02,12,0,True,0.0,master,valid_observed_phase_at_origin,ABCDE,calibration,3,3,spectral_core,local_partition_rf,0,0.13,0,0.18
1575,2018-02,2017-02,12,0,True,0.0,master,valid_observed_phase_at_origin,ABCDE,calibration,3,3,spectral_core,local_partition_rf,0,0.13,0,0.15
1576,2018-02,2017-02,12,0,True,0.0,master,valid_observed_phase_at_origin,ABCDE,calibration,3,3,spectral_core,local_partition_rf,0,0.2,0,0.2
1577,2018-02,2017-02,12,0,True,0.0,master,valid_observed_phase_at_origin,ABCDE,calibration,3,3,spectral_core,local_partition_rf,0,0.11,0,0.16
1578,2018-02,2017-02,12,0,True,0.0,master,valid_observed_phase_at_origin,ABCDE,calibration,3,3,spectral_core,local_partition_rf,0,0.14,0,0.09
1579,2018-02,2017-02,12,0,True,0.0,master,valid_observed_phase_at_origin,ABCDE,calibration,3,3,spectral_core,local_partition_rf,0,0.16,0,0.16
1580,2018-02,2017-02,12,0,True,0.0,master,valid_observed_phase_at_origin,ABCDE,calibration,3,3,spectral_core,local_partition_rf,0,0.12,0,0.05
1581,2018-02,2017-02,12,0,True,0.0,master,valid_observed_phase_at_origin,ABCDE,calibration,3,3,spectral_core,local_partition_rf,0,0.05,0,0.07
1582,2018-02,2017-02,12,0,True,0.0,master,valid_observed_phase_at_origin,ABCDE,calibration,3,3,spectral_core,local_partition_rf,0,0.05,0,0.06
1583,2018-02,2017-02,12,0,True,0.0,master,valid_observed_phase_at_origin,ABCDE,calibration,3,3,spectral_core,local_partition_rf,0,0.08,0,0.03
1584,2018-02,2017-02,12,0,True,0.0,master,valid_observed_phase_at_origin,ABCDE,calibration,3,3,spectral_core,local_partition_rf,0,0.04,0,0.08
1585,2018-02,2017-02,12,1,True,1.0,master,valid_observed_phase_at_origin,ABCDE,calibration,3,3,spectral_core,local_partition_rf,0,0.21,0,0.18
1586,2018-02,2017-02,12,1,True,1.0,master,valid_observed_phase_at_origin,ABCDE,calibration,3,3,spectral_core,local_partition_rf,0,0.23,0,0.23
1587,2018-02,2017-02,12,1,True,1.0,master,valid_observed_phase_at_origin,ABCDE,calibration,3,3,spectral_core,local_partition_rf,0,0.21,0,0.22
1588,2018-02,2017-02,12,0,True,0.0,master,valid_observed_phase_at_origin,ABCDE,calibration,3,3,spectral_core,local_partition_rf,0,0.08,0,0.12
1589,2018-02,2017-02,12,1,True,1.0,master,valid_observed_phase_at_origin,ABCDE,calibration,3,3,spectral_core,local_partition_rf,0,0.22,0,0.25
1590,2018-02,2017-02,12,1,True,0.0,master,valid_observed_phase_at_origin,ABCDE,calibration,3,3,spectral_core,local_partition_rf,0,0.12,0,0.21
1591,2018-02,2017-02,12,0,True,0.0,master,valid_observed_phase_at_origin,ABCDE,calibration,3,3,spectral_core,local_partition_rf,0,0.11,0,0.17
1592,2018-02,2017-02,12,0,True,0.0,master,valid_observed_phase_at_origin,ABCDE,calibration,3,3,spectral_core,local_partition_rf,0,0.12,0,0.12
1593,2018-02,2017-02,12,0,True,0.0,master,valid_observed_phase_at_origin,ABCDE,calibration,3,3,spectral_core,local_partition_rf,0,0.16,0,0.17
1594,2018-02,2017-02,12,0,True,0.0,master,valid_observed_phase_at_origin,ABCDE,calibration,3,3,spectral_core,local_partition_rf,0,0.05,0,0.08
1595,2018-02,2017-02,12,0,True,0.0,master,valid_observed_phase_at_origin,ABCDE,calibration,3,3,spectral_core,local_partition_rf,0,0.14,0,0.06
1596,2018-02,2017-02,12,0,True,0.0,master,valid_observed_phase_at_origin,ABCDE,calibration,3,3,spectral_core,local_partition_rf,0,0.07,0,0.13
1597,2018-02,2017-02,12,0,True,0.0,master,valid_observed_phase_at_origin,ABCDE,calibration,3,3,spectral_core,local_partition_rf,0,0.04,0,0.02
1598,2018-02,2017-02,12,0,True,0.0,master,valid_observed_phase_at_origin,ABCDE,calibration,3,10,spectral_core,local_partition_rf,0,0.22,0,0.08
1599,2018-02,2017-02,12,0,True,0.0,master,valid_observed_phase_at_origin,ABCDE,calibration,3,3,spectral_core,local_partition_rf,0,0.1,0,0.11
1600,2018-02,2017-02,12,0,True,0.0,master,valid_observed_phase_at_origin,ABCDE,calibration,3,3,spectral_core,local_partition_rf,0,0.06,0,0.06
1601,2018-02,2017-02,12,1,True,1.0,master,valid_observed_phase_at_origin,ABCDE,calibration,3,3,spectral_core,local_partition_rf,0,0.22,0,0.22
1602,2018-02,2017-02,12,0,True,0.0,master,valid_observed_phase_at_origin,ABCDE,calibration,3,3,spectral_core,local_partition_rf,0,0.16,0,0.18
1603,2018-02,2017-02,12,0,True,0.0,master,valid_observed_phase_at_origin,ABCDE,calibration,3,3,spectral_core,local_partition_rf,0,0.1,0,0.08
1604,2018-02,2017-02,12,0,True,0.0,master,valid_observed_phase_at_origin,ABCDE,calibration,3,3,spectral_core,local_partition_rf,0,0.12,0,0.16
1605,2018-02,2017-02,12,1,True,1.0,master,valid_observed_phase_at_origin,ABCDE,calibration,3,3,spectral_core,local_partition_rf,0,0.21,0,0.26
1606,2018-02,2017-02,12,0,True,0.0,master,valid_observed_phase_at_origin,ABCDE,calibration,3,3,spectral_core,local_partition_rf,0,0.21,0,0.18
1607,2018-02,2017-02,12,0,True,0.0,master,valid_observed_phase_at_origin,ABCDE,calibration,3,3,spectral_core,local_partition_rf,0,0.22,0,0.19
1608,2018-02,2017-02,12,0,True,0.0,master,valid_observed_phase_at_origin,ABCDE,calibration,3,3,spectral_core,local_partition_rf,0,0.07,0,0.13
1609,2018-02,2017-02,12,0,True,1.0,master,valid_observed_phase_at_origin,ABCDE,calibration,3,3,spectral_core,local_partition_rf,0,0.17,0,0.31
1610,2018-02,2017-02,12,0,True,0.0,master,valid_observed_phase_at_origin,ABCDE,calibration,3,3,spectral_core,local_partition_rf,0,0.07,0,0.03
1611,2018-02,2017-02,12,0,True,0.0,master,valid_observed_phase_at_origin,ABCDE,calibration,3,3,spectral_core,local_partition_rf,0,0.03,0,0.05
1612,2018-02,2017-02,12,0,True,0.0,master,valid_observed_phase_at_origin,ABCDE,calibration,3,3,spectral_core,local_partition_rf,0,0.21,0,0.23
1613,2018-02,2017-02,12,0,True,0.0,master,valid_observed_phase_at_origin,ABCDE,calibration,3,10,spectral_core,local_partition_rf,0,0.21,0,0.1
1614,2018-02,2017-02,12,1,True,1.0,master,valid_observed_phase_at_origin,ABCDE,calibration,3,3,spectral_core,local_partition_rf,0,0.21,0,0.26
1615,2018-02,2017-02,12,0,True,0.0,master,valid_observed_phase_at_origin,ABCDE,calibration,3,3,spectral_core,local_partition_rf,0,0.05,0,0.12
1616,2018-02,2017-02,12,0,True,0.0,master,valid_observed_phase_at_origin,ABCDE,calibration,3,3,spectral_core,local_partition_rf,0,0.07,0,0.06
1617,2018-02,2017-02,12,0,True,0.0,master,valid_observed_phase_at_origin,ABCDE,calibration,3,3,spectral_core,local_partition_rf,0,0.09,0,0.08
1618,2018-02,2017-02,12,0,True,0.0,master,valid_observed_phase_at_origin,ABCDE,calibration,3,3,spectral_core,local_partition_rf,0,0.36,0,0.23
1619,2018-02,2017-02,12,0,True,0.0,master,valid_observed_phase_at_origin,ABCDE,calibration,3,3,spectral_core,local_partition_rf,0,0.04,0,0.06
1620,2018-02,2017-02,12,0,True,0.0,master,valid_observed_phase_at_origin,ABCDE,calibration,3,3,spectral_core,local_partition_rf,0,0.16,0,0.23
1621,2018-02,2017-02,12,0,True,0.0,master,valid_observed_phase_at_origin,ABCDE,calibration,3,3,spectral_core,local_partition_rf,0,0.05,0,0.09
1622,2018-02,2017-02,12,0,True,0.0,master,valid_observed_phase_at_origin,ABCDE,calibration,3,3,spectral_core,local_partition_rf,0,0.19,0,0.15
1623,2018-02,2017-02,12,0,True,0.0,master,valid_observed_phase_at_origin,ABCDE,calibration,3,3,spectral_core,local_partition_rf,0,0.05,0,0.07
1624,2018-02,2017-02,12,1,True,1.0,master,valid_observed_phase_at_origin,ABCDE,calibration,3,3,spectral_core,local_partition_rf,0,0.15,0,0.2
1625,2018-02,2017-02,12,0,True,0.0,master,valid_observed_phase_at_origin,ABCDE,calibration,3,3,spectral_core,local_partition_rf,0,0.18,0,0.12
1626,2018-02,2017-02,12,0,True,0.0,master,valid_observed_phase_at_origin,ABCDE,calibration,3,3,spectral_core,local_partition_rf,0,0.05,0,0.1
1627,2018-02,2017-02,12,1,True,1.0,master,valid_observed_phase_at_origin,ABCDE,calibration,3,3,spectral_core,local_partition_rf,0,0.21,0,0.24
1628,2018-02,2017-02,12,0,True,0.0,master,valid_observed_phase_at_origin,ABCDE,calibration,3,3,spectral_core,local_partition_rf,0,0.23,0,0.17
1629,2018-02,2017-02,12,1,True,0.0,master,valid_observed_phase_at_origin,ABCDE,calibration,3,3,spectral_core,local_partition_rf,0,0.17,0,0.12
1630,2018-02,2017-02,12,1,True,1.0,master,valid_observed_phase_at_origin,ABCDE,calibration,3,3,spectral_core,local_partition_rf,0,0.2,0,0.31
1631,2018-02,2017-02,12,0,True,0.0,master,valid_observed_phase_at_origin,ABCDE,calibration,3,3,spectral_core,local_partition_rf,0,0.04,0,0.09
1632,2018-02,2017-02,12,0,True,0.0,master,valid_observed_phase_at_origin,ABCDE,calibration,3,3,spectral_core,local_partition_rf,0,0.17,0,0.22
1633,2018-02,2017-02,12,0,True,0.0,master,valid_observed_phase_at_origin,ABCDE,calibration,3,3,spectral_core,local_partition_rf,0,0.06,0,0.15
1634,2018-02,2017-02,12,0,True,0.0,master,valid_observed_phase_at_origin,ABCDE,calibration,3,3,spectral_core,local_partition_rf,0,0.03,0,0.05
1635,2018-02,2017-02,12,0,True,0.0,master,valid_observed_phase_at_origin,ABCDE,calibration,3,3,spectral_core,local_partition_rf,0,0.11,0,0.06
1636,2018-02,2017-02,12,0,True,0.0,master,valid_observed_phase_at_origin,ABCDE,calibration,3,3,spectral_core,local_partition_rf,0,0.16,0,0.11
1637,2018-02,2017-02,12,0,True,0.0,master,valid_observed_phase_at_origin,ABCDE,calibration,3,3,spectral_core,local_partition_rf,0,0.2,0,0.21
1638,2018-02,2017-02,12,0,True,0.0,master,valid_observed_phase_at_origin,ABCDE,calibration,3,3,spectral_core,local_partition_rf,0,0.16,0,0.13
1639,2018-02,2017-02,12,0,True,0.0,master,valid_observed_phase_at_origin,ABCDE,calibration,3,3,spectral_core,local_partition_rf,0,0.2,0,0.14
1640,2018-02,2017-02,12,0,True,0.0,master,valid_observed_phase_at_origin,ABCDE,calibration,3,3,spectral_core,local_partition_rf,0,0.23,0,0.12
1641,2018-02,2017-02,12,0,True,1.0,master,valid_observed_phase_at_origin,ABCDE,calibration,3,3,spectral_core,local_partition_rf,0,0.31,0,0.28
1642,2018-02,2017-02,12,0,True,0.0,master,valid_observed_phase_at_origin,ABCDE,calibration,3,3,spectral_core,local_partition_rf,0,0.21,0,0.18
1643,2018-02,2017-02,12,0,True,0.0,master,valid_observed_phase_at_origin,ABCDE,calibration,3,3,spectral_core,local_partition_rf,0,0.09,0,0.11
1644,2018-02,2017-02,12,0,True,0.0,master,valid_observed_phase_at_origin,ABCDE,calibration,3,3,spectral_core,local_partition_rf,0,0.16,0,0.2
1645,2018-02,2017-02,12,0,True,0.0,master,valid_observed_phase_at_origin,ABCDE,calibration,3,3,spectral_core,local_partition_rf,0,0.1,0,0.11
1646,2018-02,2017-02,12,0,True,0.0,master,valid_observed_phase_at_origin,ABCDE,calibration,3,3,spectral_core,local_partition_rf,0,0.18,0,0.29
1647,2018-02,2017-02,12,0,True,0.0,master,valid_observed_phase_at_origin,ABCDE,calibration,3,3,spectral_core,local_partition_rf,0,0.03,0,0.06
1648,2018-02,2017-02,12,0,True,0.0,master,valid_observed_phase_at_origin,ABCDE,calibration,3,3,spectral_core,local_partition_rf,0,0.05,0,0.03
1649,2018-02,2017-02,12,1,True,1.0,master,valid_observed_phase_at_origin,ABCDE,calibration,3,3,spectral_core,local_partition_rf,0,0.24,0,0.27
1650,2018-02,2017-02,12,0,True,1.0,master,valid_observed_phase_at_origin,ABCDE,calibration,3,3,spectral_core,local_partition_rf,0,0.26,0,0.26
1651,2018-02,2017-02,12,0,True,1.0,master,valid_observed_phase_at_origin,ABCDE,calibration,3,3,spectral_core,local_partition_rf,0,0.28,0,0.25
1652,2018-02,2017-02,12,1,True,1.0,master,valid_observed_phase_at_origin,ABCDE,calibration,3,3,spectral_core,local_partition_rf,0,0.25,0,0.31
1653,2018-02,2017-02,12,0,True,1.0,master,valid_observed_phase_at_origin,ABCDE,calibration,3,3,spectral_core,local_partition_rf,0,0.24,0,0.27
1654,2018-02,2017-02,12,0,True,0.0,master,valid_observed_phase_at_origin,ABCDE,calibration,3,3,spectral_core,local_partition_rf,0,0.11,0,0.11
1655,2018-02,2017-02,12,1,True,1.0,master,valid_observed_phase_at_origin,ABCDE,calibration,3,3,spectral_core,local_partition_rf,0,0.21,0,0.24
1656,2018-02,2017-02,12,0,True,0.0,master,valid_observed_phase_at_origin,ABCDE,calibration,3,3,spectral_core,local_partition_rf,0,0.04,0,0.03
1657,2018-02,2017-02,12,0,True,0.0,master,valid_observed_phase_at_origin,ABCDE,calibration,3,3,spectral_core,local_partition_rf,0,0.17,0,0.24
1658,2018-02,2017-02,12,0,True,0.0,master,valid_observed_phase_at_origin,ABCDE,calibration,3,3,spectral_core,local_partition_rf,0,0.15,0,0.26
1659,2018-02,2017-02,12,0,True,0.0,master,valid_observed_phase_at_origin,ABCDE,calibration,3,3,spectral_core,local_partition_rf,0,0.11,0,0.14
1660,2018-02,2017-02,12,0,True,0.0,master,valid_observed_phase_at_origin,ABCDE,calibration,3,3,spectral_core,local_partition_rf,0,0.05,0,0.05
1661,2018-02,2017-02,12,1,True,1.0,master,valid_observed_phase_at_origin,ABCDE,calibration,3,3,spectral_core,local_partition_rf,0,0.27,0,0.28
1662,2018-02,2017-02,12,0,True,0.0,master,valid_observed_phase_at_origin,ABCDE,calibration,3,3,spectral_core,local_partition_rf,0,0.01,0,0.05
1663,2018-02,2017-02,12,0,True,0.0,master,valid_observed_phase_at_origin,ABCDE,calibration,3,3,spectral_core,local_partition_rf,0,0.05,0,0.11
1664,2018-02,2017-02,12,0,True,0.0,master,valid_observed_phase_at_origin,ABCDE,calibration,3,3,spectral_core,local_partition_rf,0,0.16,0,0.13
1665,2018-02,2017-02,12,0,True,0.0,master,valid_observed_phase_at_origin,ABCDE,calibration,3,3,spectral_core,local_partition_rf,0,0.16,0,0.08
1666,2018-02,2017-02,12,0,True,0.0,master,valid_observed_phase_at_origin,ABCDE,calibration,3,3,spectral_core,local_partition_rf,0,0.14,0,0.2
1667,2018-02,2017-02,12,1,True,0.0,master,valid_observed_phase_at_origin,ABCDE,calibration,3,3,spectral_core,local_partition_rf,0,0.19,0,0.17
1668,2018-02,2017-02,12,0,True,0.0,master,valid_observed_phase_at_origin,ABCDE,calibration,3,3,spectral_core,local_partition_rf,0,0.18,0,0.18
1669,2018-02,2017-02,12,0,True,0.0,master,valid_observed_phase_at_origin,ABCDE,calibration,3,3,spectral_core,local_partition_rf,0,0.11,0,0.18
1670,2018-02,2017-02,12,0,True,0.0,master,valid_observed_phase_at_origin,ABCDE,calibration,3,3,spectral_core,local_partition_rf,0,0.26,0,0.19
1671,2018-02,2017-02,12,0,True,0.0,master,valid_observed_phase_at_origin,ABCDE,calibration,3,3,spectral_core,local_partition_rf,0,0.11,0,0.06
1672,2018-02,2017-02,12,1,True,1.0,master,valid_observed_phase_at_origin,ABCDE,calibration,3,3,spectral_core,local_partition_rf,0,0.18,0,0.17
1673,2018-02,2017-02,12,0,True,0.0,master,valid_observed_phase_at_origin,ABCDE,calibration,3,3,spectral_core,local_partition_rf,0,0.09,0,0.16
1674,2018-02,2017-02,12,0,True,0.0,master,valid_observed_phase_at_origin,ABCDE,calibration,3,3,spectral_core,local_partition_rf,0,0.17,0,0.19
1675,2018-02,2017-02,12,0,True,0.0,master,valid_observed_phase_at_origin,ABCDE,calibration,3,3,spectral_core,local_partition_rf,0,0.09,0,0.15
1676,2018-02,2017-02,12,0,True,0.0,master,valid_observed_phase_at_origin,ABCDE,calibration,3,3,spectral_core,local_partition_rf,0,0.18,0,0.18
1677,2018-02,2017-02,12,0,True,0.0,master,valid_observed_phase_at_origin,ABCDE,calibration,3,3,spectral_core,local_partition_rf,0,0.13,0,0.17
1678,2018-02,2017-02,12,0,True,0.0,master,valid_observed_phase_at_origin,ABCDE,calibration,3,3,spectral_core,local_partition_rf,0,0.05,0,0.07
1679,2018-02,2017-02,12,0,True,0.0,master,valid_observed_phase_at_origin,ABCDE,calibration,3,3,spectral_core,local_partition_rf,0,0.04,0,0.08
1680,2018-02,2017-02,12,0,True,0.0,master,valid_observed_phase_at_origin,ABCDE,calibration,3,3,spectral_core,local_partition_rf,0,0.05,0,0.11
1681,2018-02,2017-02,12,0,True,0.0,master,valid_observed_phase_at_origin,ABCDE,calibration,3,3,spectral_core,local_partition_rf,0,0.08,0,0.03
1682,2018-02,2017-02,12,0,True,0.0,master,valid_observed_phase_at_origin,ABCDE,calibration,3,3,spectral_core,local_partition_rf,0,0.04,0,0.03
1683,2018-02,2017-02,12,1,True,1.0,master,valid_observed_phase_at_origin,ABCDE,calibration,3,3,spectral_core,local_partition_rf,0,0.2,0,0.29
1684,2018-02,2017-02,12,0,True,0.0,master,valid_observed_phase_at_origin,ABCDE,calibration,3,3,spectral_core,local_partition_rf,0,0.14,0,0.05
1685,2018-02,2017-02,12,1,True,1.0,master,valid_observed_phase_at_origin,ABCDE,calibration,3,3,spectral_core,local_partition_rf,0,0.14,0,0.18
1686,2018-02,2017-02,12,0,True,0.0,master,valid_observed_phase_at_origin,ABCDE,calibration,3,3,spectral_core,local_partition_rf,0,0.15,0,0.12
1687,2018-02,2017-02,12,0,True,0.0,master,valid_observed_phase_at_origin,ABCDE,calibration,3,3,spectral_core,local_partition_rf,0,0.04,0,0.05
1688,2018-02,2017-02,12,0,True,0.0,master,valid_observed_phase_at_origin,ABCDE,calibration,3,3,spectral_core,local_partition_rf,0,0.11,0,0.14
1689,2018-02,2017-02,12,0,True,0.0,master,valid_observed_phase_at_origin,ABCDE,calibration,3,3,spectral_core,local_partition_rf,0,0.17,0,0.2
1690,2018-02,2017-02,12,0,True,0.0,master,valid_observed_phase_at_origin,ABCDE,calibration,3,3,spectral_core,local_partition_rf,0,0.02,0,0.03
1691,2018-02,2017-02,12,0,True,0.0,master,valid_observed_phase_at_origin,ABCDE,calibration,3,3,spectral_core,local_partition_rf,0,0.04,0,0.03
1692,2018-02,2017-02,12,0,True,0.0,master,valid_observed_phase_at_origin,ABCDE,calibration,3,3,spectral_core,local_partition_rf,0,0.04,0,0.04
1693,2018-02,2017-02,12,0,True,0.0,master,valid_observed_phase_at_origin,ABCDE,calibration,3,3,spectral_core,local_partition_rf,0,0.1,0,0.07
1694,2018-02,2017-02,12,0,True,0.0,master,valid_observed_phase_at_origin,ABCDE,calibration,3,3,spectral_core,local_partition_rf,0,0.06,0,0.09
1695,2018-02,2017-02,12,0,True,0.0,master,valid_observed_phase_at_origin,ABCDE,calibration,3,3,spectral_core,local_partition_rf,0,0.07,0,0.02
1696,2018-02,2017-02,12,0,True,0.0,master,valid_observed_phase_at_origin,ABCDE,calibration,3,3,spectral_core,local_partition_rf,0,0.09,0,0.1
1697,2018-02,2017-02,12,0,True,0.0,master,valid_observed_phase_at_origin,ABCDE,calibration,3,3,spectral_core,local_partition_rf,0,0.07,0,0.05
1698,2018-02,2017-02,12,0,True,0.0,master,valid_observed_phase_at_origin,ABCDE,calibration,3,3,spectral_core,local_partition_rf,0,0.07,0,0.18
1699,2018-02,2017-02,12,0,True,0.0,master,valid_observed_phase_at_origin,ABCDE,calibration,3,3,spectral_core,local_partition_rf,0,0.08,0,0.06
1700,2018-02,2017-02,12,0,True,0.0,master,valid_observed_phase_at_origin,ABCDE,calibration,3,3,spectral_core,local_partition_rf,0,0.26,0,0.15
1701,2018-02,2017-02,12,0,True,0.0,master,valid_observed_phase_at_origin,ABCDE,calibration,3,3,spectral_core,local_partition_rf,0,0.14,0,0.1
1702,2018-02,2017-02,12,0,True,0.0,master,valid_observed_phase_at_origin,ABCDE,calibration,3,10,spectral_core,local_partition_rf,0,0.47,0,0.17
1703,2018-02,2017-02,12,0,True,0.0,master,valid_observed_phase_at_origin,ABCDE,calibration,3,3,spectral_core,local_partition_rf,0,0.22,0,0.21
1704,2018-02,2017-02,12,0,True,0.0,master,valid_observed_phase_at_origin,ABCDE,calibration,3,3,spectral_core,local_partition_rf,0,0.05,0,0.05
1705,2018-02,2017-02,12,0,True,0.0,master,valid_observed_phase_at_origin,ABCDE,calibration,3,3,spectral_core,local_partition_rf,0,0.05,0,0.05
1706,2018-02,2017-02,12,0,True,0.0,master,valid_observed_phase_at_origin,ABCDE,calibration,3,3,spectral_core,local_partition_rf,0,0.06,0,0.06
1707,2018-02,2017-02,12,0,True,0.0,master,valid_observed_phase_at_origin,ABCDE,calibration,3,3,spectral_core,local_partition_rf,0,0.18,0,0.21
1708,2018-02,2017-02,12,0,True,0.0,master,valid_observed_phase_at_origin,ABCDE,calibration,3,3,spectral_core,local_partition_rf,0,0.23,0,0.2
1709,2018-02,2017-02,12,0,True,0.0,master,valid_observed_phase_at_origin,ABCDE,calibration,3,3,spectral_core,local_partition_rf,0,0.09,0,0.04
1710,2018-02,2017-02,12,0,True,0.0,master,valid_observed_phase_at_origin,ABCDE,calibration,3,3,spectral_core,local_partition_rf,0,0.06,0,0.06
1711,2018-02,2017-02,12,0,True,0.0,master,valid_observed_phase_at_origin,ABCDE,calibration,3,3,spectral_core,local_partition_rf,0,0.19,0,0.11
1712,2018-02,2017-02,12,0,True,0.0,master,valid_observed_phase_at_origin,ABCDE,calibration,3,3,spectral_core,local_partition_rf,0,0.15,0,0.16
1713,2018-02,2017-02,12,0,True,0.0,master,valid_observed_phase_at_origin,ABCDE,calibration,3,3,spectral_core,local_partition_rf,0,0.1,0,0.1
1714,2018-02,2017-02,12,0,True,0.0,master,valid_observed_phase_at_origin,ABCDE,calibration,3,3,spectral_core,local_partition_rf,0,0.15,0,0.16
1715,2018-02,2017-02,12,0,True,0.0,master,valid_observed_phase_at_origin,ABCDE,calibration,3,3,spectral_core,local_partition_rf,0,0.02,0,0.04
1716,2018-02,2017-02,12,0,True,0.0,master,valid_observed_phase_at_origin,ABCDE,calibration,3,3,spectral_core,local_partition_rf,0,0.05,0,0.01
1717,2018-02,2017-02,12,0,True,0.0,master,valid_observed_phase_at_origin,ABCDE,calibration,3,3,spectral_core,local_partition_rf,0,0.02,0,0.08
1718,2018-02,2017-02,12,0,True,0.0,master,valid_observed_phase_at_origin,ABCDE,calibration,3,3,spectral_core,local_partition_rf,0,0.07,0,0.05
1719,2018-02,2017-02,12,0,True,0.0,master,valid_observed_phase_at_origin,ABCDE,calibration,3,3,spectral_core,local_partition_rf,0,0.14,0,0.07
1720,2018-02,2017-02,12,0,True,0.0,master,valid_observed_phase_at_origin,ABCDE,calibration,3,3,spectral_core,local_partition_rf,0,0.21,0,0.24
1721,2018-02,2017-02,12,0,True,0.0,master,valid_observed_phase_at_origin,ABCDE,calibration,3,3,spectral_core,local_partition_rf,0,0.1,0,0.17
1722,2018-02,2017-02,12,0,True,0.0,master,valid_observed_phase_at_origin,ABCDE,calibration,3,3,spectral_core,local_partition_rf,0,0.09,0,0.15
1723,2018-02,2017-02,12,0,True,0.0,master,valid_observed_phase_at_origin,ABCDE,calibration,3,3,spectral_core,local_partition_rf,0,0.18,0,0.15
1724,2018-02,2017-02,12,0,True,0.0,master,valid_observed_phase_at_origin,ABCDE,calibration,3,3,spectral_core,local_partition_rf,0,0.05,0,0.05
1725,2018-02,2017-02,12,0,True,0.0,master,valid_observed_phase_at_origin,ABCDE,calibration,3,10,spectral_core,local_partition_rf,0,0.23,0,0.11
1726,2018-02,2017-02,12,0,True,0.0,master,valid_observed_phase_at_origin,ABCDE,calibration,3,3,spectral_core,local_partition_rf,0,0.25,0,0.14
1727,2018-02,2017-02,12,0,True,0.0,master,valid_observed_phase_at_origin,ABCDE,calibration,3,3,spectral_core,local_partition_rf,0,0.06,0,0.08
1728,2018-02,2017-02,12,0,True,1.0,master,valid_observed_phase_at_origin,ABCDE,calibration,3,3,spectral_core,local_partition_rf,0,0.15,0,0.27
1729,2018-02,2017-02,12,0,True,1.0,master,valid_observed_phase_at_origin,ABCDE,calibration,3,3,spectral_core,local_partition_rf,0,0.21,0,0.25
1730,2018-02,2017-02,12,0,True,0.0,master,valid_observed_phase_at_origin,ABCDE,calibration,3,3,spectral_core,local_partition_rf,0,0.12,0,0.15
1731,2018-02,2017-02,12,0,True,0.0,master,valid_observed_phase_at_origin,ABCDE,calibration,3,3,spectral_core,local_partition_rf,0,0.2,0,0.2
1732,2018-02,2017-02,12,0,True,0.0,master,valid_observed_phase_at_origin,ABCDE,calibration,3,3,spectral_core,local_partition_rf,0,0.06,0,0.09
1733,2018-02,2017-02,12,0,True,0.0,master,valid_observed_phase_at_origin,ABCDE,calibration,3,3,spectral_core,local_partition_rf,0,0.14,0,0.16
1734,2018-02,2017-02,12,0,True,0.0,master,valid_observed_phase_at_origin,ABCDE,calibration,3,3,spectral_core,local_partition_rf,0,0.14,0,0.16
1735,2018-02,2017-02,12,1,True,1.0,master,valid_observed_phase_at_origin,ABCDE,calibration,3,3,spectral_core,local_partition_rf,0,0.21,0,0.28
1736,2018-02,2017-02,12,1,True,1.0,master,valid_observed_phase_at_origin,ABCDE,calibration,3,3,spectral_core,local_partition_rf,0,0.22,0,0.32
1737,2018-02,2017-02,12,0,True,0.0,master,valid_observed_phase_at_origin,ABCDE,calibration,3,3,spectral_core,local_partition_rf,0,0.2,0,0.19
1738,2018-02,2017-02,12,1,True,1.0,master,valid_observed_phase_at_origin,ABCDE,calibration,3,3,spectral_core,local_partition_rf,0,0.23,0,0.23
1739,2018-02,2017-02,12,0,True,0.0,master,valid_observed_phase_at_origin,ABCDE,calibration,3,3,spectral_core,local_partition_rf,0,0.14,0,0.1
1740,2018-02,2017-02,12,0,True,0.0,master,valid_observed_phase_at_origin,ABCDE,calibration,3,3,spectral_core,local_partition_rf,0,0.2,0,0.18
1741,2018-02,2017-02,12,0,True,0.0,master,valid_observed_phase_at_origin,ABCDE,calibration,3,3,spectral_core,local_partition_rf,0,0.23,0,0.15
1742,2018-02,2017-02,12,0,True,0.0,master,valid_observed_phase_at_origin,ABCDE,calibration,3,3,spectral_core,local_partition_rf,0,0.15,0,0.19
1743,2018-02,2017-02,12,0,True,0.0,master,valid_observed_phase_at_origin,ABCDE,calibration,3,3,spectral_core,local_partition_rf,0,0.11,0,0.1
1744,2018-02,2017-02,12,0,True,1.0,master,valid_observed_phase_at_origin,ABCDE,calibration,3,3,spectral_core,local_partition_rf,0,0.18,0,0.23
1745,2018-02,2017-02,12,0,True,0.0,master,valid_observed_phase_at_origin,ABCDE,calibration,3,3,spectral_core,local_partition_rf,0,0.07,0,0.1
1746,2018-02,2017-02,12,0,True,0.0,master,valid_observed_phase_at_origin,ABCDE,calibration,3,3,spectral_core,local_partition_rf,0,0.18,0,0.17
1747,2018-02,2017-02,12,0,True,0.0,master,valid_observed_phase_at_origin,ABCDE,calibration,3,3,spectral_core,local_partition_rf,0,0.1,0,0.07
1748,2018-02,2017-02,12,0,True,0.0,master,valid_observed_phase_at_origin,ABCDE,calibration,3,3,spectral_core,local_partition_rf,0,0.06,0,0.11
1749,2018-02,2017-02,12,0,True,0.0,master,valid_observed_phase_at_origin,ABCDE,calibration,3,3,spectral_core,local_partition_rf,0,0.15,0,0.14
1750,2018-02,2017-02,12,0,True,0.0,master,valid_observed_phase_at_origin,ABCDE,calibration,3,3,spectral_core,local_partition_rf,0,0.22,0,0.15
1751,2018-02,2017-02,12,0,True,0.0,master,valid_observed_phase_at_origin,ABCDE,calibration,3,3,spectral_core,local_partition_rf,0,0.28,0,0.27
1752,2018-02,2017-02,12,0,True,0.0,master,valid_observed_phase_at_origin,ABCDE,calibration,3,3,spectral_core,local_partition_rf,0,0.03,0,0.05
1753,2018-02,2017-02,12,0,True,0.0,master,valid_observed_phase_at_origin,ABCDE,calibration,3,3,spectral_core,local_partition_rf,0,0.14,0,0.11
1754,2018-02,2017-02,12,0,True,0.0,master,valid_observed_phase_at_origin,ABCDE,calibration,3,3,spectral_core,local_partition_rf,0,0.15,0,0.14
1755,2018-02,2017-02,12,0,True,0.0,master,valid_observed_phase_at_origin,ABCDE,calibration,3,3,spectral_core,local_partition_rf,0,0.18,0,0.21
1756,2018-02,2017-02,12,0,True,0.0,master,valid_observed_phase_at_origin,ABCDE,calibration,3,3,spectral_core,local_partition_rf,0,0.21,0,0.13
1757,2018-02,2017-02,12,0,True,0.0,master,valid_observed_phase_at_origin,ABCDE,calibration,3,3,spectral_core,local_partition_rf,0,0.06,0,0.07
1758,2018-02,2017-02,12,0,True,0.0,master,valid_observed_phase_at_origin,ABCDE,calibration,3,3,spectral_core,local_partition_rf,0,0.11,0,0.09
1759,2018-02,2017-02,12,0,True,0.0,master,valid_observed_phase_at_origin,ABCDE,calibration,3,3,spectral_core,local_partition_rf,0,0.13,0,0.25
1760,2018-02,2017-02,12,0,True,0.0,master,valid_observed_phase_at_origin,ABCDE,calibration,3,3,spectral_core,local_partition_rf,0,0.13,0,0.16
1761,2018-02,2017-02,12,0,True,0.0,master,valid_observed_phase_at_origin,ABCDE,calibration,3,3,spectral_core,local_partition_rf,0,0.06,0,0.08
1762,2018-02,2017-02,12,1,True,1.0,master,valid_observed_phase_at_origin,ABCDE,calibration,3,3,spectral_core,local_partition_rf,0,0.17,0,0.27
1763,2018-02,2017-02,12,0,True,0.0,master,valid_observed_phase_at_origin,ABCDE,calibration,3,3,spectral_core,local_partition_rf,0,0.08,0,0.1
1764,2018-02,2017-02,12,0,True,0.0,master,valid_observed_phase_at_origin,ABCDE,calibration,3,3,spectral_core,local_partition_rf,0,0.23,0,0.18
1765,2018-02,2017-02,12,0,True,0.0,master,valid_observed_phase_at_origin,ABCDE,calibration,3,3,spectral_core,local_partition_rf,0,0.09,0,0.08
1766,2018-02,2017-02,12,0,True,0.0,master,valid_observed_phase_at_origin,ABCDE,calibration,3,3,spectral_core,local_partition_rf,0,0.21,0,0.24
1767,2018-02,2017-02,12,0,True,1.0,master,valid_observed_phase_at_origin,ABCDE,calibration,3,3,spectral_core,local_partition_rf,0,0.25,0,0.29
1768,2018-02,2017-02,12,0,True,0.0,master,valid_observed_phase_at_origin,ABCDE,calibration,3,3,spectral_core,local_partition_rf,0,0.07,0,0.06
1769,2018-02,2017-02,12,0,True,0.0,master,valid_observed_phase_at_origin,ABCDE,calibration,3,3,spectral_core,local_partition_rf,0,0.13,0,0.16
1770,2018-02,2017-02,12,0,True,0.0,master,valid_observed_phase_at_origin,ABCDE,calibration,3,10,spectral_core,local_partition_rf,0,0.24,0,0.1
1771,2018-02,2017-02,12,0,True,0.0,master,valid_observed_phase_at_origin,ABCDE,calibration,3,3,spectral_core,local_partition_rf,0,0.11,0,0.15
1772,2018-02,2017-02,12,0,True,0.0,master,valid_observed_phase_at_origin,ABCDE,calibration,3,3,spectral_core,local_partition_rf,0,0.07,0,0.1
1773,2018-02,2017-02,12,0,True,0.0,master,valid_observed_phase_at_origin,ABCDE,calibration,3,3,spectral_core,local_partition_rf,0,0.34,0,0.17
1774,2018-02,2017-02,12,0,True,0.0,master,valid_observed_phase_at_origin,ABCDE,calibration,3,3,spectral_core,local_partition_rf,0,0.14,0,0.17
1775,2018-02,2017-02,12,0,True,0.0,master,valid_observed_phase_at_origin,ABCDE,calibration,3,3,spectral_core,local_partition_rf,0,0.14,0,0.15
1776,2018-02,2017-02,12,0,True,0.0,master,valid_observed_phase_at_origin,ABCDE,calibration,3,3,spectral_core,local_partition_rf,0,0.26,0,0.14
1777,2018-02,2017-02,12,0,True,0.0,master,valid_observed_phase_at_origin,ABCDE,calibration,3,3,spectral_core,local_partition_rf,0,0.22,0,0.23
1778,2018-02,2017-02,12,0,True,0.0,master,valid_observed_phase_at_origin,ABCDE,calibration,3,3,spectral_core,local_partition_rf,0,0.14,0,0.2
1779,2018-02,2017-02,12,0,True,0.0,master,valid_observed_phase_at_origin,ABCDE,calibration,3,3,spectral_core,local_partition_rf,0,0.22,0,0.17
1780,2018-02,2017-02,12,0,True,0.0,master,valid_observed_phase_at_origin,ABCDE,calibration,3,3,spectral_core,local_partition_rf,0,0.16,0,0.25
1781,2018-02,2017-02,12,0,True,0.0,master,valid_observed_phase_at_origin,ABCDE,calibration,3,10,spectral_core,local_partition_rf,0,0.19,0,0.12
1782,2018-02,2017-02,12,0,True,0.0,master,valid_observed_phase_at_origin,ABCDE,calibration,3,3,spectral_core,local_partition_rf,0,0.1,0,0.18
1783,2018-02,2017-02,12,0,True,0.0,master,valid_observed_phase_at_origin,ABCDE,calibration,3,3,spectral_core,local_partition_rf,0,0.12,0,0.06
1784,2018-02,2017-02,12,0,True,0.0,master,valid_observed_phase_at_origin,ABCDE,calibration,3,10,spectral_core,local_partition_rf,0,0.2,0,0.12
1785,2018-02,2017-02,12,0,True,0.0,master,valid_observed_phase_at_origin,ABCDE,calibration,3,10,spectral_core,local_partition_rf,0,0.24,0,0.1
1786,2018-02,2017-02,12,1,True,1.0,master,valid_observed_phase_at_origin,ABCDE,calibration,3,3,spectral_core,local_partition_rf,0,0.19,0,0.27
1787,2018-02,2017-02,12,0,True,0.0,master,valid_observed_phase_at_origin,ABCDE,calibration,3,3,spectral_core,local_partition_rf,0,0.15,0,0.16
1788,2018-02,2017-02,12,0,True,0.0,master,valid_observed_phase_at_origin,ABCDE,calibration,3,3,spectral_core,local_partition_rf,0,0.02,0,0.04
1789,2018-02,2017-02,12,0,True,0.0,master,valid_observed_phase_at_origin,ABCDE,calibration,3,3,spectral_core,local_partition_rf,0,0.04,0,0.11
1790,2018-02,2017-02,12,0,True,0.0,master,valid_observed_phase_at_origin,ABCDE,calibration,3,3,spectral_core,local_partition_rf,0,0.14,0,0.17
1791,2018-02,2017-02,12,0,True,0.0,master,valid_observed_phase_at_origin,ABCDE,calibration,3,3,spectral_core,local_partition_rf,0,0.11,0,0.14
1792,2018-02,2017-02,12,1,True,1.0,master,valid_observed_phase_at_origin,ABCDE,calibration,3,3,spectral_core,local_partition_rf,0,0.2,0,0.29
1793,2018-02,2017-02,12,0,True,0.0,master,valid_observed_phase_at_origin,ABCDE,calibration,3,3,spectral_core,local_partition_rf,0,0.23,0,0.19
1794,2018-02,2017-02,12,0,True,0.0,master,valid_observed_phase_at_origin,ABCDE,calibration,3,10,spectral_core,local_partition_rf,0,0.19,0,0.08
1795,2018-02,2017-02,12,0,True,0.0,master,valid_observed_phase_at_origin,ABCDE,calibration,3,3,spectral_core,local_partition_rf,0,0.14,0,0.2
1796,2018-02,2017-02,12,0,True,1.0,master,valid_observed_phase_at_origin,ABCDE,calibration,3,3,spectral_core,local_partition_rf,0,0.26,0,0.2
1797,2018-02,2017-02,12,0,True,0.0,master,valid_observed_phase_at_origin,ABCDE,calibration,3,3,spectral_core,local_partition_rf,0,0.28,0,0.2
1798,2018-02,2017-02,12,1,True,1.0,master,valid_observed_phase_at_origin,ABCDE,calibration,3,3,spectral_core,local_partition_rf,0,0.22,0,0.36
1799,2018-02,2017-02,12,0,True,0.0,master,valid_observed_phase_at_origin,ABCDE,calibration,3,3,spectral_core,local_partition_rf,0,0.17,0,0.15
1800,2018-02,2017-02,12,0,True,0.0,master,valid_observed_phase_at_origin,ABCDE,calibration,3,3,spectral_core,local_partition_rf,0,0.12,0,0.08
1801,2018-02,2017-02,12,1,True,1.0,master,valid_observed_phase_at_origin,ABCDE,calibration,3,3,spectral_core,local_partition_rf,0,0.21,0,0.25
1802,2018-02,2017-02,12,0,True,0.0,master,valid_observed_phase_at_origin,ABCDE,calibration,3,3,spectral_core,local_partition_rf,0,0.01,0,0.04
1803,2018-02,2017-02,12,0,True,0.0,master,valid_observed_phase_at_origin,ABCDE,calibration,3,3,spectral_core,local_partition_rf,0,0.13,0,0.19
1804,2018-02,2017-02,12,0,True,0.0,master,valid_observed_phase_at_origin,ABCDE,calibration,3,3,spectral_core,local_partition_rf,0,0.12,0,0.07
1805,2018-02,2017-02,12,0,True,0.0,master,valid_observed_phase_at_origin,ABCDE,calibration,3,3,spectral_core,local_partition_rf,0,0.03,0,0.05
1806,2018-02,2017-02,12,0,True,0.0,master,valid_observed_phase_at_origin,ABCDE,calibration,3,3,spectral_core,local_partition_rf,0,0.07,0,0.06
1807,2018-02,2017-02,12,0,True,0.0,master,valid_observed_phase_at_origin,ABCDE,calibration,3,3,spectral_core,local_partition_rf,0,0.08,0,0.07
1808,2018-02,2017-02,12,1,True,1.0,master,valid_observed_phase_at_origin,ABCDE,calibration,3,3,spectral_core,local_partition_rf,0,0.15,0,0.22
1809,2018-02,2017-02,12,0,True,0.0,master,valid_observed_phase_at_origin,ABCDE,calibration,3,3,spectral_core,local_partition_rf,0,0.03,0,0.07
1810,2018-02,2017-02,12,0,True,0.0,master,valid_observed_phase_at_origin,ABCDE,calibration,3,3,spectral_core,local_partition_rf,0,0.12,0,0.08
1811,2018-02,2017-02,12,0,True,0.0,master,valid_observed_phase_at_origin,ABCDE,calibration,3,3,spectral_core,local_partition_rf,0,0.14,0,0.13
1812,2018-02,2017-02,12,0,True,0.0,master,valid_observed_phase_at_origin,ABCDE,calibration,3,3,spectral_core,local_partition_rf,0,0.04,0,0.09
1813,2018-02,2017-02,12,0,True,0.0,master,valid_observed_phase_at_origin,ABCDE,calibration,3,3,spectral_core,local_partition_rf,0,0.05,0,0.04
1814,2018-02,2017-02,12,0,True,0.0,master,valid_observed_phase_at_origin,ABCDE,calibration,3,3,spectral_core,local_partition_rf,0,0.05,0,0.05
1815,2018-02,2017-02,12,0,True,1.0,master,valid_observed_phase_at_origin,ABCDE,calibration,3,3,spectral_core,local_partition_rf,0,0.24,0,0.26
1816,2018-02,2017-02,12,0,True,0.0,master,valid_observed_phase_at_origin,ABCDE,calibration,3,3,spectral_core,local_partition_rf,0,0.07,0,0.08
1817,2018-02,2017-02,12,0,True,0.0,master,valid_observed_phase_at_origin,ABCDE,calibration,3,3,spectral_core,local_partition_rf,0,0.09,0,0.05
1818,2018-02,2017-02,12,0,True,0.0,master,valid_observed_phase_at_origin,ABCDE,calibration,3,3,spectral_core,local_partition_rf,0,0.05,0,0.1
1819,2018-02,2017-02,12,0,True,0.0,master,valid_observed_phase_at_origin,ABCDE,calibration,3,3,spectral_core,local_partition_rf,0,0.06,0,0.06
1820,2018-02,2017-02,12,0,True,0.0,master,valid_observed_phase_at_origin,ABCDE,calibration,3,3,spectral_core,local_partition_rf,0,0.14,0,0.16
1821,2018-02,2017-02,12,0,True,0.0,master,valid_observed_phase_at_origin,ABCDE,calibration,3,3,spectral_core,local_partition_rf,0,0.07,0,0.06
1822,2018-02,2017-02,12,0,True,0.0,master,valid_observed_phase_at_origin,ABCDE,calibration,3,3,spectral_core,local_partition_rf,0,0.11,0,0.14
1823,2018-02,2017-02,12,0,True,0.0,master,valid_observed_phase_at_origin,ABCDE,calibration,3,3,spectral_core,local_partition_rf,0,0.14,0,0.19
1824,2018-02,2017-02,12,0,True,0.0,master,valid_observed_phase_at_origin,ABCDE,calibration,3,3,spectral_core,local_partition_rf,0,0.14,0,0.1
1825,2018-02,2017-02,12,0,True,0.0,master,valid_observed_phase_at_origin,ABCDE,calibration,3,3,spectral_core,local_partition_rf,0,0.19,0,0.22
1826,2018-02,2017-02,12,0,True,0.0,master,valid_observed_phase_at_origin,ABCDE,calibration,3,3,spectral_core,local_partition_rf,0,0.03,0,0.1
1827,2018-02,2017-02,12,0,True,0.0,master,valid_observed_phase_at_origin,ABCDE,calibration,3,3,spectral_core,local_partition_rf,0,0.05,0,0.06
1828,2018-02,2017-02,12,0,True,0.0,master,valid_observed_phase_at_origin,ABCDE,calibration,3,3,spectral_core,local_partition_rf,0,0.08,0,0.13
1829,2018-02,2017-02,12,0,True,0.0,master,valid_observed_phase_at_origin,ABCDE,calibration,3,3,spectral_core,local_partition_rf,0,0.04,0,0.07
1830,2018-02,2017-02,12,0,True,0.0,master,valid_observed_phase_at_origin,ABCDE,calibration,3,3,spectral_core,local_partition_rf,0,0.23,0,0.16
1831,2018-02,2017-02,12,0,True,0.0,master,valid_observed_phase_at_origin,ABCDE,calibration,3,3,spectral_core,local_partition_rf,0,0.04,0,0.08
1832,2018-02,2017-02,12,1,True,1.0,master,valid_observed_phase_at_origin,ABCDE,calibration,3,3,spectral_core,local_partition_rf,0,0.2,0,0.33
1833,2018-02,2017-02,12,0,True,0.0,master,valid_observed_phase_at_origin,ABCDE,calibration,3,3,spectral_core,local_partition_rf,0,0.03,0,0.08
1834,2018-02,2017-02,12,0,True,0.0,master,valid_observed_phase_at_origin,ABCDE,calibration,3,3,spectral_core,local_partition_rf,0,0.09,0,0.09
1835,2018-02,2017-02,12,0,True,0.0,master,valid_observed_phase_at_origin,ABCDE,calibration,3,10,spectral_core,local_partition_rf,0,0.22,0,0.13
1836,2018-02,2017-02,12,0,True,0.0,master,valid_observed_phase_at_origin,ABCDE,calibration,3,10,spectral_core,local_partition_rf,0,0.21,0,0.07
1837,2018-02,2017-02,12,0,True,0.0,master,valid_observed_phase_at_origin,ABCDE,calibration,3,10,spectral_core,local_partition_rf,0,0.29,0,0.24
1838,2018-02,2017-02,12,0,True,0.0,master,valid_observed_phase_at_origin,ABCDE,calibration,3,3,spectral_core,local_partition_rf,0,0.03,0,0.04
1839,2018-02,2017-02,12,1,True,0.0,master,valid_observed_phase_at_origin,ABCDE,calibration,3,3,spectral_core,local_partition_rf,0,0.1,0,0.16
1840,2018-02,2017-02,12,0,True,0.0,master,valid_observed_phase_at_origin,ABCDE,calibration,3,3,spectral_core,local_partition_rf,0,0.22,0,0.23
1841,2018-02,2017-02,12,0,True,0.0,master,valid_observed_phase_at_origin,ABCDE,calibration,3,3,spectral_core,local_partition_rf,0,0.18,0,0.14
1842,2018-02,2017-02,12,0,True,0.0,master,valid_observed_phase_at_origin,ABCDE,calibration,3,3,spectral_core,local_partition_rf,0,0.13,0,0.15
1843,2018-02,2017-02,12,0,True,0.0,master,valid_observed_phase_at_origin,ABCDE,calibration,3,3,spectral_core,local_partition_rf,0,0.07,0,0.08
1844,2018-02,2017-02,12,0,True,0.0,master,valid_observed_phase_at_origin,ABCDE,calibration,3,3,spectral_core,local_partition_rf,0,0.05,0,0.05
1845,2018-02,2017-02,12,0,True,0.0,master,valid_observed_phase_at_origin,ABCDE,calibration,3,3,spectral_core,local_partition_rf,0,0.18,0,0.19
1846,2018-02,2017-02,12,0,True,0.0,master,valid_observed_phase_at_origin,ABCDE,calibration,3,3,spectral_core,local_partition_rf,0,0.27,0,0.12
1847,2018-02,2017-02,12,0,True,0.0,master,valid_observed_phase_at_origin,ABCDE,calibration,3,3,spectral_core,local_partition_rf,0,0.18,0,0.18
1848,2018-02,2017-02,12,0,True,0.0,master,valid_observed_phase_at_origin,ABCDE,calibration,3,3,spectral_core,local_partition_rf,0,0.17,0,0.28
1849,2018-02,2017-02,12,0,True,0.0,master,valid_observed_phase_at_origin,ABCDE,calibration,3,3,spectral_core,local_partition_rf,0,0.02,0,0.06
1850,2018-02,2017-02,12,0,True,0.0,master,valid_observed_phase_at_origin,ABCDE,calibration,3,3,spectral_core,local_partition_rf,0,0.1,0,0.17
1851,2018-02,2017-02,12,0,True,0.0,master,valid_observed_phase_at_origin,ABCDE,calibration,3,3,spectral_core,local_partition_rf,0,0.13,0,0.15
1852,2018-02,2017-02,12,0,True,0.0,master,valid_observed_phase_at_origin,ABCDE,calibration,3,3,spectral_core,local_partition_rf,0,0.09,0,0.14
1853,2018-02,2017-02,12,0,True,0.0,master,valid_observed_phase_at_origin,ABCDE,calibration,3,3,spectral_core,local_partition_rf,0,0.09,0,0.15
1854,2018-02,2017-02,12,0,True,0.0,master,valid_observed_phase_at_origin,ABCDE,calibration,3,3,spectral_core,local_partition_rf,0,0.12,0,0.12
1855,2018-02,2017-02,12,0,True,0.0,master,valid_observed_phase_at_origin,ABCDE,calibration,3,3,spectral_core,local_partition_rf,0,0.04,0,0.07
1856,2018-02,2017-02,12,0,True,0.0,master,valid_observed_phase_at_origin,ABCDE,calibration,3,3,spectral_core,local_partition_rf,0,0.11,0,0.15
1857,2018-02,2017-02,12,0,True,0.0,master,valid_observed_phase_at_origin,ABCDE,calibration,3,3,spectral_core,local_partition_rf,0,0.07,0,0.08
1858,2018-02,2017-02,12,0,True,0.0,master,valid_observed_phase_at_origin,ABCDE,calibration,3,3,spectral_core,local_partition_rf,0,0.1,0,0.11
1859,2018-02,2017-02,12,0,True,0.0,master,valid_observed_phase_at_origin,ABCDE,calibration,3,3,spectral_core,local_partition_rf,0,0.07,0,0.1
1860,2018-02,2017-02,12,0,True,0.0,master,valid_observed_phase_at_origin,ABCDE,calibration,3,3,spectral_core,local_partition_rf,0,0.03,0,0.07
1861,2018-02,2017-02,12,0,True,0.0,master,valid_observed_phase_at_origin,ABCDE,calibration,3,3,spectral_core,local_partition_rf,0,0.05,0,0.05
1862,2018-02,2017-02,12,0,True,0.0,master,valid_observed_phase_at_origin,ABCDE,calibration,3,3,spectral_core,local_partition_rf,0,0.17,0,0.12
1863,2018-02,2017-02,12,0,True,0.0,master,valid_observed_phase_at_origin,ABCDE,calibration,3,3,spectral_core,local_partition_rf,0,0.14,0,0.14
1864,2018-02,2017-02,12,0,True,0.0,master,valid_observed_phase_at_origin,ABCDE,calibration,3,3,spectral_core,local_partition_rf,0,0.19,0,0.16
1865,2018-02,2017-02,12,0,True,0.0,master,valid_observed_phase_at_origin,ABCDE,calibration,3,3,spectral_core,local_partition_rf,0,0.13,0,0.12
1866,2018-02,2017-02,12,0,True,0.0,master,valid_observed_phase_at_origin,ABCDE,calibration,3,3,spectral_core,local_partition_rf,0,0.05,0,0.08
1867,2018-02,2017-02,12,0,True,0.0,master,valid_observed_phase_at_origin,ABCDE,calibration,3,3,spectral_core,local_partition_rf,0,0.11,0,0.1
1868,2018-02,2017-02,12,0,True,0.0,master,valid_observed_phase_at_origin,ABCDE,calibration,3,3,spectral_core,local_partition_rf,0,0.14,0,0.2
1869,2018-02,2017-02,12,0,True,0.0,master,valid_observed_phase_at_origin,ABCDE,calibration,3,3,spectral_core,local_partition_rf,0,0.15,0,0.16
1870,2018-02,2017-02,12,0,True,0.0,master,valid_observed_phase_at_origin,ABCDE,calibration,3,3,spectral_core,local_partition_rf,0,0.24,0,0.22
1871,2018-02,2017-02,12,0,True,0.0,master,valid_observed_phase_at_origin,ABCDE,calibration,3,3,spectral_core,local_partition_rf,0,0.21,0,0.17
1872,2018-02,2017-02,12,0,True,0.0,master,valid_observed_phase_at_origin,ABCDE,calibration,3,3,spectral_core,local_partition_rf,0,0.21,0,0.19
1873,2018-02,2017-02,12,0,True,0.0,master,valid_observed_phase_at_origin,ABCDE,calibration,3,3,spectral_core,local_partition_rf,0,0.08,0,0.05
1874,2018-02,2017-02,12,0,True,0.0,master,valid_observed_phase_at_origin,ABCDE,calibration,3,3,spectral_core,local_partition_rf,0,0.11,0,0.06
1875,2018-02,2017-02,12,0,True,1.0,master,valid_observed_phase_at_origin,ABCDE,calibration,3,3,spectral_core,local_partition_rf,0,0.28,0,0.29
1876,2018-02,2017-02,12,0,True,0.0,master,valid_observed_phase_at_origin,ABCDE,calibration,3,10,spectral_core,local_partition_rf,0,0.17,0,0.1
1877,2018-02,2017-02,12,0,True,0.0,master,valid_observed_phase_at_origin,ABCDE,calibration,3,10,spectral_core,local_partition_rf,0,0.17,0,0.09
1878,2018-02,2017-02,12,0,True,0.0,master,valid_observed_phase_at_origin,ABCDE,calibration,3,3,spectral_core,local_partition_rf,0,0.08,0,0.1
1879,2018-02,2017-02,12,0,True,0.0,master,valid_observed_phase_at_origin,ABCDE,calibration,3,3,spectral_core,local_partition_rf,0,0.04,0,0.1
1880,2018-02,2017-02,12,0,True,0.0,master,valid_observed_phase_at_origin,ABCDE,calibration,3,3,spectral_core,local_partition_rf,0,0.2,0,0.21
1881,2018-02,2017-02,12,1,True,1.0,master,valid_observed_phase_at_origin,ABCDE,calibration,3,3,spectral_core,local_partition_rf,0,0.18,0,0.32
1882,2018-02,2017-02,12,0,True,0.0,master,valid_observed_phase_at_origin,ABCDE,calibration,3,3,spectral_core,local_partition_rf,0,0.09,0,0.07
1883,2018-02,2017-02,12,0,True,0.0,master,valid_observed_phase_at_origin,ABCDE,calibration,3,3,spectral_core,local_partition_rf,0,0.1,0,0.06
1884,2018-02,2017-02,12,0,True,0.0,master,valid_observed_phase_at_origin,ABCDE,calibration,3,3,spectral_core,local_partition_rf,0,0.11,0,0.12
1885,2018-02,2017-02,12,0,True,0.0,master,valid_observed_phase_at_origin,ABCDE,calibration,3,3,spectral_core,local_partition_rf,0,0.19,0,0.19
1886,2018-02,2017-02,12,0,True,0.0,master,valid_observed_phase_at_origin,ABCDE,calibration,3,10,spectral_core,local_partition_rf,0,0.15,0,0.1
1887,2018-02,2017-02,12,0,True,0.0,master,valid_observed_phase_at_origin,ABCDE,calibration,3,3,spectral_core,local_partition_rf,0,0.1,0,0.11
1888,2018-02,2017-02,12,0,True,0.0,master,valid_observed_phase_at_origin,ABCDE,calibration,3,3,spectral_core,local_partition_rf,0,0.14,0,0.21
1889,2018-02,2017-02,12,0,True,1.0,master,valid_observed_phase_at_origin,ABCDE,calibration,3,3,spectral_core,local_partition_rf,0,0.25,0,0.32
1890,2018-02,2017-02,12,0,True,0.0,master,valid_observed_phase_at_origin,ABCDE,calibration,3,3,spectral_core,local_partition_rf,0,0.23,0,0.21
1891,2018-02,2017-02,12,0,True,0.0,master,valid_observed_phase_at_origin,ABCDE,calibration,3,3,spectral_core,local_partition_rf,0,0.17,0,0.14
1892,2018-02,2017-02,12,0,True,1.0,master,valid_observed_phase_at_origin,ABCDE,calibration,3,3,spectral_core,local_partition_rf,0,0.25,0,0.26
1893,2018-02,2017-02,12,0,True,0.0,master,valid_observed_phase_at_origin,ABCDE,calibration,3,10,spectral_core,local_partition_rf,0,0.22,0,0.09
1894,2018-02,2017-02,12,0,True,0.0,master,valid_observed_phase_at_origin,ABCDE,calibration,3,3,spectral_core,local_partition_rf,0,0.26,0,0.14
1895,2018-02,2017-02,12,0,True,0.0,master,valid_observed_phase_at_origin,ABCDE,calibration,3,3,spectral_core,local_partition_rf,0,0.24,0,0.14
1896,2018-02,2017-02,12,0,True,0.0,master,valid_observed_phase_at_origin,ABCDE,calibration,3,3,spectral_core,local_partition_rf,0,0.11,0,0.07
1897,2018-02,2017-02,12,0,True,0.0,master,valid_observed_phase_at_origin,ABCDE,calibration,3,3,spectral_core,local_partition_rf,0,0.21,0,0.14
1898,2018-02,2017-02,12,0,True,0.0,master,valid_observed_phase_at_origin,ABCDE,calibration,3,3,spectral_core,local_partition_rf,0,0.1,0,0.15
1899,2018-02,2017-02,12,0,True,0.0,master,valid_observed_phase_at_origin,ABCDE,calibration,3,3,spectral_core,local_partition_rf,0,0.22,0,0.17
1900,2018-02,2017-02,12,0,True,0.0,master,valid_observed_phase_at_origin,ABCDE,calibration,3,3,spectral_core,local_partition_rf,0,0.28,0,0.19
1901,2018-02,2017-02,12,0,True,0.0,master,valid_observed_phase_at_origin,ABCDE,calibration,3,3,spectral_core,local_partition_rf,0,0.15,0,0.16
1902,2018-02,2017-02,12,1,True,0.0,master,valid_observed_phase_at_origin,ABCDE,calibration,3,3,spectral_core,local_partition_rf,0,0.09,0,0.11
1903,2018-02,2017-02,12,0,True,0.0,master,valid_observed_phase_at_origin,ABCDE,calibration,3,3,spectral_core,local_partition_rf,0,0.04,0,0.09
1904,2018-02,2017-02,12,0,True,0.0,master,valid_observed_phase_at_origin,ABCDE,calibration,3,3,spectral_core,local_partition_rf,0,0.05,0,0.11
1905,2018-02,2017-02,12,0,True,0.0,master,valid_observed_phase_at_origin,ABCDE,calibration,3,3,spectral_core,local_partition_rf,0,0.16,0,0.14
1906,2018-02,2017-02,12,0,True,0.0,master,valid_observed_phase_at_origin,ABCDE,calibration,3,3,spectral_core,local_partition_rf,0,0.13,0,0.07
1907,2018-02,2017-02,12,0,True,0.0,master,valid_observed_phase_at_origin,ABCDE,calibration,3,3,spectral_core,local_partition_rf,0,0.17,0,0.11
1908,2018-02,2017-02,12,0,True,0.0,master,valid_observed_phase_at_origin,ABCDE,calibration,3,3,spectral_core,local_partition_rf,0,0.03,0,0.09
1909,2018-02,2017-02,12,1,True,1.0,master,valid_observed_phase_at_origin,ABCDE,calibration,3,3,spectral_core,local_partition_rf,0,0.24,0,0.26
1910,2018-02,2017-02,12,1,True,1.0,master,valid_observed_phase_at_origin,ABCDE,calibration,3,3,spectral_core,local_partition_rf,0,0.1,0,0.17
1911,2018-02,2017-02,12,1,True,1.0,master,valid_observed_phase_at_origin,ABCDE,calibration,3,3,spectral_core,local_partition_rf,0,0.15,0,0.16
1912,2018-02,2017-02,12,0,True,0.0,master,valid_observed_phase_at_origin,ABCDE,calibration,3,3,spectral_core,local_partition_rf,0,0.06,0,0.14
1913,2018-02,2017-02,12,0,True,0.0,master,valid_observed_phase_at_origin,ABCDE,calibration,3,3,spectral_core,local_partition_rf,0,0.1,0,0.04
1914,2018-02,2017-02,12,0,True,0.0,master,valid_observed_phase_at_origin,ABCDE,calibration,3,3,spectral_core,local_partition_rf,0,0.11,0,0.11
1915,2018-02,2017-02,12,1,True,1.0,master,valid_observed_phase_at_origin,ABCDE,calibration,3,3,spectral_core,local_partition_rf,0,0.18,0,0.19
1916,2018-02,2017-02,12,0,True,0.0,master,valid_observed_phase_at_origin,ABCDE,calibration,3,3,spectral_core,local_partition_rf,0,0.13,0,0.14
1917,2018-02,2017-02,12,0,True,0.0,master,valid_observed_phase_at_origin,ABCDE,calibration,3,3,spectral_core,local_partition_rf,0,0.12,0,0.14
1918,2018-02,2017-02,12,0,True,0.0,master,valid_observed_phase_at_origin,ABCDE,calibration,3,3,spectral_core,local_partition_rf,0,0.14,0,0.08
1919,2018-02,2017-02,12,1,True,1.0,master,valid_observed_phase_at_origin,ABCDE,calibration,3,3,spectral_core,local_partition_rf,0,0.11,0,0.2
1920,2018-02,2017-02,12,0,True,0.0,master,valid_observed_phase_at_origin,ABCDE,calibration,3,3,spectral_core,local_partition_rf,0,0.04,0,0.09
1921,2018-02,2017-02,12,0,True,0.0,master,valid_observed_phase_at_origin,ABCDE,calibration,3,3,spectral_core,local_partition_rf,0,0.02,0,0.04
1922,2018-02,2017-02,12,0,True,0.0,master,valid_observed_phase_at_origin,ABCDE,calibration,3,3,spectral_core,local_partition_rf,0,0.06,0,0.07
1923,2018-02,2017-02,12,0,True,0.0,master,valid_observed_phase_at_origin,ABCDE,calibration,3,3,spectral_core,local_partition_rf,0,0.13,0,0.15
1924,2018-02,2017-02,12,0,True,0.0,master,valid_observed_phase_at_origin,ABCDE,calibration,3,3,spectral_core,local_partition_rf,0,0.2,0,0.23
1925,2018-02,2017-02,12,0,True,0.0,master,valid_observed_phase_at_origin,ABCDE,calibration,3,3,spectral_core,local_partition_rf,0,0.01,0,0.09
1926,2018-02,2017-02,12,0,True,0.0,master,valid_observed_phase_at_origin,ABCDE,calibration,3,3,spectral_core,local_partition_rf,0,0.08,0,0.04
1927,2018-02,2017-02,12,0,True,0.0,master,valid_observed_phase_at_origin,ABCDE,calibration,3,3,spectral_core,local_partition_rf,0,0.07,0,0.09
1928,2018-02,2017-02,12,0,True,0.0,master,valid_observed_phase_at_origin,ABCDE,calibration,3,3,spectral_core,local_partition_rf,0,0.1,0,0.1
1929,2018-02,2017-02,12,0,True,0.0,master,valid_observed_phase_at_origin,ABCDE,calibration,3,3,spectral_core,local_partition_rf,0,0.05,0,0.05
1930,2018-02,2017-02,12,0,True,1.0,master,valid_observed_phase_at_origin,ABCDE,calibration,3,3,spectral_core,local_partition_rf,0,0.22,0,0.28
1931,2018-02,2017-02,12,0,True,0.0,master,valid_observed_phase_at_origin,ABCDE,calibration,3,3,spectral_core,local_partition_rf,0,0.06,0,0.07
1932,2018-02,2017-02,12,0,True,0.0,master,valid_observed_phase_at_origin,ABCDE,calibration,3,3,spectral_core,local_partition_rf,0,0.12,0,0.12
1933,2018-02,2017-02,12,0,True,0.0,master,valid_observed_phase_at_origin,ABCDE,calibration,3,3,spectral_core,local_partition_rf,0,0.1,0,0.27
1934,2018-02,2017-02,12,0,True,0.0,master,valid_observed_phase_at_origin,ABCDE,calibration,3,3,spectral_core,local_partition_rf,0,0.09,0,0.1
1935,2018-02,2017-02,12,0,True,0.0,master,valid_observed_phase_at_origin,ABCDE,calibration,3,3,spectral_core,local_partition_rf,0,0.07,0,0.06
1936,2018-02,2017-02,12,0,True,0.0,master,valid_observed_phase_at_origin,ABCDE,calibration,3,3,spectral_core,local_partition_rf,0,0.15,0,0.13
1937,2018-02,2017-02,12,0,True,0.0,master,valid_observed_phase_at_origin,ABCDE,calibration,3,3,spectral_core,local_partition_rf,0,0.04,0,0.03
1938,2018-02,2017-02,12,0,True,0.0,master,valid_observed_phase_at_origin,ABCDE,calibration,3,3,spectral_core,local_partition_rf,0,0.18,0,0.19
1939,2018-02,2017-02,12,1,True,1.0,master,valid_observed_phase_at_origin,ABCDE,calibration,3,3,spectral_core,local_partition_rf,0,0.11,0,0.16
1940,2018-02,2017-02,12,0,True,0.0,master,valid_observed_phase_at_origin,ABCDE,calibration,3,10,spectral_core,local_partition_rf,0,0.23,0,0.1
1941,2018-02,2017-02,12,0,True,0.0,master,valid_observed_phase_at_origin,ABCDE,calibration,3,3,spectral_core,local_partition_rf,0,0.05,0,0.07
1942,2018-02,2017-02,12,1,True,1.0,master,valid_observed_phase_at_origin,ABCDE,calibration,3,3,spectral_core,local_partition_rf,0,0.2,0,0.28
1943,2018-02,2017-02,12,0,True,0.0,master,valid_observed_phase_at_origin,ABCDE,calibration,3,10,spectral_core,local_partition_rf,0,0.38,0,0.18
1944,2018-02,2017-02,12,0,True,0.0,master,valid_observed_phase_at_origin,ABCDE,calibration,3,3,spectral_core,local_partition_rf,0,0.12,0,0.16
1945,2018-02,2017-02,12,1,True,1.0,master,valid_observed_phase_at_origin,ABCDE,calibration,3,3,spectral_core,local_partition_rf,0,0.24,0,0.24
1946,2018-02,2017-02,12,0,True,0.0,master,valid_observed_phase_at_origin,ABCDE,calibration,3,3,spectral_core,local_partition_rf,0,0.2,0,0.3
1947,2018-02,2017-02,12,0,True,0.0,master,valid_observed_phase_at_origin,ABCDE,calibration,3,3,spectral_core,local_partition_rf,0,0.23,0,0.22
1948,2018-02,2017-02,12,0,True,0.0,master,valid_observed_phase_at_origin,ABCDE,calibration,3,3,spectral_core,local_partition_rf,0,0.22,0,0.24
1949,2018-02,2017-02,12,1,True,1.0,master,valid_observed_phase_at_origin,ABCDE,calibration,3,3,spectral_core,local_partition_rf,0,0.12,0,0.28
1950,2018-02,2017-02,12,0,True,0.0,master,valid_observed_phase_at_origin,ABCDE,calibration,3,3,spectral_core,local_partition_rf,0,0.16,0,0.13
1951,2018-02,2017-02,12,0,True,0.0,master,valid_observed_phase_at_origin,ABCDE,calibration,3,3,spectral_core,local_partition_rf,0,0.09,0,0.11
1952,2018-02,2017-02,12,0,True,0.0,master,valid_observed_phase_at_origin,ABCDE,calibration,3,3,spectral_core,local_partition_rf,0,0.08,0,0.13
1953,2018-02,2017-02,12,0,True,0.0,master,valid_observed_phase_at_origin,ABCDE,calibration,3,3,spectral_core,local_partition_rf,0,0.25,0,0.2
1954,2018-02,2017-02,12,0,True,0.0,master,valid_observed_phase_at_origin,ABCDE,calibration,3,3,spectral_core,local_partition_rf,0,0.17,0,0.19
1955,2018-02,2017-02,12,1,True,1.0,master,valid_observed_phase_at_origin,ABCDE,calibration,3,3,spectral_core,local_partition_rf,0,0.27,0,0.31
1956,2018-02,2017-02,12,0,True,0.0,master,valid_observed_phase_at_origin,ABCDE,calibration,3,3,spectral_core,local_partition_rf,0,0.16,0,0.22
1957,2018-02,2017-02,12,0,True,0.0,master,valid_observed_phase_at_origin,ABCDE,calibration,3,3,spectral_core,local_partition_rf,0,0.26,0,0.23
1958,2018-02,2017-02,12,1,True,1.0,master,valid_observed_phase_at_origin,ABCDE,calibration,3,3,spectral_core,local_partition_rf,0,0.22,0,0.3
1959,2018-02,2017-02,12,0,True,0.0,master,valid_observed_phase_at_origin,ABCDE,calibration,3,3,spectral_core,local_partition_rf,0,0.12,0,0.14
1960,2018-02,2017-02,12,0,True,0.0,master,valid_observed_phase_at_origin,ABCDE,calibration,3,3,spectral_core,local_partition_rf,0,0.04,0,0.07
1961,2018-02,2017-02,12,0,True,0.0,master,valid_observed_phase_at_origin,ABCDE,calibration,3,3,spectral_core,local_partition_rf,0,0.24,0,0.13
1962,2018-02,2017-02,12,0,True,0.0,master,valid_observed_phase_at_origin,ABCDE,calibration,3,3,spectral_core,local_partition_rf,0,0.16,0,0.23
1963,2018-02,2017-02,12,0,True,0.0,master,valid_observed_phase_at_origin,ABCDE,calibration,3,3,spectral_core,local_partition_rf,0,0.11,0,0.14
1964,2018-02,2017-02,12,0,True,0.0,master,valid_observed_phase_at_origin,ABCDE,calibration,3,3,spectral_core,local_partition_rf,0,0.23,0,0.17
1965,2018-02,2017-02,12,0,True,0.0,master,valid_observed_phase_at_origin,ABCDE,calibration,3,3,spectral_core,local_partition_rf,0,0.06,0,0.04
1966,2018-02,2017-02,12,0,True,0.0,master,valid_observed_phase_at_origin,ABCDE,calibration,3,3,spectral_core,local_partition_rf,0,0.1,0,0.13
1967,2018-02,2017-02,12,0,True,0.0,master,valid_observed_phase_at_origin,ABCDE,calibration,3,3,spectral_core,local_partition_rf,0,0.11,0,0.13
1968,2018-02,2017-02,12,0,True,0.0,master,valid_observed_phase_at_origin,ABCDE,calibration,3,3,spectral_core,local_partition_rf,0,0.03,0,0.08
1969,2018-02,2017-02,12,0,True,0.0,master,valid_observed_phase_at_origin,ABCDE,calibration,3,3,spectral_core,local_partition_rf,0,0.05,0,0.11
1970,2018-02,2017-02,12,0,True,0.0,master,valid_observed_phase_at_origin,ABCDE,calibration,3,3,spectral_core,local_partition_rf,0,0.02,0,0.08
1971,2018-02,2017-02,12,0,True,0.0,master,valid_observed_phase_at_origin,ABCDE,calibration,3,3,spectral_core,local_partition_rf,0,0.04,0,0.07
1972,2018-02,2017-02,12,0,True,0.0,master,valid_observed_phase_at_origin,ABCDE,calibration,3,3,spectral_core,local_partition_rf,0,0.1,0,0.05
1973,2018-02,2017-02,12,0,True,0.0,master,valid_observed_phase_at_origin,ABCDE,calibration,3,3,spectral_core,local_partition_rf,0,0.05,0,0.09
1974,2018-02,2017-02,12,0,True,0.0,master,valid_observed_phase_at_origin,ABCDE,calibration,3,3,spectral_core,local_partition_rf,0,0.1,0,0.12
1975,2018-02,2017-02,12,0,True,0.0,master,valid_observed_phase_at_origin,ABCDE,calibration,3,3,spectral_core,local_partition_rf,0,0.14,0,0.15
1976,2018-02,2017-02,12,0,True,0.0,master,valid_observed_phase_at_origin,ABCDE,calibration,3,3,spectral_core,local_partition_rf,0,0.07,0,0.1
1977,2018-02,2017-02,12,0,True,0.0,master,valid_observed_phase_at_origin,ABCDE,calibration,3,3,spectral_core,local_partition_rf,0,0.06,0,0.08
1978,2018-02,2017-02,12,0,True,1.0,master,valid_observed_phase_at_origin,ABCDE,calibration,3,3,spectral_core,local_partition_rf,0,0.2,0,0.28
1979,2018-02,2017-02,12,0,True,0.0,master,valid_observed_phase_at_origin,ABCDE,calibration,3,3,spectral_core,local_partition_rf,0,0.07,0,0.06
1980,2018-02,2017-02,12,0,True,0.0,master,valid_observed_phase_at_origin,ABCDE,calibration,3,3,spectral_core,local_partition_rf,0,0.08,0,0.02
1981,2018-02,2017-02,12,0,True,0.0,master,valid_observed_phase_at_origin,ABCDE,calibration,3,3,spectral_core,local_partition_rf,0,0.09,0,0.04
1982,2018-02,2017-02,12,0,True,0.0,master,valid_observed_phase_at_origin,ABCDE,calibration,3,3,spectral_core,local_partition_rf,0,0.16,0,0.24
1983,2018-02,2017-02,12,0,True,0.0,master,valid_observed_phase_at_origin,ABCDE,calibration,3,3,spectral_core,local_partition_rf,0,0.21,0,0.23
1984,2018-02,2017-02,12,0,True,0.0,master,valid_observed_phase_at_origin,ABCDE,calibration,3,3,spectral_core,local_partition_rf,0,0.13,0,0.16
1985,2018-02,2017-02,12,0,True,0.0,master,valid_observed_phase_at_origin,ABCDE,calibration,3,10,spectral_core,local_partition_rf,0,0.22,0,0.12
1986,2018-02,2017-02,12,0,True,0.0,master,valid_observed_phase_at_origin,ABCDE,calibration,3,3,spectral_core,local_partition_rf,0,0.17,0,0.27
1987,2018-02,2017-02,12,0,True,0.0,master,valid_observed_phase_at_origin,ABCDE,calibration,3,3,spectral_core,local_partition_rf,0,0.09,0,0.08
1988,2018-02,2017-02,12,0,True,0.0,master,valid_observed_phase_at_origin,ABCDE,calibration,3,3,spectral_core,local_partition_rf,0,0.03,0,0.04
1989,2018-02,2017-02,12,0,True,0.0,master,valid_observed_phase_at_origin,ABCDE,calibration,3,3,spectral_core,local_partition_rf,0,0.04,0,0.05
1990,2018-02,2017-02,12,0,True,0.0,master,valid_observed_phase_at_origin,ABCDE,calibration,3,3,spectral_core,local_partition_rf,0,0.09,0,0.05
1991,2018-02,2017-02,12,0,True,0.0,master,valid_observed_phase_at_origin,ABCDE,calibration,3,3,spectral_core,local_partition_rf,0,0.08,0,0.06
1992,2018-02,2017-02,12,0,True,0.0,master,valid_observed_phase_at_origin,ABCDE,calibration,3,3,spectral_core,local_partition_rf,0,0.1,0,0.12
1993,2018-02,2017-02,12,0,True,0.0,master,valid_observed_phase_at_origin,ABCDE,calibration,3,3,spectral_core,local_partition_rf,0,0.01,0,0.1
1994,2018-02,2017-02,12,0,True,0.0,master,valid_observed_phase_at_origin,ABCDE,calibration,3,10,spectral_core,local_partition_rf,0,0.21,0,0.12
1995,2018-02,2017-02,12,1,True,1.0,master,valid_observed_phase_at_origin,ABCDE,calibration,3,3,spectral_core,local_partition_rf,0,0.22,0,0.34
1996,2018-02,2017-02,12,0,True,0.0,master,valid_observed_phase_at_origin,ABCDE,calibration,3,10,spectral_core,local_partition_rf,0,0.22,0,0.08
1997,2018-02,2017-02,12,0,True,0.0,master,valid_observed_phase_at_origin,ABCDE,calibration,3,3,spectral_core,local_partition_rf,0,0.1,0,0.13
1998,2018-02,2017-02,12,0,True,0.0,master,valid_observed_phase_at_origin,ABCDE,calibration,3,3,spectral_core,local_partition_rf,0,0.1,0,0.21
1999,2018-02,2017-02,12,0,True,0.0,master,valid_observed_phase_at_origin,ABCDE,calibration,3,3,spectral_core,local_partition_rf,0,0.08,0,0.09
2000,2018-02,2017-02,12,0,True,0.0,master,valid_observed_phase_at_origin,ABCDE,calibration,3,3,spectral_core,local_partition_rf,0,0.27,0,0.2
2001,2018-02,2017-02,12,0,True,0.0,master,valid_observed_phase_at_origin,ABCDE,calibration,3,3,spectral_core,local_partition_rf,0,0.06,0,0.08
2002,2018-02,2017-02,12,0,True,0.0,master,valid_observed_phase_at_origin,ABCDE,calibration,3,3,spectral_core,local_partition_rf,0,0.12,0,0.17
2003,2018-02,2017-02,12,0,True,0.0,master,valid_observed_phase_at_origin,ABCDE,calibration,3,3,spectral_core,local_partition_rf,0,0.2,0,0.26
2004,2018-02,2017-02,12,0,True,0.0,master,valid_observed_phase_at_origin,ABCDE,calibration,3,3,spectral_core,local_partition_rf,0,0.27,0,0.19
2005,2018-02,2017-02,12,0,True,0.0,master,valid_observed_phase_at_origin,ABCDE,calibration,3,3,spectral_core,local_partition_rf,0,0.2,0,0.17
2006,2018-02,2017-02,12,0,True,0.0,master,valid_observed_phase_at_origin,ABCDE,calibration,3,3,spectral_core,local_partition_rf,0,0.04,0,0.07
2007,2018-02,2017-02,12,1,True,1.0,master,valid_observed_phase_at_origin,ABCDE,calibration,3,3,spectral_core,local_partition_rf,0,0.22,0,0.31
2008,2018-02,2017-02,12,0,True,0.0,master,valid_observed_phase_at_origin,ABCDE,calibration,3,3,spectral_core,local_partition_rf,0,0.1,0,0.2
2009,2018-02,2017-02,12,0,True,0.0,master,valid_observed_phase_at_origin,ABCDE,calibration,3,3,spectral_core,local_partition_rf,0,0.06,0,0.15
2010,2018-02,2017-02,12,0,True,0.0,master,valid_observed_phase_at_origin,ABCDE,calibration,3,3,spectral_core,local_partition_rf,0,0.04,0,0.07
2011,2018-02,2017-02,12,0,True,0.0,master,valid_observed_phase_at_origin,ABCDE,calibration,3,3,spectral_core,local_partition_rf,0,0.04,0,0.06
2012,2018-02,2017-02,12,0,True,0.0,master,valid_observed_phase_at_origin,ABCDE,calibration,3,3,spectral_core,local_partition_rf,0,0.2,0,0.19
2013,2018-02,2017-02,12,0,True,0.0,master,valid_observed_phase_at_origin,ABCDE,calibration,3,10,spectral_core,local_partition_rf,0,0.19,0,0.16
2014,2018-02,2017-02,12,0,True,0.0,master,valid_observed_phase_at_origin,ABCDE,calibration,3,10,spectral_core,local_partition_rf,0,0.19,0,0.11
2015,2018-02,2017-02,12,1,True,1.0,master,valid_observed_phase_at_origin,ABCDE,calibration,3,3,spectral_core,local_partition_rf,0,0.26,0,0.23
2016,2018-02,2017-02,12,0,True,1.0,master,valid_observed_phase_at_origin,ABCDE,calibration,3,3,spectral_core,local_partition_rf,0,0.26,0,0.29
2017,2018-02,2017-02,12,0,True,0.0,master,valid_observed_phase_at_origin,ABCDE,calibration,3,3,spectral_core,local_partition_rf,0,0.26,0,0.16
2018,2018-02,2017-02,12,0,True,0.0,master,valid_observed_phase_at_origin,ABCDE,calibration,3,10,spectral_core,local_partition_rf,0,0.14,0,0.1
2019,2018-02,2017-02,12,0,True,0.0,master,valid_observed_phase_at_origin,ABCDE,calibration,3,3,spectral_core,local_partition_rf,0,0.11,0,0.11
2020,2018-02,2017-02,12,0,True,0.0,master,valid_observed_phase_at_origin,ABCDE,calibration,3,3,spectral_core,local_partition_rf,0,0.03,0,0.08
2021,2018-02,2017-02,12,0,True,0.0,master,valid_observed_phase_at_origin,ABCDE,calibration,3,3,spectral_core,local_partition_rf,0,0.14,0,0.22
2022,2018-02,2017-02,12,0,True,0.0,master,valid_observed_phase_at_origin,ABCDE,calibration,3,3,spectral_core,local_partition_rf,0,0.23,0,0.18
2023,2018-02,2017-02,12,0,True,0.0,master,valid_observed_phase_at_origin,ABCDE,calibration,3,3,spectral_core,local_partition_rf,0,0.04,0,0.02
2024,2018-02,2017-02,12,0,True,0.0,master,valid_observed_phase_at_origin,ABCDE,calibration,3,3,spectral_core,local_partition_rf,0,0.03,0,0.08
2025,2018-02,2017-02,12,0,True,0.0,master,valid_observed_phase_at_origin,ABCDE,calibration,3,3,spectral_core,local_partition_rf,0,0.17,0,0.17
2026,2018-02,2017-02,12,0,True,0.0,master,valid_observed_phase_at_origin,ABCDE,calibration,3,3,spectral_core,local_partition_rf,0,0.12,0,0.07
2027,2018-02,2017-02,12,0,True,0.0,master,valid_observed_phase_at_origin,ABCDE,calibration,3,3,spectral_core,local_partition_rf,0,0.18,0,0.18
2028,2018-02,2017-02,12,0,True,0.0,master,valid_observed_phase_at_origin,ABCDE,calibration,3,3,spectral_core,local_partition_rf,0,0.18,0,0.17
2029,2018-02,2017-02,12,0,True,0.0,master,valid_observed_phase_at_origin,ABCDE,calibration,3,3,spectral_core,local_partition_rf,0,0.19,0,0.17
2030,2018-02,2017-02,12,0,True,0.0,master,valid_observed_phase_at_origin,ABCDE,calibration,3,3,spectral_core,local_partition_rf,0,0.16,0,0.12
2031,2018-02,2017-02,12,0,True,0.0,master,valid_observed_phase_at_origin,ABCDE,calibration,3,3,spectral_core,local_partition_rf,0,0.05,0,0.08
2032,2018-02,2017-02,12,0,True,0.0,master,valid_observed_phase_at_origin,ABCDE,calibration,3,3,spectral_core,local_partition_rf,0,0.09,0,0.08
2033,2018-02,2017-02,12,0,True,0.0,master,valid_observed_phase_at_origin,ABCDE,calibration,3,3,spectral_core,local_partition_rf,0,0.2,0,0.13
2034,2018-02,2017-02,12,0,True,0.0,master,valid_observed_phase_at_origin,ABCDE,calibration,3,3,spectral_core,local_partition_rf,0,0.08,0,0.15
2035,2018-02,2017-02,12,0,True,0.0,master,valid_observed_phase_at_origin,ABCDE,calibration,3,3,spectral_core,local_partition_rf,0,0.1,0,0.11
2036,2018-02,2017-02,12,0,True,0.0,master,valid_observed_phase_at_origin,ABCDE,calibration,3,3,spectral_core,local_partition_rf,0,0.15,0,0.23
2037,2018-02,2017-02,12,0,True,0.0,master,valid_observed_phase_at_origin,ABCDE,calibration,3,3,spectral_core,local_partition_rf,0,0.19,0,0.14
2038,2018-02,2017-02,12,0,True,0.0,master,valid_observed_phase_at_origin,ABCDE,calibration,3,3,spectral_core,local_partition_rf,0,0.12,0,0.12
2039,2018-02,2017-02,12,0,True,0.0,master,valid_observed_phase_at_origin,ABCDE,calibration,3,3,spectral_core,local_partition_rf,0,0.19,0,0.14
2040,2018-02,2017-02,12,0,True,0.0,master,valid_observed_phase_at_origin,ABCDE,calibration,3,3,spectral_core,local_partition_rf,0,0.11,0,0.06
2041,2018-02,2017-02,12,0,True,0.0,master,valid_observed_phase_at_origin,ABCDE,calibration,3,3,spectral_core,local_partition_rf,0,0.1,0,0.07
2042,2018-02,2017-02,12,0,True,0.0,master,valid_observed_phase_at_origin,ABCDE,calibration,3,3,spectral_core,local_partition_rf,0,0.12,0,0.04
2043,2018-02,2017-02,12,0,True,0.0,master,valid_observed_phase_at_origin,ABCDE,calibration,3,3,spectral_core,local_partition_rf,0,0.16,0,0.14
2044,2018-02,2017-02,12,0,True,0.0,master,valid_observed_phase_at_origin,ABCDE,calibration,3,10,spectral_core,local_partition_rf,0,0.19,0,0.1
2045,2018-02,2017-02,12,0,True,0.0,master,valid_observed_phase_at_origin,ABCDE,calibration,3,3,spectral_core,local_partition_rf,0,0.14,0,0.13
2046,2018-02,2017-02,12,0,True,0.0,master,valid_observed_phase_at_origin,ABCDE,calibration,3,10,spectral_core,local_partition_rf,0,0.28,0,0.15
2047,2018-02,2017-02,12,0,True,0.0,master,valid_observed_phase_at_origin,ABCDE,calibration,3,10,spectral_core,local_partition_rf,0,0.21,0,0.11
2048,2018-02,2017-02,12,0,True,0.0,master,valid_observed_phase_at_origin,ABCDE,calibration,3,10,spectral_core,local_partition_rf,0,0.22,0,0.14
2049,2018-02,2017-02,12,0,True,0.0,master,valid_observed_phase_at_origin,ABCDE,calibration,3,10,spectral_core,local_partition_rf,0,0.2,0,0.08
2050,2018-02,2017-02,12,0,True,0.0,master,valid_observed_phase_at_origin,ABCDE,calibration,3,3,spectral_core,local_partition_rf,0,0.26,0,0.21
2051,2018-02,2017-02,12,0,True,0.0,master,valid_observed_phase_at_origin,ABCDE,calibration,3,3,spectral_core,local_partition_rf,0,0.09,0,0.14
2052,2018-02,2017-02,12,0,True,0.0,master,valid_observed_phase_at_origin,ABCDE,calibration,3,3,spectral_core,local_partition_rf,0,0.21,0,0.21
2053,2018-02,2017-02,12,0,True,0.0,master,valid_observed_phase_at_origin,ABCDE,calibration,3,3,spectral_core,local_partition_rf,0,0.19,0,0.14
2054,2018-02,2017-02,12,0,True,0.0,master,valid_observed_phase_at_origin,ABCDE,calibration,3,10,spectral_core,local_partition_rf,0,0.37,0,0.23
2055,2018-02,2017-02,12,0,True,0.0,master,valid_observed_phase_at_origin,ABCDE,calibration,3,3,spectral_core,local_partition_rf,0,0.15,0,0.12
2056,2018-02,2017-02,12,0,True,0.0,master,valid_observed_phase_at_origin,ABCDE,calibration,3,3,spectral_core,local_partition_rf,0,0.16,0,0.1
2057,2018-02,2017-02,12,0,True,0.0,master,valid_observed_phase_at_origin,ABCDE,calibration,3,3,spectral_core,local_partition_rf,0,0.11,0,0.09
2058,2018-02,2017-02,12,1,True,1.0,master,valid_observed_phase_at_origin,ABCDE,calibration,3,3,spectral_core,local_partition_rf,0,0.29,0,0.3
2059,2018-02,2017-02,12,0,True,0.0,master,valid_observed_phase_at_origin,ABCDE,calibration,3,3,spectral_core,local_partition_rf,0,0.04,0,0.13
2060,2018-02,2017-02,12,0,True,0.0,master,valid_observed_phase_at_origin,ABCDE,calibration,3,3,spectral_core,local_partition_rf,0,0.09,0,0.1
2061,2018-02,2017-02,12,0,True,0.0,master,valid_observed_phase_at_origin,ABCDE,calibration,3,3,spectral_core,local_partition_rf,0,0.02,0,0.08
2062,2018-02,2017-02,12,0,True,0.0,master,valid_observed_phase_at_origin,ABCDE,calibration,3,3,spectral_core,local_partition_rf,0,0.34,0,0.24
2063,2018-02,2017-02,12,0,True,0.0,master,valid_observed_phase_at_origin,ABCDE,calibration,3,3,spectral_core,local_partition_rf,0,0.12,0,0.14
2064,2018-02,2017-02,12,0,True,0.0,master,valid_observed_phase_at_origin,ABCDE,calibration,3,3,spectral_core,local_partition_rf,0,0.09,0,0.09
2065,2018-02,2017-02,12,0,True,0.0,master,valid_observed_phase_at_origin,ABCDE,calibration,3,3,spectral_core,local_partition_rf,0,0.04,0,0.06
2066,2018-02,2017-02,12,0,True,0.0,master,valid_observed_phase_at_origin,ABCDE,calibration,3,3,spectral_core,local_partition_rf,0,0.05,0,0.07
2067,2018-02,2017-02,12,0,True,0.0,master,valid_observed_phase_at_origin,ABCDE,calibration,3,3,spectral_core,local_partition_rf,0,0.11,0,0.12
2068,2018-02,2017-02,12,0,True,0.0,master,valid_observed_phase_at_origin,ABCDE,calibration,3,3,spectral_core,local_partition_rf,0,0.06,0,0.07
2069,2018-02,2017-02,12,0,True,0.0,master,valid_observed_phase_at_origin,ABCDE,calibration,3,3,spectral_core,local_partition_rf,0,0.07,0,0.03
2070,2018-02,2017-02,12,0,True,0.0,master,valid_observed_phase_at_origin,ABCDE,calibration,3,3,spectral_core,local_partition_rf,0,0.07,0,0.14
2071,2018-02,2017-02,12,0,True,0.0,master,valid_observed_phase_at_origin,ABCDE,calibration,3,3,spectral_core,local_partition_rf,0,0.23,0,0.24
2072,2018-02,2017-02,12,0,True,0.0,master,valid_observed_phase_at_origin,ABCDE,calibration,3,3,spectral_core,local_partition_rf,0,0.2,0,0.21
2073,2018-02,2017-02,12,0,True,0.0,master,valid_observed_phase_at_origin,ABCDE,calibration,3,3,spectral_core,local_partition_rf,0,0.24,0,0.29
2074,2018-02,2017-02,12,0,True,0.0,master,valid_observed_phase_at_origin,ABCDE,calibration,3,10,spectral_core,local_partition_rf,0,0.2,0,0.1
2075,2018-02,2017-02,12,0,True,0.0,master,valid_observed_phase_at_origin,ABCDE,calibration,3,10,spectral_core,local_partition_rf,0,0.19,0,0.06
2076,2018-02,2017-02,12,0,True,0.0,master,valid_observed_phase_at_origin,ABCDE,calibration,3,10,spectral_core,local_partition_rf,0,0.26,0,0.13
2077,2018-02,2017-02,12,0,True,0.0,master,valid_observed_phase_at_origin,ABCDE,calibration,3,10,spectral_core,local_partition_rf,0,0.19,0,0.12
2078,2018-02,2017-02,12,0,True,0.0,master,valid_observed_phase_at_origin,ABCDE,calibration,3,3,spectral_core,local_partition_rf,0,0.16,0,0.13
2079,2018-02,2017-02,12,0,True,0.0,master,valid_observed_phase_at_origin,ABCDE,calibration,3,3,spectral_core,local_partition_rf,0,0.07,0,0.1
2080,2018-02,2017-02,12,0,True,0.0,master,valid_observed_phase_at_origin,ABCDE,calibration,3,3,spectral_core,local_partition_rf,0,0.23,0,0.24
2081,2018-02,2017-02,12,0,True,1.0,master,valid_observed_phase_at_origin,ABCDE,calibration,3,3,spectral_core,local_partition_rf,0,0.25,0,0.25
2082,2018-02,2017-02,12,0,True,0.0,master,valid_observed_phase_at_origin,ABCDE,calibration,3,3,spectral_core,local_partition_rf,0,0.11,0,0.12
2083,2018-02,2017-02,12,0,True,0.0,master,valid_observed_phase_at_origin,ABCDE,calibration,3,3,spectral_core,local_partition_rf,0,0.04,0,0.05
2084,2018-02,2017-02,12,0,True,0.0,master,valid_observed_phase_at_origin,ABCDE,calibration,3,3,spectral_core,local_partition_rf,0,0.04,0,0.08
2085,2018-02,2017-02,12,1,True,0.0,master,valid_observed_phase_at_origin,ABCDE,calibration,3,3,spectral_core,local_partition_rf,0,0.12,0,0.12
2086,2018-02,2017-02,12,0,True,0.0,master,valid_observed_phase_at_origin,ABCDE,calibration,3,3,spectral_core,local_partition_rf,0,0.08,0,0.18
2087,2018-02,2017-02,12,1,True,0.0,master,valid_observed_phase_at_origin,ABCDE,calibration,3,3,spectral_core,local_partition_rf,0,0.18,0,0.16
2088,2018-02,2017-02,12,0,True,0.0,master,valid_observed_phase_at_origin,ABCDE,calibration,3,3,spectral_core,local_partition_rf,0,0.22,0,0.18
2089,2018-02,2017-02,12,0,True,1.0,master,valid_observed_phase_at_origin,ABCDE,calibration,3,3,spectral_core,local_partition_rf,0,0.2,0,0.32
2090,2018-02,2017-02,12,0,True,0.0,master,valid_observed_phase_at_origin,ABCDE,calibration,3,3,spectral_core,local_partition_rf,0,0.24,0,0.23
2091,2018-02,2017-02,12,0,True,0.0,master,valid_observed_phase_at_origin,ABCDE,calibration,3,3,spectral_core,local_partition_rf,0,0.06,0,0.07
2092,2018-02,2017-02,12,0,True,0.0,master,valid_observed_phase_at_origin,ABCDE,calibration,3,3,spectral_core,local_partition_rf,0,0.09,0,0.05
2093,2018-02,2017-02,12,1,True,1.0,master,valid_observed_phase_at_origin,ABCDE,calibration,3,3,spectral_core,local_partition_rf,0,0.18,0,0.27
2094,2018-02,2017-02,12,0,True,0.0,master,valid_observed_phase_at_origin,ABCDE,calibration,3,3,spectral_core,local_partition_rf,0,0.13,0,0.2
2095,2018-02,2017-02,12,0,True,0.0,master,valid_observed_phase_at_origin,ABCDE,calibration,3,3,spectral_core,local_partition_rf,0,0.12,0,0.1
2096,2018-02,2017-02,12,1,True,1.0,master,valid_observed_phase_at_origin,ABCDE,calibration,3,3,spectral_core,local_partition_rf,0,0.22,0,0.27
2097,2018-02,2017-02,12,0,True,0.0,master,valid_observed_phase_at_origin,ABCDE,calibration,3,3,spectral_core,local_partition_rf,0,0.06,0,0.04
2098,2018-02,2017-02,12,0,True,0.0,master,valid_observed_phase_at_origin,ABCDE,calibration,3,3,spectral_core,local_partition_rf,0,0.18,0,0.1
2099,2018-02,2017-02,12,0,True,0.0,master,valid_observed_phase_at_origin,ABCDE,calibration,3,10,spectral_core,local_partition_rf,0,0.25,0,0.08
2100,2018-02,2017-02,12,0,True,0.0,master,valid_observed_phase_at_origin,ABCDE,calibration,3,10,spectral_core,local_partition_rf,0,0.21,0,0.11
2101,2018-02,2017-02,12,0,True,0.0,master,valid_observed_phase_at_origin,ABCDE,calibration,3,3,spectral_core,local_partition_rf,0,0.11,0,0.08
2102,2018-02,2017-02,12,0,True,0.0,master,valid_observed_phase_at_origin,ABCDE,calibration,3,3,spectral_core,local_partition_rf,0,0.09,0,0.05
2103,2018-02,2017-02,12,0,True,0.0,master,valid_observed_phase_at_origin,ABCDE,calibration,3,3,spectral_core,local_partition_rf,0,0.09,0,0.08
2104,2018-02,2017-02,12,0,True,1.0,master,valid_observed_phase_at_origin,ABCDE,calibration,3,3,spectral_core,local_partition_rf,0,0.17,0,0.18
2105,2018-02,2017-02,12,0,True,0.0,master,valid_observed_phase_at_origin,ABCDE,calibration,3,3,spectral_core,local_partition_rf,0,0.05,0,0.08
2106,2018-02,2017-02,12,0,True,0.0,master,valid_observed_phase_at_origin,ABCDE,calibration,3,3,spectral_core,local_partition_rf,0,0.09,0,0.12
2107,2018-02,2017-02,12,0,True,0.0,master,valid_observed_phase_at_origin,ABCDE,calibration,3,3,spectral_core,local_partition_rf,0,0.19,0,0.16
2108,2018-02,2017-02,12,0,True,0.0,master,valid_observed_phase_at_origin,ABCDE,calibration,3,3,spectral_core,local_partition_rf,0,0.21,0,0.18
2109,2018-02,2017-02,12,0,True,0.0,master,valid_observed_phase_at_origin,ABCDE,calibration,3,3,spectral_core,local_partition_rf,0,0.16,0,0.1
2110,2018-02,2017-02,12,0,True,0.0,master,valid_observed_phase_at_origin,ABCDE,calibration,3,3,spectral_core,local_partition_rf,0,0.17,0,0.12
2111,2018-02,2017-02,12,0,True,0.0,master,valid_observed_phase_at_origin,ABCDE,calibration,3,3,spectral_core,local_partition_rf,0,0.19,0,0.12
2112,2018-02,2017-02,12,0,True,0.0,master,valid_observed_phase_at_origin,ABCDE,calibration,3,10,spectral_core,local_partition_rf,0,0.21,0,0.09
2113,2018-02,2017-02,12,0,True,0.0,master,valid_observed_phase_at_origin,ABCDE,calibration,3,3,spectral_core,local_partition_rf,0,0.07,0,0.06
2114,2018-02,2017-02,12,1,True,1.0,master,valid_observed_phase_at_origin,ABCDE,calibration,3,3,spectral_core,local_partition_rf,0,0.18,0,0.2
2115,2018-02,2017-02,12,0,True,0.0,master,valid_observed_phase_at_origin,ABCDE,calibration,3,3,spectral_core,local_partition_rf,0,0.17,0,0.2
2116,2018-02,2017-02,12,0,True,0.0,master,valid_observed_phase_at_origin,ABCDE,calibration,3,3,spectral_core,local_partition_rf,0,0.07,0,0.09
2117,2018-02,2017-02,12,0,True,0.0,master,valid_observed_phase_at_origin,ABCDE,calibration,3,3,spectral_core,local_partition_rf,0,0.08,0,0.14
2118,2018-02,2017-02,12,0,True,0.0,master,valid_observed_phase_at_origin,ABCDE,calibration,3,3,spectral_core,local_partition_rf,0,0.13,0,0.1
2119,2018-02,2017-02,12,0,True,0.0,master,valid_observed_phase_at_origin,ABCDE,calibration,3,3,spectral_core,local_partition_rf,0,0.25,0,0.18
2120,2018-02,2017-02,12,0,True,0.0,master,valid_observed_phase_at_origin,ABCDE,calibration,3,3,spectral_core,local_partition_rf,0,0.11,0,0.18
2121,2018-02,2017-02,12,0,True,0.0,master,valid_observed_phase_at_origin,ABCDE,calibration,3,3,spectral_core,local_partition_rf,0,0.15,0,0.11
2122,2018-02,2017-02,12,0,True,0.0,master,valid_observed_phase_at_origin,ABCDE,calibration,3,3,spectral_core,local_partition_rf,0,0.2,0,0.14
2123,2018-02,2017-02,12,0,True,0.0,master,valid_observed_phase_at_origin,ABCDE,calibration,3,3,spectral_core,local_partition_rf,0,0.06,0,0.07
2124,2018-02,2017-02,12,0,True,0.0,master,valid_observed_phase_at_origin,ABCDE,calibration,3,3,spectral_core,local_partition_rf,0,0.11,0,0.16
2125,2018-02,2017-02,12,0,True,0.0,master,valid_observed_phase_at_origin,ABCDE,calibration,3,3,spectral_core,local_partition_rf,0,0.17,0,0.11
2126,2018-02,2017-02,12,0,True,0.0,master,valid_observed_phase_at_origin,ABCDE,calibration,3,3,spectral_core,local_partition_rf,0,0.12,0,0.18
2127,2018-02,2017-02,12,0,True,0.0,master,valid_observed_phase_at_origin,ABCDE,calibration,3,3,spectral_core,local_partition_rf,0,0.04,0,0.11
2128,2018-02,2017-02,12,0,True,0.0,master,valid_observed_phase_at_origin,ABCDE,calibration,3,3,spectral_core,local_partition_rf,0,0.07,0,0.12
2129,2018-02,2017-02,12,1,True,0.0,master,valid_observed_phase_at_origin,ABCDE,calibration,3,3,spectral_core,local_partition_rf,0,0.16,0,0.12
2130,2018-02,2017-02,12,0,True,0.0,master,valid_observed_phase_at_origin,ABCDE,calibration,3,3,spectral_core,local_partition_rf,0,0.29,0,0.26
2131,2018-02,2017-02,12,0,True,0.0,master,valid_observed_phase_at_origin,ABCDE,calibration,3,3,spectral_core,local_partition_rf,0,0.04,0,0.06
2132,2018-02,2017-02,12,0,True,0.0,master,valid_observed_phase_at_origin,ABCDE,calibration,3,3,spectral_core,local_partition_rf,0,0.13,0,0.07
2133,2018-02,2017-02,12,0,True,0.0,master,valid_observed_phase_at_origin,ABCDE,calibration,3,3,spectral_core,local_partition_rf,0,0.02,0,0.02
2134,2018-02,2017-02,12,0,True,0.0,master,valid_observed_phase_at_origin,ABCDE,calibration,3,3,spectral_core,local_partition_rf,0,0.07,0,0.07
2135,2018-02,2017-02,12,0,True,0.0,master,valid_observed_phase_at_origin,ABCDE,calibration,3,3,spectral_core,local_partition_rf,0,0.04,0,0.06
2136,2018-02,2017-02,12,0,True,0.0,master,valid_observed_phase_at_origin,ABCDE,calibration,3,3,spectral_core,local_partition_rf,0,0.07,0,0.03
2137,2018-02,2017-02,12,0,True,0.0,master,valid_observed_phase_at_origin,ABCDE,calibration,3,3,spectral_core,local_partition_rf,0,0.03,0,0.07
2138,2018-02,2017-02,12,0,True,0.0,master,valid_observed_phase_at_origin,ABCDE,calibration,3,3,spectral_core,local_partition_rf,0,0.11,0,0.13
2139,2018-02,2017-02,12,0,True,0.0,master,valid_observed_phase_at_origin,ABCDE,calibration,3,1,spectral_core,local_partition_rf,0,0.09,0,0.17
2140,2018-02,2017-02,12,0,True,0.0,master,valid_observed_phase_at_origin,ABCDE,calibration,3,3,spectral_core,local_partition_rf,0,0.09,0,0.14
2141,2018-02,2017-02,12,1,True,0.0,master,valid_observed_phase_at_origin,ABCDE,calibration,3,3,spectral_core,local_partition_rf,0,0.13,0,0.09
2142,2018-02,2017-02,12,0,True,0.0,master,valid_observed_phase_at_origin,ABCDE,calibration,3,3,spectral_core,local_partition_rf,0,0.03,0,0.09
2143,2018-02,2017-02,12,0,True,0.0,master,valid_observed_phase_at_origin,ABCDE,calibration,3,3,spectral_core,local_partition_rf,0,0.07,0,0.06
2144,2018-02,2017-02,12,0,True,0.0,master,valid_observed_phase_at_origin,ABCDE,calibration,3,3,spectral_core,local_partition_rf,0,0.15,0,0.23
2145,2018-02,2017-02,12,0,True,1.0,master,valid_observed_phase_at_origin,ABCDE,calibration,3,3,spectral_core,local_partition_rf,0,0.24,0,0.22
2146,2018-02,2017-02,12,0,True,0.0,master,valid_observed_phase_at_origin,ABCDE,calibration,3,10,spectral_core,local_partition_rf,0,0.22,0,0.13
2147,2018-02,2017-02,12,0,True,0.0,master,valid_observed_phase_at_origin,ABCDE,calibration,3,3,spectral_core,local_partition_rf,0,0.14,0,0.29
2148,2018-02,2017-02,12,0,True,0.0,master,valid_observed_phase_at_origin,ABCDE,calibration,3,3,spectral_core,local_partition_rf,0,0.07,0,0.1
2149,2018-02,2017-02,12,0,True,0.0,master,valid_observed_phase_at_origin,ABCDE,calibration,3,3,spectral_core,local_partition_rf,0,0.27,0,0.24
2150,2018-02,2017-02,12,0,True,0.0,master,valid_observed_phase_at_origin,ABCDE,calibration,3,3,spectral_core,local_partition_rf,0,0.09,0,0.12
2151,2018-02,2017-02,12,0,True,0.0,master,valid_observed_phase_at_origin,ABCDE,calibration,3,3,spectral_core,local_partition_rf,0,0.24,0,0.18
2152,2018-02,2017-02,12,0,True,1.0,master,valid_observed_phase_at_origin,ABCDE,calibration,3,-1,unassigned_nearest_donor_beyond_100km,pooled_unassigned_area,0,0.26,0,0.26
2153,2018-02,2017-02,12,0,True,1.0,master,valid_observed_phase_at_origin,ABCDE,calibration,3,-1,unassigned_nearest_donor_beyond_100km,pooled_unassigned_area,0,0.23,0,0.23
2154,2018-02,2017-02,12,0,True,1.0,master,valid_observed_phase_at_origin,ABCDE,calibration,3,-1,unassigned_nearest_donor_beyond_100km,pooled_unassigned_area,0,0.28,0,0.28
2155,2018-02,2017-02,12,0,True,1.0,master,valid_observed_phase_at_origin,ABCDE,calibration,3,-1,unassigned_nearest_donor_beyond_100km,pooled_unassigned_area,0,0.3,0,0.3
2156,2018-02,2017-02,12,0,True,1.0,master,valid_observed_phase_at_origin,ABCDE,calibration,3,-1,unassigned_nearest_donor_beyond_100km,pooled_unassigned_area,0,0.24,0,0.24
2157,2018-02,2017-02,12,0,True,1.0,master,valid_observed_phase_at_origin,ABCDE,calibration,3,-1,unassigned_nearest_donor_beyond_100km,pooled_unassigned_area,0,0.28,0,0.28
2158,2018-02,2017-02,12,0,True,1.0,master,valid_observed_phase_at_origin,ABCDE,calibration,3,-1,unassigned_nearest_donor_beyond_100km,pooled_unassigned_area,0,0.26,0,0.26
2159,2018-02,2017-02,12,0,True,1.0,master,valid_observed_phase_at_origin,ABCDE,calibration,3,-1,unassigned_nearest_donor_beyond_100km,pooled_unassigned_area,0,0.25,0,0.25
2160,2018-02,2017-02,12,0,True,1.0,master,valid_observed_phase_at_origin,ABCDE,calibration,3,-1,unassigned_nearest_donor_beyond_100km,pooled_unassigned_area,0,0.3,0,0.3
2161,2018-02,2017-02,12,0,True,1.0,master,valid_observed_phase_at_origin,ABCDE,calibration,3,-1,unassigned_nearest_donor_beyond_100km,pooled_unassigned_area,0,0.22,0,0.22
2162,2018-02,2017-02,12,0,True,1.0,master,valid_observed_phase_at_origin,ABCDE,calibration,3,-1,unassigned_nearest_donor_beyond_100km,pooled_unassigned_area,0,0.24,0,0.24
2163,2018-02,2017-02,12,0,True,1.0,master,valid_observed_phase_at_origin,ABCDE,calibration,3,-1,unassigned_nearest_donor_beyond_100km,pooled_unassigned_area,0,0.27,0,0.27
2164,2018-02,2017-02,12,0,True,1.0,master,valid_observed_phase_at_origin,ABCDE,calibration,3,-1,unassigned_nearest_donor_beyond_100km,pooled_unassigned_area,0,0.27,0,0.27
2165,2018-02,2017-02,12,0,True,1.0,master,valid_observed_phase_at_origin,ABCDE,calibration,3,-1,unassigned_nearest_donor_beyond_100km,pooled_unassigned_area,0,0.26,0,0.26
2166,2018-02,2017-02,12,0,True,1.0,master,valid_observed_phase_at_origin,ABCDE,calibration,3,-1,unassigned_nearest_donor_beyond_100km,pooled_unassigned_area,0,0.25,0,0.25
2167,2018-02,2017-02,12,0,True,0.0,master,valid_observed_phase_at_origin,ABCDE,calibration,3,-1,unassigned_nearest_donor_beyond_100km,pooled_unassigned_area,0,0.06,0,0.06
2168,2018-02,2017-02,12,0,True,0.0,master,valid_observed_phase_at_origin,ABCDE,calibration,3,-1,unassigned_nearest_donor_beyond_100km,pooled_unassigned_area,0,0.1,0,0.1
2169,2018-02,2017-02,12,0,True,0.0,master,valid_observed_phase_at_origin,ABCDE,calibration,3,-1,unassigned_nearest_donor_beyond_100km,pooled_unassigned_area,0,0.09,0,0.09
2170,2018-02,2017-02,12,0,True,0.0,master,valid_observed_phase_at_origin,ABCDE,calibration,3,-1,unassigned_nearest_donor_beyond_100km,pooled_unassigned_area,0,0.09,0,0.09
2171,2018-02,2017-02,12,0,True,0.0,master,valid_observed_phase_at_origin,ABCDE,calibration,3,-1,unassigned_nearest_donor_beyond_100km,pooled_unassigned_area,0,0.15,0,0.15
2172,2018-02,2017-02,12,0,True,0.0,master,valid_observed_phase_at_origin,ABCDE,calibration,3,-1,unassigned_nearest_donor_beyond_100km,pooled_unassigned_area,0,0.06,0,0.06
2173,2018-02,2017-02,12,0,True,0.0,master,valid_observed_phase_at_origin,ABCDE,calibration,3,-1,unassigned_nearest_donor_beyond_100km,pooled_unassigned_area,0,0.06,0,0.06
2174,2018-02,2017-02,12,0,True,0.0,master,valid_observed_phase_at_origin,ABCDE,calibration,3,-1,unassigned_nearest_donor_beyond_100km,pooled_unassigned_area,0,0.09,0,0.09
2175,2018-02,2017-02,12,0,True,0.0,master,valid_observed_phase_at_origin,ABCDE,calibration,3,-1,unassigned_nearest_donor_beyond_100km,pooled_unassigned_area,0,0.08,0,0.08
2176,2018-02,2017-02,12,0,True,0.0,master,valid_observed_phase_at_origin,ABCDE,calibration,3,-1,unassigned_nearest_donor_beyond_100km,pooled_unassigned_area,0,0.08,0,0.08
2177,2018-02,2017-02,12,0,True,0.0,master,valid_observed_phase_at_origin,ABCDE,calibration,3,-1,unassigned_nearest_donor_beyond_100km,pooled_unassigned_area,0,0.17,0,0.17
2178,2018-02,2017-02,12,0,True,0.0,master,valid_observed_phase_at_origin,ABCDE,calibration,3,-1,unassigned_nearest_donor_beyond_100km,pooled_unassigned_area,0,0.1,0,0.1
2179,2018-02,2017-02,12,0,True,0.0,master,valid_observed_phase_at_origin,ABCDE,calibration,3,-1,unassigned_nearest_donor_beyond_100km,pooled_unassigned_area,0,0.07,0,0.07
2180,2018-02,2017-02,12,0,True,1.0,master,valid_observed_phase_at_origin,ABCDE,calibration,3,-1,unassigned_nearest_donor_beyond_100km,pooled_unassigned_area,0,0.3,0,0.3
2181,2018-02,2017-02,12,0,True,0.0,master,valid_observed_phase_at_origin,ABCDE,calibration,3,-1,unassigned_nearest_donor_beyond_100km,pooled_unassigned_area,0,0.14,0,0.14
2182,2018-02,2017-02,12,0,True,0.0,master,valid_observed_phase_at_origin,ABCDE,calibration,3,-1,unassigned_nearest_donor_beyond_100km,pooled_unassigned_area,0,0.15,0,0.15
2183,2018-02,2017-02,12,0,True,0.0,master,valid_observed_phase_at_origin,ABCDE,calibration,3,-1,unassigned_nearest_donor_beyond_100km,pooled_unassigned_area,0,0.1,0,0.1
2184,2018-02,2017-02,12,0,True,1.0,master,valid_observed_phase_at_origin,ABCDE,calibration,3,-1,unassigned_nearest_donor_beyond_100km,pooled_unassigned_area,0,0.28,0,0.28
2185,2018-02,2017-02,12,0,True,0.0,master,valid_observed_phase_at_origin,ABCDE,calibration,3,-1,unassigned_nearest_donor_beyond_100km,pooled_unassigned_area,0,0.13,0,0.13
2186,2018-02,2017-02,12,0,True,0.0,master,valid_observed_phase_at_origin,ABCDE,calibration,3,-1,unassigned_nearest_donor_beyond_100km,pooled_unassigned_area,0,0.1,0,0.1
2187,2018-02,2017-02,12,0,True,0.0,master,valid_observed_phase_at_origin,ABCDE,calibration,3,-1,unassigned_nearest_donor_beyond_100km,pooled_unassigned_area,0,0.12,0,0.12
2188,2018-02,2017-02,12,0,True,0.0,master,valid_observed_phase_at_origin,ABCDE,calibration,3,-1,unassigned_nearest_donor_beyond_100km,pooled_unassigned_area,0,0.13,0,0.13
2189,2018-02,2017-02,12,0,True,0.0,master,valid_observed_phase_at_origin,ABCDE,calibration,3,-1,unassigned_nearest_donor_beyond_100km,pooled_unassigned_area,0,0.14,0,0.14
2190,2018-02,2017-02,12,0,True,0.0,master,valid_observed_phase_at_origin,ABCDE,calibration,3,-1,unassigned_nearest_donor_beyond_100km,pooled_unassigned_area,0,0.13,0,0.13
2191,2018-02,2017-02,12,0,True,0.0,master,valid_observed_phase_at_origin,ABCDE,calibration,3,-1,unassigned_nearest_donor_beyond_100km,pooled_unassigned_area,0,0.09,0,0.09
2192,2018-02,2017-02,12,0,True,0.0,master,valid_observed_phase_at_origin,ABCDE,calibration,3,-1,unassigned_nearest_donor_beyond_100km,pooled_unassigned_area,0,0.13,0,0.13
2193,2018-02,2017-02,12,0,True,0.0,master,valid_observed_phase_at_origin,ABCDE,calibration,3,-1,unassigned_nearest_donor_beyond_100km,pooled_unassigned_area,0,0.11,0,0.11
2194,2018-02,2017-02,12,0,True,0.0,master,valid_observed_phase_at_origin,ABCDE,calibration,3,-1,unassigned_nearest_donor_beyond_100km,pooled_unassigned_area,0,0.11,0,0.11
2195,2018-02,2017-02,12,0,True,0.0,master,valid_observed_phase_at_origin,ABCDE,calibration,3,-1,unassigned_nearest_donor_beyond_100km,pooled_unassigned_area,0,0.13,0,0.13
2196,2018-02,2017-02,12,0,True,0.0,master,valid_observed_phase_at_origin,ABCDE,calibration,3,-1,unassigned_nearest_donor_beyond_100km,pooled_unassigned_area,0,0.15,0,0.15
2197,2018-02,2017-02,12,0,True,0.0,master,valid_observed_phase_at_origin,ABCDE,calibration,3,-1,unassigned_nearest_donor_beyond_100km,pooled_unassigned_area,0,0.2,0,0.2
2198,2018-02,2017-02,12,0,True,0.0,master,valid_observed_phase_at_origin,ABCDE,calibration,3,-1,unassigned_nearest_donor_beyond_100km,pooled_unassigned_area,0,0.13,0,0.13
2199,2018-02,2017-02,12,0,True,0.0,master,valid_observed_phase_at_origin,ABCDE,calibration,3,-1,unassigned_nearest_donor_beyond_100km,pooled_unassigned_area,0,0.11,0,0.11
2200,2018-02,2017-02,12,0,True,0.0,master,valid_observed_phase_at_origin,ABCDE,calibration,3,-1,unassigned_nearest_donor_beyond_100km,pooled_unassigned_area,0,0.09,0,0.09
2201,2018-02,2017-02,12,0,True,1.0,master,valid_observed_phase_at_origin,ABCDE,calibration,3,-1,unassigned_nearest_donor_beyond_100km,pooled_unassigned_area,0,0.26,0,0.26
2202,2018-02,2017-02,12,0,True,0.0,master,valid_observed_phase_at_origin,ABCDE,calibration,3,-1,unassigned_nearest_donor_beyond_100km,pooled_unassigned_area,0,0.2,0,0.2
2203,2018-02,2017-02,12,0,True,0.0,master,valid_observed_phase_at_origin,ABCDE,calibration,3,-1,unassigned_nearest_donor_beyond_100km,pooled_unassigned_area,0,0.11,0,0.11
2204,2018-02,2017-02,12,0,True,1.0,master,valid_observed_phase_at_origin,ABCDE,calibration,3,-1,unassigned_nearest_donor_beyond_100km,pooled_unassigned_area,0,0.26,0,0.26
2205,2018-02,2017-02,12,0,True,1.0,master,valid_observed_phase_at_origin,ABCDE,calibration,3,-1,unassigned_nearest_donor_beyond_100km,pooled_unassigned_area,0,0.24,0,0.24
2206,2018-02,2017-02,12,0,True,1.0,master,valid_observed_phase_at_origin,ABCDE,calibration,3,-1,unassigned_nearest_donor_beyond_100km,pooled_unassigned_area,0,0.29,0,0.29
2207,2018-02,2017-02,12,0,True,0.0,master,valid_observed_phase_at_origin,ABCDE,calibration,3,-1,unassigned_nearest_donor_beyond_100km,pooled_unassigned_area,0,0.14,0,0.14
2208,2018-02,2017-02,12,0,True,1.0,master,valid_observed_phase_at_origin,ABCDE,calibration,3,-1,unassigned_nearest_donor_beyond_100km,pooled_unassigned_area,0,0.31,0,0.31
2209,2018-02,2017-02,12,0,True,1.0,master,valid_observed_phase_at_origin,ABCDE,calibration,3,-1,unassigned_nearest_donor_beyond_100km,pooled_unassigned_area,0,0.31,0,0.31
2210,2018-02,2017-02,12,0,True,1.0,master,valid_observed_phase_at_origin,ABCDE,calibration,3,-1,unassigned_nearest_donor_beyond_100km,pooled_unassigned_area,0,0.23,0,0.23
2211,2018-02,2017-02,12,0,True,1.0,master,valid_observed_phase_at_origin,ABCDE,calibration,3,-1,unassigned_nearest_donor_beyond_100km,pooled_unassigned_area,0,0.25,0,0.25
2212,2018-02,2017-02,12,0,True,0.0,master,valid_observed_phase_at_origin,ABCDE,calibration,3,-1,unassigned_nearest_donor_beyond_100km,pooled_unassigned_area,0,0.14,0,0.14
2213,2018-02,2017-02,12,0,True,0.0,master,valid_observed_phase_at_origin,ABCDE,calibration,3,-1,unassigned_nearest_donor_beyond_100km,pooled_unassigned_area,0,0.2,0,0.2
2214,2018-02,2017-02,12,0,True,0.0,master,valid_observed_phase_at_origin,ABCDE,calibration,3,-1,unassigned_nearest_donor_beyond_100km,pooled_unassigned_area,0,0.24,0,0.24
2215,2018-02,2017-02,12,0,True,0.0,master,valid_observed_phase_at_origin,ABCDE,calibration,3,-1,unassigned_nearest_donor_beyond_100km,pooled_unassigned_area,0,0.13,0,0.13
2216,2018-02,2017-02,12,0,True,0.0,master,valid_observed_phase_at_origin,ABCDE,calibration,3,-1,unassigned_nearest_donor_beyond_100km,pooled_unassigned_area,0,0.07,0,0.07
2217,2018-02,2017-02,12,0,True,1.0,master,valid_observed_phase_at_origin,ABCDE,calibration,3,-1,unassigned_nearest_donor_beyond_100km,pooled_unassigned_area,0,0.27,0,0.27
2218,2018-02,2017-02,12,0,True,0.0,master,valid_observed_phase_at_origin,ABCDE,calibration,3,-1,unassigned_nearest_donor_beyond_100km,pooled_unassigned_area,0,0.14,0,0.14
2219,2018-02,2017-02,12,0,True,0.0,master,valid_observed_phase_at_origin,ABCDE,calibration,3,-1,unassigned_nearest_donor_beyond_100km,pooled_unassigned_area,0,0.11,0,0.11
2220,2018-02,2017-02,12,0,True,0.0,master,valid_observed_phase_at_origin,ABCDE,calibration,3,-1,unassigned_nearest_donor_beyond_100km,pooled_unassigned_area,0,0.18,0,0.18
2221,2018-02,2017-02,12,0,True,0.0,master,valid_observed_phase_at_origin,ABCDE,calibration,3,-1,unassigned_nearest_donor_beyond_100km,pooled_unassigned_area,0,0.15,0,0.15
2222,2018-02,2017-02,12,0,True,1.0,master,valid_observed_phase_at_origin,ABCDE,calibration,3,-1,unassigned_nearest_donor_beyond_100km,pooled_unassigned_area,0,0.26,0,0.26
2223,2018-02,2017-02,12,0,True,0.0,master,valid_observed_phase_at_origin,ABCDE,calibration,3,-1,unassigned_nearest_donor_beyond_100km,pooled_unassigned_area,0,0.13,0,0.13
2224,2018-02,2017-02,12,0,True,0.0,master,valid_observed_phase_at_origin,ABCDE,calibration,3,-1,unassigned_nearest_donor_beyond_100km,pooled_unassigned_area,0,0.24,0,0.24
2225,2018-02,2017-02,12,0,True,0.0,master,valid_observed_phase_at_origin,ABCDE,calibration,3,-1,unassigned_nearest_donor_beyond_100km,pooled_unassigned_area,0,0.08,0,0.08
2226,2018-02,2017-02,12,0,True,0.0,master,valid_observed_phase_at_origin,ABCDE,calibration,3,-1,unassigned_nearest_donor_beyond_100km,pooled_unassigned_area,0,0.11,0,0.11
2227,2018-02,2017-02,12,0,True,1.0,master,valid_observed_phase_at_origin,ABCDE,calibration,3,-1,unassigned_nearest_donor_beyond_100km,pooled_unassigned_area,0,0.31,0,0.31
2228,2018-02,2017-02,12,0,True,0.0,master,valid_observed_phase_at_origin,ABCDE,calibration,3,-1,unassigned_nearest_donor_beyond_100km,pooled_unassigned_area,0,0.11,0,0.11
2229,2018-02,2017-02,12,0,True,1.0,master,valid_observed_phase_at_origin,ABCDE,calibration,3,-1,unassigned_nearest_donor_beyond_100km,pooled_unassigned_area,0,0.32,0,0.32
2230,2018-02,2017-02,12,0,True,0.0,master,valid_observed_phase_at_origin,ABCDE,calibration,3,-1,unassigned_nearest_donor_beyond_100km,pooled_unassigned_area,0,0.19,0,0.19
2231,2018-02,2017-02,12,0,True,0.0,master,valid_observed_phase_at_origin,ABCDE,calibration,3,-1,unassigned_nearest_donor_beyond_100km,pooled_unassigned_area,0,0.17,0,0.17
2232,2018-02,2017-02,12,0,True,0.0,master,valid_observed_phase_at_origin,ABCDE,calibration,3,-1,unassigned_nearest_donor_beyond_100km,pooled_unassigned_area,0,0.11,0,0.11
2233,2018-02,2017-02,12,0,True,0.0,master,valid_observed_phase_at_origin,ABCDE,calibration,3,-1,unassigned_nearest_donor_beyond_100km,pooled_unassigned_area,0,0.13,0,0.13
2234,2018-02,2017-02,12,0,True,0.0,master,valid_observed_phase_at_origin,ABCDE,calibration,3,-1,unassigned_nearest_donor_beyond_100km,pooled_unassigned_area,0,0.15,0,0.15
2235,2018-02,2017-02,12,0,True,0.0,master,valid_observed_phase_at_origin,ABCDE,calibration,3,-1,unassigned_nearest_donor_beyond_100km,pooled_unassigned_area,0,0.15,0,0.15
2236,2018-02,2017-02,12,0,True,1.0,master,valid_observed_phase_at_origin,ABCDE,calibration,3,-1,unassigned_nearest_donor_beyond_100km,pooled_unassigned_area,0,0.26,0,0.26
2237,2018-02,2017-02,12,0,True,0.0,master,valid_observed_phase_at_origin,ABCDE,calibration,3,-1,unassigned_nearest_donor_beyond_100km,pooled_unassigned_area,0,0.23,0,0.23
2238,2018-02,2017-02,12,0,True,1.0,master,valid_observed_phase_at_origin,ABCDE,calibration,3,-1,unassigned_nearest_donor_beyond_100km,pooled_unassigned_area,0,0.28,0,0.28
2239,2018-02,2017-02,12,0,True,0.0,master,valid_observed_phase_at_origin,ABCDE,calibration,3,-1,unassigned_nearest_donor_beyond_100km,pooled_unassigned_area,0,0.29,0,0.29
2240,2018-02,2017-02,12,0,True,0.0,master,valid_observed_phase_at_origin,ABCDE,calibration,3,-1,unassigned_nearest_donor_beyond_100km,pooled_unassigned_area,0,0.1,0,0.1
2241,2018-02,2017-02,12,0,True,0.0,master,valid_observed_phase_at_origin,ABCDE,calibration,3,-1,unassigned_nearest_donor_beyond_100km,pooled_unassigned_area,0,0.25,0,0.25
2242,2018-02,2017-02,12,0,True,1.0,master,valid_observed_phase_at_origin,ABCDE,calibration,3,-1,unassigned_nearest_donor_beyond_100km,pooled_unassigned_area,0,0.32,0,0.32
2243,2018-02,2017-02,12,0,True,0.0,master,valid_observed_phase_at_origin,ABCDE,calibration,3,-1,unassigned_nearest_donor_beyond_100km,pooled_unassigned_area,0,0.22,0,0.22
2244,2018-02,2017-02,12,0,True,0.0,master,valid_observed_phase_at_origin,ABCDE,calibration,3,-1,unassigned_nearest_donor_beyond_100km,pooled_unassigned_area,0,0.1,0,0.1
2245,2018-02,2017-02,12,0,True,0.0,master,valid_observed_phase_at_origin,ABCDE,calibration,3,-1,unassigned_nearest_donor_beyond_100km,pooled_unassigned_area,0,0.14,0,0.14
2246,2018-02,2017-02,12,0,True,0.0,master,valid_observed_phase_at_origin,ABCDE,calibration,3,-1,unassigned_nearest_donor_beyond_100km,pooled_unassigned_area,0,0.22,0,0.22
2247,2018-02,2017-02,12,0,True,0.0,master,valid_observed_phase_at_origin,ABCDE,calibration,3,-1,unassigned_nearest_donor_beyond_100km,pooled_unassigned_area,0,0.11,0,0.11
2248,2018-02,2017-02,12,0,True,0.0,master,valid_observed_phase_at_origin,ABCDE,calibration,3,-1,unassigned_nearest_donor_beyond_100km,pooled_unassigned_area,0,0.12,0,0.12
2249,2018-02,2017-02,12,0,True,0.0,master,valid_observed_phase_at_origin,ABCDE,calibration,3,-1,unassigned_nearest_donor_beyond_100km,pooled_unassigned_area,0,0.11,0,0.11
2250,2018-02,2017-02,12,0,True,0.0,master,valid_observed_phase_at_origin,ABCDE,calibration,3,-1,unassigned_nearest_donor_beyond_100km,pooled_unassigned_area,0,0.17,0,0.17
2251,2018-02,2017-02,12,0,True,0.0,master,valid_observed_phase_at_origin,ABCDE,calibration,3,-1,unassigned_nearest_donor_beyond_100km,pooled_unassigned_area,0,0.22,0,0.22
2252,2018-02,2017-02,12,0,True,1.0,master,valid_observed_phase_at_origin,ABCDE,calibration,3,-1,unassigned_nearest_donor_beyond_100km,pooled_unassigned_area,0,0.29,0,0.29
2253,2018-02,2017-02,12,0,True,1.0,master,valid_observed_phase_at_origin,ABCDE,calibration,3,-1,unassigned_nearest_donor_beyond_100km,pooled_unassigned_area,0,0.2,0,0.2
2254,2018-02,2017-02,12,0,True,1.0,master,valid_observed_phase_at_origin,ABCDE,calibration,3,-1,unassigned_nearest_donor_beyond_100km,pooled_unassigned_area,0,0.24,0,0.24
2255,2018-02,2017-02,12,0,True,1.0,master,valid_observed_phase_at_origin,ABCDE,calibration,3,-1,unassigned_nearest_donor_beyond_100km,pooled_unassigned_area,0,0.23,0,0.23
2256,2018-02,2017-02,12,0,True,1.0,master,valid_observed_phase_at_origin,ABCDE,calibration,3,-1,unassigned_nearest_donor_beyond_100km,pooled_unassigned_area,0,0.31,0,0.31
2257,2018-02,2017-02,12,0,True,1.0,master,valid_observed_phase_at_origin,ABCDE,calibration,3,-1,unassigned_nearest_donor_beyond_100km,pooled_unassigned_area,0,0.23,0,0.23
2258,2018-02,2017-02,12,0,True,1.0,master,valid_observed_phase_at_origin,ABCDE,calibration,3,-1,unassigned_nearest_donor_beyond_100km,pooled_unassigned_area,0,0.32,0,0.32
2259,2018-02,2017-02,12,0,True,1.0,master,valid_observed_phase_at_origin,ABCDE,calibration,3,-1,unassigned_nearest_donor_beyond_100km,pooled_unassigned_area,0,0.31,0,0.31
2260,2018-02,2017-02,12,0,True,1.0,master,valid_observed_phase_at_origin,ABCDE,calibration,3,-1,unassigned_nearest_donor_beyond_100km,pooled_unassigned_area,0,0.24,0,0.24
2261,2018-02,2017-02,12,0,True,0.0,master,valid_observed_phase_at_origin,ABCDE,calibration,3,-1,unassigned_nearest_donor_beyond_100km,pooled_unassigned_area,0,0.19,0,0.19
2262,2018-02,2017-02,12,0,True,1.0,master,valid_observed_phase_at_origin,ABCDE,calibration,3,-1,unassigned_nearest_donor_beyond_100km,pooled_unassigned_area,0,0.22,0,0.22
2263,2018-02,2017-02,12,0,True,1.0,master,valid_observed_phase_at_origin,ABCDE,calibration,3,-1,unassigned_nearest_donor_beyond_100km,pooled_unassigned_area,0,0.26,0,0.26
2264,2018-02,2017-02,12,0,True,1.0,master,valid_observed_phase_at_origin,ABCDE,calibration,3,-1,unassigned_nearest_donor_beyond_100km,pooled_unassigned_area,0,0.22,0,0.22
2265,2018-02,2017-02,12,0,True,0.0,master,valid_observed_phase_at_origin,ABCDE,calibration,3,-1,unassigned_nearest_donor_beyond_100km,pooled_unassigned_area,0,0.15,0,0.15
2266,2018-02,2017-02,12,0,True,0.0,master,valid_observed_phase_at_origin,ABCDE,calibration,3,-1,unassigned_nearest_donor_beyond_100km,pooled_unassigned_area,0,0.23,0,0.23
2267,2018-02,2017-02,12,0,True,1.0,master,valid_observed_phase_at_origin,ABCDE,calibration,3,-1,unassigned_nearest_donor_beyond_100km,pooled_unassigned_area,0,0.22,0,0.22
2268,2018-02,2017-02,12,0,True,1.0,master,valid_observed_phase_at_origin,ABCDE,calibration,3,-1,unassigned_nearest_donor_beyond_100km,pooled_unassigned_area,0,0.22,0,0.22
2269,2018-02,2017-02,12,0,True,0.0,master,valid_observed_phase_at_origin,ABCDE,calibration,3,-1,unassigned_nearest_donor_beyond_100km,pooled_unassigned_area,0,0.18,0,0.18
2270,2018-02,2017-02,12,0,True,1.0,master,valid_observed_phase_at_origin,ABCDE,calibration,3,-1,unassigned_nearest_donor_beyond_100km,pooled_unassigned_area,0,0.27,0,0.27
2271,2018-02,2017-02,12,0,True,0.0,master,valid_observed_phase_at_origin,ABCDE,calibration,3,-1,unassigned_nearest_donor_beyond_100km,pooled_unassigned_area,0,0.23,0,0.23
2272,2018-02,2017-02,12,0,True,1.0,master,valid_observed_phase_at_origin,ABCDE,calibration,3,-1,unassigned_nearest_donor_beyond_100km,pooled_unassigned_area,0,0.23,0,0.23
2273,2018-02,2017-02,12,0,True,0.0,master,valid_observed_phase_at_origin,ABCDE,calibration,3,-1,unassigned_nearest_donor_beyond_100km,pooled_unassigned_area,0,0.25,0,0.25
2274,2018-02,2017-02,12,0,True,1.0,master,valid_observed_phase_at_origin,ABCDE,calibration,3,-1,unassigned_nearest_donor_beyond_100km,pooled_unassigned_area,0,0.24,0,0.24
2275,2018-02,2017-02,12,0,True,1.0,master,valid_observed_phase_at_origin,ABCDE,calibration,3,-1,unassigned_nearest_donor_beyond_100km,pooled_unassigned_area,0,0.23,0,0.23
2276,2018-02,2017-02,12,0,True,1.0,master,valid_observed_phase_at_origin,ABCDE,calibration,3,-1,unassigned_nearest_donor_beyond_100km,pooled_unassigned_area,0,0.23,0,0.23
2277,2018-02,2017-02,12,0,True,1.0,master,valid_observed_phase_at_origin,ABCDE,calibration,3,-1,unassigned_nearest_donor_beyond_100km,pooled_unassigned_area,0,0.25,0,0.25
2278,2018-02,2017-02,12,0,True,1.0,master,valid_observed_phase_at_origin,ABCDE,calibration,3,-1,unassigned_nearest_donor_beyond_100km,pooled_unassigned_area,0,0.25,0,0.25
2279,2018-02,2017-02,12,0,True,1.0,master,valid_observed_phase_at_origin,ABCDE,calibration,3,-1,unassigned_nearest_donor_beyond_100km,pooled_unassigned_area,0,0.22,0,0.22
2280,2018-02,2017-02,12,0,True,1.0,master,valid_observed_phase_at_origin,ABCDE,calibration,3,-1,unassigned_nearest_donor_beyond_100km,pooled_unassigned_area,0,0.25,0,0.25
2281,2018-02,2017-02,12,0,True,1.0,master,valid_observed_phase_at_origin,ABCDE,calibration,3,-1,unassigned_nearest_donor_beyond_100km,pooled_unassigned_area,0,0.28,0,0.28
2282,2018-02,2017-02,12,0,True,1.0,master,valid_observed_phase_at_origin,ABCDE,calibration,3,-1,unassigned_nearest_donor_beyond_100km,pooled_unassigned_area,0,0.24,0,0.24
2283,2018-02,2017-02,12,0,True,0.0,master,valid_observed_phase_at_origin,ABCDE,calibration,3,-1,unassigned_nearest_donor_beyond_100km,pooled_unassigned_area,0,0.17,0,0.17
2284,2018-02,2017-02,12,0,True,1.0,master,valid_observed_phase_at_origin,ABCDE,calibration,3,-1,unassigned_nearest_donor_beyond_100km,pooled_unassigned_area,0,0.28,0,0.28
2285,2018-02,2017-02,12,0,True,1.0,master,valid_observed_phase_at_origin,ABCDE,calibration,3,-1,unassigned_nearest_donor_beyond_100km,pooled_unassigned_area,0,0.2,0,0.2
2286,2018-02,2017-02,12,0,True,1.0,master,valid_observed_phase_at_origin,ABCDE,calibration,3,-1,unassigned_nearest_donor_beyond_100km,pooled_unassigned_area,0,0.33,0,0.33
2287,2018-02,2017-02,12,0,True,0.0,master,valid_observed_phase_at_origin,ABCDE,calibration,3,-1,unassigned_nearest_donor_beyond_100km,pooled_unassigned_area,0,0.1,0,0.1
2288,2018-02,2017-02,12,0,True,0.0,master,valid_observed_phase_at_origin,ABCDE,calibration,3,-1,unassigned_nearest_donor_beyond_100km,pooled_unassigned_area,0,0.11,0,0.11
2289,2018-02,2017-02,12,0,True,0.0,master,valid_observed_phase_at_origin,ABCDE,calibration,3,-1,unassigned_nearest_donor_beyond_100km,pooled_unassigned_area,0,0.12,0,0.12
2290,2018-02,2017-02,12,0,True,0.0,master,valid_observed_phase_at_origin,ABCDE,calibration,3,-1,unassigned_nearest_donor_beyond_100km,pooled_unassigned_area,0,0.14,0,0.14
2291,2018-02,2017-02,12,0,True,0.0,master,valid_observed_phase_at_origin,ABCDE,calibration,3,-1,unassigned_nearest_donor_beyond_100km,pooled_unassigned_area,0,0.18,0,0.18
2292,2018-02,2017-02,12,0,True,0.0,master,valid_observed_phase_at_origin,ABCDE,calibration,3,-1,unassigned_nearest_donor_beyond_100km,pooled_unassigned_area,0,0.1,0,0.1
2293,2018-02,2017-02,12,0,True,0.0,master,valid_observed_phase_at_origin,ABCDE,calibration,3,-1,unassigned_nearest_donor_beyond_100km,pooled_unassigned_area,0,0.12,0,0.12
2294,2018-02,2017-02,12,0,True,0.0,master,valid_observed_phase_at_origin,ABCDE,calibration,3,-1,unassigned_nearest_donor_beyond_100km,pooled_unassigned_area,0,0.1,0,0.1
2295,2018-02,2017-02,12,0,True,0.0,master,valid_observed_phase_at_origin,ABCDE,calibration,3,-1,unassigned_nearest_donor_beyond_100km,pooled_unassigned_area,0,0.11,0,0.11
2296,2018-02,2017-02,12,0,True,0.0,master,valid_observed_phase_at_origin,ABCDE,calibration,3,-1,unassigned_nearest_donor_beyond_100km,pooled_unassigned_area,0,0.1,0,0.1
2297,2018-02,2017-02,12,0,True,0.0,master,valid_observed_phase_at_origin,ABCDE,calibration,3,-1,unassigned_nearest_donor_beyond_100km,pooled_unassigned_area,0,0.1,0,0.1
2298,2018-02,2017-02,12,0,True,0.0,master,valid_observed_phase_at_origin,ABCDE,calibration,3,-1,unassigned_nearest_donor_beyond_100km,pooled_unassigned_area,0,0.13,0,0.13
2299,2018-02,2017-02,12,0,True,0.0,master,valid_observed_phase_at_origin,ABCDE,calibration,3,-1,unassigned_nearest_donor_beyond_100km,pooled_unassigned_area,0,0.13,0,0.13
2300,2018-02,2017-02,12,0,True,0.0,master,valid_observed_phase_at_origin,ABCDE,calibration,3,-1,unassigned_nearest_donor_beyond_100km,pooled_unassigned_area,0,0.09,0,0.09
2301,2018-02,2017-02,12,0,True,0.0,master,valid_observed_phase_at_origin,ABCDE,calibration,3,-1,unassigned_nearest_donor_beyond_100km,pooled_unassigned_area,0,0.12,0,0.12
2302,2018-02,2017-02,12,0,True,0.0,master,valid_observed_phase_at_origin,ABCDE,calibration,3,-1,unassigned_nearest_donor_beyond_100km,pooled_unassigned_area,0,0.07,0,0.07
2303,2018-02,2017-02,12,0,True,0.0,master,valid_observed_phase_at_origin,ABCDE,calibration,3,-1,unassigned_nearest_donor_beyond_100km,pooled_unassigned_area,0,0.12,0,0.12
2304,2018-02,2017-02,12,0,True,0.0,master,valid_observed_phase_at_origin,ABCDE,calibration,3,-1,unassigned_nearest_donor_beyond_100km,pooled_unassigned_area,0,0.1,0,0.1
2305,2018-02,2017-02,12,0,True,0.0,master,valid_observed_phase_at_origin,ABCDE,calibration,3,-1,unassigned_nearest_donor_beyond_100km,pooled_unassigned_area,0,0.15,0,0.15
2306,2018-02,2017-02,12,0,True,0.0,master,valid_observed_phase_at_origin,ABCDE,calibration,3,-1,unassigned_nearest_donor_beyond_100km,pooled_unassigned_area,0,0.14,0,0.14
2307,2018-02,2017-02,12,0,True,0.0,master,valid_observed_phase_at_origin,ABCDE,calibration,3,-1,unassigned_nearest_donor_beyond_100km,pooled_unassigned_area,0,0.08,0,0.08
2308,2018-02,2017-02,12,0,True,0.0,master,valid_observed_phase_at_origin,ABCDE,calibration,3,-1,unassigned_nearest_donor_beyond_100km,pooled_unassigned_area,0,0.15,0,0.15
2309,2018-02,2017-02,12,0,True,0.0,master,valid_observed_phase_at_origin,ABCDE,calibration,3,-1,unassigned_nearest_donor_beyond_100km,pooled_unassigned_area,0,0.11,0,0.11
2310,2018-02,2017-02,12,0,True,0.0,master,valid_observed_phase_at_origin,ABCDE,calibration,3,-1,unassigned_nearest_donor_beyond_100km,pooled_unassigned_area,0,0.11,0,0.11
2311,2018-02,2017-02,12,0,True,0.0,master,valid_observed_phase_at_origin,ABCDE,calibration,3,-1,unassigned_nearest_donor_beyond_100km,pooled_unassigned_area,0,0.13,0,0.13
2312,2018-02,2017-02,12,0,True,0.0,master,valid_observed_phase_at_origin,ABCDE,calibration,3,-1,unassigned_nearest_donor_beyond_100km,pooled_unassigned_area,0,0.14,0,0.14
2313,2018-02,2017-02,12,0,True,0.0,master,valid_observed_phase_at_origin,ABCDE,calibration,3,-1,unassigned_nearest_donor_beyond_100km,pooled_unassigned_area,0,0.17,0,0.17
2314,2018-02,2017-02,12,0,True,0.0,master,valid_observed_phase_at_origin,ABCDE,calibration,3,-1,unassigned_nearest_donor_beyond_100km,pooled_unassigned_area,0,0.12,0,0.12
2315,2018-02,2017-02,12,0,True,0.0,master,valid_observed_phase_at_origin,ABCDE,calibration,3,-1,unassigned_nearest_donor_beyond_100km,pooled_unassigned_area,0,0.11,0,0.11
2316,2018-02,2017-02,12,0,True,0.0,master,valid_observed_phase_at_origin,ABCDE,calibration,3,-1,unassigned_nearest_donor_beyond_100km,pooled_unassigned_area,0,0.12,0,0.12
2317,2018-02,2017-02,12,0,True,0.0,master,valid_observed_phase_at_origin,ABCDE,calibration,3,-1,unassigned_nearest_donor_beyond_100km,pooled_unassigned_area,0,0.13,0,0.13
2318,2018-02,2017-02,12,0,True,0.0,master,valid_observed_phase_at_origin,ABCDE,calibration,3,-1,unassigned_nearest_donor_beyond_100km,pooled_unassigned_area,0,0.13,0,0.13
2319,2018-02,2017-02,12,0,True,0.0,master,valid_observed_phase_at_origin,ABCDE,calibration,3,-1,unassigned_nearest_donor_beyond_100km,pooled_unassigned_area,0,0.1,0,0.1
2320,2018-02,2017-02,12,0,True,1.0,master,valid_observed_phase_at_origin,ABCDE,calibration,3,-1,unassigned_nearest_donor_beyond_100km,pooled_unassigned_area,0,0.24,0,0.24
2321,2018-02,2017-02,12,0,True,1.0,master,valid_observed_phase_at_origin,ABCDE,calibration,3,-1,unassigned_nearest_donor_beyond_100km,pooled_unassigned_area,0,0.21,0,0.21
2322,2018-02,2017-02,12,0,True,1.0,master,valid_observed_phase_at_origin,ABCDE,calibration,3,-1,unassigned_nearest_donor_beyond_100km,pooled_unassigned_area,0,0.24,0,0.24
2323,2018-02,2017-02,12,0,True,1.0,master,valid_observed_phase_at_origin,ABCDE,calibration,3,-1,unassigned_nearest_donor_beyond_100km,pooled_unassigned_area,0,0.24,0,0.24
2324,2018-02,2017-02,12,0,True,1.0,master,valid_observed_phase_at_origin,ABCDE,calibration,3,-1,unassigned_nearest_donor_beyond_100km,pooled_unassigned_area,0,0.31,0,0.31
2325,2018-02,2017-02,12,0,True,1.0,master,valid_observed_phase_at_origin,ABCDE,calibration,3,-1,unassigned_nearest_donor_beyond_100km,pooled_unassigned_area,0,0.29,0,0.29
2326,2018-02,2017-02,12,0,True,1.0,master,valid_observed_phase_at_origin,ABCDE,calibration,3,-1,unassigned_nearest_donor_beyond_100km,pooled_unassigned_area,0,0.3,0,0.3
2327,2018-02,2017-02,12,0,True,1.0,master,valid_observed_phase_at_origin,ABCDE,calibration,3,-1,unassigned_nearest_donor_beyond_100km,pooled_unassigned_area,0,0.22,0,0.22
2328,2018-02,2017-02,12,0,True,1.0,master,valid_observed_phase_at_origin,ABCDE,calibration,3,-1,unassigned_nearest_donor_beyond_100km,pooled_unassigned_area,0,0.28,0,0.28
2329,2018-02,2017-02,12,0,True,0.0,master,valid_observed_phase_at_origin,ABCDE,calibration,3,-1,unassigned_nearest_donor_beyond_100km,pooled_unassigned_area,0,0.12,0,0.12
2330,2018-02,2017-02,12,0,True,1.0,master,valid_observed_phase_at_origin,ABCDE,calibration,3,-1,unassigned_nearest_donor_beyond_100km,pooled_unassigned_area,0,0.31,0,0.31
2331,2018-02,2017-02,12,0,True,0.0,master,valid_observed_phase_at_origin,ABCDE,calibration,3,-1,unassigned_nearest_donor_beyond_100km,pooled_unassigned_area,0,0.13,0,0.13
2332,2018-02,2017-02,12,0,True,0.0,master,valid_observed_phase_at_origin,ABCDE,calibration,3,-1,unassigned_nearest_donor_beyond_100km,pooled_unassigned_area,0,0.14,0,0.14
2333,2018-02,2017-02,12,0,True,0.0,master,valid_observed_phase_at_origin,ABCDE,calibration,3,-1,unassigned_nearest_donor_beyond_100km,pooled_unassigned_area,0,0.09,0,0.09
2334,2018-02,2017-02,12,0,True,0.0,master,valid_observed_phase_at_origin,ABCDE,calibration,3,-1,unassigned_nearest_donor_beyond_100km,pooled_unassigned_area,0,0.11,0,0.11
2335,2018-02,2017-02,12,0,True,0.0,master,valid_observed_phase_at_origin,ABCDE,calibration,3,-1,unassigned_nearest_donor_beyond_100km,pooled_unassigned_area,0,0.1,0,0.1
2336,2018-02,2017-02,12,0,True,1.0,master,valid_observed_phase_at_origin,ABCDE,calibration,3,-1,unassigned_nearest_donor_beyond_100km,pooled_unassigned_area,0,0.21,0,0.21
2337,2018-02,2017-02,12,0,True,0.0,master,valid_observed_phase_at_origin,ABCDE,calibration,3,-1,unassigned_nearest_donor_beyond_100km,pooled_unassigned_area,0,0.14,0,0.14
2338,2018-02,2017-02,12,0,True,0.0,master,valid_observed_phase_at_origin,ABCDE,calibration,3,-1,unassigned_nearest_donor_beyond_100km,pooled_unassigned_area,0,0.14,0,0.14
2339,2018-02,2017-02,12,0,True,0.0,master,valid_observed_phase_at_origin,ABCDE,calibration,3,-1,unassigned_nearest_donor_beyond_100km,pooled_unassigned_area,0,0.13,0,0.13
2340,2018-02,2017-02,12,0,True,0.0,master,valid_observed_phase_at_origin,ABCDE,calibration,3,-1,unassigned_nearest_donor_beyond_100km,pooled_unassigned_area,0,0.07,0,0.07
2341,2018-02,2017-02,12,0,True,0.0,master,valid_observed_phase_at_origin,ABCDE,calibration,3,-1,unassigned_nearest_donor_beyond_100km,pooled_unassigned_area,0,0.19,0,0.19
2342,2018-02,2017-02,12,0,True,0.0,master,valid_observed_phase_at_origin,ABCDE,calibration,3,-1,unassigned_nearest_donor_beyond_100km,pooled_unassigned_area,0,0.1,0,0.1
2343,2018-02,2017-02,12,0,True,0.0,master,valid_observed_phase_at_origin,ABCDE,calibration,3,-1,unassigned_nearest_donor_beyond_100km,pooled_unassigned_area,0,0.11,0,0.11
2344,2018-02,2017-02,12,0,True,1.0,master,valid_observed_phase_at_origin,ABCDE,calibration,3,-1,unassigned_nearest_donor_beyond_100km,pooled_unassigned_area,0,0.2,0,0.2
2345,2018-02,2017-02,12,0,True,0.0,master,valid_observed_phase_at_origin,ABCDE,calibration,3,-1,unassigned_nearest_donor_beyond_100km,pooled_unassigned_area,0,0.07,0,0.07
2346,2018-02,2017-02,12,0,True,0.0,master,valid_observed_phase_at_origin,ABCDE,calibration,3,-1,unassigned_nearest_donor_beyond_100km,pooled_unassigned_area,0,0.14,0,0.14
2347,2018-02,2017-02,12,0,True,0.0,master,valid_observed_phase_at_origin,ABCDE,calibration,3,-1,unassigned_nearest_donor_beyond_100km,pooled_unassigned_area,0,0.14,0,0.14
2348,2018-02,2017-02,12,0,True,0.0,master,valid_observed_phase_at_origin,ABCDE,calibration,3,-1,unassigned_nearest_donor_beyond_100km,pooled_unassigned_area,0,0.1,0,0.1
2349,2018-02,2017-02,12,0,True,0.0,master,valid_observed_phase_at_origin,ABCDE,calibration,3,-1,unassigned_nearest_donor_beyond_100km,pooled_unassigned_area,0,0.15,0,0.15
2350,2018-02,2017-02,12,0,True,0.0,master,valid_observed_phase_at_origin,ABCDE,calibration,3,-1,unassigned_nearest_donor_beyond_100km,pooled_unassigned_area,0,0.09,0,0.09
2351,2018-02,2017-02,12,0,True,1.0,master,valid_observed_phase_at_origin,ABCDE,calibration,3,-1,unassigned_nearest_donor_beyond_100km,pooled_unassigned_area,0,0.25,0,0.25
2352,2018-02,2017-02,12,0,True,0.0,master,valid_observed_phase_at_origin,ABCDE,calibration,3,-1,unassigned_nearest_donor_beyond_100km,pooled_unassigned_area,0,0.13,0,0.13
2353,2018-02,2017-02,12,0,True,1.0,master,valid_observed_phase_at_origin,ABCDE,calibration,3,-1,unassigned_nearest_donor_beyond_100km,pooled_unassigned_area,0,0.25,0,0.25
2354,2018-02,2017-02,12,0,True,0.0,master,valid_observed_phase_at_origin,ABCDE,calibration,3,-1,unassigned_nearest_donor_beyond_100km,pooled_unassigned_area,0,0.18,0,0.18
2355,2018-02,2017-02,12,0,True,0.0,master,valid_observed_phase_at_origin,ABCDE,calibration,3,-1,unassigned_nearest_donor_beyond_100km,pooled_unassigned_area,0,0.11,0,0.11
2356,2018-02,2017-02,12,0,True,0.0,master,valid_observed_phase_at_origin,ABCDE,calibration,3,-1,unassigned_nearest_donor_beyond_100km,pooled_unassigned_area,0,0.13,0,0.13
2357,2018-02,2017-02,12,0,True,0.0,master,valid_observed_phase_at_origin,ABCDE,calibration,3,-1,unassigned_nearest_donor_beyond_100km,pooled_unassigned_area,0,0.11,0,0.11
2358,2018-02,2017-02,12,0,True,0.0,master,valid_observed_phase_at_origin,ABCDE,calibration,3,-1,unassigned_nearest_donor_beyond_100km,pooled_unassigned_area,0,0.16,0,0.16
2359,2018-02,2017-02,12,0,True,0.0,master,valid_observed_phase_at_origin,ABCDE,calibration,3,-1,unassigned_nearest_donor_beyond_100km,pooled_unassigned_area,0,0.1,0,0.1
2360,2018-02,2017-02,12,0,True,0.0,master,valid_observed_phase_at_origin,ABCDE,calibration,3,-1,unassigned_nearest_donor_beyond_100km,pooled_unassigned_area,0,0.14,0,0.14
2361,2018-02,2017-02,12,0,True,0.0,master,valid_observed_phase_at_origin,ABCDE,calibration,3,-1,unassigned_nearest_donor_beyond_100km,pooled_unassigned_area,0,0.19,0,0.19
2362,2018-02,2017-02,12,0,True,0.0,master,valid_observed_phase_at_origin,ABCDE,calibration,3,-1,unassigned_nearest_donor_beyond_100km,pooled_unassigned_area,0,0.18,0,0.18
2363,2018-02,2017-02,12,0,True,0.0,master,valid_observed_phase_at_origin,ABCDE,calibration,3,-1,unassigned_nearest_donor_beyond_100km,pooled_unassigned_area,0,0.15,0,0.15
2364,2018-02,2017-02,12,0,True,0.0,master,valid_observed_phase_at_origin,ABCDE,calibration,3,-1,unassigned_nearest_donor_beyond_100km,pooled_unassigned_area,0,0.12,0,0.12
2365,2018-02,2017-02,12,0,True,0.0,master,valid_observed_phase_at_origin,ABCDE,calibration,3,-1,unassigned_nearest_donor_beyond_100km,pooled_unassigned_area,0,0.16,0,0.16
2366,2018-02,2017-02,12,0,True,1.0,master,valid_observed_phase_at_origin,ABCDE,calibration,3,-1,unassigned_nearest_donor_beyond_100km,pooled_unassigned_area,0,0.24,0,0.24
2367,2018-02,2017-02,12,0,True,0.0,master,valid_observed_phase_at_origin,ABCDE,calibration,3,-1,unassigned_nearest_donor_beyond_100km,pooled_unassigned_area,0,0.19,0,0.19
2368,2018-02,2017-02,12,0,True,0.0,master,valid_observed_phase_at_origin,ABCDE,calibration,3,-1,unassigned_nearest_donor_beyond_100km,pooled_unassigned_area,0,0.12,0,0.12
2369,2018-02,2017-02,12,0,True,0.0,master,valid_observed_phase_at_origin,ABCDE,calibration,3,-1,unassigned_nearest_donor_beyond_100km,pooled_unassigned_area,0,0.17,0,0.17
2370,2018-02,2017-02,12,0,True,0.0,master,valid_observed_phase_at_origin,ABCDE,calibration,3,-1,unassigned_nearest_donor_beyond_100km,pooled_unassigned_area,0,0.09,0,0.09
2371,2018-02,2017-02,12,0,True,0.0,master,valid_observed_phase_at_origin,ABCDE,calibration,3,-1,unassigned_nearest_donor_beyond_100km,pooled_unassigned_area,0,0.16,0,0.16
2372,2018-02,2017-02,12,0,True,1.0,master,valid_observed_phase_at_origin,ABCDE,calibration,3,-1,unassigned_nearest_donor_beyond_100km,pooled_unassigned_area,0,0.24,0,0.24
2373,2018-02,2017-02,12,0,True,0.0,master,valid_observed_phase_at_origin,ABCDE,calibration,3,-1,unassigned_nearest_donor_beyond_100km,pooled_unassigned_area,0,0.14,0,0.14
2374,2018-02,2017-02,12,0,True,0.0,master,valid_observed_phase_at_origin,ABCDE,calibration,3,-1,unassigned_nearest_donor_beyond_100km,pooled_unassigned_area,0,0.15,0,0.15
2375,2018-02,2017-02,12,0,True,0.0,master,valid_observed_phase_at_origin,ABCDE,calibration,3,-1,unassigned_nearest_donor_beyond_100km,pooled_unassigned_area,0,0.14,0,0.14
2376,2018-02,2017-02,12,0,True,0.0,master,valid_observed_phase_at_origin,ABCDE,calibration,3,-1,unassigned_nearest_donor_beyond_100km,pooled_unassigned_area,0,0.15,0,0.15
2377,2018-02,2017-02,12,0,True,0.0,master,valid_observed_phase_at_origin,ABCDE,calibration,3,-1,unassigned_nearest_donor_beyond_100km,pooled_unassigned_area,0,0.14,0,0.14
2378,2018-02,2017-02,12,0,True,0.0,master,valid_observed_phase_at_origin,ABCDE,calibration,3,-1,unassigned_nearest_donor_beyond_100km,pooled_unassigned_area,0,0.13,0,0.13
2379,2018-02,2017-02,12,0,True,0.0,master,valid_observed_phase_at_origin,ABCDE,calibration,3,-1,unassigned_nearest_donor_beyond_100km,pooled_unassigned_area,0,0.23,0,0.23
2380,2018-02,2017-02,12,0,True,0.0,master,valid_observed_phase_at_origin,ABCDE,calibration,3,-1,unassigned_nearest_donor_beyond_100km,pooled_unassigned_area,0,0.2,0,0.2
2381,2018-02,2017-02,12,0,True,0.0,master,valid_observed_phase_at_origin,ABCDE,calibration,3,-1,unassigned_nearest_donor_beyond_100km,pooled_unassigned_area,0,0.13,0,0.13
2382,2018-02,2017-02,12,0,True,0.0,master,valid_observed_phase_at_origin,ABCDE,calibration,3,-1,unassigned_nearest_donor_beyond_100km,pooled_unassigned_area,0,0.15,0,0.15
2383,2018-02,2017-02,12,0,True,0.0,master,valid_observed_phase_at_origin,ABCDE,calibration,3,-1,unassigned_nearest_donor_beyond_100km,pooled_unassigned_area,0,0.1,0,0.1
2384,2018-02,2017-02,12,0,True,0.0,master,valid_observed_phase_at_origin,ABCDE,calibration,3,-1,unassigned_nearest_donor_beyond_100km,pooled_unassigned_area,0,0.14,0,0.14
2385,2018-02,2017-02,12,0,True,0.0,master,valid_observed_phase_at_origin,ABCDE,calibration,3,-1,unassigned_nearest_donor_beyond_100km,pooled_unassigned_area,0,0.15,0,0.15
2386,2018-02,2017-02,12,0,True,0.0,master,valid_observed_phase_at_origin,ABCDE,calibration,3,-1,unassigned_nearest_donor_beyond_100km,pooled_unassigned_area,0,0.15,0,0.15
2387,2018-02,2017-02,12,0,True,0.0,master,valid_observed_phase_at_origin,ABCDE,calibration,3,-1,unassigned_nearest_donor_beyond_100km,pooled_unassigned_area,0,0.13,0,0.13
2388,2018-02,2017-02,12,0,True,0.0,master,valid_observed_phase_at_origin,ABCDE,calibration,3,-1,unassigned_nearest_donor_beyond_100km,pooled_unassigned_area,0,0.09,0,0.09
2389,2018-02,2017-02,12,0,True,0.0,master,valid_observed_phase_at_origin,ABCDE,calibration,3,-1,unassigned_nearest_donor_beyond_100km,pooled_unassigned_area,0,0.16,0,0.16
2390,2018-02,2017-02,12,0,True,0.0,master,valid_observed_phase_at_origin,ABCDE,calibration,3,-1,unassigned_nearest_donor_beyond_100km,pooled_unassigned_area,0,0.17,0,0.17
2391,2018-02,2017-02,12,0,True,0.0,master,valid_observed_phase_at_origin,ABCDE,calibration,3,-1,unassigned_nearest_donor_beyond_100km,pooled_unassigned_area,0,0.13,0,0.13
2392,2018-02,2017-02,12,0,True,0.0,master,valid_observed_phase_at_origin,ABCDE,calibration,3,-1,unassigned_nearest_donor_beyond_100km,pooled_unassigned_area,0,0.14,0,0.14
2393,2018-02,2017-02,12,0,True,0.0,master,valid_observed_phase_at_origin,ABCDE,calibration,3,-1,unassigned_nearest_donor_beyond_100km,pooled_unassigned_area,0,0.07,0,0.07
2394,2018-02,2017-02,12,0,True,0.0,master,valid_observed_phase_at_origin,ABCDE,calibration,3,-1,unassigned_nearest_donor_beyond_100km,pooled_unassigned_area,0,0.08,0,0.08
2395,2018-02,2017-02,12,0,True,0.0,master,valid_observed_phase_at_origin,ABCDE,calibration,3,-1,unassigned_nearest_donor_beyond_100km,pooled_unassigned_area,0,0.07,0,0.07
2396,2018-02,2017-02,12,0,True,0.0,master,valid_observed_phase_at_origin,ABCDE,calibration,3,-1,unassigned_nearest_donor_beyond_100km,pooled_unassigned_area,0,0.07,0,0.07
2397,2018-02,2017-02,12,0,True,0.0,master,valid_observed_phase_at_origin,ABCDE,calibration,3,-1,unassigned_nearest_donor_beyond_100km,pooled_unassigned_area,0,0.07,0,0.07
2398,2018-02,2017-02,12,0,True,0.0,master,valid_observed_phase_at_origin,ABCDE,calibration,3,-1,unassigned_nearest_donor_beyond_100km,pooled_unassigned_area,0,0.07,0,0.07
2399,2018-02,2017-02,12,0,True,0.0,master,valid_observed_phase_at_origin,ABCDE,calibration,3,-1,unassigned_nearest_donor_beyond_100km,pooled_unassigned_area,0,0.07,0,0.07
2400,2018-02,2017-02,12,0,True,0.0,master,valid_observed_phase_at_origin,ABCDE,calibration,3,-1,unassigned_nearest_donor_beyond_100km,pooled_unassigned_area,0,0.11,0,0.11
2401,2018-02,2017-02,12,0,True,0.0,master,valid_observed_phase_at_origin,ABCDE,calibration,3,-1,unassigned_nearest_donor_beyond_100km,pooled_unassigned_area,0,0.05,0,0.05
2402,2018-02,2017-02,12,0,True,0.0,master,valid_observed_phase_at_origin,ABCDE,calibration,3,-1,unassigned_nearest_donor_beyond_100km,pooled_unassigned_area,0,0.13,0,0.13
2403,2018-02,2017-02,12,0,True,0.0,master,valid_observed_phase_at_origin,ABCDE,calibration,3,-1,unassigned_nearest_donor_beyond_100km,pooled_unassigned_area,0,0.08,0,0.08
2404,2018-02,2017-02,12,0,True,0.0,master,valid_observed_phase_at_origin,ABCDE,calibration,3,-1,unassigned_nearest_donor_beyond_100km,pooled_unassigned_area,0,0.11,0,0.11
2405,2018-02,2017-02,12,0,True,1.0,master,valid_observed_phase_at_origin,ABCDE,calibration,3,-1,unassigned_nearest_donor_beyond_100km,pooled_unassigned_area,0,0.34,0,0.34
2406,2018-02,2017-02,12,0,True,0.0,master,valid_observed_phase_at_origin,ABCDE,calibration,3,-1,unassigned_nearest_donor_beyond_100km,pooled_unassigned_area,0,0.14,0,0.14
2407,2018-02,2017-02,12,0,True,0.0,master,valid_observed_phase_at_origin,ABCDE,calibration,3,-1,unassigned_nearest_donor_beyond_100km,pooled_unassigned_area,0,0.16,0,0.16
2408,2018-02,2017-02,12,0,True,0.0,master,valid_observed_phase_at_origin,ABCDE,calibration,3,-1,unassigned_nearest_donor_beyond_100km,pooled_unassigned_area,0,0.11,0,0.11
2409,2018-02,2017-02,12,0,True,0.0,master,valid_observed_phase_at_origin,ABCDE,calibration,3,-1,unassigned_nearest_donor_beyond_100km,pooled_unassigned_area,0,0.13,0,0.13
2410,2018-02,2017-02,12,0,True,0.0,master,valid_observed_phase_at_origin,ABCDE,calibration,3,-1,unassigned_nearest_donor_beyond_100km,pooled_unassigned_area,0,0.07,0,0.07
2411,2018-02,2017-02,12,0,True,0.0,master,valid_observed_phase_at_origin,ABCDE,calibration,3,-1,unassigned_nearest_donor_beyond_100km,pooled_unassigned_area,0,0.18,0,0.18
2412,2018-02,2017-02,12,0,True,1.0,master,valid_observed_phase_at_origin,ABCDE,calibration,3,-1,unassigned_nearest_donor_beyond_100km,pooled_unassigned_area,0,0.29,0,0.29
2413,2018-02,2017-02,12,0,True,0.0,master,valid_observed_phase_at_origin,ABCDE,calibration,3,-1,unassigned_nearest_donor_beyond_100km,pooled_unassigned_area,0,0.15,0,0.15
2414,2018-02,2017-02,12,0,True,1.0,master,valid_observed_phase_at_origin,ABCDE,calibration,3,-1,unassigned_nearest_donor_beyond_100km,pooled_unassigned_area,0,0.28,0,0.28
2415,2018-02,2017-02,12,0,True,1.0,master,valid_observed_phase_at_origin,ABCDE,calibration,3,-1,unassigned_nearest_donor_beyond_100km,pooled_unassigned_area,0,0.16,0,0.16
2416,2018-02,2017-02,12,0,True,0.0,master,valid_observed_phase_at_origin,ABCDE,calibration,3,-1,unassigned_nearest_donor_beyond_100km,pooled_unassigned_area,0,0.12,0,0.12
2417,2018-02,2017-02,12,0,True,0.0,master,valid_observed_phase_at_origin,ABCDE,calibration,3,-1,unassigned_nearest_donor_beyond_100km,pooled_unassigned_area,0,0.14,0,0.14
2418,2018-02,2017-02,12,0,True,0.0,master,valid_observed_phase_at_origin,ABCDE,calibration,3,-1,unassigned_nearest_donor_beyond_100km,pooled_unassigned_area,0,0.1,0,0.1
2419,2018-02,2017-02,12,0,True,0.0,master,valid_observed_phase_at_origin,ABCDE,calibration,3,-1,unassigned_nearest_donor_beyond_100km,pooled_unassigned_area,0,0.19,0,0.19
2420,2018-02,2017-02,12,0,True,0.0,master,valid_observed_phase_at_origin,ABCDE,calibration,3,-1,unassigned_nearest_donor_beyond_100km,pooled_unassigned_area,0,0.1,0,0.1
2421,2018-02,2017-02,12,0,True,1.0,master,valid_observed_phase_at_origin,ABCDE,calibration,3,-1,unassigned_nearest_donor_beyond_100km,pooled_unassigned_area,0,0.22,0,0.22
2422,2018-02,2017-02,12,0,True,0.0,master,valid_observed_phase_at_origin,ABCDE,calibration,3,-1,unassigned_nearest_donor_beyond_100km,pooled_unassigned_area,0,0.12,0,0.12
2423,2018-02,2017-02,12,0,True,0.0,master,valid_observed_phase_at_origin,ABCDE,calibration,3,-1,unassigned_nearest_donor_beyond_100km,pooled_unassigned_area,0,0.12,0,0.12
2424,2018-02,2017-02,12,0,True,0.0,master,valid_observed_phase_at_origin,ABCDE,calibration,3,-1,unassigned_nearest_donor_beyond_100km,pooled_unassigned_area,0,0.19,0,0.19
2425,2018-02,2017-02,12,0,True,0.0,master,valid_observed_phase_at_origin,ABCDE,calibration,3,-1,unassigned_nearest_donor_beyond_100km,pooled_unassigned_area,0,0.12,0,0.12
2426,2018-02,2017-02,12,0,True,1.0,master,valid_observed_phase_at_origin,ABCDE,calibration,3,-1,unassigned_nearest_donor_beyond_100km,pooled_unassigned_area,0,0.21,0,0.21
2427,2018-02,2017-02,12,0,True,0.0,master,valid_observed_phase_at_origin,ABCDE,calibration,3,-1,unassigned_nearest_donor_beyond_100km,pooled_unassigned_area,0,0.16,0,0.16
2428,2018-02,2017-02,12,0,True,1.0,master,valid_observed_phase_at_origin,ABCDE,calibration,3,-1,unassigned_nearest_donor_beyond_100km,pooled_unassigned_area,0,0.18,0,0.18
2429,2018-02,2017-02,12,0,True,1.0,master,valid_observed_phase_at_origin,ABCDE,calibration,3,-1,unassigned_nearest_donor_beyond_100km,pooled_unassigned_area,0,0.2,0,0.2
2430,2018-02,2017-02,12,0,True,0.0,master,valid_observed_phase_at_origin,ABCDE,calibration,3,-1,unassigned_nearest_donor_beyond_100km,pooled_unassigned_area,0,0.13,0,0.13
2431,2018-02,2017-02,12,0,True,0.0,master,valid_observed_phase_at_origin,ABCDE,calibration,3,-1,unassigned_nearest_donor_beyond_100km,pooled_unassigned_area,0,0.08,0,0.08
2432,2018-02,2017-02,12,0,True,0.0,master,valid_observed_phase_at_origin,ABCDE,calibration,3,-1,unassigned_nearest_donor_beyond_100km,pooled_unassigned_area,0,0.21,0,0.21
2433,2018-02,2017-02,12,0,True,0.0,master,valid_observed_phase_at_origin,ABCDE,calibration,3,-1,unassigned_nearest_donor_beyond_100km,pooled_unassigned_area,0,0.16,0,0.16
2434,2018-02,2017-02,12,0,True,0.0,master,valid_observed_phase_at_origin,ABCDE,calibration,3,-1,unassigned_nearest_donor_beyond_100km,pooled_unassigned_area,0,0.11,0,0.11
2435,2018-02,2017-02,12,0,True,0.0,master,valid_observed_phase_at_origin,ABCDE,calibration,3,-1,unassigned_nearest_donor_beyond_100km,pooled_unassigned_area,0,0.18,0,0.18
2436,2018-02,2017-02,12,0,True,0.0,master,valid_observed_phase_at_origin,ABCDE,calibration,3,-1,unassigned_nearest_donor_beyond_100km,pooled_unassigned_area,0,0.09,0,0.09
2437,2018-02,2017-02,12,0,True,1.0,master,valid_observed_phase_at_origin,ABCDE,calibration,3,-1,unassigned_nearest_donor_beyond_100km,pooled_unassigned_area,0,0.24,0,0.24
2438,2018-02,2017-02,12,0,True,0.0,master,valid_observed_phase_at_origin,ABCDE,calibration,3,-1,unassigned_nearest_donor_beyond_100km,pooled_unassigned_area,0,0.1,0,0.1
2439,2018-02,2017-02,12,0,True,0.0,master,valid_observed_phase_at_origin,ABCDE,calibration,3,-1,unassigned_nearest_donor_beyond_100km,pooled_unassigned_area,0,0.1,0,0.1
2440,2018-02,2017-02,12,0,True,0.0,master,valid_observed_phase_at_origin,ABCDE,calibration,3,-1,unassigned_nearest_donor_beyond_100km,pooled_unassigned_area,0,0.06,0,0.06
2441,2018-02,2017-02,12,0,True,1.0,master,valid_observed_phase_at_origin,ABCDE,calibration,3,-1,unassigned_nearest_donor_beyond_100km,pooled_unassigned_area,0,0.15,0,0.15
2442,2018-02,2017-02,12,0,True,0.0,master,valid_observed_phase_at_origin,ABCDE,calibration,3,-1,unassigned_nearest_donor_beyond_100km,pooled_unassigned_area,0,0.1,0,0.1
2443,2018-02,2017-02,12,0,True,1.0,master,valid_observed_phase_at_origin,ABCDE,calibration,3,-1,unassigned_nearest_donor_beyond_100km,pooled_unassigned_area,0,0.11,0,0.11
2444,2018-02,2017-02,12,0,True,0.0,master,valid_observed_phase_at_origin,ABCDE,calibration,3,-1,unassigned_nearest_donor_beyond_100km,pooled_unassigned_area,0,0.16,0,0.16
2445,2018-02,2017-02,12,0,True,0.0,master,valid_observed_phase_at_origin,ABCDE,calibration,3,-1,unassigned_nearest_donor_beyond_100km,pooled_unassigned_area,0,0.06,0,0.06
2446,2018-02,2017-02,12,0,True,0.0,master,valid_observed_phase_at_origin,ABCDE,calibration,3,-1,unassigned_nearest_donor_beyond_100km,pooled_unassigned_area,0,0.12,0,0.12
2447,2018-02,2017-02,12,0,True,1.0,master,valid_observed_phase_at_origin,ABCDE,calibration,3,-1,unassigned_nearest_donor_beyond_100km,pooled_unassigned_area,0,0.18,0,0.18
2448,2018-02,2017-02,12,0,True,0.0,master,valid_observed_phase_at_origin,ABCDE,calibration,3,-1,unassigned_nearest_donor_beyond_100km,pooled_unassigned_area,0,0.14,0,0.14
2449,2018-02,2017-02,12,0,True,0.0,master,valid_observed_phase_at_origin,ABCDE,calibration,3,-1,unassigned_nearest_donor_beyond_100km,pooled_unassigned_area,0,0.13,0,0.13
2450,2018-02,2017-02,12,0,True,1.0,master,valid_observed_phase_at_origin,ABCDE,calibration,3,-1,unassigned_nearest_donor_beyond_100km,pooled_unassigned_area,0,0.16,0,0.16
2451,2018-02,2017-02,12,0,True,0.0,master,valid_observed_phase_at_origin,ABCDE,calibration,3,-1,unassigned_nearest_donor_beyond_100km,pooled_unassigned_area,0,0.12,0,0.12
2452,2018-02,2017-02,12,0,True,0.0,master,valid_observed_phase_at_origin,ABCDE,calibration,3,-1,unassigned_nearest_donor_beyond_100km,pooled_unassigned_area,0,0.12,0,0.12
2453,2018-02,2017-02,12,0,True,1.0,master,valid_observed_phase_at_origin,ABCDE,calibration,3,-1,unassigned_nearest_donor_beyond_100km,pooled_unassigned_area,0,0.26,0,0.26
2454,2018-02,2017-02,12,0,True,1.0,master,valid_observed_phase_at_origin,ABCDE,calibration,3,-1,unassigned_nearest_donor_beyond_100km,pooled_unassigned_area,0,0.27,0,0.27
2455,2018-02,2017-02,12,0,True,0.0,master,valid_observed_phase_at_origin,ABCDE,calibration,3,-1,unassigned_nearest_donor_beyond_100km,pooled_unassigned_area,0,0.28,0,0.28
2456,2018-02,2017-02,12,0,True,1.0,master,valid_observed_phase_at_origin,ABCDE,calibration,3,-1,unassigned_nearest_donor_beyond_100km,pooled_unassigned_area,0,0.22,0,0.22
2457,2018-02,2017-02,12,0,True,1.0,master,valid_observed_phase_at_origin,ABCDE,calibration,3,-1,unassigned_nearest_donor_beyond_100km,pooled_unassigned_area,0,0.16,0,0.16
2458,2018-02,2017-02,12,0,True,0.0,master,valid_observed_phase_at_origin,ABCDE,calibration,3,-1,unassigned_nearest_donor_beyond_100km,pooled_unassigned_area,0,0.12,0,0.12
2459,2018-02,2017-02,12,0,True,0.0,master,valid_observed_phase_at_origin,ABCDE,calibration,3,-1,unassigned_nearest_donor_beyond_100km,pooled_unassigned_area,0,0.14,0,0.14
2460,2018-02,2017-02,12,0,True,0.0,master,valid_observed_phase_at_origin,ABCDE,calibration,3,-1,unassigned_nearest_donor_beyond_100km,pooled_unassigned_area,0,0.26,0,0.26
2461,2018-02,2017-02,12,0,True,0.0,master,valid_observed_phase_at_origin,ABCDE,calibration,3,-1,unassigned_nearest_donor_beyond_100km,pooled_unassigned_area,0,0.12,0,0.12
2462,2018-02,2017-02,12,0,True,1.0,master,valid_observed_phase_at_origin,ABCDE,calibration,3,-1,unassigned_nearest_donor_beyond_100km,pooled_unassigned_area,0,0.15,0,0.15
2463,2018-02,2017-02,12,0,True,0.0,master,valid_observed_phase_at_origin,ABCDE,calibration,3,-1,unassigned_nearest_donor_beyond_100km,pooled_unassigned_area,0,0.12,0,0.12
2464,2018-02,2017-02,12,0,True,0.0,master,valid_observed_phase_at_origin,ABCDE,calibration,3,-1,unassigned_nearest_donor_beyond_100km,pooled_unassigned_area,0,0.1,0,0.1
2465,2018-02,2017-02,12,0,True,0.0,master,valid_observed_phase_at_origin,ABCDE,calibration,3,-1,unassigned_nearest_donor_beyond_100km,pooled_unassigned_area,0,0.18,0,0.18
2466,2018-02,2017-02,12,0,True,0.0,master,valid_observed_phase_at_origin,ABCDE,calibration,3,-1,unassigned_nearest_donor_beyond_100km,pooled_unassigned_area,0,0.16,0,0.16
2467,2018-02,2017-02,12,0,True,0.0,master,valid_observed_phase_at_origin,ABCDE,calibration,3,-1,unassigned_nearest_donor_beyond_100km,pooled_unassigned_area,0,0.09,0,0.09
2468,2018-02,2017-02,12,0,True,1.0,master,valid_observed_phase_at_origin,ABCDE,calibration,3,-1,unassigned_nearest_donor_beyond_100km,pooled_unassigned_area,0,0.25,0,0.25
2469,2018-02,2017-02,12,0,True,0.0,master,valid_observed_phase_at_origin,ABCDE,calibration,3,-1,unassigned_nearest_donor_beyond_100km,pooled_unassigned_area,0,0.15,0,0.15
2470,2018-02,2017-02,12,0,True,0.0,master,valid_observed_phase_at_origin,ABCDE,calibration,3,-1,unassigned_nearest_donor_beyond_100km,pooled_unassigned_area,0,0.12,0,0.12
2471,2018-02,2017-02,12,0,True,0.0,master,valid_observed_phase_at_origin,ABCDE,calibration,3,-1,unassigned_nearest_donor_beyond_100km,pooled_unassigned_area,0,0.13,0,0.13
2472,2018-02,2017-02,12,0,True,1.0,master,valid_observed_phase_at_origin,ABCDE,calibration,3,-1,unassigned_nearest_donor_beyond_100km,pooled_unassigned_area,0,0.17,0,0.17
2473,2018-02,2017-02,12,0,True,0.0,master,valid_observed_phase_at_origin,ABCDE,calibration,3,-1,unassigned_nearest_donor_beyond_100km,pooled_unassigned_area,0,0.1,0,0.1
2474,2018-02,2017-02,12,0,True,1.0,master,valid_observed_phase_at_origin,ABCDE,calibration,3,-1,unassigned_nearest_donor_beyond_100km,pooled_unassigned_area,0,0.22,0,0.22
2475,2018-02,2017-02,12,0,True,0.0,master,valid_observed_phase_at_origin,ABCDE,calibration,3,-1,unassigned_nearest_donor_beyond_100km,pooled_unassigned_area,0,0.23,0,0.23
2476,2018-02,2017-02,12,0,True,1.0,master,valid_observed_phase_at_origin,ABCDE,calibration,3,-1,unassigned_nearest_donor_beyond_100km,pooled_unassigned_area,0,0.14,0,0.14
2477,2018-02,2017-02,12,0,True,1.0,master,valid_observed_phase_at_origin,ABCDE,calibration,3,-1,unassigned_nearest_donor_beyond_100km,pooled_unassigned_area,0,0.24,0,0.24
2478,2018-02,2017-02,12,0,True,0.0,master,valid_observed_phase_at_origin,ABCDE,calibration,3,-1,unassigned_nearest_donor_beyond_100km,pooled_unassigned_area,0,0.15,0,0.15
2479,2018-02,2017-02,12,0,True,1.0,master,valid_observed_phase_at_origin,ABCDE,calibration,3,-1,unassigned_nearest_donor_beyond_100km,pooled_unassigned_area,0,0.18,0,0.18
2480,2018-02,2017-02,12,0,True,0.0,master,valid_observed_phase_at_origin,ABCDE,calibration,3,-1,unassigned_nearest_donor_beyond_100km,pooled_unassigned_area,0,0.2,0,0.2
2481,2018-02,2017-02,12,0,True,0.0,master,valid_observed_phase_at_origin,ABCDE,calibration,3,-1,unassigned_nearest_donor_beyond_100km,pooled_unassigned_area,0,0.17,0,0.17
2482,2018-02,2017-02,12,0,True,0.0,master,valid_observed_phase_at_origin,ABCDE,calibration,3,-1,unassigned_nearest_donor_beyond_100km,pooled_unassigned_area,0,0.29,0,0.29
2483,2018-02,2017-02,12,0,True,0.0,master,valid_observed_phase_at_origin,ABCDE,calibration,3,-1,unassigned_nearest_donor_beyond_100km,pooled_unassigned_area,0,0.15,0,0.15
2484,2018-02,2017-02,12,0,True,0.0,master,valid_observed_phase_at_origin,ABCDE,calibration,3,-1,unassigned_nearest_donor_beyond_100km,pooled_unassigned_area,0,0.12,0,0.12
2485,2018-02,2017-02,12,0,True,0.0,master,valid_observed_phase_at_origin,ABCDE,calibration,3,-1,unassigned_nearest_donor_beyond_100km,pooled_unassigned_area,0,0.1,0,0.1
2486,2018-02,2017-02,12,0,True,0.0,master,valid_observed_phase_at_origin,ABCDE,calibration,3,-1,unassigned_nearest_donor_beyond_100km,pooled_unassigned_area,0,0.17,0,0.17
2487,2018-02,2017-02,12,0,True,1.0,master,valid_observed_phase_at_origin,ABCDE,calibration,3,-1,unassigned_nearest_donor_beyond_100km,pooled_unassigned_area,0,0.24,0,0.24
2488,2018-02,2017-02,12,0,True,0.0,master,valid_observed_phase_at_origin,ABCDE,calibration,3,-1,unassigned_nearest_donor_beyond_100km,pooled_unassigned_area,0,0.1,0,0.1
2489,2018-02,2017-02,12,0,True,1.0,master,valid_observed_phase_at_origin,ABCDE,calibration,3,-1,unassigned_nearest_donor_beyond_100km,pooled_unassigned_area,0,0.26,0,0.26
2490,2018-02,2017-02,12,0,True,0.0,master,valid_observed_phase_at_origin,ABCDE,calibration,3,-1,unassigned_nearest_donor_beyond_100km,pooled_unassigned_area,0,0.26,0,0.26
2491,2018-02,2017-02,12,0,True,0.0,master,valid_observed_phase_at_origin,ABCDE,calibration,3,-1,unassigned_nearest_donor_beyond_100km,pooled_unassigned_area,0,0.16,0,0.16
2492,2018-02,2017-02,12,0,True,0.0,master,valid_observed_phase_at_origin,ABCDE,calibration,3,-1,unassigned_nearest_donor_beyond_100km,pooled_unassigned_area,0,0.12,0,0.12
2493,2018-02,2017-02,12,0,True,0.0,master,valid_observed_phase_at_origin,ABCDE,calibration,3,-1,unassigned_nearest_donor_beyond_100km,pooled_unassigned_area,0,0.14,0,0.14
2494,2018-02,2017-02,12,0,True,0.0,master,valid_observed_phase_at_origin,ABCDE,calibration,3,-1,unassigned_nearest_donor_beyond_100km,pooled_unassigned_area,0,0.15,0,0.15
2495,2018-02,2017-02,12,0,True,0.0,master,valid_observed_phase_at_origin,ABCDE,calibration,3,-1,unassigned_nearest_donor_beyond_100km,pooled_unassigned_area,0,0.12,0,0.12
2496,2018-02,2017-02,12,0,True,0.0,master,valid_observed_phase_at_origin,ABCDE,calibration,3,-1,unassigned_nearest_donor_beyond_100km,pooled_unassigned_area,0,0.15,0,0.15
2497,2018-02,2017-02,12,0,True,1.0,master,valid_observed_phase_at_origin,ABCDE,calibration,3,-1,unassigned_nearest_donor_beyond_100km,pooled_unassigned_area,0,0.2,0,0.2
2498,2018-02,2017-02,12,0,True,0.0,master,valid_observed_phase_at_origin,ABCDE,calibration,3,-1,unassigned_nearest_donor_beyond_100km,pooled_unassigned_area,0,0.18,0,0.18
2499,2018-02,2017-02,12,0,True,0.0,master,valid_observed_phase_at_origin,ABCDE,calibration,3,-1,unassigned_nearest_donor_beyond_100km,pooled_unassigned_area,0,0.13,0,0.13
2500,2018-02,2017-02,12,0,True,1.0,master,valid_observed_phase_at_origin,ABCDE,calibration,3,-1,unassigned_nearest_donor_beyond_100km,pooled_unassigned_area,0,0.23,0,0.23
2501,2018-02,2017-02,12,0,True,1.0,master,valid_observed_phase_at_origin,ABCDE,calibration,3,-1,unassigned_nearest_donor_beyond_100km,pooled_unassigned_area,0,0.23,0,0.23
2502,2018-02,2017-02,12,0,True,0.0,master,valid_observed_phase_at_origin,ABCDE,calibration,3,-1,unassigned_nearest_donor_beyond_100km,pooled_unassigned_area,0,0.1,0,0.1
2503,2018-02,2017-02,12,0,True,0.0,master,valid_observed_phase_at_origin,ABCDE,calibration,3,-1,unassigned_nearest_donor_beyond_100km,pooled_unassigned_area,0,0.16,0,0.16
2504,2018-02,2017-02,12,0,True,0.0,master,valid_observed_phase_at_origin,ABCDE,calibration,3,-1,unassigned_nearest_donor_beyond_100km,pooled_unassigned_area,0,0.08,0,0.08
2505,2018-02,2017-02,12,0,True,0.0,master,valid_observed_phase_at_origin,ABCDE,calibration,3,-1,unassigned_nearest_donor_beyond_100km,pooled_unassigned_area,0,0.19,0,0.19
2506,2018-02,2017-02,12,0,True,0.0,master,valid_observed_phase_at_origin,ABCDE,calibration,3,-1,unassigned_nearest_donor_beyond_100km,pooled_unassigned_area,0,0.21,0,0.21
2507,2018-02,2017-02,12,0,True,0.0,master,valid_observed_phase_at_origin,ABCDE,calibration,3,-1,unassigned_nearest_donor_beyond_100km,pooled_unassigned_area,0,0.1,0,0.1
2508,2018-02,2017-02,12,1,True,0.0,master,valid_observed_phase_at_origin,ABCDE,calibration,3,-1,unassigned_nearest_donor_beyond_100km,pooled_unassigned_area,0,0.21,0,0.21
2509,2018-02,2017-02,12,1,True,0.0,master,valid_observed_phase_at_origin,ABCDE,calibration,3,-1,unassigned_nearest_donor_beyond_100km,pooled_unassigned_area,0,0.21,0,0.21
2510,2018-02,2017-02,12,0,True,0.0,master,valid_observed_phase_at_origin,ABCDE,calibration,3,-1,unassigned_nearest_donor_beyond_100km,pooled_unassigned_area,0,0.18,0,0.18
2511,2018-02,2017-02,12,0,True,0.0,master,valid_observed_phase_at_origin,ABCDE,calibration,3,-1,unassigned_nearest_donor_beyond_100km,pooled_unassigned_area,0,0.11,0,0.11
2512,2018-02,2017-02,12,0,True,0.0,master,valid_observed_phase_at_origin,ABCDE,calibration,3,-1,unassigned_nearest_donor_beyond_100km,pooled_unassigned_area,0,0.2,0,0.2
2513,2018-02,2017-02,12,0,True,0.0,master,valid_observed_phase_at_origin,ABCDE,calibration,3,-1,unassigned_nearest_donor_beyond_100km,pooled_unassigned_area,0,0.12,0,0.12
2514,2018-02,2017-02,12,0,True,0.0,master,valid_observed_phase_at_origin,ABCDE,calibration,3,-1,unassigned_nearest_donor_beyond_100km,pooled_unassigned_area,0,0.08,0,0.08
2515,2018-02,2017-02,12,0,True,0.0,master,valid_observed_phase_at_origin,ABCDE,calibration,3,-1,unassigned_nearest_donor_beyond_100km,pooled_unassigned_area,0,0.11,0,0.11
2516,2018-02,2017-02,12,0,True,0.0,master,valid_observed_phase_at_origin,ABCDE,calibration,3,-1,unassigned_nearest_donor_beyond_100km,pooled_unassigned_area,0,0.15,0,0.15
2517,2018-02,2017-02,12,0,True,0.0,master,valid_observed_phase_at_origin,ABCDE,calibration,3,-1,unassigned_nearest_donor_beyond_100km,pooled_unassigned_area,0,0.11,0,0.11
2518,2018-02,2017-02,12,0,True,0.0,master,valid_observed_phase_at_origin,ABCDE,calibration,3,-1,unassigned_nearest_donor_beyond_100km,pooled_unassigned_area,0,0.24,0,0.24
2519,2018-02,2017-02,12,0,True,0.0,master,valid_observed_phase_at_origin,ABCDE,calibration,3,-1,unassigned_nearest_donor_beyond_100km,pooled_unassigned_area,0,0.22,0,0.22
2520,2018-02,2017-02,12,0,True,0.0,master,valid_observed_phase_at_origin,ABCDE,calibration,3,-1,unassigned_nearest_donor_beyond_100km,pooled_unassigned_area,0,0.09,0,0.09
2521,2018-02,2017-02,12,0,True,0.0,master,valid_observed_phase_at_origin,ABCDE,calibration,3,-1,unassigned_nearest_donor_beyond_100km,pooled_unassigned_area,0,0.16,0,0.16
2522,2018-02,2017-02,12,1,True,0.0,master,valid_observed_phase_at_origin,ABCDE,calibration,3,-1,unassigned_nearest_donor_beyond_100km,pooled_unassigned_area,0,0.22,0,0.22
2523,2018-02,2017-02,12,0,True,0.0,master,valid_observed_phase_at_origin,ABCDE,calibration,3,-1,unassigned_nearest_donor_beyond_100km,pooled_unassigned_area,0,0.18,0,0.18
2524,2018-02,2017-02,12,0,True,0.0,master,valid_observed_phase_at_origin,ABCDE,calibration,3,-1,unassigned_nearest_donor_beyond_100km,pooled_unassigned_area,0,0.24,0,0.24
2525,2018-02,2017-02,12,0,True,0.0,master,valid_observed_phase_at_origin,ABCDE,calibration,3,-1,unassigned_nearest_donor_beyond_100km,pooled_unassigned_area,0,0.24,0,0.24
2526,2018-02,2017-02,12,0,True,0.0,master,valid_observed_phase_at_origin,ABCDE,calibration,3,-1,unassigned_nearest_donor_beyond_100km,pooled_unassigned_area,0,0.12,0,0.12
2527,2018-02,2017-02,12,0,True,0.0,master,valid_observed_phase_at_origin,ABCDE,calibration,3,-1,unassigned_nearest_donor_beyond_100km,pooled_unassigned_area,0,0.15,0,0.15
2528,2018-02,2017-02,12,0,True,0.0,master,valid_observed_phase_at_origin,ABCDE,calibration,3,-1,unassigned_nearest_donor_beyond_100km,pooled_unassigned_area,0,0.16,0,0.16
2529,2018-02,2017-02,12,0,True,0.0,master,valid_observed_phase_at_origin,ABCDE,calibration,3,-1,unassigned_nearest_donor_beyond_100km,pooled_unassigned_area,0,0.19,0,0.19
2530,2018-02,2017-02,12,1,True,0.0,master,valid_observed_phase_at_origin,ABCDE,calibration,3,-1,unassigned_nearest_donor_beyond_100km,pooled_unassigned_area,0,0.18,0,0.18
2531,2018-02,2017-02,12,0,True,0.0,master,valid_observed_phase_at_origin,ABCDE,calibration,3,-1,unassigned_nearest_donor_beyond_100km,pooled_unassigned_area,0,0.16,0,0.16
2532,2018-02,2017-02,12,0,True,0.0,master,valid_observed_phase_at_origin,ABCDE,calibration,3,-1,unassigned_nearest_donor_beyond_100km,pooled_unassigned_area,0,0.18,0,0.18
2533,2018-02,2017-02,12,0,True,0.0,master,valid_observed_phase_at_origin,ABCDE,calibration,3,-1,unassigned_nearest_donor_beyond_100km,pooled_unassigned_area,0,0.17,0,0.17
2534,2018-02,2017-02,12,0,True,0.0,master,valid_observed_phase_at_origin,ABCDE,calibration,3,-1,unassigned_nearest_donor_beyond_100km,pooled_unassigned_area,0,0.18,0,0.18
2535,2018-02,2017-02,12,0,True,0.0,master,valid_observed_phase_at_origin,ABCDE,calibration,3,-1,unassigned_nearest_donor_beyond_100km,pooled_unassigned_area,0,0.22,0,0.22
2536,2018-02,2017-02,12,0,True,0.0,master,valid_observed_phase_at_origin,ABCDE,calibration,3,-1,unassigned_nearest_donor_beyond_100km,pooled_unassigned_area,0,0.21,0,0.21
2537,2018-02,2017-02,12,0,True,0.0,master,valid_observed_phase_at_origin,ABCDE,calibration,3,-1,unassigned_nearest_donor_beyond_100km,pooled_unassigned_area,0,0.16,0,0.16
2538,2018-02,2017-02,12,0,True,0.0,master,valid_observed_phase_at_origin,ABCDE,calibration,3,-1,unassigned_nearest_donor_beyond_100km,pooled_unassigned_area,0,0.19,0,0.19
2539,2018-02,2017-02,12,0,True,0.0,master,valid_observed_phase_at_origin,ABCDE,calibration,3,-1,unassigned_nearest_donor_beyond_100km,pooled_unassigned_area,0,0.17,0,0.17
2540,2018-02,2017-02,12,0,True,0.0,master,valid_observed_phase_at_origin,ABCDE,calibration,3,-1,unassigned_nearest_donor_beyond_100km,pooled_unassigned_area,0,0.22,0,0.22
2541,2018-02,2017-02,12,0,True,0.0,master,valid_observed_phase_at_origin,ABCDE,calibration,3,-1,unassigned_nearest_donor_beyond_100km,pooled_unassigned_area,0,0.2,0,0.2
2542,2018-02,2017-02,12,0,True,0.0,master,valid_observed_phase_at_origin,ABCDE,calibration,3,-1,unassigned_nearest_donor_beyond_100km,pooled_unassigned_area,0,0.17,0,0.17
2543,2018-02,2017-02,12,0,True,0.0,master,valid_observed_phase_at_origin,ABCDE,calibration,3,-1,unassigned_nearest_donor_beyond_100km,pooled_unassigned_area,0,0.16,0,0.16
2544,2018-02,2017-02,12,0,True,0.0,master,valid_observed_phase_at_origin,ABCDE,calibration,3,-1,unassigned_nearest_donor_beyond_100km,pooled_unassigned_area,0,0.11,0,0.11
2545,2018-02,2017-02,12,0,True,0.0,master,valid_observed_phase_at_origin,ABCDE,calibration,3,-1,unassigned_nearest_donor_beyond_100km,pooled_unassigned_area,0,0.13,0,0.13
2546,2018-02,2017-02,12,0,True,0.0,master,valid_observed_phase_at_origin,ABCDE,calibration,3,-1,unassigned_nearest_donor_beyond_100km,pooled_unassigned_area,0,0.12,0,0.12
2547,2018-02,2017-02,12,0,True,0.0,master,valid_observed_phase_at_origin,ABCDE,calibration,3,-1,unassigned_nearest_donor_beyond_100km,pooled_unassigned_area,0,0.25,0,0.25
2548,2018-02,2017-02,12,0,True,0.0,master,valid_observed_phase_at_origin,ABCDE,calibration,3,-1,unassigned_nearest_donor_beyond_100km,pooled_unassigned_area,0,0.12,0,0.12
2549,2018-02,2017-02,12,0,True,0.0,master,valid_observed_phase_at_origin,ABCDE,calibration,3,-1,unassigned_nearest_donor_beyond_100km,pooled_unassigned_area,0,0.19,0,0.19
2550,2018-02,2017-02,12,0,True,0.0,master,valid_observed_phase_at_origin,ABCDE,calibration,3,-1,unassigned_nearest_donor_beyond_100km,pooled_unassigned_area,0,0.1,0,0.1
2551,2018-02,2017-02,12,0,True,0.0,master,valid_observed_phase_at_origin,ABCDE,calibration,3,-1,unassigned_nearest_donor_beyond_100km,pooled_unassigned_area,0,0.16,0,0.16
2552,2018-02,2017-02,12,0,True,0.0,master,valid_observed_phase_at_origin,ABCDE,calibration,3,-1,unassigned_nearest_donor_beyond_100km,pooled_unassigned_area,0,0.09,0,0.09
2553,2018-02,2017-02,12,0,True,0.0,master,valid_observed_phase_at_origin,ABCDE,calibration,3,-1,unassigned_nearest_donor_beyond_100km,pooled_unassigned_area,0,0.19,0,0.19
2554,2018-02,2017-02,12,0,True,0.0,master,valid_observed_phase_at_origin,ABCDE,calibration,3,-1,unassigned_nearest_donor_beyond_100km,pooled_unassigned_area,0,0.21,0,0.21
2555,2018-02,2017-02,12,0,True,0.0,master,valid_observed_phase_at_origin,ABCDE,calibration,3,-1,unassigned_nearest_donor_beyond_100km,pooled_unassigned_area,0,0.2,0,0.2
2556,2018-02,2017-02,12,0,True,0.0,master,valid_observed_phase_at_origin,ABCDE,calibration,3,-1,unassigned_nearest_donor_beyond_100km,pooled_unassigned_area,0,0.24,0,0.24
2557,2018-02,2017-02,12,0,True,0.0,master,valid_observed_phase_at_origin,ABCDE,calibration,3,-1,unassigned_nearest_donor_beyond_100km,pooled_unassigned_area,0,0.2,0,0.2
2558,2018-02,2017-02,12,0,True,0.0,master,valid_observed_phase_at_origin,ABCDE,calibration,3,-1,unassigned_nearest_donor_beyond_100km,pooled_unassigned_area,0,0.14,0,0.14
2559,2018-02,2017-02,12,0,True,0.0,master,valid_observed_phase_at_origin,ABCDE,calibration,3,-1,unassigned_nearest_donor_beyond_100km,pooled_unassigned_area,0,0.17,0,0.17
2560,2018-02,2017-02,12,0,True,0.0,master,valid_observed_phase_at_origin,ABCDE,calibration,3,-1,unassigned_nearest_donor_beyond_100km,pooled_unassigned_area,0,0.14,0,0.14
2561,2018-02,2017-02,12,0,True,0.0,master,valid_observed_phase_at_origin,ABCDE,calibration,3,-1,unassigned_nearest_donor_beyond_100km,pooled_unassigned_area,0,0.08,0,0.08
2562,2018-02,2017-02,12,0,True,0.0,master,valid_observed_phase_at_origin,ABCDE,calibration,3,-1,unassigned_nearest_donor_beyond_100km,pooled_unassigned_area,0,0.11,0,0.11
2563,2018-02,2017-02,12,0,True,0.0,master,valid_observed_phase_at_origin,ABCDE,calibration,3,-1,unassigned_nearest_donor_beyond_100km,pooled_unassigned_area,0,0.11,0,0.11
2564,2018-02,2017-02,12,0,True,0.0,master,valid_observed_phase_at_origin,ABCDE,calibration,3,-1,unassigned_nearest_donor_beyond_100km,pooled_unassigned_area,0,0.12,0,0.12
2565,2018-02,2017-02,12,0,True,0.0,master,valid_observed_phase_at_origin,ABCDE,calibration,3,-1,unassigned_nearest_donor_beyond_100km,pooled_unassigned_area,0,0.24,0,0.24
2566,2018-02,2017-02,12,0,True,0.0,master,valid_observed_phase_at_origin,ABCDE,calibration,3,-1,unassigned_nearest_donor_beyond_100km,pooled_unassigned_area,0,0.1,0,0.1
2567,2018-02,2017-02,12,0,True,0.0,master,valid_observed_phase_at_origin,ABCDE,calibration,3,-1,unassigned_nearest_donor_beyond_100km,pooled_unassigned_area,0,0.11,0,0.11
2568,2018-02,2017-02,12,0,True,0.0,master,valid_observed_phase_at_origin,ABCDE,calibration,3,-1,unassigned_nearest_donor_beyond_100km,pooled_unassigned_area,0,0.26,0,0.26
2569,2018-02,2017-02,12,1,True,0.0,master,valid_observed_phase_at_origin,ABCDE,calibration,3,-1,unassigned_nearest_donor_beyond_100km,pooled_unassigned_area,0,0.12,0,0.12
2570,2018-02,2017-02,12,0,True,0.0,master,valid_observed_phase_at_origin,ABCDE,calibration,3,-1,unassigned_nearest_donor_beyond_100km,pooled_unassigned_area,0,0.17,0,0.17
2571,2018-02,2017-02,12,0,True,0.0,master,valid_observed_phase_at_origin,ABCDE,calibration,3,-1,unassigned_nearest_donor_beyond_100km,pooled_unassigned_area,0,0.12,0,0.12
2572,2018-02,2017-02,12,1,True,0.0,master,valid_observed_phase_at_origin,ABCDE,calibration,3,-1,unassigned_nearest_donor_beyond_100km,pooled_unassigned_area,0,0.17,0,0.17
2573,2018-02,2017-02,12,1,True,0.0,master,valid_observed_phase_at_origin,ABCDE,calibration,3,-1,unassigned_nearest_donor_beyond_100km,pooled_unassigned_area,0,0.12,0,0.12
2574,2018-02,2017-02,12,0,True,0.0,master,valid_observed_phase_at_origin,ABCDE,calibration,3,-1,unassigned_nearest_donor_beyond_100km,pooled_unassigned_area,0,0.15,0,0.15
2575,2018-02,2017-02,12,0,True,0.0,master,valid_observed_phase_at_origin,ABCDE,calibration,3,-1,unassigned_nearest_donor_beyond_100km,pooled_unassigned_area,0,0.1,0,0.1
2576,2018-02,2017-02,12,0,True,0.0,master,valid_observed_phase_at_origin,ABCDE,calibration,3,-1,unassigned_nearest_donor_beyond_100km,pooled_unassigned_area,0,0.11,0,0.11
2577,2018-02,2017-02,12,0,True,0.0,master,valid_observed_phase_at_origin,ABCDE,calibration,3,-1,unassigned_nearest_donor_beyond_100km,pooled_unassigned_area,0,0.1,0,0.1
2578,2018-02,2017-02,12,0,True,0.0,master,valid_observed_phase_at_origin,ABCDE,calibration,3,-1,unassigned_nearest_donor_beyond_100km,pooled_unassigned_area,0,0.23,0,0.23
2579,2018-02,2017-02,12,1,True,0.0,master,valid_observed_phase_at_origin,ABCDE,calibration,3,-1,unassigned_nearest_donor_beyond_100km,pooled_unassigned_area,0,0.14,0,0.14
2580,2018-02,2017-02,12,0,True,0.0,master,valid_observed_phase_at_origin,ABCDE,calibration,3,-1,unassigned_nearest_donor_beyond_100km,pooled_unassigned_area,0,0.09,0,0.09
2581,2018-02,2017-02,12,0,True,0.0,master,valid_observed_phase_at_origin,ABCDE,calibration,3,-1,unassigned_nearest_donor_beyond_100km,pooled_unassigned_area,0,0.1,0,0.1
2582,2018-02,2017-02,12,0,True,0.0,master,valid_observed_phase_at_origin,ABCDE,calibration,3,-1,unassigned_nearest_donor_beyond_100km,pooled_unassigned_area,0,0.1,0,0.1
2583,2018-02,2017-02,12,0,True,0.0,master,valid_observed_phase_at_origin,ABCDE,calibration,3,-1,unassigned_nearest_donor_beyond_100km,pooled_unassigned_area,0,0.11,0,0.11
2584,2018-02,2017-02,12,0,True,0.0,master,valid_observed_phase_at_origin,ABCDE,calibration,3,-1,unassigned_nearest_donor_beyond_100km,pooled_unassigned_area,0,0.12,0,0.12
2585,2018-02,2017-02,12,0,True,0.0,master,valid_observed_phase_at_origin,ABCDE,calibration,3,-1,unassigned_nearest_donor_beyond_100km,pooled_unassigned_area,0,0.12,0,0.12
2586,2018-02,2017-02,12,0,True,0.0,master,valid_observed_phase_at_origin,ABCDE,calibration,3,-1,unassigned_nearest_donor_beyond_100km,pooled_unassigned_area,0,0.09,0,0.09
2587,2018-02,2017-02,12,0,True,0.0,master,valid_observed_phase_at_origin,ABCDE,calibration,3,-1,unassigned_nearest_donor_beyond_100km,pooled_unassigned_area,0,0.22,0,0.22
2588,2018-02,2017-02,12,0,True,0.0,master,valid_observed_phase_at_origin,ABCDE,calibration,3,-1,unassigned_nearest_donor_beyond_100km,pooled_unassigned_area,0,0.14,0,0.14
2589,2018-02,2017-02,12,0,True,0.0,master,valid_observed_phase_at_origin,ABCDE,calibration,3,-1,unassigned_nearest_donor_beyond_100km,pooled_unassigned_area,0,0.17,0,0.17
2590,2018-02,2017-02,12,0,True,0.0,master,valid_observed_phase_at_origin,ABCDE,calibration,3,-1,unassigned_nearest_donor_beyond_100km,pooled_unassigned_area,0,0.16,0,0.16
2591,2018-02,2017-02,12,0,True,0.0,master,valid_observed_phase_at_origin,ABCDE,calibration,3,-1,unassigned_nearest_donor_beyond_100km,pooled_unassigned_area,0,0.13,0,0.13
2592,2018-02,2017-02,12,0,True,0.0,master,valid_observed_phase_at_origin,ABCDE,calibration,3,-1,unassigned_nearest_donor_beyond_100km,pooled_unassigned_area,0,0.14,0,0.14
2593,2018-02,2017-02,12,0,True,0.0,master,valid_observed_phase_at_origin,ABCDE,calibration,3,-1,unassigned_nearest_donor_beyond_100km,pooled_unassigned_area,0,0.14,0,0.14
2594,2018-02,2017-02,12,0,True,0.0,master,valid_observed_phase_at_origin,ABCDE,calibration,3,-1,unassigned_nearest_donor_beyond_100km,pooled_unassigned_area,0,0.16,0,0.16
2595,2018-02,2017-02,12,0,True,0.0,master,valid_observed_phase_at_origin,ABCDE,calibration,3,-1,unassigned_nearest_donor_beyond_100km,pooled_unassigned_area,0,0.12,0,0.12
2596,2018-02,2017-02,12,0,True,0.0,master,valid_observed_phase_at_origin,ABCDE,calibration,3,-1,unassigned_nearest_donor_beyond_100km,pooled_unassigned_area,0,0.14,0,0.14
2597,2018-02,2017-02,12,0,True,1.0,master,valid_observed_phase_at_origin,ABCDE,calibration,3,-1,unassigned_nearest_donor_beyond_100km,pooled_unassigned_area,0,0.31,0,0.31
2598,2018-02,2017-02,12,0,True,1.0,master,valid_observed_phase_at_origin,ABCDE,calibration,3,-1,unassigned_nearest_donor_beyond_100km,pooled_unassigned_area,0,0.29,0,0.29
2599,2018-02,2017-02,12,0,True,0.0,master,valid_observed_phase_at_origin,ABCDE,calibration,3,-1,unassigned_nearest_donor_beyond_100km,pooled_unassigned_area,0,0.15,0,0.15
2600,2018-02,2017-02,12,0,True,0.0,master,valid_observed_phase_at_origin,ABCDE,calibration,3,-1,unassigned_nearest_donor_beyond_100km,pooled_unassigned_area,0,0.18,0,0.18
2601,2018-02,2017-02,12,0,True,0.0,master,valid_observed_phase_at_origin,ABCDE,calibration,3,-1,unassigned_nearest_donor_beyond_100km,pooled_unassigned_area,0,0.14,0,0.14
2602,2018-02,2017-02,12,0,True,0.0,master,valid_observed_phase_at_origin,ABCDE,calibration,3,-1,unassigned_nearest_donor_beyond_100km,pooled_unassigned_area,0,0.22,0,0.22
2603,2018-02,2017-02,12,0,True,0.0,master,valid_observed_phase_at_origin,ABCDE,calibration,3,-1,unassigned_nearest_donor_beyond_100km,pooled_unassigned_area,0,0.18,0,0.18
2604,2018-02,2017-02,12,0,True,1.0,master,valid_observed_phase_at_origin,ABCDE,calibration,3,-1,unassigned_nearest_donor_beyond_100km,pooled_unassigned_area,0,0.26,0,0.26
2605,2018-02,2017-02,12,0,True,0.0,master,valid_observed_phase_at_origin,ABCDE,calibration,3,-1,unassigned_nearest_donor_beyond_100km,pooled_unassigned_area,0,0.19,0,0.19
2606,2018-02,2017-02,12,0,True,0.0,master,valid_observed_phase_at_origin,ABCDE,calibration,3,-1,unassigned_nearest_donor_beyond_100km,pooled_unassigned_area,0,0.13,0,0.13
2607,2018-02,2017-02,12,0,True,0.0,master,valid_observed_phase_at_origin,ABCDE,calibration,3,-1,unassigned_nearest_donor_beyond_100km,pooled_unassigned_area,0,0.17,0,0.17
2608,2018-02,2017-02,12,0,True,0.0,master,valid_observed_phase_at_origin,ABCDE,calibration,3,-1,unassigned_nearest_donor_beyond_100km,pooled_unassigned_area,0,0.14,0,0.14
2609,2018-02,2017-02,12,0,True,1.0,master,valid_observed_phase_at_origin,ABCDE,calibration,3,-1,unassigned_nearest_donor_beyond_100km,pooled_unassigned_area,0,0.26,0,0.26
2610,2018-02,2017-02,12,0,True,0.0,master,valid_observed_phase_at_origin,ABCDE,calibration,3,-1,unassigned_nearest_donor_beyond_100km,pooled_unassigned_area,0,0.27,0,0.27
2611,2018-02,2017-02,12,0,True,1.0,master,valid_observed_phase_at_origin,ABCDE,calibration,3,-1,unassigned_nearest_donor_beyond_100km,pooled_unassigned_area,0,0.29,0,0.29
2612,2018-02,2017-02,12,0,True,0.0,master,valid_observed_phase_at_origin,ABCDE,calibration,3,-1,unassigned_nearest_donor_beyond_100km,pooled_unassigned_area,0,0.12,0,0.12
2613,2018-02,2017-02,12,0,True,1.0,master,valid_observed_phase_at_origin,ABCDE,calibration,3,-1,unassigned_nearest_donor_beyond_100km,pooled_unassigned_area,0,0.2,0,0.2
2614,2018-02,2017-02,12,0,True,0.0,master,valid_observed_phase_at_origin,ABCDE,calibration,3,-1,unassigned_nearest_donor_beyond_100km,pooled_unassigned_area,0,0.2,0,0.2
2615,2018-02,2017-02,12,0,True,0.0,master,valid_observed_phase_at_origin,ABCDE,calibration,3,-1,unassigned_nearest_donor_beyond_100km,pooled_unassigned_area,0,0.17,0,0.17
2616,2018-02,2017-02,12,0,True,0.0,master,valid_observed_phase_at_origin,ABCDE,calibration,3,-1,unassigned_nearest_donor_beyond_100km,pooled_unassigned_area,0,0.15,0,0.15
2617,2018-02,2017-02,12,0,True,0.0,master,valid_observed_phase_at_origin,ABCDE,calibration,3,-1,unassigned_nearest_donor_beyond_100km,pooled_unassigned_area,0,0.05,0,0.05
2618,2018-02,2017-02,12,0,True,0.0,master,valid_observed_phase_at_origin,ABCDE,calibration,3,-1,unassigned_nearest_donor_beyond_100km,pooled_unassigned_area,0,0.13,0,0.13
2619,2018-02,2017-02,12,0,True,0.0,master,valid_observed_phase_at_origin,ABCDE,calibration,3,-1,unassigned_nearest_donor_beyond_100km,pooled_unassigned_area,0,0.1,0,0.1
2620,2018-02,2017-02,12,0,True,1.0,master,valid_observed_phase_at_origin,ABCDE,calibration,3,-1,unassigned_nearest_donor_beyond_100km,pooled_unassigned_area,0,0.19,0,0.19
2621,2018-02,2017-02,12,0,True,0.0,master,valid_observed_phase_at_origin,ABCDE,calibration,3,-1,unassigned_nearest_donor_beyond_100km,pooled_unassigned_area,0,0.09,0,0.09
2622,2018-02,2017-02,12,0,True,0.0,master,valid_observed_phase_at_origin,ABCDE,calibration,3,-1,unassigned_nearest_donor_beyond_100km,pooled_unassigned_area,0,0.19,0,0.19
2623,2018-02,2017-02,12,0,True,0.0,master,valid_observed_phase_at_origin,ABCDE,calibration,3,-1,unassigned_nearest_donor_beyond_100km,pooled_unassigned_area,0,0.2,0,0.2
2624,2018-02,2017-02,12,0,True,0.0,master,valid_observed_phase_at_origin,ABCDE,calibration,3,-1,unassigned_nearest_donor_beyond_100km,pooled_unassigned_area,0,0.13,0,0.13
2625,2018-02,2017-02,12,0,True,0.0,master,valid_observed_phase_at_origin,ABCDE,calibration,3,-1,unassigned_nearest_donor_beyond_100km,pooled_unassigned_area,0,0.08,0,0.08
2626,2018-02,2017-02,12,0,True,0.0,master,valid_observed_phase_at_origin,ABCDE,calibration,3,-1,unassigned_nearest_donor_beyond_100km,pooled_unassigned_area,0,0.1,0,0.1
2627,2018-02,2017-02,12,0,True,0.0,master,valid_observed_phase_at_origin,ABCDE,calibration,3,-1,unassigned_nearest_donor_beyond_100km,pooled_unassigned_area,0,0.18,0,0.18
2628,2018-02,2017-02,12,0,True,0.0,master,valid_observed_phase_at_origin,ABCDE,calibration,3,-1,unassigned_nearest_donor_beyond_100km,pooled_unassigned_area,0,0.17,0,0.17
2629,2018-02,2017-02,12,0,True,1.0,master,valid_observed_phase_at_origin,ABCDE,calibration,3,-1,unassigned_nearest_donor_beyond_100km,pooled_unassigned_area,0,0.23,0,0.23
2630,2018-02,2017-02,12,0,True,0.0,master,valid_observed_phase_at_origin,ABCDE,calibration,3,-1,unassigned_nearest_donor_beyond_100km,pooled_unassigned_area,0,0.21,0,0.21
2631,2018-02,2017-02,12,0,True,1.0,master,valid_observed_phase_at_origin,ABCDE,calibration,3,-1,unassigned_nearest_donor_beyond_100km,pooled_unassigned_area,0,0.28,0,0.28
2632,2018-02,2017-02,12,0,True,0.0,master,valid_observed_phase_at_origin,ABCDE,calibration,3,-1,unassigned_nearest_donor_beyond_100km,pooled_unassigned_area,0,0.11,0,0.11
2633,2018-02,2017-02,12,0,True,1.0,master,valid_observed_phase_at_origin,ABCDE,calibration,3,-1,unassigned_nearest_donor_beyond_100km,pooled_unassigned_area,0,0.25,0,0.25
2634,2018-02,2017-02,12,0,True,0.0,master,valid_observed_phase_at_origin,ABCDE,calibration,3,-1,unassigned_nearest_donor_beyond_100km,pooled_unassigned_area,0,0.05,0,0.05
2635,2018-02,2017-02,12,0,True,0.0,master,valid_observed_phase_at_origin,ABCDE,calibration,3,-1,unassigned_nearest_donor_beyond_100km,pooled_unassigned_area,0,0.11,0,0.11
2636,2018-02,2017-02,12,0,True,0.0,master,valid_observed_phase_at_origin,ABCDE,calibration,3,-1,unassigned_nearest_donor_beyond_100km,pooled_unassigned_area,0,0.21,0,0.21
2637,2018-02,2017-02,12,0,True,0.0,master,valid_observed_phase_at_origin,ABCDE,calibration,3,-1,unassigned_nearest_donor_beyond_100km,pooled_unassigned_area,0,0.19,0,0.19
2638,2018-02,2017-02,12,0,True,1.0,master,valid_observed_phase_at_origin,ABCDE,calibration,3,-1,unassigned_nearest_donor_beyond_100km,pooled_unassigned_area,0,0.29,0,0.29
2639,2018-02,2017-02,12,0,True,1.0,master,valid_observed_phase_at_origin,ABCDE,calibration,3,-1,unassigned_nearest_donor_beyond_100km,pooled_unassigned_area,0,0.21,0,0.21
2640,2018-02,2017-02,12,0,True,0.0,master,valid_observed_phase_at_origin,ABCDE,calibration,3,-1,unassigned_nearest_donor_beyond_100km,pooled_unassigned_area,0,0.12,0,0.12
2641,2018-02,2017-02,12,0,True,0.0,master,valid_observed_phase_at_origin,ABCDE,calibration,3,-1,unassigned_nearest_donor_beyond_100km,pooled_unassigned_area,0,0.07,0,0.07
2642,2018-02,2017-02,12,0,True,1.0,master,valid_observed_phase_at_origin,ABCDE,calibration,3,-1,unassigned_nearest_donor_beyond_100km,pooled_unassigned_area,0,0.23,0,0.23
2643,2018-02,2017-02,12,0,True,0.0,master,valid_observed_phase_at_origin,ABCDE,calibration,3,-1,unassigned_nearest_donor_beyond_100km,pooled_unassigned_area,0,0.17,0,0.17
2644,2018-02,2017-02,12,0,True,0.0,master,valid_observed_phase_at_origin,ABCDE,calibration,3,-1,unassigned_nearest_donor_beyond_100km,pooled_unassigned_area,0,0.2,0,0.2
2645,2018-02,2017-02,12,0,True,0.0,master,valid_observed_phase_at_origin,ABCDE,calibration,3,-1,unassigned_nearest_donor_beyond_100km,pooled_unassigned_area,0,0.18,0,0.18
2646,2018-02,2017-02,12,0,True,1.0,master,valid_observed_phase_at_origin,ABCDE,calibration,3,-1,unassigned_nearest_donor_beyond_100km,pooled_unassigned_area,0,0.29,0,0.29
2647,2018-02,2017-02,12,0,True,1.0,master,valid_observed_phase_at_origin,ABCDE,calibration,3,-1,unassigned_nearest_donor_beyond_100km,pooled_unassigned_area,0,0.29,0,0.29
2648,2018-02,2017-02,12,0,True,0.0,master,valid_observed_phase_at_origin,ABCDE,calibration,3,-1,unassigned_nearest_donor_beyond_100km,pooled_unassigned_area,0,0.19,0,0.19
2649,2018-02,2017-02,12,0,True,0.0,master,valid_observed_phase_at_origin,ABCDE,calibration,3,-1,unassigned_nearest_donor_beyond_100km,pooled_unassigned_area,0,0.27,0,0.27
2650,2018-02,2017-02,12,0,True,1.0,master,valid_observed_phase_at_origin,ABCDE,calibration,3,-1,unassigned_nearest_donor_beyond_100km,pooled_unassigned_area,0,0.25,0,0.25
2651,2018-02,2017-02,12,0,True,1.0,master,valid_observed_phase_at_origin,ABCDE,calibration,3,-1,unassigned_nearest_donor_beyond_100km,pooled_unassigned_area,0,0.16,0,0.16
2652,2018-02,2017-02,12,0,True,1.0,master,valid_observed_phase_at_origin,ABCDE,calibration,3,-1,unassigned_nearest_donor_beyond_100km,pooled_unassigned_area,0,0.27,0,0.27
2653,2018-02,2017-02,12,0,True,1.0,master,valid_observed_phase_at_origin,ABCDE,calibration,3,-1,unassigned_nearest_donor_beyond_100km,pooled_unassigned_area,0,0.27,0,0.27
2654,2018-02,2017-02,12,0,True,0.0,master,valid_observed_phase_at_origin,ABCDE,calibration,3,-1,unassigned_nearest_donor_beyond_100km,pooled_unassigned_area,0,0.21,0,0.21
2655,2018-02,2017-02,12,0,True,1.0,master,valid_observed_phase_at_origin,ABCDE,calibration,3,-1,unassigned_nearest_donor_beyond_100km,pooled_unassigned_area,0,0.28,0,0.28
2656,2018-02,2017-02,12,0,True,0.0,master,valid_observed_phase_at_origin,ABCDE,calibration,3,-1,unassigned_nearest_donor_beyond_100km,pooled_unassigned_area,0,0.13,0,0.13
2657,2018-02,2017-02,12,0,True,0.0,master,valid_observed_phase_at_origin,ABCDE,calibration,3,-1,unassigned_nearest_donor_beyond_100km,pooled_unassigned_area,0,0.24,0,0.24
2658,2018-02,2017-02,12,0,True,0.0,master,valid_observed_phase_at_origin,ABCDE,calibration,3,-1,unassigned_nearest_donor_beyond_100km,pooled_unassigned_area,0,0.24,0,0.24
2659,2018-02,2017-02,12,0,True,1.0,master,valid_observed_phase_at_origin,ABCDE,calibration,3,-1,unassigned_nearest_donor_beyond_100km,pooled_unassigned_area,0,0.19,0,0.19
2660,2018-02,2017-02,12,0,True,1.0,master,valid_observed_phase_at_origin,ABCDE,calibration,3,-1,unassigned_nearest_donor_beyond_100km,pooled_unassigned_area,0,0.24,0,0.24
2661,2018-02,2017-02,12,0,True,1.0,master,valid_observed_phase_at_origin,ABCDE,calibration,3,-1,unassigned_nearest_donor_beyond_100km,pooled_unassigned_area,0,0.25,0,0.25
2662,2018-02,2017-02,12,0,True,1.0,master,valid_observed_phase_at_origin,ABCDE,calibration,3,-1,unassigned_nearest_donor_beyond_100km,pooled_unassigned_area,0,0.26,0,0.26
2663,2018-02,2017-02,12,0,True,1.0,master,valid_observed_phase_at_origin,ABCDE,calibration,3,-1,unassigned_nearest_donor_beyond_100km,pooled_unassigned_area,0,0.3,0,0.3
2664,2018-02,2017-02,12,0,True,1.0,master,valid_observed_phase_at_origin,ABCDE,calibration,3,-1,unassigned_nearest_donor_beyond_100km,pooled_unassigned_area,0,0.2,0,0.2
2665,2018-02,2017-02,12,0,True,1.0,master,valid_observed_phase_at_origin,ABCDE,calibration,3,-1,unassigned_nearest_donor_beyond_100km,pooled_unassigned_area,0,0.27,0,0.27
2666,2018-02,2017-02,12,0,True,1.0,master,valid_observed_phase_at_origin,ABCDE,calibration,3,-1,unassigned_nearest_donor_beyond_100km,pooled_unassigned_area,0,0.29,0,0.29
2667,2018-02,2017-02,12,0,True,0.0,master,valid_observed_phase_at_origin,ABCDE,calibration,3,-1,unassigned_nearest_donor_beyond_100km,pooled_unassigned_area,0,0.11,0,0.11
2668,2018-02,2017-02,12,0,True,0.0,master,valid_observed_phase_at_origin,ABCDE,calibration,3,-1,unassigned_nearest_donor_beyond_100km,pooled_unassigned_area,0,0.18,0,0.18
2669,2018-02,2017-02,12,0,True,0.0,master,valid_observed_phase_at_origin,ABCDE,calibration,3,-1,unassigned_nearest_donor_beyond_100km,pooled_unassigned_area,0,0.11,0,0.11
2670,2018-02,2017-02,12,0,True,0.0,master,valid_observed_phase_at_origin,ABCDE,calibration,3,-1,unassigned_nearest_donor_beyond_100km,pooled_unassigned_area,0,0.05,0,0.05
2671,2018-02,2017-02,12,0,True,0.0,master,valid_observed_phase_at_origin,ABCDE,calibration,3,-1,unassigned_nearest_donor_beyond_100km,pooled_unassigned_area,0,0.17,0,0.17
2672,2018-02,2017-02,12,0,True,0.0,master,valid_observed_phase_at_origin,ABCDE,calibration,3,-1,unassigned_nearest_donor_beyond_100km,pooled_unassigned_area,0,0.12,0,0.12
2673,2018-02,2017-02,12,0,True,0.0,master,valid_observed_phase_at_origin,ABCDE,calibration,3,-1,unassigned_nearest_donor_beyond_100km,pooled_unassigned_area,0,0.1,0,0.1
2674,2018-02,2017-02,12,0,True,0.0,master,valid_observed_phase_at_origin,ABCDE,calibration,3,-1,unassigned_nearest_donor_beyond_100km,pooled_unassigned_area,0,0.12,0,0.12
2675,2018-02,2017-02,12,0,True,0.0,master,valid_observed_phase_at_origin,ABCDE,calibration,3,-1,unassigned_nearest_donor_beyond_100km,pooled_unassigned_area,0,0.09,0,0.09
2676,2018-02,2017-02,12,0,True,0.0,master,valid_observed_phase_at_origin,ABCDE,calibration,3,-1,unassigned_nearest_donor_beyond_100km,pooled_unassigned_area,0,0.22,0,0.22
2677,2018-02,2017-02,12,0,True,0.0,master,valid_observed_phase_at_origin,ABCDE,calibration,3,-1,unassigned_nearest_donor_beyond_100km,pooled_unassigned_area,0,0.1,0,0.1
2678,2018-02,2017-02,12,0,True,0.0,master,valid_observed_phase_at_origin,ABCDE,calibration,3,-1,unassigned_nearest_donor_beyond_100km,pooled_unassigned_area,0,0.08,0,0.08
2679,2018-02,2017-02,12,0,True,0.0,master,valid_observed_phase_at_origin,ABCDE,calibration,3,3,spectral_core,local_partition_rf,0,0.06,0,0.07
2680,2018-02,2017-02,12,0,True,0.0,master,valid_observed_phase_at_origin,ABCDE,calibration,3,3,spectral_core,local_partition_rf,0,0.03,0,0.08
2681,2018-02,2017-02,12,0,True,0.0,master,valid_observed_phase_at_origin,ABCDE,calibration,3,3,spectral_core,local_partition_rf,0,0.03,0,0.07
2682,2018-02,2017-02,12,0,True,0.0,master,valid_observed_phase_at_origin,ABCDE,calibration,3,3,spectral_core,local_partition_rf,0,0.11,0,0.11
2683,2018-02,2017-02,12,0,True,0.0,master,valid_observed_phase_at_origin,ABCDE,calibration,3,3,spectral_core,local_partition_rf,0,0.1,0,0.09
2684,2018-02,2017-02,12,0,True,0.0,master,valid_observed_phase_at_origin,ABCDE,calibration,3,3,spectral_core,local_partition_rf,0,0.13,0,0.11
2685,2018-02,2017-02,12,0,True,0.0,master,valid_observed_phase_at_origin,ABCDE,calibration,3,3,spectral_core,local_partition_rf,0,0.12,0,0.11
2686,2018-02,2017-02,12,0,True,0.0,master,valid_observed_phase_at_origin,ABCDE,calibration,3,3,spectral_core,local_partition_rf,0,0.11,0,0.16
2687,2018-02,2017-02,12,0,True,0.0,master,valid_observed_phase_at_origin,ABCDE,calibration,3,3,spectral_core,local_partition_rf,0,0.17,0,0.11
2688,2018-02,2017-02,12,0,True,0.0,master,valid_observed_phase_at_origin,ABCDE,calibration,3,3,spectral_core,local_partition_rf,0,0.11,0,0.16
2689,2018-02,2017-02,12,0,True,0.0,master,valid_observed_phase_at_origin,ABCDE,calibration,3,3,spectral_core,local_partition_rf,0,0.01,0,0.06
2690,2018-02,2017-02,12,0,True,0.0,master,valid_observed_phase_at_origin,ABCDE,calibration,3,3,spectral_core,local_partition_rf,0,0.02,0,0.09
2691,2018-02,2017-02,12,0,True,0.0,master,valid_observed_phase_at_origin,ABCDE,calibration,3,3,spectral_core,local_partition_rf,0,0.04,0,0.07
2692,2018-02,2017-02,12,0,True,0.0,master,valid_observed_phase_at_origin,ABCDE,calibration,3,3,spectral_core,local_partition_rf,0,0.02,0,0.07
2693,2018-02,2017-02,12,0,True,0.0,master,valid_observed_phase_at_origin,ABCDE,calibration,3,3,spectral_core,local_partition_rf,0,0.03,0,0.07
2694,2018-02,2017-02,12,0,True,0.0,master,valid_observed_phase_at_origin,ABCDE,calibration,3,3,spectral_core,local_partition_rf,0,0.04,0,0.08
2695,2018-02,2017-02,12,0,True,0.0,master,valid_observed_phase_at_origin,ABCDE,calibration,3,3,spectral_core,local_partition_rf,0,0.05,0,0.07
2696,2018-02,2017-02,12,0,True,0.0,master,valid_observed_phase_at_origin,ABCDE,calibration,3,3,spectral_core,local_partition_rf,0,0.12,0,0.11
2697,2018-02,2017-02,12,0,True,0.0,master,valid_observed_phase_at_origin,ABCDE,calibration,3,3,spectral_core,local_partition_rf,0,0.01,0,0.04
2698,2018-02,2017-02,12,0,True,0.0,master,valid_observed_phase_at_origin,ABCDE,calibration,3,3,spectral_core,local_partition_rf,0,0.04,0,0.06
2699,2018-02,2017-02,12,0,True,0.0,master,valid_observed_phase_at_origin,ABCDE,calibration,3,3,spectral_core,local_partition_rf,0,0.11,0,0.08
2700,2018-02,2017-02,12,0,True,0.0,master,valid_observed_phase_at_origin,ABCDE,calibration,3,3,spectral_core,local_partition_rf,0,0.04,0,0.1
2701,2018-02,2017-02,12,0,True,0.0,master,valid_observed_phase_at_origin,ABCDE,calibration,3,3,spectral_core,local_partition_rf,0,0.05,0,0.09
2702,2018-02,2017-02,12,0,True,0.0,master,valid_observed_phase_at_origin,ABCDE,calibration,3,3,spectral_core,local_partition_rf,0,0.13,0,0.13
2703,2018-02,2017-02,12,0,True,0.0,master,valid_observed_phase_at_origin,ABCDE,calibration,3,3,spectral_core,local_partition_rf,0,0.04,0,0.06
2704,2018-02,2017-02,12,0,True,0.0,master,valid_observed_phase_at_origin,ABCDE,calibration,3,3,spectral_core,local_partition_rf,0,0.02,0,0.07
2705,2018-02,2017-02,12,0,True,0.0,master,valid_observed_phase_at_origin,ABCDE,calibration,3,3,spectral_core,local_partition_rf,0,0.03,0,0.06
2706,2018-02,2017-02,12,0,True,0.0,master,valid_observed_phase_at_origin,ABCDE,calibration,3,3,spectral_core,local_partition_rf,0,0.07,0,0.08
2707,2018-02,2017-02,12,0,True,0.0,master,valid_observed_phase_at_origin,ABCDE,calibration,3,3,spectral_core,local_partition_rf,0,0.04,0,0.07
2708,2018-02,2017-02,12,0,True,0.0,master,valid_observed_phase_at_origin,ABCDE,calibration,3,3,spectral_core,local_partition_rf,0,0.07,0,0.07
2709,2018-02,2017-02,12,0,True,0.0,master,valid_observed_phase_at_origin,ABCDE,calibration,3,3,spectral_core,local_partition_rf,0,0.02,0,0.06
2710,2018-02,2017-02,12,0,True,0.0,master,valid_observed_phase_at_origin,ABCDE,calibration,3,3,spectral_core,local_partition_rf,0,0.05,0,0.12
2711,2018-02,2017-02,12,0,True,0.0,master,valid_observed_phase_at_origin,ABCDE,calibration,3,3,spectral_core,local_partition_rf,0,0.06,0,0.1
2712,2018-02,2017-02,12,0,True,0.0,master,valid_observed_phase_at_origin,ABCDE,calibration,3,3,spectral_core,local_partition_rf,0,0.08,0,0.12
2713,2018-02,2017-02,12,0,True,0.0,master,valid_observed_phase_at_origin,ABCDE,calibration,3,3,spectral_core,local_partition_rf,0,0.01,0,0.09
2714,2018-02,2017-02,12,0,True,0.0,master,valid_observed_phase_at_origin,ABCDE,calibration,3,3,spectral_core,local_partition_rf,0,0.03,0,0.11
2715,2018-02,2017-02,12,0,True,0.0,master,valid_observed_phase_at_origin,ABCDE,calibration,3,3,spectral_core,local_partition_rf,0,0.02,0,0.1
2716,2018-02,2017-02,12,0,True,0.0,master,valid_observed_phase_at_origin,ABCDE,calibration,3,3,spectral_core,local_partition_rf,0,0.16,0,0.12
2717,2018-02,2017-02,12,0,True,0.0,master,valid_observed_phase_at_origin,ABCDE,calibration,3,3,spectral_core,local_partition_rf,0,0.04,0,0.07
2718,2018-02,2017-02,12,0,True,0.0,master,valid_observed_phase_at_origin,ABCDE,calibration,3,3,spectral_core,local_partition_rf,0,0.06,0,0.02
2719,2018-02,2017-02,12,0,True,0.0,master,valid_observed_phase_at_origin,ABCDE,calibration,3,3,spectral_core,local_partition_rf,0,0.08,0,0.11
2720,2018-02,2017-02,12,0,True,0.0,master,valid_observed_phase_at_origin,ABCDE,calibration,3,3,spectral_core,local_partition_rf,0,0.17,0,0.15
2721,2018-02,2017-02,12,0,True,0.0,master,valid_observed_phase_at_origin,ABCDE,calibration,3,3,spectral_core,local_partition_rf,0,0.02,0,0.05
2722,2018-02,2017-02,12,0,True,0.0,master,valid_observed_phase_at_origin,ABCDE,calibration,3,3,spectral_core,local_partition_rf,0,0.03,0,0.04
2723,2018-02,2017-02,12,0,True,0.0,master,valid_observed_phase_at_origin,ABCDE,calibration,3,3,spectral_core,local_partition_rf,0,0.09,0,0.08
2724,2018-02,2017-02,12,0,True,0.0,master,valid_observed_phase_at_origin,ABCDE,calibration,3,3,spectral_core,local_partition_rf,0,0.04,0,0.03
2725,2018-02,2017-02,12,0,True,0.0,master,valid_observed_phase_at_origin,ABCDE,calibration,3,3,spectral_core,local_partition_rf,0,0.04,0,0.04
2726,2018-02,2017-02,12,0,True,0.0,master,valid_observed_phase_at_origin,ABCDE,calibration,3,3,spectral_core,local_partition_rf,0,0.07,0,0.05
2727,2018-02,2017-02,12,0,True,0.0,master,valid_observed_phase_at_origin,ABCDE,calibration,3,3,spectral_core,local_partition_rf,0,0.07,0,0.04
2728,2018-02,2017-02,12,0,True,0.0,master,valid_observed_phase_at_origin,ABCDE,calibration,3,3,spectral_core,local_partition_rf,0,0.05,0,0.09
2729,2018-02,2017-02,12,0,True,0.0,master,valid_observed_phase_at_origin,ABCDE,calibration,3,3,spectral_core,local_partition_rf,0,0.03,0,0.04
2730,2018-02,2017-02,12,0,True,0.0,master,valid_observed_phase_at_origin,ABCDE,calibration,3,3,spectral_core,local_partition_rf,0,0.04,0,0.04
2731,2018-02,2017-02,12,0,True,0.0,master,valid_observed_phase_at_origin,ABCDE,calibration,3,3,spectral_core,local_partition_rf,0,0.09,0,0.06
2732,2018-02,2017-02,12,0,True,0.0,master,valid_observed_phase_at_origin,ABCDE,calibration,3,3,spectral_core,local_partition_rf,0,0.02,0,0.04
2733,2018-02,2017-02,12,0,True,0.0,master,valid_observed_phase_at_origin,ABCDE,calibration,3,3,spectral_core,local_partition_rf,0,0.06,0,0.07
2734,2018-02,2017-02,12,0,True,0.0,master,valid_observed_phase_at_origin,ABCDE,calibration,3,3,spectral_core,local_partition_rf,0,0.11,0,0.11
2735,2018-02,2017-02,12,0,True,0.0,master,valid_observed_phase_at_origin,ABCDE,calibration,3,3,spectral_core,local_partition_rf,0,0.06,0,0.06
2736,2018-02,2017-02,12,0,True,0.0,master,valid_observed_phase_at_origin,ABCDE,calibration,3,3,spectral_core,local_partition_rf,0,0.03,0,0.06
2737,2018-02,2017-02,12,0,True,0.0,master,valid_observed_phase_at_origin,ABCDE,calibration,3,3,spectral_core,local_partition_rf,0,0.01,0,0.05
2738,2018-02,2017-02,12,0,True,0.0,master,valid_observed_phase_at_origin,ABCDE,calibration,3,3,spectral_core,local_partition_rf,0,0.12,0,0.1
2739,2018-02,2017-02,12,0,True,0.0,master,valid_observed_phase_at_origin,ABCDE,calibration,3,3,spectral_core,local_partition_rf,0,0.03,0,0.03
2740,2018-02,2017-02,12,0,True,0.0,master,valid_observed_phase_at_origin,ABCDE,calibration,3,3,spectral_core,local_partition_rf,0,0.02,0,0.06
2741,2018-02,2017-02,12,0,True,0.0,master,valid_observed_phase_at_origin,ABCDE,calibration,3,1,spectral_core,local_partition_rf,0,0.05,0,0.08
2742,2018-02,2017-02,12,0,True,0.0,master,valid_observed_phase_at_origin,ABCDE,calibration,3,1,spectral_core,local_partition_rf,0,0.05,0,0.1
2743,2018-02,2017-02,12,0,True,0.0,master,valid_observed_phase_at_origin,ABCDE,calibration,3,3,spectral_core,local_partition_rf,0,0.12,0,0.12
2744,2018-02,2017-02,12,0,True,1.0,master,valid_observed_phase_at_origin,ABCDE,calibration,3,3,spectral_core,local_partition_rf,0,0.27,0,0.21
2745,2018-02,2017-02,12,0,True,1.0,master,valid_observed_phase_at_origin,ABCDE,calibration,3,3,spectral_core,local_partition_rf,0,0.23,0,0.28
2746,2018-02,2017-02,12,0,True,0.0,master,valid_observed_phase_at_origin,ABCDE,calibration,3,3,spectral_core,local_partition_rf,0,0.1,0,0.12
2747,2018-02,2017-02,12,0,True,0.0,master,valid_observed_phase_at_origin,ABCDE,calibration,3,3,spectral_core,local_partition_rf,0,0.13,0,0.14
2748,2018-02,2017-02,12,0,True,1.0,master,valid_observed_phase_at_origin,ABCDE,calibration,3,3,spectral_core,local_partition_rf,0,0.21,0,0.19
2749,2018-02,2017-02,12,0,True,0.0,master,valid_observed_phase_at_origin,ABCDE,calibration,3,3,spectral_core,local_partition_rf,0,0.19,0,0.12
2750,2018-02,2017-02,12,0,True,0.0,master,valid_observed_phase_at_origin,ABCDE,calibration,3,3,spectral_core,local_partition_rf,0,0.13,0,0.11
2751,2018-02,2017-02,12,0,True,0.0,master,valid_observed_phase_at_origin,ABCDE,calibration,3,3,spectral_core,local_partition_rf,0,0.11,0,0.08
2752,2018-02,2017-02,12,0,True,0.0,master,valid_observed_phase_at_origin,ABCDE,calibration,3,3,spectral_core,local_partition_rf,0,0.13,0,0.17
2753,2018-02,2017-02,12,0,True,0.0,master,valid_observed_phase_at_origin,ABCDE,calibration,3,3,spectral_core,local_partition_rf,0,0.07,0,0.08
2754,2018-02,2017-02,12,0,True,0.0,master,valid_observed_phase_at_origin,ABCDE,calibration,3,3,spectral_core,local_partition_rf,0,0.12,0,0.13
2755,2018-02,2017-02,12,0,True,0.0,master,valid_observed_phase_at_origin,ABCDE,calibration,3,3,spectral_core,local_partition_rf,0,0.14,0,0.11
2756,2018-02,2017-02,12,0,True,0.0,master,valid_observed_phase_at_origin,ABCDE,calibration,3,3,spectral_core,local_partition_rf,0,0.15,0,0.13
2757,2018-02,2017-02,12,0,True,0.0,master,valid_observed_phase_at_origin,ABCDE,calibration,3,3,spectral_core,local_partition_rf,0,0.12,0,0.07
2758,2018-02,2017-02,12,0,True,0.0,master,valid_observed_phase_at_origin,ABCDE,calibration,3,3,spectral_core,local_partition_rf,0,0.13,0,0.09
2759,2018-02,2017-02,12,0,True,0.0,master,valid_observed_phase_at_origin,ABCDE,calibration,3,3,spectral_core,local_partition_rf,0,0.11,0,0.11
2760,2018-02,2017-02,12,0,True,0.0,master,valid_observed_phase_at_origin,ABCDE,calibration,3,3,spectral_core,local_partition_rf,0,0.13,0,0.12
2761,2018-02,2017-02,12,0,True,0.0,master,valid_observed_phase_at_origin,ABCDE,calibration,3,3,spectral_core,local_partition_rf,0,0.12,0,0.13
2762,2018-02,2017-02,12,0,True,0.0,master,valid_observed_phase_at_origin,ABCDE,calibration,3,3,spectral_core,local_partition_rf,0,0.13,0,0.12
2763,2018-02,2017-02,12,0,True,0.0,master,valid_observed_phase_at_origin,ABCDE,calibration,3,3,spectral_core,local_partition_rf,0,0.11,0,0.11
2764,2018-02,2017-02,12,0,True,0.0,master,valid_observed_phase_at_origin,ABCDE,calibration,3,3,spectral_core,local_partition_rf,0,0.16,0,0.12
2765,2018-02,2017-02,12,0,True,0.0,master,valid_observed_phase_at_origin,ABCDE,calibration,3,3,spectral_core,local_partition_rf,0,0.15,0,0.12
2766,2018-02,2017-02,12,0,True,0.0,master,valid_observed_phase_at_origin,ABCDE,calibration,3,3,spectral_core,local_partition_rf,0,0.15,0,0.14
2767,2018-02,2017-02,12,0,True,1.0,master,valid_observed_phase_at_origin,ABCDE,calibration,3,1,spectral_core,local_partition_rf,0,0.04,0,0.22
2768,2018-02,2017-02,12,0,True,0.0,master,valid_observed_phase_at_origin,ABCDE,calibration,3,3,spectral_core,local_partition_rf,0,0.13,0,0.13
2769,2018-02,2017-02,12,0,True,1.0,master,valid_observed_phase_at_origin,ABCDE,calibration,3,1,spectral_core,local_partition_rf,0,0.03,0,0.23
2770,2018-02,2017-02,12,0,True,1.0,master,valid_observed_phase_at_origin,ABCDE,calibration,3,1,spectral_core,local_partition_rf,0,0.1,0,0.2
2771,2018-02,2017-02,12,0,True,0.0,master,valid_observed_phase_at_origin,ABCDE,calibration,3,1,spectral_core,local_partition_rf,0,0.06,0,0.11
2772,2018-02,2017-02,12,0,True,0.0,master,valid_observed_phase_at_origin,ABCDE,calibration,3,1,spectral_core,local_partition_rf,0,0.03,0,0.09
2773,2018-02,2017-02,12,0,True,0.0,master,valid_observed_phase_at_origin,ABCDE,calibration,3,1,spectral_core,local_partition_rf,0,0.03,0,0.09
2774,2018-02,2017-02,12,0,True,0.0,master,valid_observed_phase_at_origin,ABCDE,calibration,3,1,spectral_core,local_partition_rf,0,0.06,0,0.08
2775,2018-02,2017-02,12,0,True,0.0,master,valid_observed_phase_at_origin,ABCDE,calibration,3,1,spectral_core,local_partition_rf,0,0.03,0,0.08
2776,2018-02,2017-02,12,0,True,0.0,master,valid_observed_phase_at_origin,ABCDE,calibration,3,1,spectral_core,local_partition_rf,0,0.05,0,0.1
2777,2018-02,2017-02,12,0,True,0.0,master,valid_observed_phase_at_origin,ABCDE,calibration,3,1,spectral_core,local_partition_rf,0,0.08,0,0.11
2778,2018-02,2017-02,12,0,True,1.0,master,valid_observed_phase_at_origin,ABCDE,calibration,3,1,spectral_core,local_partition_rf,0,0.07,0,0.21
2779,2018-02,2017-02,12,0,True,0.0,master,valid_observed_phase_at_origin,ABCDE,calibration,3,1,spectral_core,local_partition_rf,0,0.04,0,0.12
2780,2018-02,2017-02,12,0,True,0.0,master,valid_observed_phase_at_origin,ABCDE,calibration,3,1,spectral_core,local_partition_rf,0,0.02,0,0.08
2781,2018-02,2017-02,12,0,True,0.0,master,valid_observed_phase_at_origin,ABCDE,calibration,3,1,spectral_core,local_partition_rf,0,0.07,0,0.09
2782,2018-02,2017-02,12,0,True,0.0,master,valid_observed_phase_at_origin,ABCDE,calibration,3,1,spectral_core,local_partition_rf,0,0.05,0,0.13
2783,2018-02,2017-02,12,0,True,0.0,master,valid_observed_phase_at_origin,ABCDE,calibration,3,1,spectral_core,local_partition_rf,0,0.04,0,0.08
2784,2018-02,2017-02,12,0,True,0.0,master,valid_observed_phase_at_origin,ABCDE,calibration,3,1,spectral_core,local_partition_rf,0,0.03,0,0.12
2785,2018-02,2017-02,12,0,True,0.0,master,valid_observed_phase_at_origin,ABCDE,calibration,3,1,spectral_core,local_partition_rf,0,0.05,0,0.07
2787,2018-02,2017-02,12,0,True,0.0,master,valid_observed_phase_at_origin,ABCDE,calibration,3,1,spectral_core,local_partition_rf,0,0.03,0,0.18
2788,2018-02,2017-02,12,0,True,0.0,master,valid_observed_phase_at_origin,ABCDE,calibration,3,1,spectral_core,local_partition_rf,0,0.05,0,0.11
2789,2018-02,2017-02,12,0,True,0.0,master,valid_observed_phase_at_origin,ABCDE,calibration,3,1,spectral_core,local_partition_rf,0,0.08,0,0.09
2790,2018-02,2017-02,12,1,True,1.0,master,valid_observed_phase_at_origin,ABCDE,calibration,3,3,spectral_core,local_partition_rf,0,0.26,0,0.3
2791,2018-02,2017-02,12,1,True,1.0,master,valid_observed_phase_at_origin,ABCDE,calibration,3,3,spectral_core,local_partition_rf,0,0.32,0,0.21
2792,2018-02,2017-02,12,0,True,0.0,master,valid_observed_phase_at_origin,ABCDE,calibration,3,3,spectral_core,local_partition_rf,0,0.22,0,0.18
2793,2018-02,2017-02,12,1,True,1.0,master,valid_observed_phase_at_origin,ABCDE,calibration,3,3,spectral_core,local_partition_rf,0,0.31,0,0.24
2794,2018-02,2017-02,12,1,True,1.0,master,valid_observed_phase_at_origin,ABCDE,calibration,3,3,spectral_core,local_partition_rf,0,0.24,0,0.24
2795,2018-02,2017-02,12,1,True,1.0,master,valid_observed_phase_at_origin,ABCDE,calibration,3,3,spectral_core,local_partition_rf,0,0.32,0,0.23
2796,2018-02,2017-02,12,0,True,1.0,master,valid_observed_phase_at_origin,ABCDE,calibration,3,3,spectral_core,local_partition_rf,0,0.22,0,0.24
2797,2018-02,2017-02,12,0,True,1.0,master,valid_observed_phase_at_origin,ABCDE,calibration,3,3,spectral_core,local_partition_rf,0,0.3,0,0.24
2798,2018-02,2017-02,12,1,True,1.0,master,valid_observed_phase_at_origin,ABCDE,calibration,3,3,spectral_core,local_partition_rf,0,0.32,0,0.23
2799,2018-02,2017-02,12,1,True,1.0,master,valid_observed_phase_at_origin,ABCDE,calibration,3,3,spectral_core,local_partition_rf,0,0.3,0,0.28
2800,2018-02,2017-02,12,1,True,1.0,master,valid_observed_phase_at_origin,ABCDE,calibration,3,3,spectral_core,local_partition_rf,0,0.29,0,0.27
2801,2018-02,2017-02,12,0,True,1.0,master,valid_observed_phase_at_origin,ABCDE,calibration,3,3,spectral_core,local_partition_rf,0,0.29,0,0.26
2802,2018-02,2017-02,12,1,True,1.0,master,valid_observed_phase_at_origin,ABCDE,calibration,3,3,spectral_core,local_partition_rf,0,0.32,0,0.3
2803,2018-02,2017-02,12,0,True,1.0,master,valid_observed_phase_at_origin,ABCDE,calibration,3,3,spectral_core,local_partition_rf,0,0.29,0,0.26
2804,2018-02,2017-02,12,1,True,0.0,master,valid_observed_phase_at_origin,ABCDE,calibration,3,3,spectral_core,local_partition_rf,0,0.22,0,0.23
2805,2018-02,2017-02,12,0,True,0.0,master,valid_observed_phase_at_origin,ABCDE,calibration,3,1,spectral_core,local_partition_rf,0,0.19,0,0.24
2806,2018-02,2017-02,12,1,True,0.0,master,valid_observed_phase_at_origin,ABCDE,calibration,3,3,spectral_core,local_partition_rf,0,0.24,0,0.13
2807,2018-02,2017-02,12,1,True,1.0,master,valid_observed_phase_at_origin,ABCDE,calibration,3,3,spectral_core,local_partition_rf,0,0.27,0,0.27
2808,2018-02,2017-02,12,1,True,1.0,master,valid_observed_phase_at_origin,ABCDE,calibration,3,3,spectral_core,local_partition_rf,0,0.29,0,0.24
2809,2018-02,2017-02,12,0,True,1.0,master,valid_observed_phase_at_origin,ABCDE,calibration,3,3,spectral_core,local_partition_rf,0,0.25,0,0.25
2810,2018-02,2017-02,12,0,True,0.0,master,valid_observed_phase_at_origin,ABCDE,calibration,3,1,spectral_core,local_partition_rf,0,0.18,0,0.22
2811,2018-02,2017-02,12,0,True,1.0,master,valid_observed_phase_at_origin,ABCDE,calibration,3,3,spectral_core,local_partition_rf,0,0.3,0,0.25
2812,2018-02,2017-02,12,1,True,0.0,master,valid_observed_phase_at_origin,ABCDE,calibration,3,3,spectral_core,local_partition_rf,0,0.19,0,0.21
2813,2018-02,2017-02,12,0,True,0.0,master,valid_observed_phase_at_origin,ABCDE,calibration,3,1,spectral_core,local_partition_rf,0,0.14,0,0.18
2814,2018-02,2017-02,12,0,True,0.0,master,valid_observed_phase_at_origin,ABCDE,calibration,3,1,spectral_core,local_partition_rf,0,0.14,0,0.11
2815,2018-02,2017-02,12,1,True,1.0,master,valid_observed_phase_at_origin,ABCDE,calibration,3,3,spectral_core,local_partition_rf,0,0.33,0,0.29
2816,2018-02,2017-02,12,1,True,1.0,master,valid_observed_phase_at_origin,ABCDE,calibration,3,3,spectral_core,local_partition_rf,0,0.31,0,0.28
2817,2018-02,2017-02,12,1,True,1.0,master,valid_observed_phase_at_origin,ABCDE,calibration,3,3,spectral_core,local_partition_rf,0,0.27,0,0.25
2818,2018-02,2017-02,12,1,True,1.0,master,valid_observed_phase_at_origin,ABCDE,calibration,3,3,spectral_core,local_partition_rf,0,0.28,0,0.21
2819,2018-02,2017-02,12,1,True,1.0,master,valid_observed_phase_at_origin,ABCDE,calibration,3,3,spectral_core,local_partition_rf,0,0.28,0,0.21
2820,2018-02,2017-02,12,1,True,0.0,master,valid_observed_phase_at_origin,ABCDE,calibration,3,1,spectral_core,local_partition_rf,0,0.19,0,0.23
2821,2018-02,2017-02,12,1,True,1.0,master,valid_observed_phase_at_origin,ABCDE,calibration,3,3,spectral_core,local_partition_rf,0,0.24,0,0.27
2822,2018-02,2017-02,12,0,True,1.0,master,valid_observed_phase_at_origin,ABCDE,calibration,3,3,spectral_core,local_partition_rf,0,0.31,0,0.25
2823,2018-02,2017-02,12,0,True,1.0,master,valid_observed_phase_at_origin,ABCDE,calibration,3,1,spectral_core,local_partition_rf,0,0.22,0,0.26
2824,2018-02,2017-02,12,0,True,1.0,master,valid_observed_phase_at_origin,ABCDE,calibration,3,3,spectral_core,local_partition_rf,0,0.28,0,0.32
2825,2018-02,2017-02,12,0,True,0.0,master,valid_observed_phase_at_origin,ABCDE,calibration,3,3,spectral_core,local_partition_rf,0,0.22,0,0.22
2826,2018-02,2017-02,12,1,True,0.0,master,valid_observed_phase_at_origin,ABCDE,calibration,3,3,spectral_core,local_partition_rf,0,0.29,0,0.13
2827,2018-02,2017-02,12,0,True,0.0,master,valid_observed_phase_at_origin,ABCDE,calibration,3,1,spectral_core,local_partition_rf,0,0.17,0,0.23
2828,2018-02,2017-02,12,0,True,1.0,master,valid_observed_phase_at_origin,ABCDE,calibration,3,1,spectral_core,local_partition_rf,0,0.13,0,0.25
2829,2018-02,2017-02,12,1,True,1.0,master,valid_observed_phase_at_origin,ABCDE,calibration,3,1,spectral_core,local_partition_rf,0,0.11,0,0.26
2830,2018-02,2017-02,12,1,True,0.0,master,valid_observed_phase_at_origin,ABCDE,calibration,3,1,spectral_core,local_partition_rf,0,0.1,0,0.13
2831,2018-02,2017-02,12,1,True,0.0,master,valid_observed_phase_at_origin,ABCDE,calibration,3,1,spectral_core,local_partition_rf,0,0.02,0,0.18
2832,2018-02,2017-02,12,1,True,0.0,master,valid_observed_phase_at_origin,ABCDE,calibration,3,3,spectral_core,local_partition_rf,0,0.18,0,0.15
2833,2018-02,2017-02,12,1,True,1.0,master,valid_observed_phase_at_origin,ABCDE,calibration,3,1,spectral_core,local_partition_rf,0,0.09,0,0.28
2834,2018-02,2017-02,12,1,True,1.0,master,valid_observed_phase_at_origin,ABCDE,calibration,3,1,spectral_core,local_partition_rf,0,0.07,0,0.21
2835,2018-02,2017-02,12,1,True,1.0,master,valid_observed_phase_at_origin,ABCDE,calibration,3,3,spectral_core,local_partition_rf,0,0.28,0,0.25
2836,2018-02,2017-02,12,0,True,1.0,master,valid_observed_phase_at_origin,ABCDE,calibration,3,1,spectral_core,local_partition_rf,0,0.1,0,0.23
2837,2018-02,2017-02,12,0,True,0.0,master,valid_observed_phase_at_origin,ABCDE,calibration,3,3,spectral_core,local_partition_rf,0,0.23,0,0.15
2838,2018-02,2017-02,12,0,True,0.0,master,valid_observed_phase_at_origin,ABCDE,calibration,3,1,spectral_core,local_partition_rf,0,0.04,0,0.07
2839,2018-02,2017-02,12,0,True,0.0,master,valid_observed_phase_at_origin,ABCDE,calibration,3,1,spectral_core,local_partition_rf,0,0.01,0,0.03
2840,2018-02,2017-02,12,0,True,0.0,master,valid_observed_phase_at_origin,ABCDE,calibration,3,1,spectral_core,local_partition_rf,0,0.02,0,0.07
2841,2018-02,2017-02,12,0,True,0.0,master,valid_observed_phase_at_origin,ABCDE,calibration,3,1,spectral_core,local_partition_rf,0,0.03,0,0.07
2842,2018-02,2017-02,12,0,True,0.0,master,valid_observed_phase_at_origin,ABCDE,calibration,3,1,spectral_core,local_partition_rf,0,0.04,0,0.04
2843,2018-02,2017-02,12,0,True,0.0,master,valid_observed_phase_at_origin,ABCDE,calibration,3,1,spectral_core,local_partition_rf,0,0.03,0,0.07
2844,2018-02,2017-02,12,0,True,0.0,master,valid_observed_phase_at_origin,ABCDE,calibration,3,1,spectral_core,local_partition_rf,0,0.04,0,0.05
2845,2018-02,2017-02,12,0,True,0.0,master,valid_observed_phase_at_origin,ABCDE,calibration,3,1,spectral_core,local_partition_rf,0,0.01,0,0.04
2846,2018-02,2017-02,12,0,True,0.0,master,valid_observed_phase_at_origin,ABCDE,calibration,3,1,spectral_core,local_partition_rf,0,0.06,0,0.09
2847,2018-02,2017-02,12,0,True,0.0,master,valid_observed_phase_at_origin,ABCDE,calibration,3,1,spectral_core,local_partition_rf,0,0.03,0,0.07
2848,2018-02,2017-02,12,0,True,0.0,master,valid_observed_phase_at_origin,ABCDE,calibration,3,1,spectral_core,local_partition_rf,0,0.03,0,0.03
2849,2018-02,2017-02,12,0,True,0.0,master,valid_observed_phase_at_origin,ABCDE,calibration,3,1,spectral_core,local_partition_rf,0,0.05,0,0.02
2850,2018-02,2017-02,12,0,True,0.0,master,valid_observed_phase_at_origin,ABCDE,calibration,3,1,spectral_core,local_partition_rf,0,0.02,0,0.06
2851,2018-02,2017-02,12,0,True,0.0,master,valid_observed_phase_at_origin,ABCDE,calibration,3,1,spectral_core,local_partition_rf,0,0.06,0,0.08
2852,2018-02,2017-02,12,0,True,0.0,master,valid_observed_phase_at_origin,ABCDE,calibration,3,1,spectral_core,local_partition_rf,0,0.04,0,0.04
2853,2018-02,2017-02,12,0,True,0.0,master,valid_observed_phase_at_origin,ABCDE,calibration,3,1,spectral_core,local_partition_rf,0,0.02,0,0.05
2854,2018-02,2017-02,12,0,True,1.0,master,valid_observed_phase_at_origin,ABCDE,calibration,3,1,spectral_core,local_partition_rf,0,0.14,0,0.25
2855,2018-02,2017-02,12,0,True,1.0,master,valid_observed_phase_at_origin,ABCDE,calibration,3,1,spectral_core,local_partition_rf,0,0.13,0,0.23
2856,2018-02,2017-02,12,0,True,1.0,master,valid_observed_phase_at_origin,ABCDE,calibration,3,1,spectral_core,local_partition_rf,0,0.09,0,0.17
2857,2018-02,2017-02,12,0,True,1.0,master,valid_observed_phase_at_origin,ABCDE,calibration,3,3,spectral_core,local_partition_rf,0,0.2,0,0.19
2858,2018-02,2017-02,12,0,True,1.0,master,valid_observed_phase_at_origin,ABCDE,calibration,3,1,spectral_core,local_partition_rf,0,0.08,0,0.18
2859,2018-02,2017-02,12,0,True,1.0,master,valid_observed_phase_at_origin,ABCDE,calibration,3,3,spectral_core,local_partition_rf,0,0.21,0,0.24
2860,2018-02,2017-02,12,0,True,1.0,master,valid_observed_phase_at_origin,ABCDE,calibration,3,3,spectral_core,local_partition_rf,0,0.23,0,0.21
2861,2018-02,2017-02,12,0,True,1.0,master,valid_observed_phase_at_origin,ABCDE,calibration,3,1,spectral_core,local_partition_rf,0,0.12,0,0.24
2862,2018-02,2017-02,12,0,True,0.0,master,valid_observed_phase_at_origin,ABCDE,calibration,3,1,spectral_core,local_partition_rf,0,0.05,0,0.13
2863,2018-02,2017-02,12,0,True,0.0,master,valid_observed_phase_at_origin,ABCDE,calibration,3,1,spectral_core,local_partition_rf,0,0.07,0,0.11
2864,2018-02,2017-02,12,0,True,0.0,master,valid_observed_phase_at_origin,ABCDE,calibration,3,1,spectral_core,local_partition_rf,0,0.08,0,0.12
2865,2018-02,2017-02,12,0,True,0.0,master,valid_observed_phase_at_origin,ABCDE,calibration,3,3,spectral_core,local_partition_rf,0,0.11,0,0.1
2866,2018-02,2017-02,12,0,True,0.0,master,valid_observed_phase_at_origin,ABCDE,calibration,3,3,spectral_core,local_partition_rf,0,0.07,0,0.12
2867,2018-02,2017-02,12,0,True,0.0,master,valid_observed_phase_at_origin,ABCDE,calibration,3,1,spectral_core,local_partition_rf,0,0.06,0,0.1
2868,2018-02,2017-02,12,0,True,0.0,master,valid_observed_phase_at_origin,ABCDE,calibration,3,3,spectral_core,local_partition_rf,0,0.13,0,0.1
2869,2018-02,2017-02,12,1,True,0.0,master,valid_observed_phase_at_origin,ABCDE,calibration,3,3,spectral_core,local_partition_rf,0,0.09,0,0.09
2870,2018-02,2017-02,12,0,True,0.0,master,valid_observed_phase_at_origin,ABCDE,calibration,3,3,spectral_core,local_partition_rf,0,0.1,0,0.08
2871,2018-02,2017-02,12,0,True,0.0,master,valid_observed_phase_at_origin,ABCDE,calibration,3,3,spectral_core,local_partition_rf,0,0.17,0,0.12
2872,2018-02,2017-02,12,0,True,0.0,master,valid_observed_phase_at_origin,ABCDE,calibration,3,3,spectral_core,local_partition_rf,0,0.08,0,0.1
2873,2018-02,2017-02,12,0,True,0.0,master,valid_observed_phase_at_origin,ABCDE,calibration,3,3,spectral_core,local_partition_rf,0,0.09,0,0.12
2874,2018-02,2017-02,12,0,True,0.0,master,valid_observed_phase_at_origin,ABCDE,calibration,3,3,spectral_core,local_partition_rf,0,0.09,0,0.15
2875,2018-02,2017-02,12,0,True,0.0,master,valid_observed_phase_at_origin,ABCDE,calibration,3,3,spectral_core,local_partition_rf,0,0.08,0,0.1
2876,2018-02,2017-02,12,0,True,0.0,master,valid_observed_phase_at_origin,ABCDE,calibration,3,1,spectral_core,local_partition_rf,0,0.04,0,0.11
2877,2018-02,2017-02,12,0,True,0.0,master,valid_observed_phase_at_origin,ABCDE,calibration,3,3,spectral_core,local_partition_rf,0,0.16,0,0.12
2878,2018-02,2017-02,12,0,True,0.0,master,valid_observed_phase_at_origin,ABCDE,calibration,3,3,spectral_core,local_partition_rf,0,0.15,0,0.11
2879,2018-02,2017-02,12,0,True,0.0,master,valid_observed_phase_at_origin,ABCDE,calibration,3,3,spectral_core,local_partition_rf,0,0.17,0,0.15
2880,2018-02,2017-02,12,0,True,0.0,master,valid_observed_phase_at_origin,ABCDE,calibration,3,3,spectral_core,local_partition_rf,0,0.15,0,0.11
2881,2018-02,2017-02,12,0,True,0.0,master,valid_observed_phase_at_origin,ABCDE,calibration,3,1,spectral_core,local_partition_rf,0,0.07,0,0.1
2882,2018-02,2017-02,12,1,True,1.0,master,valid_observed_phase_at_origin,ABCDE,calibration,3,1,spectral_core,local_partition_rf,0,0.12,0,0.23
2883,2018-02,2017-02,12,1,True,0.0,master,valid_observed_phase_at_origin,ABCDE,calibration,3,3,spectral_core,local_partition_rf,0,0.11,0,0.11
2884,2018-02,2017-02,12,1,True,1.0,master,valid_observed_phase_at_origin,ABCDE,calibration,3,3,spectral_core,local_partition_rf,0,0.25,0,0.26
2885,2018-02,2017-02,12,1,True,1.0,master,valid_observed_phase_at_origin,ABCDE,calibration,3,1,spectral_core,local_partition_rf,0,0.12,0,0.22
2886,2018-02,2017-02,12,1,True,1.0,master,valid_observed_phase_at_origin,ABCDE,calibration,3,3,spectral_core,local_partition_rf,0,0.22,0,0.23
2887,2018-02,2017-02,12,1,True,1.0,master,valid_observed_phase_at_origin,ABCDE,calibration,3,1,spectral_core,local_partition_rf,0,0.17,0,0.24
2888,2018-02,2017-02,12,1,True,0.0,master,valid_observed_phase_at_origin,ABCDE,calibration,3,3,spectral_core,local_partition_rf,0,0.19,0,0.18
2889,2018-02,2017-02,12,1,True,1.0,master,valid_observed_phase_at_origin,ABCDE,calibration,3,3,spectral_core,local_partition_rf,0,0.29,0,0.19
2890,2018-02,2017-02,12,1,True,1.0,master,valid_observed_phase_at_origin,ABCDE,calibration,3,1,spectral_core,local_partition_rf,0,0.13,0,0.23
2891,2018-02,2017-02,12,1,True,1.0,master,valid_observed_phase_at_origin,ABCDE,calibration,3,1,spectral_core,local_partition_rf,0,0.14,0,0.23
2892,2018-02,2017-02,12,0,True,0.0,master,valid_observed_phase_at_origin,ABCDE,calibration,3,1,spectral_core,local_partition_rf,0,0.12,0,0.09
2893,2018-02,2017-02,12,0,True,0.0,master,valid_observed_phase_at_origin,ABCDE,calibration,3,3,spectral_core,local_partition_rf,0,0.21,0,0.16
2894,2018-02,2017-02,12,0,True,0.0,master,valid_observed_phase_at_origin,ABCDE,calibration,3,3,spectral_core,local_partition_rf,0,0.13,0,0.12
2895,2018-02,2017-02,12,1,True,1.0,master,valid_observed_phase_at_origin,ABCDE,calibration,3,1,spectral_core,local_partition_rf,0,0.11,0,0.21
2896,2018-02,2017-02,12,0,True,1.0,master,valid_observed_phase_at_origin,ABCDE,calibration,3,3,spectral_core,local_partition_rf,0,0.3,0,0.22
2897,2018-02,2017-02,12,1,True,0.0,master,valid_observed_phase_at_origin,ABCDE,calibration,3,1,spectral_core,local_partition_rf,0,0.12,0,0.16
2898,2018-02,2017-02,12,1,True,0.0,master,valid_observed_phase_at_origin,ABCDE,calibration,3,3,spectral_core,local_partition_rf,0,0.26,0,0.16
2899,2018-02,2017-02,12,0,True,0.0,master,valid_observed_phase_at_origin,ABCDE,calibration,3,3,spectral_core,local_partition_rf,0,0.11,0,0.1
2900,2018-02,2017-02,12,0,True,0.0,master,valid_observed_phase_at_origin,ABCDE,calibration,3,3,spectral_core,local_partition_rf,0,0.15,0,0.14
2901,2018-02,2017-02,12,0,True,0.0,master,valid_observed_phase_at_origin,ABCDE,calibration,3,1,spectral_core,local_partition_rf,0,0.1,0,0.1
2902,2018-02,2017-02,12,0,True,0.0,master,valid_observed_phase_at_origin,ABCDE,calibration,3,1,spectral_core,local_partition_rf,0,0.14,0,0.13
2903,2018-02,2017-02,12,0,True,0.0,master,valid_observed_phase_at_origin,ABCDE,calibration,3,3,spectral_core,local_partition_rf,0,0.22,0,0.15
2904,2018-02,2017-02,12,0,True,0.0,master,valid_observed_phase_at_origin,ABCDE,calibration,3,3,spectral_core,local_partition_rf,0,0.17,0,0.16
2905,2018-02,2017-02,12,1,True,1.0,master,valid_observed_phase_at_origin,ABCDE,calibration,3,1,spectral_core,local_partition_rf,0,0.13,0,0.21
2906,2018-02,2017-02,12,1,True,1.0,master,valid_observed_phase_at_origin,ABCDE,calibration,3,1,spectral_core,local_partition_rf,0,0.12,0,0.25
2907,2018-02,2017-02,12,1,True,1.0,master,valid_observed_phase_at_origin,ABCDE,calibration,3,1,spectral_core,local_partition_rf,0,0.14,0,0.22
2908,2018-02,2017-02,12,1,True,1.0,master,valid_observed_phase_at_origin,ABCDE,calibration,3,3,spectral_core,local_partition_rf,0,0.28,0,0.31
2909,2018-02,2017-02,12,1,True,0.0,master,valid_observed_phase_at_origin,ABCDE,calibration,3,3,spectral_core,local_partition_rf,0,0.24,0,0.19
2910,2018-02,2017-02,12,1,True,0.0,master,valid_observed_phase_at_origin,ABCDE,calibration,3,1,spectral_core,local_partition_rf,0,0.11,0,0.12
2911,2018-02,2017-02,12,0,True,0.0,master,valid_observed_phase_at_origin,ABCDE,calibration,3,1,spectral_core,local_partition_rf,0,0.11,0,0.11
2912,2018-02,2017-02,12,1,True,1.0,master,valid_observed_phase_at_origin,ABCDE,calibration,3,1,spectral_core,local_partition_rf,0,0.13,0,0.19
2913,2018-02,2017-02,12,1,True,1.0,master,valid_observed_phase_at_origin,ABCDE,calibration,3,3,spectral_core,local_partition_rf,0,0.28,0,0.25
2914,2018-02,2017-02,12,0,True,1.0,master,valid_observed_phase_at_origin,ABCDE,calibration,3,3,spectral_core,local_partition_rf,0,0.3,0,0.28
2915,2018-02,2017-02,12,0,True,1.0,master,valid_observed_phase_at_origin,ABCDE,calibration,3,1,spectral_core,local_partition_rf,0,0.09,0,0.23
2916,2018-02,2017-02,12,0,True,0.0,master,valid_observed_phase_at_origin,ABCDE,calibration,3,1,spectral_core,local_partition_rf,0,0.12,0,0.17
2917,2018-02,2017-02,12,0,True,0.0,master,valid_observed_phase_at_origin,ABCDE,calibration,3,1,spectral_core,local_partition_rf,0,0.11,0,0.11
2918,2018-02,2017-02,12,0,True,0.0,master,valid_observed_phase_at_origin,ABCDE,calibration,3,1,spectral_core,local_partition_rf,0,0.14,0,0.14
2919,2018-02,2017-02,12,0,True,0.0,master,valid_observed_phase_at_origin,ABCDE,calibration,3,3,spectral_core,local_partition_rf,0,0.19,0,0.14
2920,2018-02,2017-02,12,1,True,1.0,master,valid_observed_phase_at_origin,ABCDE,calibration,3,1,spectral_core,local_partition_rf,0,0.15,0,0.22
2921,2018-02,2017-02,12,1,True,1.0,master,valid_observed_phase_at_origin,ABCDE,calibration,3,1,spectral_core,local_partition_rf,0,0.12,0,0.23
2922,2018-02,2017-02,12,1,True,1.0,master,valid_observed_phase_at_origin,ABCDE,calibration,3,3,spectral_core,local_partition_rf,0,0.33,0,0.23
2923,2018-02,2017-02,12,1,True,0.0,master,valid_observed_phase_at_origin,ABCDE,calibration,3,1,spectral_core,local_partition_rf,0,0.11,0,0.14
2924,2018-02,2017-02,12,1,True,0.0,master,valid_observed_phase_at_origin,ABCDE,calibration,3,3,spectral_core,local_partition_rf,0,0.19,0,0.12
2925,2018-02,2017-02,12,1,True,1.0,master,valid_observed_phase_at_origin,ABCDE,calibration,3,3,spectral_core,local_partition_rf,0,0.27,0,0.2
2926,2018-02,2017-02,12,1,True,1.0,master,valid_observed_phase_at_origin,ABCDE,calibration,3,1,spectral_core,local_partition_rf,0,0.12,0,0.21
2927,2018-02,2017-02,12,0,True,0.0,master,valid_observed_phase_at_origin,ABCDE,calibration,3,1,spectral_core,local_partition_rf,0,0.12,0,0.11
2928,2018-02,2017-02,12,1,True,1.0,master,valid_observed_phase_at_origin,ABCDE,calibration,3,1,spectral_core,local_partition_rf,0,0.1,0,0.23
2929,2018-02,2017-02,12,0,True,0.0,master,valid_observed_phase_at_origin,ABCDE,calibration,3,1,spectral_core,local_partition_rf,0,0.1,0,0.11
2930,2018-02,2017-02,12,0,True,1.0,master,valid_observed_phase_at_origin,ABCDE,calibration,3,1,spectral_core,local_partition_rf,0,0.1,0,0.21
2931,2018-02,2017-02,12,0,True,1.0,master,valid_observed_phase_at_origin,ABCDE,calibration,3,1,spectral_core,local_partition_rf,0,0.12,0,0.24
2932,2018-02,2017-02,12,0,True,0.0,master,valid_observed_phase_at_origin,ABCDE,calibration,3,3,spectral_core,local_partition_rf,0,0.17,0,0.15
2933,2018-02,2017-02,12,1,True,0.0,master,valid_observed_phase_at_origin,ABCDE,calibration,3,3,spectral_core,local_partition_rf,0,0.29,0,0.17
2934,2018-02,2017-02,12,1,True,1.0,master,valid_observed_phase_at_origin,ABCDE,calibration,3,1,spectral_core,local_partition_rf,0,0.13,0,0.23
2935,2018-02,2017-02,12,1,True,0.0,master,valid_observed_phase_at_origin,ABCDE,calibration,3,3,spectral_core,local_partition_rf,0,0.1,0,0.09
2936,2018-02,2017-02,12,1,True,0.0,master,valid_observed_phase_at_origin,ABCDE,calibration,3,1,spectral_core,local_partition_rf,0,0.12,0,0.12
2937,2018-02,2017-02,12,0,True,0.0,master,valid_observed_phase_at_origin,ABCDE,calibration,3,1,spectral_core,local_partition_rf,0,0.11,0,0.15
2938,2018-02,2017-02,12,0,True,0.0,master,valid_observed_phase_at_origin,ABCDE,calibration,3,3,spectral_core,local_partition_rf,0,0.24,0,0.17
2939,2018-02,2017-02,12,0,True,0.0,master,valid_observed_phase_at_origin,ABCDE,calibration,3,1,spectral_core,local_partition_rf,0,0.11,0,0.18
2940,2018-02,2017-02,12,1,True,1.0,master,valid_observed_phase_at_origin,ABCDE,calibration,3,1,spectral_core,local_partition_rf,0,0.11,0,0.22
2941,2018-02,2017-02,12,1,True,1.0,master,valid_observed_phase_at_origin,ABCDE,calibration,3,1,spectral_core,local_partition_rf,0,0.11,0,0.25
2942,2018-02,2017-02,12,0,True,0.0,master,valid_observed_phase_at_origin,ABCDE,calibration,3,1,spectral_core,local_partition_rf,0,0.15,0,0.15
2943,2018-02,2017-02,12,0,True,1.0,master,valid_observed_phase_at_origin,ABCDE,calibration,3,1,spectral_core,local_partition_rf,0,0.06,0,0.19
2944,2018-02,2017-02,12,0,True,0.0,master,valid_observed_phase_at_origin,ABCDE,calibration,3,1,spectral_core,local_partition_rf,0,0.07,0,0.11
2945,2018-02,2017-02,12,0,True,0.0,master,valid_observed_phase_at_origin,ABCDE,calibration,3,3,spectral_core,local_partition_rf,0,0.17,0,0.16
2946,2018-02,2017-02,12,1,True,0.0,master,valid_observed_phase_at_origin,ABCDE,calibration,3,1,spectral_core,local_partition_rf,0,0.11,0,0.16
2947,2018-02,2017-02,12,1,True,0.0,master,valid_observed_phase_at_origin,ABCDE,calibration,3,1,spectral_core,local_partition_rf,0,0.11,0,0.14
2948,2018-02,2017-02,12,0,True,1.0,master,valid_observed_phase_at_origin,ABCDE,calibration,3,3,spectral_core,local_partition_rf,0,0.23,0,0.2
2949,2018-02,2017-02,12,0,True,1.0,master,valid_observed_phase_at_origin,ABCDE,calibration,3,1,spectral_core,local_partition_rf,0,0.09,0,0.18
2950,2018-02,2017-02,12,0,True,0.0,master,valid_observed_phase_at_origin,ABCDE,calibration,3,3,spectral_core,local_partition_rf,0,0.15,0,0.11
2951,2018-02,2017-02,12,0,True,1.0,master,valid_observed_phase_at_origin,ABCDE,calibration,3,1,spectral_core,local_partition_rf,0,0.08,0,0.2
2952,2018-02,2017-02,12,0,True,0.0,master,valid_observed_phase_at_origin,ABCDE,calibration,3,1,spectral_core,local_partition_rf,0,0.1,0,0.11
2953,2018-02,2017-02,12,1,True,1.0,master,valid_observed_phase_at_origin,ABCDE,calibration,3,1,spectral_core,local_partition_rf,0,0.06,0,0.23
2954,2018-02,2017-02,12,0,True,0.0,master,valid_observed_phase_at_origin,ABCDE,calibration,3,1,spectral_core,local_partition_rf,0,0.1,0,0.18
2955,2018-02,2017-02,12,1,True,1.0,master,valid_observed_phase_at_origin,ABCDE,calibration,3,1,spectral_core,local_partition_rf,0,0.07,0,0.25
2956,2018-02,2017-02,12,1,True,1.0,master,valid_observed_phase_at_origin,ABCDE,calibration,3,1,spectral_core,local_partition_rf,0,0.11,0,0.19
2957,2018-02,2017-02,12,1,True,1.0,master,valid_observed_phase_at_origin,ABCDE,calibration,3,1,spectral_core,local_partition_rf,0,0.13,0,0.2
2958,2018-02,2017-02,12,1,True,1.0,master,valid_observed_phase_at_origin,ABCDE,calibration,3,1,spectral_core,local_partition_rf,0,0.04,0,0.2
2959,2018-02,2017-02,12,0,True,0.0,master,valid_observed_phase_at_origin,ABCDE,calibration,3,1,spectral_core,local_partition_rf,0,0.07,0,0.11
2960,2018-02,2017-02,12,0,True,0.0,master,valid_observed_phase_at_origin,ABCDE,calibration,3,3,spectral_core,local_partition_rf,0,0.22,0,0.14
2961,2018-02,2017-02,12,0,True,1.0,master,valid_observed_phase_at_origin,ABCDE,calibration,3,1,spectral_core,local_partition_rf,0,0.09,0,0.22
2962,2018-02,2017-02,12,0,True,1.0,master,valid_observed_phase_at_origin,ABCDE,calibration,3,1,spectral_core,local_partition_rf,0,0.06,0,0.21
2963,2018-02,2017-02,12,0,True,0.0,master,valid_observed_phase_at_origin,ABCDE,calibration,3,1,spectral_core,local_partition_rf,0,0.11,0,0.1
2964,2018-02,2017-02,12,0,True,1.0,master,valid_observed_phase_at_origin,ABCDE,calibration,3,1,spectral_core,local_partition_rf,0,0.06,0,0.17
2965,2018-02,2017-02,12,0,True,1.0,master,valid_observed_phase_at_origin,ABCDE,calibration,3,1,spectral_core,local_partition_rf,0,0.14,0,0.21
2966,2018-02,2017-02,12,0,True,0.0,master,valid_observed_phase_at_origin,ABCDE,calibration,3,1,spectral_core,local_partition_rf,0,0.11,0,0.13
2967,2018-02,2017-02,12,0,True,0.0,master,valid_observed_phase_at_origin,ABCDE,calibration,3,1,spectral_core,local_partition_rf,0,0.11,0,0.12
2968,2018-02,2017-02,12,0,True,0.0,master,valid_observed_phase_at_origin,ABCDE,calibration,3,1,spectral_core,local_partition_rf,0,0.14,0,0.16
2969,2018-02,2017-02,12,0,True,0.0,master,valid_observed_phase_at_origin,ABCDE,calibration,3,1,spectral_core,local_partition_rf,0,0.09,0,0.18
2970,2018-02,2017-02,12,0,True,0.0,master,valid_observed_phase_at_origin,ABCDE,calibration,3,1,spectral_core,local_partition_rf,0,0.11,0,0.09
2971,2018-02,2017-02,12,0,True,0.0,master,valid_observed_phase_at_origin,ABCDE,calibration,3,3,spectral_core,local_partition_rf,0,0.15,0,0.12
2972,2018-02,2017-02,12,0,True,1.0,master,valid_observed_phase_at_origin,ABCDE,calibration,3,3,spectral_core,local_partition_rf,0,0.21,0,0.25
2973,2018-02,2017-02,12,1,True,0.0,master,valid_observed_phase_at_origin,ABCDE,calibration,3,1,spectral_core,local_partition_rf,0,0.08,0,0.09
2974,2018-02,2017-02,12,0,True,0.0,master,valid_observed_phase_at_origin,ABCDE,calibration,3,1,spectral_core,local_partition_rf,0,0.05,0,0.06
2975,2018-02,2017-02,12,1,True,0.0,master,valid_observed_phase_at_origin,ABCDE,calibration,3,1,spectral_core,local_partition_rf,0,0.09,0,0.07
2976,2018-02,2017-02,12,1,True,1.0,master,valid_observed_phase_at_origin,ABCDE,calibration,3,1,spectral_core,local_partition_rf,0,0.13,0,0.24
2977,2018-02,2017-02,12,1,True,0.0,master,valid_observed_phase_at_origin,ABCDE,calibration,3,1,spectral_core,local_partition_rf,0,0.06,0,0.14
2978,2018-02,2017-02,12,1,True,1.0,master,valid_observed_phase_at_origin,ABCDE,calibration,3,1,spectral_core,local_partition_rf,0,0.06,0,0.22
2979,2018-02,2017-02,12,1,True,0.0,master,valid_observed_phase_at_origin,ABCDE,calibration,3,1,spectral_core,local_partition_rf,0,0.06,0,0.15
2980,2018-02,2017-02,12,1,True,0.0,master,valid_observed_phase_at_origin,ABCDE,calibration,3,1,spectral_core,local_partition_rf,0,0.07,0,0.13
2981,2018-02,2017-02,12,1,True,1.0,master,valid_observed_phase_at_origin,ABCDE,calibration,3,1,spectral_core,local_partition_rf,0,0.12,0,0.2
2982,2018-02,2017-02,12,0,True,1.0,master,valid_observed_phase_at_origin,ABCDE,calibration,3,1,spectral_core,local_partition_rf,0,0.12,0,0.21
2983,2018-02,2017-02,12,1,True,1.0,master,valid_observed_phase_at_origin,ABCDE,calibration,3,1,spectral_core,local_partition_rf,0,0.08,0,0.22
2984,2018-02,2017-02,12,0,True,1.0,master,valid_observed_phase_at_origin,ABCDE,calibration,3,1,spectral_core,local_partition_rf,0,0.14,0,0.24
2985,2018-02,2017-02,12,1,True,0.0,master,valid_observed_phase_at_origin,ABCDE,calibration,3,1,spectral_core,local_partition_rf,0,0.09,0,0.14
2986,2018-02,2017-02,12,0,True,1.0,master,valid_observed_phase_at_origin,ABCDE,calibration,3,1,spectral_core,local_partition_rf,0,0.18,0,0.32
2987,2018-02,2017-02,12,1,True,1.0,master,valid_observed_phase_at_origin,ABCDE,calibration,3,1,spectral_core,local_partition_rf,0,0.15,0,0.26
2988,2018-02,2017-02,12,1,True,0.0,master,valid_observed_phase_at_origin,ABCDE,calibration,3,1,spectral_core,local_partition_rf,0,0.19,0,0.13
2989,2018-02,2017-02,12,1,True,0.0,master,valid_observed_phase_at_origin,ABCDE,calibration,3,1,spectral_core,local_partition_rf,0,0.16,0,0.13
2990,2018-02,2017-02,12,1,True,1.0,master,valid_observed_phase_at_origin,ABCDE,calibration,3,1,spectral_core,local_partition_rf,0,0.09,0,0.25
2991,2018-02,2017-02,12,0,True,1.0,master,valid_observed_phase_at_origin,ABCDE,calibration,3,1,spectral_core,local_partition_rf,0,0.06,0,0.22
2992,2018-02,2017-02,12,0,True,0.0,master,valid_observed_phase_at_origin,ABCDE,calibration,3,1,spectral_core,local_partition_rf,0,0.08,0,0.13
2993,2018-02,2017-02,12,1,True,0.0,master,valid_observed_phase_at_origin,ABCDE,calibration,3,1,spectral_core,local_partition_rf,0,0.06,0,0.16
2994,2018-02,2017-02,12,0,True,0.0,master,valid_observed_phase_at_origin,ABCDE,calibration,3,1,spectral_core,local_partition_rf,0,0.12,0,0.12
2995,2018-02,2017-02,12,1,True,0.0,master,valid_observed_phase_at_origin,ABCDE,calibration,3,1,spectral_core,local_partition_rf,0,0.12,0,0.11
2996,2018-02,2017-02,12,1,True,1.0,master,valid_observed_phase_at_origin,ABCDE,calibration,3,1,spectral_core,local_partition_rf,0,0.31,0,0.22
2997,2018-02,2017-02,12,0,True,0.0,master,valid_observed_phase_at_origin,ABCDE,calibration,3,1,spectral_core,local_partition_rf,0,0.12,0,0.12
2998,2018-02,2017-02,12,1,True,1.0,master,valid_observed_phase_at_origin,ABCDE,calibration,3,1,spectral_core,local_partition_rf,0,0.13,0,0.2
2999,2018-02,2017-02,12,1,True,1.0,master,valid_observed_phase_at_origin,ABCDE,calibration,3,1,spectral_core,local_partition_rf,0,0.12,0,0.25
3000,2018-02,2017-02,12,0,True,0.0,master,valid_observed_phase_at_origin,ABCDE,calibration,3,1,spectral_core,local_partition_rf,0,0.14,0,0.13
3001,2018-02,2017-02,12,0,True,0.0,master,valid_observed_phase_at_origin,ABCDE,calibration,3,1,spectral_core,local_partition_rf,0,0.12,0,0.16
3002,2018-02,2017-02,12,0,True,0.0,master,valid_observed_phase_at_origin,ABCDE,calibration,3,1,spectral_core,local_partition_rf,0,0.13,0,0.12
3003,2018-02,2017-02,12,0,True,0.0,master,valid_observed_phase_at_origin,ABCDE,calibration,3,1,spectral_core,local_partition_rf,0,0.1,0,0.12
3004,2018-02,2017-02,12,1,True,0.0,master,valid_observed_phase_at_origin,ABCDE,calibration,3,1,spectral_core,local_partition_rf,0,0.08,0,0.14
3005,2018-02,2017-02,12,0,True,0.0,master,valid_observed_phase_at_origin,ABCDE,calibration,3,1,spectral_core,local_partition_rf,0,0.13,0,0.2
3006,2018-02,2017-02,12,0,True,0.0,master,valid_observed_phase_at_origin,ABCDE,calibration,3,1,spectral_core,local_partition_rf,0,0.13,0,0.1
3007,2018-02,2017-02,12,1,True,0.0,master,valid_observed_phase_at_origin,ABCDE,calibration,3,1,spectral_core,local_partition_rf,0,0.11,0,0.12
3008,2018-02,2017-02,12,0,True,1.0,master,valid_observed_phase_at_origin,ABCDE,calibration,3,1,spectral_core,local_partition_rf,0,0.11,0,0.22
3009,2018-02,2017-02,12,0,True,1.0,master,valid_observed_phase_at_origin,ABCDE,calibration,3,1,spectral_core,local_partition_rf,0,0.05,0,0.23
3010,2018-02,2017-02,12,0,True,1.0,master,valid_observed_phase_at_origin,ABCDE,calibration,3,1,spectral_core,local_partition_rf,0,0.12,0,0.24
3011,2018-02,2017-02,12,0,True,0.0,master,valid_observed_phase_at_origin,ABCDE,calibration,3,1,spectral_core,local_partition_rf,0,0.12,0,0.19
3012,2018-02,2017-02,12,0,True,0.0,master,valid_observed_phase_at_origin,ABCDE,calibration,3,1,spectral_core,local_partition_rf,0,0.05,0,0.13
3013,2018-02,2017-02,12,0,True,0.0,master,valid_observed_phase_at_origin,ABCDE,calibration,3,1,spectral_core,local_partition_rf,0,0.12,0,0.11
3014,2018-02,2017-02,12,0,True,1.0,master,valid_observed_phase_at_origin,ABCDE,calibration,3,1,spectral_core,local_partition_rf,0,0.21,0,0.3
3015,2018-02,2017-02,12,0,True,1.0,master,valid_observed_phase_at_origin,ABCDE,calibration,3,1,spectral_core,local_partition_rf,0,0.1,0,0.22
3016,2018-02,2017-02,12,0,True,0.0,master,valid_observed_phase_at_origin,ABCDE,calibration,3,1,spectral_core,local_partition_rf,0,0.13,0,0.12
3017,2018-02,2017-02,12,0,True,0.0,master,valid_observed_phase_at_origin,ABCDE,calibration,3,1,spectral_core,local_partition_rf,0,0.04,0,0.13
3018,2018-02,2017-02,12,0,True,0.0,master,valid_observed_phase_at_origin,ABCDE,calibration,3,1,spectral_core,local_partition_rf,0,0.04,0,0.06
3019,2018-02,2017-02,12,1,True,0.0,master,valid_observed_phase_at_origin,ABCDE,calibration,3,1,spectral_core,local_partition_rf,0,0.12,0,0.08
3020,2018-02,2017-02,12,0,True,0.0,master,valid_observed_phase_at_origin,ABCDE,calibration,3,1,spectral_core,local_partition_rf,0,0.04,0,0.07
3021,2018-02,2017-02,12,0,True,0.0,master,valid_observed_phase_at_origin,ABCDE,calibration,3,1,spectral_core,local_partition_rf,0,0.06,0,0.09
3022,2018-02,2017-02,12,0,True,0.0,master,valid_observed_phase_at_origin,ABCDE,calibration,3,1,spectral_core,local_partition_rf,0,0.02,0,0.06
3023,2018-02,2017-02,12,0,True,0.0,master,valid_observed_phase_at_origin,ABCDE,calibration,3,1,spectral_core,local_partition_rf,0,0.04,0,0.13
3024,2018-02,2017-02,12,0,True,0.0,master,valid_observed_phase_at_origin,ABCDE,calibration,3,1,spectral_core,local_partition_rf,0,0.03,0,0.11
3025,2018-02,2017-02,12,0,True,0.0,master,valid_observed_phase_at_origin,ABCDE,calibration,3,1,spectral_core,local_partition_rf,0,0.03,0,0.1
3026,2018-02,2017-02,12,0,True,0.0,master,valid_observed_phase_at_origin,ABCDE,calibration,3,1,spectral_core,local_partition_rf,0,0.04,0,0.12
3027,2018-02,2017-02,12,0,True,0.0,master,valid_observed_phase_at_origin,ABCDE,calibration,3,1,spectral_core,local_partition_rf,0,0.12,0,0.1
3028,2018-02,2017-02,12,0,True,0.0,master,valid_observed_phase_at_origin,ABCDE,calibration,3,1,spectral_core,local_partition_rf,0,0.03,0,0.1
3029,2018-02,2017-02,12,0,True,0.0,master,valid_observed_phase_at_origin,ABCDE,calibration,3,1,spectral_core,local_partition_rf,0,0.07,0,0.1
3030,2018-02,2017-02,12,0,True,0.0,master,valid_observed_phase_at_origin,ABCDE,calibration,3,1,spectral_core,local_partition_rf,0,0.02,0,0.09
3031,2018-02,2017-02,12,0,True,0.0,master,valid_observed_phase_at_origin,ABCDE,calibration,3,1,spectral_core,local_partition_rf,0,0.07,0,0.1
3032,2018-02,2017-02,12,0,True,0.0,master,valid_observed_phase_at_origin,ABCDE,calibration,3,1,spectral_core,local_partition_rf,0,0.04,0,0.09
3033,2018-02,2017-02,12,0,True,0.0,master,valid_observed_phase_at_origin,ABCDE,calibration,3,1,spectral_core,local_partition_rf,0,0.02,0,0.09
3034,2018-02,2017-02,12,0,True,0.0,master,valid_observed_phase_at_origin,ABCDE,calibration,3,1,spectral_core,local_partition_rf,0,0.06,0,0.08
3035,2018-02,2017-02,12,0,True,0.0,master,valid_observed_phase_at_origin,ABCDE,calibration,3,1,spectral_core,local_partition_rf,0,0.03,0,0.11
3036,2018-02,2017-02,12,0,True,0.0,master,valid_observed_phase_at_origin,ABCDE,calibration,3,1,spectral_core,local_partition_rf,0,0.05,0,0.11
3037,2018-02,2017-02,12,0,True,0.0,master,valid_observed_phase_at_origin,ABCDE,calibration,3,1,spectral_core,local_partition_rf,0,0.03,0,0.1
3038,2018-02,2017-02,12,0,True,0.0,master,valid_observed_phase_at_origin,ABCDE,calibration,3,1,spectral_core,local_partition_rf,0,0.03,0,0.1
3039,2018-02,2017-02,12,0,True,0.0,master,valid_observed_phase_at_origin,ABCDE,calibration,3,1,spectral_core,local_partition_rf,0,0.02,0,0.09
3040,2018-02,2017-02,12,0,True,0.0,master,valid_observed_phase_at_origin,ABCDE,calibration,3,1,spectral_core,local_partition_rf,0,0.04,0,0.1
3041,2018-02,2017-02,12,0,True,0.0,master,valid_observed_phase_at_origin,ABCDE,calibration,3,1,spectral_core,local_partition_rf,0,0.04,0,0.07
3042,2018-02,2017-02,12,0,True,0.0,master,valid_observed_phase_at_origin,ABCDE,calibration,3,1,spectral_core,local_partition_rf,0,0.05,0,0.07
3043,2018-02,2017-02,12,0,True,0.0,master,valid_observed_phase_at_origin,ABCDE,calibration,3,1,spectral_core,local_partition_rf,0,0.04,0,0.13
3044,2018-02,2017-02,12,0,True,0.0,master,valid_observed_phase_at_origin,ABCDE,calibration,3,1,spectral_core,local_partition_rf,0,0.03,0,0.15
3045,2018-02,2017-02,12,0,True,0.0,master,valid_observed_phase_at_origin,ABCDE,calibration,3,1,spectral_core,local_partition_rf,0,0.01,0,0.08
3046,2018-02,2017-02,12,0,True,0.0,master,valid_observed_phase_at_origin,ABCDE,calibration,3,1,spectral_core,local_partition_rf,0,0.04,0,0.07
3047,2018-02,2017-02,12,0,True,0.0,master,valid_observed_phase_at_origin,ABCDE,calibration,3,1,spectral_core,local_partition_rf,0,0.04,0,0.08
3048,2018-02,2017-02,12,0,True,0.0,master,valid_observed_phase_at_origin,ABCDE,calibration,3,1,spectral_core,local_partition_rf,0,0.05,0,0.12
3049,2018-02,2017-02,12,0,True,0.0,master,valid_observed_phase_at_origin,ABCDE,calibration,3,1,spectral_core,local_partition_rf,0,0.04,0,0.07
3050,2018-02,2017-02,12,0,True,0.0,master,valid_observed_phase_at_origin,ABCDE,calibration,3,1,spectral_core,local_partition_rf,0,0.05,0,0.1
3051,2018-02,2017-02,12,0,True,0.0,master,valid_observed_phase_at_origin,ABCDE,calibration,3,1,spectral_core,local_partition_rf,0,0.05,0,0.09
3052,2018-02,2017-02,12,0,True,0.0,master,valid_observed_phase_at_origin,ABCDE,calibration,3,1,spectral_core,local_partition_rf,0,0.07,0,0.06
3053,2018-02,2017-02,12,0,True,0.0,master,valid_observed_phase_at_origin,ABCDE,calibration,3,1,spectral_core,local_partition_rf,0,0.04,0,0.08
3054,2018-02,2017-02,12,0,True,0.0,master,valid_observed_phase_at_origin,ABCDE,calibration,3,1,spectral_core,local_partition_rf,0,0.04,0,0.14
3055,2018-02,2017-02,12,0,True,0.0,master,valid_observed_phase_at_origin,ABCDE,calibration,3,1,spectral_core,local_partition_rf,0,0.06,0,0.11
3056,2018-02,2017-02,12,0,True,0.0,master,valid_observed_phase_at_origin,ABCDE,calibration,3,1,spectral_core,local_partition_rf,0,0.05,0,0.14
3057,2018-02,2017-02,12,0,True,0.0,master,valid_observed_phase_at_origin,ABCDE,calibration,3,1,spectral_core,local_partition_rf,0,0.04,0,0.13
3058,2018-02,2017-02,12,0,True,0.0,master,valid_observed_phase_at_origin,ABCDE,calibration,3,1,spectral_core,local_partition_rf,0,0.06,0,0.09
3059,2018-02,2017-02,12,0,True,0.0,master,valid_observed_phase_at_origin,ABCDE,calibration,3,1,spectral_core,local_partition_rf,0,0.04,0,0.13
3060,2018-02,2017-02,12,0,True,0.0,master,valid_observed_phase_at_origin,ABCDE,calibration,3,1,spectral_core,local_partition_rf,0,0.02,0,0.11
3061,2018-02,2017-02,12,0,True,0.0,master,valid_observed_phase_at_origin,ABCDE,calibration,3,1,spectral_core,local_partition_rf,0,0.02,0,0.07
3062,2018-02,2017-02,12,0,True,1.0,master,valid_observed_phase_at_origin,ABCDE,calibration,3,1,spectral_core,local_partition_rf,0,0.05,0,0.23
3063,2018-02,2017-02,12,1,True,1.0,master,valid_observed_phase_at_origin,ABCDE,calibration,3,1,spectral_core,local_partition_rf,0,0.08,0,0.25
3064,2018-02,2017-02,12,1,True,0.0,master,valid_observed_phase_at_origin,ABCDE,calibration,3,1,spectral_core,local_partition_rf,0,0.09,0,0.15
3065,2018-02,2017-02,12,0,True,1.0,master,valid_observed_phase_at_origin,ABCDE,calibration,3,1,spectral_core,local_partition_rf,0,0.11,0,0.23
3066,2018-02,2017-02,12,0,True,1.0,master,valid_observed_phase_at_origin,ABCDE,calibration,3,3,spectral_core,local_partition_rf,0,0.3,0,0.26
3067,2018-02,2017-02,12,1,True,0.0,master,valid_observed_phase_at_origin,ABCDE,calibration,3,1,spectral_core,local_partition_rf,0,0.06,0,0.11
3068,2018-02,2017-02,12,1,True,0.0,master,valid_observed_phase_at_origin,ABCDE,calibration,3,1,spectral_core,local_partition_rf,0,0.12,0,0.16
3069,2018-02,2017-02,12,0,True,0.0,master,valid_observed_phase_at_origin,ABCDE,calibration,3,1,spectral_core,local_partition_rf,0,0.03,0,0.15
3070,2018-02,2017-02,12,0,True,0.0,master,valid_observed_phase_at_origin,ABCDE,calibration,3,1,spectral_core,local_partition_rf,0,0.11,0,0.14
3071,2018-02,2017-02,12,0,True,0.0,master,valid_observed_phase_at_origin,ABCDE,calibration,3,1,spectral_core,local_partition_rf,0,0.07,0,0.1
3072,2018-02,2017-02,12,0,True,0.0,master,valid_observed_phase_at_origin,ABCDE,calibration,3,1,spectral_core,local_partition_rf,0,0.09,0,0.13
3073,2018-02,2017-02,12,0,True,0.0,master,valid_observed_phase_at_origin,ABCDE,calibration,3,1,spectral_core,local_partition_rf,0,0.12,0,0.17
3074,2018-02,2017-02,12,0,True,1.0,master,valid_observed_phase_at_origin,ABCDE,calibration,3,1,spectral_core,local_partition_rf,0,0.05,0,0.22
3075,2018-02,2017-02,12,1,True,1.0,master,valid_observed_phase_at_origin,ABCDE,calibration,3,3,spectral_core,local_partition_rf,0,0.27,0,0.29
3076,2018-02,2017-02,12,1,True,1.0,master,valid_observed_phase_at_origin,ABCDE,calibration,3,1,spectral_core,local_partition_rf,0,0.13,0,0.34
3077,2018-02,2017-02,12,1,True,0.0,master,valid_observed_phase_at_origin,ABCDE,calibration,3,1,spectral_core,local_partition_rf,0,0.06,0,0.1
3078,2018-02,2017-02,12,1,True,0.0,master,valid_observed_phase_at_origin,ABCDE,calibration,3,1,spectral_core,local_partition_rf,0,0.09,0,0.17
3079,2018-02,2017-02,12,0,True,0.0,master,valid_observed_phase_at_origin,ABCDE,calibration,3,1,spectral_core,local_partition_rf,0,0.06,0,0.12
3080,2018-02,2017-02,12,0,True,0.0,master,valid_observed_phase_at_origin,ABCDE,calibration,3,1,spectral_core,local_partition_rf,0,0.03,0,0.1
3081,2018-02,2017-02,12,0,True,0.0,master,valid_observed_phase_at_origin,ABCDE,calibration,3,1,spectral_core,local_partition_rf,0,0.1,0,0.11
3082,2018-02,2017-02,12,0,True,1.0,master,valid_observed_phase_at_origin,ABCDE,calibration,3,1,spectral_core,local_partition_rf,0,0.06,0,0.26
3083,2018-02,2017-02,12,1,True,1.0,master,valid_observed_phase_at_origin,ABCDE,calibration,3,1,spectral_core,local_partition_rf,0,0.05,0,0.23
3084,2018-02,2017-02,12,0,True,1.0,master,valid_observed_phase_at_origin,ABCDE,calibration,3,1,spectral_core,local_partition_rf,0,0.14,0,0.27
3085,2018-02,2017-02,12,0,True,0.0,master,valid_observed_phase_at_origin,ABCDE,calibration,3,3,spectral_core,local_partition_rf,0,0.17,0,0.14
3086,2018-02,2017-02,12,0,True,1.0,master,valid_observed_phase_at_origin,ABCDE,calibration,3,1,spectral_core,local_partition_rf,0,0.05,0,0.25
3087,2018-02,2017-02,12,1,True,0.0,master,valid_observed_phase_at_origin,ABCDE,calibration,3,1,spectral_core,local_partition_rf,0,0.16,0,0.17
3088,2018-02,2017-02,12,0,True,1.0,master,valid_observed_phase_at_origin,ABCDE,calibration,3,1,spectral_core,local_partition_rf,0,0.13,0,0.31
3089,2018-02,2017-02,12,1,True,1.0,master,valid_observed_phase_at_origin,ABCDE,calibration,3,1,spectral_core,local_partition_rf,0,0.04,0,0.29
3090,2018-02,2017-02,12,1,True,1.0,master,valid_observed_phase_at_origin,ABCDE,calibration,3,3,spectral_core,local_partition_rf,0,0.26,0,0.27
3091,2018-02,2017-02,12,0,True,1.0,master,valid_observed_phase_at_origin,ABCDE,calibration,3,1,spectral_core,local_partition_rf,0,0.05,0,0.23
3092,2018-02,2017-02,12,0,True,0.0,master,valid_observed_phase_at_origin,ABCDE,calibration,3,1,spectral_core,local_partition_rf,0,0.06,0,0.08
3093,2018-02,2017-02,12,0,True,0.0,master,valid_observed_phase_at_origin,ABCDE,calibration,3,1,spectral_core,local_partition_rf,0,0.08,0,0.08
3094,2018-02,2017-02,12,0,True,0.0,master,valid_observed_phase_at_origin,ABCDE,calibration,3,1,spectral_core,local_partition_rf,0,0.04,0,0.11
3095,2018-02,2017-02,12,0,True,0.0,master,valid_observed_phase_at_origin,ABCDE,calibration,3,1,spectral_core,local_partition_rf,0,0.05,0,0.09
3096,2018-02,2017-02,12,0,True,0.0,master,valid_observed_phase_at_origin,ABCDE,calibration,3,1,spectral_core,local_partition_rf,0,0.05,0,0.09
3097,2018-02,2017-02,12,0,True,0.0,master,valid_observed_phase_at_origin,ABCDE,calibration,3,1,spectral_core,local_partition_rf,0,0.02,0,0.05
3098,2018-02,2017-02,12,0,True,0.0,master,valid_observed_phase_at_origin,ABCDE,calibration,3,1,spectral_core,local_partition_rf,0,0.02,0,0.05
3099,2018-02,2017-02,12,0,True,0.0,master,valid_observed_phase_at_origin,ABCDE,calibration,3,1,spectral_core,local_partition_rf,0,0.03,0,0.05
3100,2018-02,2017-02,12,0,True,0.0,master,valid_observed_phase_at_origin,ABCDE,calibration,3,1,spectral_core,local_partition_rf,0,0.04,0,0.08
3101,2018-02,2017-02,12,0,True,0.0,master,valid_observed_phase_at_origin,ABCDE,calibration,3,1,spectral_core,local_partition_rf,0,0.04,0,0.08
3102,2018-02,2017-02,12,0,True,0.0,master,valid_observed_phase_at_origin,ABCDE,calibration,3,1,spectral_core,local_partition_rf,0,0.04,0,0.11
3103,2018-02,2017-02,12,0,True,0.0,master,valid_observed_phase_at_origin,ABCDE,calibration,3,1,spectral_core,local_partition_rf,0,0.08,0,0.09
3104,2018-02,2017-02,12,0,True,0.0,master,valid_observed_phase_at_origin,ABCDE,calibration,3,1,spectral_core,local_partition_rf,0,0.06,0,0.09
3105,2018-02,2017-02,12,0,True,0.0,master,valid_observed_phase_at_origin,ABCDE,calibration,3,1,spectral_core,local_partition_rf,0,0.05,0,0.11
3106,2018-02,2017-02,12,0,True,0.0,master,valid_observed_phase_at_origin,ABCDE,calibration,3,1,spectral_core,local_partition_rf,0,0.04,0,0.09
3107,2018-02,2017-02,12,0,True,0.0,master,valid_observed_phase_at_origin,ABCDE,calibration,3,1,spectral_core,local_partition_rf,0,0.05,0,0.12
3108,2018-02,2017-02,12,0,True,0.0,master,valid_observed_phase_at_origin,ABCDE,calibration,3,1,spectral_core,local_partition_rf,0,0.02,0,0.04
3109,2018-02,2017-02,12,0,True,0.0,master,valid_observed_phase_at_origin,ABCDE,calibration,3,1,spectral_core,local_partition_rf,0,0.04,0,0.06
3110,2018-02,2017-02,12,1,True,0.0,master,valid_observed_phase_at_origin,ABCDE,calibration,3,1,spectral_core,local_partition_rf,0,0.03,0,0.07
3111,2018-02,2017-02,12,0,True,0.0,master,valid_observed_phase_at_origin,ABCDE,calibration,3,1,spectral_core,local_partition_rf,0,0.05,0,0.1
3112,2018-02,2017-02,12,0,True,0.0,master,valid_observed_phase_at_origin,ABCDE,calibration,3,1,spectral_core,local_partition_rf,0,0.08,0,0.07
3113,2018-02,2017-02,12,1,True,0.0,master,valid_observed_phase_at_origin,ABCDE,calibration,3,1,spectral_core,local_partition_rf,0,0.09,0,0.08
3114,2018-02,2017-02,12,0,True,0.0,master,valid_observed_phase_at_origin,ABCDE,calibration,3,1,spectral_core,local_partition_rf,0,0.01,0,0.13
3115,2018-02,2017-02,12,0,True,0.0,master,valid_observed_phase_at_origin,ABCDE,calibration,3,1,spectral_core,local_partition_rf,0,0.02,0,0.09
3116,2018-02,2017-02,12,0,True,0.0,master,valid_observed_phase_at_origin,ABCDE,calibration,3,1,spectral_core,local_partition_rf,0,0.03,0,0.06
3117,2018-02,2017-02,12,0,True,0.0,master,valid_observed_phase_at_origin,ABCDE,calibration,3,1,spectral_core,local_partition_rf,0,0.03,0,0.04
3118,2018-02,2017-02,12,0,True,0.0,master,valid_observed_phase_at_origin,ABCDE,calibration,3,1,spectral_core,local_partition_rf,0,0.05,0,0.13
3119,2018-02,2017-02,12,0,True,0.0,master,valid_observed_phase_at_origin,ABCDE,calibration,3,1,spectral_core,local_partition_rf,0,0.08,0,0.09
3120,2018-02,2017-02,12,0,True,0.0,master,valid_observed_phase_at_origin,ABCDE,calibration,3,1,spectral_core,local_partition_rf,0,0.11,0,0.09
3121,2018-02,2017-02,12,0,True,0.0,master,valid_observed_phase_at_origin,ABCDE,calibration,3,1,spectral_core,local_partition_rf,0,0.1,0,0.12
3122,2018-02,2017-02,12,0,True,0.0,master,valid_observed_phase_at_origin,ABCDE,calibration,3,1,spectral_core,local_partition_rf,0,0.03,0,0.09
3123,2018-02,2017-02,12,0,True,0.0,master,valid_observed_phase_at_origin,ABCDE,calibration,3,1,spectral_core,local_partition_rf,0,0.1,0,0.15
3124,2018-02,2017-02,12,0,True,0.0,master,valid_observed_phase_at_origin,ABCDE,calibration,3,3,spectral_core,local_partition_rf,0,0.15,0,0.13
3125,2018-02,2017-02,12,0,True,0.0,master,valid_observed_phase_at_origin,ABCDE,calibration,3,3,spectral_core,local_partition_rf,0,0.21,0,0.11
3126,2018-02,2017-02,12,0,True,0.0,master,valid_observed_phase_at_origin,ABCDE,calibration,3,1,spectral_core,local_partition_rf,0,0.1,0,0.13
3127,2018-02,2017-02,12,0,True,0.0,master,valid_observed_phase_at_origin,ABCDE,calibration,3,1,spectral_core,local_partition_rf,0,0.06,0,0.17
3128,2018-02,2017-02,12,0,True,0.0,master,valid_observed_phase_at_origin,ABCDE,calibration,3,1,spectral_core,local_partition_rf,0,0.1,0,0.16
3129,2018-02,2017-02,12,0,True,0.0,master,valid_observed_phase_at_origin,ABCDE,calibration,3,1,spectral_core,local_partition_rf,0,0.07,0,0.09
3130,2018-02,2017-02,12,0,True,0.0,master,valid_observed_phase_at_origin,ABCDE,calibration,3,1,spectral_core,local_partition_rf,0,0.06,0,0.12
3131,2018-02,2017-02,12,0,True,0.0,master,valid_observed_phase_at_origin,ABCDE,calibration,3,1,spectral_core,local_partition_rf,0,0.06,0,0.12
3132,2018-02,2017-02,12,0,True,0.0,master,valid_observed_phase_at_origin,ABCDE,calibration,3,1,spectral_core,local_partition_rf,0,0.06,0,0.11
3133,2018-02,2017-02,12,0,True,0.0,master,valid_observed_phase_at_origin,ABCDE,calibration,3,1,spectral_core,local_partition_rf,0,0.12,0,0.18
3134,2018-02,2017-02,12,0,True,0.0,master,valid_observed_phase_at_origin,ABCDE,calibration,3,1,spectral_core,local_partition_rf,0,0.07,0,0.17
3135,2018-02,2017-02,12,0,True,1.0,master,valid_observed_phase_at_origin,ABCDE,calibration,3,1,spectral_core,local_partition_rf,0,0.09,0,0.31
3136,2018-02,2017-02,12,1,True,0.0,master,valid_observed_phase_at_origin,ABCDE,calibration,3,1,spectral_core,local_partition_rf,0,0.13,0,0.09
3137,2018-02,2017-02,12,1,True,0.0,master,valid_observed_phase_at_origin,ABCDE,calibration,3,1,spectral_core,local_partition_rf,0,0.14,0,0.12
3138,2018-02,2017-02,12,1,True,0.0,master,valid_observed_phase_at_origin,ABCDE,calibration,3,1,spectral_core,local_partition_rf,0,0.12,0,0.11
3139,2018-02,2017-02,12,0,True,0.0,master,valid_observed_phase_at_origin,ABCDE,calibration,3,1,spectral_core,local_partition_rf,0,0.08,0,0.12
3140,2018-02,2017-02,12,0,True,0.0,master,valid_observed_phase_at_origin,ABCDE,calibration,3,1,spectral_core,local_partition_rf,0,0.13,0,0.09
3141,2018-02,2017-02,12,0,True,0.0,master,valid_observed_phase_at_origin,ABCDE,calibration,3,1,spectral_core,local_partition_rf,0,0.11,0,0.11
3142,2018-02,2017-02,12,0,True,0.0,master,valid_observed_phase_at_origin,ABCDE,calibration,3,1,spectral_core,local_partition_rf,0,0.03,0,0.1
3143,2018-02,2017-02,12,0,True,0.0,master,valid_observed_phase_at_origin,ABCDE,calibration,3,1,spectral_core,local_partition_rf,0,0.07,0,0.11
3144,2018-02,2017-02,12,0,True,0.0,master,valid_observed_phase_at_origin,ABCDE,calibration,3,1,spectral_core,local_partition_rf,0,0.02,0,0.09
3145,2018-02,2017-02,12,0,True,0.0,master,valid_observed_phase_at_origin,ABCDE,calibration,3,1,spectral_core,local_partition_rf,0,0.08,0,0.07
3146,2018-02,2017-02,12,0,True,0.0,master,valid_observed_phase_at_origin,ABCDE,calibration,3,1,spectral_core,local_partition_rf,0,0.04,0,0.11
3147,2018-02,2017-02,12,0,True,0.0,master,valid_observed_phase_at_origin,ABCDE,calibration,3,1,spectral_core,local_partition_rf,0,0.07,0,0.08
3148,2018-02,2017-02,12,0,True,1.0,master,valid_observed_phase_at_origin,ABCDE,calibration,3,1,spectral_core,local_partition_rf,0,0.08,0,0.2
3149,2018-02,2017-02,12,1,True,1.0,master,valid_observed_phase_at_origin,ABCDE,calibration,3,1,spectral_core,local_partition_rf,0,0.09,0,0.21
3150,2018-02,2017-02,12,0,True,0.0,master,valid_observed_phase_at_origin,ABCDE,calibration,3,1,spectral_core,local_partition_rf,0,0.07,0,0.09
3151,2018-02,2017-02,12,0,True,0.0,master,valid_observed_phase_at_origin,ABCDE,calibration,3,1,spectral_core,local_partition_rf,0,0.05,0,0.08
3152,2018-02,2017-02,12,0,True,0.0,master,valid_observed_phase_at_origin,ABCDE,calibration,3,3,spectral_core,local_partition_rf,0,0.08,0,0.12
3153,2018-02,2017-02,12,0,True,0.0,master,valid_observed_phase_at_origin,ABCDE,calibration,3,1,spectral_core,local_partition_rf,0,0.06,0,0.08
3154,2018-02,2017-02,12,0,True,0.0,master,valid_observed_phase_at_origin,ABCDE,calibration,3,1,spectral_core,local_partition_rf,0,0.06,0,0.1
3155,2018-02,2017-02,12,0,True,0.0,master,valid_observed_phase_at_origin,ABCDE,calibration,3,1,spectral_core,local_partition_rf,0,0.02,0,0.08
3156,2018-02,2017-02,12,0,True,0.0,master,valid_observed_phase_at_origin,ABCDE,calibration,3,1,spectral_core,local_partition_rf,0,0.06,0,0.1
3157,2018-02,2017-02,12,0,True,0.0,master,valid_observed_phase_at_origin,ABCDE,calibration,3,1,spectral_core,local_partition_rf,0,0.01,0,0.06
3158,2018-02,2017-02,12,0,True,0.0,master,valid_observed_phase_at_origin,ABCDE,calibration,3,1,spectral_core,local_partition_rf,0,0.05,0,0.1
3159,2018-02,2017-02,12,0,True,0.0,master,valid_observed_phase_at_origin,ABCDE,calibration,3,1,spectral_core,local_partition_rf,0,0.07,0,0.1
3160,2018-02,2017-02,12,0,True,0.0,master,valid_observed_phase_at_origin,ABCDE,calibration,3,1,spectral_core,local_partition_rf,0,0.09,0,0.1
3161,2018-02,2017-02,12,0,True,0.0,master,valid_observed_phase_at_origin,ABCDE,calibration,3,1,spectral_core,local_partition_rf,0,0.06,0,0.07
3162,2018-02,2017-02,12,0,True,0.0,master,valid_observed_phase_at_origin,ABCDE,calibration,3,1,spectral_core,local_partition_rf,0,0.03,0,0.07
3163,2018-02,2017-02,12,0,True,0.0,master,valid_observed_phase_at_origin,ABCDE,calibration,3,1,spectral_core,local_partition_rf,0,0.04,0,0.07
3164,2018-02,2017-02,12,0,True,0.0,master,valid_observed_phase_at_origin,ABCDE,calibration,3,1,spectral_core,local_partition_rf,0,0.05,0,0.1
3165,2018-02,2017-02,12,0,True,0.0,master,valid_observed_phase_at_origin,ABCDE,calibration,3,1,spectral_core,local_partition_rf,0,0.07,0,0.12
3166,2018-02,2017-02,12,0,True,1.0,master,valid_observed_phase_at_origin,ABCDE,calibration,3,1,spectral_core,local_partition_rf,0,0.12,0,0.26
3167,2018-02,2017-02,12,0,True,0.0,master,valid_observed_phase_at_origin,ABCDE,calibration,3,1,spectral_core,local_partition_rf,0,0.05,0,0.1
3168,2018-02,2017-02,12,0,True,0.0,master,valid_observed_phase_at_origin,ABCDE,calibration,3,1,spectral_core,local_partition_rf,0,0.08,0,0.07
3169,2018-02,2017-02,12,0,True,0.0,master,valid_observed_phase_at_origin,ABCDE,calibration,3,1,spectral_core,local_partition_rf,0,0.04,0,0.09
3170,2018-02,2017-02,12,0,True,1.0,master,valid_observed_phase_at_origin,ABCDE,calibration,3,1,spectral_core,local_partition_rf,0,0.06,0,0.25
3171,2018-02,2017-02,12,0,True,0.0,master,valid_observed_phase_at_origin,ABCDE,calibration,3,1,spectral_core,local_partition_rf,0,0.03,0,0.03
3172,2018-02,2017-02,12,0,True,0.0,master,valid_observed_phase_at_origin,ABCDE,calibration,3,1,spectral_core,local_partition_rf,0,0.03,0,0.04
3173,2018-02,2017-02,12,0,True,0.0,master,valid_observed_phase_at_origin,ABCDE,calibration,3,1,spectral_core,local_partition_rf,0,0.04,0,0.07
3174,2018-02,2017-02,12,0,True,0.0,master,valid_observed_phase_at_origin,ABCDE,calibration,3,1,spectral_core,local_partition_rf,0,0.03,0,0.06
3175,2018-02,2017-02,12,0,True,0.0,master,valid_observed_phase_at_origin,ABCDE,calibration,3,1,spectral_core,local_partition_rf,0,0.03,0,0.05
3176,2018-02,2017-02,12,0,True,0.0,master,valid_observed_phase_at_origin,ABCDE,calibration,3,1,spectral_core,local_partition_rf,0,0.05,0,0.04
3177,2018-02,2017-02,12,0,True,0.0,master,valid_observed_phase_at_origin,ABCDE,calibration,3,1,spectral_core,local_partition_rf,0,0.05,0,0.04
3178,2018-02,2017-02,12,0,True,0.0,master,valid_observed_phase_at_origin,ABCDE,calibration,3,1,spectral_core,local_partition_rf,0,0.05,0,0.04
3179,2018-02,2017-02,12,0,True,0.0,master,valid_observed_phase_at_origin,ABCDE,calibration,3,1,spectral_core,local_partition_rf,0,0.04,0,0.05
3180,2018-02,2017-02,12,0,True,0.0,master,valid_observed_phase_at_origin,ABCDE,calibration,3,1,spectral_core,local_partition_rf,0,0.03,0,0.04
3181,2018-02,2017-02,12,0,True,0.0,master,valid_observed_phase_at_origin,ABCDE,calibration,3,1,spectral_core,local_partition_rf,0,0.04,0,0.04
3182,2018-02,2017-02,12,0,True,0.0,master,valid_observed_phase_at_origin,ABCDE,calibration,3,1,spectral_core,local_partition_rf,0,0.03,0,0.03
3183,2018-02,2017-02,12,0,True,0.0,master,valid_observed_phase_at_origin,ABCDE,calibration,3,1,spectral_core,local_partition_rf,0,0.03,0,0.04
3184,2018-02,2017-02,12,0,True,0.0,master,valid_observed_phase_at_origin,ABCDE,calibration,3,1,spectral_core,local_partition_rf,0,0.03,0,0.07
3185,2018-02,2017-02,12,0,True,0.0,master,valid_observed_phase_at_origin,ABCDE,calibration,3,1,spectral_core,local_partition_rf,0,0.03,0,0.05
3186,2018-02,2017-02,12,0,True,0.0,master,valid_observed_phase_at_origin,ABCDE,calibration,3,1,spectral_core,local_partition_rf,0,0.03,0,0.05
3187,2018-02,2017-02,12,0,True,0.0,master,valid_observed_phase_at_origin,ABCDE,calibration,3,1,spectral_core,local_partition_rf,0,0.04,0,0.03
3188,2018-02,2017-02,12,0,True,0.0,master,valid_observed_phase_at_origin,ABCDE,calibration,3,1,spectral_core,local_partition_rf,0,0.02,0,0.03
3189,2018-02,2017-02,12,0,True,0.0,master,valid_observed_phase_at_origin,ABCDE,calibration,3,1,spectral_core,local_partition_rf,0,0.03,0,0.01
3190,2018-02,2017-02,12,0,True,0.0,master,valid_observed_phase_at_origin,ABCDE,calibration,3,1,spectral_core,local_partition_rf,0,0.06,0,0.1
3191,2018-02,2017-02,12,0,True,0.0,master,valid_observed_phase_at_origin,ABCDE,calibration,3,1,spectral_core,local_partition_rf,0,0.04,0,0.02
3192,2018-02,2017-02,12,0,True,0.0,master,valid_observed_phase_at_origin,ABCDE,calibration,3,1,spectral_core,local_partition_rf,0,0.01,0,0.05
3193,2018-02,2017-02,12,0,True,0.0,master,valid_observed_phase_at_origin,ABCDE,calibration,3,1,spectral_core,local_partition_rf,0,0.07,0,0.06
3194,2018-02,2017-02,12,0,True,0.0,master,valid_observed_phase_at_origin,ABCDE,calibration,3,1,spectral_core,local_partition_rf,0,0.04,0,0.06
3195,2018-02,2017-02,12,0,True,0.0,master,valid_observed_phase_at_origin,ABCDE,calibration,3,1,spectral_core,local_partition_rf,0,0.04,0,0.03
3196,2018-02,2017-02,12,0,True,0.0,master,valid_observed_phase_at_origin,ABCDE,calibration,3,1,spectral_core,local_partition_rf,0,0.03,0,0.03
3197,2018-02,2017-02,12,0,True,0.0,master,valid_observed_phase_at_origin,ABCDE,calibration,3,1,spectral_core,local_partition_rf,0,0.03,0,0.02
3198,2018-02,2017-02,12,0,True,0.0,master,valid_observed_phase_at_origin,ABCDE,calibration,3,1,spectral_core,local_partition_rf,0,0.03,0,0.04
3199,2018-02,2017-02,12,0,True,0.0,master,valid_observed_phase_at_origin,ABCDE,calibration,3,1,spectral_core,local_partition_rf,0,0.04,0,0.03
3200,2018-02,2017-02,12,0,True,0.0,master,valid_observed_phase_at_origin,ABCDE,calibration,3,1,spectral_core,local_partition_rf,0,0.03,0,0.05
3201,2018-02,2017-02,12,0,True,0.0,master,valid_observed_phase_at_origin,ABCDE,calibration,3,1,spectral_core,local_partition_rf,0,0.04,0,0.05
3202,2018-02,2017-02,12,0,True,0.0,master,valid_observed_phase_at_origin,ABCDE,calibration,3,1,spectral_core,local_partition_rf,0,0.03,0,0.09
3203,2018-02,2017-02,12,0,True,0.0,master,valid_observed_phase_at_origin,ABCDE,calibration,3,1,spectral_core,local_partition_rf,0,0.03,0,0.03
3204,2018-02,2017-02,12,0,True,0.0,master,valid_observed_phase_at_origin,ABCDE,calibration,3,1,spectral_core,local_partition_rf,0,0.02,0,0.05
3205,2018-02,2017-02,12,0,True,0.0,master,valid_observed_phase_at_origin,ABCDE,calibration,3,1,spectral_core,local_partition_rf,0,0.05,0,0.06
3206,2018-02,2017-02,12,0,True,0.0,master,valid_observed_phase_at_origin,ABCDE,calibration,3,1,spectral_core,local_partition_rf,0,0.03,0,0.02
3207,2018-02,2017-02,12,0,True,0.0,master,valid_observed_phase_at_origin,ABCDE,calibration,3,1,spectral_core,local_partition_rf,0,0.01,0,0.04
3208,2018-02,2017-02,12,0,True,0.0,master,valid_observed_phase_at_origin,ABCDE,calibration,3,1,spectral_core,local_partition_rf,0,0.03,0,0.06
3209,2018-02,2017-02,12,0,True,0.0,master,valid_observed_phase_at_origin,ABCDE,calibration,3,1,spectral_core,local_partition_rf,0,0.03,0,0.05
3210,2018-02,2017-02,12,0,True,0.0,master,valid_observed_phase_at_origin,ABCDE,calibration,3,1,spectral_core,local_partition_rf,0,0.04,0,0.05
3211,2018-02,2017-02,12,0,True,0.0,master,valid_observed_phase_at_origin,ABCDE,calibration,3,1,spectral_core,local_partition_rf,0,0.03,0,0.05
3212,2018-02,2017-02,12,0,True,0.0,master,valid_observed_phase_at_origin,ABCDE,calibration,3,1,spectral_core,local_partition_rf,0,0.04,0,0.05
3213,2018-02,2017-02,12,0,True,0.0,master,valid_observed_phase_at_origin,ABCDE,calibration,3,1,spectral_core,local_partition_rf,0,0.03,0,0.05
3214,2018-02,2017-02,12,0,True,0.0,master,valid_observed_phase_at_origin,ABCDE,calibration,3,1,spectral_core,local_partition_rf,0,0.03,0,0.03
3215,2018-02,2017-02,12,0,True,0.0,master,valid_observed_phase_at_origin,ABCDE,calibration,3,1,spectral_core,local_partition_rf,0,0.03,0,0.06
3216,2018-02,2017-02,12,0,True,0.0,master,valid_observed_phase_at_origin,ABCDE,calibration,3,1,spectral_core,local_partition_rf,0,0.01,0,0.05
3217,2018-02,2017-02,12,0,True,0.0,master,valid_observed_phase_at_origin,ABCDE,calibration,3,1,spectral_core,local_partition_rf,0,0.02,0,0.02
3218,2018-02,2017-02,12,0,True,0.0,master,valid_observed_phase_at_origin,ABCDE,calibration,3,1,spectral_core,local_partition_rf,0,0.03,0,0.03
3219,2018-02,2017-02,12,0,True,0.0,master,valid_observed_phase_at_origin,ABCDE,calibration,3,1,spectral_core,local_partition_rf,0,0.04,0,0.07
3220,2018-02,2017-02,12,0,True,0.0,master,valid_observed_phase_at_origin,ABCDE,calibration,3,1,spectral_core,local_partition_rf,0,0.04,0,0.02
3221,2018-02,2017-02,12,0,True,0.0,master,valid_observed_phase_at_origin,ABCDE,calibration,3,1,spectral_core,local_partition_rf,0,0.01,0,0.04
3222,2018-02,2017-02,12,0,True,0.0,master,valid_observed_phase_at_origin,ABCDE,calibration,3,1,spectral_core,local_partition_rf,0,0.02,0,0.05
3223,2018-02,2017-02,12,0,True,0.0,master,valid_observed_phase_at_origin,ABCDE,calibration,3,1,spectral_core,local_partition_rf,0,0.01,0,0.04
3224,2018-02,2017-02,12,0,True,0.0,master,valid_observed_phase_at_origin,ABCDE,calibration,3,1,spectral_core,local_partition_rf,0,0.03,0,0.06
3225,2018-02,2017-02,12,0,True,0.0,master,valid_observed_phase_at_origin,ABCDE,calibration,3,1,spectral_core,local_partition_rf,0,0.04,0,0.04
3226,2018-02,2017-02,12,0,True,0.0,master,valid_observed_phase_at_origin,ABCDE,calibration,3,1,spectral_core,local_partition_rf,0,0.04,0,0.01
3227,2018-02,2017-02,12,0,True,0.0,master,valid_observed_phase_at_origin,ABCDE,calibration,3,1,spectral_core,local_partition_rf,0,0.03,0,0.08
3228,2018-02,2017-02,12,0,True,0.0,master,valid_observed_phase_at_origin,ABCDE,calibration,3,1,spectral_core,local_partition_rf,0,0.03,0,0.05
3229,2018-02,2017-02,12,0,True,0.0,master,valid_observed_phase_at_origin,ABCDE,calibration,3,1,spectral_core,local_partition_rf,0,0.03,0,0.05
3230,2018-02,2017-02,12,0,True,0.0,master,valid_observed_phase_at_origin,ABCDE,calibration,3,1,spectral_core,local_partition_rf,0,0.03,0,0.05
3231,2018-02,2017-02,12,0,True,0.0,master,valid_observed_phase_at_origin,ABCDE,calibration,3,1,spectral_core,local_partition_rf,0,0.02,0,0.05
3232,2018-02,2017-02,12,0,True,0.0,master,valid_observed_phase_at_origin,ABCDE,calibration,3,1,spectral_core,local_partition_rf,0,0.04,0,0.05
3233,2018-02,2017-02,12,0,True,0.0,master,valid_observed_phase_at_origin,ABCDE,calibration,3,1,spectral_core,local_partition_rf,0,0.02,0,0.06
3234,2018-02,2017-02,12,0,True,0.0,master,valid_observed_phase_at_origin,ABCDE,calibration,3,1,spectral_core,local_partition_rf,0,0.05,0,0.1
3235,2018-02,2017-02,12,0,True,0.0,master,valid_observed_phase_at_origin,ABCDE,calibration,3,1,spectral_core,local_partition_rf,0,0.02,0,0.06
3236,2018-02,2017-02,12,0,True,0.0,master,valid_observed_phase_at_origin,ABCDE,calibration,3,1,spectral_core,local_partition_rf,0,0.04,0,0.07
3237,2018-02,2017-02,12,0,True,0.0,master,valid_observed_phase_at_origin,ABCDE,calibration,3,1,spectral_core,local_partition_rf,0,0.02,0,0.07
3238,2018-02,2017-02,12,0,True,0.0,master,valid_observed_phase_at_origin,ABCDE,calibration,3,1,spectral_core,local_partition_rf,0,0.03,0,0.04
3239,2018-02,2017-02,12,0,True,0.0,master,valid_observed_phase_at_origin,ABCDE,calibration,3,1,spectral_core,local_partition_rf,0,0.04,0,0.05
3240,2018-02,2017-02,12,0,True,0.0,master,valid_observed_phase_at_origin,ABCDE,calibration,3,1,spectral_core,local_partition_rf,0,0.04,0,0.04
3241,2018-02,2017-02,12,0,True,0.0,master,valid_observed_phase_at_origin,ABCDE,calibration,3,1,spectral_core,local_partition_rf,0,0.02,0,0.05
3242,2018-02,2017-02,12,0,True,0.0,master,valid_observed_phase_at_origin,ABCDE,calibration,3,1,spectral_core,local_partition_rf,0,0.04,0,0.07
3243,2018-02,2017-02,12,0,True,0.0,master,valid_observed_phase_at_origin,ABCDE,calibration,3,1,spectral_core,local_partition_rf,0,0.01,0,0.03
3244,2018-02,2017-02,12,0,True,0.0,master,valid_observed_phase_at_origin,ABCDE,calibration,3,1,spectral_core,local_partition_rf,0,0.04,0,0.08
3245,2018-02,2017-02,12,0,True,0.0,master,valid_observed_phase_at_origin,ABCDE,calibration,3,1,spectral_core,local_partition_rf,0,0.02,0,0.01
3246,2018-02,2017-02,12,0,True,0.0,master,valid_observed_phase_at_origin,ABCDE,calibration,3,1,spectral_core,local_partition_rf,0,0.03,0,0.05
3247,2018-02,2017-02,12,0,True,0.0,master,valid_observed_phase_at_origin,ABCDE,calibration,3,1,spectral_core,local_partition_rf,0,0.03,0,0.04
3248,2018-02,2017-02,12,0,True,0.0,master,valid_observed_phase_at_origin,ABCDE,calibration,3,1,spectral_core,local_partition_rf,0,0.03,0,0.03
3249,2018-02,2017-02,12,0,True,0.0,master,valid_observed_phase_at_origin,ABCDE,calibration,3,1,spectral_core,local_partition_rf,0,0.05,0,0.03
3250,2018-02,2017-02,12,0,True,0.0,master,valid_observed_phase_at_origin,ABCDE,calibration,3,1,spectral_core,local_partition_rf,0,0.02,0,0.04
3251,2018-02,2017-02,12,0,True,0.0,master,valid_observed_phase_at_origin,ABCDE,calibration,3,1,spectral_core,local_partition_rf,0,0.03,0,0.05
3252,2018-02,2017-02,12,0,True,0.0,master,valid_observed_phase_at_origin,ABCDE,calibration,3,1,spectral_core,local_partition_rf,0,0.04,0,0.02
3253,2018-02,2017-02,12,0,True,0.0,master,valid_observed_phase_at_origin,ABCDE,calibration,3,1,spectral_core,local_partition_rf,0,0.03,0,0.03
3254,2018-02,2017-02,12,0,True,0.0,master,valid_observed_phase_at_origin,ABCDE,calibration,3,1,spectral_core,local_partition_rf,0,0.05,0,0.03
3255,2018-02,2017-02,12,0,True,0.0,master,valid_observed_phase_at_origin,ABCDE,calibration,3,1,spectral_core,local_partition_rf,0,0.02,0,0.06
3256,2018-02,2017-02,12,0,True,0.0,master,valid_observed_phase_at_origin,ABCDE,calibration,3,1,spectral_core,local_partition_rf,0,0.02,0,0.01
3257,2018-02,2017-02,12,0,True,0.0,master,valid_observed_phase_at_origin,ABCDE,calibration,3,1,spectral_core,local_partition_rf,0,0.04,0,0.04
3258,2018-02,2017-02,12,0,True,0.0,master,valid_observed_phase_at_origin,ABCDE,calibration,3,1,spectral_core,local_partition_rf,0,0.02,0,0.02
3259,2018-02,2017-02,12,0,True,0.0,master,valid_observed_phase_at_origin,ABCDE,calibration,3,1,spectral_core,local_partition_rf,0,0.02,0,0.04
3260,2018-02,2017-02,12,0,True,0.0,master,valid_observed_phase_at_origin,ABCDE,calibration,3,1,spectral_core,local_partition_rf,0,0.03,0,0.05
3261,2018-02,2017-02,12,0,True,0.0,master,valid_observed_phase_at_origin,ABCDE,calibration,3,1,spectral_core,local_partition_rf,0,0.03,0,0.09
3262,2018-02,2017-02,12,0,True,0.0,master,valid_observed_phase_at_origin,ABCDE,calibration,3,1,spectral_core,local_partition_rf,0,0.01,0,0.04
3263,2018-02,2017-02,12,0,True,0.0,master,valid_observed_phase_at_origin,ABCDE,calibration,3,1,spectral_core,local_partition_rf,0,0.01,0,0.04
3264,2018-02,2017-02,12,0,True,0.0,master,valid_observed_phase_at_origin,ABCDE,calibration,3,1,spectral_core,local_partition_rf,0,0.03,0,0.04
3265,2018-02,2017-02,12,0,True,0.0,master,valid_observed_phase_at_origin,ABCDE,calibration,3,1,spectral_core,local_partition_rf,0,0.02,0,0.05
3266,2018-02,2017-02,12,0,True,0.0,master,valid_observed_phase_at_origin,ABCDE,calibration,3,1,spectral_core,local_partition_rf,0,0.02,0,0.04
3267,2018-02,2017-02,12,0,True,0.0,master,valid_observed_phase_at_origin,ABCDE,calibration,3,1,spectral_core,local_partition_rf,0,0.04,0,0.03
3268,2018-02,2017-02,12,0,True,0.0,master,valid_observed_phase_at_origin,ABCDE,calibration,3,1,spectral_core,local_partition_rf,0,0.04,0,0.04
3269,2018-02,2017-02,12,0,True,0.0,master,valid_observed_phase_at_origin,ABCDE,calibration,3,1,spectral_core,local_partition_rf,0,0.04,0,0.03
3270,2018-02,2017-02,12,0,True,0.0,master,valid_observed_phase_at_origin,ABCDE,calibration,3,1,spectral_core,local_partition_rf,0,0.03,0,0.05
3271,2018-02,2017-02,12,0,True,0.0,master,valid_observed_phase_at_origin,ABCDE,calibration,3,1,spectral_core,local_partition_rf,0,0.04,0,0.02
3272,2018-02,2017-02,12,0,True,0.0,master,valid_observed_phase_at_origin,ABCDE,calibration,3,1,spectral_core,local_partition_rf,0,0.02,0,0.07
3273,2018-02,2017-02,12,0,True,0.0,master,valid_observed_phase_at_origin,ABCDE,calibration,3,1,spectral_core,local_partition_rf,0,0.02,0,0.06
3274,2018-02,2017-02,12,0,True,0.0,master,valid_observed_phase_at_origin,ABCDE,calibration,3,1,spectral_core,local_partition_rf,0,0.03,0,0.04
3275,2018-02,2017-02,12,0,True,0.0,master,valid_observed_phase_at_origin,ABCDE,calibration,3,1,spectral_core,local_partition_rf,0,0.03,0,0.09
3276,2018-02,2017-02,12,0,True,0.0,master,valid_observed_phase_at_origin,ABCDE,calibration,3,1,spectral_core,local_partition_rf,0,0.02,0,0.04
3277,2018-02,2017-02,12,0,True,0.0,master,valid_observed_phase_at_origin,ABCDE,calibration,3,1,spectral_core,local_partition_rf,0,0.04,0,0.05
3278,2018-02,2017-02,12,0,True,0.0,master,valid_observed_phase_at_origin,ABCDE,calibration,3,1,spectral_core,local_partition_rf,0,0.02,0,0.02
3279,2018-02,2017-02,12,0,True,0.0,master,valid_observed_phase_at_origin,ABCDE,calibration,3,1,spectral_core,local_partition_rf,0,0.03,0,0.02
3280,2018-02,2017-02,12,0,True,0.0,master,valid_observed_phase_at_origin,ABCDE,calibration,3,1,spectral_core,local_partition_rf,0,0.05,0,0.06
3281,2018-02,2017-02,12,0,True,0.0,master,valid_observed_phase_at_origin,ABCDE,calibration,3,1,spectral_core,local_partition_rf,0,0.04,0,0.04
3282,2018-02,2017-02,12,0,True,0.0,master,valid_observed_phase_at_origin,ABCDE,calibration,3,1,spectral_core,local_partition_rf,0,0.03,0,0.06
3283,2018-02,2017-02,12,0,True,0.0,master,valid_observed_phase_at_origin,ABCDE,calibration,3,1,spectral_core,local_partition_rf,0,0.05,0,0.07
3284,2018-02,2017-02,12,0,True,0.0,master,valid_observed_phase_at_origin,ABCDE,calibration,3,1,spectral_core,local_partition_rf,0,0.02,0,0.07
3285,2018-02,2017-02,12,0,True,0.0,master,valid_observed_phase_at_origin,ABCDE,calibration,3,1,spectral_core,local_partition_rf,0,0.02,0,0.04
3286,2018-02,2017-02,12,0,True,0.0,master,valid_observed_phase_at_origin,ABCDE,calibration,3,1,spectral_core,local_partition_rf,0,0.02,0,0.03
3287,2018-02,2017-02,12,0,True,0.0,master,valid_observed_phase_at_origin,ABCDE,calibration,3,1,spectral_core,local_partition_rf,0,0.03,0,0.03
3288,2018-02,2017-02,12,0,True,0.0,master,valid_observed_phase_at_origin,ABCDE,calibration,3,1,spectral_core,local_partition_rf,0,0.01,0,0.04
3289,2018-02,2017-02,12,0,True,0.0,master,valid_observed_phase_at_origin,ABCDE,calibration,3,1,spectral_core,local_partition_rf,0,0.01,0,0.02
3290,2018-02,2017-02,12,0,True,0.0,master,valid_observed_phase_at_origin,ABCDE,calibration,3,1,spectral_core,local_partition_rf,0,0.04,0,0.05
3291,2018-02,2017-02,12,0,True,0.0,master,valid_observed_phase_at_origin,ABCDE,calibration,3,1,spectral_core,local_partition_rf,0,0.01,0,0.05
3292,2018-02,2017-02,12,0,True,0.0,master,valid_observed_phase_at_origin,ABCDE,calibration,3,1,spectral_core,local_partition_rf,0,0.03,0,0.04
3293,2018-02,2017-02,12,0,True,0.0,master,valid_observed_phase_at_origin,ABCDE,calibration,3,1,spectral_core,local_partition_rf,0,0.03,0,0.1
3294,2018-02,2017-02,12,0,True,0.0,master,valid_observed_phase_at_origin,ABCDE,calibration,3,1,spectral_core,local_partition_rf,0,0.01,0,0.12
3295,2018-02,2017-02,12,0,True,0.0,master,valid_observed_phase_at_origin,ABCDE,calibration,3,1,spectral_core,local_partition_rf,0,0.01,0,0.03
3296,2018-02,2017-02,12,0,True,0.0,master,valid_observed_phase_at_origin,ABCDE,calibration,3,1,spectral_core,local_partition_rf,0,0.04,0,0.07
3297,2018-02,2017-02,12,0,True,0.0,master,valid_observed_phase_at_origin,ABCDE,calibration,3,1,spectral_core,local_partition_rf,0,0.02,0,0.03
3298,2018-02,2017-02,12,0,True,0.0,master,valid_observed_phase_at_origin,ABCDE,calibration,3,1,spectral_core,local_partition_rf,0,0.06,0,0.08
3299,2018-02,2017-02,12,0,True,1.0,master,valid_observed_phase_at_origin,ABCDE,calibration,3,1,spectral_core,local_partition_rf,0,0.06,0,0.19
3300,2018-02,2017-02,12,0,True,0.0,master,valid_observed_phase_at_origin,ABCDE,calibration,3,1,spectral_core,local_partition_rf,0,0.03,0,0.07
3301,2018-02,2017-02,12,0,True,0.0,master,valid_observed_phase_at_origin,ABCDE,calibration,3,1,spectral_core,local_partition_rf,0,0.04,0,0.04
3302,2018-02,2017-02,12,0,True,0.0,master,valid_observed_phase_at_origin,ABCDE,calibration,3,1,spectral_core,local_partition_rf,0,0.04,0,0.03
3303,2018-02,2017-02,12,0,True,0.0,master,valid_observed_phase_at_origin,ABCDE,calibration,3,1,spectral_core,local_partition_rf,0,0.02,0,0.03
3304,2018-02,2017-02,12,0,True,0.0,master,valid_observed_phase_at_origin,ABCDE,calibration,3,1,spectral_core,local_partition_rf,0,0.01,0,0.1
3305,2018-02,2017-02,12,0,True,0.0,master,valid_observed_phase_at_origin,ABCDE,calibration,3,1,spectral_core,local_partition_rf,0,0.02,0,0.08
3306,2018-02,2017-02,12,0,True,0.0,master,valid_observed_phase_at_origin,ABCDE,calibration,3,1,spectral_core,local_partition_rf,0,0.05,0,0.08
3307,2018-02,2017-02,12,0,True,0.0,master,valid_observed_phase_at_origin,ABCDE,calibration,3,1,spectral_core,local_partition_rf,0,0.05,0,0.04
3308,2018-02,2017-02,12,0,True,0.0,master,valid_observed_phase_at_origin,ABCDE,calibration,3,1,spectral_core,local_partition_rf,0,0.04,0,0.08
3309,2018-02,2017-02,12,0,True,0.0,master,valid_observed_phase_at_origin,ABCDE,calibration,3,1,spectral_core,local_partition_rf,0,0.07,0,0.11
3310,2018-02,2017-02,12,0,True,0.0,master,valid_observed_phase_at_origin,ABCDE,calibration,3,1,spectral_core,local_partition_rf,0,0.07,0,0.07
3311,2018-02,2017-02,12,0,True,0.0,master,valid_observed_phase_at_origin,ABCDE,calibration,3,1,spectral_core,local_partition_rf,0,0.06,0,0.06
3312,2018-02,2017-02,12,0,True,0.0,master,valid_observed_phase_at_origin,ABCDE,calibration,3,1,spectral_core,local_partition_rf,0,0.05,0,0.11
3313,2018-02,2017-02,12,0,True,0.0,master,valid_observed_phase_at_origin,ABCDE,calibration,3,1,spectral_core,local_partition_rf,0,0.05,0,0.03
3314,2018-02,2017-02,12,0,True,0.0,master,valid_observed_phase_at_origin,ABCDE,calibration,3,1,spectral_core,local_partition_rf,0,0.04,0,0.04
3315,2018-02,2017-02,12,0,True,0.0,master,valid_observed_phase_at_origin,ABCDE,calibration,3,1,spectral_core,local_partition_rf,0,0.01,0,0.07
3316,2018-02,2017-02,12,0,True,0.0,master,valid_observed_phase_at_origin,ABCDE,calibration,3,1,spectral_core,local_partition_rf,0,0.04,0,0.04
3317,2018-02,2017-02,12,0,True,0.0,master,valid_observed_phase_at_origin,ABCDE,calibration,3,1,spectral_core,local_partition_rf,0,0.02,0,0.04
3318,2018-02,2017-02,12,0,True,0.0,master,valid_observed_phase_at_origin,ABCDE,calibration,3,1,spectral_core,local_partition_rf,0,0.01,0,0.03
3319,2018-02,2017-02,12,0,True,0.0,master,valid_observed_phase_at_origin,ABCDE,calibration,3,-1,unassigned_nearest_donor_beyond_100km,pooled_unassigned_area,0,0.13,0,0.13
3320,2018-02,2017-02,12,0,True,0.0,master,valid_observed_phase_at_origin,ABCDE,calibration,3,-1,unassigned_nearest_donor_beyond_100km,pooled_unassigned_area,0,0.1,0,0.1
3321,2018-02,2017-02,12,0,True,0.0,master,valid_observed_phase_at_origin,ABCDE,calibration,3,-1,unassigned_nearest_donor_beyond_100km,pooled_unassigned_area,0,0.11,0,0.11
3322,2018-02,2017-02,12,0,True,0.0,master,valid_observed_phase_at_origin,ABCDE,calibration,3,-1,unassigned_nearest_donor_beyond_100km,pooled_unassigned_area,0,0.11,0,0.11
3323,2018-02,2017-02,12,0,True,0.0,master,valid_observed_phase_at_origin,ABCDE,calibration,3,-1,unassigned_nearest_donor_beyond_100km,pooled_unassigned_area,0,0.12,0,0.12
3324,2018-02,2017-02,12,0,True,0.0,master,valid_observed_phase_at_origin,ABCDE,calibration,3,-1,unassigned_nearest_donor_beyond_100km,pooled_unassigned_area,0,0.11,0,0.11
3325,2018-02,2017-02,12,0,True,0.0,master,valid_observed_phase_at_origin,ABCDE,calibration,3,-1,unassigned_nearest_donor_beyond_100km,pooled_unassigned_area,0,0.11,0,0.11
3326,2018-02,2017-02,12,0,True,0.0,master,valid_observed_phase_at_origin,ABCDE,calibration,3,-1,unassigned_nearest_donor_beyond_100km,pooled_unassigned_area,0,0.12,0,0.12
3327,2018-02,2017-02,12,0,True,0.0,master,valid_observed_phase_at_origin,ABCDE,calibration,3,-1,unassigned_nearest_donor_beyond_100km,pooled_unassigned_area,0,0.1,0,0.1
3328,2018-02,2017-02,12,0,True,0.0,master,valid_observed_phase_at_origin,ABCDE,calibration,3,-1,unassigned_nearest_donor_beyond_100km,pooled_unassigned_area,0,0.15,0,0.15
3329,2018-02,2017-02,12,0,True,0.0,master,valid_observed_phase_at_origin,ABCDE,calibration,3,-1,unassigned_nearest_donor_beyond_100km,pooled_unassigned_area,0,0.11,0,0.11
3330,2018-02,2017-02,12,0,True,0.0,master,valid_observed_phase_at_origin,ABCDE,calibration,3,-1,unassigned_nearest_donor_beyond_100km,pooled_unassigned_area,0,0.09,0,0.09
3331,2018-02,2017-02,12,0,True,0.0,master,valid_observed_phase_at_origin,ABCDE,calibration,3,-1,unassigned_nearest_donor_beyond_100km,pooled_unassigned_area,0,0.18,0,0.18
3332,2018-02,2017-02,12,0,True,0.0,master,valid_observed_phase_at_origin,ABCDE,calibration,3,-1,unassigned_nearest_donor_beyond_100km,pooled_unassigned_area,0,0.25,0,0.25
3333,2018-02,2017-02,12,1,True,0.0,master,valid_observed_phase_at_origin,ABCDE,calibration,3,-1,unassigned_nearest_donor_beyond_100km,pooled_unassigned_area,0,0.24,0,0.24
3334,2018-02,2017-02,12,1,True,0.0,master,valid_observed_phase_at_origin,ABCDE,calibration,3,-1,unassigned_nearest_donor_beyond_100km,pooled_unassigned_area,0,0.22,0,0.22
3335,2018-02,2017-02,12,0,True,0.0,master,valid_observed_phase_at_origin,ABCDE,calibration,3,-1,unassigned_nearest_donor_beyond_100km,pooled_unassigned_area,0,0.2,0,0.2
3336,2018-02,2017-02,12,1,True,0.0,master,valid_observed_phase_at_origin,ABCDE,calibration,3,-1,unassigned_nearest_donor_beyond_100km,pooled_unassigned_area,0,0.26,0,0.26
3337,2018-02,2017-02,12,0,True,0.0,master,valid_observed_phase_at_origin,ABCDE,calibration,3,-1,unassigned_nearest_donor_beyond_100km,pooled_unassigned_area,0,0.11,0,0.11
3338,2018-02,2017-02,12,0,True,0.0,master,valid_observed_phase_at_origin,ABCDE,calibration,3,-1,unassigned_nearest_donor_beyond_100km,pooled_unassigned_area,0,0.14,0,0.14
3339,2018-02,2017-02,12,0,True,0.0,master,valid_observed_phase_at_origin,ABCDE,calibration,3,-1,unassigned_nearest_donor_beyond_100km,pooled_unassigned_area,0,0.11,0,0.11
3340,2018-02,2017-02,12,0,True,0.0,master,valid_observed_phase_at_origin,ABCDE,calibration,3,-1,unassigned_nearest_donor_beyond_100km,pooled_unassigned_area,0,0.11,0,0.11
3341,2018-02,2017-02,12,0,True,0.0,master,valid_observed_phase_at_origin,ABCDE,calibration,3,-1,unassigned_nearest_donor_beyond_100km,pooled_unassigned_area,0,0.11,0,0.11
3342,2018-02,2017-02,12,0,True,0.0,master,valid_observed_phase_at_origin,ABCDE,calibration,3,-1,unassigned_nearest_donor_beyond_100km,pooled_unassigned_area,0,0.13,0,0.13
3343,2018-02,2017-02,12,0,True,0.0,master,valid_observed_phase_at_origin,ABCDE,calibration,3,-1,unassigned_nearest_donor_beyond_100km,pooled_unassigned_area,0,0.1,0,0.1
3344,2018-02,2017-02,12,0,True,0.0,master,valid_observed_phase_at_origin,ABCDE,calibration,3,-1,unassigned_nearest_donor_beyond_100km,pooled_unassigned_area,0,0.1,0,0.1
3345,2018-02,2017-02,12,0,True,0.0,master,valid_observed_phase_at_origin,ABCDE,calibration,3,-1,unassigned_nearest_donor_beyond_100km,pooled_unassigned_area,0,0.22,0,0.22
3346,2018-02,2017-02,12,0,True,0.0,master,valid_observed_phase_at_origin,ABCDE,calibration,3,-1,unassigned_nearest_donor_beyond_100km,pooled_unassigned_area,0,0.11,0,0.11
3347,2018-02,2017-02,12,0,True,0.0,master,valid_observed_phase_at_origin,ABCDE,calibration,3,-1,unassigned_nearest_donor_beyond_100km,pooled_unassigned_area,0,0.14,0,0.14
3348,2018-02,2017-02,12,0,True,0.0,master,valid_observed_phase_at_origin,ABCDE,calibration,3,-1,unassigned_nearest_donor_beyond_100km,pooled_unassigned_area,0,0.11,0,0.11
3349,2018-02,2017-02,12,0,True,0.0,master,valid_observed_phase_at_origin,ABCDE,calibration,3,-1,unassigned_nearest_donor_beyond_100km,pooled_unassigned_area,0,0.13,0,0.13
3350,2018-02,2017-02,12,0,True,0.0,master,valid_observed_phase_at_origin,ABCDE,calibration,3,-1,unassigned_nearest_donor_beyond_100km,pooled_unassigned_area,0,0.14,0,0.14
3351,2018-02,2017-02,12,0,True,0.0,master,valid_observed_phase_at_origin,ABCDE,calibration,3,-1,unassigned_nearest_donor_beyond_100km,pooled_unassigned_area,0,0.12,0,0.12
3352,2018-02,2017-02,12,0,True,0.0,master,valid_observed_phase_at_origin,ABCDE,calibration,3,-1,unassigned_nearest_donor_beyond_100km,pooled_unassigned_area,0,0.12,0,0.12
3353,2018-02,2017-02,12,0,True,0.0,master,valid_observed_phase_at_origin,ABCDE,calibration,3,-1,unassigned_nearest_donor_beyond_100km,pooled_unassigned_area,0,0.07,0,0.07
3354,2018-02,2017-02,12,0,True,0.0,master,valid_observed_phase_at_origin,ABCDE,calibration,3,-1,unassigned_nearest_donor_beyond_100km,pooled_unassigned_area,0,0.11,0,0.11
3355,2018-02,2017-02,12,0,True,0.0,master,valid_observed_phase_at_origin,ABCDE,calibration,3,-1,unassigned_nearest_donor_beyond_100km,pooled_unassigned_area,0,0.09,0,0.09
3356,2018-02,2017-02,12,0,True,0.0,master,valid_observed_phase_at_origin,ABCDE,calibration,3,-1,unassigned_nearest_donor_beyond_100km,pooled_unassigned_area,0,0.12,0,0.12
3357,2018-02,2017-02,12,0,True,0.0,master,valid_observed_phase_at_origin,ABCDE,calibration,3,-1,unassigned_nearest_donor_beyond_100km,pooled_unassigned_area,0,0.14,0,0.14
3358,2018-02,2017-02,12,0,True,0.0,master,valid_observed_phase_at_origin,ABCDE,calibration,3,-1,unassigned_nearest_donor_beyond_100km,pooled_unassigned_area,0,0.16,0,0.16
3359,2018-02,2017-02,12,0,True,0.0,master,valid_observed_phase_at_origin,ABCDE,calibration,3,-1,unassigned_nearest_donor_beyond_100km,pooled_unassigned_area,0,0.14,0,0.14
3360,2018-02,2017-02,12,0,True,0.0,master,valid_observed_phase_at_origin,ABCDE,calibration,3,-1,unassigned_nearest_donor_beyond_100km,pooled_unassigned_area,0,0.17,0,0.17
3361,2018-02,2017-02,12,0,True,0.0,master,valid_observed_phase_at_origin,ABCDE,calibration,3,-1,unassigned_nearest_donor_beyond_100km,pooled_unassigned_area,0,0.15,0,0.15
3362,2018-02,2017-02,12,0,True,0.0,master,valid_observed_phase_at_origin,ABCDE,calibration,3,-1,unassigned_nearest_donor_beyond_100km,pooled_unassigned_area,0,0.1,0,0.1
3363,2018-02,2017-02,12,0,True,0.0,master,valid_observed_phase_at_origin,ABCDE,calibration,3,-1,unassigned_nearest_donor_beyond_100km,pooled_unassigned_area,0,0.14,0,0.14
3364,2018-02,2017-02,12,0,True,0.0,master,valid_observed_phase_at_origin,ABCDE,calibration,3,-1,unassigned_nearest_donor_beyond_100km,pooled_unassigned_area,0,0.1,0,0.1
3365,2018-02,2017-02,12,0,True,0.0,master,valid_observed_phase_at_origin,ABCDE,calibration,3,-1,unassigned_nearest_donor_beyond_100km,pooled_unassigned_area,0,0.13,0,0.13
3366,2018-02,2017-02,12,0,True,0.0,master,valid_observed_phase_at_origin,ABCDE,calibration,3,-1,unassigned_nearest_donor_beyond_100km,pooled_unassigned_area,0,0.12,0,0.12
3367,2018-02,2017-02,12,0,True,0.0,master,valid_observed_phase_at_origin,ABCDE,calibration,3,-1,unassigned_nearest_donor_beyond_100km,pooled_unassigned_area,0,0.09,0,0.09
3368,2018-02,2017-02,12,0,True,0.0,master,valid_observed_phase_at_origin,ABCDE,calibration,3,-1,unassigned_nearest_donor_beyond_100km,pooled_unassigned_area,0,0.12,0,0.12
3369,2018-02,2017-02,12,0,True,0.0,master,valid_observed_phase_at_origin,ABCDE,calibration,3,-1,unassigned_nearest_donor_beyond_100km,pooled_unassigned_area,0,0.08,0,0.08
3370,2018-02,2017-02,12,0,True,0.0,master,valid_observed_phase_at_origin,ABCDE,calibration,3,-1,unassigned_nearest_donor_beyond_100km,pooled_unassigned_area,0,0.09,0,0.09
3371,2018-02,2017-02,12,0,True,0.0,master,valid_observed_phase_at_origin,ABCDE,calibration,3,-1,unassigned_nearest_donor_beyond_100km,pooled_unassigned_area,0,0.08,0,0.08
3372,2018-02,2017-02,12,0,True,0.0,master,valid_observed_phase_at_origin,ABCDE,calibration,3,-1,unassigned_nearest_donor_beyond_100km,pooled_unassigned_area,0,0.14,0,0.14
3373,2018-02,2017-02,12,0,True,0.0,master,valid_observed_phase_at_origin,ABCDE,calibration,3,-1,unassigned_nearest_donor_beyond_100km,pooled_unassigned_area,0,0.12,0,0.12
3374,2018-02,2017-02,12,0,True,0.0,master,valid_observed_phase_at_origin,ABCDE,calibration,3,-1,unassigned_nearest_donor_beyond_100km,pooled_unassigned_area,0,0.13,0,0.13
3375,2018-02,2017-02,12,0,True,0.0,master,valid_observed_phase_at_origin,ABCDE,calibration,3,-1,unassigned_nearest_donor_beyond_100km,pooled_unassigned_area,0,0.15,0,0.15
3376,2018-02,2017-02,12,0,True,0.0,master,valid_observed_phase_at_origin,ABCDE,calibration,3,-1,unassigned_nearest_donor_beyond_100km,pooled_unassigned_area,0,0.12,0,0.12
3377,2018-02,2017-02,12,0,True,0.0,master,valid_observed_phase_at_origin,ABCDE,calibration,3,-1,unassigned_nearest_donor_beyond_100km,pooled_unassigned_area,0,0.12,0,0.12
3378,2018-02,2017-02,12,0,True,0.0,master,valid_observed_phase_at_origin,ABCDE,calibration,3,-1,unassigned_nearest_donor_beyond_100km,pooled_unassigned_area,0,0.16,0,0.16
3379,2018-02,2017-02,12,0,True,0.0,master,valid_observed_phase_at_origin,ABCDE,calibration,3,-1,unassigned_nearest_donor_beyond_100km,pooled_unassigned_area,0,0.12,0,0.12
3380,2018-02,2017-02,12,0,True,0.0,master,valid_observed_phase_at_origin,ABCDE,calibration,3,-1,unassigned_nearest_donor_beyond_100km,pooled_unassigned_area,0,0.13,0,0.13
3381,2018-02,2017-02,12,0,True,0.0,master,valid_observed_phase_at_origin,ABCDE,calibration,3,-1,unassigned_nearest_donor_beyond_100km,pooled_unassigned_area,0,0.12,0,0.12
3382,2018-02,2017-02,12,0,True,0.0,master,valid_observed_phase_at_origin,ABCDE,calibration,3,-1,unassigned_nearest_donor_beyond_100km,pooled_unassigned_area,0,0.14,0,0.14
3383,2018-02,2017-02,12,0,True,0.0,master,valid_observed_phase_at_origin,ABCDE,calibration,3,-1,unassigned_nearest_donor_beyond_100km,pooled_unassigned_area,0,0.15,0,0.15
3384,2018-02,2017-02,12,0,True,0.0,master,valid_observed_phase_at_origin,ABCDE,calibration,3,-1,unassigned_nearest_donor_beyond_100km,pooled_unassigned_area,0,0.12,0,0.12
3385,2018-02,2017-02,12,0,True,0.0,master,valid_observed_phase_at_origin,ABCDE,calibration,3,-1,unassigned_nearest_donor_beyond_100km,pooled_unassigned_area,0,0.08,0,0.08
3386,2018-02,2017-02,12,0,True,0.0,master,valid_observed_phase_at_origin,ABCDE,calibration,3,-1,unassigned_nearest_donor_beyond_100km,pooled_unassigned_area,0,0.12,0,0.12
3387,2018-02,2017-02,12,0,True,0.0,master,valid_observed_phase_at_origin,ABCDE,calibration,3,-1,unassigned_nearest_donor_beyond_100km,pooled_unassigned_area,0,0.11,0,0.11
3388,2018-02,2017-02,12,0,True,0.0,master,valid_observed_phase_at_origin,ABCDE,calibration,3,-1,unassigned_nearest_donor_beyond_100km,pooled_unassigned_area,0,0.15,0,0.15
3389,2018-02,2017-02,12,0,True,0.0,master,valid_observed_phase_at_origin,ABCDE,calibration,3,-1,unassigned_nearest_donor_beyond_100km,pooled_unassigned_area,0,0.19,0,0.19
3390,2018-02,2017-02,12,0,True,0.0,master,valid_observed_phase_at_origin,ABCDE,calibration,3,-1,unassigned_nearest_donor_beyond_100km,pooled_unassigned_area,0,0.19,0,0.19
3391,2018-02,2017-02,12,0,True,0.0,master,valid_observed_phase_at_origin,ABCDE,calibration,3,-1,unassigned_nearest_donor_beyond_100km,pooled_unassigned_area,0,0.26,0,0.26
3392,2018-02,2017-02,12,0,True,0.0,master,valid_observed_phase_at_origin,ABCDE,calibration,3,-1,unassigned_nearest_donor_beyond_100km,pooled_unassigned_area,0,0.12,0,0.12
3393,2018-02,2017-02,12,0,True,0.0,master,valid_observed_phase_at_origin,ABCDE,calibration,3,-1,unassigned_nearest_donor_beyond_100km,pooled_unassigned_area,0,0.25,0,0.25
3394,2018-02,2017-02,12,0,True,0.0,master,valid_observed_phase_at_origin,ABCDE,calibration,3,-1,unassigned_nearest_donor_beyond_100km,pooled_unassigned_area,0,0.15,0,0.15
3395,2018-02,2017-02,12,0,True,0.0,master,valid_observed_phase_at_origin,ABCDE,calibration,3,-1,unassigned_nearest_donor_beyond_100km,pooled_unassigned_area,0,0.24,0,0.24
3396,2018-02,2017-02,12,0,True,0.0,master,valid_observed_phase_at_origin,ABCDE,calibration,3,-1,unassigned_nearest_donor_beyond_100km,pooled_unassigned_area,0,0.21,0,0.21
3397,2018-02,2017-02,12,0,True,0.0,master,valid_observed_phase_at_origin,ABCDE,calibration,3,-1,unassigned_nearest_donor_beyond_100km,pooled_unassigned_area,0,0.21,0,0.21
3398,2018-02,2017-02,12,1,True,0.0,master,valid_observed_phase_at_origin,ABCDE,calibration,3,-1,unassigned_nearest_donor_beyond_100km,pooled_unassigned_area,0,0.23,0,0.23
3399,2018-02,2017-02,12,1,True,0.0,master,valid_observed_phase_at_origin,ABCDE,calibration,3,-1,unassigned_nearest_donor_beyond_100km,pooled_unassigned_area,0,0.17,0,0.17
3400,2018-02,2017-02,12,1,True,0.0,master,valid_observed_phase_at_origin,ABCDE,calibration,3,-1,unassigned_nearest_donor_beyond_100km,pooled_unassigned_area,0,0.18,0,0.18
3401,2018-02,2017-02,12,0,True,0.0,master,valid_observed_phase_at_origin,ABCDE,calibration,3,-1,unassigned_nearest_donor_beyond_100km,pooled_unassigned_area,0,0.26,0,0.26
3402,2018-02,2017-02,12,0,True,0.0,master,valid_observed_phase_at_origin,ABCDE,calibration,3,-1,unassigned_nearest_donor_beyond_100km,pooled_unassigned_area,0,0.2,0,0.2
3403,2018-02,2017-02,12,1,True,0.0,master,valid_observed_phase_at_origin,ABCDE,calibration,3,-1,unassigned_nearest_donor_beyond_100km,pooled_unassigned_area,0,0.25,0,0.25
3404,2018-02,2017-02,12,1,True,0.0,master,valid_observed_phase_at_origin,ABCDE,calibration,3,-1,unassigned_nearest_donor_beyond_100km,pooled_unassigned_area,0,0.24,0,0.24
3405,2018-02,2017-02,12,0,True,0.0,master,valid_observed_phase_at_origin,ABCDE,calibration,3,-1,unassigned_nearest_donor_beyond_100km,pooled_unassigned_area,0,0.21,0,0.21
3406,2018-02,2017-02,12,1,True,0.0,master,valid_observed_phase_at_origin,ABCDE,calibration,3,-1,unassigned_nearest_donor_beyond_100km,pooled_unassigned_area,0,0.12,0,0.12
3407,2018-02,2017-02,12,1,True,0.0,master,valid_observed_phase_at_origin,ABCDE,calibration,3,-1,unassigned_nearest_donor_beyond_100km,pooled_unassigned_area,0,0.2,0,0.2
3408,2018-02,2017-02,12,0,True,0.0,master,valid_observed_phase_at_origin,ABCDE,calibration,3,-1,unassigned_nearest_donor_beyond_100km,pooled_unassigned_area,0,0.1,0,0.1
3409,2018-02,2017-02,12,0,True,0.0,master,valid_observed_phase_at_origin,ABCDE,calibration,3,-1,unassigned_nearest_donor_beyond_100km,pooled_unassigned_area,0,0.12,0,0.12
3410,2018-02,2017-02,12,0,True,0.0,master,valid_observed_phase_at_origin,ABCDE,calibration,3,-1,unassigned_nearest_donor_beyond_100km,pooled_unassigned_area,0,0.12,0,0.12
3411,2018-02,2017-02,12,0,True,0.0,master,valid_observed_phase_at_origin,ABCDE,calibration,3,-1,unassigned_nearest_donor_beyond_100km,pooled_unassigned_area,0,0.07,0,0.07
3412,2018-02,2017-02,12,0,True,0.0,master,valid_observed_phase_at_origin,ABCDE,calibration,3,-1,unassigned_nearest_donor_beyond_100km,pooled_unassigned_area,0,0.1,0,0.1
3413,2018-02,2017-02,12,0,True,0.0,master,valid_observed_phase_at_origin,ABCDE,calibration,3,-1,unassigned_nearest_donor_beyond_100km,pooled_unassigned_area,0,0.08,0,0.08
3414,2018-02,2017-02,12,0,True,0.0,master,valid_observed_phase_at_origin,ABCDE,calibration,3,-1,unassigned_nearest_donor_beyond_100km,pooled_unassigned_area,0,0.05,0,0.05
3415,2018-02,2017-02,12,0,True,0.0,master,valid_observed_phase_at_origin,ABCDE,calibration,3,-1,unassigned_nearest_donor_beyond_100km,pooled_unassigned_area,0,0.07,0,0.07
3416,2018-02,2017-02,12,0,True,0.0,master,valid_observed_phase_at_origin,ABCDE,calibration,3,-1,unassigned_nearest_donor_beyond_100km,pooled_unassigned_area,0,0.1,0,0.1
3417,2018-02,2017-02,12,0,True,0.0,master,valid_observed_phase_at_origin,ABCDE,calibration,3,-1,unassigned_nearest_donor_beyond_100km,pooled_unassigned_area,0,0.09,0,0.09
3418,2018-02,2017-02,12,0,True,0.0,master,valid_observed_phase_at_origin,ABCDE,calibration,3,-1,unassigned_nearest_donor_beyond_100km,pooled_unassigned_area,0,0.11,0,0.11
3419,2018-02,2017-02,12,0,True,0.0,master,valid_observed_phase_at_origin,ABCDE,calibration,3,-1,unassigned_nearest_donor_beyond_100km,pooled_unassigned_area,0,0.11,0,0.11
3420,2018-02,2017-02,12,0,True,0.0,master,valid_observed_phase_at_origin,ABCDE,calibration,3,-1,unassigned_nearest_donor_beyond_100km,pooled_unassigned_area,0,0.17,0,0.17
3421,2018-02,2017-02,12,0,True,0.0,master,valid_observed_phase_at_origin,ABCDE,calibration,3,-1,unassigned_nearest_donor_beyond_100km,pooled_unassigned_area,0,0.09,0,0.09
3422,2018-02,2017-02,12,0,True,0.0,master,valid_observed_phase_at_origin,ABCDE,calibration,3,-1,unassigned_nearest_donor_beyond_100km,pooled_unassigned_area,0,0.09,0,0.09
3423,2018-02,2017-02,12,0,True,0.0,master,valid_observed_phase_at_origin,ABCDE,calibration,3,-1,unassigned_nearest_donor_beyond_100km,pooled_unassigned_area,0,0.14,0,0.14
3424,2018-02,2017-02,12,0,True,0.0,master,valid_observed_phase_at_origin,ABCDE,calibration,3,-1,unassigned_nearest_donor_beyond_100km,pooled_unassigned_area,0,0.1,0,0.1
3425,2018-02,2017-02,12,0,True,0.0,master,valid_observed_phase_at_origin,ABCDE,calibration,3,-1,unassigned_nearest_donor_beyond_100km,pooled_unassigned_area,0,0.07,0,0.07
3426,2018-02,2017-02,12,0,True,0.0,master,valid_observed_phase_at_origin,ABCDE,calibration,3,-1,unassigned_nearest_donor_beyond_100km,pooled_unassigned_area,0,0.07,0,0.07
3427,2018-02,2017-02,12,0,True,0.0,master,valid_observed_phase_at_origin,ABCDE,calibration,3,-1,unassigned_nearest_donor_beyond_100km,pooled_unassigned_area,0,0.18,0,0.18
3428,2018-02,2017-02,12,0,True,0.0,master,valid_observed_phase_at_origin,ABCDE,calibration,3,-1,unassigned_nearest_donor_beyond_100km,pooled_unassigned_area,0,0.14,0,0.14
3429,2018-02,2017-02,12,0,True,0.0,master,valid_observed_phase_at_origin,ABCDE,calibration,3,-1,unassigned_nearest_donor_beyond_100km,pooled_unassigned_area,0,0.1,0,0.1
3430,2018-02,2017-02,12,0,True,0.0,master,valid_observed_phase_at_origin,ABCDE,calibration,3,-1,unassigned_nearest_donor_beyond_100km,pooled_unassigned_area,0,0.15,0,0.15
3431,2018-02,2017-02,12,0,True,0.0,master,valid_observed_phase_at_origin,ABCDE,calibration,3,-1,unassigned_nearest_donor_beyond_100km,pooled_unassigned_area,0,0.16,0,0.16
3432,2018-02,2017-02,12,0,True,0.0,master,valid_observed_phase_at_origin,ABCDE,calibration,3,-1,unassigned_nearest_donor_beyond_100km,pooled_unassigned_area,0,0.17,0,0.17
3433,2018-02,2017-02,12,0,True,0.0,master,valid_observed_phase_at_origin,ABCDE,calibration,3,-1,unassigned_nearest_donor_beyond_100km,pooled_unassigned_area,0,0.18,0,0.18
3434,2018-02,2017-02,12,0,True,0.0,master,valid_observed_phase_at_origin,ABCDE,calibration,3,-1,unassigned_nearest_donor_beyond_100km,pooled_unassigned_area,0,0.14,0,0.14
3435,2018-02,2017-02,12,0,True,0.0,master,valid_observed_phase_at_origin,ABCDE,calibration,3,-1,unassigned_nearest_donor_beyond_100km,pooled_unassigned_area,0,0.17,0,0.17
3436,2018-02,2017-02,12,0,True,0.0,master,valid_observed_phase_at_origin,ABCDE,calibration,3,-1,unassigned_nearest_donor_beyond_100km,pooled_unassigned_area,0,0.13,0,0.13
3437,2018-02,2017-02,12,0,True,0.0,master,valid_observed_phase_at_origin,ABCDE,calibration,3,-1,unassigned_nearest_donor_beyond_100km,pooled_unassigned_area,0,0.16,0,0.16
3438,2018-02,2017-02,12,0,True,0.0,master,valid_observed_phase_at_origin,ABCDE,calibration,3,-1,unassigned_nearest_donor_beyond_100km,pooled_unassigned_area,0,0.12,0,0.12
3439,2018-02,2017-02,12,0,True,0.0,master,valid_observed_phase_at_origin,ABCDE,calibration,3,-1,unassigned_nearest_donor_beyond_100km,pooled_unassigned_area,0,0.13,0,0.13
3440,2018-02,2017-02,12,0,True,0.0,master,valid_observed_phase_at_origin,ABCDE,calibration,3,-1,unassigned_nearest_donor_beyond_100km,pooled_unassigned_area,0,0.12,0,0.12
3441,2018-02,2017-02,12,0,True,0.0,master,valid_observed_phase_at_origin,ABCDE,calibration,3,-1,unassigned_nearest_donor_beyond_100km,pooled_unassigned_area,0,0.1,0,0.1
3442,2018-02,2017-02,12,0,True,0.0,master,valid_observed_phase_at_origin,ABCDE,calibration,3,-1,unassigned_nearest_donor_beyond_100km,pooled_unassigned_area,0,0.13,0,0.13
3443,2018-02,2017-02,12,0,True,0.0,master,valid_observed_phase_at_origin,ABCDE,calibration,3,-1,unassigned_nearest_donor_beyond_100km,pooled_unassigned_area,0,0.17,0,0.17
3444,2018-02,2017-02,12,0,True,0.0,master,valid_observed_phase_at_origin,ABCDE,calibration,3,-1,unassigned_nearest_donor_beyond_100km,pooled_unassigned_area,0,0.13,0,0.13
3445,2018-02,2017-02,12,0,True,0.0,master,valid_observed_phase_at_origin,ABCDE,calibration,3,-1,unassigned_nearest_donor_beyond_100km,pooled_unassigned_area,0,0.13,0,0.13
3446,2018-02,2017-02,12,0,True,0.0,master,valid_observed_phase_at_origin,ABCDE,calibration,3,-1,unassigned_nearest_donor_beyond_100km,pooled_unassigned_area,0,0.11,0,0.11
3447,2018-02,2017-02,12,0,True,0.0,master,valid_observed_phase_at_origin,ABCDE,calibration,3,-1,unassigned_nearest_donor_beyond_100km,pooled_unassigned_area,0,0.16,0,0.16
3448,2018-02,2017-02,12,0,True,0.0,master,valid_observed_phase_at_origin,ABCDE,calibration,3,-1,unassigned_nearest_donor_beyond_100km,pooled_unassigned_area,0,0.13,0,0.13
3449,2018-02,2017-02,12,0,True,0.0,master,valid_observed_phase_at_origin,ABCDE,calibration,3,-1,unassigned_nearest_donor_beyond_100km,pooled_unassigned_area,0,0.19,0,0.19
3450,2018-02,2017-02,12,0,True,0.0,master,valid_observed_phase_at_origin,ABCDE,calibration,3,-1,unassigned_nearest_donor_beyond_100km,pooled_unassigned_area,0,0.15,0,0.15
3451,2018-02,2017-02,12,0,True,0.0,master,valid_observed_phase_at_origin,ABCDE,calibration,3,-1,unassigned_nearest_donor_beyond_100km,pooled_unassigned_area,0,0.17,0,0.17
3452,2018-02,2017-02,12,0,True,0.0,master,valid_observed_phase_at_origin,ABCDE,calibration,3,-1,unassigned_nearest_donor_beyond_100km,pooled_unassigned_area,0,0.2,0,0.2
3453,2018-02,2017-02,12,0,True,0.0,master,valid_observed_phase_at_origin,ABCDE,calibration,3,-1,unassigned_nearest_donor_beyond_100km,pooled_unassigned_area,0,0.2,0,0.2
3454,2018-02,2017-02,12,1,True,0.0,master,valid_observed_phase_at_origin,ABCDE,calibration,3,-1,unassigned_nearest_donor_beyond_100km,pooled_unassigned_area,0,0.21,0,0.21
3455,2018-02,2017-02,12,0,True,0.0,master,valid_observed_phase_at_origin,ABCDE,calibration,3,-1,unassigned_nearest_donor_beyond_100km,pooled_unassigned_area,0,0.1,0,0.1
3456,2018-02,2017-02,12,0,True,0.0,master,valid_observed_phase_at_origin,ABCDE,calibration,3,-1,unassigned_nearest_donor_beyond_100km,pooled_unassigned_area,0,0.11,0,0.11
3457,2018-02,2017-02,12,0,True,0.0,master,valid_observed_phase_at_origin,ABCDE,calibration,3,-1,unassigned_nearest_donor_beyond_100km,pooled_unassigned_area,0,0.13,0,0.13
3458,2018-02,2017-02,12,0,True,0.0,master,valid_observed_phase_at_origin,ABCDE,calibration,3,-1,unassigned_nearest_donor_beyond_100km,pooled_unassigned_area,0,0.09,0,0.09
3459,2018-02,2017-02,12,0,True,0.0,master,valid_observed_phase_at_origin,ABCDE,calibration,3,-1,unassigned_nearest_donor_beyond_100km,pooled_unassigned_area,0,0.13,0,0.13
3460,2018-02,2017-02,12,0,True,0.0,master,valid_observed_phase_at_origin,ABCDE,calibration,3,-1,unassigned_nearest_donor_beyond_100km,pooled_unassigned_area,0,0.1,0,0.1
3461,2018-02,2017-02,12,0,True,0.0,master,valid_observed_phase_at_origin,ABCDE,calibration,3,-1,unassigned_nearest_donor_beyond_100km,pooled_unassigned_area,0,0.12,0,0.12
3462,2018-02,2017-02,12,0,True,0.0,master,valid_observed_phase_at_origin,ABCDE,calibration,3,-1,unassigned_nearest_donor_beyond_100km,pooled_unassigned_area,0,0.1,0,0.1
3463,2018-02,2017-02,12,0,True,0.0,master,valid_observed_phase_at_origin,ABCDE,calibration,3,-1,unassigned_nearest_donor_beyond_100km,pooled_unassigned_area,0,0.06,0,0.06
3464,2018-02,2017-02,12,0,True,0.0,master,valid_observed_phase_at_origin,ABCDE,calibration,3,-1,unassigned_nearest_donor_beyond_100km,pooled_unassigned_area,0,0.13,0,0.13
3465,2018-02,2017-02,12,0,True,0.0,master,valid_observed_phase_at_origin,ABCDE,calibration,3,-1,unassigned_nearest_donor_beyond_100km,pooled_unassigned_area,0,0.09,0,0.09
3466,2018-02,2017-02,12,0,True,0.0,master,valid_observed_phase_at_origin,ABCDE,calibration,3,-1,unassigned_nearest_donor_beyond_100km,pooled_unassigned_area,0,0.11,0,0.11
3467,2018-02,2017-02,12,0,True,0.0,master,valid_observed_phase_at_origin,ABCDE,calibration,3,-1,unassigned_nearest_donor_beyond_100km,pooled_unassigned_area,0,0.1,0,0.1
3468,2018-02,2017-02,12,0,True,0.0,master,valid_observed_phase_at_origin,ABCDE,calibration,3,-1,unassigned_nearest_donor_beyond_100km,pooled_unassigned_area,0,0.09,0,0.09
3469,2018-02,2017-02,12,0,True,0.0,master,valid_observed_phase_at_origin,ABCDE,calibration,3,-1,unassigned_nearest_donor_beyond_100km,pooled_unassigned_area,0,0.08,0,0.08
3470,2018-02,2017-02,12,0,True,0.0,master,valid_observed_phase_at_origin,ABCDE,calibration,3,-1,unassigned_nearest_donor_beyond_100km,pooled_unassigned_area,0,0.09,0,0.09
3471,2018-02,2017-02,12,0,True,0.0,master,valid_observed_phase_at_origin,ABCDE,calibration,3,-1,unassigned_nearest_donor_beyond_100km,pooled_unassigned_area,0,0.07,0,0.07
3472,2018-02,2017-02,12,0,True,0.0,master,valid_observed_phase_at_origin,ABCDE,calibration,3,-1,unassigned_nearest_donor_beyond_100km,pooled_unassigned_area,0,0.13,0,0.13
3473,2018-02,2017-02,12,0,True,0.0,master,valid_observed_phase_at_origin,ABCDE,calibration,3,5,spectral_core,local_partition_rf,0,0.07,0,0.09
3474,2018-02,2017-02,12,0,True,0.0,master,valid_observed_phase_at_origin,ABCDE,calibration,3,5,spectral_core,local_partition_rf,0,0.06,0,0.1
3475,2018-02,2017-02,12,0,True,0.0,master,valid_observed_phase_at_origin,ABCDE,calibration,3,5,spectral_core,local_partition_rf,0,0.07,0,0.11
3476,2018-02,2017-02,12,0,True,0.0,master,valid_observed_phase_at_origin,ABCDE,calibration,3,5,spectral_core,local_partition_rf,0,0.06,0,0.1
3477,2018-02,2017-02,12,0,True,0.0,master,valid_observed_phase_at_origin,ABCDE,calibration,3,5,spectral_core,local_partition_rf,0,0.09,0,0.06
3478,2018-02,2017-02,12,0,True,0.0,master,valid_observed_phase_at_origin,ABCDE,calibration,3,5,spectral_core,local_partition_rf,0,0.08,0,0.09
3479,2018-02,2017-02,12,0,True,0.0,master,valid_observed_phase_at_origin,ABCDE,calibration,3,5,spectral_core,local_partition_rf,0,0.06,0,0.1
3480,2018-02,2017-02,12,0,True,0.0,master,valid_observed_phase_at_origin,ABCDE,calibration,3,5,spectral_core,local_partition_rf,0,0.07,0,0.11
3481,2018-02,2017-02,12,0,True,0.0,master,valid_observed_phase_at_origin,ABCDE,calibration,3,5,spectral_core,local_partition_rf,0,0.07,0,0.12
3482,2018-02,2017-02,12,0,True,0.0,master,valid_observed_phase_at_origin,ABCDE,calibration,3,5,spectral_core,local_partition_rf,0,0.13,0,0.1
3483,2018-02,2017-02,12,0,True,0.0,master,valid_observed_phase_at_origin,ABCDE,calibration,3,5,spectral_core,local_partition_rf,0,0.1,0,0.12
3484,2018-02,2017-02,12,0,True,0.0,master,valid_observed_phase_at_origin,ABCDE,calibration,3,5,spectral_core,local_partition_rf,0,0.06,0,0.14
3485,2018-02,2017-02,12,0,True,0.0,master,valid_observed_phase_at_origin,ABCDE,calibration,3,5,spectral_core,local_partition_rf,0,0.08,0,0.12
3486,2018-02,2017-02,12,0,True,0.0,master,valid_observed_phase_at_origin,ABCDE,calibration,3,5,spectral_core,local_partition_rf,0,0.12,0,0.11
3487,2018-02,2017-02,12,0,True,0.0,master,valid_observed_phase_at_origin,ABCDE,calibration,3,5,spectral_core,local_partition_rf,0,0.07,0,0.07
3488,2018-02,2017-02,12,0,True,0.0,master,valid_observed_phase_at_origin,ABCDE,calibration,3,5,spectral_core,local_partition_rf,0,0.07,0,0.09
3489,2018-02,2017-02,12,0,True,0.0,master,valid_observed_phase_at_origin,ABCDE,calibration,3,5,spectral_core,local_partition_rf,0,0.06,0,0.1
3490,2018-02,2017-02,12,0,True,0.0,master,valid_observed_phase_at_origin,ABCDE,calibration,3,5,spectral_core,local_partition_rf,0,0.07,0,0.09
3491,2018-02,2017-02,12,0,True,0.0,master,valid_observed_phase_at_origin,ABCDE,calibration,3,5,spectral_core,local_partition_rf,0,0.07,0,0.07
3492,2018-02,2017-02,12,0,True,0.0,master,valid_observed_phase_at_origin,ABCDE,calibration,3,5,spectral_core,local_partition_rf,0,0.07,0,0.06
3493,2018-02,2017-02,12,0,True,0.0,master,valid_observed_phase_at_origin,ABCDE,calibration,3,5,spectral_core,local_partition_rf,0,0.07,0,0.12
3494,2018-02,2017-02,12,0,True,0.0,master,valid_observed_phase_at_origin,ABCDE,calibration,3,5,spectral_core,local_partition_rf,0,0.05,0,0.11
3495,2018-02,2017-02,12,0,True,0.0,master,valid_observed_phase_at_origin,ABCDE,calibration,3,5,spectral_core,local_partition_rf,0,0.06,0,0.09
3496,2018-02,2017-02,12,0,True,0.0,master,valid_observed_phase_at_origin,ABCDE,calibration,3,5,spectral_core,local_partition_rf,0,0.18,0,0.07
3497,2018-02,2017-02,12,0,True,0.0,master,valid_observed_phase_at_origin,ABCDE,calibration,3,5,spectral_core,local_partition_rf,0,0.08,0,0.08
3498,2018-02,2017-02,12,0,True,0.0,master,valid_observed_phase_at_origin,ABCDE,calibration,3,5,spectral_core,local_partition_rf,0,0.06,0,0.09
3499,2018-02,2017-02,12,0,True,0.0,master,valid_observed_phase_at_origin,ABCDE,calibration,3,5,spectral_core,local_partition_rf,0,0.06,0,0.06
3500,2018-02,2017-02,12,0,True,0.0,master,valid_observed_phase_at_origin,ABCDE,calibration,3,5,spectral_core,local_partition_rf,0,0.07,0,0.07
3501,2018-02,2017-02,12,0,True,0.0,master,valid_observed_phase_at_origin,ABCDE,calibration,3,5,spectral_core,local_partition_rf,0,0.06,0,0.07
3502,2018-02,2017-02,12,0,True,0.0,master,valid_observed_phase_at_origin,ABCDE,calibration,3,7,spectral_core,local_partition_rf,0,0.09,0,0.07
3503,2018-02,2017-02,12,0,True,0.0,master,valid_observed_phase_at_origin,ABCDE,calibration,3,5,spectral_core,local_partition_rf,0,0.05,0,0.07
3504,2018-02,2017-02,12,0,True,0.0,master,valid_observed_phase_at_origin,ABCDE,calibration,3,7,spectral_core,local_partition_rf,0,0.09,0,0.08
3505,2018-02,2017-02,12,0,True,0.0,master,valid_observed_phase_at_origin,ABCDE,calibration,3,5,spectral_core,local_partition_rf,0,0.06,0,0.18
3506,2018-02,2017-02,12,0,True,0.0,master,valid_observed_phase_at_origin,ABCDE,calibration,3,5,spectral_core,local_partition_rf,0,0.08,0,0.11
3507,2018-02,2017-02,12,0,True,0.0,master,valid_observed_phase_at_origin,ABCDE,calibration,3,5,spectral_core,local_partition_rf,0,0.09,0,0.18
3508,2018-02,2017-02,12,0,True,0.0,master,valid_observed_phase_at_origin,ABCDE,calibration,3,5,spectral_core,local_partition_rf,0,0.03,0,0.15
3509,2018-02,2017-02,12,0,True,0.0,master,valid_observed_phase_at_origin,ABCDE,calibration,3,5,spectral_core,local_partition_rf,0,0.04,0,0.15
3510,2018-02,2017-02,12,0,True,0.0,master,valid_observed_phase_at_origin,ABCDE,calibration,3,5,spectral_core,local_partition_rf,0,0.1,0,0.2
3511,2018-02,2017-02,12,0,True,0.0,master,valid_observed_phase_at_origin,ABCDE,calibration,3,5,spectral_core,local_partition_rf,0,0.08,0,0.17
3512,2018-02,2017-02,12,0,True,0.0,master,valid_observed_phase_at_origin,ABCDE,calibration,3,5,spectral_core,local_partition_rf,0,0.06,0,0.1
3513,2018-02,2017-02,12,0,True,0.0,master,valid_observed_phase_at_origin,ABCDE,calibration,3,5,spectral_core,local_partition_rf,0,0.06,0,0.15
3514,2018-02,2017-02,12,0,True,0.0,master,valid_observed_phase_at_origin,ABCDE,calibration,3,5,spectral_core,local_partition_rf,0,0.07,0,0.1
3515,2018-02,2017-02,12,0,True,0.0,master,valid_observed_phase_at_origin,ABCDE,calibration,3,5,spectral_core,local_partition_rf,0,0.09,0,0.07
3516,2018-02,2017-02,12,0,True,0.0,master,valid_observed_phase_at_origin,ABCDE,calibration,3,5,spectral_core,local_partition_rf,0,0.09,0,0.11
3517,2018-02,2017-02,12,0,True,0.0,master,valid_observed_phase_at_origin,ABCDE,calibration,3,5,spectral_core,local_partition_rf,0,0.09,0,0.18
3518,2018-02,2017-02,12,0,True,0.0,master,valid_observed_phase_at_origin,ABCDE,calibration,3,5,spectral_core,local_partition_rf,0,0.07,0,0.09
3519,2018-02,2017-02,12,0,True,0.0,master,valid_observed_phase_at_origin,ABCDE,calibration,3,5,spectral_core,local_partition_rf,0,0.07,0,0.06
3520,2018-02,2017-02,12,0,True,0.0,master,valid_observed_phase_at_origin,ABCDE,calibration,3,5,spectral_core,local_partition_rf,0,0.12,0,0.14
3521,2018-02,2017-02,12,0,True,0.0,master,valid_observed_phase_at_origin,ABCDE,calibration,3,5,spectral_core,local_partition_rf,0,0.07,0,0.07
3522,2018-02,2017-02,12,0,True,0.0,master,valid_observed_phase_at_origin,ABCDE,calibration,3,5,spectral_core,local_partition_rf,0,0.08,0,0.1
3523,2018-02,2017-02,12,0,True,0.0,master,valid_observed_phase_at_origin,ABCDE,calibration,3,5,spectral_core,local_partition_rf,0,0.07,0,0.13
3524,2018-02,2017-02,12,0,True,0.0,master,valid_observed_phase_at_origin,ABCDE,calibration,3,5,spectral_core,local_partition_rf,0,0.06,0,0.13
3525,2018-02,2017-02,12,0,True,0.0,master,valid_observed_phase_at_origin,ABCDE,calibration,3,5,spectral_core,local_partition_rf,0,0.04,0,0.07
3526,2018-02,2017-02,12,0,True,0.0,master,valid_observed_phase_at_origin,ABCDE,calibration,3,5,spectral_core,local_partition_rf,0,0.06,0,0.04
3527,2018-02,2017-02,12,0,True,0.0,master,valid_observed_phase_at_origin,ABCDE,calibration,3,5,spectral_core,local_partition_rf,0,0.07,0,0.04
3528,2018-02,2017-02,12,0,True,0.0,master,valid_observed_phase_at_origin,ABCDE,calibration,3,5,spectral_core,local_partition_rf,0,0.06,0,0.09
3529,2018-02,2017-02,12,0,True,0.0,master,valid_observed_phase_at_origin,ABCDE,calibration,3,5,spectral_core,local_partition_rf,0,0.07,0,0.07
3530,2018-02,2017-02,12,0,True,0.0,master,valid_observed_phase_at_origin,ABCDE,calibration,3,5,spectral_core,local_partition_rf,0,0.07,0,0.08
3531,2018-02,2017-02,12,0,True,0.0,master,valid_observed_phase_at_origin,ABCDE,calibration,3,5,spectral_core,local_partition_rf,0,0.07,0,0.11
3532,2018-02,2017-02,12,0,True,0.0,master,valid_observed_phase_at_origin,ABCDE,calibration,3,5,spectral_core,local_partition_rf,0,0.06,0,0.08
3533,2018-02,2017-02,12,0,True,0.0,master,valid_observed_phase_at_origin,ABCDE,calibration,3,5,spectral_core,local_partition_rf,0,0.07,0,0.06
3534,2018-02,2017-02,12,1,True,0.0,master,valid_observed_phase_at_origin,ABCDE,calibration,3,5,spectral_core,local_partition_rf,0,0.13,0,0.14
3535,2018-02,2017-02,12,1,True,0.0,master,valid_observed_phase_at_origin,ABCDE,calibration,3,5,spectral_core,local_partition_rf,0,0.12,0,0.16
3536,2018-02,2017-02,12,1,True,0.0,master,valid_observed_phase_at_origin,ABCDE,calibration,3,5,spectral_core,local_partition_rf,0,0.11,0,0.19
3537,2018-02,2017-02,12,1,True,0.0,master,valid_observed_phase_at_origin,ABCDE,calibration,3,5,spectral_core,local_partition_rf,0,0.16,0,0.11
3538,2018-02,2017-02,12,1,True,0.0,master,valid_observed_phase_at_origin,ABCDE,calibration,3,5,spectral_core,local_partition_rf,0,0.11,0,0.15
3539,2018-02,2017-02,12,0,True,0.0,master,valid_observed_phase_at_origin,ABCDE,calibration,3,5,spectral_core,local_partition_rf,0,0.06,0,0.05
3540,2018-02,2017-02,12,0,True,0.0,master,valid_observed_phase_at_origin,ABCDE,calibration,3,5,spectral_core,local_partition_rf,0,0.06,0,0.06
3541,2018-02,2017-02,12,0,True,0.0,master,valid_observed_phase_at_origin,ABCDE,calibration,3,5,spectral_core,local_partition_rf,0,0.06,0,0.06
3542,2018-02,2017-02,12,0,True,0.0,master,valid_observed_phase_at_origin,ABCDE,calibration,3,5,spectral_core,local_partition_rf,0,0.06,0,0.1
3543,2018-02,2017-02,12,0,True,0.0,master,valid_observed_phase_at_origin,ABCDE,calibration,3,5,spectral_core,local_partition_rf,0,0.06,0,0.04
3544,2018-02,2017-02,12,0,True,0.0,master,valid_observed_phase_at_origin,ABCDE,calibration,3,5,spectral_core,local_partition_rf,0,0.06,0,0.05
3545,2018-02,2017-02,12,0,True,0.0,master,valid_observed_phase_at_origin,ABCDE,calibration,3,5,spectral_core,local_partition_rf,0,0.07,0,0.08
3546,2018-02,2017-02,12,0,True,0.0,master,valid_observed_phase_at_origin,ABCDE,calibration,3,5,spectral_core,local_partition_rf,0,0.06,0,0.06
3547,2018-02,2017-02,12,0,True,0.0,master,valid_observed_phase_at_origin,ABCDE,calibration,3,5,spectral_core,local_partition_rf,0,0.04,0,0.11
3548,2018-02,2017-02,12,0,True,0.0,master,valid_observed_phase_at_origin,ABCDE,calibration,3,5,spectral_core,local_partition_rf,0,0.04,0,0.12
3549,2018-02,2017-02,12,0,True,0.0,master,valid_observed_phase_at_origin,ABCDE,calibration,3,5,spectral_core,local_partition_rf,0,0.05,0,0.17
3550,2018-02,2017-02,12,0,True,0.0,master,valid_observed_phase_at_origin,ABCDE,calibration,3,5,spectral_core,local_partition_rf,0,0.04,0,0.11
3551,2018-02,2017-02,12,0,True,0.0,master,valid_observed_phase_at_origin,ABCDE,calibration,3,5,spectral_core,local_partition_rf,0,0.04,0,0.12
3552,2018-02,2017-02,12,0,True,0.0,master,valid_observed_phase_at_origin,ABCDE,calibration,3,5,spectral_core,local_partition_rf,0,0.05,0,0.14
3553,2018-02,2017-02,12,0,True,0.0,master,valid_observed_phase_at_origin,ABCDE,calibration,3,5,spectral_core,local_partition_rf,0,0.05,0,0.09
3554,2018-02,2017-02,12,0,True,0.0,master,valid_observed_phase_at_origin,ABCDE,calibration,3,5,spectral_core,local_partition_rf,0,0.07,0,0.11
3555,2018-02,2017-02,12,0,True,0.0,master,valid_observed_phase_at_origin,ABCDE,calibration,3,5,spectral_core,local_partition_rf,0,0.06,0,0.11
3556,2018-02,2017-02,12,0,True,0.0,master,valid_observed_phase_at_origin,ABCDE,calibration,3,5,spectral_core,local_partition_rf,0,0.05,0,0.11
3557,2018-02,2017-02,12,0,True,0.0,master,valid_observed_phase_at_origin,ABCDE,calibration,3,5,spectral_core,local_partition_rf,0,0.04,0,0.09
3558,2018-02,2017-02,12,0,True,0.0,master,valid_observed_phase_at_origin,ABCDE,calibration,3,5,spectral_core,local_partition_rf,0,0.08,0,0.15
3559,2018-02,2017-02,12,0,True,0.0,master,valid_observed_phase_at_origin,ABCDE,calibration,3,5,spectral_core,local_partition_rf,0,0.04,0,0.08
3560,2018-02,2017-02,12,0,True,0.0,master,valid_observed_phase_at_origin,ABCDE,calibration,3,5,spectral_core,local_partition_rf,0,0.06,0,0.1
3561,2018-02,2017-02,12,0,True,0.0,master,valid_observed_phase_at_origin,ABCDE,calibration,3,5,spectral_core,local_partition_rf,0,0.07,0,0.06
3562,2018-02,2017-02,12,0,True,0.0,master,valid_observed_phase_at_origin,ABCDE,calibration,3,5,spectral_core,local_partition_rf,0,0.05,0,0.09
3563,2018-02,2017-02,12,0,True,0.0,master,valid_observed_phase_at_origin,ABCDE,calibration,3,5,spectral_core,local_partition_rf,0,0.06,0,0.05
3564,2018-02,2017-02,12,0,True,0.0,master,valid_observed_phase_at_origin,ABCDE,calibration,3,5,spectral_core,local_partition_rf,0,0.07,0,0.03
3565,2018-02,2017-02,12,0,True,0.0,master,valid_observed_phase_at_origin,ABCDE,calibration,3,5,spectral_core,local_partition_rf,0,0.1,0,0.1
3566,2018-02,2017-02,12,0,True,0.0,master,valid_observed_phase_at_origin,ABCDE,calibration,3,5,spectral_core,local_partition_rf,0,0.07,0,0.1
3567,2018-02,2017-02,12,0,True,0.0,master,valid_observed_phase_at_origin,ABCDE,calibration,3,5,spectral_core,local_partition_rf,0,0.05,0,0.1
3568,2018-02,2017-02,12,0,True,0.0,master,valid_observed_phase_at_origin,ABCDE,calibration,3,5,spectral_core,local_partition_rf,0,0.08,0,0.09
3569,2018-02,2017-02,12,0,True,0.0,master,valid_observed_phase_at_origin,ABCDE,calibration,3,5,spectral_core,local_partition_rf,0,0.13,0,0.16
3570,2018-02,2017-02,12,0,True,0.0,master,valid_observed_phase_at_origin,ABCDE,calibration,3,5,spectral_core,local_partition_rf,0,0.07,0,0.08
3571,2018-02,2017-02,12,0,True,0.0,master,valid_observed_phase_at_origin,ABCDE,calibration,3,5,spectral_core,local_partition_rf,0,0.07,0,0.05
3572,2018-02,2017-02,12,0,True,0.0,master,valid_observed_phase_at_origin,ABCDE,calibration,3,5,spectral_core,local_partition_rf,0,0.07,0,0.06
3573,2018-02,2017-02,12,0,True,0.0,master,valid_observed_phase_at_origin,ABCDE,calibration,3,5,spectral_core,local_partition_rf,0,0.06,0,0.08
3574,2018-02,2017-02,12,0,True,0.0,master,valid_observed_phase_at_origin,ABCDE,calibration,3,5,spectral_core,local_partition_rf,0,0.07,0,0.04
3575,2018-02,2017-02,12,0,True,0.0,master,valid_observed_phase_at_origin,ABCDE,calibration,3,5,spectral_core,local_partition_rf,0,0.07,0,0.07
3576,2018-02,2017-02,12,0,True,0.0,master,valid_observed_phase_at_origin,ABCDE,calibration,3,5,spectral_core,local_partition_rf,0,0.08,0,0.13
3577,2018-02,2017-02,12,0,True,0.0,master,valid_observed_phase_at_origin,ABCDE,calibration,3,5,spectral_core,local_partition_rf,0,0.05,0,0.07
3578,2018-02,2017-02,12,0,True,0.0,master,valid_observed_phase_at_origin,ABCDE,calibration,3,5,spectral_core,local_partition_rf,0,0.07,0,0.09
3579,2018-02,2017-02,12,0,True,0.0,master,valid_observed_phase_at_origin,ABCDE,calibration,3,5,spectral_core,local_partition_rf,0,0.07,0,0.08
3580,2018-02,2017-02,12,0,True,0.0,master,valid_observed_phase_at_origin,ABCDE,calibration,3,5,spectral_core,local_partition_rf,0,0.06,0,0.11
3581,2018-02,2017-02,12,0,True,0.0,master,valid_observed_phase_at_origin,ABCDE,calibration,3,5,spectral_core,local_partition_rf,0,0.05,0,0.12
3582,2018-02,2017-02,12,0,True,0.0,master,valid_observed_phase_at_origin,ABCDE,calibration,3,5,spectral_core,local_partition_rf,0,0.07,0,0.1
3583,2018-02,2017-02,12,0,True,0.0,master,valid_observed_phase_at_origin,ABCDE,calibration,3,5,spectral_core,local_partition_rf,0,0.06,0,0.11
3584,2018-02,2017-02,12,0,True,0.0,master,valid_observed_phase_at_origin,ABCDE,calibration,3,5,spectral_core,local_partition_rf,0,0.07,0,0.11
3585,2018-02,2017-02,12,0,True,0.0,master,valid_observed_phase_at_origin,ABCDE,calibration,3,5,spectral_core,local_partition_rf,0,0.07,0,0.03
3586,2018-02,2017-02,12,0,True,0.0,master,valid_observed_phase_at_origin,ABCDE,calibration,3,5,spectral_core,local_partition_rf,0,0.07,0,0.04
3587,2018-02,2017-02,12,0,True,0.0,master,valid_observed_phase_at_origin,ABCDE,calibration,3,5,spectral_core,local_partition_rf,0,0.05,0,0.11
3588,2018-02,2017-02,12,0,True,0.0,master,valid_observed_phase_at_origin,ABCDE,calibration,3,5,spectral_core,local_partition_rf,0,0.04,0,0.08
3589,2018-02,2017-02,12,0,True,0.0,master,valid_observed_phase_at_origin,ABCDE,calibration,3,5,spectral_core,local_partition_rf,0,0.05,0,0.1
3590,2018-02,2017-02,12,0,True,0.0,master,valid_observed_phase_at_origin,ABCDE,calibration,3,5,spectral_core,local_partition_rf,0,0.07,0,0.16
3591,2018-02,2017-02,12,0,True,0.0,master,valid_observed_phase_at_origin,ABCDE,calibration,3,5,spectral_core,local_partition_rf,0,0.05,0,0.08
3592,2018-02,2017-02,12,0,True,0.0,master,valid_observed_phase_at_origin,ABCDE,calibration,3,5,spectral_core,local_partition_rf,0,0.05,0,0.11
3593,2018-02,2017-02,12,0,True,0.0,master,valid_observed_phase_at_origin,ABCDE,calibration,3,5,spectral_core,local_partition_rf,0,0.07,0,0.08
3594,2018-02,2017-02,12,0,True,0.0,master,valid_observed_phase_at_origin,ABCDE,calibration,3,5,spectral_core,local_partition_rf,0,0.07,0,0.07
3595,2018-02,2017-02,12,0,True,0.0,master,valid_observed_phase_at_origin,ABCDE,calibration,3,5,spectral_core,local_partition_rf,0,0.06,0,0.06
3596,2018-02,2017-02,12,0,True,0.0,master,valid_observed_phase_at_origin,ABCDE,calibration,3,5,spectral_core,local_partition_rf,0,0.07,0,0.14
3597,2018-02,2017-02,12,0,True,0.0,master,valid_observed_phase_at_origin,ABCDE,calibration,3,5,spectral_core,local_partition_rf,0,0.05,0,0.07
3598,2018-02,2017-02,12,0,True,0.0,master,valid_observed_phase_at_origin,ABCDE,calibration,3,5,spectral_core,local_partition_rf,0,0.07,0,0.07
3599,2018-02,2017-02,12,0,True,0.0,master,valid_observed_phase_at_origin,ABCDE,calibration,3,5,spectral_core,local_partition_rf,0,0.05,0,0.1
3600,2018-02,2017-02,12,0,True,0.0,master,valid_observed_phase_at_origin,ABCDE,calibration,3,5,spectral_core,local_partition_rf,0,0.07,0,0.06
3601,2018-02,2017-02,12,0,True,0.0,master,valid_observed_phase_at_origin,ABCDE,calibration,3,5,spectral_core,local_partition_rf,0,0.07,0,0.09
3602,2018-02,2017-02,12,0,True,0.0,master,valid_observed_phase_at_origin,ABCDE,calibration,3,5,spectral_core,local_partition_rf,0,0.07,0,0.03
3603,2018-02,2017-02,12,0,True,0.0,master,valid_observed_phase_at_origin,ABCDE,calibration,3,5,spectral_core,local_partition_rf,0,0.07,0,0.04
3604,2018-02,2017-02,12,0,True,0.0,master,valid_observed_phase_at_origin,ABCDE,calibration,3,5,spectral_core,local_partition_rf,0,0.06,0,0.13
3605,2018-02,2017-02,12,0,True,0.0,master,valid_observed_phase_at_origin,ABCDE,calibration,3,5,spectral_core,local_partition_rf,0,0.04,0,0.07
3606,2018-02,2017-02,12,0,True,0.0,master,valid_observed_phase_at_origin,ABCDE,calibration,3,5,spectral_core,local_partition_rf,0,0.06,0,0.11
3607,2018-02,2017-02,12,0,True,0.0,master,valid_observed_phase_at_origin,ABCDE,calibration,3,5,spectral_core,local_partition_rf,0,0.06,0,0.1
3608,2018-02,2017-02,12,0,True,0.0,master,valid_observed_phase_at_origin,ABCDE,calibration,3,5,spectral_core,local_partition_rf,0,0.06,0,0.15
3609,2018-02,2017-02,12,0,True,0.0,master,valid_observed_phase_at_origin,ABCDE,calibration,3,5,spectral_core,local_partition_rf,0,0.06,0,0.06
3610,2018-02,2017-02,12,0,True,0.0,master,valid_observed_phase_at_origin,ABCDE,calibration,3,5,spectral_core,local_partition_rf,0,0.07,0,0.1
3611,2018-02,2017-02,12,0,True,0.0,master,valid_observed_phase_at_origin,ABCDE,calibration,3,5,spectral_core,local_partition_rf,0,0.06,0,0.1
3612,2018-02,2017-02,12,0,True,0.0,master,valid_observed_phase_at_origin,ABCDE,calibration,3,5,spectral_core,local_partition_rf,0,0.04,0,0.08
3613,2018-02,2017-02,12,0,True,0.0,master,valid_observed_phase_at_origin,ABCDE,calibration,3,5,spectral_core,local_partition_rf,0,0.05,0,0.08
3614,2018-02,2017-02,12,0,True,0.0,master,valid_observed_phase_at_origin,ABCDE,calibration,3,5,spectral_core,local_partition_rf,0,0.06,0,0.08
3615,2018-02,2017-02,12,0,True,0.0,master,valid_observed_phase_at_origin,ABCDE,calibration,3,5,spectral_core,local_partition_rf,0,0.07,0,0.1
3616,2018-02,2017-02,12,0,True,0.0,master,valid_observed_phase_at_origin,ABCDE,calibration,3,5,spectral_core,local_partition_rf,0,0.05,0,0.07
3617,2018-02,2017-02,12,0,True,0.0,master,valid_observed_phase_at_origin,ABCDE,calibration,3,5,spectral_core,local_partition_rf,0,0.04,0,0.09
3618,2018-02,2017-02,12,0,True,0.0,master,valid_observed_phase_at_origin,ABCDE,calibration,3,5,spectral_core,local_partition_rf,0,0.05,0,0.08
3619,2018-02,2017-02,12,0,True,0.0,master,valid_observed_phase_at_origin,ABCDE,calibration,3,5,spectral_core,local_partition_rf,0,0.05,0,0.09
3620,2018-02,2017-02,12,0,True,0.0,master,valid_observed_phase_at_origin,ABCDE,calibration,3,5,spectral_core,local_partition_rf,0,0.07,0,0.07
3621,2018-02,2017-02,12,0,True,0.0,master,valid_observed_phase_at_origin,ABCDE,calibration,3,5,spectral_core,local_partition_rf,0,0.06,0,0.1
3622,2018-02,2017-02,12,0,True,0.0,master,valid_observed_phase_at_origin,ABCDE,calibration,3,5,spectral_core,local_partition_rf,0,0.06,0,0.07
3623,2018-02,2017-02,12,0,True,0.0,master,valid_observed_phase_at_origin,ABCDE,calibration,3,5,spectral_core,local_partition_rf,0,0.06,0,0.07
3624,2018-02,2017-02,12,0,True,0.0,master,valid_observed_phase_at_origin,ABCDE,calibration,3,5,spectral_core,local_partition_rf,0,0.06,0,0.08
3625,2018-02,2017-02,12,0,True,0.0,master,valid_observed_phase_at_origin,ABCDE,calibration,3,5,spectral_core,local_partition_rf,0,0.07,0,0.07
3626,2018-02,2017-02,12,0,True,0.0,master,valid_observed_phase_at_origin,ABCDE,calibration,3,5,spectral_core,local_partition_rf,0,0.06,0,0.11
3627,2018-02,2017-02,12,0,True,0.0,master,valid_observed_phase_at_origin,ABCDE,calibration,3,5,spectral_core,local_partition_rf,0,0.07,0,0.12
3628,2018-02,2017-02,12,0,True,0.0,master,valid_observed_phase_at_origin,ABCDE,calibration,3,5,spectral_core,local_partition_rf,0,0.08,0,0.14
3629,2018-02,2017-02,12,0,True,0.0,master,valid_observed_phase_at_origin,ABCDE,calibration,3,5,spectral_core,local_partition_rf,0,0.06,0,0.14
3630,2018-02,2017-02,12,0,True,0.0,master,valid_observed_phase_at_origin,ABCDE,calibration,3,5,spectral_core,local_partition_rf,0,0.06,0,0.11
3631,2018-02,2017-02,12,0,True,0.0,master,valid_observed_phase_at_origin,ABCDE,calibration,3,5,spectral_core,local_partition_rf,0,0.07,0,0.07
3632,2018-02,2017-02,12,0,True,0.0,master,valid_observed_phase_at_origin,ABCDE,calibration,3,5,spectral_core,local_partition_rf,0,0.1,0,0.13
3633,2018-02,2017-02,12,0,True,0.0,master,valid_observed_phase_at_origin,ABCDE,calibration,3,5,spectral_core,local_partition_rf,0,0.08,0,0.14
3634,2018-02,2017-02,12,1,True,0.0,master,valid_observed_phase_at_origin,ABCDE,calibration,3,5,spectral_core,local_partition_rf,0,0.15,0,0.2
3635,2018-02,2017-02,12,1,True,0.0,master,valid_observed_phase_at_origin,ABCDE,calibration,3,5,spectral_core,local_partition_rf,0,0.15,0,0.16
3636,2018-02,2017-02,12,0,True,0.0,master,valid_observed_phase_at_origin,ABCDE,calibration,3,5,spectral_core,local_partition_rf,0,0.08,0,0.12
3637,2018-02,2017-02,12,0,True,0.0,master,valid_observed_phase_at_origin,ABCDE,calibration,3,5,spectral_core,local_partition_rf,0,0.07,0,0.1
3638,2018-02,2017-02,12,0,True,0.0,master,valid_observed_phase_at_origin,ABCDE,calibration,3,5,spectral_core,local_partition_rf,0,0.08,0,0.13
3639,2018-02,2017-02,12,0,True,0.0,master,valid_observed_phase_at_origin,ABCDE,calibration,3,5,spectral_core,local_partition_rf,0,0.13,0,0.14
3640,2018-02,2017-02,12,0,True,0.0,master,valid_observed_phase_at_origin,ABCDE,calibration,3,5,spectral_core,local_partition_rf,0,0.11,0,0.13
3641,2018-02,2017-02,12,0,True,0.0,master,valid_observed_phase_at_origin,ABCDE,calibration,3,5,spectral_core,local_partition_rf,0,0.08,0,0.11
3642,2018-02,2017-02,12,0,True,0.0,master,valid_observed_phase_at_origin,ABCDE,calibration,3,5,spectral_core,local_partition_rf,0,0.1,0,0.16
3643,2018-02,2017-02,12,0,True,0.0,master,valid_observed_phase_at_origin,ABCDE,calibration,3,5,spectral_core,local_partition_rf,0,0.12,0,0.15
3644,2018-02,2017-02,12,1,True,0.0,master,valid_observed_phase_at_origin,ABCDE,calibration,3,5,spectral_core,local_partition_rf,0,0.2,0,0.18
3645,2018-02,2017-02,12,1,True,0.0,master,valid_observed_phase_at_origin,ABCDE,calibration,3,5,spectral_core,local_partition_rf,0,0.11,0,0.14
3646,2018-02,2017-02,12,0,True,0.0,master,valid_observed_phase_at_origin,ABCDE,calibration,3,5,spectral_core,local_partition_rf,0,0.08,0,0.09
3647,2018-02,2017-02,12,0,True,0.0,master,valid_observed_phase_at_origin,ABCDE,calibration,3,5,spectral_core,local_partition_rf,0,0.05,0,0.14
3648,2018-02,2017-02,12,0,True,0.0,master,valid_observed_phase_at_origin,ABCDE,calibration,3,5,spectral_core,local_partition_rf,0,0.09,0,0.09
3649,2018-02,2017-02,12,0,True,0.0,master,valid_observed_phase_at_origin,ABCDE,calibration,3,5,spectral_core,local_partition_rf,0,0.08,0,0.13
3650,2018-02,2017-02,12,0,True,0.0,master,valid_observed_phase_at_origin,ABCDE,calibration,3,5,spectral_core,local_partition_rf,0,0.07,0,0.12
3651,2018-02,2017-02,12,0,True,0.0,master,valid_observed_phase_at_origin,ABCDE,calibration,3,5,spectral_core,local_partition_rf,0,0.08,0,0.17
3652,2018-02,2017-02,12,0,True,0.0,master,valid_observed_phase_at_origin,ABCDE,calibration,3,5,spectral_core,local_partition_rf,0,0.04,0,0.06
3653,2018-02,2017-02,12,0,True,0.0,master,valid_observed_phase_at_origin,ABCDE,calibration,3,5,spectral_core,local_partition_rf,0,0.07,0,0.11
3654,2018-02,2017-02,12,0,True,0.0,master,valid_observed_phase_at_origin,ABCDE,calibration,3,5,spectral_core,local_partition_rf,0,0.07,0,0.11
3670,2018-02,2017-02,12,0,True,0.0,master,valid_observed_phase_at_origin,ABCDE,calibration,3,-1,unassigned_nearest_donor_beyond_100km,pooled_unassigned_area,0,0.17,0,0.17
3671,2018-02,2017-02,12,0,True,0.0,master,valid_observed_phase_at_origin,ABCDE,calibration,3,-1,unassigned_nearest_donor_beyond_100km,pooled_unassigned_area,0,0.11,0,0.11
3672,2018-02,2017-02,12,0,True,0.0,master,valid_observed_phase_at_origin,ABCDE,calibration,3,-1,unassigned_nearest_donor_beyond_100km,pooled_unassigned_area,0,0.16,0,0.16
3673,2018-02,2017-02,12,0,True,0.0,master,valid_observed_phase_at_origin,ABCDE,calibration,3,-1,unassigned_nearest_donor_beyond_100km,pooled_unassigned_area,0,0.16,0,0.16
3674,2018-02,2017-02,12,0,True,0.0,master,valid_observed_phase_at_origin,ABCDE,calibration,3,-1,unassigned_nearest_donor_beyond_100km,pooled_unassigned_area,0,0.11,0,0.11
3675,2018-02,2017-02,12,0,True,0.0,master,valid_observed_phase_at_origin,ABCDE,calibration,3,-1,unassigned_nearest_donor_beyond_100km,pooled_unassigned_area,0,0.13,0,0.13
3676,2018-02,2017-02,12,1,True,0.0,master,valid_observed_phase_at_origin,ABCDE,calibration,3,1,completed_nearest_donor,local_partition_rf,0,0.13,0,0.08
3678,2018-02,2017-02,12,0,True,0.0,master,valid_observed_phase_at_origin,ABCDE,calibration,3,-1,unassigned_nearest_donor_beyond_100km,pooled_unassigned_area,0,0.13,0,0.13
3679,2018-02,2017-02,12,0,True,0.0,master,valid_observed_phase_at_origin,ABCDE,calibration,3,-1,unassigned_nearest_donor_beyond_100km,pooled_unassigned_area,0,0.12,0,0.12
3680,2018-02,2017-02,12,0,True,0.0,master,valid_observed_phase_at_origin,ABCDE,calibration,3,-1,unassigned_nearest_donor_beyond_100km,pooled_unassigned_area,0,0.14,0,0.14
3681,2018-02,2017-02,12,1,True,0.0,master,valid_observed_phase_at_origin,ABCDE,calibration,3,-1,unassigned_nearest_donor_beyond_100km,pooled_unassigned_area,0,0.14,0,0.14
3683,2018-02,2017-02,12,0,True,0.0,master,valid_observed_phase_at_origin,ABCDE,calibration,3,-1,unassigned_nearest_donor_beyond_100km,pooled_unassigned_area,0,0.12,0,0.12
3684,2018-02,2017-02,12,0,True,0.0,master,valid_observed_phase_at_origin,ABCDE,calibration,3,-1,unassigned_nearest_donor_beyond_100km,pooled_unassigned_area,0,0.15,0,0.15
3685,2018-02,2017-02,12,0,True,0.0,master,valid_observed_phase_at_origin,ABCDE,calibration,3,-1,unassigned_nearest_donor_beyond_100km,pooled_unassigned_area,0,0.16,0,0.16
3686,2018-02,2017-02,12,0,True,0.0,master,valid_observed_phase_at_origin,ABCDE,calibration,3,-1,unassigned_nearest_donor_beyond_100km,pooled_unassigned_area,0,0.14,0,0.14
3692,2018-02,2017-02,12,0,True,0.0,master,valid_observed_phase_at_origin,ABCDE,calibration,3,-1,unassigned_nearest_donor_beyond_100km,pooled_unassigned_area,0,0.12,0,0.12
3726,2018-02,2017-02,12,0,True,0.0,master,valid_observed_phase_at_origin,ABCDE,calibration,3,-1,unassigned_nearest_donor_beyond_100km,pooled_unassigned_area,0,0.16,0,0.16
3727,2018-02,2017-02,12,0,True,0.0,master,valid_observed_phase_at_origin,ABCDE,calibration,3,-1,unassigned_nearest_donor_beyond_100km,pooled_unassigned_area,0,0.15,0,0.15
3729,2018-02,2017-02,12,0,True,0.0,master,valid_observed_phase_at_origin,ABCDE,calibration,3,-1,unassigned_nearest_donor_beyond_100km,pooled_unassigned_area,0,0.16,0,0.16
3730,2018-02,2017-02,12,0,True,0.0,master,valid_observed_phase_at_origin,ABCDE,calibration,3,-1,unassigned_nearest_donor_beyond_100km,pooled_unassigned_area,0,0.17,0,0.17
3731,2018-02,2017-02,12,0,True,0.0,master,valid_observed_phase_at_origin,ABCDE,calibration,3,-1,unassigned_nearest_donor_beyond_100km,pooled_unassigned_area,0,0.12,0,0.12
3732,2018-02,2017-02,12,0,True,0.0,master,valid_observed_phase_at_origin,ABCDE,calibration,3,-1,unassigned_nearest_donor_beyond_100km,pooled_unassigned_area,0,0.14,0,0.14
3733,2018-02,2017-02,12,0,True,0.0,master,valid_observed_phase_at_origin,ABCDE,calibration,3,-1,unassigned_nearest_donor_beyond_100km,pooled_unassigned_area,0,0.19,0,0.19
3734,2018-02,2017-02,12,0,True,0.0,master,valid_observed_phase_at_origin,ABCDE,calibration,3,-1,unassigned_nearest_donor_beyond_100km,pooled_unassigned_area,0,0.11,0,0.11
3735,2018-02,2017-02,12,0,True,0.0,master,valid_observed_phase_at_origin,ABCDE,calibration,3,-1,unassigned_nearest_donor_beyond_100km,pooled_unassigned_area,0,0.14,0,0.14
3736,2018-02,2017-02,12,0,True,0.0,master,valid_observed_phase_at_origin,ABCDE,calibration,3,-1,unassigned_nearest_donor_beyond_100km,pooled_unassigned_area,0,0.14,0,0.14
3737,2018-02,2017-02,12,0,True,0.0,master,valid_observed_phase_at_origin,ABCDE,calibration,3,-1,unassigned_nearest_donor_beyond_100km,pooled_unassigned_area,0,0.2,0,0.2
3753,2018-02,2017-02,12,1,True,0.0,master,valid_observed_phase_at_origin,ABCDE,calibration,3,-1,unassigned_nearest_donor_beyond_100km,pooled_unassigned_area,0,0.15,0,0.15
3758,2018-02,2017-02,12,0,True,0.0,master,valid_observed_phase_at_origin,ABCDE,calibration,3,-1,unassigned_nearest_donor_beyond_100km,pooled_unassigned_area,0,0.15,0,0.15
3760,2018-02,2017-02,12,0,True,0.0,master,valid_observed_phase_at_origin,ABCDE,calibration,3,-1,unassigned_nearest_donor_beyond_100km,pooled_unassigned_area,0,0.13,0,0.13
3761,2018-02,2017-02,12,0,True,0.0,master,valid_observed_phase_at_origin,ABCDE,calibration,3,-1,unassigned_nearest_donor_beyond_100km,pooled_unassigned_area,0,0.18,0,0.18
3762,2018-02,2017-02,12,0,True,0.0,master,valid_observed_phase_at_origin,ABCDE,calibration,3,-1,unassigned_nearest_donor_beyond_100km,pooled_unassigned_area,0,0.11,0,0.11
3776,2018-02,2017-02,12,0,True,0.0,master,valid_observed_phase_at_origin,ABCDE,calibration,3,-1,unassigned_nearest_donor_beyond_100km,pooled_unassigned_area,0,0.18,0,0.18
3783,2018-02,2017-02,12,1,True,0.0,master,valid_observed_phase_at_origin,ABCDE,calibration,3,-1,unassigned_nearest_donor_beyond_100km,pooled_unassigned_area,0,0.17,0,0.17
3788,2018-02,2017-02,12,1,True,0.0,master,valid_observed_phase_at_origin,ABCDE,calibration,3,-1,unassigned_nearest_donor_beyond_100km,pooled_unassigned_area,0,0.14,0,0.14
3792,2018-02,2017-02,12,0,True,0.0,master,valid_observed_phase_at_origin,ABCDE,calibration,3,-1,unassigned_nearest_donor_beyond_100km,pooled_unassigned_area,0,0.14,0,0.14
3798,2018-02,2017-02,12,0,True,0.0,master,valid_observed_phase_at_origin,ABCDE,calibration,3,-1,unassigned_nearest_donor_beyond_100km,pooled_unassigned_area,0,0.15,0,0.15
3799,2018-02,2017-02,12,0,True,0.0,master,valid_observed_phase_at_origin,ABCDE,calibration,3,-1,unassigned_nearest_donor_beyond_100km,pooled_unassigned_area,0,0.13,0,0.13
3800,2018-02,2017-02,12,1,True,0.0,master,valid_observed_phase_at_origin,ABCDE,calibration,3,-1,unassigned_nearest_donor_beyond_100km,pooled_unassigned_area,0,0.1,0,0.1
3801,2018-02,2017-02,12,0,True,0.0,master,valid_observed_phase_at_origin,ABCDE,calibration,3,-1,unassigned_nearest_donor_beyond_100km,pooled_unassigned_area,0,0.17,0,0.17
3805,2018-02,2017-02,12,1,True,0.0,master,valid_observed_phase_at_origin,ABCDE,calibration,3,-1,unassigned_nearest_donor_beyond_100km,pooled_unassigned_area,0,0.09,0,0.09
3808,2018-02,2017-02,12,0,True,0.0,master,valid_observed_phase_at_origin,ABCDE,calibration,3,-1,unassigned_nearest_donor_beyond_100km,pooled_unassigned_area,0,0.18,0,0.18
3809,2018-02,2017-02,12,0,True,0.0,master,valid_observed_phase_at_origin,ABCDE,calibration,3,-1,unassigned_nearest_donor_beyond_100km,pooled_unassigned_area,0,0.12,0,0.12
3810,2018-02,2017-02,12,0,True,0.0,master,valid_observed_phase_at_origin,ABCDE,calibration,3,-1,unassigned_nearest_donor_beyond_100km,pooled_unassigned_area,0,0.13,0,0.13
3811,2018-02,2017-02,12,0,True,0.0,master,valid_observed_phase_at_origin,ABCDE,calibration,3,-1,unassigned_nearest_donor_beyond_100km,pooled_unassigned_area,0,0.13,0,0.13
3812,2018-02,2017-02,12,0,True,0.0,master,valid_observed_phase_at_origin,ABCDE,calibration,3,-1,unassigned_nearest_donor_beyond_100km,pooled_unassigned_area,0,0.12,0,0.12
3813,2018-02,2017-02,12,0,True,0.0,master,valid_observed_phase_at_origin,ABCDE,calibration,3,-1,unassigned_nearest_donor_beyond_100km,pooled_unassigned_area,0,0.14,0,0.14
3814,2018-02,2017-02,12,0,True,0.0,master,valid_observed_phase_at_origin,ABCDE,calibration,3,-1,unassigned_nearest_donor_beyond_100km,pooled_unassigned_area,0,0.14,0,0.14
3817,2018-02,2017-02,12,0,True,0.0,master,valid_observed_phase_at_origin,ABCDE,calibration,3,-1,unassigned_nearest_donor_beyond_100km,pooled_unassigned_area,0,0.11,0,0.11
3818,2018-02,2017-02,12,0,True,0.0,master,valid_observed_phase_at_origin,ABCDE,calibration,3,-1,unassigned_nearest_donor_beyond_100km,pooled_unassigned_area,0,0.14,0,0.14
3819,2018-02,2017-02,12,0,False,,,no_valid_observed_phase_at_origin,ABCDE,calibration,3,-1,unassigned_nearest_donor_beyond_100km,pooled_unassigned_area,0,0.13,0,0.13
3820,2018-02,2017-02,12,0,True,0.0,master,valid_observed_phase_at_origin,ABCDE,calibration,3,-1,unassigned_nearest_donor_beyond_100km,pooled_unassigned_area,0,0.08,0,0.08
3821,2018-02,2017-02,12,0,True,0.0,master,valid_observed_phase_at_origin,ABCDE,calibration,3,-1,unassigned_nearest_donor_beyond_100km,pooled_unassigned_area,0,0.14,0,0.14
3822,2018-02,2017-02,12,0,True,0.0,master,valid_observed_phase_at_origin,ABCDE,calibration,3,1,completed_nearest_donor,local_partition_rf,0,0.28,0,0.11
3823,2018-02,2017-02,12,0,True,0.0,master,valid_observed_phase_at_origin,ABCDE,calibration,3,1,completed_nearest_donor,local_partition_rf,0,0.13,0,0.12
3824,2018-02,2017-02,12,0,True,0.0,master,valid_observed_phase_at_origin,ABCDE,calibration,3,-1,unassigned_nearest_donor_beyond_100km,pooled_unassigned_area,0,0.15,0,0.15
3825,2018-02,2017-02,12,0,True,0.0,master,valid_observed_phase_at_origin,ABCDE,calibration,3,-1,unassigned_nearest_donor_beyond_100km,pooled_unassigned_area,0,0.14,0,0.14
3826,2018-02,2017-02,12,0,True,0.0,master,valid_observed_phase_at_origin,ABCDE,calibration,3,-1,unassigned_nearest_donor_beyond_100km,pooled_unassigned_area,0,0.13,0,0.13
3827,2018-02,2017-02,12,0,True,0.0,master,valid_observed_phase_at_origin,ABCDE,calibration,3,-1,unassigned_nearest_donor_beyond_100km,pooled_unassigned_area,0,0.14,0,0.14
3828,2018-02,2017-02,12,0,True,0.0,master,valid_observed_phase_at_origin,ABCDE,calibration,3,-1,unassigned_nearest_donor_beyond_100km,pooled_unassigned_area,0,0.11,0,0.11
3829,2018-02,2017-02,12,0,True,0.0,master,valid_observed_phase_at_origin,ABCDE,calibration,3,-1,unassigned_nearest_donor_beyond_100km,pooled_unassigned_area,0,0.13,0,0.13
3830,2018-02,2017-02,12,0,True,0.0,master,valid_observed_phase_at_origin,ABCDE,calibration,3,-1,unassigned_nearest_donor_beyond_100km,pooled_unassigned_area,0,0.11,0,0.11
3831,2018-02,2017-02,12,0,True,0.0,master,valid_observed_phase_at_origin,ABCDE,calibration,3,-1,unassigned_nearest_donor_beyond_100km,pooled_unassigned_area,0,0.12,0,0.12
3832,2018-02,2017-02,12,0,True,0.0,master,valid_observed_phase_at_origin,ABCDE,calibration,3,-1,unassigned_nearest_donor_beyond_100km,pooled_unassigned_area,0,0.15,0,0.15
3833,2018-02,2017-02,12,0,True,0.0,master,valid_observed_phase_at_origin,ABCDE,calibration,3,-1,unassigned_nearest_donor_beyond_100km,pooled_unassigned_area,0,0.1,0,0.1
3834,2018-02,2017-02,12,0,True,0.0,master,valid_observed_phase_at_origin,ABCDE,calibration,3,-1,unassigned_nearest_donor_beyond_100km,pooled_unassigned_area,0,0.11,0,0.11
3835,2018-02,2017-02,12,0,True,0.0,master,valid_observed_phase_at_origin,ABCDE,calibration,3,-1,unassigned_nearest_donor_beyond_100km,pooled_unassigned_area,0,0.13,0,0.13
3836,2018-02,2017-02,12,0,True,0.0,master,valid_observed_phase_at_origin,ABCDE,calibration,3,-1,unassigned_nearest_donor_beyond_100km,pooled_unassigned_area,0,0.1,0,0.1
3837,2018-02,2017-02,12,0,True,0.0,master,valid_observed_phase_at_origin,ABCDE,calibration,3,-1,unassigned_nearest_donor_beyond_100km,pooled_unassigned_area,0,0.15,0,0.15
3838,2018-02,2017-02,12,0,True,0.0,master,valid_observed_phase_at_origin,ABCDE,calibration,3,-1,unassigned_nearest_donor_beyond_100km,pooled_unassigned_area,0,0.14,0,0.14
3839,2018-02,2017-02,12,0,True,0.0,master,valid_observed_phase_at_origin,ABCDE,calibration,3,-1,unassigned_nearest_donor_beyond_100km,pooled_unassigned_area,0,0.1,0,0.1
3840,2018-02,2017-02,12,0,True,0.0,master,valid_observed_phase_at_origin,ABCDE,calibration,3,-1,unassigned_nearest_donor_beyond_100km,pooled_unassigned_area,0,0.15,0,0.15
3841,2018-02,2017-02,12,0,True,0.0,master,valid_observed_phase_at_origin,ABCDE,calibration,3,-1,unassigned_nearest_donor_beyond_100km,pooled_unassigned_area,0,0.12,0,0.12
3842,2018-02,2017-02,12,0,True,0.0,master,valid_observed_phase_at_origin,ABCDE,calibration,3,-1,unassigned_nearest_donor_beyond_100km,pooled_unassigned_area,0,0.09,0,0.09
3848,2018-02,2017-02,12,1,True,0.0,master,valid_observed_phase_at_origin,ABCDE,calibration,3,-1,unassigned_nearest_donor_beyond_100km,pooled_unassigned_area,0,0.15,0,0.15
3849,2018-02,2017-02,12,1,False,,,no_valid_observed_phase_at_origin,ABCDE,calibration,3,-1,unassigned_nearest_donor_beyond_100km,pooled_unassigned_area,0,0.13,0,0.13
3850,2018-02,2017-02,12,1,True,0.0,master,valid_observed_phase_at_origin,ABCDE,calibration,3,-1,unassigned_nearest_donor_beyond_100km,pooled_unassigned_area,0,0.08,0,0.08
3851,2018-02,2017-02,12,1,True,0.0,master,valid_observed_phase_at_origin,ABCDE,calibration,3,-1,unassigned_nearest_donor_beyond_100km,pooled_unassigned_area,0,0.11,0,0.11
3852,2018-02,2017-02,12,1,True,0.0,master,valid_observed_phase_at_origin,ABCDE,calibration,3,-1,unassigned_nearest_donor_beyond_100km,pooled_unassigned_area,0,0.12,0,0.12
3853,2018-02,2017-02,12,0,True,0.0,master,valid_observed_phase_at_origin,ABCDE,calibration,3,-1,unassigned_nearest_donor_beyond_100km,pooled_unassigned_area,0,0.12,0,0.12
3854,2018-02,2017-02,12,1,True,0.0,master,valid_observed_phase_at_origin,ABCDE,calibration,3,-1,unassigned_nearest_donor_beyond_100km,pooled_unassigned_area,0,0.13,0,0.13
3855,2018-02,2017-02,12,1,True,0.0,master,valid_observed_phase_at_origin,ABCDE,calibration,3,-1,unassigned_nearest_donor_beyond_100km,pooled_unassigned_area,0,0.18,0,0.18
3856,2018-02,2017-02,12,1,True,0.0,master,valid_observed_phase_at_origin,ABCDE,calibration,3,-1,unassigned_nearest_donor_beyond_100km,pooled_unassigned_area,0,0.11,0,0.11
3857,2018-02,2017-02,12,1,True,0.0,master,valid_observed_phase_at_origin,ABCDE,calibration,3,-1,unassigned_nearest_donor_beyond_100km,pooled_unassigned_area,0,0.11,0,0.11
3858,2018-02,2017-02,12,1,True,0.0,master,valid_observed_phase_at_origin,ABCDE,calibration,3,-1,unassigned_nearest_donor_beyond_100km,pooled_unassigned_area,0,0.15,0,0.15
3859,2018-02,2017-02,12,0,True,0.0,master,valid_observed_phase_at_origin,ABCDE,calibration,3,-1,unassigned_nearest_donor_beyond_100km,pooled_unassigned_area,0,0.12,0,0.12
3860,2018-02,2017-02,12,1,True,0.0,master,valid_observed_phase_at_origin,ABCDE,calibration,3,-1,unassigned_nearest_donor_beyond_100km,pooled_unassigned_area,0,0.12,0,0.12
3861,2018-02,2017-02,12,1,True,0.0,master,valid_observed_phase_at_origin,ABCDE,calibration,3,-1,unassigned_nearest_donor_beyond_100km,pooled_unassigned_area,0,0.16,0,0.16
3862,2018-02,2017-02,12,1,True,0.0,master,valid_observed_phase_at_origin,ABCDE,calibration,3,-1,unassigned_nearest_donor_beyond_100km,pooled_unassigned_area,0,0.14,0,0.14
3863,2018-02,2017-02,12,1,True,0.0,master,valid_observed_phase_at_origin,ABCDE,calibration,3,-1,unassigned_nearest_donor_beyond_100km,pooled_unassigned_area,0,0.12,0,0.12
3864,2018-02,2017-02,12,1,True,0.0,master,valid_observed_phase_at_origin,ABCDE,calibration,3,-1,unassigned_nearest_donor_beyond_100km,pooled_unassigned_area,0,0.12,0,0.12
3865,2018-02,2017-02,12,1,True,0.0,master,valid_observed_phase_at_origin,ABCDE,calibration,3,-1,unassigned_nearest_donor_beyond_100km,pooled_unassigned_area,0,0.15,0,0.15
3866,2018-02,2017-02,12,0,True,0.0,master,valid_observed_phase_at_origin,ABCDE,calibration,3,-1,unassigned_nearest_donor_beyond_100km,pooled_unassigned_area,0,0.13,0,0.13
3867,2018-02,2017-02,12,0,True,0.0,master,valid_observed_phase_at_origin,ABCDE,calibration,3,-1,unassigned_nearest_donor_beyond_100km,pooled_unassigned_area,0,0.13,0,0.13
3868,2018-02,2017-02,12,1,True,0.0,master,valid_observed_phase_at_origin,ABCDE,calibration,3,-1,unassigned_nearest_donor_beyond_100km,pooled_unassigned_area,0,0.14,0,0.14
3869,2018-02,2017-02,12,1,True,0.0,master,valid_observed_phase_at_origin,ABCDE,calibration,3,-1,unassigned_nearest_donor_beyond_100km,pooled_unassigned_area,0,0.12,0,0.12
3870,2018-02,2017-02,12,0,True,0.0,master,valid_observed_phase_at_origin,ABCDE,calibration,3,-1,unassigned_nearest_donor_beyond_100km,pooled_unassigned_area,0,0.12,0,0.12
3871,2018-02,2017-02,12,1,True,0.0,master,valid_observed_phase_at_origin,ABCDE,calibration,3,-1,unassigned_nearest_donor_beyond_100km,pooled_unassigned_area,0,0.11,0,0.11
3872,2018-02,2017-02,12,0,True,0.0,master,valid_observed_phase_at_origin,ABCDE,calibration,3,-1,unassigned_nearest_donor_beyond_100km,pooled_unassigned_area,0,0.12,0,0.12
3873,2018-02,2017-02,12,0,True,0.0,master,valid_observed_phase_at_origin,ABCDE,calibration,3,-1,unassigned_nearest_donor_beyond_100km,pooled_unassigned_area,0,0.14,0,0.14
3874,2018-02,2017-02,12,0,True,0.0,master,valid_observed_phase_at_origin,ABCDE,calibration,3,-1,unassigned_nearest_donor_beyond_100km,pooled_unassigned_area,0,0.12,0,0.12
3875,2018-02,2017-02,12,1,True,0.0,master,valid_observed_phase_at_origin,ABCDE,calibration,3,-1,unassigned_nearest_donor_beyond_100km,pooled_unassigned_area,0,0.2,0,0.2
3878,2018-02,2017-02,12,1,True,0.0,master,valid_observed_phase_at_origin,ABCDE,calibration,3,-1,unassigned_nearest_donor_beyond_100km,pooled_unassigned_area,0,0.14,0,0.14
3879,2018-02,2017-02,12,1,True,0.0,master,valid_observed_phase_at_origin,ABCDE,calibration,3,-1,unassigned_nearest_donor_beyond_100km,pooled_unassigned_area,0,0.08,0,0.08
3880,2018-02,2017-02,12,1,True,0.0,master,valid_observed_phase_at_origin,ABCDE,calibration,3,-1,unassigned_nearest_donor_beyond_100km,pooled_unassigned_area,0,0.11,0,0.11
3881,2018-02,2017-02,12,1,True,0.0,master,valid_observed_phase_at_origin,ABCDE,calibration,3,-1,unassigned_nearest_donor_beyond_100km,pooled_unassigned_area,0,0.11,0,0.11
3882,2018-02,2017-02,12,1,True,0.0,master,valid_observed_phase_at_origin,ABCDE,calibration,3,-1,unassigned_nearest_donor_beyond_100km,pooled_unassigned_area,0,0.15,0,0.15
3883,2018-02,2017-02,12,0,True,0.0,master,valid_observed_phase_at_origin,ABCDE,calibration,3,-1,unassigned_nearest_donor_beyond_100km,pooled_unassigned_area,0,0.13,0,0.13
3884,2018-02,2017-02,12,0,True,0.0,master,valid_observed_phase_at_origin,ABCDE,calibration,3,-1,unassigned_nearest_donor_beyond_100km,pooled_unassigned_area,0,0.13,0,0.13
3885,2018-02,2017-02,12,0,True,0.0,master,valid_observed_phase_at_origin,ABCDE,calibration,3,-1,unassigned_nearest_donor_beyond_100km,pooled_unassigned_area,0,0.16,0,0.16
3886,2018-02,2017-02,12,0,True,0.0,master,valid_observed_phase_at_origin,ABCDE,calibration,3,-1,unassigned_nearest_donor_beyond_100km,pooled_unassigned_area,0,0.16,0,0.16
3887,2018-02,2017-02,12,0,True,0.0,master,valid_observed_phase_at_origin,ABCDE,calibration,3,-1,unassigned_nearest_donor_beyond_100km,pooled_unassigned_area,0,0.15,0,0.15
3888,2018-02,2017-02,12,1,True,0.0,master,valid_observed_phase_at_origin,ABCDE,calibration,3,-1,unassigned_nearest_donor_beyond_100km,pooled_unassigned_area,0,0.09,0,0.09
3889,2018-02,2017-02,12,1,True,0.0,master,valid_observed_phase_at_origin,ABCDE,calibration,3,-1,unassigned_nearest_donor_beyond_100km,pooled_unassigned_area,0,0.14,0,0.14
3890,2018-02,2017-02,12,1,True,0.0,master,valid_observed_phase_at_origin,ABCDE,calibration,3,-1,unassigned_nearest_donor_beyond_100km,pooled_unassigned_area,0,0.12,0,0.12
3891,2018-02,2017-02,12,1,True,0.0,master,valid_observed_phase_at_origin,ABCDE,calibration,3,-1,unassigned_nearest_donor_beyond_100km,pooled_unassigned_area,0,0.14,0,0.14
3894,2018-02,2017-02,12,0,False,,,no_valid_observed_phase_at_origin,ABCDE,calibration,3,-1,unassigned_nearest_donor_beyond_100km,pooled_unassigned_area,0,0.07,0,0.07
3895,2018-02,2017-02,12,0,True,0.0,master,valid_observed_phase_at_origin,ABCDE,calibration,3,-1,unassigned_nearest_donor_beyond_100km,pooled_unassigned_area,0,0.08,0,0.08
3896,2018-02,2017-02,12,0,True,0.0,master,valid_observed_phase_at_origin,ABCDE,calibration,3,-1,unassigned_nearest_donor_beyond_100km,pooled_unassigned_area,0,0.09,0,0.09
3897,2018-02,2017-02,12,0,True,0.0,master,valid_observed_phase_at_origin,ABCDE,calibration,3,-1,unassigned_nearest_donor_beyond_100km,pooled_unassigned_area,0,0.07,0,0.07
3898,2018-02,2017-02,12,0,True,0.0,master,valid_observed_phase_at_origin,ABCDE,calibration,3,-1,unassigned_nearest_donor_beyond_100km,pooled_unassigned_area,0,0.09,0,0.09
3899,2018-02,2017-02,12,0,True,0.0,master,valid_observed_phase_at_origin,ABCDE,calibration,3,-1,unassigned_nearest_donor_beyond_100km,pooled_unassigned_area,0,0.11,0,0.11
3900,2018-02,2017-02,12,0,True,0.0,master,valid_observed_phase_at_origin,ABCDE,calibration,3,-1,unassigned_nearest_donor_beyond_100km,pooled_unassigned_area,0,0.14,0,0.14
3901,2018-02,2017-02,12,0,True,0.0,master,valid_observed_phase_at_origin,ABCDE,calibration,3,-1,unassigned_nearest_donor_beyond_100km,pooled_unassigned_area,0,0.1,0,0.1
3902,2018-02,2017-02,12,0,True,0.0,master,valid_observed_phase_at_origin,ABCDE,calibration,3,1,completed_nearest_donor,local_partition_rf,0,0.14,0,0.09
3903,2018-02,2017-02,12,0,True,0.0,master,valid_observed_phase_at_origin,ABCDE,calibration,3,1,completed_nearest_donor,local_partition_rf,0,0.08,0,0.09
3904,2018-02,2017-02,12,0,True,0.0,master,valid_observed_phase_at_origin,ABCDE,calibration,3,-1,unassigned_nearest_donor_beyond_100km,pooled_unassigned_area,0,0.13,0,0.13
3905,2018-02,2017-02,12,0,True,0.0,master,valid_observed_phase_at_origin,ABCDE,calibration,3,1,completed_nearest_donor,local_partition_rf,0,0.16,0,0.17
3906,2018-02,2017-02,12,0,True,0.0,master,valid_observed_phase_at_origin,ABCDE,calibration,3,1,completed_nearest_donor,local_partition_rf,0,0.1,0,0.14
3907,2018-02,2017-02,12,0,True,0.0,master,valid_observed_phase_at_origin,ABCDE,calibration,3,-1,unassigned_nearest_donor_beyond_100km,pooled_unassigned_area,0,0.11,0,0.11
3908,2018-02,2017-02,12,1,True,0.0,master,valid_observed_phase_at_origin,ABCDE,calibration,3,1,completed_nearest_donor,local_partition_rf,0,0.27,0,0.13
3909,2018-02,2017-02,12,1,True,0.0,master,valid_observed_phase_at_origin,ABCDE,calibration,3,1,completed_nearest_donor,local_partition_rf,0,0.15,0,0.08
3910,2018-02,2017-02,12,0,True,0.0,master,valid_observed_phase_at_origin,ABCDE,calibration,3,1,completed_nearest_donor,local_partition_rf,0,0.25,0,0.09
3911,2018-02,2017-02,12,1,True,0.0,master,valid_observed_phase_at_origin,ABCDE,calibration,3,1,completed_nearest_donor,local_partition_rf,0,0.14,0,0.1
3912,2018-02,2017-02,12,1,True,0.0,master,valid_observed_phase_at_origin,ABCDE,calibration,3,1,completed_nearest_donor,local_partition_rf,0,0.19,0,0.1
3913,2018-02,2017-02,12,0,True,0.0,master,valid_observed_phase_at_origin,ABCDE,calibration,3,1,completed_nearest_donor,local_partition_rf,0,0.12,0,0.11
3914,2018-02,2017-02,12,0,True,0.0,master,valid_observed_phase_at_origin,ABCDE,calibration,3,-1,unassigned_nearest_donor_beyond_100km,pooled_unassigned_area,0,0.1,0,0.1
3927,2018-02,2017-02,12,1,True,1.0,master,valid_observed_phase_at_origin,ABCDE,calibration,3,-1,unassigned_nearest_donor_beyond_100km,pooled_unassigned_area,0,0.29,0,0.29
3928,2018-02,2017-02,12,1,True,1.0,master,valid_observed_phase_at_origin,ABCDE,calibration,3,-1,unassigned_nearest_donor_beyond_100km,pooled_unassigned_area,0,0.27,0,0.27
3929,2018-02,2017-02,12,0,True,0.0,master,valid_observed_phase_at_origin,ABCDE,calibration,3,-1,unassigned_nearest_donor_beyond_100km,pooled_unassigned_area,0,0.15,0,0.15
3930,2018-02,2017-02,12,0,True,0.0,master,valid_observed_phase_at_origin,ABCDE,calibration,3,-1,unassigned_nearest_donor_beyond_100km,pooled_unassigned_area,0,0.15,0,0.15
3931,2018-02,2017-02,12,0,True,0.0,master,valid_observed_phase_at_origin,ABCDE,calibration,3,-1,unassigned_nearest_donor_beyond_100km,pooled_unassigned_area,0,0.14,0,0.14
3932,2018-02,2017-02,12,0,True,0.0,master,valid_observed_phase_at_origin,ABCDE,calibration,3,-1,unassigned_nearest_donor_beyond_100km,pooled_unassigned_area,0,0.14,0,0.14
3933,2018-02,2017-02,12,0,True,0.0,master,valid_observed_phase_at_origin,ABCDE,calibration,3,-1,unassigned_nearest_donor_beyond_100km,pooled_unassigned_area,0,0.14,0,0.14
3934,2018-02,2017-02,12,0,True,0.0,master,valid_observed_phase_at_origin,ABCDE,calibration,3,-1,unassigned_nearest_donor_beyond_100km,pooled_unassigned_area,0,0.12,0,0.12
3935,2018-02,2017-02,12,0,True,0.0,master,valid_observed_phase_at_origin,ABCDE,calibration,3,-1,unassigned_nearest_donor_beyond_100km,pooled_unassigned_area,0,0.11,0,0.11
3936,2018-02,2017-02,12,0,False,,,no_valid_observed_phase_at_origin,ABCDE,calibration,3,-1,unassigned_nearest_donor_beyond_100km,pooled_unassigned_area,0,0.14,0,0.14
3937,2018-02,2017-02,12,1,True,0.0,master,valid_observed_phase_at_origin,ABCDE,calibration,3,1,completed_nearest_donor,local_partition_rf,0,0.16,0,0.13
3938,2018-02,2017-02,12,1,True,0.0,master,valid_observed_phase_at_origin,ABCDE,calibration,3,1,completed_nearest_donor,local_partition_rf,0,0.16,0,0.15
3939,2018-02,2017-02,12,0,True,0.0,master,valid_observed_phase_at_origin,ABCDE,calibration,3,-1,unassigned_nearest_donor_beyond_100km,pooled_unassigned_area,0,0.14,0,0.14
3940,2018-02,2017-02,12,0,True,0.0,master,valid_observed_phase_at_origin,ABCDE,calibration,3,-1,unassigned_nearest_donor_beyond_100km,pooled_unassigned_area,0,0.1,0,0.1
3941,2018-02,2017-02,12,0,True,0.0,master,valid_observed_phase_at_origin,ABCDE,calibration,3,-1,unassigned_nearest_donor_beyond_100km,pooled_unassigned_area,0,0.14,0,0.14
3942,2018-02,2017-02,12,0,True,0.0,master,valid_observed_phase_at_origin,ABCDE,calibration,3,-1,unassigned_nearest_donor_beyond_100km,pooled_unassigned_area,0,0.12,0,0.12
3943,2018-02,2017-02,12,0,True,0.0,master,valid_observed_phase_at_origin,ABCDE,calibration,3,-1,unassigned_nearest_donor_beyond_100km,pooled_unassigned_area,0,0.16,0,0.16
3944,2018-02,2017-02,12,0,True,0.0,master,valid_observed_phase_at_origin,ABCDE,calibration,3,-1,unassigned_nearest_donor_beyond_100km,pooled_unassigned_area,0,0.12,0,0.12
3945,2018-02,2017-02,12,1,True,0.0,master,valid_observed_phase_at_origin,ABCDE,calibration,3,1,completed_nearest_donor,local_partition_rf,0,0.19,0,0.14
3946,2018-02,2017-02,12,0,True,0.0,master,valid_observed_phase_at_origin,ABCDE,calibration,3,-1,unassigned_nearest_donor_beyond_100km,pooled_unassigned_area,0,0.17,0,0.17
3947,2018-02,2017-02,12,0,True,0.0,master,valid_observed_phase_at_origin,ABCDE,calibration,3,-1,unassigned_nearest_donor_beyond_100km,pooled_unassigned_area,0,0.15,0,0.15
3948,2018-02,2017-02,12,0,True,0.0,master,valid_observed_phase_at_origin,ABCDE,calibration,3,-1,unassigned_nearest_donor_beyond_100km,pooled_unassigned_area,0,0.14,0,0.14
3949,2018-02,2017-02,12,0,True,0.0,master,valid_observed_phase_at_origin,ABCDE,calibration,3,-1,unassigned_nearest_donor_beyond_100km,pooled_unassigned_area,0,0.16,0,0.16
3955,2018-02,2017-02,12,0,True,0.0,master,valid_observed_phase_at_origin,ABCDE,calibration,3,-1,unassigned_nearest_donor_beyond_100km,pooled_unassigned_area,0,0.11,0,0.11
3956,2018-02,2017-02,12,0,True,0.0,master,valid_observed_phase_at_origin,ABCDE,calibration,3,-1,unassigned_nearest_donor_beyond_100km,pooled_unassigned_area,0,0.14,0,0.14
3957,2018-02,2017-02,12,0,True,0.0,master,valid_observed_phase_at_origin,ABCDE,calibration,3,-1,unassigned_nearest_donor_beyond_100km,pooled_unassigned_area,0,0.15,0,0.15
3958,2018-02,2017-02,12,0,True,0.0,master,valid_observed_phase_at_origin,ABCDE,calibration,3,-1,unassigned_nearest_donor_beyond_100km,pooled_unassigned_area,0,0.12,0,0.12
3959,2018-02,2017-02,12,0,True,0.0,master,valid_observed_phase_at_origin,ABCDE,calibration,3,-1,unassigned_nearest_donor_beyond_100km,pooled_unassigned_area,0,0.13,0,0.13
3960,2018-02,2017-02,12,0,True,0.0,master,valid_observed_phase_at_origin,ABCDE,calibration,3,-1,unassigned_nearest_donor_beyond_100km,pooled_unassigned_area,0,0.15,0,0.15
3961,2018-02,2017-02,12,1,True,1.0,master,valid_observed_phase_at_origin,ABCDE,calibration,3,-1,unassigned_nearest_donor_beyond_100km,pooled_unassigned_area,0,0.2,0,0.2
3962,2018-02,2017-02,12,0,True,0.0,master,valid_observed_phase_at_origin,ABCDE,calibration,3,-1,unassigned_nearest_donor_beyond_100km,pooled_unassigned_area,0,0.17,0,0.17
3963,2018-02,2017-02,12,1,True,1.0,master,valid_observed_phase_at_origin,ABCDE,calibration,3,-1,unassigned_nearest_donor_beyond_100km,pooled_unassigned_area,0,0.23,0,0.23
3964,2018-02,2017-02,12,0,True,0.0,master,valid_observed_phase_at_origin,ABCDE,calibration,3,-1,unassigned_nearest_donor_beyond_100km,pooled_unassigned_area,0,0.13,0,0.13
3965,2018-02,2017-02,12,0,True,0.0,master,valid_observed_phase_at_origin,ABCDE,calibration,3,-1,unassigned_nearest_donor_beyond_100km,pooled_unassigned_area,0,0.14,0,0.14
3966,2018-02,2017-02,12,0,True,0.0,master,valid_observed_phase_at_origin,ABCDE,calibration,3,-1,unassigned_nearest_donor_beyond_100km,pooled_unassigned_area,0,0.18,0,0.18
3967,2018-02,2017-02,12,1,True,1.0,master,valid_observed_phase_at_origin,ABCDE,calibration,3,-1,unassigned_nearest_donor_beyond_100km,pooled_unassigned_area,0,0.19,0,0.19
3968,2018-02,2017-02,12,0,True,0.0,master,valid_observed_phase_at_origin,ABCDE,calibration,3,-1,unassigned_nearest_donor_beyond_100km,pooled_unassigned_area,0,0.17,0,0.17
3969,2018-02,2017-02,12,0,True,0.0,master,valid_observed_phase_at_origin,ABCDE,calibration,3,-1,unassigned_nearest_donor_beyond_100km,pooled_unassigned_area,0,0.14,0,0.14
3970,2018-02,2017-02,12,1,True,1.0,master,valid_observed_phase_at_origin,ABCDE,calibration,3,-1,unassigned_nearest_donor_beyond_100km,pooled_unassigned_area,0,0.28,0,0.28
3971,2018-02,2017-02,12,0,True,0.0,master,valid_observed_phase_at_origin,ABCDE,calibration,3,-1,unassigned_nearest_donor_beyond_100km,pooled_unassigned_area,0,0.12,0,0.12
3972,2018-02,2017-02,12,1,True,1.0,master,valid_observed_phase_at_origin,ABCDE,calibration,3,-1,unassigned_nearest_donor_beyond_100km,pooled_unassigned_area,0,0.22,0,0.22
3973,2018-02,2017-02,12,1,True,1.0,master,valid_observed_phase_at_origin,ABCDE,calibration,3,-1,unassigned_nearest_donor_beyond_100km,pooled_unassigned_area,0,0.19,0,0.19
3974,2018-02,2017-02,12,0,True,0.0,master,valid_observed_phase_at_origin,ABCDE,calibration,3,-1,unassigned_nearest_donor_beyond_100km,pooled_unassigned_area,0,0.14,0,0.14
3975,2018-02,2017-02,12,1,True,0.0,master,valid_observed_phase_at_origin,ABCDE,calibration,3,-1,unassigned_nearest_donor_beyond_100km,pooled_unassigned_area,0,0.14,0,0.14
3976,2018-02,2017-02,12,1,True,0.0,master,valid_observed_phase_at_origin,ABCDE,calibration,3,-1,unassigned_nearest_donor_beyond_100km,pooled_unassigned_area,0,0.14,0,0.14
3977,2018-02,2017-02,12,1,True,0.0,master,valid_observed_phase_at_origin,ABCDE,calibration,3,-1,unassigned_nearest_donor_beyond_100km,pooled_unassigned_area,0,0.13,0,0.13
3978,2018-02,2017-02,12,1,True,0.0,master,valid_observed_phase_at_origin,ABCDE,calibration,3,-1,unassigned_nearest_donor_beyond_100km,pooled_unassigned_area,0,0.12,0,0.12
3979,2018-02,2017-02,12,1,True,0.0,master,valid_observed_phase_at_origin,ABCDE,calibration,3,-1,unassigned_nearest_donor_beyond_100km,pooled_unassigned_area,0,0.12,0,0.12
3980,2018-02,2017-02,12,1,True,0.0,master,valid_observed_phase_at_origin,ABCDE,calibration,3,-1,unassigned_nearest_donor_beyond_100km,pooled_unassigned_area,0,0.13,0,0.13
3981,2018-02,2017-02,12,0,True,0.0,master,valid_observed_phase_at_origin,ABCDE,calibration,3,-1,unassigned_nearest_donor_beyond_100km,pooled_unassigned_area,0,0.18,0,0.18
3982,2018-02,2017-02,12,0,True,0.0,master,valid_observed_phase_at_origin,ABCDE,calibration,3,-1,unassigned_nearest_donor_beyond_100km,pooled_unassigned_area,0,0.09,0,0.09
3983,2018-02,2017-02,12,1,True,0.0,master,valid_observed_phase_at_origin,ABCDE,calibration,3,-1,unassigned_nearest_donor_beyond_100km,pooled_unassigned_area,0,0.15,0,0.15
3984,2018-02,2017-02,12,0,True,0.0,master,valid_observed_phase_at_origin,ABCDE,calibration,3,-1,unassigned_nearest_donor_beyond_100km,pooled_unassigned_area,0,0.13,0,0.13
3985,2018-02,2017-02,12,1,True,0.0,master,valid_observed_phase_at_origin,ABCDE,calibration,3,-1,unassigned_nearest_donor_beyond_100km,pooled_unassigned_area,0,0.14,0,0.14
3986,2018-02,2017-02,12,0,True,0.0,master,valid_observed_phase_at_origin,ABCDE,calibration,3,-1,unassigned_nearest_donor_beyond_100km,pooled_unassigned_area,0,0.11,0,0.11
3987,2018-02,2017-02,12,1,True,0.0,master,valid_observed_phase_at_origin,ABCDE,calibration,3,-1,unassigned_nearest_donor_beyond_100km,pooled_unassigned_area,0,0.11,0,0.11
3988,2018-02,2017-02,12,0,True,0.0,master,valid_observed_phase_at_origin,ABCDE,calibration,3,-1,unassigned_nearest_donor_beyond_100km,pooled_unassigned_area,0,0.13,0,0.13
3989,2018-02,2017-02,12,1,True,0.0,master,valid_observed_phase_at_origin,ABCDE,calibration,3,-1,unassigned_nearest_donor_beyond_100km,pooled_unassigned_area,0,0.12,0,0.12
3990,2018-02,2017-02,12,0,True,0.0,master,valid_observed_phase_at_origin,ABCDE,calibration,3,-1,unassigned_nearest_donor_beyond_100km,pooled_unassigned_area,0,0.1,0,0.1
3991,2018-02,2017-02,12,1,True,0.0,master,valid_observed_phase_at_origin,ABCDE,calibration,3,-1,unassigned_nearest_donor_beyond_100km,pooled_unassigned_area,0,0.06,0,0.06
3992,2018-02,2017-02,12,1,True,0.0,master,valid_observed_phase_at_origin,ABCDE,calibration,3,-1,unassigned_nearest_donor_beyond_100km,pooled_unassigned_area,0,0.15,0,0.15
3993,2018-02,2017-02,12,1,True,0.0,master,valid_observed_phase_at_origin,ABCDE,calibration,3,-1,unassigned_nearest_donor_beyond_100km,pooled_unassigned_area,0,0.13,0,0.13
3994,2018-02,2017-02,12,1,True,0.0,master,valid_observed_phase_at_origin,ABCDE,calibration,3,-1,unassigned_nearest_donor_beyond_100km,pooled_unassigned_area,0,0.13,0,0.13
3995,2018-02,2017-02,12,0,True,0.0,master,valid_observed_phase_at_origin,ABCDE,calibration,3,-1,unassigned_nearest_donor_beyond_100km,pooled_unassigned_area,0,0.18,0,0.18
3996,2018-02,2017-02,12,1,True,0.0,master,valid_observed_phase_at_origin,ABCDE,calibration,3,-1,unassigned_nearest_donor_beyond_100km,pooled_unassigned_area,0,0.15,0,0.15
3997,2018-02,2017-02,12,0,True,0.0,master,valid_observed_phase_at_origin,ABCDE,calibration,3,-1,unassigned_nearest_donor_beyond_100km,pooled_unassigned_area,0,0.18,0,0.18
3998,2018-02,2017-02,12,0,True,0.0,master,valid_observed_phase_at_origin,ABCDE,calibration,3,1,completed_nearest_donor,local_partition_rf,0,0.18,0,0.07
3999,2018-02,2017-02,12,0,True,0.0,master,valid_observed_phase_at_origin,ABCDE,calibration,3,1,completed_nearest_donor,local_partition_rf,0,0.17,0,0.15
4000,2018-02,2017-02,12,0,True,1.0,master,valid_observed_phase_at_origin,ABCDE,calibration,3,0,spectral_core,local_partition_rf,0,0.34,0,0.28
4001,2018-02,2017-02,12,0,True,1.0,master,valid_observed_phase_at_origin,ABCDE,calibration,3,0,spectral_core,local_partition_rf,0,0.35,0,0.28
4002,2018-02,2017-02,12,0,True,1.0,master,valid_observed_phase_at_origin,ABCDE,calibration,3,0,spectral_core,local_partition_rf,0,0.37,0,0.28
4003,2018-02,2017-02,12,0,True,1.0,master,valid_observed_phase_at_origin,ABCDE,calibration,3,0,spectral_core,local_partition_rf,0,0.43,0,0.4
4004,2018-02,2017-02,12,0,True,1.0,master,valid_observed_phase_at_origin,ABCDE,calibration,3,0,spectral_core,local_partition_rf,0,0.34,0,0.24
4005,2018-02,2017-02,12,0,True,0.0,master,valid_observed_phase_at_origin,ABCDE,calibration,3,0,spectral_core,local_partition_rf,0,0.28,0,0.21
4006,2018-02,2017-02,12,0,True,1.0,master,valid_observed_phase_at_origin,ABCDE,calibration,3,0,spectral_core,local_partition_rf,0,0.37,0,0.25
4007,2018-02,2017-02,12,1,True,1.0,master,valid_observed_phase_at_origin,ABCDE,calibration,3,0,spectral_core,local_partition_rf,0,0.44,0,0.23
4008,2018-02,2017-02,12,0,True,0.0,master,valid_observed_phase_at_origin,ABCDE,calibration,3,0,spectral_core,local_partition_rf,0,0.34,0,0.18
4009,2018-02,2017-02,12,0,True,0.0,master,valid_observed_phase_at_origin,ABCDE,calibration,3,0,spectral_core,local_partition_rf,0,0.27,0,0.23
4010,2018-02,2017-02,12,0,True,1.0,master,valid_observed_phase_at_origin,ABCDE,calibration,3,0,spectral_core,local_partition_rf,0,0.4,0,0.27
4011,2018-02,2017-02,12,0,True,0.0,master,valid_observed_phase_at_origin,ABCDE,calibration,3,0,spectral_core,local_partition_rf,0,0.31,0,0.19
4012,2018-02,2017-02,12,0,True,1.0,master,valid_observed_phase_at_origin,ABCDE,calibration,3,0,spectral_core,local_partition_rf,0,0.45,0,0.27
4013,2018-02,2017-02,12,0,True,1.0,master,valid_observed_phase_at_origin,ABCDE,calibration,3,0,spectral_core,local_partition_rf,0,0.45,0,0.28
4014,2018-02,2017-02,12,0,True,1.0,master,valid_observed_phase_at_origin,ABCDE,calibration,3,0,spectral_core,local_partition_rf,0,0.4,0,0.29
4015,2018-02,2017-02,12,0,True,0.0,master,valid_observed_phase_at_origin,ABCDE,calibration,3,0,spectral_core,local_partition_rf,0,0.38,0,0.17
4016,2018-02,2017-02,12,0,True,1.0,master,valid_observed_phase_at_origin,ABCDE,calibration,3,0,spectral_core,local_partition_rf,0,0.39,0,0.27
4017,2018-02,2017-02,12,0,True,1.0,master,valid_observed_phase_at_origin,ABCDE,calibration,3,0,spectral_core,local_partition_rf,0,0.39,0,0.31
4018,2018-02,2017-02,12,1,True,1.0,master,valid_observed_phase_at_origin,ABCDE,calibration,3,0,spectral_core,local_partition_rf,0,0.42,0,0.24
4019,2018-02,2017-02,12,0,True,1.0,master,valid_observed_phase_at_origin,ABCDE,calibration,3,0,spectral_core,local_partition_rf,0,0.44,0,0.29
4020,2018-02,2017-02,12,0,True,0.0,master,valid_observed_phase_at_origin,ABCDE,calibration,3,0,spectral_core,local_partition_rf,0,0.28,0,0.28
4021,2018-02,2017-02,12,0,True,1.0,master,valid_observed_phase_at_origin,ABCDE,calibration,3,0,spectral_core,local_partition_rf,0,0.46,0,0.25
4022,2018-02,2017-02,12,0,True,1.0,master,valid_observed_phase_at_origin,ABCDE,calibration,3,0,spectral_core,local_partition_rf,0,0.44,0,0.28
4023,2018-02,2017-02,12,0,True,1.0,master,valid_observed_phase_at_origin,ABCDE,calibration,3,0,spectral_core,local_partition_rf,0,0.43,0,0.37
4024,2018-02,2017-02,12,0,True,1.0,master,valid_observed_phase_at_origin,ABCDE,calibration,3,0,spectral_core,local_partition_rf,0,0.42,0,0.28
4025,2018-02,2017-02,12,0,True,1.0,master,valid_observed_phase_at_origin,ABCDE,calibration,3,0,spectral_core,local_partition_rf,0,0.42,0,0.26
4026,2018-02,2017-02,12,0,True,1.0,master,valid_observed_phase_at_origin,ABCDE,calibration,3,0,spectral_core,local_partition_rf,0,0.41,0,0.27
4027,2018-02,2017-02,12,0,True,1.0,master,valid_observed_phase_at_origin,ABCDE,calibration,3,0,spectral_core,local_partition_rf,0,0.42,0,0.31
4028,2018-02,2017-02,12,0,True,1.0,master,valid_observed_phase_at_origin,ABCDE,calibration,3,0,spectral_core,local_partition_rf,0,0.46,0,0.2
4029,2018-02,2017-02,12,0,True,1.0,master,valid_observed_phase_at_origin,ABCDE,calibration,3,0,spectral_core,local_partition_rf,0,0.44,0,0.29
4030,2018-02,2017-02,12,0,True,1.0,master,valid_observed_phase_at_origin,ABCDE,calibration,3,0,spectral_core,local_partition_rf,0,0.36,0,0.26
4031,2018-02,2017-02,12,0,True,1.0,master,valid_observed_phase_at_origin,ABCDE,calibration,3,0,spectral_core,local_partition_rf,0,0.36,0,0.22
4032,2018-02,2017-02,12,0,True,1.0,master,valid_observed_phase_at_origin,ABCDE,calibration,3,0,spectral_core,local_partition_rf,0,0.42,0,0.27
4033,2018-02,2017-02,12,0,True,1.0,master,valid_observed_phase_at_origin,ABCDE,calibration,3,0,spectral_core,local_partition_rf,0,0.43,0,0.23
4034,2018-02,2017-02,12,0,True,0.0,master,valid_observed_phase_at_origin,ABCDE,calibration,3,0,spectral_core,local_partition_rf,0,0.26,0,0.24
4035,2018-02,2017-02,12,0,True,1.0,master,valid_observed_phase_at_origin,ABCDE,calibration,3,0,spectral_core,local_partition_rf,0,0.36,0,0.2
4036,2018-02,2017-02,12,0,True,1.0,master,valid_observed_phase_at_origin,ABCDE,calibration,3,0,spectral_core,local_partition_rf,0,0.41,0,0.28
4037,2018-02,2017-02,12,0,True,1.0,master,valid_observed_phase_at_origin,ABCDE,calibration,3,0,spectral_core,local_partition_rf,0,0.41,0,0.24
4038,2018-02,2017-02,12,0,True,0.0,master,valid_observed_phase_at_origin,ABCDE,calibration,3,0,spectral_core,local_partition_rf,0,0.24,0,0.11
4039,2018-02,2017-02,12,0,True,0.0,master,valid_observed_phase_at_origin,ABCDE,calibration,3,0,spectral_core,local_partition_rf,0,0.25,0,0.2
4040,2018-02,2017-02,12,0,True,0.0,master,valid_observed_phase_at_origin,ABCDE,calibration,3,0,spectral_core,local_partition_rf,0,0.24,0,0.15
4041,2018-02,2017-02,12,0,True,0.0,master,valid_observed_phase_at_origin,ABCDE,calibration,3,0,spectral_core,local_partition_rf,0,0.29,0,0.16
4042,2018-02,2017-02,12,0,True,1.0,master,valid_observed_phase_at_origin,ABCDE,calibration,3,0,spectral_core,local_partition_rf,0,0.42,0,0.33
4043,2018-02,2017-02,12,0,True,1.0,master,valid_observed_phase_at_origin,ABCDE,calibration,3,0,spectral_core,local_partition_rf,0,0.46,0,0.29
4044,2018-02,2017-02,12,0,True,1.0,master,valid_observed_phase_at_origin,ABCDE,calibration,3,0,spectral_core,local_partition_rf,0,0.42,0,0.31
4045,2018-02,2017-02,12,0,True,1.0,master,valid_observed_phase_at_origin,ABCDE,calibration,3,0,spectral_core,local_partition_rf,0,0.45,0,0.34
4046,2018-02,2017-02,12,0,True,1.0,master,valid_observed_phase_at_origin,ABCDE,calibration,3,0,spectral_core,local_partition_rf,0,0.5,0,0.33
4047,2018-02,2017-02,12,0,True,1.0,master,valid_observed_phase_at_origin,ABCDE,calibration,3,0,spectral_core,local_partition_rf,0,0.39,0,0.26
4048,2018-02,2017-02,12,0,True,1.0,master,valid_observed_phase_at_origin,ABCDE,calibration,3,0,spectral_core,local_partition_rf,0,0.48,0,0.28
4049,2018-02,2017-02,12,0,True,1.0,master,valid_observed_phase_at_origin,ABCDE,calibration,3,0,spectral_core,local_partition_rf,1,0.51,0,0.32
4050,2018-02,2017-02,12,0,True,0.0,master,valid_observed_phase_at_origin,ABCDE,calibration,3,0,spectral_core,local_partition_rf,0,0.36,0,0.2
4051,2018-02,2017-02,12,0,True,0.0,master,valid_observed_phase_at_origin,ABCDE,calibration,3,0,spectral_core,local_partition_rf,0,0.27,0,0.2
4052,2018-02,2017-02,12,0,True,0.0,master,valid_observed_phase_at_origin,ABCDE,calibration,3,0,spectral_core,local_partition_rf,0,0.33,0,0.25
4053,2018-02,2017-02,12,0,True,0.0,master,valid_observed_phase_at_origin,ABCDE,calibration,3,0,spectral_core,local_partition_rf,0,0.25,0,0.19
4054,2018-02,2017-02,12,0,True,0.0,master,valid_observed_phase_at_origin,ABCDE,calibration,3,0,spectral_core,local_partition_rf,0,0.3,0,0.14
4055,2018-02,2017-02,12,0,True,0.0,master,valid_observed_phase_at_origin,ABCDE,calibration,3,0,spectral_core,local_partition_rf,0,0.15,0,0.13
4056,2018-02,2017-02,12,0,True,1.0,master,valid_observed_phase_at_origin,ABCDE,calibration,3,0,spectral_core,local_partition_rf,0,0.34,0,0.18
4057,2018-02,2017-02,12,0,True,0.0,master,valid_observed_phase_at_origin,ABCDE,calibration,3,0,spectral_core,local_partition_rf,0,0.23,0,0.15
4058,2018-02,2017-02,12,0,True,0.0,master,valid_observed_phase_at_origin,ABCDE,calibration,3,0,spectral_core,local_partition_rf,0,0.17,0,0.21
4059,2018-02,2017-02,12,0,True,0.0,master,valid_observed_phase_at_origin,ABCDE,calibration,3,0,spectral_core,local_partition_rf,0,0.17,0,0.17
4060,2018-02,2017-02,12,0,True,0.0,master,valid_observed_phase_at_origin,ABCDE,calibration,3,0,spectral_core,local_partition_rf,0,0.2,0,0.14
4061,2018-02,2017-02,12,0,True,0.0,master,valid_observed_phase_at_origin,ABCDE,calibration,3,0,spectral_core,local_partition_rf,0,0.21,0,0.17
4062,2018-02,2017-02,12,0,True,1.0,master,valid_observed_phase_at_origin,ABCDE,calibration,3,0,spectral_core,local_partition_rf,0,0.31,0,0.14
4063,2018-02,2017-02,12,0,True,0.0,master,valid_observed_phase_at_origin,ABCDE,calibration,3,0,spectral_core,local_partition_rf,0,0.19,0,0.18
4064,2018-02,2017-02,12,0,True,0.0,master,valid_observed_phase_at_origin,ABCDE,calibration,3,0,spectral_core,local_partition_rf,0,0.18,0,0.17
4065,2018-02,2017-02,12,0,True,0.0,master,valid_observed_phase_at_origin,ABCDE,calibration,3,0,spectral_core,local_partition_rf,0,0.21,0,0.12
4066,2018-02,2017-02,12,0,True,0.0,master,valid_observed_phase_at_origin,ABCDE,calibration,3,0,spectral_core,local_partition_rf,0,0.2,0,0.15
4067,2018-02,2017-02,12,0,True,0.0,master,valid_observed_phase_at_origin,ABCDE,calibration,3,0,spectral_core,local_partition_rf,0,0.21,0,0.1
4068,2018-02,2017-02,12,0,True,0.0,master,valid_observed_phase_at_origin,ABCDE,calibration,3,0,spectral_core,local_partition_rf,0,0.19,0,0.14
4069,2018-02,2017-02,12,0,True,0.0,master,valid_observed_phase_at_origin,ABCDE,calibration,3,0,spectral_core,local_partition_rf,0,0.19,0,0.13
4070,2018-02,2017-02,12,0,True,0.0,master,valid_observed_phase_at_origin,ABCDE,calibration,3,0,spectral_core,local_partition_rf,0,0.2,0,0.16
4071,2018-02,2017-02,12,0,True,0.0,master,valid_observed_phase_at_origin,ABCDE,calibration,3,0,spectral_core,local_partition_rf,0,0.29,0,0.18
4072,2018-02,2017-02,12,0,True,0.0,master,valid_observed_phase_at_origin,ABCDE,calibration,3,0,spectral_core,local_partition_rf,0,0.16,0,0.13
4073,2018-02,2017-02,12,0,True,0.0,master,valid_observed_phase_at_origin,ABCDE,calibration,3,0,spectral_core,local_partition_rf,0,0.18,0,0.12
4074,2018-02,2017-02,12,0,True,0.0,master,valid_observed_phase_at_origin,ABCDE,calibration,3,0,spectral_core,local_partition_rf,0,0.24,0,0.12
4075,2018-02,2017-02,12,0,True,0.0,master,valid_observed_phase_at_origin,ABCDE,calibration,3,0,spectral_core,local_partition_rf,0,0.2,0,0.18
4076,2018-02,2017-02,12,0,True,0.0,master,valid_observed_phase_at_origin,ABCDE,calibration,3,0,spectral_core,local_partition_rf,0,0.25,0,0.15
4077,2018-02,2017-02,12,0,True,0.0,master,valid_observed_phase_at_origin,ABCDE,calibration,3,0,spectral_core,local_partition_rf,0,0.17,0,0.18
4078,2018-02,2017-02,12,0,True,0.0,master,valid_observed_phase_at_origin,ABCDE,calibration,3,0,spectral_core,local_partition_rf,0,0.15,0,0.16
4079,2018-02,2017-02,12,0,True,0.0,master,valid_observed_phase_at_origin,ABCDE,calibration,3,0,spectral_core,local_partition_rf,0,0.21,0,0.15
4080,2018-02,2017-02,12,0,True,1.0,master,valid_observed_phase_at_origin,ABCDE,calibration,3,0,spectral_core,local_partition_rf,0,0.33,0,0.17
4081,2018-02,2017-02,12,0,True,0.0,master,valid_observed_phase_at_origin,ABCDE,calibration,3,0,spectral_core,local_partition_rf,0,0.2,0,0.19
4082,2018-02,2017-02,12,0,True,0.0,master,valid_observed_phase_at_origin,ABCDE,calibration,3,0,spectral_core,local_partition_rf,0,0.12,0,0.18
4083,2018-02,2017-02,12,0,True,0.0,master,valid_observed_phase_at_origin,ABCDE,calibration,3,0,spectral_core,local_partition_rf,0,0.24,0,0.18
4084,2018-02,2017-02,12,0,True,0.0,master,valid_observed_phase_at_origin,ABCDE,calibration,3,0,spectral_core,local_partition_rf,0,0.24,0,0.11
4085,2018-02,2017-02,12,0,True,0.0,master,valid_observed_phase_at_origin,ABCDE,calibration,3,0,spectral_core,local_partition_rf,0,0.2,0,0.2
4086,2018-02,2017-02,12,0,True,0.0,master,valid_observed_phase_at_origin,ABCDE,calibration,3,0,spectral_core,local_partition_rf,0,0.14,0,0.19
4087,2018-02,2017-02,12,0,True,0.0,master,valid_observed_phase_at_origin,ABCDE,calibration,3,0,spectral_core,local_partition_rf,0,0.19,0,0.15
4088,2018-02,2017-02,12,0,True,0.0,master,valid_observed_phase_at_origin,ABCDE,calibration,3,0,spectral_core,local_partition_rf,0,0.19,0,0.17
4089,2018-02,2017-02,12,0,True,0.0,master,valid_observed_phase_at_origin,ABCDE,calibration,3,0,spectral_core,local_partition_rf,0,0.24,0,0.13
4090,2018-02,2017-02,12,0,True,0.0,master,valid_observed_phase_at_origin,ABCDE,calibration,3,0,spectral_core,local_partition_rf,0,0.22,0,0.12
4091,2018-02,2017-02,12,0,True,0.0,master,valid_observed_phase_at_origin,ABCDE,calibration,3,0,spectral_core,local_partition_rf,0,0.22,0,0.17
4092,2018-02,2017-02,12,0,True,0.0,master,valid_observed_phase_at_origin,ABCDE,calibration,3,0,spectral_core,local_partition_rf,0,0.25,0,0.18
4093,2018-02,2017-02,12,0,True,0.0,master,valid_observed_phase_at_origin,ABCDE,calibration,3,0,spectral_core,local_partition_rf,0,0.17,0,0.15
4094,2018-02,2017-02,12,0,True,0.0,master,valid_observed_phase_at_origin,ABCDE,calibration,3,0,spectral_core,local_partition_rf,0,0.16,0,0.18
4095,2018-02,2017-02,12,0,True,0.0,master,valid_observed_phase_at_origin,ABCDE,calibration,3,0,spectral_core,local_partition_rf,0,0.24,0,0.14
4096,2018-02,2017-02,12,0,True,0.0,master,valid_observed_phase_at_origin,ABCDE,calibration,3,0,spectral_core,local_partition_rf,0,0.19,0,0.19
4097,2018-02,2017-02,12,0,True,0.0,master,valid_observed_phase_at_origin,ABCDE,calibration,3,0,spectral_core,local_partition_rf,0,0.21,0,0.19
4098,2018-02,2017-02,12,0,True,0.0,master,valid_observed_phase_at_origin,ABCDE,calibration,3,0,spectral_core,local_partition_rf,0,0.21,0,0.14
4099,2018-02,2017-02,12,0,True,0.0,master,valid_observed_phase_at_origin,ABCDE,calibration,3,0,spectral_core,local_partition_rf,0,0.24,0,0.13
4100,2018-02,2017-02,12,0,True,0.0,master,valid_observed_phase_at_origin,ABCDE,calibration,3,0,spectral_core,local_partition_rf,0,0.2,0,0.17
4101,2018-02,2017-02,12,0,True,0.0,master,valid_observed_phase_at_origin,ABCDE,calibration,3,0,spectral_core,local_partition_rf,0,0.24,0,0.13
4102,2018-02,2017-02,12,0,True,0.0,master,valid_observed_phase_at_origin,ABCDE,calibration,3,0,spectral_core,local_partition_rf,0,0.22,0,0.16
4103,2018-02,2017-02,12,0,True,0.0,master,valid_observed_phase_at_origin,ABCDE,calibration,3,0,spectral_core,local_partition_rf,0,0.19,0,0.13
4104,2018-02,2017-02,12,0,True,0.0,master,valid_observed_phase_at_origin,ABCDE,calibration,3,0,spectral_core,local_partition_rf,0,0.17,0,0.14
4105,2018-02,2017-02,12,0,True,0.0,master,valid_observed_phase_at_origin,ABCDE,calibration,3,0,spectral_core,local_partition_rf,0,0.21,0,0.13
4106,2018-02,2017-02,12,0,True,0.0,master,valid_observed_phase_at_origin,ABCDE,calibration,3,0,spectral_core,local_partition_rf,0,0.17,0,0.12
4107,2018-02,2017-02,12,0,True,0.0,master,valid_observed_phase_at_origin,ABCDE,calibration,3,0,spectral_core,local_partition_rf,0,0.18,0,0.18
4108,2018-02,2017-02,12,0,True,0.0,master,valid_observed_phase_at_origin,ABCDE,calibration,3,0,spectral_core,local_partition_rf,0,0.28,0,0.13
4109,2018-02,2017-02,12,0,True,0.0,master,valid_observed_phase_at_origin,ABCDE,calibration,3,0,spectral_core,local_partition_rf,0,0.22,0,0.12
4110,2018-02,2017-02,12,0,True,0.0,master,valid_observed_phase_at_origin,ABCDE,calibration,3,0,spectral_core,local_partition_rf,0,0.23,0,0.08
4111,2018-02,2017-02,12,0,True,0.0,master,valid_observed_phase_at_origin,ABCDE,calibration,3,0,spectral_core,local_partition_rf,0,0.23,0,0.14
4112,2018-02,2017-02,12,0,True,0.0,master,valid_observed_phase_at_origin,ABCDE,calibration,3,0,spectral_core,local_partition_rf,0,0.26,0,0.11
4113,2018-02,2017-02,12,0,True,0.0,master,valid_observed_phase_at_origin,ABCDE,calibration,3,0,spectral_core,local_partition_rf,0,0.2,0,0.14
4114,2018-02,2017-02,12,0,True,0.0,master,valid_observed_phase_at_origin,ABCDE,calibration,3,0,spectral_core,local_partition_rf,0,0.26,0,0.14
4115,2018-02,2017-02,12,0,True,0.0,master,valid_observed_phase_at_origin,ABCDE,calibration,3,0,spectral_core,local_partition_rf,0,0.27,0,0.13
4116,2018-02,2017-02,12,0,True,0.0,master,valid_observed_phase_at_origin,ABCDE,calibration,3,0,spectral_core,local_partition_rf,0,0.22,0,0.17
4117,2018-02,2017-02,12,0,True,0.0,master,valid_observed_phase_at_origin,ABCDE,calibration,3,0,spectral_core,local_partition_rf,0,0.24,0,0.13
4118,2018-02,2017-02,12,0,True,0.0,master,valid_observed_phase_at_origin,ABCDE,calibration,3,0,spectral_core,local_partition_rf,0,0.26,0,0.11
4119,2018-02,2017-02,12,0,True,0.0,master,valid_observed_phase_at_origin,ABCDE,calibration,3,0,spectral_core,local_partition_rf,0,0.23,0,0.08
4120,2018-02,2017-02,12,0,True,0.0,master,valid_observed_phase_at_origin,ABCDE,calibration,3,0,spectral_core,local_partition_rf,0,0.26,0,0.09
4121,2018-02,2017-02,12,0,True,0.0,master,valid_observed_phase_at_origin,ABCDE,calibration,3,0,spectral_core,local_partition_rf,0,0.26,0,0.11
4122,2018-02,2017-02,12,0,True,0.0,master,valid_observed_phase_at_origin,ABCDE,calibration,3,0,spectral_core,local_partition_rf,0,0.26,0,0.11
4123,2018-02,2017-02,12,0,True,0.0,master,valid_observed_phase_at_origin,ABCDE,calibration,3,0,spectral_core,local_partition_rf,0,0.18,0,0.11
4124,2018-02,2017-02,12,0,True,0.0,master,valid_observed_phase_at_origin,ABCDE,calibration,3,0,spectral_core,local_partition_rf,0,0.28,0,0.13
4125,2018-02,2017-02,12,0,True,0.0,master,valid_observed_phase_at_origin,ABCDE,calibration,3,0,spectral_core,local_partition_rf,0,0.26,0,0.12
4126,2018-02,2017-02,12,0,True,0.0,master,valid_observed_phase_at_origin,ABCDE,calibration,3,0,spectral_core,local_partition_rf,0,0.25,0,0.17
4127,2018-02,2017-02,12,0,True,0.0,master,valid_observed_phase_at_origin,ABCDE,calibration,3,0,spectral_core,local_partition_rf,0,0.16,0,0.13
4128,2018-02,2017-02,12,0,True,0.0,master,valid_observed_phase_at_origin,ABCDE,calibration,3,0,spectral_core,local_partition_rf,0,0.16,0,0.16
4129,2018-02,2017-02,12,0,True,0.0,master,valid_observed_phase_at_origin,ABCDE,calibration,3,0,spectral_core,local_partition_rf,0,0.29,0,0.12
4130,2018-02,2017-02,12,0,True,0.0,master,valid_observed_phase_at_origin,ABCDE,calibration,3,0,spectral_core,local_partition_rf,0,0.23,0,0.13
4131,2018-02,2017-02,12,0,True,1.0,master,valid_observed_phase_at_origin,ABCDE,calibration,3,0,spectral_core,local_partition_rf,0,0.29,0,0.24
4132,2018-02,2017-02,12,0,True,0.0,master,valid_observed_phase_at_origin,ABCDE,calibration,3,0,spectral_core,local_partition_rf,0,0.26,0,0.18
4133,2018-02,2017-02,12,0,True,0.0,master,valid_observed_phase_at_origin,ABCDE,calibration,3,0,spectral_core,local_partition_rf,0,0.27,0,0.12
4134,2018-02,2017-02,12,0,True,0.0,master,valid_observed_phase_at_origin,ABCDE,calibration,3,0,spectral_core,local_partition_rf,0,0.23,0,0.18
4135,2018-02,2017-02,12,0,True,0.0,master,valid_observed_phase_at_origin,ABCDE,calibration,3,0,spectral_core,local_partition_rf,0,0.28,0,0.13
4136,2018-02,2017-02,12,0,True,0.0,master,valid_observed_phase_at_origin,ABCDE,calibration,3,0,spectral_core,local_partition_rf,0,0.23,0,0.17
4137,2018-02,2017-02,12,0,True,0.0,master,valid_observed_phase_at_origin,ABCDE,calibration,3,0,spectral_core,local_partition_rf,0,0.31,0,0.12
4138,2018-02,2017-02,12,0,True,0.0,master,valid_observed_phase_at_origin,ABCDE,calibration,3,0,spectral_core,local_partition_rf,0,0.28,0,0.16
4139,2018-02,2017-02,12,0,True,0.0,master,valid_observed_phase_at_origin,ABCDE,calibration,3,0,spectral_core,local_partition_rf,0,0.22,0,0.14
4140,2018-02,2017-02,12,0,True,0.0,master,valid_observed_phase_at_origin,ABCDE,calibration,3,0,spectral_core,local_partition_rf,0,0.28,0,0.1
4141,2018-02,2017-02,12,0,True,0.0,master,valid_observed_phase_at_origin,ABCDE,calibration,3,0,spectral_core,local_partition_rf,0,0.32,0,0.16
4142,2018-02,2017-02,12,0,True,0.0,master,valid_observed_phase_at_origin,ABCDE,calibration,3,0,spectral_core,local_partition_rf,0,0.22,0,0.24
4143,2018-02,2017-02,12,0,True,0.0,master,valid_observed_phase_at_origin,ABCDE,calibration,3,0,spectral_core,local_partition_rf,0,0.24,0,0.08
4144,2018-02,2017-02,12,0,True,1.0,master,valid_observed_phase_at_origin,ABCDE,calibration,3,0,spectral_core,local_partition_rf,0,0.31,0,0.21
4145,2018-02,2017-02,12,0,True,0.0,master,valid_observed_phase_at_origin,ABCDE,calibration,3,0,spectral_core,local_partition_rf,0,0.25,0,0.18
4146,2018-02,2017-02,12,0,True,0.0,master,valid_observed_phase_at_origin,ABCDE,calibration,3,0,spectral_core,local_partition_rf,0,0.22,0,0.15
4147,2018-02,2017-02,12,0,True,1.0,master,valid_observed_phase_at_origin,ABCDE,calibration,3,0,spectral_core,local_partition_rf,0,0.41,0,0.24
4148,2018-02,2017-02,12,0,True,0.0,master,valid_observed_phase_at_origin,ABCDE,calibration,3,0,spectral_core,local_partition_rf,0,0.23,0,0.16
4149,2018-02,2017-02,12,0,True,0.0,master,valid_observed_phase_at_origin,ABCDE,calibration,3,0,spectral_core,local_partition_rf,0,0.29,0,0.13
4150,2018-02,2017-02,12,0,True,0.0,master,valid_observed_phase_at_origin,ABCDE,calibration,3,0,spectral_core,local_partition_rf,0,0.28,0,0.09
4151,2018-02,2017-02,12,0,True,0.0,master,valid_observed_phase_at_origin,ABCDE,calibration,3,0,spectral_core,local_partition_rf,0,0.25,0,0.12
4152,2018-02,2017-02,12,0,True,0.0,master,valid_observed_phase_at_origin,ABCDE,calibration,3,0,spectral_core,local_partition_rf,0,0.27,0,0.14
4153,2018-02,2017-02,12,0,True,0.0,master,valid_observed_phase_at_origin,ABCDE,calibration,3,0,spectral_core,local_partition_rf,0,0.25,0,0.15
4154,2018-02,2017-02,12,0,True,0.0,master,valid_observed_phase_at_origin,ABCDE,calibration,3,0,spectral_core,local_partition_rf,0,0.31,0,0.17
4155,2018-02,2017-02,12,0,True,0.0,master,valid_observed_phase_at_origin,ABCDE,calibration,3,0,spectral_core,local_partition_rf,0,0.27,0,0.17
4156,2018-02,2017-02,12,0,True,1.0,master,valid_observed_phase_at_origin,ABCDE,calibration,3,0,spectral_core,local_partition_rf,0,0.25,0,0.25
4157,2018-02,2017-02,12,0,True,0.0,master,valid_observed_phase_at_origin,ABCDE,calibration,3,0,spectral_core,local_partition_rf,0,0.22,0,0.12
4158,2018-02,2017-02,12,0,True,0.0,master,valid_observed_phase_at_origin,ABCDE,calibration,3,0,spectral_core,local_partition_rf,0,0.24,0,0.2
4159,2018-02,2017-02,12,0,True,0.0,master,valid_observed_phase_at_origin,ABCDE,calibration,3,0,spectral_core,local_partition_rf,0,0.2,0,0.18
4160,2018-02,2017-02,12,0,True,0.0,master,valid_observed_phase_at_origin,ABCDE,calibration,3,0,spectral_core,local_partition_rf,0,0.22,0,0.13
4161,2018-02,2017-02,12,0,True,0.0,master,valid_observed_phase_at_origin,ABCDE,calibration,3,0,spectral_core,local_partition_rf,0,0.24,0,0.17
4162,2018-02,2017-02,12,0,True,0.0,master,valid_observed_phase_at_origin,ABCDE,calibration,3,0,spectral_core,local_partition_rf,0,0.24,0,0.14
4163,2018-02,2017-02,12,0,True,0.0,master,valid_observed_phase_at_origin,ABCDE,calibration,3,0,spectral_core,local_partition_rf,0,0.22,0,0.13
4164,2018-02,2017-02,12,0,True,0.0,master,valid_observed_phase_at_origin,ABCDE,calibration,3,0,spectral_core,local_partition_rf,0,0.21,0,0.17
4165,2018-02,2017-02,12,0,True,0.0,master,valid_observed_phase_at_origin,ABCDE,calibration,3,0,spectral_core,local_partition_rf,0,0.25,0,0.14
4166,2018-02,2017-02,12,0,True,1.0,master,valid_observed_phase_at_origin,ABCDE,calibration,3,0,spectral_core,local_partition_rf,0,0.34,0,0.25
4167,2018-02,2017-02,12,0,True,0.0,master,valid_observed_phase_at_origin,ABCDE,calibration,3,0,spectral_core,local_partition_rf,0,0.24,0,0.21
4168,2018-02,2017-02,12,0,True,1.0,master,valid_observed_phase_at_origin,ABCDE,calibration,3,0,spectral_core,local_partition_rf,0,0.34,0,0.26
4169,2018-02,2017-02,12,0,True,0.0,master,valid_observed_phase_at_origin,ABCDE,calibration,3,0,spectral_core,local_partition_rf,0,0.24,0,0.23
4170,2018-02,2017-02,12,0,True,1.0,master,valid_observed_phase_at_origin,ABCDE,calibration,3,0,spectral_core,local_partition_rf,0,0.3,0,0.26
4171,2018-02,2017-02,12,0,True,1.0,master,valid_observed_phase_at_origin,ABCDE,calibration,3,0,spectral_core,local_partition_rf,0,0.31,0,0.24
4172,2018-02,2017-02,12,0,True,0.0,master,valid_observed_phase_at_origin,ABCDE,calibration,3,0,spectral_core,local_partition_rf,0,0.27,0,0.27
4173,2018-02,2017-02,12,0,True,1.0,master,valid_observed_phase_at_origin,ABCDE,calibration,3,0,spectral_core,local_partition_rf,0,0.32,0,0.28
4174,2018-02,2017-02,12,0,True,1.0,master,valid_observed_phase_at_origin,ABCDE,calibration,3,0,spectral_core,local_partition_rf,0,0.3,0,0.31
4175,2018-02,2017-02,12,0,True,0.0,master,valid_observed_phase_at_origin,ABCDE,calibration,3,0,spectral_core,local_partition_rf,0,0.25,0,0.29
4176,2018-02,2017-02,12,0,True,0.0,master,valid_observed_phase_at_origin,ABCDE,calibration,3,0,spectral_core,local_partition_rf,0,0.22,0,0.2
4177,2018-02,2017-02,12,0,True,1.0,master,valid_observed_phase_at_origin,ABCDE,calibration,3,0,spectral_core,local_partition_rf,0,0.42,0,0.22
4178,2018-02,2017-02,12,0,True,1.0,master,valid_observed_phase_at_origin,ABCDE,calibration,3,0,spectral_core,local_partition_rf,0,0.29,0,0.29
4179,2018-02,2017-02,12,0,True,0.0,master,valid_observed_phase_at_origin,ABCDE,calibration,3,0,spectral_core,local_partition_rf,0,0.27,0,0.27
4180,2018-02,2017-02,12,0,True,1.0,master,valid_observed_phase_at_origin,ABCDE,calibration,3,0,spectral_core,local_partition_rf,0,0.39,0,0.24
4181,2018-02,2017-02,12,0,True,0.0,master,valid_observed_phase_at_origin,ABCDE,calibration,3,0,spectral_core,local_partition_rf,0,0.27,0,0.21
4182,2018-02,2017-02,12,0,True,1.0,master,valid_observed_phase_at_origin,ABCDE,calibration,3,0,spectral_core,local_partition_rf,0,0.3,0,0.26
4183,2018-02,2017-02,12,0,True,0.0,master,valid_observed_phase_at_origin,ABCDE,calibration,3,0,spectral_core,local_partition_rf,0,0.23,0,0.19
4184,2018-02,2017-02,12,0,True,1.0,master,valid_observed_phase_at_origin,ABCDE,calibration,3,0,spectral_core,local_partition_rf,0,0.25,0,0.29
4185,2018-02,2017-02,12,0,True,1.0,master,valid_observed_phase_at_origin,ABCDE,calibration,3,0,spectral_core,local_partition_rf,0,0.38,0,0.23
4186,2018-02,2017-02,12,0,True,0.0,master,valid_observed_phase_at_origin,ABCDE,calibration,3,0,spectral_core,local_partition_rf,0,0.2,0,0.27
4187,2018-02,2017-02,12,0,True,0.0,master,valid_observed_phase_at_origin,ABCDE,calibration,3,0,spectral_core,local_partition_rf,0,0.29,0,0.24
4188,2018-02,2017-02,12,0,True,0.0,master,valid_observed_phase_at_origin,ABCDE,calibration,3,0,spectral_core,local_partition_rf,0,0.25,0,0.3
4189,2018-02,2017-02,12,0,True,1.0,master,valid_observed_phase_at_origin,ABCDE,calibration,3,0,spectral_core,local_partition_rf,0,0.33,0,0.28
4190,2018-02,2017-02,12,0,True,1.0,master,valid_observed_phase_at_origin,ABCDE,calibration,3,0,spectral_core,local_partition_rf,0,0.29,0,0.3
4191,2018-02,2017-02,12,0,True,0.0,master,valid_observed_phase_at_origin,ABCDE,calibration,3,0,spectral_core,local_partition_rf,0,0.24,0,0.26
4192,2018-02,2017-02,12,0,True,0.0,master,valid_observed_phase_at_origin,ABCDE,calibration,3,0,spectral_core,local_partition_rf,0,0.22,0,0.26
4193,2018-02,2017-02,12,0,True,0.0,master,valid_observed_phase_at_origin,ABCDE,calibration,3,0,spectral_core,local_partition_rf,0,0.3,0,0.2
4194,2018-02,2017-02,12,0,True,0.0,master,valid_observed_phase_at_origin,ABCDE,calibration,3,0,spectral_core,local_partition_rf,0,0.29,0,0.19
4195,2018-02,2017-02,12,0,True,1.0,master,valid_observed_phase_at_origin,ABCDE,calibration,3,0,spectral_core,local_partition_rf,0,0.35,0,0.27
4196,2018-02,2017-02,12,0,True,0.0,master,valid_observed_phase_at_origin,ABCDE,calibration,3,0,spectral_core,local_partition_rf,0,0.27,0,0.23
4197,2018-02,2017-02,12,0,True,0.0,master,valid_observed_phase_at_origin,ABCDE,calibration,3,0,spectral_core,local_partition_rf,0,0.29,0,0.24
4198,2018-02,2017-02,12,0,True,0.0,master,valid_observed_phase_at_origin,ABCDE,calibration,3,0,spectral_core,local_partition_rf,0,0.28,0,0.26
4199,2018-02,2017-02,12,0,True,0.0,master,valid_observed_phase_at_origin,ABCDE,calibration,3,0,spectral_core,local_partition_rf,0,0.27,0,0.24
4200,2018-02,2017-02,12,0,True,1.0,master,valid_observed_phase_at_origin,ABCDE,calibration,3,0,spectral_core,local_partition_rf,0,0.41,0,0.33
4201,2018-02,2017-02,12,0,True,0.0,master,valid_observed_phase_at_origin,ABCDE,calibration,3,0,spectral_core,local_partition_rf,0,0.4,0,0.22
4202,2018-02,2017-02,12,0,True,0.0,master,valid_observed_phase_at_origin,ABCDE,calibration,3,0,spectral_core,local_partition_rf,0,0.33,0,0.25
4203,2018-02,2017-02,12,0,True,0.0,master,valid_observed_phase_at_origin,ABCDE,calibration,3,0,spectral_core,local_partition_rf,0,0.34,0,0.2
4204,2018-02,2017-02,12,0,True,0.0,master,valid_observed_phase_at_origin,ABCDE,calibration,3,0,spectral_core,local_partition_rf,0,0.28,0,0.2
4205,2018-02,2017-02,12,0,True,1.0,master,valid_observed_phase_at_origin,ABCDE,calibration,3,0,spectral_core,local_partition_rf,0,0.41,0,0.28
4206,2018-02,2017-02,12,0,True,1.0,master,valid_observed_phase_at_origin,ABCDE,calibration,3,0,spectral_core,local_partition_rf,0,0.38,0,0.26
4207,2018-02,2017-02,12,0,True,1.0,master,valid_observed_phase_at_origin,ABCDE,calibration,3,0,spectral_core,local_partition_rf,0,0.35,0,0.3
4208,2018-02,2017-02,12,0,True,1.0,master,valid_observed_phase_at_origin,ABCDE,calibration,3,0,spectral_core,local_partition_rf,0,0.38,0,0.32
4209,2018-02,2017-02,12,0,True,1.0,master,valid_observed_phase_at_origin,ABCDE,calibration,3,0,spectral_core,local_partition_rf,0,0.39,0,0.29
4210,2018-02,2017-02,12,0,True,1.0,master,valid_observed_phase_at_origin,ABCDE,calibration,3,0,spectral_core,local_partition_rf,0,0.44,0,0.33
4211,2018-02,2017-02,12,0,True,1.0,master,valid_observed_phase_at_origin,ABCDE,calibration,3,0,spectral_core,local_partition_rf,0,0.43,0,0.27
4212,2018-02,2017-02,12,0,True,1.0,master,valid_observed_phase_at_origin,ABCDE,calibration,3,0,spectral_core,local_partition_rf,0,0.47,0,0.34
4213,2018-02,2017-02,12,0,True,1.0,master,valid_observed_phase_at_origin,ABCDE,calibration,3,0,spectral_core,local_partition_rf,0,0.42,0,0.32
4214,2018-02,2017-02,12,0,True,1.0,master,valid_observed_phase_at_origin,ABCDE,calibration,3,0,spectral_core,local_partition_rf,0,0.44,0,0.35
4215,2018-02,2017-02,12,0,True,1.0,master,valid_observed_phase_at_origin,ABCDE,calibration,3,0,spectral_core,local_partition_rf,0,0.37,0,0.24
4216,2018-02,2017-02,12,0,True,0.0,master,valid_observed_phase_at_origin,ABCDE,calibration,3,0,spectral_core,local_partition_rf,0,0.27,0,0.24
4217,2018-02,2017-02,12,0,True,1.0,master,valid_observed_phase_at_origin,ABCDE,calibration,3,0,spectral_core,local_partition_rf,0,0.44,0,0.34
4218,2018-02,2017-02,12,0,True,1.0,master,valid_observed_phase_at_origin,ABCDE,calibration,3,0,spectral_core,local_partition_rf,0,0.48,0,0.3
4219,2018-02,2017-02,12,0,True,1.0,master,valid_observed_phase_at_origin,ABCDE,calibration,3,0,spectral_core,local_partition_rf,0,0.46,0,0.33
4220,2018-02,2017-02,12,0,True,1.0,master,valid_observed_phase_at_origin,ABCDE,calibration,3,0,spectral_core,local_partition_rf,0,0.43,0,0.34
4221,2018-02,2017-02,12,0,True,1.0,master,valid_observed_phase_at_origin,ABCDE,calibration,3,0,spectral_core,local_partition_rf,1,0.51,0,0.3
4222,2018-02,2017-02,12,0,True,1.0,master,valid_observed_phase_at_origin,ABCDE,calibration,3,0,spectral_core,local_partition_rf,0,0.39,0,0.27
4223,2018-02,2017-02,12,0,True,0.0,master,valid_observed_phase_at_origin,ABCDE,calibration,3,0,spectral_core,local_partition_rf,0,0.26,0,0.16
4224,2018-02,2017-02,12,0,True,1.0,master,valid_observed_phase_at_origin,ABCDE,calibration,3,0,spectral_core,local_partition_rf,0,0.35,0,0.3
4225,2018-02,2017-02,12,0,True,1.0,master,valid_observed_phase_at_origin,ABCDE,calibration,3,0,spectral_core,local_partition_rf,0,0.32,0,0.24
4226,2018-02,2017-02,12,0,True,1.0,master,valid_observed_phase_at_origin,ABCDE,calibration,3,0,spectral_core,local_partition_rf,0,0.3,0,0.27
4227,2018-02,2017-02,12,0,True,1.0,master,valid_observed_phase_at_origin,ABCDE,calibration,3,0,spectral_core,local_partition_rf,0,0.33,0,0.4
4228,2018-02,2017-02,12,0,True,1.0,master,valid_observed_phase_at_origin,ABCDE,calibration,3,0,spectral_core,local_partition_rf,0,0.34,0,0.23
4229,2018-02,2017-02,12,0,True,0.0,master,valid_observed_phase_at_origin,ABCDE,calibration,3,0,spectral_core,local_partition_rf,0,0.27,0,0.17
4230,2018-02,2017-02,12,0,True,0.0,master,valid_observed_phase_at_origin,ABCDE,calibration,3,0,spectral_core,local_partition_rf,0,0.28,0,0.21
4231,2018-02,2017-02,12,0,True,1.0,master,valid_observed_phase_at_origin,ABCDE,calibration,3,0,spectral_core,local_partition_rf,0,0.41,0,0.23
4232,2018-02,2017-02,12,0,True,1.0,master,valid_observed_phase_at_origin,ABCDE,calibration,3,0,spectral_core,local_partition_rf,0,0.36,0,0.2
4233,2018-02,2017-02,12,0,True,0.0,master,valid_observed_phase_at_origin,ABCDE,calibration,3,0,spectral_core,local_partition_rf,0,0.41,0,0.25
4234,2018-02,2017-02,12,1,True,0.0,master,valid_observed_phase_at_origin,ABCDE,calibration,3,0,spectral_core,local_partition_rf,0,0.5,0,0.29
4235,2018-02,2017-02,12,0,True,1.0,master,valid_observed_phase_at_origin,ABCDE,calibration,3,0,spectral_core,local_partition_rf,1,0.53,0,0.32
4236,2018-02,2017-02,12,0,True,0.0,master,valid_observed_phase_at_origin,ABCDE,calibration,3,0,spectral_core,local_partition_rf,0,0.27,0,0.18
4237,2018-02,2017-02,12,1,True,1.0,master,valid_observed_phase_at_origin,ABCDE,calibration,3,8,spectral_core,local_partition_rf,0,0.28,0,0.41
4238,2018-02,2017-02,12,0,True,1.0,master,valid_observed_phase_at_origin,ABCDE,calibration,3,8,spectral_core,local_partition_rf,0,0.3,0,0.39
4239,2018-02,2017-02,12,1,True,1.0,master,valid_observed_phase_at_origin,ABCDE,calibration,3,8,spectral_core,local_partition_rf,0,0.27,0,0.36
4240,2018-02,2017-02,12,0,True,1.0,master,valid_observed_phase_at_origin,ABCDE,calibration,3,8,spectral_core,local_partition_rf,0,0.3,0,0.34
4241,2018-02,2017-02,12,1,True,0.0,master,valid_observed_phase_at_origin,ABCDE,calibration,3,8,spectral_core,local_partition_rf,0,0.22,0,0.26
4242,2018-02,2017-02,12,0,True,1.0,master,valid_observed_phase_at_origin,ABCDE,calibration,3,0,spectral_core,local_partition_rf,0,0.38,0,0.39
4243,2018-02,2017-02,12,0,True,0.0,master,valid_observed_phase_at_origin,ABCDE,calibration,3,0,spectral_core,local_partition_rf,0,0.41,0,0.23
4244,2018-02,2017-02,12,0,True,0.0,master,valid_observed_phase_at_origin,ABCDE,calibration,3,0,spectral_core,local_partition_rf,0,0.42,0,0.24
4245,2018-02,2017-02,12,0,True,1.0,master,valid_observed_phase_at_origin,ABCDE,calibration,3,0,spectral_core,local_partition_rf,0,0.4,0,0.39
4246,2018-02,2017-02,12,0,True,1.0,master,valid_observed_phase_at_origin,ABCDE,calibration,3,0,spectral_core,local_partition_rf,0,0.35,0,0.36
4247,2018-02,2017-02,12,0,True,1.0,master,valid_observed_phase_at_origin,ABCDE,calibration,3,0,spectral_core,local_partition_rf,0,0.41,0,0.4
4248,2018-02,2017-02,12,0,True,1.0,master,valid_observed_phase_at_origin,ABCDE,calibration,3,0,spectral_core,local_partition_rf,0,0.36,0,0.37
4249,2018-02,2017-02,12,0,True,0.0,master,valid_observed_phase_at_origin,ABCDE,calibration,3,8,spectral_core,local_partition_rf,0,0.3,0,0.3
4250,2018-02,2017-02,12,0,True,0.0,master,valid_observed_phase_at_origin,ABCDE,calibration,3,0,spectral_core,local_partition_rf,0,0.34,0,0.21
4251,2018-02,2017-02,12,0,True,1.0,master,valid_observed_phase_at_origin,ABCDE,calibration,3,0,spectral_core,local_partition_rf,0,0.38,0,0.37
4252,2018-02,2017-02,12,0,True,1.0,master,valid_observed_phase_at_origin,ABCDE,calibration,3,0,spectral_core,local_partition_rf,0,0.37,0,0.4
4253,2018-02,2017-02,12,0,True,0.0,master,valid_observed_phase_at_origin,ABCDE,calibration,3,0,spectral_core,local_partition_rf,0,0.36,0,0.14
4254,2018-02,2017-02,12,0,True,0.0,master,valid_observed_phase_at_origin,ABCDE,calibration,3,0,spectral_core,local_partition_rf,0,0.38,0,0.27
4255,2018-02,2017-02,12,0,True,0.0,master,valid_observed_phase_at_origin,ABCDE,calibration,3,0,spectral_core,local_partition_rf,0,0.46,0,0.25
4256,2018-02,2017-02,12,0,True,1.0,master,valid_observed_phase_at_origin,ABCDE,calibration,3,0,spectral_core,local_partition_rf,0,0.4,0,0.34
4257,2018-02,2017-02,12,0,True,0.0,master,valid_observed_phase_at_origin,ABCDE,calibration,3,0,spectral_core,local_partition_rf,0,0.36,0,0.22
4258,2018-02,2017-02,12,0,True,0.0,master,valid_observed_phase_at_origin,ABCDE,calibration,3,0,spectral_core,local_partition_rf,0,0.37,0,0.2
4259,2018-02,2017-02,12,0,True,1.0,master,valid_observed_phase_at_origin,ABCDE,calibration,3,0,spectral_core,local_partition_rf,0,0.44,0,0.38
4260,2018-02,2017-02,12,0,True,1.0,master,valid_observed_phase_at_origin,ABCDE,calibration,3,8,spectral_core,local_partition_rf,0,0.32,0,0.37
4261,2018-02,2017-02,12,0,True,1.0,master,valid_observed_phase_at_origin,ABCDE,calibration,3,0,spectral_core,local_partition_rf,0,0.36,0,0.37
4262,2018-02,2017-02,12,0,True,1.0,master,valid_observed_phase_at_origin,ABCDE,calibration,3,0,spectral_core,local_partition_rf,0,0.45,0,0.42
4263,2018-02,2017-02,12,0,True,1.0,master,valid_observed_phase_at_origin,ABCDE,calibration,3,0,spectral_core,local_partition_rf,0,0.46,0,0.37
4264,2018-02,2017-02,12,0,True,0.0,master,valid_observed_phase_at_origin,ABCDE,calibration,3,0,spectral_core,local_partition_rf,0,0.41,0,0.27
4265,2018-02,2017-02,12,0,True,1.0,master,valid_observed_phase_at_origin,ABCDE,calibration,3,0,spectral_core,local_partition_rf,0,0.39,0,0.4
4266,2018-02,2017-02,12,0,True,0.0,master,valid_observed_phase_at_origin,ABCDE,calibration,3,0,spectral_core,local_partition_rf,0,0.31,0,0.21
4267,2018-02,2017-02,12,0,True,1.0,master,valid_observed_phase_at_origin,ABCDE,calibration,3,0,spectral_core,local_partition_rf,0,0.38,0,0.33
4268,2018-02,2017-02,12,0,True,0.0,master,valid_observed_phase_at_origin,ABCDE,calibration,3,0,spectral_core,local_partition_rf,0,0.35,0,0.13
4269,2018-02,2017-02,12,0,True,0.0,master,valid_observed_phase_at_origin,ABCDE,calibration,3,0,spectral_core,local_partition_rf,0,0.39,0,0.18
4270,2018-02,2017-02,12,0,True,1.0,master,valid_observed_phase_at_origin,ABCDE,calibration,3,0,spectral_core,local_partition_rf,0,0.44,0,0.34
4271,2018-02,2017-02,12,0,True,1.0,master,valid_observed_phase_at_origin,ABCDE,calibration,3,0,spectral_core,local_partition_rf,0,0.39,0,0.34
4272,2018-02,2017-02,12,0,True,1.0,master,valid_observed_phase_at_origin,ABCDE,calibration,3,0,spectral_core,local_partition_rf,0,0.42,0,0.29
4273,2018-02,2017-02,12,0,True,1.0,master,valid_observed_phase_at_origin,ABCDE,calibration,3,0,spectral_core,local_partition_rf,0,0.37,0,0.33
4274,2018-02,2017-02,12,0,True,0.0,master,valid_observed_phase_at_origin,ABCDE,calibration,3,0,spectral_core,local_partition_rf,0,0.34,0,0.19
4275,2018-02,2017-02,12,0,True,1.0,master,valid_observed_phase_at_origin,ABCDE,calibration,3,0,spectral_core,local_partition_rf,0,0.45,0,0.37
4276,2018-02,2017-02,12,0,True,1.0,master,valid_observed_phase_at_origin,ABCDE,calibration,3,0,spectral_core,local_partition_rf,0,0.32,0,0.29
4277,2018-02,2017-02,12,0,True,1.0,master,valid_observed_phase_at_origin,ABCDE,calibration,3,0,spectral_core,local_partition_rf,0,0.37,0,0.34
4278,2018-02,2017-02,12,0,True,0.0,master,valid_observed_phase_at_origin,ABCDE,calibration,3,0,spectral_core,local_partition_rf,0,0.44,0,0.25
4279,2018-02,2017-02,12,0,True,1.0,master,valid_observed_phase_at_origin,ABCDE,calibration,3,0,spectral_core,local_partition_rf,0,0.5,0,0.42
4280,2018-02,2017-02,12,1,True,0.0,master,valid_observed_phase_at_origin,ABCDE,calibration,3,0,spectral_core,local_partition_rf,0,0.41,0,0.31
4281,2018-02,2017-02,12,0,True,1.0,master,valid_observed_phase_at_origin,ABCDE,calibration,3,0,spectral_core,local_partition_rf,0,0.47,0,0.42
4282,2018-02,2017-02,12,1,True,0.0,master,valid_observed_phase_at_origin,ABCDE,calibration,3,0,spectral_core,local_partition_rf,0,0.41,0,0.32
4283,2018-02,2017-02,12,1,True,0.0,master,valid_observed_phase_at_origin,ABCDE,calibration,3,0,spectral_core,local_partition_rf,0,0.39,0,0.28
4284,2018-02,2017-02,12,1,True,0.0,master,valid_observed_phase_at_origin,ABCDE,calibration,3,0,spectral_core,local_partition_rf,0,0.43,0,0.2
4285,2018-02,2017-02,12,1,True,1.0,master,valid_observed_phase_at_origin,ABCDE,calibration,3,0,spectral_core,local_partition_rf,0,0.49,0,0.3
4286,2018-02,2017-02,12,1,True,0.0,master,valid_observed_phase_at_origin,ABCDE,calibration,3,0,spectral_core,local_partition_rf,0,0.46,0,0.23
4287,2018-02,2017-02,12,1,True,0.0,master,valid_observed_phase_at_origin,ABCDE,calibration,3,0,spectral_core,local_partition_rf,0,0.45,0,0.22
4288,2018-02,2017-02,12,1,True,1.0,master,valid_observed_phase_at_origin,ABCDE,calibration,3,0,spectral_core,local_partition_rf,0,0.5,0,0.33
4289,2018-02,2017-02,12,1,True,1.0,master,valid_observed_phase_at_origin,ABCDE,calibration,3,0,spectral_core,local_partition_rf,0,0.45,0,0.34
4290,2018-02,2017-02,12,0,True,0.0,master,valid_observed_phase_at_origin,ABCDE,calibration,3,0,spectral_core,local_partition_rf,0,0.33,0,0.2
4291,2018-02,2017-02,12,0,True,0.0,master,valid_observed_phase_at_origin,ABCDE,calibration,3,0,spectral_core,local_partition_rf,0,0.29,0,0.16
4292,2018-02,2017-02,12,0,True,0.0,master,valid_observed_phase_at_origin,ABCDE,calibration,3,0,spectral_core,local_partition_rf,0,0.34,0,0.21
4293,2018-02,2017-02,12,0,True,0.0,master,valid_observed_phase_at_origin,ABCDE,calibration,3,0,spectral_core,local_partition_rf,0,0.22,0,0.2
4294,2018-02,2017-02,12,0,True,0.0,master,valid_observed_phase_at_origin,ABCDE,calibration,3,0,spectral_core,local_partition_rf,0,0.24,0,0.18
4295,2018-02,2017-02,12,0,True,0.0,master,valid_observed_phase_at_origin,ABCDE,calibration,3,0,spectral_core,local_partition_rf,0,0.27,0,0.15
4296,2018-02,2017-02,12,0,True,1.0,master,valid_observed_phase_at_origin,ABCDE,calibration,3,0,spectral_core,local_partition_rf,0,0.31,0,0.37
4297,2018-02,2017-02,12,0,True,0.0,master,valid_observed_phase_at_origin,ABCDE,calibration,3,0,spectral_core,local_partition_rf,0,0.26,0,0.13
4298,2018-02,2017-02,12,0,True,1.0,master,valid_observed_phase_at_origin,ABCDE,calibration,3,0,spectral_core,local_partition_rf,0,0.33,0,0.31
4299,2018-02,2017-02,12,0,True,0.0,master,valid_observed_phase_at_origin,ABCDE,calibration,3,0,spectral_core,local_partition_rf,0,0.21,0,0.19
4300,2018-02,2017-02,12,0,True,0.0,master,valid_observed_phase_at_origin,ABCDE,calibration,3,0,spectral_core,local_partition_rf,0,0.21,0,0.19
4301,2018-02,2017-02,12,0,True,0.0,master,valid_observed_phase_at_origin,ABCDE,calibration,3,0,spectral_core,local_partition_rf,0,0.31,0,0.18
4302,2018-02,2017-02,12,0,True,0.0,master,valid_observed_phase_at_origin,ABCDE,calibration,3,0,spectral_core,local_partition_rf,0,0.28,0,0.17
4303,2018-02,2017-02,12,0,True,0.0,master,valid_observed_phase_at_origin,ABCDE,calibration,3,0,spectral_core,local_partition_rf,0,0.24,0,0.14
4304,2018-02,2017-02,12,0,True,1.0,master,valid_observed_phase_at_origin,ABCDE,calibration,3,0,spectral_core,local_partition_rf,0,0.37,0,0.36
4305,2018-02,2017-02,12,0,True,0.0,master,valid_observed_phase_at_origin,ABCDE,calibration,3,0,spectral_core,local_partition_rf,0,0.27,0,0.22
4306,2018-02,2017-02,12,0,True,0.0,master,valid_observed_phase_at_origin,ABCDE,calibration,3,0,spectral_core,local_partition_rf,0,0.32,0,0.14
4307,2018-02,2017-02,12,0,True,0.0,master,valid_observed_phase_at_origin,ABCDE,calibration,3,0,spectral_core,local_partition_rf,0,0.3,0,0.16
4308,2018-02,2017-02,12,0,True,0.0,master,valid_observed_phase_at_origin,ABCDE,calibration,3,0,spectral_core,local_partition_rf,0,0.36,0,0.17
4309,2018-02,2017-02,12,0,True,0.0,master,valid_observed_phase_at_origin,ABCDE,calibration,3,0,spectral_core,local_partition_rf,0,0.28,0,0.18
4310,2018-02,2017-02,12,0,True,0.0,master,valid_observed_phase_at_origin,ABCDE,calibration,3,0,spectral_core,local_partition_rf,0,0.2,0,0.16
4311,2018-02,2017-02,12,0,True,0.0,master,valid_observed_phase_at_origin,ABCDE,calibration,3,0,spectral_core,local_partition_rf,0,0.28,0,0.16
4312,2018-02,2017-02,12,0,True,0.0,master,valid_observed_phase_at_origin,ABCDE,calibration,3,0,spectral_core,local_partition_rf,0,0.33,0,0.21
4313,2018-02,2017-02,12,0,True,0.0,master,valid_observed_phase_at_origin,ABCDE,calibration,3,0,spectral_core,local_partition_rf,0,0.19,0,0.13
4314,2018-02,2017-02,12,0,True,0.0,master,valid_observed_phase_at_origin,ABCDE,calibration,3,0,spectral_core,local_partition_rf,0,0.21,0,0.16
4315,2018-02,2017-02,12,0,True,0.0,master,valid_observed_phase_at_origin,ABCDE,calibration,3,0,spectral_core,local_partition_rf,0,0.24,0,0.15
4316,2018-02,2017-02,12,0,True,0.0,master,valid_observed_phase_at_origin,ABCDE,calibration,3,0,spectral_core,local_partition_rf,0,0.22,0,0.19
4317,2018-02,2017-02,12,0,True,0.0,master,valid_observed_phase_at_origin,ABCDE,calibration,3,0,spectral_core,local_partition_rf,0,0.34,0,0.13
4318,2018-02,2017-02,12,0,True,0.0,master,valid_observed_phase_at_origin,ABCDE,calibration,3,0,spectral_core,local_partition_rf,0,0.26,0,0.18
4319,2018-02,2017-02,12,0,True,0.0,master,valid_observed_phase_at_origin,ABCDE,calibration,3,0,spectral_core,local_partition_rf,0,0.21,0,0.15
4320,2018-02,2017-02,12,0,True,0.0,master,valid_observed_phase_at_origin,ABCDE,calibration,3,0,spectral_core,local_partition_rf,0,0.27,0,0.19
4321,2018-02,2017-02,12,0,True,0.0,master,valid_observed_phase_at_origin,ABCDE,calibration,3,0,spectral_core,local_partition_rf,0,0.32,0,0.2
4322,2018-02,2017-02,12,0,True,0.0,master,valid_observed_phase_at_origin,ABCDE,calibration,3,0,spectral_core,local_partition_rf,0,0.23,0,0.16
4323,2018-02,2017-02,12,0,True,0.0,master,valid_observed_phase_at_origin,ABCDE,calibration,3,0,spectral_core,local_partition_rf,0,0.37,0,0.22
4324,2018-02,2017-02,12,0,True,0.0,master,valid_observed_phase_at_origin,ABCDE,calibration,3,0,spectral_core,local_partition_rf,0,0.25,0,0.17
4325,2018-02,2017-02,12,0,True,0.0,master,valid_observed_phase_at_origin,ABCDE,calibration,3,0,spectral_core,local_partition_rf,0,0.29,0,0.15
4326,2018-02,2017-02,12,0,True,0.0,master,valid_observed_phase_at_origin,ABCDE,calibration,3,0,spectral_core,local_partition_rf,0,0.35,0,0.17
4327,2018-02,2017-02,12,0,True,1.0,master,valid_observed_phase_at_origin,ABCDE,calibration,3,8,spectral_core,local_partition_rf,0,0.32,0,0.32
4328,2018-02,2017-02,12,0,True,0.0,master,valid_observed_phase_at_origin,ABCDE,calibration,3,0,spectral_core,local_partition_rf,0,0.47,0,0.25
4329,2018-02,2017-02,12,1,True,0.0,master,valid_observed_phase_at_origin,ABCDE,calibration,3,0,spectral_core,local_partition_rf,0,0.45,0,0.26
4330,2018-02,2017-02,12,0,True,1.0,master,valid_observed_phase_at_origin,ABCDE,calibration,3,0,spectral_core,local_partition_rf,0,0.45,0,0.39
4331,2018-02,2017-02,12,0,True,1.0,master,valid_observed_phase_at_origin,ABCDE,calibration,3,0,spectral_core,local_partition_rf,0,0.46,0,0.4
4332,2018-02,2017-02,12,0,True,0.0,master,valid_observed_phase_at_origin,ABCDE,calibration,3,0,spectral_core,local_partition_rf,0,0.36,0,0.26
4333,2018-02,2017-02,12,0,True,0.0,master,valid_observed_phase_at_origin,ABCDE,calibration,3,0,spectral_core,local_partition_rf,0,0.33,0,0.33
4334,2018-02,2017-02,12,0,True,0.0,master,valid_observed_phase_at_origin,ABCDE,calibration,3,0,spectral_core,local_partition_rf,0,0.34,0,0.2
4335,2018-02,2017-02,12,0,True,0.0,master,valid_observed_phase_at_origin,ABCDE,calibration,3,0,spectral_core,local_partition_rf,0,0.35,0,0.16
4336,2018-02,2017-02,12,0,True,1.0,master,valid_observed_phase_at_origin,ABCDE,calibration,3,0,spectral_core,local_partition_rf,0,0.38,0,0.4
4337,2018-02,2017-02,12,0,True,1.0,master,valid_observed_phase_at_origin,ABCDE,calibration,3,0,spectral_core,local_partition_rf,0,0.47,0,0.36
4338,2018-02,2017-02,12,0,True,0.0,master,valid_observed_phase_at_origin,ABCDE,calibration,3,0,spectral_core,local_partition_rf,0,0.37,0,0.2
4339,2018-02,2017-02,12,0,True,0.0,master,valid_observed_phase_at_origin,ABCDE,calibration,3,0,spectral_core,local_partition_rf,0,0.39,0,0.11
4340,2018-02,2017-02,12,0,True,1.0,master,valid_observed_phase_at_origin,ABCDE,calibration,3,0,spectral_core,local_partition_rf,0,0.39,0,0.35
4341,2018-02,2017-02,12,0,True,1.0,master,valid_observed_phase_at_origin,ABCDE,calibration,3,0,spectral_core,local_partition_rf,0,0.42,0,0.34
4342,2018-02,2017-02,12,0,True,0.0,master,valid_observed_phase_at_origin,ABCDE,calibration,3,0,spectral_core,local_partition_rf,0,0.42,0,0.26
4343,2018-02,2017-02,12,0,True,1.0,master,valid_observed_phase_at_origin,ABCDE,calibration,3,0,spectral_core,local_partition_rf,0,0.4,0,0.43
4344,2018-02,2017-02,12,0,True,1.0,master,valid_observed_phase_at_origin,ABCDE,calibration,3,8,spectral_core,local_partition_rf,0,0.3,0,0.37
4345,2018-02,2017-02,12,0,True,1.0,master,valid_observed_phase_at_origin,ABCDE,calibration,3,0,spectral_core,local_partition_rf,0,0.44,0,0.33
4346,2018-02,2017-02,12,0,True,0.0,master,valid_observed_phase_at_origin,ABCDE,calibration,3,8,spectral_core,local_partition_rf,0,0.26,0,0.29
4347,2018-02,2017-02,12,0,True,1.0,master,valid_observed_phase_at_origin,ABCDE,calibration,3,0,spectral_core,local_partition_rf,0,0.42,0,0.33
4348,2018-02,2017-02,12,0,True,1.0,master,valid_observed_phase_at_origin,ABCDE,calibration,3,8,spectral_core,local_partition_rf,0,0.24,0,0.42
4349,2018-02,2017-02,12,0,True,0.0,master,valid_observed_phase_at_origin,ABCDE,calibration,3,8,spectral_core,local_partition_rf,0,0.32,0,0.21
4350,2018-02,2017-02,12,1,True,1.0,master,valid_observed_phase_at_origin,ABCDE,calibration,3,8,spectral_core,local_partition_rf,0,0.3,0,0.39
4351,2018-02,2017-02,12,0,True,1.0,master,valid_observed_phase_at_origin,ABCDE,calibration,3,8,spectral_core,local_partition_rf,0,0.27,0,0.43
4352,2018-02,2017-02,12,0,True,1.0,master,valid_observed_phase_at_origin,ABCDE,calibration,3,8,spectral_core,local_partition_rf,0,0.3,0,0.45
4353,2018-02,2017-02,12,0,True,0.0,master,valid_observed_phase_at_origin,ABCDE,calibration,3,8,spectral_core,local_partition_rf,0,0.29,0,0.31
4354,2018-02,2017-02,12,0,True,1.0,master,valid_observed_phase_at_origin,ABCDE,calibration,3,8,spectral_core,local_partition_rf,0,0.32,0,0.37
4355,2018-02,2017-02,12,0,True,1.0,master,valid_observed_phase_at_origin,ABCDE,calibration,3,8,spectral_core,local_partition_rf,0,0.37,0,0.38
4356,2018-02,2017-02,12,0,True,1.0,master,valid_observed_phase_at_origin,ABCDE,calibration,3,8,spectral_core,local_partition_rf,0,0.29,0,0.37
4357,2018-02,2017-02,12,0,True,0.0,master,valid_observed_phase_at_origin,ABCDE,calibration,3,0,spectral_core,local_partition_rf,0,0.26,0,0.16
4358,2018-02,2017-02,12,1,True,1.0,master,valid_observed_phase_at_origin,ABCDE,calibration,3,8,spectral_core,local_partition_rf,0,0.32,0,0.34
4359,2018-02,2017-02,12,0,True,0.0,master,valid_observed_phase_at_origin,ABCDE,calibration,3,8,spectral_core,local_partition_rf,0,0.29,0,0.25
4360,2018-02,2017-02,12,0,True,1.0,master,valid_observed_phase_at_origin,ABCDE,calibration,3,8,spectral_core,local_partition_rf,0,0.29,0,0.36
4361,2018-02,2017-02,12,0,True,1.0,master,valid_observed_phase_at_origin,ABCDE,calibration,3,8,spectral_core,local_partition_rf,0,0.32,0,0.37
4362,2018-02,2017-02,12,0,True,1.0,master,valid_observed_phase_at_origin,ABCDE,calibration,3,0,spectral_core,local_partition_rf,0,0.34,0,0.36
4363,2018-02,2017-02,12,0,True,1.0,master,valid_observed_phase_at_origin,ABCDE,calibration,3,8,spectral_core,local_partition_rf,0,0.28,0,0.39
4364,2018-02,2017-02,12,0,True,1.0,master,valid_observed_phase_at_origin,ABCDE,calibration,3,0,spectral_core,local_partition_rf,0,0.35,0,0.39
4365,2018-02,2017-02,12,0,True,1.0,master,valid_observed_phase_at_origin,ABCDE,calibration,3,0,spectral_core,local_partition_rf,0,0.31,0,0.41
4366,2018-02,2017-02,12,0,True,1.0,master,valid_observed_phase_at_origin,ABCDE,calibration,3,0,spectral_core,local_partition_rf,0,0.35,0,0.38
4367,2018-02,2017-02,12,0,True,1.0,master,valid_observed_phase_at_origin,ABCDE,calibration,3,8,spectral_core,local_partition_rf,0,0.32,0,0.42
4368,2018-02,2017-02,12,0,True,0.0,master,valid_observed_phase_at_origin,ABCDE,calibration,3,0,spectral_core,local_partition_rf,0,0.23,0,0.16
4369,2018-02,2017-02,12,0,True,0.0,master,valid_observed_phase_at_origin,ABCDE,calibration,3,0,spectral_core,local_partition_rf,0,0.14,0,0.17
4370,2018-02,2017-02,12,0,True,1.0,master,valid_observed_phase_at_origin,ABCDE,calibration,3,8,spectral_core,local_partition_rf,0,0.28,0,0.37
4371,2018-02,2017-02,12,0,True,1.0,master,valid_observed_phase_at_origin,ABCDE,calibration,3,8,spectral_core,local_partition_rf,0,0.26,0,0.36
4372,2018-02,2017-02,12,0,True,1.0,master,valid_observed_phase_at_origin,ABCDE,calibration,3,8,spectral_core,local_partition_rf,0,0.3,0,0.41
4373,2018-02,2017-02,12,0,True,1.0,master,valid_observed_phase_at_origin,ABCDE,calibration,3,8,spectral_core,local_partition_rf,0,0.35,0,0.35
4374,2018-02,2017-02,12,0,True,0.0,master,valid_observed_phase_at_origin,ABCDE,calibration,3,8,spectral_core,local_partition_rf,0,0.26,0,0.24
4375,2018-02,2017-02,12,0,True,1.0,master,valid_observed_phase_at_origin,ABCDE,calibration,3,8,spectral_core,local_partition_rf,0,0.32,0,0.34
4376,2018-02,2017-02,12,0,True,1.0,master,valid_observed_phase_at_origin,ABCDE,calibration,3,8,spectral_core,local_partition_rf,0,0.31,0,0.35
4377,2018-02,2017-02,12,1,True,1.0,master,valid_observed_phase_at_origin,ABCDE,calibration,3,8,spectral_core,local_partition_rf,0,0.29,0,0.34
4378,2018-02,2017-02,12,0,True,1.0,master,valid_observed_phase_at_origin,ABCDE,calibration,3,8,spectral_core,local_partition_rf,0,0.29,0,0.37
4379,2018-02,2017-02,12,0,True,1.0,master,valid_observed_phase_at_origin,ABCDE,calibration,3,8,spectral_core,local_partition_rf,0,0.27,0,0.41
4380,2018-02,2017-02,12,0,True,1.0,master,valid_observed_phase_at_origin,ABCDE,calibration,3,8,spectral_core,local_partition_rf,0,0.32,0,0.38
4381,2018-02,2017-02,12,0,True,1.0,master,valid_observed_phase_at_origin,ABCDE,calibration,3,8,spectral_core,local_partition_rf,0,0.33,0,0.38
4382,2018-02,2017-02,12,0,True,1.0,master,valid_observed_phase_at_origin,ABCDE,calibration,3,8,spectral_core,local_partition_rf,0,0.29,0,0.33
4383,2018-02,2017-02,12,0,True,1.0,master,valid_observed_phase_at_origin,ABCDE,calibration,3,8,spectral_core,local_partition_rf,0,0.29,0,0.33
4384,2018-02,2017-02,12,0,True,0.0,master,valid_observed_phase_at_origin,ABCDE,calibration,3,8,spectral_core,local_partition_rf,0,0.23,0,0.28
4385,2018-02,2017-02,12,0,True,1.0,master,valid_observed_phase_at_origin,ABCDE,calibration,3,8,spectral_core,local_partition_rf,0,0.33,0,0.4
4386,2018-02,2017-02,12,0,True,0.0,master,valid_observed_phase_at_origin,ABCDE,calibration,3,0,spectral_core,local_partition_rf,0,0.38,0,0.26
4387,2018-02,2017-02,12,0,True,1.0,master,valid_observed_phase_at_origin,ABCDE,calibration,3,8,spectral_core,local_partition_rf,0,0.28,0,0.38
4388,2018-02,2017-02,12,0,True,0.0,master,valid_observed_phase_at_origin,ABCDE,calibration,3,8,spectral_core,local_partition_rf,0,0.27,0,0.3
4389,2018-02,2017-02,12,0,True,1.0,master,valid_observed_phase_at_origin,ABCDE,calibration,3,8,spectral_core,local_partition_rf,0,0.32,0,0.39
4390,2018-02,2017-02,12,0,True,1.0,master,valid_observed_phase_at_origin,ABCDE,calibration,3,8,spectral_core,local_partition_rf,0,0.3,0,0.39
4391,2018-02,2017-02,12,0,True,1.0,master,valid_observed_phase_at_origin,ABCDE,calibration,3,8,spectral_core,local_partition_rf,0,0.28,0,0.37
4392,2018-02,2017-02,12,0,True,1.0,master,valid_observed_phase_at_origin,ABCDE,calibration,3,8,spectral_core,local_partition_rf,0,0.31,0,0.37
4393,2018-02,2017-02,12,0,True,1.0,master,valid_observed_phase_at_origin,ABCDE,calibration,3,8,spectral_core,local_partition_rf,0,0.31,0,0.41
4394,2018-02,2017-02,12,0,True,0.0,master,valid_observed_phase_at_origin,ABCDE,calibration,3,8,spectral_core,local_partition_rf,0,0.19,0,0.12
4395,2018-02,2017-02,12,0,True,0.0,master,valid_observed_phase_at_origin,ABCDE,calibration,3,8,spectral_core,local_partition_rf,0,0.21,0,0.22
4396,2018-02,2017-02,12,0,True,0.0,master,valid_observed_phase_at_origin,ABCDE,calibration,3,8,spectral_core,local_partition_rf,0,0.15,0,0.15
4397,2018-02,2017-02,12,0,True,0.0,master,valid_observed_phase_at_origin,ABCDE,calibration,3,8,spectral_core,local_partition_rf,0,0.16,0,0.2
4398,2018-02,2017-02,12,0,True,0.0,master,valid_observed_phase_at_origin,ABCDE,calibration,3,8,spectral_core,local_partition_rf,0,0.28,0,0.23
4399,2018-02,2017-02,12,0,True,0.0,master,valid_observed_phase_at_origin,ABCDE,calibration,3,8,spectral_core,local_partition_rf,0,0.17,0,0.15
4400,2018-02,2017-02,12,0,True,0.0,master,valid_observed_phase_at_origin,ABCDE,calibration,3,8,spectral_core,local_partition_rf,0,0.15,0,0.18
4401,2018-02,2017-02,12,0,True,0.0,master,valid_observed_phase_at_origin,ABCDE,calibration,3,8,spectral_core,local_partition_rf,0,0.18,0,0.17
4402,2018-02,2017-02,12,0,True,1.0,master,valid_observed_phase_at_origin,ABCDE,calibration,3,8,spectral_core,local_partition_rf,0,0.28,0,0.43
4403,2018-02,2017-02,12,0,True,1.0,master,valid_observed_phase_at_origin,ABCDE,calibration,3,8,spectral_core,local_partition_rf,0,0.29,0,0.38
4404,2018-02,2017-02,12,0,True,0.0,master,valid_observed_phase_at_origin,ABCDE,calibration,3,0,spectral_core,local_partition_rf,0,0.21,0,0.13
4405,2018-02,2017-02,12,0,True,0.0,master,valid_observed_phase_at_origin,ABCDE,calibration,3,8,spectral_core,local_partition_rf,0,0.12,0,0.13
4406,2018-02,2017-02,12,0,True,0.0,master,valid_observed_phase_at_origin,ABCDE,calibration,3,8,spectral_core,local_partition_rf,0,0.07,0,0.12
4407,2018-02,2017-02,12,0,True,0.0,master,valid_observed_phase_at_origin,ABCDE,calibration,3,8,spectral_core,local_partition_rf,0,0.12,0,0.12
4408,2018-02,2017-02,12,0,True,0.0,master,valid_observed_phase_at_origin,ABCDE,calibration,3,8,spectral_core,local_partition_rf,0,0.13,0,0.2
4409,2018-02,2017-02,12,0,True,0.0,master,valid_observed_phase_at_origin,ABCDE,calibration,3,0,spectral_core,local_partition_rf,0,0.22,0,0.2
4410,2018-02,2017-02,12,0,True,0.0,master,valid_observed_phase_at_origin,ABCDE,calibration,3,0,spectral_core,local_partition_rf,0,0.23,0,0.17
4411,2018-02,2017-02,12,0,True,0.0,master,valid_observed_phase_at_origin,ABCDE,calibration,3,0,spectral_core,local_partition_rf,0,0.24,0,0.13
4412,2018-02,2017-02,12,0,True,0.0,master,valid_observed_phase_at_origin,ABCDE,calibration,3,8,spectral_core,local_partition_rf,0,0.08,0,0.11
4413,2018-02,2017-02,12,0,True,0.0,master,valid_observed_phase_at_origin,ABCDE,calibration,3,8,spectral_core,local_partition_rf,0,0.16,0,0.17
4414,2018-02,2017-02,12,0,True,0.0,master,valid_observed_phase_at_origin,ABCDE,calibration,3,8,spectral_core,local_partition_rf,0,0.15,0,0.11
4415,2018-02,2017-02,12,0,True,1.0,master,valid_observed_phase_at_origin,ABCDE,calibration,3,8,spectral_core,local_partition_rf,0,0.24,0,0.37
4416,2018-02,2017-02,12,0,True,0.0,master,valid_observed_phase_at_origin,ABCDE,calibration,3,8,spectral_core,local_partition_rf,0,0.09,0,0.11
4417,2018-02,2017-02,12,0,True,0.0,master,valid_observed_phase_at_origin,ABCDE,calibration,3,8,spectral_core,local_partition_rf,0,0.18,0,0.19
4418,2018-02,2017-02,12,0,True,0.0,master,valid_observed_phase_at_origin,ABCDE,calibration,3,8,spectral_core,local_partition_rf,0,0.2,0,0.16
4419,2018-02,2017-02,12,0,True,0.0,master,valid_observed_phase_at_origin,ABCDE,calibration,3,8,spectral_core,local_partition_rf,0,0.09,0,0.11
4420,2018-02,2017-02,12,0,True,0.0,master,valid_observed_phase_at_origin,ABCDE,calibration,3,0,spectral_core,local_partition_rf,0,0.32,0,0.17
4421,2018-02,2017-02,12,0,True,0.0,master,valid_observed_phase_at_origin,ABCDE,calibration,3,8,spectral_core,local_partition_rf,0,0.12,0,0.17
4422,2018-02,2017-02,12,0,True,0.0,master,valid_observed_phase_at_origin,ABCDE,calibration,3,0,spectral_core,local_partition_rf,0,0.26,0,0.16
4423,2018-02,2017-02,12,0,True,0.0,master,valid_observed_phase_at_origin,ABCDE,calibration,3,8,spectral_core,local_partition_rf,0,0.11,0,0.12
4424,2018-02,2017-02,12,0,True,0.0,master,valid_observed_phase_at_origin,ABCDE,calibration,3,0,spectral_core,local_partition_rf,0,0.27,0,0.15
4425,2018-02,2017-02,12,0,True,1.0,master,valid_observed_phase_at_origin,ABCDE,calibration,3,8,spectral_core,local_partition_rf,0,0.26,0,0.32
4426,2018-02,2017-02,12,0,True,1.0,master,valid_observed_phase_at_origin,ABCDE,calibration,3,8,spectral_core,local_partition_rf,0,0.28,0,0.42
4427,2018-02,2017-02,12,0,True,0.0,master,valid_observed_phase_at_origin,ABCDE,calibration,3,8,spectral_core,local_partition_rf,0,0.08,0,0.15
4428,2018-02,2017-02,12,0,True,0.0,master,valid_observed_phase_at_origin,ABCDE,calibration,3,8,spectral_core,local_partition_rf,0,0.13,0,0.14
4429,2018-02,2017-02,12,0,True,0.0,master,valid_observed_phase_at_origin,ABCDE,calibration,3,8,spectral_core,local_partition_rf,0,0.12,0,0.11
4430,2018-02,2017-02,12,0,True,0.0,master,valid_observed_phase_at_origin,ABCDE,calibration,3,8,spectral_core,local_partition_rf,0,0.13,0,0.08
4431,2018-02,2017-02,12,0,True,0.0,master,valid_observed_phase_at_origin,ABCDE,calibration,3,8,spectral_core,local_partition_rf,0,0.1,0,0.13
4432,2018-02,2017-02,12,0,True,0.0,master,valid_observed_phase_at_origin,ABCDE,calibration,3,8,spectral_core,local_partition_rf,0,0.16,0,0.14
4433,2018-02,2017-02,12,1,True,1.0,master,valid_observed_phase_at_origin,ABCDE,calibration,3,8,spectral_core,local_partition_rf,0,0.28,0,0.4
4434,2018-02,2017-02,12,1,True,0.0,master,valid_observed_phase_at_origin,ABCDE,calibration,3,8,spectral_core,local_partition_rf,0,0.31,0,0.22
4435,2018-02,2017-02,12,1,True,0.0,master,valid_observed_phase_at_origin,ABCDE,calibration,3,8,spectral_core,local_partition_rf,0,0.24,0,0.28
4436,2018-02,2017-02,12,1,True,1.0,master,valid_observed_phase_at_origin,ABCDE,calibration,3,8,spectral_core,local_partition_rf,0,0.27,0,0.35
4474,2018-02,2017-02,12,0,True,0.0,master,valid_observed_phase_at_origin,ABCDE,calibration,3,1,spectral_core,local_partition_rf,0,0.05,0,0.04
4483,2018-02,2017-02,12,0,True,0.0,master,valid_observed_phase_at_origin,ABCDE,calibration,3,8,spectral_core,local_partition_rf,0,0.18,0,0.26
4484,2018-02,2017-02,12,0,True,0.0,master,valid_observed_phase_at_origin,ABCDE,calibration,3,8,spectral_core,local_partition_rf,0,0.17,0,0.2
4485,2018-02,2017-02,12,0,True,0.0,master,valid_observed_phase_at_origin,ABCDE,calibration,3,8,spectral_core,local_partition_rf,0,0.18,0,0.25
4486,2018-02,2017-02,12,0,True,0.0,master,valid_observed_phase_at_origin,ABCDE,calibration,3,8,spectral_core,local_partition_rf,0,0.13,0,0.23
4487,2018-02,2017-02,12,0,True,0.0,master,valid_observed_phase_at_origin,ABCDE,calibration,3,8,spectral_core,local_partition_rf,0,0.12,0,0.12
4488,2018-02,2017-02,12,0,True,0.0,master,valid_observed_phase_at_origin,ABCDE,calibration,3,8,spectral_core,local_partition_rf,0,0.16,0,0.15
4489,2018-02,2017-02,12,0,True,0.0,master,valid_observed_phase_at_origin,ABCDE,calibration,3,8,spectral_core,local_partition_rf,0,0.19,0,0.29
4490,2018-02,2017-02,12,0,True,0.0,master,valid_observed_phase_at_origin,ABCDE,calibration,3,8,spectral_core,local_partition_rf,0,0.21,0,0.24
4491,2018-02,2017-02,12,0,True,0.0,master,valid_observed_phase_at_origin,ABCDE,calibration,3,8,spectral_core,local_partition_rf,0,0.16,0,0.3
4492,2018-02,2017-02,12,0,True,0.0,master,valid_observed_phase_at_origin,ABCDE,calibration,3,8,spectral_core,local_partition_rf,0,0.21,0,0.21
4493,2018-02,2017-02,12,0,True,0.0,master,valid_observed_phase_at_origin,ABCDE,calibration,3,8,spectral_core,local_partition_rf,0,0.19,0,0.28
4494,2018-02,2017-02,12,0,True,0.0,master,valid_observed_phase_at_origin,ABCDE,calibration,3,8,spectral_core,local_partition_rf,0,0.14,0,0.11
4495,2018-02,2017-02,12,0,True,0.0,master,valid_observed_phase_at_origin,ABCDE,calibration,3,8,spectral_core,local_partition_rf,0,0.15,0,0.2
4496,2018-02,2017-02,12,0,True,0.0,master,valid_observed_phase_at_origin,ABCDE,calibration,3,8,spectral_core,local_partition_rf,0,0.25,0,0.23
4497,2018-02,2017-02,12,0,True,0.0,master,valid_observed_phase_at_origin,ABCDE,calibration,3,8,spectral_core,local_partition_rf,0,0.23,0,0.19
4498,2018-02,2017-02,12,0,True,0.0,master,valid_observed_phase_at_origin,ABCDE,calibration,3,8,spectral_core,local_partition_rf,0,0.23,0,0.19
4499,2018-02,2017-02,12,0,True,0.0,master,valid_observed_phase_at_origin,ABCDE,calibration,3,8,spectral_core,local_partition_rf,0,0.26,0,0.17
4500,2018-02,2017-02,12,0,True,0.0,master,valid_observed_phase_at_origin,ABCDE,calibration,3,8,spectral_core,local_partition_rf,0,0.21,0,0.25
4501,2018-02,2017-02,12,0,True,0.0,master,valid_observed_phase_at_origin,ABCDE,calibration,3,8,spectral_core,local_partition_rf,0,0.29,0,0.31
4502,2018-02,2017-02,12,0,True,0.0,master,valid_observed_phase_at_origin,ABCDE,calibration,3,8,spectral_core,local_partition_rf,0,0.32,0,0.27
4503,2018-02,2017-02,12,0,True,0.0,master,valid_observed_phase_at_origin,ABCDE,calibration,3,8,spectral_core,local_partition_rf,0,0.17,0,0.25
4504,2018-02,2017-02,12,0,True,0.0,master,valid_observed_phase_at_origin,ABCDE,calibration,3,8,spectral_core,local_partition_rf,0,0.24,0,0.24
4505,2018-02,2017-02,12,0,True,0.0,master,valid_observed_phase_at_origin,ABCDE,calibration,3,8,spectral_core,local_partition_rf,0,0.24,0,0.21
4506,2018-02,2017-02,12,0,True,0.0,master,valid_observed_phase_at_origin,ABCDE,calibration,3,8,spectral_core,local_partition_rf,0,0.22,0,0.24
4507,2018-02,2017-02,12,0,True,0.0,master,valid_observed_phase_at_origin,ABCDE,calibration,3,8,spectral_core,local_partition_rf,0,0.25,0,0.22
4508,2018-02,2017-02,12,0,True,0.0,master,valid_observed_phase_at_origin,ABCDE,calibration,3,8,spectral_core,local_partition_rf,0,0.2,0,0.27
4509,2018-02,2017-02,12,0,True,0.0,master,valid_observed_phase_at_origin,ABCDE,calibration,3,8,spectral_core,local_partition_rf,0,0.1,0,0.12
4510,2018-02,2017-02,12,0,True,0.0,master,valid_observed_phase_at_origin,ABCDE,calibration,3,8,spectral_core,local_partition_rf,0,0.1,0,0.15
4512,2018-02,2017-02,12,0,True,0.0,master,valid_observed_phase_at_origin,ABCDE,calibration,3,8,spectral_core,local_partition_rf,0,0.14,0,0.1
4513,2018-02,2017-02,12,0,True,0.0,master,valid_observed_phase_at_origin,ABCDE,calibration,3,8,spectral_core,local_partition_rf,0,0.14,0,0.18
4514,2018-02,2017-02,12,0,True,0.0,master,valid_observed_phase_at_origin,ABCDE,calibration,3,8,spectral_core,local_partition_rf,0,0.09,0,0.12
4515,2018-02,2017-02,12,0,True,0.0,master,valid_observed_phase_at_origin,ABCDE,calibration,3,8,spectral_core,local_partition_rf,0,0.1,0,0.15
4516,2018-02,2017-02,12,0,True,0.0,master,valid_observed_phase_at_origin,ABCDE,calibration,3,8,spectral_core,local_partition_rf,0,0.11,0,0.17
4517,2018-02,2017-02,12,0,True,0.0,master,valid_observed_phase_at_origin,ABCDE,calibration,3,8,spectral_core,local_partition_rf,0,0.14,0,0.11
4518,2018-02,2017-02,12,0,True,0.0,master,valid_observed_phase_at_origin,ABCDE,calibration,3,8,spectral_core,local_partition_rf,0,0.11,0,0.2
4519,2018-02,2017-02,12,0,True,0.0,master,valid_observed_phase_at_origin,ABCDE,calibration,3,8,spectral_core,local_partition_rf,0,0.06,0,0.08
4520,2018-02,2017-02,12,0,True,0.0,master,valid_observed_phase_at_origin,ABCDE,calibration,3,8,spectral_core,local_partition_rf,0,0.16,0,0.13
4521,2018-02,2017-02,12,0,True,0.0,master,valid_observed_phase_at_origin,ABCDE,calibration,3,8,spectral_core,local_partition_rf,0,0.09,0,0.12
4522,2018-02,2017-02,12,0,True,0.0,master,valid_observed_phase_at_origin,ABCDE,calibration,3,8,spectral_core,local_partition_rf,0,0.2,0,0.25
4523,2018-02,2017-02,12,0,True,0.0,master,valid_observed_phase_at_origin,ABCDE,calibration,3,8,spectral_core,local_partition_rf,0,0.18,0,0.25
4524,2018-02,2017-02,12,0,True,0.0,master,valid_observed_phase_at_origin,ABCDE,calibration,3,8,spectral_core,local_partition_rf,0,0.17,0,0.22
4525,2018-02,2017-02,12,0,True,0.0,master,valid_observed_phase_at_origin,ABCDE,calibration,3,8,spectral_core,local_partition_rf,0,0.18,0,0.22
4526,2018-02,2017-02,12,0,True,0.0,master,valid_observed_phase_at_origin,ABCDE,calibration,3,8,spectral_core,local_partition_rf,0,0.11,0,0.16
4527,2018-02,2017-02,12,0,True,0.0,master,valid_observed_phase_at_origin,ABCDE,calibration,3,8,spectral_core,local_partition_rf,0,0.15,0,0.22
4528,2018-02,2017-02,12,0,True,0.0,master,valid_observed_phase_at_origin,ABCDE,calibration,3,8,spectral_core,local_partition_rf,0,0.15,0,0.16
4529,2018-02,2017-02,12,0,True,0.0,master,valid_observed_phase_at_origin,ABCDE,calibration,3,8,spectral_core,local_partition_rf,0,0.2,0,0.23
4530,2018-02,2017-02,12,0,True,0.0,master,valid_observed_phase_at_origin,ABCDE,calibration,3,8,spectral_core,local_partition_rf,0,0.2,0,0.26
4531,2018-02,2017-02,12,0,True,0.0,master,valid_observed_phase_at_origin,ABCDE,calibration,3,8,spectral_core,local_partition_rf,0,0.25,0,0.24
4532,2018-02,2017-02,12,0,True,0.0,master,valid_observed_phase_at_origin,ABCDE,calibration,3,8,spectral_core,local_partition_rf,0,0.23,0,0.18
4533,2018-02,2017-02,12,0,True,0.0,master,valid_observed_phase_at_origin,ABCDE,calibration,3,8,spectral_core,local_partition_rf,0,0.2,0,0.28
4534,2018-02,2017-02,12,0,True,0.0,master,valid_observed_phase_at_origin,ABCDE,calibration,3,8,spectral_core,local_partition_rf,0,0.2,0,0.24
4535,2018-02,2017-02,12,0,True,0.0,master,valid_observed_phase_at_origin,ABCDE,calibration,3,8,spectral_core,local_partition_rf,0,0.23,0,0.3
4536,2018-02,2017-02,12,0,True,0.0,master,valid_observed_phase_at_origin,ABCDE,calibration,3,8,spectral_core,local_partition_rf,0,0.21,0,0.23
4537,2018-02,2017-02,12,0,True,0.0,master,valid_observed_phase_at_origin,ABCDE,calibration,3,8,spectral_core,local_partition_rf,0,0.2,0,0.13
4538,2018-02,2017-02,12,0,True,0.0,master,valid_observed_phase_at_origin,ABCDE,calibration,3,8,spectral_core,local_partition_rf,0,0.23,0,0.23
4539,2018-02,2017-02,12,0,True,0.0,master,valid_observed_phase_at_origin,ABCDE,calibration,3,8,spectral_core,local_partition_rf,0,0.23,0,0.27
4540,2018-02,2017-02,12,0,True,0.0,master,valid_observed_phase_at_origin,ABCDE,calibration,3,8,spectral_core,local_partition_rf,0,0.24,0,0.33
4541,2018-02,2017-02,12,0,True,0.0,master,valid_observed_phase_at_origin,ABCDE,calibration,3,8,spectral_core,local_partition_rf,0,0.19,0,0.24
4542,2018-02,2017-02,12,0,True,0.0,master,valid_observed_phase_at_origin,ABCDE,calibration,3,8,spectral_core,local_partition_rf,0,0.27,0,0.27
4544,2018-02,2017-02,12,0,True,0.0,master,valid_observed_phase_at_origin,ABCDE,calibration,3,8,spectral_core,local_partition_rf,0,0.17,0,0.14
4545,2018-02,2017-02,12,0,True,0.0,master,valid_observed_phase_at_origin,ABCDE,calibration,3,8,spectral_core,local_partition_rf,0,0.24,0,0.26
4546,2018-02,2017-02,12,0,True,0.0,master,valid_observed_phase_at_origin,ABCDE,calibration,3,8,spectral_core,local_partition_rf,0,0.24,0,0.28
4547,2018-02,2017-02,12,0,True,0.0,master,valid_observed_phase_at_origin,ABCDE,calibration,3,8,spectral_core,local_partition_rf,0,0.17,0,0.09
4548,2018-02,2017-02,12,0,True,0.0,master,valid_observed_phase_at_origin,ABCDE,calibration,3,8,spectral_core,local_partition_rf,0,0.17,0,0.29
4549,2018-02,2017-02,12,0,True,0.0,master,valid_observed_phase_at_origin,ABCDE,calibration,3,8,spectral_core,local_partition_rf,0,0.18,0,0.14
4550,2018-02,2017-02,12,0,True,0.0,master,valid_observed_phase_at_origin,ABCDE,calibration,3,8,spectral_core,local_partition_rf,0,0.26,0,0.24
4551,2018-02,2017-02,12,0,True,0.0,master,valid_observed_phase_at_origin,ABCDE,calibration,3,8,spectral_core,local_partition_rf,0,0.28,0,0.34
4552,2018-02,2017-02,12,0,True,0.0,master,valid_observed_phase_at_origin,ABCDE,calibration,3,8,spectral_core,local_partition_rf,0,0.28,0,0.26
4553,2018-02,2017-02,12,0,True,0.0,master,valid_observed_phase_at_origin,ABCDE,calibration,3,8,spectral_core,local_partition_rf,0,0.32,0,0.25
4554,2018-02,2017-02,12,0,True,0.0,master,valid_observed_phase_at_origin,ABCDE,calibration,3,8,spectral_core,local_partition_rf,0,0.22,0,0.24
4555,2018-02,2017-02,12,0,True,0.0,master,valid_observed_phase_at_origin,ABCDE,calibration,3,8,spectral_core,local_partition_rf,0,0.09,0,0.08
4556,2018-02,2017-02,12,0,True,0.0,master,valid_observed_phase_at_origin,ABCDE,calibration,3,8,spectral_core,local_partition_rf,0,0.07,0,0.09
4557,2018-02,2017-02,12,0,True,0.0,master,valid_observed_phase_at_origin,ABCDE,calibration,3,8,spectral_core,local_partition_rf,0,0.11,0,0.15
4558,2018-02,2017-02,12,0,True,0.0,master,valid_observed_phase_at_origin,ABCDE,calibration,3,8,spectral_core,local_partition_rf,0,0.39,0,0.29
4559,2018-02,2017-02,12,0,True,0.0,master,valid_observed_phase_at_origin,ABCDE,calibration,3,8,spectral_core,local_partition_rf,0,0.15,0,0.27
4560,2018-02,2017-02,12,0,True,0.0,master,valid_observed_phase_at_origin,ABCDE,calibration,3,8,spectral_core,local_partition_rf,0,0.12,0,0.17
4562,2018-02,2017-02,12,0,True,0.0,master,valid_observed_phase_at_origin,ABCDE,calibration,3,8,spectral_core,local_partition_rf,0,0.22,0,0.22
4563,2018-02,2017-02,12,0,True,0.0,master,valid_observed_phase_at_origin,ABCDE,calibration,3,8,spectral_core,local_partition_rf,0,0.3,0,0.29
4564,2018-02,2017-02,12,0,True,0.0,master,valid_observed_phase_at_origin,ABCDE,calibration,3,8,spectral_core,local_partition_rf,0,0.08,0,0.17
4565,2018-02,2017-02,12,0,True,0.0,master,valid_observed_phase_at_origin,ABCDE,calibration,3,8,spectral_core,local_partition_rf,0,0.11,0,0.2
4566,2018-02,2017-02,12,1,False,,,no_valid_observed_phase_at_origin,ABCDE,calibration,3,3,spectral_core,local_partition_rf,0,0.44,1,0.52
4567,2018-02,2017-02,12,1,False,,,no_valid_observed_phase_at_origin,ABCDE,calibration,3,2,spectral_core,local_partition_rf,1,0.9,1,0.6
4568,2018-02,2017-02,12,0,False,,,no_valid_observed_phase_at_origin,ABCDE,calibration,3,3,spectral_core,local_partition_rf,0,0.21,0,0.17
4569,2018-02,2017-02,12,1,False,,,no_valid_observed_phase_at_origin,ABCDE,calibration,3,3,spectral_core,local_partition_rf,0,0.2,0,0.12
4570,2018-02,2017-02,12,1,False,,,no_valid_observed_phase_at_origin,ABCDE,calibration,3,3,spectral_core,local_partition_rf,1,0.52,1,0.59
4571,2018-02,2017-02,12,1,False,,,no_valid_observed_phase_at_origin,ABCDE,calibration,3,2,spectral_core,local_partition_rf,1,0.96,1,0.65
4572,2018-02,2017-02,12,1,False,,,no_valid_observed_phase_at_origin,ABCDE,calibration,3,2,spectral_core,local_partition_rf,1,0.98,1,0.66
4573,2018-02,2017-02,12,0,False,,,no_valid_observed_phase_at_origin,ABCDE,calibration,3,3,spectral_core,local_partition_rf,0,0.17,0,0.09
4574,2018-02,2017-02,12,1,False,,,no_valid_observed_phase_at_origin,ABCDE,calibration,3,3,spectral_core,local_partition_rf,0,0.19,0,0.22
4575,2018-02,2017-02,12,1,False,,,no_valid_observed_phase_at_origin,ABCDE,calibration,3,2,spectral_core,local_partition_rf,1,0.97,1,0.63
4576,2018-02,2017-02,12,1,False,,,no_valid_observed_phase_at_origin,ABCDE,calibration,3,3,spectral_core,local_partition_rf,0,0.46,1,0.59
4577,2018-02,2017-02,12,0,False,,,no_valid_observed_phase_at_origin,ABCDE,calibration,3,3,spectral_core,local_partition_rf,0,0.22,0,0.1
4578,2018-02,2017-02,12,1,False,,,no_valid_observed_phase_at_origin,ABCDE,calibration,3,3,spectral_core,local_partition_rf,0,0.18,0,0.22
4579,2018-02,2017-02,12,1,False,,,no_valid_observed_phase_at_origin,ABCDE,calibration,3,2,spectral_core,local_partition_rf,1,0.96,1,0.64
4580,2018-02,2017-02,12,1,False,,,no_valid_observed_phase_at_origin,ABCDE,calibration,3,2,spectral_core,local_partition_rf,1,0.88,1,0.58
4581,2018-02,2017-02,12,1,False,,,no_valid_observed_phase_at_origin,ABCDE,calibration,3,3,spectral_core,local_partition_rf,0,0.44,1,0.59
4582,2018-02,2017-02,12,1,False,,,no_valid_observed_phase_at_origin,ABCDE,calibration,3,3,spectral_core,local_partition_rf,0,0.45,1,0.62
4583,2018-02,2017-02,12,1,False,,,no_valid_observed_phase_at_origin,ABCDE,calibration,3,2,spectral_core,local_partition_rf,1,0.95,1,0.7
4584,2018-02,2017-02,12,1,False,,,no_valid_observed_phase_at_origin,ABCDE,calibration,3,2,spectral_core,local_partition_rf,1,0.93,1,0.67
4585,2018-02,2017-02,12,1,False,,,no_valid_observed_phase_at_origin,ABCDE,calibration,3,2,spectral_core,local_partition_rf,1,0.84,1,0.52
4586,2018-02,2017-02,12,1,False,,,no_valid_observed_phase_at_origin,ABCDE,calibration,3,2,spectral_core,local_partition_rf,1,0.9,0,0.48
4587,2018-02,2017-02,12,1,False,,,no_valid_observed_phase_at_origin,ABCDE,calibration,3,2,spectral_core,local_partition_rf,1,0.81,1,0.57
4588,2018-02,2017-02,12,1,False,,,no_valid_observed_phase_at_origin,ABCDE,calibration,3,2,spectral_core,local_partition_rf,1,0.86,1,0.59
4589,2018-02,2017-02,12,1,False,,,no_valid_observed_phase_at_origin,ABCDE,calibration,3,2,spectral_core,local_partition_rf,1,0.91,1,0.6
4590,2018-02,2017-02,12,1,False,,,no_valid_observed_phase_at_origin,ABCDE,calibration,3,2,spectral_core,local_partition_rf,1,0.89,1,0.55
4591,2018-02,2017-02,12,0,False,,,no_valid_observed_phase_at_origin,ABCDE,calibration,3,3,spectral_core,local_partition_rf,0,0.18,0,0.26
4592,2018-02,2017-02,12,1,False,,,no_valid_observed_phase_at_origin,ABCDE,calibration,3,2,spectral_core,local_partition_rf,1,0.88,1,0.58
4593,2018-02,2017-02,12,1,False,,,no_valid_observed_phase_at_origin,ABCDE,calibration,3,2,spectral_core,local_partition_rf,1,0.89,1,0.62
4594,2018-02,2017-02,12,1,False,,,no_valid_observed_phase_at_origin,ABCDE,calibration,3,2,spectral_core,local_partition_rf,1,0.87,1,0.61
4595,2018-02,2017-02,12,1,False,,,no_valid_observed_phase_at_origin,ABCDE,calibration,3,2,spectral_core,local_partition_rf,1,0.87,1,0.57
4596,2018-02,2017-02,12,1,False,,,no_valid_observed_phase_at_origin,ABCDE,calibration,3,2,spectral_core,local_partition_rf,1,0.92,1,0.67
4597,2018-02,2017-02,12,1,False,,,no_valid_observed_phase_at_origin,ABCDE,calibration,3,2,spectral_core,local_partition_rf,1,0.86,1,0.61
4598,2018-02,2017-02,12,1,False,,,no_valid_observed_phase_at_origin,ABCDE,calibration,3,2,spectral_core,local_partition_rf,1,0.88,1,0.52
4599,2018-02,2017-02,12,1,False,,,no_valid_observed_phase_at_origin,ABCDE,calibration,3,2,spectral_core,local_partition_rf,1,0.91,1,0.63
4600,2018-02,2017-02,12,1,False,,,no_valid_observed_phase_at_origin,ABCDE,calibration,3,3,spectral_core,local_partition_rf,0,0.39,0,0.36
4601,2018-02,2017-02,12,1,False,,,no_valid_observed_phase_at_origin,ABCDE,calibration,3,2,spectral_core,local_partition_rf,1,0.93,1,0.7
4602,2018-02,2017-02,12,1,False,,,no_valid_observed_phase_at_origin,ABCDE,calibration,3,2,spectral_core,local_partition_rf,1,0.87,1,0.54
4603,2018-02,2017-02,12,1,False,,,no_valid_observed_phase_at_origin,ABCDE,calibration,3,2,spectral_core,local_partition_rf,1,0.88,1,0.64
4604,2018-02,2017-02,12,1,False,,,no_valid_observed_phase_at_origin,ABCDE,calibration,3,3,spectral_core,local_partition_rf,1,0.71,1,0.72
4606,2018-02,2017-02,12,1,False,,,no_valid_observed_phase_at_origin,ABCDE,calibration,3,2,spectral_core,local_partition_rf,1,0.78,1,0.61
4607,2018-02,2017-02,12,0,False,,,no_valid_observed_phase_at_origin,ABCDE,calibration,3,3,spectral_core,local_partition_rf,0,0.16,0,0.11
4608,2018-02,2017-02,12,1,False,,,no_valid_observed_phase_at_origin,ABCDE,calibration,3,3,spectral_core,local_partition_rf,0,0.19,0,0.13
4609,2018-02,2017-02,12,1,False,,,no_valid_observed_phase_at_origin,ABCDE,calibration,3,2,spectral_core,local_partition_rf,1,0.92,1,0.69
4610,2018-02,2017-02,12,1,False,,,no_valid_observed_phase_at_origin,ABCDE,calibration,3,2,spectral_core,local_partition_rf,1,0.93,1,0.72
4611,2018-02,2017-02,12,1,False,,,no_valid_observed_phase_at_origin,ABCDE,calibration,3,2,spectral_core,local_partition_rf,1,0.96,1,0.72
4612,2018-02,2017-02,12,1,False,,,no_valid_observed_phase_at_origin,ABCDE,calibration,3,2,spectral_core,local_partition_rf,1,0.86,1,0.64
4613,2018-02,2017-02,12,1,False,,,no_valid_observed_phase_at_origin,ABCDE,calibration,3,3,spectral_core,local_partition_rf,0,0.43,1,0.61
4614,2018-02,2017-02,12,1,False,,,no_valid_observed_phase_at_origin,ABCDE,calibration,3,2,spectral_core,local_partition_rf,1,0.97,1,0.68
4615,2018-02,2017-02,12,1,False,,,no_valid_observed_phase_at_origin,ABCDE,calibration,3,2,spectral_core,local_partition_rf,1,0.95,1,0.6
4616,2018-02,2017-02,12,1,False,,,no_valid_observed_phase_at_origin,ABCDE,calibration,3,2,spectral_core,local_partition_rf,1,0.97,1,0.65
4617,2018-02,2017-02,12,1,False,,,no_valid_observed_phase_at_origin,ABCDE,calibration,3,2,spectral_core,local_partition_rf,1,0.87,1,0.54
4618,2018-02,2017-02,12,1,False,,,no_valid_observed_phase_at_origin,ABCDE,calibration,3,2,spectral_core,local_partition_rf,1,0.89,1,0.55
4619,2018-02,2017-02,12,1,False,,,no_valid_observed_phase_at_origin,ABCDE,calibration,3,2,spectral_core,local_partition_rf,1,0.88,1,0.56
4620,2018-02,2017-02,12,1,False,,,no_valid_observed_phase_at_origin,ABCDE,calibration,3,2,spectral_core,local_partition_rf,1,0.92,1,0.58
4621,2018-02,2017-02,12,1,False,,,no_valid_observed_phase_at_origin,ABCDE,calibration,3,2,spectral_core,local_partition_rf,1,0.91,1,0.53
4622,2018-02,2017-02,12,1,False,,,no_valid_observed_phase_at_origin,ABCDE,calibration,3,2,spectral_core,local_partition_rf,1,0.97,1,0.6
4623,2018-02,2017-02,12,1,False,,,no_valid_observed_phase_at_origin,ABCDE,calibration,3,2,spectral_core,local_partition_rf,1,0.99,1,0.68
4624,2018-02,2017-02,12,1,False,,,no_valid_observed_phase_at_origin,ABCDE,calibration,3,2,spectral_core,local_partition_rf,1,0.9,1,0.51
4625,2018-02,2017-02,12,1,False,,,no_valid_observed_phase_at_origin,ABCDE,calibration,3,2,spectral_core,local_partition_rf,1,0.95,1,0.65
4626,2018-02,2017-02,12,1,False,,,no_valid_observed_phase_at_origin,ABCDE,calibration,3,3,spectral_core,local_partition_rf,0,0.5,1,0.52
4627,2018-02,2017-02,12,1,False,,,no_valid_observed_phase_at_origin,ABCDE,calibration,3,2,spectral_core,local_partition_rf,1,0.9,1,0.57
4628,2018-02,2017-02,12,1,False,,,no_valid_observed_phase_at_origin,ABCDE,calibration,3,3,spectral_core,local_partition_rf,0,0.46,1,0.6
4629,2018-02,2017-02,12,1,False,,,no_valid_observed_phase_at_origin,ABCDE,calibration,3,3,spectral_core,local_partition_rf,0,0.5,1,0.62
4630,2018-02,2017-02,12,1,False,,,no_valid_observed_phase_at_origin,ABCDE,calibration,3,2,spectral_core,local_partition_rf,1,0.95,1,0.69
4631,2018-02,2017-02,12,1,False,,,no_valid_observed_phase_at_origin,ABCDE,calibration,3,2,spectral_core,local_partition_rf,1,0.89,1,0.58
4632,2018-02,2017-02,12,1,False,,,no_valid_observed_phase_at_origin,ABCDE,calibration,3,2,spectral_core,local_partition_rf,1,0.88,1,0.53
4633,2018-02,2017-02,12,1,False,,,no_valid_observed_phase_at_origin,ABCDE,calibration,3,2,spectral_core,local_partition_rf,1,0.98,1,0.66
4634,2018-02,2017-02,12,1,False,,,no_valid_observed_phase_at_origin,ABCDE,calibration,3,2,spectral_core,local_partition_rf,1,0.88,1,0.51
4635,2018-02,2017-02,12,1,False,,,no_valid_observed_phase_at_origin,ABCDE,calibration,3,2,spectral_core,local_partition_rf,1,0.83,1,0.61
4636,2018-02,2017-02,12,1,False,,,no_valid_observed_phase_at_origin,ABCDE,calibration,3,2,spectral_core,local_partition_rf,1,0.89,1,0.56
4637,2018-02,2017-02,12,1,False,,,no_valid_observed_phase_at_origin,ABCDE,calibration,3,2,spectral_core,local_partition_rf,1,0.89,1,0.55
4638,2018-02,2017-02,12,1,False,,,no_valid_observed_phase_at_origin,ABCDE,calibration,3,2,spectral_core,local_partition_rf,1,0.83,1,0.6
4639,2018-02,2017-02,12,1,False,,,no_valid_observed_phase_at_origin,ABCDE,calibration,3,2,spectral_core,local_partition_rf,1,0.88,1,0.62
4640,2018-02,2017-02,12,1,False,,,no_valid_observed_phase_at_origin,ABCDE,calibration,3,2,spectral_core,local_partition_rf,1,0.91,1,0.59
4641,2018-02,2017-02,12,1,False,,,no_valid_observed_phase_at_origin,ABCDE,calibration,3,2,spectral_core,local_partition_rf,1,0.88,1,0.6
4642,2018-02,2017-02,12,1,False,,,no_valid_observed_phase_at_origin,ABCDE,calibration,3,2,spectral_core,local_partition_rf,1,0.91,1,0.58
4643,2018-02,2017-02,12,1,False,,,no_valid_observed_phase_at_origin,ABCDE,calibration,3,2,spectral_core,local_partition_rf,1,0.91,1,0.53
4644,2018-02,2017-02,12,1,False,,,no_valid_observed_phase_at_origin,ABCDE,calibration,3,2,spectral_core,local_partition_rf,1,0.9,1,0.61
4645,2018-02,2017-02,12,1,False,,,no_valid_observed_phase_at_origin,ABCDE,calibration,3,2,spectral_core,local_partition_rf,1,0.88,1,0.62
4646,2018-02,2017-02,12,1,False,,,no_valid_observed_phase_at_origin,ABCDE,calibration,3,2,spectral_core,local_partition_rf,1,0.93,1,0.61
4647,2018-02,2017-02,12,1,False,,,no_valid_observed_phase_at_origin,ABCDE,calibration,3,3,spectral_core,local_partition_rf,0,0.4,1,0.56
4648,2018-02,2017-02,12,1,False,,,no_valid_observed_phase_at_origin,ABCDE,calibration,3,2,spectral_core,local_partition_rf,1,0.9,1,0.58
4649,2018-02,2017-02,12,1,False,,,no_valid_observed_phase_at_origin,ABCDE,calibration,3,2,spectral_core,local_partition_rf,1,0.9,1,0.62
4650,2018-02,2017-02,12,1,False,,,no_valid_observed_phase_at_origin,ABCDE,calibration,3,2,spectral_core,local_partition_rf,1,0.89,1,0.53
4651,2018-02,2017-02,12,1,False,,,no_valid_observed_phase_at_origin,ABCDE,calibration,3,2,spectral_core,local_partition_rf,1,0.98,1,0.7
4652,2018-02,2017-02,12,1,False,,,no_valid_observed_phase_at_origin,ABCDE,calibration,3,3,spectral_core,local_partition_rf,0,0.47,1,0.59
4653,2018-02,2017-02,12,1,False,,,no_valid_observed_phase_at_origin,ABCDE,calibration,3,2,spectral_core,local_partition_rf,1,0.95,1,0.69
4654,2018-02,2017-02,12,1,False,,,no_valid_observed_phase_at_origin,ABCDE,calibration,3,2,spectral_core,local_partition_rf,1,0.9,1,0.52
4655,2018-02,2017-02,12,1,False,,,no_valid_observed_phase_at_origin,ABCDE,calibration,3,2,spectral_core,local_partition_rf,1,0.98,1,0.67
4656,2018-02,2017-02,12,1,False,,,no_valid_observed_phase_at_origin,ABCDE,calibration,3,2,spectral_core,local_partition_rf,1,0.93,1,0.6
4657,2018-02,2017-02,12,1,False,,,no_valid_observed_phase_at_origin,ABCDE,calibration,3,3,spectral_core,local_partition_rf,0,0.39,1,0.57
4658,2018-02,2017-02,12,1,False,,,no_valid_observed_phase_at_origin,ABCDE,calibration,3,2,spectral_core,local_partition_rf,1,0.92,1,0.57
4659,2018-02,2017-02,12,1,False,,,no_valid_observed_phase_at_origin,ABCDE,calibration,3,3,spectral_core,local_partition_rf,0,0.46,1,0.59
4660,2018-02,2017-02,12,1,False,,,no_valid_observed_phase_at_origin,ABCDE,calibration,3,3,spectral_core,local_partition_rf,0,0.42,1,0.51
4661,2018-02,2017-02,12,1,False,,,no_valid_observed_phase_at_origin,ABCDE,calibration,3,2,spectral_core,local_partition_rf,1,0.94,1,0.58
4662,2018-02,2017-02,12,1,False,,,no_valid_observed_phase_at_origin,ABCDE,calibration,3,2,spectral_core,local_partition_rf,1,0.91,1,0.64
4663,2018-02,2017-02,12,1,False,,,no_valid_observed_phase_at_origin,ABCDE,calibration,3,2,spectral_core,local_partition_rf,1,0.87,1,0.57
4664,2018-02,2017-02,12,1,False,,,no_valid_observed_phase_at_origin,ABCDE,calibration,3,2,spectral_core,local_partition_rf,1,0.88,1,0.65
4665,2018-02,2017-02,12,1,False,,,no_valid_observed_phase_at_origin,ABCDE,calibration,3,2,spectral_core,local_partition_rf,1,0.91,1,0.58
4666,2018-02,2017-02,12,1,False,,,no_valid_observed_phase_at_origin,ABCDE,calibration,3,2,spectral_core,local_partition_rf,1,0.92,1,0.61
4667,2018-02,2017-02,12,1,False,,,no_valid_observed_phase_at_origin,ABCDE,calibration,3,2,spectral_core,local_partition_rf,1,0.91,1,0.66
4668,2018-02,2017-02,12,1,False,,,no_valid_observed_phase_at_origin,ABCDE,calibration,3,3,spectral_core,local_partition_rf,0,0.5,1,0.57
4669,2018-02,2017-02,12,1,False,,,no_valid_observed_phase_at_origin,ABCDE,calibration,3,3,spectral_core,local_partition_rf,0,0.42,1,0.61
4670,2018-02,2017-02,12,1,False,,,no_valid_observed_phase_at_origin,ABCDE,calibration,3,2,spectral_core,local_partition_rf,1,0.93,1,0.64
4671,2018-02,2017-02,12,1,False,,,no_valid_observed_phase_at_origin,ABCDE,calibration,3,3,spectral_core,local_partition_rf,0,0.46,1,0.57
4672,2018-02,2017-02,12,1,False,,,no_valid_observed_phase_at_origin,ABCDE,calibration,3,2,spectral_core,local_partition_rf,1,0.95,1,0.72
4673,2018-02,2017-02,12,1,False,,,no_valid_observed_phase_at_origin,ABCDE,calibration,3,2,spectral_core,local_partition_rf,1,0.86,1,0.61
4674,2018-02,2017-02,12,1,False,,,no_valid_observed_phase_at_origin,ABCDE,calibration,3,2,spectral_core,local_partition_rf,1,0.97,1,0.68
4675,2018-02,2017-02,12,1,False,,,no_valid_observed_phase_at_origin,ABCDE,calibration,3,2,spectral_core,local_partition_rf,1,0.89,1,0.59
4676,2018-02,2017-02,12,1,False,,,no_valid_observed_phase_at_origin,ABCDE,calibration,3,2,spectral_core,local_partition_rf,1,0.82,1,0.57
4677,2018-02,2017-02,12,1,False,,,no_valid_observed_phase_at_origin,ABCDE,calibration,3,2,spectral_core,local_partition_rf,1,0.9,1,0.55
4678,2018-02,2017-02,12,1,False,,,no_valid_observed_phase_at_origin,ABCDE,calibration,3,2,spectral_core,local_partition_rf,1,0.89,1,0.58
4679,2018-02,2017-02,12,1,False,,,no_valid_observed_phase_at_origin,ABCDE,calibration,3,2,spectral_core,local_partition_rf,1,0.89,1,0.55
4680,2018-02,2017-02,12,1,False,,,no_valid_observed_phase_at_origin,ABCDE,calibration,3,2,spectral_core,local_partition_rf,1,0.9,0,0.49
4681,2018-02,2017-02,12,1,False,,,no_valid_observed_phase_at_origin,ABCDE,calibration,3,2,spectral_core,local_partition_rf,1,0.98,1,0.73
4682,2018-02,2017-02,12,1,False,,,no_valid_observed_phase_at_origin,ABCDE,calibration,3,2,spectral_core,local_partition_rf,1,0.88,1,0.64
4683,2018-02,2017-02,12,1,False,,,no_valid_observed_phase_at_origin,ABCDE,calibration,3,2,spectral_core,local_partition_rf,1,0.88,1,0.57
4684,2018-02,2017-02,12,1,False,,,no_valid_observed_phase_at_origin,ABCDE,calibration,3,2,spectral_core,local_partition_rf,1,0.91,1,0.57
4685,2018-02,2017-02,12,1,False,,,no_valid_observed_phase_at_origin,ABCDE,calibration,3,2,spectral_core,local_partition_rf,1,0.81,1,0.58
4686,2018-02,2017-02,12,1,False,,,no_valid_observed_phase_at_origin,ABCDE,calibration,3,2,spectral_core,local_partition_rf,1,0.9,1,0.59
4687,2018-02,2017-02,12,1,False,,,no_valid_observed_phase_at_origin,ABCDE,calibration,3,2,spectral_core,local_partition_rf,1,0.89,1,0.6
4688,2018-02,2017-02,12,1,False,,,no_valid_observed_phase_at_origin,ABCDE,calibration,3,2,spectral_core,local_partition_rf,1,0.87,1,0.62
4689,2018-02,2017-02,12,1,False,,,no_valid_observed_phase_at_origin,ABCDE,calibration,3,2,spectral_core,local_partition_rf,1,0.9,1,0.65
4690,2018-02,2017-02,12,1,False,,,no_valid_observed_phase_at_origin,ABCDE,calibration,3,3,spectral_core,local_partition_rf,0,0.49,1,0.61
4691,2018-02,2017-02,12,1,False,,,no_valid_observed_phase_at_origin,ABCDE,calibration,3,3,spectral_core,local_partition_rf,0,0.49,1,0.59
4692,2018-02,2017-02,12,1,False,,,no_valid_observed_phase_at_origin,ABCDE,calibration,3,3,spectral_core,local_partition_rf,0,0.47,1,0.58
4693,2018-02,2017-02,12,1,False,,,no_valid_observed_phase_at_origin,ABCDE,calibration,3,2,spectral_core,local_partition_rf,1,0.92,1,0.56
4694,2018-02,2017-02,12,1,False,,,no_valid_observed_phase_at_origin,ABCDE,calibration,3,2,spectral_core,local_partition_rf,1,0.88,1,0.61
4695,2018-02,2017-02,12,1,False,,,no_valid_observed_phase_at_origin,ABCDE,calibration,3,2,spectral_core,local_partition_rf,1,0.89,1,0.57
4696,2018-02,2017-02,12,1,False,,,no_valid_observed_phase_at_origin,ABCDE,calibration,3,2,spectral_core,local_partition_rf,1,0.81,1,0.6
4697,2018-02,2017-02,12,1,False,,,no_valid_observed_phase_at_origin,ABCDE,calibration,3,2,spectral_core,local_partition_rf,1,0.92,1,0.57
4698,2018-02,2017-02,12,1,False,,,no_valid_observed_phase_at_origin,ABCDE,calibration,3,3,spectral_core,local_partition_rf,1,0.53,1,0.64
4699,2018-02,2017-02,12,1,False,,,no_valid_observed_phase_at_origin,ABCDE,calibration,3,3,spectral_core,local_partition_rf,0,0.43,1,0.55
4700,2018-02,2017-02,12,1,False,,,no_valid_observed_phase_at_origin,ABCDE,calibration,3,2,spectral_core,local_partition_rf,1,0.92,1,0.68
4701,2018-02,2017-02,12,1,False,,,no_valid_observed_phase_at_origin,ABCDE,calibration,3,3,spectral_core,local_partition_rf,0,0.47,1,0.58
4702,2018-02,2017-02,12,1,False,,,no_valid_observed_phase_at_origin,ABCDE,calibration,3,2,spectral_core,local_partition_rf,1,0.94,1,0.51
4703,2018-02,2017-02,12,1,False,,,no_valid_observed_phase_at_origin,ABCDE,calibration,3,2,spectral_core,local_partition_rf,1,0.89,1,0.55
4704,2018-02,2017-02,12,1,False,,,no_valid_observed_phase_at_origin,ABCDE,calibration,3,2,spectral_core,local_partition_rf,1,0.85,1,0.54
4705,2018-02,2017-02,12,1,False,,,no_valid_observed_phase_at_origin,ABCDE,calibration,3,2,spectral_core,local_partition_rf,1,0.94,1,0.55
4706,2018-02,2017-02,12,1,False,,,no_valid_observed_phase_at_origin,ABCDE,calibration,3,3,spectral_core,local_partition_rf,0,0.45,1,0.59
4707,2018-02,2017-02,12,1,False,,,no_valid_observed_phase_at_origin,ABCDE,calibration,3,3,spectral_core,local_partition_rf,0,0.45,1,0.56
4708,2018-02,2017-02,12,1,False,,,no_valid_observed_phase_at_origin,ABCDE,calibration,3,3,spectral_core,local_partition_rf,0,0.46,1,0.6
4709,2018-02,2017-02,12,1,False,,,no_valid_observed_phase_at_origin,ABCDE,calibration,3,2,spectral_core,local_partition_rf,1,0.88,1,0.58
4710,2018-02,2017-02,12,1,False,,,no_valid_observed_phase_at_origin,ABCDE,calibration,3,2,spectral_core,local_partition_rf,1,0.9,0,0.46
4711,2018-02,2017-02,12,0,True,0.0,master,valid_observed_phase_at_origin,ABCDE,calibration,3,9,spectral_core,local_partition_rf,0,0.14,0,0.08
4712,2018-02,2017-02,12,0,True,1.0,master,valid_observed_phase_at_origin,ABCDE,calibration,3,9,spectral_core,local_partition_rf,0,0.11,0,0.26
4713,2018-02,2017-02,12,0,True,0.0,master,valid_observed_phase_at_origin,ABCDE,calibration,3,9,spectral_core,local_partition_rf,0,0.15,0,0.16
4714,2018-02,2017-02,12,0,True,0.0,master,valid_observed_phase_at_origin,ABCDE,calibration,3,9,spectral_core,local_partition_rf,0,0.08,0,0.07
4715,2018-02,2017-02,12,0,True,0.0,master,valid_observed_phase_at_origin,ABCDE,calibration,3,9,spectral_core,local_partition_rf,0,0.07,0,0.08
4716,2018-02,2017-02,12,1,True,1.0,master,valid_observed_phase_at_origin,ABCDE,calibration,3,9,spectral_core,local_partition_rf,0,0.12,0,0.25
4717,2018-02,2017-02,12,0,True,0.0,master,valid_observed_phase_at_origin,ABCDE,calibration,3,9,spectral_core,local_partition_rf,0,0.14,0,0.15
4718,2018-02,2017-02,12,0,True,0.0,master,valid_observed_phase_at_origin,ABCDE,calibration,3,9,spectral_core,local_partition_rf,0,0.16,0,0.18
4719,2018-02,2017-02,12,0,True,0.0,master,valid_observed_phase_at_origin,ABCDE,calibration,3,9,spectral_core,local_partition_rf,0,0.16,0,0.13
4720,2018-02,2017-02,12,0,True,0.0,master,valid_observed_phase_at_origin,ABCDE,calibration,3,9,spectral_core,local_partition_rf,0,0.15,0,0.19
4721,2018-02,2017-02,12,1,True,0.0,master,valid_observed_phase_at_origin,ABCDE,calibration,3,9,spectral_core,local_partition_rf,0,0.17,0,0.16
4722,2018-02,2017-02,12,0,True,0.0,master,valid_observed_phase_at_origin,ABCDE,calibration,3,11,spectral_core,local_partition_rf,0,0.07,0,0.14
4723,2018-02,2017-02,12,0,True,0.0,master,valid_observed_phase_at_origin,ABCDE,calibration,3,9,spectral_core,local_partition_rf,0,0.13,0,0.22
4724,2018-02,2017-02,12,0,True,0.0,master,valid_observed_phase_at_origin,ABCDE,calibration,3,9,spectral_core,local_partition_rf,0,0.14,0,0.19
4725,2018-02,2017-02,12,0,True,0.0,master,valid_observed_phase_at_origin,ABCDE,calibration,3,9,spectral_core,local_partition_rf,0,0.17,0,0.18
4726,2018-02,2017-02,12,0,True,0.0,master,valid_observed_phase_at_origin,ABCDE,calibration,3,9,spectral_core,local_partition_rf,0,0.21,0,0.17
4727,2018-02,2017-02,12,0,True,0.0,master,valid_observed_phase_at_origin,ABCDE,calibration,3,9,spectral_core,local_partition_rf,0,0.18,0,0.12
4728,2018-02,2017-02,12,1,True,0.0,master,valid_observed_phase_at_origin,ABCDE,calibration,3,9,spectral_core,local_partition_rf,0,0.15,0,0.13
4729,2018-02,2017-02,12,0,True,0.0,master,valid_observed_phase_at_origin,ABCDE,calibration,3,9,spectral_core,local_partition_rf,0,0.14,0,0.18
4730,2018-02,2017-02,12,0,True,0.0,master,valid_observed_phase_at_origin,ABCDE,calibration,3,9,spectral_core,local_partition_rf,0,0.12,0,0.14
4731,2018-02,2017-02,12,0,True,1.0,master,valid_observed_phase_at_origin,ABCDE,calibration,3,6,spectral_core,local_partition_rf,0,0.1,0,0.25
4732,2018-02,2017-02,12,0,True,0.0,master,valid_observed_phase_at_origin,ABCDE,calibration,3,9,spectral_core,local_partition_rf,0,0.17,0,0.16
4733,2018-02,2017-02,12,1,True,1.0,master,valid_observed_phase_at_origin,ABCDE,calibration,3,9,spectral_core,local_partition_rf,0,0.2,0,0.28
4734,2018-02,2017-02,12,0,True,0.0,master,valid_observed_phase_at_origin,ABCDE,calibration,3,9,spectral_core,local_partition_rf,0,0.14,0,0.15
4735,2018-02,2017-02,12,0,True,0.0,master,valid_observed_phase_at_origin,ABCDE,calibration,3,9,spectral_core,local_partition_rf,0,0.13,0,0.12
4736,2018-02,2017-02,12,1,True,1.0,master,valid_observed_phase_at_origin,ABCDE,calibration,3,9,spectral_core,local_partition_rf,0,0.15,0,0.29
4737,2018-02,2017-02,12,0,True,0.0,master,valid_observed_phase_at_origin,ABCDE,calibration,3,11,spectral_core,local_partition_rf,0,0.08,0,0.18
4738,2018-02,2017-02,12,0,True,0.0,master,valid_observed_phase_at_origin,ABCDE,calibration,3,9,spectral_core,local_partition_rf,0,0.1,0,0.11
4739,2018-02,2017-02,12,0,True,0.0,master,valid_observed_phase_at_origin,ABCDE,calibration,3,9,spectral_core,local_partition_rf,0,0.07,0,0.07
4740,2018-02,2017-02,12,0,True,0.0,master,valid_observed_phase_at_origin,ABCDE,calibration,3,9,spectral_core,local_partition_rf,0,0.15,0,0.17
4741,2018-02,2017-02,12,1,True,0.0,master,valid_observed_phase_at_origin,ABCDE,calibration,3,9,spectral_core,local_partition_rf,0,0.15,0,0.18
4742,2018-02,2017-02,12,0,True,0.0,master,valid_observed_phase_at_origin,ABCDE,calibration,3,9,spectral_core,local_partition_rf,0,0.14,0,0.18
4743,2018-02,2017-02,12,1,True,1.0,master,valid_observed_phase_at_origin,ABCDE,calibration,3,9,spectral_core,local_partition_rf,0,0.16,0,0.28
4744,2018-02,2017-02,12,0,True,0.0,master,valid_observed_phase_at_origin,ABCDE,calibration,3,9,spectral_core,local_partition_rf,0,0.14,0,0.17
4745,2018-02,2017-02,12,0,True,0.0,master,valid_observed_phase_at_origin,ABCDE,calibration,3,9,spectral_core,local_partition_rf,0,0.13,0,0.16
4746,2018-02,2017-02,12,0,True,0.0,master,valid_observed_phase_at_origin,ABCDE,calibration,3,9,spectral_core,local_partition_rf,0,0.13,0,0.22
4747,2018-02,2017-02,12,0,True,0.0,master,valid_observed_phase_at_origin,ABCDE,calibration,3,9,spectral_core,local_partition_rf,0,0.12,0,0.13
4748,2018-02,2017-02,12,1,True,0.0,master,valid_observed_phase_at_origin,ABCDE,calibration,3,9,spectral_core,local_partition_rf,0,0.14,0,0.17
4749,2018-02,2017-02,12,1,True,1.0,master,valid_observed_phase_at_origin,ABCDE,calibration,3,9,spectral_core,local_partition_rf,0,0.18,0,0.29
4750,2018-02,2017-02,12,1,True,1.0,master,valid_observed_phase_at_origin,ABCDE,calibration,3,9,spectral_core,local_partition_rf,0,0.14,0,0.29
4751,2018-02,2017-02,12,0,True,0.0,master,valid_observed_phase_at_origin,ABCDE,calibration,3,9,spectral_core,local_partition_rf,0,0.13,0,0.17
4752,2018-02,2017-02,12,1,True,0.0,master,valid_observed_phase_at_origin,ABCDE,calibration,3,9,spectral_core,local_partition_rf,0,0.16,0,0.17
4753,2018-02,2017-02,12,0,True,0.0,master,valid_observed_phase_at_origin,ABCDE,calibration,3,9,spectral_core,local_partition_rf,0,0.17,0,0.2
4754,2018-02,2017-02,12,0,True,0.0,master,valid_observed_phase_at_origin,ABCDE,calibration,3,9,spectral_core,local_partition_rf,0,0.13,0,0.13
4755,2018-02,2017-02,12,0,True,0.0,master,valid_observed_phase_at_origin,ABCDE,calibration,3,9,spectral_core,local_partition_rf,0,0.17,0,0.18
4756,2018-02,2017-02,12,0,True,0.0,master,valid_observed_phase_at_origin,ABCDE,calibration,3,9,spectral_core,local_partition_rf,0,0.16,0,0.17
4757,2018-02,2017-02,12,0,True,0.0,master,valid_observed_phase_at_origin,ABCDE,calibration,3,9,spectral_core,local_partition_rf,0,0.14,0,0.15
4758,2018-02,2017-02,12,0,True,0.0,master,valid_observed_phase_at_origin,ABCDE,calibration,3,9,spectral_core,local_partition_rf,0,0.13,0,0.15
4759,2018-02,2017-02,12,0,True,0.0,master,valid_observed_phase_at_origin,ABCDE,calibration,3,9,spectral_core,local_partition_rf,0,0.09,0,0.14
4760,2018-02,2017-02,12,0,True,0.0,master,valid_observed_phase_at_origin,ABCDE,calibration,3,11,spectral_core,local_partition_rf,0,0.05,0,0.15
4761,2018-02,2017-02,12,0,True,0.0,master,valid_observed_phase_at_origin,ABCDE,calibration,3,11,spectral_core,local_partition_rf,0,0.02,0,0.18
4762,2018-02,2017-02,12,0,True,0.0,master,valid_observed_phase_at_origin,ABCDE,calibration,3,9,spectral_core,local_partition_rf,0,0.14,0,0.13
4763,2018-02,2017-02,12,0,True,0.0,master,valid_observed_phase_at_origin,ABCDE,calibration,3,9,spectral_core,local_partition_rf,0,0.13,0,0.16
4764,2018-02,2017-02,12,0,True,0.0,master,valid_observed_phase_at_origin,ABCDE,calibration,3,9,spectral_core,local_partition_rf,0,0.06,0,0.08
4765,2018-02,2017-02,12,0,True,0.0,master,valid_observed_phase_at_origin,ABCDE,calibration,3,9,spectral_core,local_partition_rf,0,0.14,0,0.21
4766,2018-02,2017-02,12,0,True,0.0,master,valid_observed_phase_at_origin,ABCDE,calibration,3,9,spectral_core,local_partition_rf,0,0.13,0,0.19
4767,2018-02,2017-02,12,0,True,0.0,master,valid_observed_phase_at_origin,ABCDE,calibration,3,11,spectral_core,local_partition_rf,0,0.07,0,0.16
4768,2018-02,2017-02,12,0,True,0.0,master,valid_observed_phase_at_origin,ABCDE,calibration,3,11,spectral_core,local_partition_rf,0,0.04,0,0.1
4769,2018-02,2017-02,12,0,True,0.0,master,valid_observed_phase_at_origin,ABCDE,calibration,3,11,spectral_core,local_partition_rf,0,0.05,0,0.18
4770,2018-02,2017-02,12,0,True,0.0,master,valid_observed_phase_at_origin,ABCDE,calibration,3,9,spectral_core,local_partition_rf,0,0.06,0,0.1
4771,2018-02,2017-02,12,0,True,0.0,master,valid_observed_phase_at_origin,ABCDE,calibration,3,9,spectral_core,local_partition_rf,0,0.08,0,0.09
4772,2018-02,2017-02,12,0,True,0.0,master,valid_observed_phase_at_origin,ABCDE,calibration,3,11,spectral_core,local_partition_rf,0,0.04,0,0.08
4773,2018-02,2017-02,12,1,True,1.0,master,valid_observed_phase_at_origin,ABCDE,calibration,3,9,spectral_core,local_partition_rf,0,0.14,0,0.27
4774,2018-02,2017-02,12,0,True,0.0,master,valid_observed_phase_at_origin,ABCDE,calibration,3,9,spectral_core,local_partition_rf,0,0.13,0,0.17
4775,2018-02,2017-02,12,0,True,0.0,master,valid_observed_phase_at_origin,ABCDE,calibration,3,9,spectral_core,local_partition_rf,0,0.13,0,0.13
4776,2018-02,2017-02,12,0,True,0.0,master,valid_observed_phase_at_origin,ABCDE,calibration,3,9,spectral_core,local_partition_rf,0,0.15,0,0.13
4777,2018-02,2017-02,12,0,True,0.0,master,valid_observed_phase_at_origin,ABCDE,calibration,3,11,spectral_core,local_partition_rf,0,0.07,0,0.2
4778,2018-02,2017-02,12,0,True,0.0,master,valid_observed_phase_at_origin,ABCDE,calibration,3,9,spectral_core,local_partition_rf,0,0.14,0,0.17
4779,2018-02,2017-02,12,0,True,0.0,master,valid_observed_phase_at_origin,ABCDE,calibration,3,11,spectral_core,local_partition_rf,0,0.03,0,0.14
4780,2018-02,2017-02,12,0,True,0.0,master,valid_observed_phase_at_origin,ABCDE,calibration,3,9,spectral_core,local_partition_rf,0,0.12,0,0.14
4781,2018-02,2017-02,12,0,True,0.0,master,valid_observed_phase_at_origin,ABCDE,calibration,3,11,spectral_core,local_partition_rf,0,0.05,0,0.19
4782,2018-02,2017-02,12,0,True,0.0,master,valid_observed_phase_at_origin,ABCDE,calibration,3,11,spectral_core,local_partition_rf,0,0.07,0,0.14
4783,2018-02,2017-02,12,0,True,0.0,master,valid_observed_phase_at_origin,ABCDE,calibration,3,9,spectral_core,local_partition_rf,0,0.15,0,0.15
4784,2018-02,2017-02,12,0,True,0.0,master,valid_observed_phase_at_origin,ABCDE,calibration,3,11,spectral_core,local_partition_rf,0,0.06,0,0.19
4785,2018-02,2017-02,12,0,True,0.0,master,valid_observed_phase_at_origin,ABCDE,calibration,3,11,spectral_core,local_partition_rf,0,0.06,0,0.12
4786,2018-02,2017-02,12,0,True,0.0,master,valid_observed_phase_at_origin,ABCDE,calibration,3,11,spectral_core,local_partition_rf,0,0.04,0,0.15
4787,2018-02,2017-02,12,0,True,0.0,master,valid_observed_phase_at_origin,ABCDE,calibration,3,11,spectral_core,local_partition_rf,0,0.08,0,0.15
4788,2018-02,2017-02,12,0,True,0.0,master,valid_observed_phase_at_origin,ABCDE,calibration,3,11,spectral_core,local_partition_rf,0,0.07,0,0.15
4789,2018-02,2017-02,12,0,True,0.0,master,valid_observed_phase_at_origin,ABCDE,calibration,3,11,spectral_core,local_partition_rf,0,0.13,0,0.15
4790,2018-02,2017-02,12,0,True,0.0,master,valid_observed_phase_at_origin,ABCDE,calibration,3,9,spectral_core,local_partition_rf,0,0.18,0,0.22
4791,2018-02,2017-02,12,0,True,0.0,master,valid_observed_phase_at_origin,ABCDE,calibration,3,9,spectral_core,local_partition_rf,0,0.17,0,0.18
4792,2018-02,2017-02,12,0,True,0.0,master,valid_observed_phase_at_origin,ABCDE,calibration,3,11,spectral_core,local_partition_rf,0,0.09,0,0.15
4793,2018-02,2017-02,12,0,True,0.0,master,valid_observed_phase_at_origin,ABCDE,calibration,3,11,spectral_core,local_partition_rf,0,0.1,0,0.19
4794,2018-02,2017-02,12,0,True,0.0,master,valid_observed_phase_at_origin,ABCDE,calibration,3,11,spectral_core,local_partition_rf,0,0.08,0,0.15
4795,2018-02,2017-02,12,0,True,1.0,master,valid_observed_phase_at_origin,ABCDE,calibration,3,11,spectral_core,local_partition_rf,0,0.12,0,0.28
4796,2018-02,2017-02,12,0,True,0.0,master,valid_observed_phase_at_origin,ABCDE,calibration,3,11,spectral_core,local_partition_rf,0,0.08,0,0.15
4797,2018-02,2017-02,12,1,True,1.0,master,valid_observed_phase_at_origin,ABCDE,calibration,3,11,spectral_core,local_partition_rf,0,0.08,0,0.26
4798,2018-02,2017-02,12,0,True,0.0,master,valid_observed_phase_at_origin,ABCDE,calibration,3,11,spectral_core,local_partition_rf,0,0.1,0,0.15
4799,2018-02,2017-02,12,0,True,1.0,master,valid_observed_phase_at_origin,ABCDE,calibration,3,11,spectral_core,local_partition_rf,0,0.12,0,0.28
4800,2018-02,2017-02,12,0,True,0.0,master,valid_observed_phase_at_origin,ABCDE,calibration,3,11,spectral_core,local_partition_rf,0,0.11,0,0.16
4801,2018-02,2017-02,12,0,True,0.0,master,valid_observed_phase_at_origin,ABCDE,calibration,3,11,spectral_core,local_partition_rf,0,0.1,0,0.16
4802,2018-02,2017-02,12,0,True,1.0,master,valid_observed_phase_at_origin,ABCDE,calibration,3,11,spectral_core,local_partition_rf,0,0.08,0,0.26
4803,2018-02,2017-02,12,0,True,0.0,master,valid_observed_phase_at_origin,ABCDE,calibration,3,11,spectral_core,local_partition_rf,0,0.06,0,0.16
4804,2018-02,2017-02,12,1,True,1.0,master,valid_observed_phase_at_origin,ABCDE,calibration,3,11,spectral_core,local_partition_rf,0,0.11,0,0.31
4805,2018-02,2017-02,12,0,True,0.0,master,valid_observed_phase_at_origin,ABCDE,calibration,3,11,spectral_core,local_partition_rf,0,0.04,0,0.08
4806,2018-02,2017-02,12,0,True,1.0,master,valid_observed_phase_at_origin,ABCDE,calibration,3,11,spectral_core,local_partition_rf,0,0.05,0,0.22
4807,2018-02,2017-02,12,0,True,1.0,master,valid_observed_phase_at_origin,ABCDE,calibration,3,11,spectral_core,local_partition_rf,0,0.08,0,0.26
4808,2018-02,2017-02,12,0,True,0.0,master,valid_observed_phase_at_origin,ABCDE,calibration,3,11,spectral_core,local_partition_rf,0,0.07,0,0.1
4809,2018-02,2017-02,12,1,True,1.0,master,valid_observed_phase_at_origin,ABCDE,calibration,3,11,spectral_core,local_partition_rf,0,0.11,0,0.29
4810,2018-02,2017-02,12,0,True,1.0,master,valid_observed_phase_at_origin,ABCDE,calibration,3,11,spectral_core,local_partition_rf,0,0.06,0,0.21
4811,2018-02,2017-02,12,0,True,0.0,master,valid_observed_phase_at_origin,ABCDE,calibration,3,11,spectral_core,local_partition_rf,0,0.09,0,0.15
4812,2018-02,2017-02,12,0,True,0.0,master,valid_observed_phase_at_origin,ABCDE,calibration,3,11,spectral_core,local_partition_rf,0,0.03,0,0.17
4813,2018-02,2017-02,12,0,True,0.0,master,valid_observed_phase_at_origin,ABCDE,calibration,3,6,spectral_core,local_partition_rf,0,0.05,0,0.15
4814,2018-02,2017-02,12,0,True,0.0,master,valid_observed_phase_at_origin,ABCDE,calibration,3,6,spectral_core,local_partition_rf,0,0.07,0,0.12
4815,2018-02,2017-02,12,0,True,0.0,master,valid_observed_phase_at_origin,ABCDE,calibration,3,6,spectral_core,local_partition_rf,0,0.04,0,0.13
4816,2018-02,2017-02,12,0,True,0.0,master,valid_observed_phase_at_origin,ABCDE,calibration,3,6,spectral_core,local_partition_rf,0,0.07,0,0.16
4817,2018-02,2017-02,12,0,True,0.0,master,valid_observed_phase_at_origin,ABCDE,calibration,3,6,spectral_core,local_partition_rf,0,0.04,0,0.12
4818,2018-02,2017-02,12,0,True,0.0,master,valid_observed_phase_at_origin,ABCDE,calibration,3,6,spectral_core,local_partition_rf,0,0.03,0,0.12
4819,2018-02,2017-02,12,0,True,0.0,master,valid_observed_phase_at_origin,ABCDE,calibration,3,11,spectral_core,local_partition_rf,0,0.01,0,0.09
4820,2018-02,2017-02,12,0,True,0.0,master,valid_observed_phase_at_origin,ABCDE,calibration,3,11,spectral_core,local_partition_rf,0,0.04,0,0.13
4821,2018-02,2017-02,12,0,True,0.0,master,valid_observed_phase_at_origin,ABCDE,calibration,3,11,spectral_core,local_partition_rf,0,0.06,0,0.14
4822,2018-02,2017-02,12,0,True,0.0,master,valid_observed_phase_at_origin,ABCDE,calibration,3,11,spectral_core,local_partition_rf,0,0.04,0,0.04
4823,2018-02,2017-02,12,0,True,0.0,master,valid_observed_phase_at_origin,ABCDE,calibration,3,11,spectral_core,local_partition_rf,0,0.06,0,0.12
4824,2018-02,2017-02,12,0,True,0.0,master,valid_observed_phase_at_origin,ABCDE,calibration,3,11,spectral_core,local_partition_rf,0,0.06,0,0.12
4825,2018-02,2017-02,12,0,True,0.0,master,valid_observed_phase_at_origin,ABCDE,calibration,3,11,spectral_core,local_partition_rf,0,0.08,0,0.11
4826,2018-02,2017-02,12,0,True,0.0,master,valid_observed_phase_at_origin,ABCDE,calibration,3,11,spectral_core,local_partition_rf,0,0.09,0,0.16
4827,2018-02,2017-02,12,0,True,0.0,master,valid_observed_phase_at_origin,ABCDE,calibration,3,11,spectral_core,local_partition_rf,0,0.03,0,0.11
4828,2018-02,2017-02,12,0,True,0.0,master,valid_observed_phase_at_origin,ABCDE,calibration,3,11,spectral_core,local_partition_rf,0,0.04,0,0.13
4829,2018-02,2017-02,12,0,True,0.0,master,valid_observed_phase_at_origin,ABCDE,calibration,3,11,spectral_core,local_partition_rf,0,0.02,0,0.1
4830,2018-02,2017-02,12,0,True,0.0,master,valid_observed_phase_at_origin,ABCDE,calibration,3,11,spectral_core,local_partition_rf,0,0.06,0,0.07
4831,2018-02,2017-02,12,0,True,0.0,master,valid_observed_phase_at_origin,ABCDE,calibration,3,11,spectral_core,local_partition_rf,0,0.07,0,0.1
4832,2018-02,2017-02,12,0,True,0.0,master,valid_observed_phase_at_origin,ABCDE,calibration,3,11,spectral_core,local_partition_rf,0,0.07,0,0.09
4833,2018-02,2017-02,12,0,True,0.0,master,valid_observed_phase_at_origin,ABCDE,calibration,3,11,spectral_core,local_partition_rf,0,0.06,0,0.15
4834,2018-02,2017-02,12,0,True,0.0,master,valid_observed_phase_at_origin,ABCDE,calibration,3,11,spectral_core,local_partition_rf,0,0.04,0,0.09
4835,2018-02,2017-02,12,0,True,1.0,master,valid_observed_phase_at_origin,ABCDE,calibration,3,11,spectral_core,local_partition_rf,0,0.06,0,0.25
4836,2018-02,2017-02,12,0,True,1.0,master,valid_observed_phase_at_origin,ABCDE,calibration,3,11,spectral_core,local_partition_rf,0,0.01,0,0.2
4837,2018-02,2017-02,12,0,True,0.0,master,valid_observed_phase_at_origin,ABCDE,calibration,3,11,spectral_core,local_partition_rf,0,0.04,0,0.13
4838,2018-02,2017-02,12,0,True,0.0,master,valid_observed_phase_at_origin,ABCDE,calibration,3,11,spectral_core,local_partition_rf,0,0.06,0,0.14
4839,2018-02,2017-02,12,0,True,0.0,master,valid_observed_phase_at_origin,ABCDE,calibration,3,11,spectral_core,local_partition_rf,0,0.08,0,0.13
4840,2018-02,2017-02,12,0,True,0.0,master,valid_observed_phase_at_origin,ABCDE,calibration,3,11,spectral_core,local_partition_rf,0,0.08,0,0.11
4841,2018-02,2017-02,12,0,True,0.0,master,valid_observed_phase_at_origin,ABCDE,calibration,3,11,spectral_core,local_partition_rf,0,0.03,0,0.16
4842,2018-02,2017-02,12,0,True,1.0,master,valid_observed_phase_at_origin,ABCDE,calibration,3,11,spectral_core,local_partition_rf,0,0.08,0,0.2
4843,2018-02,2017-02,12,1,True,1.0,master,valid_observed_phase_at_origin,ABCDE,calibration,3,11,spectral_core,local_partition_rf,0,0.08,0,0.23
4844,2018-02,2017-02,12,0,True,0.0,master,valid_observed_phase_at_origin,ABCDE,calibration,3,11,spectral_core,local_partition_rf,0,0.03,0,0.1
4845,2018-02,2017-02,12,0,True,0.0,master,valid_observed_phase_at_origin,ABCDE,calibration,3,11,spectral_core,local_partition_rf,0,0.06,0,0.15
4846,2018-02,2017-02,12,0,True,0.0,master,valid_observed_phase_at_origin,ABCDE,calibration,3,11,spectral_core,local_partition_rf,0,0.08,0,0.17
4847,2018-02,2017-02,12,0,True,0.0,master,valid_observed_phase_at_origin,ABCDE,calibration,3,11,spectral_core,local_partition_rf,0,0.04,0,0.13
4848,2018-02,2017-02,12,0,True,0.0,master,valid_observed_phase_at_origin,ABCDE,calibration,3,11,spectral_core,local_partition_rf,0,0.07,0,0.12
4849,2018-02,2017-02,12,0,True,0.0,master,valid_observed_phase_at_origin,ABCDE,calibration,3,11,spectral_core,local_partition_rf,0,0.07,0,0.15
4850,2018-02,2017-02,12,0,True,1.0,master,valid_observed_phase_at_origin,ABCDE,calibration,3,11,spectral_core,local_partition_rf,0,0.1,0,0.3
4851,2018-02,2017-02,12,0,True,0.0,master,valid_observed_phase_at_origin,ABCDE,calibration,3,11,spectral_core,local_partition_rf,0,0.04,0,0.22
4852,2018-02,2017-02,12,0,True,0.0,master,valid_observed_phase_at_origin,ABCDE,calibration,3,11,spectral_core,local_partition_rf,0,0.08,0,0.18
4853,2018-02,2017-02,12,0,True,0.0,master,valid_observed_phase_at_origin,ABCDE,calibration,3,11,spectral_core,local_partition_rf,0,0.04,0,0.14
4854,2018-02,2017-02,12,0,True,1.0,master,valid_observed_phase_at_origin,ABCDE,calibration,3,11,spectral_core,local_partition_rf,0,0.1,0,0.33
4855,2018-02,2017-02,12,0,True,0.0,master,valid_observed_phase_at_origin,ABCDE,calibration,3,11,spectral_core,local_partition_rf,0,0.04,0,0.17
4856,2018-02,2017-02,12,0,True,0.0,master,valid_observed_phase_at_origin,ABCDE,calibration,3,11,spectral_core,local_partition_rf,0,0.04,0,0.11
4857,2018-02,2017-02,12,0,True,0.0,master,valid_observed_phase_at_origin,ABCDE,calibration,3,11,spectral_core,local_partition_rf,0,0.07,0,0.17
4858,2018-02,2017-02,12,0,True,0.0,master,valid_observed_phase_at_origin,ABCDE,calibration,3,11,spectral_core,local_partition_rf,0,0.06,0,0.14
4859,2018-02,2017-02,12,0,True,1.0,master,valid_observed_phase_at_origin,ABCDE,calibration,3,11,spectral_core,local_partition_rf,0,0.09,0,0.33
4860,2018-02,2017-02,12,0,True,0.0,master,valid_observed_phase_at_origin,ABCDE,calibration,3,11,spectral_core,local_partition_rf,0,0.04,0,0.14
4861,2018-02,2017-02,12,0,True,1.0,master,valid_observed_phase_at_origin,ABCDE,calibration,3,11,spectral_core,local_partition_rf,0,0.06,0,0.29
4862,2018-02,2017-02,12,0,True,0.0,master,valid_observed_phase_at_origin,ABCDE,calibration,3,11,spectral_core,local_partition_rf,0,0.04,0,0.13
4863,2018-02,2017-02,12,0,True,1.0,master,valid_observed_phase_at_origin,ABCDE,calibration,3,11,spectral_core,local_partition_rf,0,0.09,0,0.32
4864,2018-02,2017-02,12,0,True,0.0,master,valid_observed_phase_at_origin,ABCDE,calibration,3,11,spectral_core,local_partition_rf,0,0.04,0,0.18
4865,2018-02,2017-02,12,0,True,0.0,master,valid_observed_phase_at_origin,ABCDE,calibration,3,11,spectral_core,local_partition_rf,0,0.03,0,0.14
4866,2018-02,2017-02,12,0,True,0.0,master,valid_observed_phase_at_origin,ABCDE,calibration,3,11,spectral_core,local_partition_rf,0,0.04,0,0.17
4867,2018-02,2017-02,12,0,True,1.0,master,valid_observed_phase_at_origin,ABCDE,calibration,3,11,spectral_core,local_partition_rf,0,0.09,0,0.3
4868,2018-02,2017-02,12,0,True,0.0,master,valid_observed_phase_at_origin,ABCDE,calibration,3,11,spectral_core,local_partition_rf,0,0.06,0,0.14
4869,2018-02,2017-02,12,0,True,0.0,master,valid_observed_phase_at_origin,ABCDE,calibration,3,11,spectral_core,local_partition_rf,0,0.03,0,0.13
4870,2018-02,2017-02,12,0,True,0.0,master,valid_observed_phase_at_origin,ABCDE,calibration,3,11,spectral_core,local_partition_rf,0,0.06,0,0.16
4871,2018-02,2017-02,12,0,True,1.0,master,valid_observed_phase_at_origin,ABCDE,calibration,3,11,spectral_core,local_partition_rf,0,0.08,0,0.29
4872,2018-02,2017-02,12,0,True,1.0,master,valid_observed_phase_at_origin,ABCDE,calibration,3,11,spectral_core,local_partition_rf,0,0.09,0,0.33
4873,2018-02,2017-02,12,0,True,0.0,master,valid_observed_phase_at_origin,ABCDE,calibration,3,11,spectral_core,local_partition_rf,0,0.06,0,0.13
4874,2018-02,2017-02,12,0,True,0.0,master,valid_observed_phase_at_origin,ABCDE,calibration,3,11,spectral_core,local_partition_rf,0,0.04,0,0.09
4875,2018-02,2017-02,12,0,True,0.0,master,valid_observed_phase_at_origin,ABCDE,calibration,3,11,spectral_core,local_partition_rf,0,0.04,0,0.12
4876,2018-02,2017-02,12,0,True,1.0,master,valid_observed_phase_at_origin,ABCDE,calibration,3,11,spectral_core,local_partition_rf,0,0.09,0,0.28
4877,2018-02,2017-02,12,0,True,0.0,master,valid_observed_phase_at_origin,ABCDE,calibration,3,11,spectral_core,local_partition_rf,0,0.05,0,0.13
4878,2018-02,2017-02,12,0,True,0.0,master,valid_observed_phase_at_origin,ABCDE,calibration,3,11,spectral_core,local_partition_rf,0,0.06,0,0.14
4879,2018-02,2017-02,12,0,True,0.0,master,valid_observed_phase_at_origin,ABCDE,calibration,3,11,spectral_core,local_partition_rf,0,0.04,0,0.14
4880,2018-02,2017-02,12,0,True,0.0,master,valid_observed_phase_at_origin,ABCDE,calibration,3,11,spectral_core,local_partition_rf,0,0.07,0,0.15
4881,2018-02,2017-02,12,0,True,1.0,master,valid_observed_phase_at_origin,ABCDE,calibration,3,11,spectral_core,local_partition_rf,0,0.08,0,0.27
4882,2018-02,2017-02,12,0,True,0.0,master,valid_observed_phase_at_origin,ABCDE,calibration,3,11,spectral_core,local_partition_rf,0,0.02,0,0.11
4883,2018-02,2017-02,12,0,True,0.0,master,valid_observed_phase_at_origin,ABCDE,calibration,3,11,spectral_core,local_partition_rf,0,0.0,0,0.06
4884,2018-02,2017-02,12,0,True,0.0,master,valid_observed_phase_at_origin,ABCDE,calibration,3,11,spectral_core,local_partition_rf,0,0.05,0,0.15
4885,2018-02,2017-02,12,0,True,1.0,master,valid_observed_phase_at_origin,ABCDE,calibration,3,11,spectral_core,local_partition_rf,0,0.09,0,0.28
4886,2018-02,2017-02,12,0,True,0.0,master,valid_observed_phase_at_origin,ABCDE,calibration,3,11,spectral_core,local_partition_rf,0,0.05,0,0.15
4887,2018-02,2017-02,12,0,True,0.0,master,valid_observed_phase_at_origin,ABCDE,calibration,3,11,spectral_core,local_partition_rf,0,0.02,0,0.08
4888,2018-02,2017-02,12,0,True,1.0,master,valid_observed_phase_at_origin,ABCDE,calibration,3,11,spectral_core,local_partition_rf,0,0.06,0,0.29
4889,2018-02,2017-02,12,0,True,0.0,master,valid_observed_phase_at_origin,ABCDE,calibration,3,11,spectral_core,local_partition_rf,0,0.02,0,0.08
4890,2018-02,2017-02,12,0,True,0.0,master,valid_observed_phase_at_origin,ABCDE,calibration,3,11,spectral_core,local_partition_rf,0,0.04,0,0.1
4891,2018-02,2017-02,12,0,True,0.0,master,valid_observed_phase_at_origin,ABCDE,calibration,3,11,spectral_core,local_partition_rf,0,0.06,0,0.16
4892,2018-02,2017-02,12,0,True,0.0,master,valid_observed_phase_at_origin,ABCDE,calibration,3,11,spectral_core,local_partition_rf,0,0.04,0,0.04
4893,2018-02,2017-02,12,1,True,0.0,master,valid_observed_phase_at_origin,ABCDE,calibration,3,11,spectral_core,local_partition_rf,0,0.03,0,0.11
4894,2018-02,2017-02,12,0,True,0.0,master,valid_observed_phase_at_origin,ABCDE,calibration,3,11,spectral_core,local_partition_rf,0,0.04,0,0.11
4895,2018-02,2017-02,12,0,True,0.0,master,valid_observed_phase_at_origin,ABCDE,calibration,3,11,spectral_core,local_partition_rf,0,0.02,0,0.1
4896,2018-02,2017-02,12,0,True,1.0,master,valid_observed_phase_at_origin,ABCDE,calibration,3,6,spectral_core,local_partition_rf,0,0.07,0,0.21
4897,2018-02,2017-02,12,0,True,0.0,master,valid_observed_phase_at_origin,ABCDE,calibration,3,11,spectral_core,local_partition_rf,0,0.04,0,0.11
4898,2018-02,2017-02,12,1,True,0.0,master,valid_observed_phase_at_origin,ABCDE,calibration,3,11,spectral_core,local_partition_rf,0,0.03,0,0.09
4899,2018-02,2017-02,12,0,True,0.0,master,valid_observed_phase_at_origin,ABCDE,calibration,3,11,spectral_core,local_partition_rf,0,0.04,0,0.11
4900,2018-02,2017-02,12,0,True,0.0,master,valid_observed_phase_at_origin,ABCDE,calibration,3,6,spectral_core,local_partition_rf,0,0.08,0,0.1
4901,2018-02,2017-02,12,0,True,0.0,master,valid_observed_phase_at_origin,ABCDE,calibration,3,11,spectral_core,local_partition_rf,0,0.05,0,0.09
4902,2018-02,2017-02,12,0,True,0.0,master,valid_observed_phase_at_origin,ABCDE,calibration,3,11,spectral_core,local_partition_rf,0,0.03,0,0.1
4903,2018-02,2017-02,12,0,True,1.0,master,valid_observed_phase_at_origin,ABCDE,calibration,3,6,spectral_core,local_partition_rf,0,0.07,0,0.24
4904,2018-02,2017-02,12,0,True,0.0,master,valid_observed_phase_at_origin,ABCDE,calibration,3,11,spectral_core,local_partition_rf,0,0.07,0,0.13
4905,2018-02,2017-02,12,0,True,1.0,master,valid_observed_phase_at_origin,ABCDE,calibration,3,11,spectral_core,local_partition_rf,0,0.02,0,0.27
4906,2018-02,2017-02,12,0,True,0.0,master,valid_observed_phase_at_origin,ABCDE,calibration,3,11,spectral_core,local_partition_rf,0,0.06,0,0.13
4907,2018-02,2017-02,12,0,True,0.0,master,valid_observed_phase_at_origin,ABCDE,calibration,3,11,spectral_core,local_partition_rf,0,0.07,0,0.13
4908,2018-02,2017-02,12,0,True,0.0,master,valid_observed_phase_at_origin,ABCDE,calibration,3,11,spectral_core,local_partition_rf,0,0.07,0,0.19
4909,2018-02,2017-02,12,0,True,0.0,master,valid_observed_phase_at_origin,ABCDE,calibration,3,11,spectral_core,local_partition_rf,0,0.04,0,0.14
4910,2018-02,2017-02,12,0,True,1.0,master,valid_observed_phase_at_origin,ABCDE,calibration,3,11,spectral_core,local_partition_rf,0,0.05,0,0.29
4911,2018-02,2017-02,12,0,True,0.0,master,valid_observed_phase_at_origin,ABCDE,calibration,3,11,spectral_core,local_partition_rf,0,0.04,0,0.16
4912,2018-02,2017-02,12,0,True,0.0,master,valid_observed_phase_at_origin,ABCDE,calibration,3,11,spectral_core,local_partition_rf,0,0.06,0,0.16
4913,2018-02,2017-02,12,0,True,0.0,master,valid_observed_phase_at_origin,ABCDE,calibration,3,11,spectral_core,local_partition_rf,0,0.03,0,0.17
4914,2018-02,2017-02,12,0,True,0.0,master,valid_observed_phase_at_origin,ABCDE,calibration,3,11,spectral_core,local_partition_rf,0,0.08,0,0.14
4915,2018-02,2017-02,12,0,True,1.0,master,valid_observed_phase_at_origin,ABCDE,calibration,3,11,spectral_core,local_partition_rf,0,0.05,0,0.24
4916,2018-02,2017-02,12,0,True,0.0,master,valid_observed_phase_at_origin,ABCDE,calibration,3,11,spectral_core,local_partition_rf,0,0.07,0,0.17
4917,2018-02,2017-02,12,0,True,0.0,master,valid_observed_phase_at_origin,ABCDE,calibration,3,11,spectral_core,local_partition_rf,0,0.07,0,0.12
4918,2018-02,2017-02,12,0,True,0.0,master,valid_observed_phase_at_origin,ABCDE,calibration,3,11,spectral_core,local_partition_rf,0,0.07,0,0.16
4919,2018-02,2017-02,12,1,True,0.0,master,valid_observed_phase_at_origin,ABCDE,calibration,3,11,spectral_core,local_partition_rf,0,0.04,0,0.11
4920,2018-02,2017-02,12,1,True,1.0,master,valid_observed_phase_at_origin,ABCDE,calibration,3,11,spectral_core,local_partition_rf,0,0.04,0,0.25
4921,2018-02,2017-02,12,0,True,1.0,master,valid_observed_phase_at_origin,ABCDE,calibration,3,11,spectral_core,local_partition_rf,0,0.08,0,0.24
4922,2018-02,2017-02,12,0,True,1.0,master,valid_observed_phase_at_origin,ABCDE,calibration,3,11,spectral_core,local_partition_rf,0,0.09,0,0.35
4923,2018-02,2017-02,12,1,True,1.0,master,valid_observed_phase_at_origin,ABCDE,calibration,3,11,spectral_core,local_partition_rf,0,0.1,0,0.24
4924,2018-02,2017-02,12,0,True,1.0,master,valid_observed_phase_at_origin,ABCDE,calibration,3,11,spectral_core,local_partition_rf,0,0.07,0,0.31
4925,2018-02,2017-02,12,0,True,0.0,master,valid_observed_phase_at_origin,ABCDE,calibration,3,11,spectral_core,local_partition_rf,0,0.06,0,0.17
4926,2018-02,2017-02,12,0,True,0.0,master,valid_observed_phase_at_origin,ABCDE,calibration,3,11,spectral_core,local_partition_rf,0,0.05,0,0.15
4927,2018-02,2017-02,12,0,True,0.0,master,valid_observed_phase_at_origin,ABCDE,calibration,3,11,spectral_core,local_partition_rf,0,0.07,0,0.14
4928,2018-02,2017-02,12,0,True,0.0,master,valid_observed_phase_at_origin,ABCDE,calibration,3,11,spectral_core,local_partition_rf,0,0.09,0,0.12
4929,2018-02,2017-02,12,1,True,0.0,master,valid_observed_phase_at_origin,ABCDE,calibration,3,11,spectral_core,local_partition_rf,0,0.08,0,0.15
4930,2018-02,2017-02,12,0,True,0.0,master,valid_observed_phase_at_origin,ABCDE,calibration,3,11,spectral_core,local_partition_rf,0,0.06,0,0.18
4931,2018-02,2017-02,12,0,True,1.0,master,valid_observed_phase_at_origin,ABCDE,calibration,3,11,spectral_core,local_partition_rf,0,0.09,0,0.31
4932,2018-02,2017-02,12,0,True,1.0,master,valid_observed_phase_at_origin,ABCDE,calibration,3,11,spectral_core,local_partition_rf,0,0.08,0,0.3
4933,2018-02,2017-02,12,0,True,0.0,master,valid_observed_phase_at_origin,ABCDE,calibration,3,11,spectral_core,local_partition_rf,0,0.06,0,0.15
4934,2018-02,2017-02,12,0,True,0.0,master,valid_observed_phase_at_origin,ABCDE,calibration,3,11,spectral_core,local_partition_rf,0,0.08,0,0.11
4935,2018-02,2017-02,12,1,True,0.0,master,valid_observed_phase_at_origin,ABCDE,calibration,3,11,spectral_core,local_partition_rf,0,0.08,0,0.11
4936,2018-02,2017-02,12,0,True,0.0,master,valid_observed_phase_at_origin,ABCDE,calibration,3,11,spectral_core,local_partition_rf,0,0.06,0,0.2
4937,2018-02,2017-02,12,0,True,0.0,master,valid_observed_phase_at_origin,ABCDE,calibration,3,11,spectral_core,local_partition_rf,0,0.07,0,0.14
4938,2018-02,2017-02,12,1,True,0.0,master,valid_observed_phase_at_origin,ABCDE,calibration,3,11,spectral_core,local_partition_rf,0,0.06,0,0.11
4939,2018-02,2017-02,12,1,True,1.0,master,valid_observed_phase_at_origin,ABCDE,calibration,3,11,spectral_core,local_partition_rf,0,0.08,0,0.32
4940,2018-02,2017-02,12,1,True,1.0,master,valid_observed_phase_at_origin,ABCDE,calibration,3,11,spectral_core,local_partition_rf,0,0.13,0,0.33
4941,2018-02,2017-02,12,1,True,1.0,master,valid_observed_phase_at_origin,ABCDE,calibration,3,11,spectral_core,local_partition_rf,0,0.09,0,0.28
4942,2018-02,2017-02,12,1,True,1.0,master,valid_observed_phase_at_origin,ABCDE,calibration,3,11,spectral_core,local_partition_rf,0,0.12,0,0.29
4943,2018-02,2017-02,12,1,True,1.0,master,valid_observed_phase_at_origin,ABCDE,calibration,3,11,spectral_core,local_partition_rf,0,0.13,0,0.33
4944,2018-02,2017-02,12,0,True,0.0,master,valid_observed_phase_at_origin,ABCDE,calibration,3,11,spectral_core,local_partition_rf,0,0.07,0,0.19
4945,2018-02,2017-02,12,0,True,0.0,master,valid_observed_phase_at_origin,ABCDE,calibration,3,11,spectral_core,local_partition_rf,0,0.06,0,0.18
4946,2018-02,2017-02,12,1,True,1.0,master,valid_observed_phase_at_origin,ABCDE,calibration,3,11,spectral_core,local_partition_rf,0,0.12,0,0.37
4947,2018-02,2017-02,12,1,True,0.0,master,valid_observed_phase_at_origin,ABCDE,calibration,3,11,spectral_core,local_partition_rf,0,0.04,0,0.2
4948,2018-02,2017-02,12,1,True,1.0,master,valid_observed_phase_at_origin,ABCDE,calibration,3,11,spectral_core,local_partition_rf,0,0.09,0,0.35
4949,2018-02,2017-02,12,1,True,1.0,master,valid_observed_phase_at_origin,ABCDE,calibration,3,11,spectral_core,local_partition_rf,0,0.14,0,0.36
4950,2018-02,2017-02,12,0,True,1.0,master,valid_observed_phase_at_origin,ABCDE,calibration,3,11,spectral_core,local_partition_rf,0,0.12,0,0.33
4951,2018-02,2017-02,12,1,True,1.0,master,valid_observed_phase_at_origin,ABCDE,calibration,3,11,spectral_core,local_partition_rf,0,0.12,0,0.26
4952,2018-02,2017-02,12,1,True,1.0,master,valid_observed_phase_at_origin,ABCDE,calibration,3,9,spectral_core,local_partition_rf,0,0.19,0,0.24
4953,2018-02,2017-02,12,0,True,1.0,master,valid_observed_phase_at_origin,ABCDE,calibration,3,11,spectral_core,local_partition_rf,0,0.1,0,0.3
4954,2018-02,2017-02,12,1,True,1.0,master,valid_observed_phase_at_origin,ABCDE,calibration,3,11,spectral_core,local_partition_rf,0,0.13,0,0.36
4955,2018-02,2017-02,12,1,True,1.0,master,valid_observed_phase_at_origin,ABCDE,calibration,3,11,spectral_core,local_partition_rf,0,0.12,0,0.32
4956,2018-02,2017-02,12,1,True,1.0,master,valid_observed_phase_at_origin,ABCDE,calibration,3,11,spectral_core,local_partition_rf,0,0.13,0,0.33
4957,2018-02,2017-02,12,0,True,1.0,master,valid_observed_phase_at_origin,ABCDE,calibration,3,11,spectral_core,local_partition_rf,0,0.13,0,0.33
4958,2018-02,2017-02,12,0,True,1.0,master,valid_observed_phase_at_origin,ABCDE,calibration,3,11,spectral_core,local_partition_rf,0,0.13,0,0.31
4959,2018-02,2017-02,12,0,True,1.0,master,valid_observed_phase_at_origin,ABCDE,calibration,3,6,spectral_core,local_partition_rf,0,0.1,0,0.3
4960,2018-02,2017-02,12,1,True,1.0,master,valid_observed_phase_at_origin,ABCDE,calibration,3,11,spectral_core,local_partition_rf,0,0.13,0,0.3
4961,2018-02,2017-02,12,0,True,0.0,master,valid_observed_phase_at_origin,ABCDE,calibration,3,11,spectral_core,local_partition_rf,0,0.12,0,0.21
4962,2018-02,2017-02,12,1,True,1.0,master,valid_observed_phase_at_origin,ABCDE,calibration,3,11,spectral_core,local_partition_rf,0,0.12,0,0.34
4963,2018-02,2017-02,12,0,True,1.0,master,valid_observed_phase_at_origin,ABCDE,calibration,3,11,spectral_core,local_partition_rf,0,0.09,0,0.3
4964,2018-02,2017-02,12,1,True,1.0,master,valid_observed_phase_at_origin,ABCDE,calibration,3,11,spectral_core,local_partition_rf,0,0.13,0,0.33
4965,2018-02,2017-02,12,1,True,1.0,master,valid_observed_phase_at_origin,ABCDE,calibration,3,6,spectral_core,local_partition_rf,0,0.13,0,0.32
4966,2018-02,2017-02,12,1,True,0.0,master,valid_observed_phase_at_origin,ABCDE,calibration,3,6,spectral_core,local_partition_rf,0,0.09,0,0.13
4967,2018-02,2017-02,12,1,True,0.0,master,valid_observed_phase_at_origin,ABCDE,calibration,3,11,spectral_core,local_partition_rf,0,0.08,0,0.1
4968,2018-02,2017-02,12,0,True,0.0,master,valid_observed_phase_at_origin,ABCDE,calibration,3,11,spectral_core,local_partition_rf,0,0.07,0,0.1
4969,2018-02,2017-02,12,0,True,0.0,master,valid_observed_phase_at_origin,ABCDE,calibration,3,11,spectral_core,local_partition_rf,0,0.08,0,0.13
4970,2018-02,2017-02,12,1,True,0.0,master,valid_observed_phase_at_origin,ABCDE,calibration,3,6,spectral_core,local_partition_rf,0,0.08,0,0.09
4971,2018-02,2017-02,12,0,True,0.0,master,valid_observed_phase_at_origin,ABCDE,calibration,3,11,spectral_core,local_partition_rf,0,0.08,0,0.14
4972,2018-02,2017-02,12,0,True,0.0,master,valid_observed_phase_at_origin,ABCDE,calibration,3,11,spectral_core,local_partition_rf,0,0.09,0,0.16
4973,2018-02,2017-02,12,0,True,0.0,master,valid_observed_phase_at_origin,ABCDE,calibration,3,6,spectral_core,local_partition_rf,0,0.06,0,0.06
4974,2018-02,2017-02,12,1,True,0.0,master,valid_observed_phase_at_origin,ABCDE,calibration,3,11,spectral_core,local_partition_rf,0,0.07,0,0.1
4975,2018-02,2017-02,12,1,True,0.0,master,valid_observed_phase_at_origin,ABCDE,calibration,3,11,spectral_core,local_partition_rf,0,0.07,0,0.11
4976,2018-02,2017-02,12,0,True,1.0,master,valid_observed_phase_at_origin,ABCDE,calibration,3,6,spectral_core,local_partition_rf,0,0.09,0,0.22
4977,2018-02,2017-02,12,1,True,0.0,master,valid_observed_phase_at_origin,ABCDE,calibration,3,6,spectral_core,local_partition_rf,0,0.07,0,0.14
4978,2018-02,2017-02,12,1,True,1.0,master,valid_observed_phase_at_origin,ABCDE,calibration,3,6,spectral_core,local_partition_rf,0,0.06,0,0.22
4979,2018-02,2017-02,12,0,True,0.0,master,valid_observed_phase_at_origin,ABCDE,calibration,3,6,spectral_core,local_partition_rf,0,0.07,0,0.21
4980,2018-02,2017-02,12,0,True,0.0,master,valid_observed_phase_at_origin,ABCDE,calibration,3,11,spectral_core,local_partition_rf,0,0.07,0,0.14
4981,2018-02,2017-02,12,0,True,0.0,master,valid_observed_phase_at_origin,ABCDE,calibration,3,6,spectral_core,local_partition_rf,0,0.09,0,0.18
4982,2018-02,2017-02,12,0,True,0.0,master,valid_observed_phase_at_origin,ABCDE,calibration,3,6,spectral_core,local_partition_rf,0,0.02,0,0.07
4983,2018-02,2017-02,12,0,True,1.0,master,valid_observed_phase_at_origin,ABCDE,calibration,3,11,spectral_core,local_partition_rf,0,0.12,0,0.27
4984,2018-02,2017-02,12,0,True,0.0,master,valid_observed_phase_at_origin,ABCDE,calibration,3,6,spectral_core,local_partition_rf,0,0.05,0,0.06
4985,2018-02,2017-02,12,0,True,1.0,master,valid_observed_phase_at_origin,ABCDE,calibration,3,6,spectral_core,local_partition_rf,0,0.19,0,0.27
4986,2018-02,2017-02,12,1,True,0.0,master,valid_observed_phase_at_origin,ABCDE,calibration,3,6,spectral_core,local_partition_rf,0,0.12,0,0.15
4987,2018-02,2017-02,12,1,True,1.0,master,valid_observed_phase_at_origin,ABCDE,calibration,3,6,spectral_core,local_partition_rf,0,0.19,0,0.3
4988,2018-02,2017-02,12,0,True,0.0,master,valid_observed_phase_at_origin,ABCDE,calibration,3,6,spectral_core,local_partition_rf,0,0.1,0,0.14
4989,2018-02,2017-02,12,0,True,0.0,master,valid_observed_phase_at_origin,ABCDE,calibration,3,6,spectral_core,local_partition_rf,0,0.09,0,0.09
4990,2018-02,2017-02,12,1,True,1.0,master,valid_observed_phase_at_origin,ABCDE,calibration,3,6,spectral_core,local_partition_rf,0,0.1,0,0.23
4991,2018-02,2017-02,12,0,True,0.0,master,valid_observed_phase_at_origin,ABCDE,calibration,3,6,spectral_core,local_partition_rf,0,0.12,0,0.12
4992,2018-02,2017-02,12,0,True,1.0,master,valid_observed_phase_at_origin,ABCDE,calibration,3,6,spectral_core,local_partition_rf,0,0.13,0,0.28
4993,2018-02,2017-02,12,0,True,0.0,master,valid_observed_phase_at_origin,ABCDE,calibration,3,6,spectral_core,local_partition_rf,0,0.06,0,0.13
4994,2018-02,2017-02,12,1,True,0.0,master,valid_observed_phase_at_origin,ABCDE,calibration,3,6,spectral_core,local_partition_rf,0,0.04,0,0.14
4995,2018-02,2017-02,12,0,True,0.0,master,valid_observed_phase_at_origin,ABCDE,calibration,3,6,spectral_core,local_partition_rf,0,0.07,0,0.13
4996,2018-02,2017-02,12,0,True,0.0,master,valid_observed_phase_at_origin,ABCDE,calibration,3,6,spectral_core,local_partition_rf,0,0.05,0,0.1
4997,2018-02,2017-02,12,0,True,0.0,master,valid_observed_phase_at_origin,ABCDE,calibration,3,6,spectral_core,local_partition_rf,0,0.03,0,0.17
4998,2018-02,2017-02,12,0,True,0.0,master,valid_observed_phase_at_origin,ABCDE,calibration,3,6,spectral_core,local_partition_rf,0,0.05,0,0.14
4999,2018-02,2017-02,12,0,True,0.0,master,valid_observed_phase_at_origin,ABCDE,calibration,3,6,spectral_core,local_partition_rf,0,0.06,0,0.12
5000,2018-02,2017-02,12,1,True,1.0,master,valid_observed_phase_at_origin,ABCDE,calibration,3,6,spectral_core,local_partition_rf,0,0.2,0,0.25
5001,2018-02,2017-02,12,0,True,0.0,master,valid_observed_phase_at_origin,ABCDE,calibration,3,6,spectral_core,local_partition_rf,0,0.09,0,0.16
5002,2018-02,2017-02,12,0,True,0.0,master,valid_observed_phase_at_origin,ABCDE,calibration,3,6,spectral_core,local_partition_rf,0,0.08,0,0.18
5003,2018-02,2017-02,12,1,True,0.0,master,valid_observed_phase_at_origin,ABCDE,calibration,3,6,spectral_core,local_partition_rf,0,0.03,0,0.13
5004,2018-02,2017-02,12,0,True,0.0,master,valid_observed_phase_at_origin,ABCDE,calibration,3,6,spectral_core,local_partition_rf,0,0.08,0,0.07
5005,2018-02,2017-02,12,0,True,0.0,master,valid_observed_phase_at_origin,ABCDE,calibration,3,6,spectral_core,local_partition_rf,0,0.09,0,0.13
5006,2018-02,2017-02,12,1,True,1.0,master,valid_observed_phase_at_origin,ABCDE,calibration,3,6,spectral_core,local_partition_rf,0,0.08,0,0.29
5007,2018-02,2017-02,12,0,True,0.0,master,valid_observed_phase_at_origin,ABCDE,calibration,3,6,spectral_core,local_partition_rf,0,0.16,0,0.18
5008,2018-02,2017-02,12,1,True,0.0,master,valid_observed_phase_at_origin,ABCDE,calibration,3,6,spectral_core,local_partition_rf,0,0.04,0,0.11
5009,2018-02,2017-02,12,0,True,0.0,master,valid_observed_phase_at_origin,ABCDE,calibration,3,6,spectral_core,local_partition_rf,0,0.11,0,0.14
5010,2018-02,2017-02,12,0,True,0.0,master,valid_observed_phase_at_origin,ABCDE,calibration,3,6,spectral_core,local_partition_rf,0,0.06,0,0.15
5011,2018-02,2017-02,12,0,True,0.0,master,valid_observed_phase_at_origin,ABCDE,calibration,3,6,spectral_core,local_partition_rf,0,0.08,0,0.15
5012,2018-02,2017-02,12,0,True,0.0,master,valid_observed_phase_at_origin,ABCDE,calibration,3,6,spectral_core,local_partition_rf,0,0.09,0,0.16
5013,2018-02,2017-02,12,1,True,1.0,master,valid_observed_phase_at_origin,ABCDE,calibration,3,6,spectral_core,local_partition_rf,0,0.1,0,0.23
5014,2018-02,2017-02,12,0,True,0.0,master,valid_observed_phase_at_origin,ABCDE,calibration,3,6,spectral_core,local_partition_rf,0,0.07,0,0.1
5015,2018-02,2017-02,12,0,True,0.0,master,valid_observed_phase_at_origin,ABCDE,calibration,3,6,spectral_core,local_partition_rf,0,0.1,0,0.09
5016,2018-02,2017-02,12,0,True,0.0,master,valid_observed_phase_at_origin,ABCDE,calibration,3,6,spectral_core,local_partition_rf,0,0.11,0,0.2
5017,2018-02,2017-02,12,1,True,1.0,master,valid_observed_phase_at_origin,ABCDE,calibration,3,6,spectral_core,local_partition_rf,0,0.12,0,0.23
5018,2018-02,2017-02,12,1,True,1.0,master,valid_observed_phase_at_origin,ABCDE,calibration,3,6,spectral_core,local_partition_rf,0,0.12,0,0.24
5019,2018-02,2017-02,12,0,True,0.0,master,valid_observed_phase_at_origin,ABCDE,calibration,3,6,spectral_core,local_partition_rf,0,0.08,0,0.11
5020,2018-02,2017-02,12,1,True,1.0,master,valid_observed_phase_at_origin,ABCDE,calibration,3,6,spectral_core,local_partition_rf,0,0.09,0,0.26
5021,2018-02,2017-02,12,0,True,1.0,master,valid_observed_phase_at_origin,ABCDE,calibration,3,6,spectral_core,local_partition_rf,0,0.14,0,0.28
5022,2018-02,2017-02,12,0,True,0.0,master,valid_observed_phase_at_origin,ABCDE,calibration,3,6,spectral_core,local_partition_rf,0,0.09,0,0.1
5023,2018-02,2017-02,12,1,True,0.0,master,valid_observed_phase_at_origin,ABCDE,calibration,3,6,spectral_core,local_partition_rf,0,0.1,0,0.16
5024,2018-02,2017-02,12,1,True,1.0,master,valid_observed_phase_at_origin,ABCDE,calibration,3,6,spectral_core,local_partition_rf,0,0.13,0,0.24
5025,2018-02,2017-02,12,1,True,1.0,master,valid_observed_phase_at_origin,ABCDE,calibration,3,6,spectral_core,local_partition_rf,0,0.18,0,0.27
5026,2018-02,2017-02,12,0,True,1.0,master,valid_observed_phase_at_origin,ABCDE,calibration,3,6,spectral_core,local_partition_rf,0,0.12,0,0.24
5027,2018-02,2017-02,12,1,True,0.0,master,valid_observed_phase_at_origin,ABCDE,calibration,3,6,spectral_core,local_partition_rf,0,0.03,0,0.11
5028,2018-02,2017-02,12,0,True,0.0,master,valid_observed_phase_at_origin,ABCDE,calibration,3,6,spectral_core,local_partition_rf,0,0.11,0,0.11
5029,2018-02,2017-02,12,0,True,0.0,master,valid_observed_phase_at_origin,ABCDE,calibration,3,6,spectral_core,local_partition_rf,0,0.1,0,0.17
5030,2018-02,2017-02,12,1,True,0.0,master,valid_observed_phase_at_origin,ABCDE,calibration,3,6,spectral_core,local_partition_rf,0,0.11,0,0.13
5031,2018-02,2017-02,12,0,True,0.0,master,valid_observed_phase_at_origin,ABCDE,calibration,3,6,spectral_core,local_partition_rf,0,0.11,0,0.12
5032,2018-02,2017-02,12,0,True,0.0,master,valid_observed_phase_at_origin,ABCDE,calibration,3,6,spectral_core,local_partition_rf,0,0.16,0,0.21
5033,2018-02,2017-02,12,1,True,1.0,master,valid_observed_phase_at_origin,ABCDE,calibration,3,6,spectral_core,local_partition_rf,0,0.12,0,0.26
5034,2018-02,2017-02,12,1,True,0.0,master,valid_observed_phase_at_origin,ABCDE,calibration,3,6,spectral_core,local_partition_rf,0,0.17,0,0.18
5035,2018-02,2017-02,12,1,True,0.0,master,valid_observed_phase_at_origin,ABCDE,calibration,3,6,spectral_core,local_partition_rf,0,0.11,0,0.14
5036,2018-02,2017-02,12,1,True,1.0,master,valid_observed_phase_at_origin,ABCDE,calibration,3,6,spectral_core,local_partition_rf,0,0.13,0,0.23
5037,2018-02,2017-02,12,0,True,1.0,master,valid_observed_phase_at_origin,ABCDE,calibration,3,6,spectral_core,local_partition_rf,0,0.14,0,0.27
5038,2018-02,2017-02,12,0,True,1.0,master,valid_observed_phase_at_origin,ABCDE,calibration,3,6,spectral_core,local_partition_rf,0,0.13,0,0.31
5039,2018-02,2017-02,12,0,True,0.0,master,valid_observed_phase_at_origin,ABCDE,calibration,3,6,spectral_core,local_partition_rf,0,0.05,0,0.16
5040,2018-02,2017-02,12,1,True,0.0,master,valid_observed_phase_at_origin,ABCDE,calibration,3,6,spectral_core,local_partition_rf,0,0.11,0,0.23
5041,2018-02,2017-02,12,0,True,1.0,master,valid_observed_phase_at_origin,ABCDE,calibration,3,6,spectral_core,local_partition_rf,0,0.19,0,0.24
5042,2018-02,2017-02,12,0,True,1.0,master,valid_observed_phase_at_origin,ABCDE,calibration,3,6,spectral_core,local_partition_rf,0,0.19,0,0.34
5043,2018-02,2017-02,12,0,True,0.0,master,valid_observed_phase_at_origin,ABCDE,calibration,3,6,spectral_core,local_partition_rf,0,0.15,0,0.19
5044,2018-02,2017-02,12,0,True,0.0,master,valid_observed_phase_at_origin,ABCDE,calibration,3,6,spectral_core,local_partition_rf,0,0.15,0,0.19
5045,2018-02,2017-02,12,1,True,1.0,master,valid_observed_phase_at_origin,ABCDE,calibration,3,6,spectral_core,local_partition_rf,0,0.17,0,0.27
5046,2018-02,2017-02,12,0,True,1.0,master,valid_observed_phase_at_origin,ABCDE,calibration,3,6,spectral_core,local_partition_rf,0,0.13,0,0.26
5047,2018-02,2017-02,12,1,True,1.0,master,valid_observed_phase_at_origin,ABCDE,calibration,3,6,spectral_core,local_partition_rf,0,0.11,0,0.21
5048,2018-02,2017-02,12,0,True,0.0,master,valid_observed_phase_at_origin,ABCDE,calibration,3,6,spectral_core,local_partition_rf,0,0.05,0,0.1
5049,2018-02,2017-02,12,1,True,1.0,master,valid_observed_phase_at_origin,ABCDE,calibration,3,6,spectral_core,local_partition_rf,0,0.1,0,0.25
5050,2018-02,2017-02,12,1,True,0.0,master,valid_observed_phase_at_origin,ABCDE,calibration,3,6,spectral_core,local_partition_rf,0,0.11,0,0.16
5051,2018-02,2017-02,12,0,True,0.0,master,valid_observed_phase_at_origin,ABCDE,calibration,3,6,spectral_core,local_partition_rf,0,0.1,0,0.09
5052,2018-02,2017-02,12,1,True,1.0,master,valid_observed_phase_at_origin,ABCDE,calibration,3,6,spectral_core,local_partition_rf,0,0.11,0,0.23
5053,2018-02,2017-02,12,0,True,0.0,master,valid_observed_phase_at_origin,ABCDE,calibration,3,6,spectral_core,local_partition_rf,0,0.1,0,0.16
5054,2018-02,2017-02,12,0,True,0.0,master,valid_observed_phase_at_origin,ABCDE,calibration,3,6,spectral_core,local_partition_rf,0,0.07,0,0.13
5055,2018-02,2017-02,12,0,True,1.0,master,valid_observed_phase_at_origin,ABCDE,calibration,3,6,spectral_core,local_partition_rf,0,0.13,0,0.2
5056,2018-02,2017-02,12,0,True,0.0,master,valid_observed_phase_at_origin,ABCDE,calibration,3,6,spectral_core,local_partition_rf,0,0.13,0,0.18
5057,2018-02,2017-02,12,0,True,0.0,master,valid_observed_phase_at_origin,ABCDE,calibration,3,6,spectral_core,local_partition_rf,0,0.11,0,0.16
5058,2018-02,2017-02,12,1,True,1.0,master,valid_observed_phase_at_origin,ABCDE,calibration,3,6,spectral_core,local_partition_rf,0,0.1,0,0.21
5059,2018-02,2017-02,12,0,True,1.0,master,valid_observed_phase_at_origin,ABCDE,calibration,3,6,spectral_core,local_partition_rf,0,0.1,0,0.21
5060,2018-02,2017-02,12,0,True,1.0,master,valid_observed_phase_at_origin,ABCDE,calibration,3,6,spectral_core,local_partition_rf,0,0.11,0,0.3
5061,2018-02,2017-02,12,0,True,0.0,master,valid_observed_phase_at_origin,ABCDE,calibration,3,6,spectral_core,local_partition_rf,0,0.08,0,0.16
5062,2018-02,2017-02,12,0,True,1.0,master,valid_observed_phase_at_origin,ABCDE,calibration,3,6,spectral_core,local_partition_rf,0,0.12,0,0.16
5063,2018-02,2017-02,12,1,True,1.0,master,valid_observed_phase_at_origin,ABCDE,calibration,3,6,spectral_core,local_partition_rf,0,0.1,0,0.13
5064,2018-02,2017-02,12,0,True,0.0,master,valid_observed_phase_at_origin,ABCDE,calibration,3,6,spectral_core,local_partition_rf,0,0.08,0,0.11
5065,2018-02,2017-02,12,1,True,1.0,master,valid_observed_phase_at_origin,ABCDE,calibration,3,6,spectral_core,local_partition_rf,0,0.13,0,0.2
5066,2018-02,2017-02,12,0,True,0.0,master,valid_observed_phase_at_origin,ABCDE,calibration,3,6,spectral_core,local_partition_rf,0,0.04,0,0.11
5067,2018-02,2017-02,12,0,True,0.0,master,valid_observed_phase_at_origin,ABCDE,calibration,3,6,spectral_core,local_partition_rf,0,0.12,0,0.19
5068,2018-02,2017-02,12,0,True,1.0,master,valid_observed_phase_at_origin,ABCDE,calibration,3,6,spectral_core,local_partition_rf,0,0.12,0,0.26
5069,2018-02,2017-02,12,0,True,0.0,master,valid_observed_phase_at_origin,ABCDE,calibration,3,6,spectral_core,local_partition_rf,0,0.1,0,0.11
5070,2018-02,2017-02,12,0,True,0.0,master,valid_observed_phase_at_origin,ABCDE,calibration,3,6,spectral_core,local_partition_rf,0,0.11,0,0.18
5071,2018-02,2017-02,12,0,True,1.0,master,valid_observed_phase_at_origin,ABCDE,calibration,3,6,spectral_core,local_partition_rf,0,0.13,0,0.27
5072,2018-02,2017-02,12,0,True,0.0,master,valid_observed_phase_at_origin,ABCDE,calibration,3,6,spectral_core,local_partition_rf,0,0.09,0,0.15
5073,2018-02,2017-02,12,0,True,0.0,master,valid_observed_phase_at_origin,ABCDE,calibration,3,6,spectral_core,local_partition_rf,0,0.09,0,0.17
5074,2018-02,2017-02,12,0,True,0.0,master,valid_observed_phase_at_origin,ABCDE,calibration,3,6,spectral_core,local_partition_rf,0,0.09,0,0.17
5075,2018-02,2017-02,12,0,True,1.0,master,valid_observed_phase_at_origin,ABCDE,calibration,3,6,spectral_core,local_partition_rf,0,0.11,0,0.22
5076,2018-02,2017-02,12,0,True,1.0,master,valid_observed_phase_at_origin,ABCDE,calibration,3,6,spectral_core,local_partition_rf,0,0.09,0,0.18
5077,2018-02,2017-02,12,0,True,0.0,master,valid_observed_phase_at_origin,ABCDE,calibration,3,6,spectral_core,local_partition_rf,0,0.1,0,0.14
5078,2018-02,2017-02,12,1,True,0.0,master,valid_observed_phase_at_origin,ABCDE,calibration,3,6,spectral_core,local_partition_rf,0,0.06,0,0.11
5079,2018-02,2017-02,12,0,True,0.0,master,valid_observed_phase_at_origin,ABCDE,calibration,3,6,spectral_core,local_partition_rf,0,0.1,0,0.15
5080,2018-02,2017-02,12,0,True,0.0,master,valid_observed_phase_at_origin,ABCDE,calibration,3,6,spectral_core,local_partition_rf,0,0.05,0,0.08
5081,2018-02,2017-02,12,0,True,0.0,master,valid_observed_phase_at_origin,ABCDE,calibration,3,6,spectral_core,local_partition_rf,0,0.11,0,0.14
5082,2018-02,2017-02,12,1,True,0.0,master,valid_observed_phase_at_origin,ABCDE,calibration,3,6,spectral_core,local_partition_rf,0,0.12,0,0.19
5083,2018-02,2017-02,12,0,True,0.0,master,valid_observed_phase_at_origin,ABCDE,calibration,3,6,spectral_core,local_partition_rf,0,0.07,0,0.15
5084,2018-02,2017-02,12,0,True,0.0,master,valid_observed_phase_at_origin,ABCDE,calibration,3,6,spectral_core,local_partition_rf,0,0.06,0,0.16
5085,2018-02,2017-02,12,0,True,0.0,master,valid_observed_phase_at_origin,ABCDE,calibration,3,6,spectral_core,local_partition_rf,0,0.07,0,0.18
5086,2018-02,2017-02,12,0,True,0.0,master,valid_observed_phase_at_origin,ABCDE,calibration,3,6,spectral_core,local_partition_rf,0,0.07,0,0.11
5087,2018-02,2017-02,12,0,True,0.0,master,valid_observed_phase_at_origin,ABCDE,calibration,3,6,spectral_core,local_partition_rf,0,0.04,0,0.14
5088,2018-02,2017-02,12,0,True,0.0,master,valid_observed_phase_at_origin,ABCDE,calibration,3,6,spectral_core,local_partition_rf,0,0.07,0,0.15
5089,2018-02,2017-02,12,0,True,0.0,master,valid_observed_phase_at_origin,ABCDE,calibration,3,6,spectral_core,local_partition_rf,0,0.04,0,0.1
5090,2018-02,2017-02,12,0,True,0.0,master,valid_observed_phase_at_origin,ABCDE,calibration,3,6,spectral_core,local_partition_rf,0,0.05,0,0.12
5091,2018-02,2017-02,12,0,True,0.0,master,valid_observed_phase_at_origin,ABCDE,calibration,3,6,spectral_core,local_partition_rf,0,0.06,0,0.14
5092,2018-02,2017-02,12,0,True,0.0,master,valid_observed_phase_at_origin,ABCDE,calibration,3,6,spectral_core,local_partition_rf,0,0.07,0,0.15
5093,2018-02,2017-02,12,0,True,0.0,master,valid_observed_phase_at_origin,ABCDE,calibration,3,6,spectral_core,local_partition_rf,0,0.06,0,0.13
5094,2018-02,2017-02,12,0,True,0.0,master,valid_observed_phase_at_origin,ABCDE,calibration,3,6,spectral_core,local_partition_rf,0,0.02,0,0.08
5095,2018-02,2017-02,12,1,True,0.0,master,valid_observed_phase_at_origin,ABCDE,calibration,3,6,spectral_core,local_partition_rf,0,0.06,0,0.16
5096,2018-02,2017-02,12,1,True,0.0,master,valid_observed_phase_at_origin,ABCDE,calibration,3,6,spectral_core,local_partition_rf,0,0.06,0,0.18
5097,2018-02,2017-02,12,0,True,0.0,master,valid_observed_phase_at_origin,ABCDE,calibration,3,6,spectral_core,local_partition_rf,0,0.07,0,0.15
5098,2018-02,2017-02,12,1,True,0.0,master,valid_observed_phase_at_origin,ABCDE,calibration,3,6,spectral_core,local_partition_rf,0,0.06,0,0.17
5099,2018-02,2017-02,12,0,True,0.0,master,valid_observed_phase_at_origin,ABCDE,calibration,3,6,spectral_core,local_partition_rf,0,0.03,0,0.17
5100,2018-02,2017-02,12,0,True,0.0,master,valid_observed_phase_at_origin,ABCDE,calibration,3,6,spectral_core,local_partition_rf,0,0.04,0,0.17
5101,2018-02,2017-02,12,1,True,0.0,master,valid_observed_phase_at_origin,ABCDE,calibration,3,6,spectral_core,local_partition_rf,0,0.03,0,0.16
5102,2018-02,2017-02,12,0,True,1.0,master,valid_observed_phase_at_origin,ABCDE,calibration,3,6,spectral_core,local_partition_rf,0,0.07,0,0.26
5103,2018-02,2017-02,12,0,True,1.0,master,valid_observed_phase_at_origin,ABCDE,calibration,3,6,spectral_core,local_partition_rf,0,0.09,0,0.28
5104,2018-02,2017-02,12,0,True,0.0,master,valid_observed_phase_at_origin,ABCDE,calibration,3,6,spectral_core,local_partition_rf,0,0.1,0,0.1
5105,2018-02,2017-02,12,0,True,0.0,master,valid_observed_phase_at_origin,ABCDE,calibration,3,6,spectral_core,local_partition_rf,0,0.04,0,0.15
5106,2018-02,2017-02,12,1,True,0.0,master,valid_observed_phase_at_origin,ABCDE,calibration,3,6,spectral_core,local_partition_rf,0,0.05,0,0.15
5107,2018-02,2017-02,12,0,True,0.0,master,valid_observed_phase_at_origin,ABCDE,calibration,3,6,spectral_core,local_partition_rf,0,0.05,0,0.14
5108,2018-02,2017-02,12,1,True,1.0,master,valid_observed_phase_at_origin,ABCDE,calibration,3,6,spectral_core,local_partition_rf,0,0.1,0,0.22
5109,2018-02,2017-02,12,1,True,1.0,master,valid_observed_phase_at_origin,ABCDE,calibration,3,6,spectral_core,local_partition_rf,0,0.1,0,0.24
5110,2018-02,2017-02,12,1,True,1.0,master,valid_observed_phase_at_origin,ABCDE,calibration,3,6,spectral_core,local_partition_rf,0,0.09,0,0.24
5111,2018-02,2017-02,12,0,True,0.0,master,valid_observed_phase_at_origin,ABCDE,calibration,3,6,spectral_core,local_partition_rf,0,0.07,0,0.09
5112,2018-02,2017-02,12,0,True,1.0,master,valid_observed_phase_at_origin,ABCDE,calibration,3,6,spectral_core,local_partition_rf,0,0.08,0,0.25
5113,2018-02,2017-02,12,0,True,0.0,master,valid_observed_phase_at_origin,ABCDE,calibration,3,6,spectral_core,local_partition_rf,0,0.06,0,0.08
5114,2018-02,2017-02,12,0,True,0.0,master,valid_observed_phase_at_origin,ABCDE,calibration,3,6,spectral_core,local_partition_rf,0,0.1,0,0.12
5115,2018-02,2017-02,12,1,True,1.0,master,valid_observed_phase_at_origin,ABCDE,calibration,3,6,spectral_core,local_partition_rf,0,0.08,0,0.25
5116,2018-02,2017-02,12,0,True,0.0,master,valid_observed_phase_at_origin,ABCDE,calibration,3,6,spectral_core,local_partition_rf,0,0.06,0,0.12
5117,2018-02,2017-02,12,0,True,0.0,master,valid_observed_phase_at_origin,ABCDE,calibration,3,6,spectral_core,local_partition_rf,0,0.06,0,0.13
5118,2018-02,2017-02,12,0,True,0.0,master,valid_observed_phase_at_origin,ABCDE,calibration,3,6,spectral_core,local_partition_rf,0,0.08,0,0.13
5119,2018-02,2017-02,12,0,True,0.0,master,valid_observed_phase_at_origin,ABCDE,calibration,3,6,spectral_core,local_partition_rf,0,0.05,0,0.12
5120,2018-02,2017-02,12,0,True,0.0,master,valid_observed_phase_at_origin,ABCDE,calibration,3,6,spectral_core,local_partition_rf,0,0.06,0,0.15
5121,2018-02,2017-02,12,0,True,0.0,master,valid_observed_phase_at_origin,ABCDE,calibration,3,6,spectral_core,local_partition_rf,0,0.06,0,0.13
5122,2018-02,2017-02,12,1,True,0.0,master,valid_observed_phase_at_origin,ABCDE,calibration,3,6,spectral_core,local_partition_rf,0,0.04,0,0.14
5123,2018-02,2017-02,12,0,True,0.0,master,valid_observed_phase_at_origin,ABCDE,calibration,3,6,spectral_core,local_partition_rf,0,0.12,0,0.14
5124,2018-02,2017-02,12,0,True,0.0,master,valid_observed_phase_at_origin,ABCDE,calibration,3,6,spectral_core,local_partition_rf,0,0.07,0,0.14
5125,2018-02,2017-02,12,0,True,0.0,master,valid_observed_phase_at_origin,ABCDE,calibration,3,6,spectral_core,local_partition_rf,0,0.06,0,0.13
5126,2018-02,2017-02,12,1,True,0.0,master,valid_observed_phase_at_origin,ABCDE,calibration,3,6,spectral_core,local_partition_rf,0,0.09,0,0.12
5127,2018-02,2017-02,12,0,True,0.0,master,valid_observed_phase_at_origin,ABCDE,calibration,3,6,spectral_core,local_partition_rf,0,0.06,0,0.1
5128,2018-02,2017-02,12,0,True,0.0,master,valid_observed_phase_at_origin,ABCDE,calibration,3,6,spectral_core,local_partition_rf,0,0.07,0,0.15
5129,2018-02,2017-02,12,0,True,0.0,master,valid_observed_phase_at_origin,ABCDE,calibration,3,6,spectral_core,local_partition_rf,0,0.06,0,0.15
5130,2018-02,2017-02,12,0,True,0.0,master,valid_observed_phase_at_origin,ABCDE,calibration,3,6,spectral_core,local_partition_rf,0,0.06,0,0.14
5131,2018-02,2017-02,12,0,True,0.0,master,valid_observed_phase_at_origin,ABCDE,calibration,3,6,spectral_core,local_partition_rf,0,0.06,0,0.13
5132,2018-02,2017-02,12,0,True,0.0,master,valid_observed_phase_at_origin,ABCDE,calibration,3,6,spectral_core,local_partition_rf,0,0.05,0,0.13
5133,2018-02,2017-02,12,0,True,0.0,master,valid_observed_phase_at_origin,ABCDE,calibration,3,6,spectral_core,local_partition_rf,0,0.04,0,0.1
5134,2018-02,2017-02,12,1,True,0.0,master,valid_observed_phase_at_origin,ABCDE,calibration,3,6,spectral_core,local_partition_rf,0,0.07,0,0.14
5135,2018-02,2017-02,12,1,True,0.0,master,valid_observed_phase_at_origin,ABCDE,calibration,3,6,spectral_core,local_partition_rf,0,0.06,0,0.14
5136,2018-02,2017-02,12,0,True,0.0,master,valid_observed_phase_at_origin,ABCDE,calibration,3,6,spectral_core,local_partition_rf,0,0.06,0,0.14
5137,2018-02,2017-02,12,0,True,0.0,master,valid_observed_phase_at_origin,ABCDE,calibration,3,6,spectral_core,local_partition_rf,0,0.08,0,0.11
5138,2018-02,2017-02,12,0,True,0.0,master,valid_observed_phase_at_origin,ABCDE,calibration,3,6,spectral_core,local_partition_rf,0,0.09,0,0.14
5139,2018-02,2017-02,12,0,True,1.0,master,valid_observed_phase_at_origin,ABCDE,calibration,3,6,spectral_core,local_partition_rf,0,0.07,0,0.29
5140,2018-02,2017-02,12,0,True,1.0,master,valid_observed_phase_at_origin,ABCDE,calibration,3,6,spectral_core,local_partition_rf,0,0.05,0,0.3
5141,2018-02,2017-02,12,0,True,0.0,master,valid_observed_phase_at_origin,ABCDE,calibration,3,6,spectral_core,local_partition_rf,0,0.05,0,0.18
5142,2018-02,2017-02,12,0,True,0.0,master,valid_observed_phase_at_origin,ABCDE,calibration,3,6,spectral_core,local_partition_rf,0,0.07,0,0.12
5143,2018-02,2017-02,12,0,True,0.0,master,valid_observed_phase_at_origin,ABCDE,calibration,3,6,spectral_core,local_partition_rf,0,0.1,0,0.19
5144,2018-02,2017-02,12,0,True,0.0,master,valid_observed_phase_at_origin,ABCDE,calibration,3,6,spectral_core,local_partition_rf,0,0.08,0,0.18
5145,2018-02,2017-02,12,0,True,0.0,master,valid_observed_phase_at_origin,ABCDE,calibration,3,6,spectral_core,local_partition_rf,0,0.09,0,0.1
5146,2018-02,2017-02,12,0,True,0.0,master,valid_observed_phase_at_origin,ABCDE,calibration,3,6,spectral_core,local_partition_rf,0,0.1,0,0.18
5147,2018-02,2017-02,12,0,True,1.0,master,valid_observed_phase_at_origin,ABCDE,calibration,3,6,spectral_core,local_partition_rf,0,0.09,0,0.29
5148,2018-02,2017-02,12,0,True,0.0,master,valid_observed_phase_at_origin,ABCDE,calibration,3,6,spectral_core,local_partition_rf,0,0.09,0,0.18
5149,2018-02,2017-02,12,1,True,1.0,master,valid_observed_phase_at_origin,ABCDE,calibration,3,11,spectral_core,local_partition_rf,0,0.12,0,0.33
5150,2018-02,2017-02,12,1,True,1.0,master,valid_observed_phase_at_origin,ABCDE,calibration,3,6,spectral_core,local_partition_rf,0,0.11,0,0.31
5151,2018-02,2017-02,12,0,True,1.0,master,valid_observed_phase_at_origin,ABCDE,calibration,3,6,spectral_core,local_partition_rf,0,0.12,0,0.28
5152,2018-02,2017-02,12,0,True,1.0,master,valid_observed_phase_at_origin,ABCDE,calibration,3,6,spectral_core,local_partition_rf,0,0.11,0,0.3
5153,2018-02,2017-02,12,0,True,1.0,master,valid_observed_phase_at_origin,ABCDE,calibration,3,6,spectral_core,local_partition_rf,0,0.11,0,0.31
5154,2018-02,2017-02,12,0,True,0.0,master,valid_observed_phase_at_origin,ABCDE,calibration,3,6,spectral_core,local_partition_rf,0,0.12,0,0.19
5155,2018-02,2017-02,12,0,True,0.0,master,valid_observed_phase_at_origin,ABCDE,calibration,3,6,spectral_core,local_partition_rf,0,0.07,0,0.13
5156,2018-02,2017-02,12,0,True,1.0,master,valid_observed_phase_at_origin,ABCDE,calibration,3,6,spectral_core,local_partition_rf,0,0.05,0,0.28
5157,2018-02,2017-02,12,0,True,0.0,master,valid_observed_phase_at_origin,ABCDE,calibration,3,6,spectral_core,local_partition_rf,0,0.05,0,0.18
5158,2018-02,2017-02,12,1,True,1.0,master,valid_observed_phase_at_origin,ABCDE,calibration,3,6,spectral_core,local_partition_rf,0,0.1,0,0.33
5159,2018-02,2017-02,12,0,True,0.0,master,valid_observed_phase_at_origin,ABCDE,calibration,3,6,spectral_core,local_partition_rf,0,0.08,0,0.12
5160,2018-02,2017-02,12,0,True,1.0,master,valid_observed_phase_at_origin,ABCDE,calibration,3,6,spectral_core,local_partition_rf,0,0.14,0,0.32
5161,2018-02,2017-02,12,0,True,0.0,master,valid_observed_phase_at_origin,ABCDE,calibration,3,6,spectral_core,local_partition_rf,0,0.11,0,0.18
5162,2018-02,2017-02,12,1,True,1.0,master,valid_observed_phase_at_origin,ABCDE,calibration,3,6,spectral_core,local_partition_rf,0,0.14,0,0.2
5163,2018-02,2017-02,12,0,True,0.0,master,valid_observed_phase_at_origin,ABCDE,calibration,3,6,spectral_core,local_partition_rf,0,0.11,0,0.11
5164,2018-02,2017-02,12,1,True,1.0,master,valid_observed_phase_at_origin,ABCDE,calibration,3,6,spectral_core,local_partition_rf,0,0.12,0,0.22
5165,2018-02,2017-02,12,0,True,1.0,master,valid_observed_phase_at_origin,ABCDE,calibration,3,6,spectral_core,local_partition_rf,0,0.13,0,0.27
5166,2018-02,2017-02,12,0,True,1.0,master,valid_observed_phase_at_origin,ABCDE,calibration,3,6,spectral_core,local_partition_rf,0,0.11,0,0.21
5167,2018-02,2017-02,12,0,True,1.0,master,valid_observed_phase_at_origin,ABCDE,calibration,3,6,spectral_core,local_partition_rf,0,0.14,0,0.34
5168,2018-02,2017-02,12,0,True,1.0,master,valid_observed_phase_at_origin,ABCDE,calibration,3,6,spectral_core,local_partition_rf,0,0.12,0,0.23
5169,2018-02,2017-02,12,1,True,1.0,master,valid_observed_phase_at_origin,ABCDE,calibration,3,6,spectral_core,local_partition_rf,0,0.12,0,0.19
5170,2018-02,2017-02,12,0,True,1.0,master,valid_observed_phase_at_origin,ABCDE,calibration,3,6,spectral_core,local_partition_rf,0,0.11,0,0.22
5171,2018-02,2017-02,12,0,True,1.0,master,valid_observed_phase_at_origin,ABCDE,calibration,3,6,spectral_core,local_partition_rf,0,0.13,0,0.32
5172,2018-02,2017-02,12,1,True,1.0,master,valid_observed_phase_at_origin,ABCDE,calibration,3,6,spectral_core,local_partition_rf,0,0.14,0,0.2
5173,2018-02,2017-02,12,0,True,1.0,master,valid_observed_phase_at_origin,ABCDE,calibration,3,6,spectral_core,local_partition_rf,0,0.13,0,0.24
5174,2018-02,2017-02,12,1,True,1.0,master,valid_observed_phase_at_origin,ABCDE,calibration,3,6,spectral_core,local_partition_rf,0,0.17,0,0.22
5175,2018-02,2017-02,12,1,True,1.0,master,valid_observed_phase_at_origin,ABCDE,calibration,3,6,spectral_core,local_partition_rf,0,0.14,0,0.3
5176,2018-02,2017-02,12,0,True,0.0,master,valid_observed_phase_at_origin,ABCDE,calibration,3,6,spectral_core,local_partition_rf,0,0.12,0,0.15
5177,2018-02,2017-02,12,0,True,0.0,master,valid_observed_phase_at_origin,ABCDE,calibration,3,6,spectral_core,local_partition_rf,0,0.05,0,0.09
5178,2018-02,2017-02,12,0,True,1.0,master,valid_observed_phase_at_origin,ABCDE,calibration,3,6,spectral_core,local_partition_rf,0,0.08,0,0.18
5179,2018-02,2017-02,12,1,True,0.0,master,valid_observed_phase_at_origin,ABCDE,calibration,3,6,spectral_core,local_partition_rf,0,0.08,0,0.1
5180,2018-02,2017-02,12,0,True,1.0,master,valid_observed_phase_at_origin,ABCDE,calibration,3,6,spectral_core,local_partition_rf,0,0.06,0,0.2
5181,2018-02,2017-02,12,0,True,0.0,master,valid_observed_phase_at_origin,ABCDE,calibration,3,6,spectral_core,local_partition_rf,0,0.05,0,0.19
5182,2018-02,2017-02,12,0,True,0.0,master,valid_observed_phase_at_origin,ABCDE,calibration,3,6,spectral_core,local_partition_rf,0,0.07,0,0.1
5183,2018-02,2017-02,12,1,True,0.0,master,valid_observed_phase_at_origin,ABCDE,calibration,3,6,spectral_core,local_partition_rf,0,0.1,0,0.14
5184,2018-02,2017-02,12,0,True,0.0,master,valid_observed_phase_at_origin,ABCDE,calibration,3,6,spectral_core,local_partition_rf,0,0.08,0,0.18
5185,2018-02,2017-02,12,0,True,0.0,master,valid_observed_phase_at_origin,ABCDE,calibration,3,6,spectral_core,local_partition_rf,0,0.05,0,0.13
5186,2018-02,2017-02,12,0,True,0.0,master,valid_observed_phase_at_origin,ABCDE,calibration,3,6,spectral_core,local_partition_rf,0,0.08,0,0.15
5187,2018-02,2017-02,12,0,True,0.0,master,valid_observed_phase_at_origin,ABCDE,calibration,3,6,spectral_core,local_partition_rf,0,0.07,0,0.15
5188,2018-02,2017-02,12,0,True,0.0,master,valid_observed_phase_at_origin,ABCDE,calibration,3,6,spectral_core,local_partition_rf,0,0.06,0,0.16
5189,2018-02,2017-02,12,0,True,0.0,master,valid_observed_phase_at_origin,ABCDE,calibration,3,6,spectral_core,local_partition_rf,0,0.11,0,0.2
5190,2018-02,2017-02,12,0,True,0.0,master,valid_observed_phase_at_origin,ABCDE,calibration,3,6,spectral_core,local_partition_rf,0,0.06,0,0.19
5191,2018-02,2017-02,12,0,True,0.0,master,valid_observed_phase_at_origin,ABCDE,calibration,3,6,spectral_core,local_partition_rf,0,0.06,0,0.14
5192,2018-02,2017-02,12,0,True,0.0,master,valid_observed_phase_at_origin,ABCDE,calibration,3,6,spectral_core,local_partition_rf,0,0.06,0,0.15
5193,2018-02,2017-02,12,0,True,0.0,master,valid_observed_phase_at_origin,ABCDE,calibration,3,6,spectral_core,local_partition_rf,0,0.08,0,0.16
5194,2018-02,2017-02,12,0,True,0.0,master,valid_observed_phase_at_origin,ABCDE,calibration,3,6,spectral_core,local_partition_rf,0,0.05,0,0.17
5195,2018-02,2017-02,12,0,True,0.0,master,valid_observed_phase_at_origin,ABCDE,calibration,3,6,spectral_core,local_partition_rf,0,0.1,0,0.15
5196,2018-02,2017-02,12,0,True,1.0,master,valid_observed_phase_at_origin,ABCDE,calibration,3,6,spectral_core,local_partition_rf,0,0.09,0,0.24
5197,2018-02,2017-02,12,0,True,1.0,master,valid_observed_phase_at_origin,ABCDE,calibration,3,6,spectral_core,local_partition_rf,0,0.1,0,0.22
5198,2018-02,2017-02,12,0,True,1.0,master,valid_observed_phase_at_origin,ABCDE,calibration,3,6,spectral_core,local_partition_rf,0,0.12,0,0.24
5199,2018-02,2017-02,12,0,True,0.0,master,valid_observed_phase_at_origin,ABCDE,calibration,3,6,spectral_core,local_partition_rf,0,0.13,0,0.13
5200,2018-02,2017-02,12,0,True,0.0,master,valid_observed_phase_at_origin,ABCDE,calibration,3,6,spectral_core,local_partition_rf,0,0.09,0,0.15
5201,2018-02,2017-02,12,0,True,0.0,master,valid_observed_phase_at_origin,ABCDE,calibration,3,6,spectral_core,local_partition_rf,0,0.1,0,0.14
5202,2018-02,2017-02,12,0,True,0.0,master,valid_observed_phase_at_origin,ABCDE,calibration,3,6,spectral_core,local_partition_rf,0,0.06,0,0.14
5203,2018-02,2017-02,12,0,True,0.0,master,valid_observed_phase_at_origin,ABCDE,calibration,3,6,spectral_core,local_partition_rf,0,0.08,0,0.16
5204,2018-02,2017-02,12,1,True,1.0,master,valid_observed_phase_at_origin,ABCDE,calibration,3,6,spectral_core,local_partition_rf,0,0.09,0,0.24
5205,2018-02,2017-02,12,0,True,0.0,master,valid_observed_phase_at_origin,ABCDE,calibration,3,6,spectral_core,local_partition_rf,0,0.07,0,0.1
5206,2018-02,2017-02,12,0,True,0.0,master,valid_observed_phase_at_origin,ABCDE,calibration,3,6,spectral_core,local_partition_rf,0,0.05,0,0.12
5207,2018-02,2017-02,12,0,True,0.0,master,valid_observed_phase_at_origin,ABCDE,calibration,3,6,spectral_core,local_partition_rf,0,0.08,0,0.13
5208,2018-02,2017-02,12,0,True,0.0,master,valid_observed_phase_at_origin,ABCDE,calibration,3,6,spectral_core,local_partition_rf,0,0.12,0,0.13
5209,2018-02,2017-02,12,0,True,0.0,master,valid_observed_phase_at_origin,ABCDE,calibration,3,6,spectral_core,local_partition_rf,0,0.1,0,0.18
5210,2018-02,2017-02,12,1,True,1.0,master,valid_observed_phase_at_origin,ABCDE,calibration,3,6,spectral_core,local_partition_rf,0,0.1,0,0.26
5211,2018-02,2017-02,12,1,True,1.0,master,valid_observed_phase_at_origin,ABCDE,calibration,3,6,spectral_core,local_partition_rf,0,0.1,0,0.24
5212,2018-02,2017-02,12,0,True,0.0,master,valid_observed_phase_at_origin,ABCDE,calibration,3,6,spectral_core,local_partition_rf,0,0.04,0,0.13
5213,2018-02,2017-02,12,0,True,0.0,master,valid_observed_phase_at_origin,ABCDE,calibration,3,6,spectral_core,local_partition_rf,0,0.09,0,0.11
5214,2018-02,2017-02,12,1,True,1.0,master,valid_observed_phase_at_origin,ABCDE,calibration,3,6,spectral_core,local_partition_rf,0,0.12,0,0.2
5215,2018-02,2017-02,12,0,True,0.0,master,valid_observed_phase_at_origin,ABCDE,calibration,3,6,spectral_core,local_partition_rf,0,0.06,0,0.11
5216,2018-02,2017-02,12,1,True,0.0,master,valid_observed_phase_at_origin,ABCDE,calibration,3,6,spectral_core,local_partition_rf,0,0.07,0,0.15
5217,2018-02,2017-02,12,0,True,0.0,master,valid_observed_phase_at_origin,ABCDE,calibration,3,6,spectral_core,local_partition_rf,0,0.07,0,0.15
5218,2018-02,2017-02,12,0,True,0.0,master,valid_observed_phase_at_origin,ABCDE,calibration,3,6,spectral_core,local_partition_rf,0,0.09,0,0.19
5219,2018-02,2017-02,12,1,True,1.0,master,valid_observed_phase_at_origin,ABCDE,calibration,3,6,spectral_core,local_partition_rf,0,0.14,0,0.24
5220,2018-02,2017-02,12,0,True,0.0,master,valid_observed_phase_at_origin,ABCDE,calibration,3,4,spectral_core,pooled_partition_below_support_gate,0,0.06,0,0.06
5221,2018-02,2017-02,12,0,True,0.0,master,valid_observed_phase_at_origin,ABCDE,calibration,3,4,spectral_core,pooled_partition_below_support_gate,0,0.03,0,0.03
5222,2018-02,2017-02,12,0,True,0.0,master,valid_observed_phase_at_origin,ABCDE,calibration,3,4,spectral_core,pooled_partition_below_support_gate,0,0.05,0,0.05
5223,2018-02,2017-02,12,0,True,0.0,master,valid_observed_phase_at_origin,ABCDE,calibration,3,4,spectral_core,pooled_partition_below_support_gate,0,0.01,0,0.01
5224,2018-02,2017-02,12,0,True,0.0,master,valid_observed_phase_at_origin,ABCDE,calibration,3,4,spectral_core,pooled_partition_below_support_gate,0,0.03,0,0.03
5225,2018-02,2017-02,12,0,True,0.0,master,valid_observed_phase_at_origin,ABCDE,calibration,3,4,spectral_core,pooled_partition_below_support_gate,0,0.05,0,0.05
5226,2018-02,2017-02,12,0,True,0.0,master,valid_observed_phase_at_origin,ABCDE,calibration,3,4,spectral_core,pooled_partition_below_support_gate,0,0.06,0,0.06
5227,2018-02,2017-02,12,0,True,0.0,master,valid_observed_phase_at_origin,ABCDE,calibration,3,4,spectral_core,pooled_partition_below_support_gate,0,0.08,0,0.08
5228,2018-02,2017-02,12,0,True,0.0,master,valid_observed_phase_at_origin,ABCDE,calibration,3,4,spectral_core,pooled_partition_below_support_gate,0,0.06,0,0.06
5229,2018-02,2017-02,12,0,True,0.0,master,valid_observed_phase_at_origin,ABCDE,calibration,3,4,spectral_core,pooled_partition_below_support_gate,0,0.03,0,0.03
5230,2018-02,2017-02,12,0,True,0.0,master,valid_observed_phase_at_origin,ABCDE,calibration,3,7,spectral_core,local_partition_rf,0,0.09,0,0.06
5231,2018-02,2017-02,12,0,True,0.0,master,valid_observed_phase_at_origin,ABCDE,calibration,3,4,spectral_core,pooled_partition_below_support_gate,0,0.05,0,0.05
5232,2018-02,2017-02,12,0,True,0.0,master,valid_observed_phase_at_origin,ABCDE,calibration,3,4,spectral_core,pooled_partition_below_support_gate,0,0.04,0,0.04
5233,2018-02,2017-02,12,0,True,0.0,master,valid_observed_phase_at_origin,ABCDE,calibration,3,4,spectral_core,pooled_partition_below_support_gate,0,0.07,0,0.07
5234,2018-02,2017-02,12,0,True,0.0,master,valid_observed_phase_at_origin,ABCDE,calibration,3,4,spectral_core,pooled_partition_below_support_gate,0,0.05,0,0.05
5235,2018-02,2017-02,12,0,True,0.0,master,valid_observed_phase_at_origin,ABCDE,calibration,3,4,spectral_core,pooled_partition_below_support_gate,0,0.07,0,0.07
5236,2018-02,2017-02,12,0,True,0.0,master,valid_observed_phase_at_origin,ABCDE,calibration,3,4,spectral_core,pooled_partition_below_support_gate,0,0.04,0,0.04
5237,2018-02,2017-02,12,0,True,0.0,master,valid_observed_phase_at_origin,ABCDE,calibration,3,4,spectral_core,pooled_partition_below_support_gate,0,0.02,0,0.02
5238,2018-02,2017-02,12,0,True,0.0,master,valid_observed_phase_at_origin,ABCDE,calibration,3,4,spectral_core,pooled_partition_below_support_gate,0,0.05,0,0.05
5239,2018-02,2017-02,12,0,True,0.0,master,valid_observed_phase_at_origin,ABCDE,calibration,3,4,spectral_core,pooled_partition_below_support_gate,0,0.01,0,0.01
5240,2018-02,2017-02,12,0,True,0.0,master,valid_observed_phase_at_origin,ABCDE,calibration,3,4,spectral_core,pooled_partition_below_support_gate,0,0.03,0,0.03
5241,2018-02,2017-02,12,0,True,0.0,master,valid_observed_phase_at_origin,ABCDE,calibration,3,4,spectral_core,pooled_partition_below_support_gate,0,0.07,0,0.07
5242,2018-02,2017-02,12,0,True,0.0,master,valid_observed_phase_at_origin,ABCDE,calibration,3,4,spectral_core,pooled_partition_below_support_gate,0,0.05,0,0.05
5243,2018-02,2017-02,12,0,True,0.0,master,valid_observed_phase_at_origin,ABCDE,calibration,3,4,spectral_core,pooled_partition_below_support_gate,0,0.04,0,0.04
5244,2018-02,2017-02,12,0,True,0.0,master,valid_observed_phase_at_origin,ABCDE,calibration,3,4,spectral_core,pooled_partition_below_support_gate,0,0.06,0,0.06
5245,2018-02,2017-02,12,0,True,0.0,master,valid_observed_phase_at_origin,ABCDE,calibration,3,4,spectral_core,pooled_partition_below_support_gate,0,0.05,0,0.05
5246,2018-02,2017-02,12,0,True,0.0,master,valid_observed_phase_at_origin,ABCDE,calibration,3,4,spectral_core,pooled_partition_below_support_gate,0,0.06,0,0.06
5247,2018-02,2017-02,12,0,True,0.0,master,valid_observed_phase_at_origin,ABCDE,calibration,3,4,spectral_core,pooled_partition_below_support_gate,0,0.09,0,0.09
5248,2018-02,2017-02,12,0,True,0.0,master,valid_observed_phase_at_origin,ABCDE,calibration,3,4,spectral_core,pooled_partition_below_support_gate,0,0.06,0,0.06
5249,2018-02,2017-02,12,0,True,0.0,master,valid_observed_phase_at_origin,ABCDE,calibration,3,4,spectral_core,pooled_partition_below_support_gate,0,0.02,0,0.02
5250,2018-02,2017-02,12,0,True,0.0,master,valid_observed_phase_at_origin,ABCDE,calibration,3,4,spectral_core,pooled_partition_below_support_gate,0,0.04,0,0.04
5251,2018-02,2017-02,12,0,True,0.0,master,valid_observed_phase_at_origin,ABCDE,calibration,3,4,spectral_core,pooled_partition_below_support_gate,0,0.05,0,0.05
5252,2018-02,2017-02,12,0,True,0.0,master,valid_observed_phase_at_origin,ABCDE,calibration,3,4,spectral_core,pooled_partition_below_support_gate,0,0.06,0,0.06
5253,2018-02,2017-02,12,0,True,0.0,master,valid_observed_phase_at_origin,ABCDE,calibration,3,4,spectral_core,pooled_partition_below_support_gate,0,0.03,0,0.03
5254,2018-02,2017-02,12,0,True,0.0,master,valid_observed_phase_at_origin,ABCDE,calibration,3,4,spectral_core,pooled_partition_below_support_gate,0,0.01,0,0.01
5255,2018-02,2017-02,12,0,True,0.0,master,valid_observed_phase_at_origin,ABCDE,calibration,3,4,spectral_core,pooled_partition_below_support_gate,0,0.06,0,0.06
5256,2018-02,2017-02,12,0,True,0.0,master,valid_observed_phase_at_origin,ABCDE,calibration,3,4,spectral_core,pooled_partition_below_support_gate,0,0.03,0,0.03
5257,2018-02,2017-02,12,0,True,0.0,master,valid_observed_phase_at_origin,ABCDE,calibration,3,4,spectral_core,pooled_partition_below_support_gate,0,0.04,0,0.04
5258,2018-02,2017-02,12,0,True,0.0,master,valid_observed_phase_at_origin,ABCDE,calibration,3,4,spectral_core,pooled_partition_below_support_gate,0,0.04,0,0.04
5259,2018-02,2017-02,12,0,True,0.0,master,valid_observed_phase_at_origin,ABCDE,calibration,3,4,spectral_core,pooled_partition_below_support_gate,0,0.05,0,0.05
5260,2018-02,2017-02,12,0,True,0.0,master,valid_observed_phase_at_origin,ABCDE,calibration,3,4,spectral_core,pooled_partition_below_support_gate,0,0.05,0,0.05
5261,2018-02,2017-02,12,0,True,0.0,master,valid_observed_phase_at_origin,ABCDE,calibration,3,4,spectral_core,pooled_partition_below_support_gate,0,0.07,0,0.07
5262,2018-02,2017-02,12,0,True,0.0,master,valid_observed_phase_at_origin,ABCDE,calibration,3,4,spectral_core,pooled_partition_below_support_gate,0,0.04,0,0.04
5263,2018-02,2017-02,12,0,True,0.0,master,valid_observed_phase_at_origin,ABCDE,calibration,3,4,spectral_core,pooled_partition_below_support_gate,0,0.09,0,0.09
5264,2018-02,2017-02,12,0,True,0.0,master,valid_observed_phase_at_origin,ABCDE,calibration,3,4,spectral_core,pooled_partition_below_support_gate,0,0.04,0,0.04
5265,2018-02,2017-02,12,0,True,0.0,master,valid_observed_phase_at_origin,ABCDE,calibration,3,4,spectral_core,pooled_partition_below_support_gate,0,0.07,0,0.07
5266,2018-02,2017-02,12,0,True,0.0,master,valid_observed_phase_at_origin,ABCDE,calibration,3,4,spectral_core,pooled_partition_below_support_gate,0,0.04,0,0.04
5267,2018-02,2017-02,12,0,True,0.0,master,valid_observed_phase_at_origin,ABCDE,calibration,3,4,spectral_core,pooled_partition_below_support_gate,0,0.11,0,0.11
5268,2018-02,2017-02,12,0,True,0.0,master,valid_observed_phase_at_origin,ABCDE,calibration,3,4,spectral_core,pooled_partition_below_support_gate,0,0.05,0,0.05
5269,2018-02,2017-02,12,0,True,0.0,master,valid_observed_phase_at_origin,ABCDE,calibration,3,4,spectral_core,pooled_partition_below_support_gate,0,0.06,0,0.06
5270,2018-02,2017-02,12,0,True,0.0,master,valid_observed_phase_at_origin,ABCDE,calibration,3,4,spectral_core,pooled_partition_below_support_gate,0,0.06,0,0.06
5271,2018-02,2017-02,12,0,True,0.0,master,valid_observed_phase_at_origin,ABCDE,calibration,3,4,spectral_core,pooled_partition_below_support_gate,0,0.02,0,0.02
5272,2018-02,2017-02,12,0,True,0.0,master,valid_observed_phase_at_origin,ABCDE,calibration,3,4,spectral_core,pooled_partition_below_support_gate,0,0.07,0,0.07
5273,2018-02,2017-02,12,0,True,0.0,master,valid_observed_phase_at_origin,ABCDE,calibration,3,4,spectral_core,pooled_partition_below_support_gate,0,0.07,0,0.07
5274,2018-02,2017-02,12,0,True,0.0,master,valid_observed_phase_at_origin,ABCDE,calibration,3,4,spectral_core,pooled_partition_below_support_gate,0,0.05,0,0.05
5275,2018-02,2017-02,12,0,True,0.0,master,valid_observed_phase_at_origin,ABCDE,calibration,3,4,spectral_core,pooled_partition_below_support_gate,0,0.08,0,0.08
5276,2018-02,2017-02,12,0,True,0.0,master,valid_observed_phase_at_origin,ABCDE,calibration,3,4,spectral_core,pooled_partition_below_support_gate,0,0.08,0,0.08
5277,2018-02,2017-02,12,0,True,0.0,master,valid_observed_phase_at_origin,ABCDE,calibration,3,4,spectral_core,pooled_partition_below_support_gate,0,0.06,0,0.06
5278,2018-02,2017-02,12,0,True,0.0,master,valid_observed_phase_at_origin,ABCDE,calibration,3,4,spectral_core,pooled_partition_below_support_gate,0,0.08,0,0.08
5279,2018-02,2017-02,12,0,True,0.0,master,valid_observed_phase_at_origin,ABCDE,calibration,3,5,spectral_core,local_partition_rf,0,0.08,0,0.08
5280,2018-02,2017-02,12,0,True,0.0,master,valid_observed_phase_at_origin,ABCDE,calibration,3,4,spectral_core,pooled_partition_below_support_gate,0,0.08,0,0.08
5281,2018-02,2017-02,12,0,True,0.0,master,valid_observed_phase_at_origin,ABCDE,calibration,3,4,spectral_core,pooled_partition_below_support_gate,0,0.05,0,0.05
5282,2018-02,2017-02,12,0,True,0.0,master,valid_observed_phase_at_origin,ABCDE,calibration,3,4,spectral_core,pooled_partition_below_support_gate,0,0.05,0,0.05
5283,2018-02,2017-02,12,0,True,0.0,master,valid_observed_phase_at_origin,ABCDE,calibration,3,4,spectral_core,pooled_partition_below_support_gate,0,0.07,0,0.07
5284,2018-02,2017-02,12,0,True,0.0,master,valid_observed_phase_at_origin,ABCDE,calibration,3,4,spectral_core,pooled_partition_below_support_gate,0,0.06,0,0.06
5285,2018-02,2017-02,12,0,True,0.0,master,valid_observed_phase_at_origin,ABCDE,calibration,3,4,spectral_core,pooled_partition_below_support_gate,0,0.06,0,0.06
5286,2018-02,2017-02,12,0,True,0.0,master,valid_observed_phase_at_origin,ABCDE,calibration,3,4,spectral_core,pooled_partition_below_support_gate,0,0.07,0,0.07
5287,2018-02,2017-02,12,0,True,0.0,master,valid_observed_phase_at_origin,ABCDE,calibration,3,4,spectral_core,pooled_partition_below_support_gate,0,0.04,0,0.04
5288,2018-02,2017-02,12,0,True,0.0,master,valid_observed_phase_at_origin,ABCDE,calibration,3,4,spectral_core,pooled_partition_below_support_gate,0,0.03,0,0.03
5289,2018-02,2017-02,12,0,True,0.0,master,valid_observed_phase_at_origin,ABCDE,calibration,3,4,spectral_core,pooled_partition_below_support_gate,0,0.07,0,0.07
5290,2018-02,2017-02,12,0,True,0.0,master,valid_observed_phase_at_origin,ABCDE,calibration,3,4,spectral_core,pooled_partition_below_support_gate,0,0.05,0,0.05
5291,2018-02,2017-02,12,0,True,0.0,master,valid_observed_phase_at_origin,ABCDE,calibration,3,4,spectral_core,pooled_partition_below_support_gate,0,0.04,0,0.04
5292,2018-02,2017-02,12,0,True,0.0,master,valid_observed_phase_at_origin,ABCDE,calibration,3,4,spectral_core,pooled_partition_below_support_gate,0,0.04,0,0.04
5293,2018-02,2017-02,12,0,True,0.0,master,valid_observed_phase_at_origin,ABCDE,calibration,3,4,spectral_core,pooled_partition_below_support_gate,0,0.09,0,0.09
5294,2018-02,2017-02,12,0,True,0.0,master,valid_observed_phase_at_origin,ABCDE,calibration,3,4,spectral_core,pooled_partition_below_support_gate,0,0.04,0,0.04
5295,2018-02,2017-02,12,0,True,0.0,master,valid_observed_phase_at_origin,ABCDE,calibration,3,4,spectral_core,pooled_partition_below_support_gate,0,0.05,0,0.05
5296,2018-02,2017-02,12,0,True,0.0,master,valid_observed_phase_at_origin,ABCDE,calibration,3,4,spectral_core,pooled_partition_below_support_gate,0,0.05,0,0.05
5297,2018-02,2017-02,12,0,True,0.0,master,valid_observed_phase_at_origin,ABCDE,calibration,3,4,spectral_core,pooled_partition_below_support_gate,0,0.03,0,0.03
5298,2018-02,2017-02,12,0,True,0.0,master,valid_observed_phase_at_origin,ABCDE,calibration,3,4,spectral_core,pooled_partition_below_support_gate,0,0.04,0,0.04
5299,2018-02,2017-02,12,0,True,0.0,master,valid_observed_phase_at_origin,ABCDE,calibration,3,4,spectral_core,pooled_partition_below_support_gate,0,0.08,0,0.08
5300,2018-02,2017-02,12,0,True,0.0,master,valid_observed_phase_at_origin,ABCDE,calibration,3,4,spectral_core,pooled_partition_below_support_gate,0,0.06,0,0.06
5301,2018-02,2017-02,12,0,True,0.0,master,valid_observed_phase_at_origin,ABCDE,calibration,3,4,spectral_core,pooled_partition_below_support_gate,0,0.04,0,0.04
5302,2018-02,2017-02,12,0,True,0.0,master,valid_observed_phase_at_origin,ABCDE,calibration,3,4,spectral_core,pooled_partition_below_support_gate,0,0.02,0,0.02
5303,2018-02,2017-02,12,0,True,0.0,master,valid_observed_phase_at_origin,ABCDE,calibration,3,4,spectral_core,pooled_partition_below_support_gate,0,0.02,0,0.02
5304,2018-02,2017-02,12,0,True,0.0,master,valid_observed_phase_at_origin,ABCDE,calibration,3,4,spectral_core,pooled_partition_below_support_gate,0,0.04,0,0.04
5305,2018-02,2017-02,12,0,True,0.0,master,valid_observed_phase_at_origin,ABCDE,calibration,3,4,spectral_core,pooled_partition_below_support_gate,0,0.02,0,0.02
5306,2018-02,2017-02,12,0,True,0.0,master,valid_observed_phase_at_origin,ABCDE,calibration,3,4,spectral_core,pooled_partition_below_support_gate,0,0.04,0,0.04
5307,2018-02,2017-02,12,0,True,0.0,master,valid_observed_phase_at_origin,ABCDE,calibration,3,4,spectral_core,pooled_partition_below_support_gate,0,0.03,0,0.03
5308,2018-02,2017-02,12,0,True,0.0,master,valid_observed_phase_at_origin,ABCDE,calibration,3,4,spectral_core,pooled_partition_below_support_gate,0,0.08,0,0.08
5309,2018-02,2017-02,12,0,True,0.0,master,valid_observed_phase_at_origin,ABCDE,calibration,3,4,spectral_core,pooled_partition_below_support_gate,0,0.05,0,0.05
5310,2018-02,2017-02,12,0,True,0.0,master,valid_observed_phase_at_origin,ABCDE,calibration,3,4,spectral_core,pooled_partition_below_support_gate,0,0.05,0,0.05
5311,2018-02,2017-02,12,0,True,0.0,master,valid_observed_phase_at_origin,ABCDE,calibration,3,4,spectral_core,pooled_partition_below_support_gate,0,0.05,0,0.05
5312,2018-02,2017-02,12,0,True,0.0,master,valid_observed_phase_at_origin,ABCDE,calibration,3,4,spectral_core,pooled_partition_below_support_gate,0,0.07,0,0.07
5313,2018-02,2017-02,12,0,True,0.0,master,valid_observed_phase_at_origin,ABCDE,calibration,3,4,spectral_core,pooled_partition_below_support_gate,0,0.05,0,0.05
5314,2018-02,2017-02,12,0,True,0.0,master,valid_observed_phase_at_origin,ABCDE,calibration,3,4,spectral_core,pooled_partition_below_support_gate,0,0.03,0,0.03
5315,2018-02,2017-02,12,0,True,0.0,master,valid_observed_phase_at_origin,ABCDE,calibration,3,4,spectral_core,pooled_partition_below_support_gate,0,0.05,0,0.05
5316,2018-02,2017-02,12,0,True,0.0,master,valid_observed_phase_at_origin,ABCDE,calibration,3,4,spectral_core,pooled_partition_below_support_gate,0,0.06,0,0.06
5317,2018-02,2017-02,12,0,True,0.0,master,valid_observed_phase_at_origin,ABCDE,calibration,3,4,spectral_core,pooled_partition_below_support_gate,0,0.08,0,0.08
5318,2018-02,2017-02,12,0,True,0.0,master,valid_observed_phase_at_origin,ABCDE,calibration,3,4,spectral_core,pooled_partition_below_support_gate,0,0.04,0,0.04
5319,2018-02,2017-02,12,0,True,0.0,master,valid_observed_phase_at_origin,ABCDE,calibration,3,4,spectral_core,pooled_partition_below_support_gate,0,0.05,0,0.05
5320,2018-02,2017-02,12,0,True,0.0,master,valid_observed_phase_at_origin,ABCDE,calibration,3,4,spectral_core,pooled_partition_below_support_gate,0,0.09,0,0.09
5321,2018-02,2017-02,12,0,True,0.0,master,valid_observed_phase_at_origin,ABCDE,calibration,3,4,spectral_core,pooled_partition_below_support_gate,0,0.06,0,0.06
5322,2018-02,2017-02,12,0,True,0.0,master,valid_observed_phase_at_origin,ABCDE,calibration,3,4,spectral_core,pooled_partition_below_support_gate,0,0.02,0,0.02
5323,2018-02,2017-02,12,0,True,0.0,master,valid_observed_phase_at_origin,ABCDE,calibration,3,4,spectral_core,pooled_partition_below_support_gate,0,0.02,0,0.02
5324,2018-02,2017-02,12,0,True,0.0,master,valid_observed_phase_at_origin,ABCDE,calibration,3,4,spectral_core,pooled_partition_below_support_gate,0,0.08,0,0.08
5325,2018-02,2017-02,12,0,True,0.0,master,valid_observed_phase_at_origin,ABCDE,calibration,3,4,spectral_core,pooled_partition_below_support_gate,0,0.09,0,0.09
5326,2018-02,2017-02,12,0,True,0.0,master,valid_observed_phase_at_origin,ABCDE,calibration,3,4,spectral_core,pooled_partition_below_support_gate,0,0.08,0,0.08
5327,2018-02,2017-02,12,0,True,0.0,master,valid_observed_phase_at_origin,ABCDE,calibration,3,4,spectral_core,pooled_partition_below_support_gate,0,0.03,0,0.03
5328,2018-02,2017-02,12,0,True,0.0,master,valid_observed_phase_at_origin,ABCDE,calibration,3,4,spectral_core,pooled_partition_below_support_gate,0,0.05,0,0.05
5329,2018-02,2017-02,12,0,True,0.0,master,valid_observed_phase_at_origin,ABCDE,calibration,3,4,spectral_core,pooled_partition_below_support_gate,0,0.02,0,0.02
5330,2018-02,2017-02,12,0,True,0.0,master,valid_observed_phase_at_origin,ABCDE,calibration,3,4,spectral_core,pooled_partition_below_support_gate,0,0.05,0,0.05
5331,2018-02,2017-02,12,0,True,0.0,master,valid_observed_phase_at_origin,ABCDE,calibration,3,4,spectral_core,pooled_partition_below_support_gate,0,0.03,0,0.03
5332,2018-02,2017-02,12,0,True,0.0,master,valid_observed_phase_at_origin,ABCDE,calibration,3,4,spectral_core,pooled_partition_below_support_gate,0,0.02,0,0.02
5333,2018-02,2017-02,12,0,True,0.0,master,valid_observed_phase_at_origin,ABCDE,calibration,3,4,spectral_core,pooled_partition_below_support_gate,0,0.07,0,0.07
5334,2018-02,2017-02,12,0,True,0.0,master,valid_observed_phase_at_origin,ABCDE,calibration,3,4,spectral_core,pooled_partition_below_support_gate,0,0.03,0,0.03
5335,2018-02,2017-02,12,0,True,0.0,master,valid_observed_phase_at_origin,ABCDE,calibration,3,1,spectral_core,local_partition_rf,0,0.08,0,0.03
5336,2018-02,2017-02,12,0,True,0.0,master,valid_observed_phase_at_origin,ABCDE,calibration,3,1,spectral_core,local_partition_rf,0,0.06,0,0.03
5337,2018-02,2017-02,12,0,True,0.0,master,valid_observed_phase_at_origin,ABCDE,calibration,3,1,spectral_core,local_partition_rf,0,0.09,0,0.09
5338,2018-02,2017-02,12,0,True,0.0,master,valid_observed_phase_at_origin,ABCDE,calibration,3,1,spectral_core,local_partition_rf,0,0.08,0,0.07
5339,2018-02,2017-02,12,0,True,0.0,master,valid_observed_phase_at_origin,ABCDE,calibration,3,1,spectral_core,local_partition_rf,0,0.04,0,0.06
5340,2018-02,2017-02,12,0,True,0.0,master,valid_observed_phase_at_origin,ABCDE,calibration,3,1,spectral_core,local_partition_rf,0,0.04,0,0.06
5341,2018-02,2017-02,12,0,True,0.0,master,valid_observed_phase_at_origin,ABCDE,calibration,3,1,spectral_core,local_partition_rf,0,0.03,0,0.03
5342,2018-02,2017-02,12,0,True,0.0,master,valid_observed_phase_at_origin,ABCDE,calibration,3,1,spectral_core,local_partition_rf,0,0.04,0,0.05
5343,2018-02,2017-02,12,0,True,0.0,master,valid_observed_phase_at_origin,ABCDE,calibration,3,1,spectral_core,local_partition_rf,0,0.11,0,0.05
5344,2018-02,2017-02,12,0,True,0.0,master,valid_observed_phase_at_origin,ABCDE,calibration,3,1,spectral_core,local_partition_rf,0,0.12,0,0.15
5345,2018-02,2017-02,12,0,True,0.0,master,valid_observed_phase_at_origin,ABCDE,calibration,3,1,spectral_core,local_partition_rf,0,0.06,0,0.1
5346,2018-02,2017-02,12,0,True,0.0,master,valid_observed_phase_at_origin,ABCDE,calibration,3,1,spectral_core,local_partition_rf,0,0.1,0,0.12
5347,2018-02,2017-02,12,0,True,0.0,master,valid_observed_phase_at_origin,ABCDE,calibration,3,1,spectral_core,local_partition_rf,0,0.07,0,0.11
5348,2018-02,2017-02,12,0,True,0.0,master,valid_observed_phase_at_origin,ABCDE,calibration,3,1,spectral_core,local_partition_rf,0,0.11,0,0.11
5349,2018-02,2017-02,12,0,True,0.0,master,valid_observed_phase_at_origin,ABCDE,calibration,3,1,spectral_core,local_partition_rf,0,0.06,0,0.06
5350,2018-02,2017-02,12,0,True,0.0,master,valid_observed_phase_at_origin,ABCDE,calibration,3,1,spectral_core,local_partition_rf,0,0.05,0,0.07
5351,2018-02,2017-02,12,0,True,0.0,master,valid_observed_phase_at_origin,ABCDE,calibration,3,1,spectral_core,local_partition_rf,0,0.06,0,0.09
5352,2018-02,2017-02,12,0,True,0.0,master,valid_observed_phase_at_origin,ABCDE,calibration,3,1,spectral_core,local_partition_rf,0,0.06,0,0.02
5353,2018-02,2017-02,12,0,True,0.0,master,valid_observed_phase_at_origin,ABCDE,calibration,3,1,spectral_core,local_partition_rf,0,0.07,0,0.05
5354,2018-02,2017-02,12,0,True,0.0,master,valid_observed_phase_at_origin,ABCDE,calibration,3,1,spectral_core,local_partition_rf,0,0.06,0,0.01
5355,2018-02,2017-02,12,0,True,0.0,master,valid_observed_phase_at_origin,ABCDE,calibration,3,1,spectral_core,local_partition_rf,0,0.02,0,0.02
5356,2018-02,2017-02,12,0,True,0.0,master,valid_observed_phase_at_origin,ABCDE,calibration,3,1,spectral_core,local_partition_rf,0,0.08,0,0.06
5357,2018-02,2017-02,12,0,True,0.0,master,valid_observed_phase_at_origin,ABCDE,calibration,3,1,spectral_core,local_partition_rf,0,0.09,0,0.08
5358,2018-02,2017-02,12,0,True,0.0,master,valid_observed_phase_at_origin,ABCDE,calibration,3,1,spectral_core,local_partition_rf,0,0.05,0,0.07
5359,2018-02,2017-02,12,0,True,0.0,master,valid_observed_phase_at_origin,ABCDE,calibration,3,1,spectral_core,local_partition_rf,0,0.08,0,0.05
5360,2018-02,2017-02,12,0,True,0.0,master,valid_observed_phase_at_origin,ABCDE,calibration,3,1,spectral_core,local_partition_rf,0,0.01,0,0.02
5361,2018-02,2017-02,12,0,True,0.0,master,valid_observed_phase_at_origin,ABCDE,calibration,3,1,spectral_core,local_partition_rf,0,0.05,0,0.02
5362,2018-02,2017-02,12,0,True,0.0,master,valid_observed_phase_at_origin,ABCDE,calibration,3,1,spectral_core,local_partition_rf,0,0.08,0,0.05
5363,2018-02,2017-02,12,0,True,0.0,master,valid_observed_phase_at_origin,ABCDE,calibration,3,1,spectral_core,local_partition_rf,0,0.02,0,0.02
5364,2018-02,2017-02,12,0,True,0.0,master,valid_observed_phase_at_origin,ABCDE,calibration,3,1,spectral_core,local_partition_rf,0,0.1,0,0.05
5365,2018-02,2017-02,12,0,True,0.0,master,valid_observed_phase_at_origin,ABCDE,calibration,3,1,spectral_core,local_partition_rf,0,0.02,0,0.02
5366,2018-02,2017-02,12,0,True,0.0,master,valid_observed_phase_at_origin,ABCDE,calibration,3,1,spectral_core,local_partition_rf,0,0.09,0,0.03
5367,2018-02,2017-02,12,0,True,0.0,master,valid_observed_phase_at_origin,ABCDE,calibration,3,1,spectral_core,local_partition_rf,0,0.05,0,0.1
5368,2018-02,2017-02,12,0,True,0.0,master,valid_observed_phase_at_origin,ABCDE,calibration,3,1,spectral_core,local_partition_rf,0,0.04,0,0.02
5369,2018-02,2017-02,12,0,True,0.0,master,valid_observed_phase_at_origin,ABCDE,calibration,3,1,spectral_core,local_partition_rf,0,0.09,0,0.08
5370,2018-02,2017-02,12,0,True,0.0,master,valid_observed_phase_at_origin,ABCDE,calibration,3,1,spectral_core,local_partition_rf,0,0.12,0,0.09
5371,2018-02,2017-02,12,0,True,0.0,master,valid_observed_phase_at_origin,ABCDE,calibration,3,1,spectral_core,local_partition_rf,0,0.04,0,0.01
5372,2018-02,2017-02,12,0,True,0.0,master,valid_observed_phase_at_origin,ABCDE,calibration,3,1,spectral_core,local_partition_rf,0,0.09,0,0.04
5373,2018-02,2017-02,12,0,True,0.0,master,valid_observed_phase_at_origin,ABCDE,calibration,3,1,spectral_core,local_partition_rf,0,0.09,0,0.07
5374,2018-02,2017-02,12,0,True,0.0,master,valid_observed_phase_at_origin,ABCDE,calibration,3,1,spectral_core,local_partition_rf,0,0.01,0,0.02
5375,2018-02,2017-02,12,0,True,0.0,master,valid_observed_phase_at_origin,ABCDE,calibration,3,1,spectral_core,local_partition_rf,0,0.13,0,0.16
5376,2018-02,2017-02,12,0,True,1.0,master,valid_observed_phase_at_origin,ABCDE,calibration,3,1,spectral_core,local_partition_rf,0,0.16,0,0.29
5377,2018-02,2017-02,12,0,True,1.0,master,valid_observed_phase_at_origin,ABCDE,calibration,3,1,spectral_core,local_partition_rf,0,0.1,0,0.34
5378,2018-02,2017-02,12,0,True,0.0,master,valid_observed_phase_at_origin,ABCDE,calibration,3,1,spectral_core,local_partition_rf,0,0.16,0,0.17
5379,2018-02,2017-02,12,0,True,1.0,master,valid_observed_phase_at_origin,ABCDE,calibration,3,1,spectral_core,local_partition_rf,0,0.13,0,0.28
5380,2018-02,2017-02,12,0,True,0.0,master,valid_observed_phase_at_origin,ABCDE,calibration,3,1,spectral_core,local_partition_rf,0,0.14,0,0.17
5381,2018-02,2017-02,12,0,True,0.0,master,valid_observed_phase_at_origin,ABCDE,calibration,3,1,spectral_core,local_partition_rf,0,0.13,0,0.17
5382,2018-02,2017-02,12,0,True,1.0,master,valid_observed_phase_at_origin,ABCDE,calibration,3,1,spectral_core,local_partition_rf,0,0.18,0,0.29
5383,2018-02,2017-02,12,0,True,0.0,master,valid_observed_phase_at_origin,ABCDE,calibration,3,1,spectral_core,local_partition_rf,0,0.03,0,0.01
5384,2018-02,2017-02,12,0,True,0.0,master,valid_observed_phase_at_origin,ABCDE,calibration,3,1,spectral_core,local_partition_rf,0,0.03,0,0.03
5385,2018-02,2017-02,12,0,True,0.0,master,valid_observed_phase_at_origin,ABCDE,calibration,3,1,spectral_core,local_partition_rf,0,0.09,0,0.05
5386,2018-02,2017-02,12,0,True,0.0,master,valid_observed_phase_at_origin,ABCDE,calibration,3,1,spectral_core,local_partition_rf,0,0.07,0,0.05
5387,2018-02,2017-02,12,0,True,0.0,master,valid_observed_phase_at_origin,ABCDE,calibration,3,1,spectral_core,local_partition_rf,0,0.04,0,0.05
5388,2018-02,2017-02,12,0,True,0.0,master,valid_observed_phase_at_origin,ABCDE,calibration,3,1,spectral_core,local_partition_rf,0,0.11,0,0.05
5389,2018-02,2017-02,12,0,True,0.0,master,valid_observed_phase_at_origin,ABCDE,calibration,3,1,spectral_core,local_partition_rf,0,0.02,0,0.04
5390,2018-02,2017-02,12,0,True,0.0,master,valid_observed_phase_at_origin,ABCDE,calibration,3,1,spectral_core,local_partition_rf,0,0.06,0,0.05
5391,2018-02,2017-02,12,0,True,0.0,master,valid_observed_phase_at_origin,ABCDE,calibration,3,1,spectral_core,local_partition_rf,0,0.06,0,0.1
5392,2018-02,2017-02,12,0,True,0.0,master,valid_observed_phase_at_origin,ABCDE,calibration,3,1,spectral_core,local_partition_rf,0,0.09,0,0.04
5393,2018-02,2017-02,12,0,True,0.0,master,valid_observed_phase_at_origin,ABCDE,calibration,3,1,spectral_core,local_partition_rf,0,0.07,0,0.03
5394,2018-02,2017-02,12,0,True,0.0,master,valid_observed_phase_at_origin,ABCDE,calibration,3,1,spectral_core,local_partition_rf,0,0.11,0,0.1
5395,2018-02,2017-02,12,0,True,0.0,master,valid_observed_phase_at_origin,ABCDE,calibration,3,1,spectral_core,local_partition_rf,0,0.07,0,0.13
5396,2018-02,2017-02,12,0,True,0.0,master,valid_observed_phase_at_origin,ABCDE,calibration,3,1,spectral_core,local_partition_rf,0,0.03,0,0.05
5397,2018-02,2017-02,12,0,True,0.0,master,valid_observed_phase_at_origin,ABCDE,calibration,3,1,spectral_core,local_partition_rf,0,0.07,0,0.03
5398,2018-02,2017-02,12,0,True,0.0,master,valid_observed_phase_at_origin,ABCDE,calibration,3,1,spectral_core,local_partition_rf,0,0.08,0,0.04
5399,2018-02,2017-02,12,0,True,0.0,master,valid_observed_phase_at_origin,ABCDE,calibration,3,1,spectral_core,local_partition_rf,0,0.07,0,0.03
5400,2018-02,2017-02,12,0,True,0.0,master,valid_observed_phase_at_origin,ABCDE,calibration,3,1,spectral_core,local_partition_rf,0,0.05,0,0.05
5401,2018-02,2017-02,12,0,True,0.0,master,valid_observed_phase_at_origin,ABCDE,calibration,3,1,spectral_core,local_partition_rf,0,0.08,0,0.04
5402,2018-02,2017-02,12,0,True,0.0,master,valid_observed_phase_at_origin,ABCDE,calibration,3,1,spectral_core,local_partition_rf,0,0.05,0,0.02
5403,2018-02,2017-02,12,0,True,0.0,master,valid_observed_phase_at_origin,ABCDE,calibration,3,1,spectral_core,local_partition_rf,0,0.06,0,0.05
5404,2018-02,2017-02,12,0,True,0.0,master,valid_observed_phase_at_origin,ABCDE,calibration,3,1,spectral_core,local_partition_rf,0,0.01,0,0.03
5405,2018-02,2017-02,12,0,True,0.0,master,valid_observed_phase_at_origin,ABCDE,calibration,3,1,spectral_core,local_partition_rf,0,0.03,0,0.04
5406,2018-02,2017-02,12,0,True,0.0,master,valid_observed_phase_at_origin,ABCDE,calibration,3,1,spectral_core,local_partition_rf,0,0.04,0,0.06
5407,2018-02,2017-02,12,0,True,0.0,master,valid_observed_phase_at_origin,ABCDE,calibration,3,1,spectral_core,local_partition_rf,0,0.04,0,0.06
5408,2018-02,2017-02,12,0,True,0.0,master,valid_observed_phase_at_origin,ABCDE,calibration,3,1,spectral_core,local_partition_rf,0,0.06,0,0.04
5409,2018-02,2017-02,12,0,True,0.0,master,valid_observed_phase_at_origin,ABCDE,calibration,3,1,spectral_core,local_partition_rf,0,0.05,0,0.02
5410,2018-02,2017-02,12,0,True,0.0,master,valid_observed_phase_at_origin,ABCDE,calibration,3,1,spectral_core,local_partition_rf,0,0.03,0,0.03
5411,2018-02,2017-02,12,0,True,0.0,master,valid_observed_phase_at_origin,ABCDE,calibration,3,1,spectral_core,local_partition_rf,0,0.01,0,0.02
5412,2018-02,2017-02,12,0,True,0.0,master,valid_observed_phase_at_origin,ABCDE,calibration,3,1,spectral_core,local_partition_rf,0,0.02,0,0.02
5413,2018-02,2017-02,12,0,True,0.0,master,valid_observed_phase_at_origin,ABCDE,calibration,3,1,spectral_core,local_partition_rf,0,0.02,0,0.03
5414,2018-02,2017-02,12,0,True,0.0,master,valid_observed_phase_at_origin,ABCDE,calibration,3,1,spectral_core,local_partition_rf,0,0.04,0,0.02
5415,2018-02,2017-02,12,0,True,0.0,master,valid_observed_phase_at_origin,ABCDE,calibration,3,1,spectral_core,local_partition_rf,0,0.04,0,0.05
5416,2018-02,2017-02,12,0,True,0.0,master,valid_observed_phase_at_origin,ABCDE,calibration,3,1,spectral_core,local_partition_rf,0,0.06,0,0.05
5417,2018-02,2017-02,12,0,True,0.0,master,valid_observed_phase_at_origin,ABCDE,calibration,3,1,spectral_core,local_partition_rf,0,0.04,0,0.07
5418,2018-02,2017-02,12,0,True,0.0,master,valid_observed_phase_at_origin,ABCDE,calibration,3,1,spectral_core,local_partition_rf,0,0.05,0,0.05
5419,2018-02,2017-02,12,0,True,0.0,master,valid_observed_phase_at_origin,ABCDE,calibration,3,1,spectral_core,local_partition_rf,0,0.1,0,0.11
5420,2018-02,2017-02,12,0,True,0.0,master,valid_observed_phase_at_origin,ABCDE,calibration,3,1,spectral_core,local_partition_rf,0,0.06,0,0.12
5421,2018-02,2017-02,12,0,True,0.0,master,valid_observed_phase_at_origin,ABCDE,calibration,3,1,spectral_core,local_partition_rf,0,0.13,0,0.05
5422,2018-02,2017-02,12,0,True,0.0,master,valid_observed_phase_at_origin,ABCDE,calibration,3,1,spectral_core,local_partition_rf,0,0.06,0,0.09
5423,2018-02,2017-02,12,0,True,0.0,master,valid_observed_phase_at_origin,ABCDE,calibration,3,1,spectral_core,local_partition_rf,0,0.06,0,0.02
5424,2018-02,2017-02,12,0,True,0.0,master,valid_observed_phase_at_origin,ABCDE,calibration,3,1,spectral_core,local_partition_rf,0,0.04,0,0.03
5425,2018-02,2017-02,12,0,True,0.0,master,valid_observed_phase_at_origin,ABCDE,calibration,3,1,spectral_core,local_partition_rf,0,0.04,0,0.07
5426,2018-02,2017-02,12,0,True,0.0,master,valid_observed_phase_at_origin,ABCDE,calibration,3,1,spectral_core,local_partition_rf,0,0.05,0,0.06
5427,2018-02,2017-02,12,0,True,0.0,master,valid_observed_phase_at_origin,ABCDE,calibration,3,1,spectral_core,local_partition_rf,0,0.04,0,0.05
5428,2018-02,2017-02,12,0,True,0.0,master,valid_observed_phase_at_origin,ABCDE,calibration,3,1,spectral_core,local_partition_rf,0,0.05,0,0.01
5429,2018-02,2017-02,12,0,True,0.0,master,valid_observed_phase_at_origin,ABCDE,calibration,3,1,spectral_core,local_partition_rf,0,0.04,0,0.09
5430,2018-02,2017-02,12,0,True,0.0,master,valid_observed_phase_at_origin,ABCDE,calibration,3,1,spectral_core,local_partition_rf,0,0.06,0,0.02
5431,2018-02,2017-02,12,0,True,0.0,master,valid_observed_phase_at_origin,ABCDE,calibration,3,1,spectral_core,local_partition_rf,0,0.04,0,0.09
5432,2018-02,2017-02,12,0,True,0.0,master,valid_observed_phase_at_origin,ABCDE,calibration,3,1,spectral_core,local_partition_rf,0,0.02,0,0.06
5433,2018-02,2017-02,12,0,True,0.0,master,valid_observed_phase_at_origin,ABCDE,calibration,3,1,spectral_core,local_partition_rf,0,0.06,0,0.01
5434,2018-02,2017-02,12,0,True,0.0,master,valid_observed_phase_at_origin,ABCDE,calibration,3,1,spectral_core,local_partition_rf,0,0.07,0,0.13
5435,2018-02,2017-02,12,0,True,0.0,master,valid_observed_phase_at_origin,ABCDE,calibration,3,1,spectral_core,local_partition_rf,0,0.05,0,0.16
5436,2018-02,2017-02,12,0,True,0.0,master,valid_observed_phase_at_origin,ABCDE,calibration,3,1,spectral_core,local_partition_rf,0,0.02,0,0.02
5437,2018-02,2017-02,12,0,True,0.0,master,valid_observed_phase_at_origin,ABCDE,calibration,3,1,spectral_core,local_partition_rf,0,0.11,0,0.04
5438,2018-02,2017-02,12,0,True,0.0,master,valid_observed_phase_at_origin,ABCDE,calibration,3,1,spectral_core,local_partition_rf,0,0.05,0,0.13
5439,2018-02,2017-02,12,0,True,0.0,master,valid_observed_phase_at_origin,ABCDE,calibration,3,1,spectral_core,local_partition_rf,0,0.07,0,0.08
5440,2018-02,2017-02,12,0,True,0.0,master,valid_observed_phase_at_origin,ABCDE,calibration,3,1,spectral_core,local_partition_rf,0,0.12,0,0.1
5441,2018-02,2017-02,12,0,True,0.0,master,valid_observed_phase_at_origin,ABCDE,calibration,3,1,spectral_core,local_partition_rf,0,0.06,0,0.04
5442,2018-02,2017-02,12,0,True,0.0,master,valid_observed_phase_at_origin,ABCDE,calibration,3,1,spectral_core,local_partition_rf,0,0.06,0,0.01
5443,2018-02,2017-02,12,0,True,0.0,master,valid_observed_phase_at_origin,ABCDE,calibration,3,1,spectral_core,local_partition_rf,0,0.07,0,0.04
5444,2018-02,2017-02,12,0,True,0.0,master,valid_observed_phase_at_origin,ABCDE,calibration,3,1,spectral_core,local_partition_rf,0,0.04,0,0.05
5445,2018-02,2017-02,12,0,True,0.0,master,valid_observed_phase_at_origin,ABCDE,calibration,3,1,spectral_core,local_partition_rf,0,0.05,0,0.04
5446,2018-02,2017-02,12,0,True,0.0,master,valid_observed_phase_at_origin,ABCDE,calibration,3,1,spectral_core,local_partition_rf,0,0.05,0,0.07
5447,2018-02,2017-02,12,0,True,0.0,master,valid_observed_phase_at_origin,ABCDE,calibration,3,1,spectral_core,local_partition_rf,0,0.07,0,0.08
5448,2018-02,2017-02,12,0,True,0.0,master,valid_observed_phase_at_origin,ABCDE,calibration,3,1,spectral_core,local_partition_rf,0,0.08,0,0.07
5449,2018-02,2017-02,12,0,True,0.0,master,valid_observed_phase_at_origin,ABCDE,calibration,3,1,spectral_core,local_partition_rf,0,0.09,0,0.07
5450,2018-02,2017-02,12,0,True,0.0,master,valid_observed_phase_at_origin,ABCDE,calibration,3,1,spectral_core,local_partition_rf,0,0.02,0,0.06
5451,2018-02,2017-02,12,0,True,0.0,master,valid_observed_phase_at_origin,ABCDE,calibration,3,1,spectral_core,local_partition_rf,0,0.04,0,0.06
5452,2018-02,2017-02,12,0,True,0.0,master,valid_observed_phase_at_origin,ABCDE,calibration,3,1,spectral_core,local_partition_rf,0,0.04,0,0.06
5453,2018-02,2017-02,12,0,True,0.0,master,valid_observed_phase_at_origin,ABCDE,calibration,3,1,spectral_core,local_partition_rf,0,0.07,0,0.01
5454,2018-02,2017-02,12,0,True,0.0,master,valid_observed_phase_at_origin,ABCDE,calibration,3,1,spectral_core,local_partition_rf,0,0.02,0,0.05
5455,2018-02,2017-02,12,0,True,0.0,master,valid_observed_phase_at_origin,ABCDE,calibration,3,1,spectral_core,local_partition_rf,0,0.04,0,0.07
5456,2018-02,2017-02,12,0,True,0.0,master,valid_observed_phase_at_origin,ABCDE,calibration,3,1,spectral_core,local_partition_rf,0,0.13,0,0.09
5457,2018-02,2017-02,12,0,True,0.0,master,valid_observed_phase_at_origin,ABCDE,calibration,3,1,spectral_core,local_partition_rf,0,0.03,0,0.08
5458,2018-02,2017-02,12,0,True,0.0,master,valid_observed_phase_at_origin,ABCDE,calibration,3,1,spectral_core,local_partition_rf,0,0.04,0,0.03
5459,2018-02,2017-02,12,0,True,0.0,master,valid_observed_phase_at_origin,ABCDE,calibration,3,1,spectral_core,local_partition_rf,0,0.03,0,0.05
5460,2018-02,2017-02,12,0,True,0.0,master,valid_observed_phase_at_origin,ABCDE,calibration,3,1,spectral_core,local_partition_rf,0,0.06,0,0.03
5461,2018-02,2017-02,12,0,True,0.0,master,valid_observed_phase_at_origin,ABCDE,calibration,3,1,spectral_core,local_partition_rf,0,0.12,0,0.04
5462,2018-02,2017-02,12,0,True,0.0,master,valid_observed_phase_at_origin,ABCDE,calibration,3,1,spectral_core,local_partition_rf,0,0.06,0,0.04
5463,2018-02,2017-02,12,0,True,0.0,master,valid_observed_phase_at_origin,ABCDE,calibration,3,1,spectral_core,local_partition_rf,0,0.05,0,0.03
5464,2018-02,2017-02,12,0,True,0.0,master,valid_observed_phase_at_origin,ABCDE,calibration,3,1,spectral_core,local_partition_rf,0,0.01,0,0.05
5465,2018-02,2017-02,12,0,True,0.0,master,valid_observed_phase_at_origin,ABCDE,calibration,3,1,spectral_core,local_partition_rf,0,0.05,0,0.04
5466,2018-02,2017-02,12,0,True,0.0,master,valid_observed_phase_at_origin,ABCDE,calibration,3,1,spectral_core,local_partition_rf,0,0.09,0,0.06
5467,2018-02,2017-02,12,0,True,0.0,master,valid_observed_phase_at_origin,ABCDE,calibration,3,1,spectral_core,local_partition_rf,0,0.01,0,0.05
5468,2018-02,2017-02,12,0,True,0.0,master,valid_observed_phase_at_origin,ABCDE,calibration,3,1,spectral_core,local_partition_rf,0,0.05,0,0.05
5469,2018-02,2017-02,12,0,True,0.0,master,valid_observed_phase_at_origin,ABCDE,calibration,3,1,spectral_core,local_partition_rf,0,0.09,0,0.06
5470,2018-02,2017-02,12,0,True,0.0,master,valid_observed_phase_at_origin,ABCDE,calibration,3,1,spectral_core,local_partition_rf,0,0.07,0,0.06
5471,2018-02,2017-02,12,0,True,0.0,master,valid_observed_phase_at_origin,ABCDE,calibration,3,1,spectral_core,local_partition_rf,0,0.02,0,0.04
5472,2018-02,2017-02,12,0,True,0.0,master,valid_observed_phase_at_origin,ABCDE,calibration,3,1,spectral_core,local_partition_rf,0,0.03,0,0.07
5473,2018-02,2017-02,12,0,True,0.0,master,valid_observed_phase_at_origin,ABCDE,calibration,3,1,spectral_core,local_partition_rf,0,0.02,0,0.03
5474,2018-02,2017-02,12,0,True,0.0,master,valid_observed_phase_at_origin,ABCDE,calibration,3,1,spectral_core,local_partition_rf,0,0.03,0,0.03
5475,2018-02,2017-02,12,0,True,0.0,master,valid_observed_phase_at_origin,ABCDE,calibration,3,1,spectral_core,local_partition_rf,0,0.01,0,0.01
5476,2018-02,2017-02,12,0,True,0.0,master,valid_observed_phase_at_origin,ABCDE,calibration,3,1,spectral_core,local_partition_rf,0,0.04,0,0.07
5477,2018-02,2017-02,12,0,True,0.0,master,valid_observed_phase_at_origin,ABCDE,calibration,3,1,spectral_core,local_partition_rf,0,0.06,0,0.04
5478,2018-02,2017-02,12,0,True,0.0,master,valid_observed_phase_at_origin,ABCDE,calibration,3,1,spectral_core,local_partition_rf,0,0.02,0,0.02
5479,2018-02,2017-02,12,0,True,0.0,master,valid_observed_phase_at_origin,ABCDE,calibration,3,1,spectral_core,local_partition_rf,0,0.02,0,0.03
5480,2018-02,2017-02,12,0,True,0.0,master,valid_observed_phase_at_origin,ABCDE,calibration,3,1,spectral_core,local_partition_rf,0,0.02,0,0.01
5481,2018-02,2017-02,12,0,True,0.0,master,valid_observed_phase_at_origin,ABCDE,calibration,3,1,spectral_core,local_partition_rf,0,0.07,0,0.06
5482,2018-02,2017-02,12,0,True,0.0,master,valid_observed_phase_at_origin,ABCDE,calibration,3,1,spectral_core,local_partition_rf,0,0.03,0,0.02
5483,2018-02,2017-02,12,0,True,0.0,master,valid_observed_phase_at_origin,ABCDE,calibration,3,1,spectral_core,local_partition_rf,0,0.01,0,0.03
5484,2018-02,2017-02,12,0,True,0.0,master,valid_observed_phase_at_origin,ABCDE,calibration,3,1,spectral_core,local_partition_rf,0,0.01,0,0.05
5485,2018-02,2017-02,12,0,True,0.0,master,valid_observed_phase_at_origin,ABCDE,calibration,3,1,spectral_core,local_partition_rf,0,0.07,0,0.05
5486,2018-02,2017-02,12,0,True,0.0,master,valid_observed_phase_at_origin,ABCDE,calibration,3,1,spectral_core,local_partition_rf,0,0.05,0,0.02
5487,2018-02,2017-02,12,0,True,0.0,master,valid_observed_phase_at_origin,ABCDE,calibration,3,1,spectral_core,local_partition_rf,0,0.07,0,0.06
5488,2018-02,2017-02,12,0,True,0.0,master,valid_observed_phase_at_origin,ABCDE,calibration,3,1,spectral_core,local_partition_rf,0,0.04,0,0.04
5489,2018-02,2017-02,12,0,True,0.0,master,valid_observed_phase_at_origin,ABCDE,calibration,3,1,spectral_core,local_partition_rf,0,0.04,0,0.03
5490,2018-02,2017-02,12,0,True,0.0,master,valid_observed_phase_at_origin,ABCDE,calibration,3,1,spectral_core,local_partition_rf,0,0.03,0,0.05
5491,2018-02,2017-02,12,0,True,0.0,master,valid_observed_phase_at_origin,ABCDE,calibration,3,1,spectral_core,local_partition_rf,0,0.02,0,0.02
5492,2018-02,2017-02,12,0,True,0.0,master,valid_observed_phase_at_origin,ABCDE,calibration,3,1,spectral_core,local_partition_rf,0,0.03,0,0.02
5493,2018-02,2017-02,12,0,True,0.0,master,valid_observed_phase_at_origin,ABCDE,calibration,3,1,spectral_core,local_partition_rf,0,0.04,0,0.03
5494,2018-02,2017-02,12,0,True,0.0,master,valid_observed_phase_at_origin,ABCDE,calibration,3,1,spectral_core,local_partition_rf,0,0.07,0,0.07
5495,2018-02,2017-02,12,0,True,0.0,master,valid_observed_phase_at_origin,ABCDE,calibration,3,1,spectral_core,local_partition_rf,0,0.06,0,0.06
5496,2018-02,2017-02,12,0,True,0.0,master,valid_observed_phase_at_origin,ABCDE,calibration,3,1,spectral_core,local_partition_rf,0,0.03,0,0.04
5497,2018-02,2017-02,12,0,True,0.0,master,valid_observed_phase_at_origin,ABCDE,calibration,3,1,spectral_core,local_partition_rf,0,0.02,0,0.02
5498,2018-02,2017-02,12,0,True,0.0,master,valid_observed_phase_at_origin,ABCDE,calibration,3,1,spectral_core,local_partition_rf,0,0.02,0,0.04
5499,2018-02,2017-02,12,0,True,0.0,master,valid_observed_phase_at_origin,ABCDE,calibration,3,1,spectral_core,local_partition_rf,0,0.01,0,0.03
5501,2018-02,2017-02,12,0,True,0.0,master,valid_observed_phase_at_origin,ABCDE,calibration,3,1,spectral_core,local_partition_rf,0,0.12,0,0.14
5502,2018-02,2017-02,12,0,True,0.0,master,valid_observed_phase_at_origin,ABCDE,calibration,3,1,spectral_core,local_partition_rf,0,0.1,0,0.08
5503,2018-02,2017-02,12,0,True,0.0,master,valid_observed_phase_at_origin,ABCDE,calibration,3,1,spectral_core,local_partition_rf,0,0.11,0,0.13
5504,2018-02,2017-02,12,0,True,0.0,master,valid_observed_phase_at_origin,ABCDE,calibration,3,1,spectral_core,local_partition_rf,0,0.14,0,0.04
5505,2018-02,2017-02,12,0,True,0.0,master,valid_observed_phase_at_origin,ABCDE,calibration,3,1,spectral_core,local_partition_rf,0,0.12,0,0.1
5506,2018-02,2017-02,12,0,True,0.0,master,valid_observed_phase_at_origin,ABCDE,calibration,3,1,spectral_core,local_partition_rf,0,0.17,0,0.18
5507,2018-02,2017-02,12,0,True,0.0,master,valid_observed_phase_at_origin,ABCDE,calibration,3,1,spectral_core,local_partition_rf,0,0.19,0,0.06
5508,2018-02,2017-02,12,0,True,0.0,master,valid_observed_phase_at_origin,ABCDE,calibration,3,1,spectral_core,local_partition_rf,0,0.08,0,0.09
5509,2018-02,2017-02,12,0,True,0.0,master,valid_observed_phase_at_origin,ABCDE,calibration,3,1,spectral_core,local_partition_rf,0,0.14,0,0.07
5510,2018-02,2017-02,12,0,True,0.0,master,valid_observed_phase_at_origin,ABCDE,calibration,3,1,spectral_core,local_partition_rf,0,0.08,0,0.04
5511,2018-02,2017-02,12,0,True,0.0,master,valid_observed_phase_at_origin,ABCDE,calibration,3,1,spectral_core,local_partition_rf,0,0.12,0,0.1
5512,2018-02,2017-02,12,0,True,0.0,master,valid_observed_phase_at_origin,ABCDE,calibration,3,1,spectral_core,local_partition_rf,0,0.11,0,0.06
5513,2018-02,2017-02,12,0,True,0.0,master,valid_observed_phase_at_origin,ABCDE,calibration,3,1,spectral_core,local_partition_rf,0,0.16,0,0.07
5514,2018-02,2017-02,12,0,True,0.0,master,valid_observed_phase_at_origin,ABCDE,calibration,3,1,spectral_core,local_partition_rf,0,0.14,0,0.1
5515,2018-02,2017-02,12,0,True,0.0,master,valid_observed_phase_at_origin,ABCDE,calibration,3,1,spectral_core,local_partition_rf,0,0.06,0,0.07
5516,2018-02,2017-02,12,0,True,0.0,master,valid_observed_phase_at_origin,ABCDE,calibration,3,1,spectral_core,local_partition_rf,0,0.02,0,0.06
5517,2018-02,2017-02,12,0,True,0.0,master,valid_observed_phase_at_origin,ABCDE,calibration,3,1,spectral_core,local_partition_rf,0,0.06,0,0.13
5518,2018-02,2017-02,12,0,True,0.0,master,valid_observed_phase_at_origin,ABCDE,calibration,3,1,spectral_core,local_partition_rf,0,0.07,0,0.06
5519,2018-02,2017-02,12,0,True,0.0,master,valid_observed_phase_at_origin,ABCDE,calibration,3,1,spectral_core,local_partition_rf,0,0.02,0,0.06
5520,2018-02,2017-02,12,0,True,0.0,master,valid_observed_phase_at_origin,ABCDE,calibration,3,1,spectral_core,local_partition_rf,0,0.04,0,0.06
5521,2018-02,2017-02,12,0,True,0.0,master,valid_observed_phase_at_origin,ABCDE,calibration,3,1,spectral_core,local_partition_rf,0,0.03,0,0.09
5522,2018-02,2017-02,12,0,True,0.0,master,valid_observed_phase_at_origin,ABCDE,calibration,3,1,spectral_core,local_partition_rf,0,0.03,0,0.05
5523,2018-02,2017-02,12,0,True,0.0,master,valid_observed_phase_at_origin,ABCDE,calibration,3,1,spectral_core,local_partition_rf,0,0.15,0,0.06
5524,2018-02,2017-02,12,0,True,0.0,master,valid_observed_phase_at_origin,ABCDE,calibration,3,1,spectral_core,local_partition_rf,0,0.02,0,0.02
5525,2018-02,2017-02,12,0,True,0.0,master,valid_observed_phase_at_origin,ABCDE,calibration,3,1,spectral_core,local_partition_rf,0,0.02,0,0.07
5526,2018-02,2017-02,12,0,True,0.0,master,valid_observed_phase_at_origin,ABCDE,calibration,3,1,spectral_core,local_partition_rf,0,0.06,0,0.05
5527,2018-02,2017-02,12,0,True,0.0,master,valid_observed_phase_at_origin,ABCDE,calibration,3,1,spectral_core,local_partition_rf,0,0.02,0,0.05
5528,2018-02,2017-02,12,0,True,0.0,master,valid_observed_phase_at_origin,ABCDE,calibration,3,1,spectral_core,local_partition_rf,0,0.07,0,0.07
5529,2018-02,2017-02,12,0,True,0.0,master,valid_observed_phase_at_origin,ABCDE,calibration,3,1,spectral_core,local_partition_rf,0,0.01,0,0.04
5530,2018-02,2017-02,12,0,True,0.0,master,valid_observed_phase_at_origin,ABCDE,calibration,3,1,spectral_core,local_partition_rf,0,0.01,0,0.04
5531,2018-02,2017-02,12,0,True,0.0,master,valid_observed_phase_at_origin,ABCDE,calibration,3,1,spectral_core,local_partition_rf,0,0.03,0,0.01
5532,2018-02,2017-02,12,0,True,0.0,master,valid_observed_phase_at_origin,ABCDE,calibration,3,1,spectral_core,local_partition_rf,0,0.08,0,0.02
5533,2018-02,2017-02,12,0,True,0.0,master,valid_observed_phase_at_origin,ABCDE,calibration,3,1,spectral_core,local_partition_rf,0,0.01,0,0.03
5534,2018-02,2017-02,12,0,True,0.0,master,valid_observed_phase_at_origin,ABCDE,calibration,3,1,spectral_core,local_partition_rf,0,0.07,0,0.02
5535,2018-02,2017-02,12,0,True,0.0,master,valid_observed_phase_at_origin,ABCDE,calibration,3,1,spectral_core,local_partition_rf,0,0.13,0,0.12
5536,2018-02,2017-02,12,0,True,0.0,master,valid_observed_phase_at_origin,ABCDE,calibration,3,1,spectral_core,local_partition_rf,0,0.03,0,0.03
5537,2018-02,2017-02,12,0,True,0.0,master,valid_observed_phase_at_origin,ABCDE,calibration,3,1,spectral_core,local_partition_rf,0,0.04,0,0.05
5538,2018-02,2017-02,12,0,True,0.0,master,valid_observed_phase_at_origin,ABCDE,calibration,3,1,spectral_core,local_partition_rf,0,0.05,0,0.09
5539,2018-02,2017-02,12,0,True,0.0,master,valid_observed_phase_at_origin,ABCDE,calibration,3,1,spectral_core,local_partition_rf,0,0.02,0,0.04
5540,2018-02,2017-02,12,0,True,0.0,master,valid_observed_phase_at_origin,ABCDE,calibration,3,1,spectral_core,local_partition_rf,0,0.03,0,0.04
5541,2018-02,2017-02,12,0,True,0.0,master,valid_observed_phase_at_origin,ABCDE,calibration,3,1,spectral_core,local_partition_rf,0,0.02,0,0.06
5542,2018-02,2017-02,12,0,True,0.0,master,valid_observed_phase_at_origin,ABCDE,calibration,3,1,spectral_core,local_partition_rf,0,0.04,0,0.1
5543,2018-02,2017-02,12,0,True,0.0,master,valid_observed_phase_at_origin,ABCDE,calibration,3,1,spectral_core,local_partition_rf,0,0.02,0,0.05
5544,2018-02,2017-02,12,0,True,0.0,master,valid_observed_phase_at_origin,ABCDE,calibration,3,1,spectral_core,local_partition_rf,0,0.06,0,0.1
5545,2018-02,2017-02,12,0,True,0.0,master,valid_observed_phase_at_origin,ABCDE,calibration,3,1,spectral_core,local_partition_rf,0,0.05,0,0.06
5546,2018-02,2017-02,12,0,True,0.0,master,valid_observed_phase_at_origin,ABCDE,calibration,3,1,spectral_core,local_partition_rf,0,0.08,0,0.04
5547,2018-02,2017-02,12,0,True,0.0,master,valid_observed_phase_at_origin,ABCDE,calibration,3,1,spectral_core,local_partition_rf,0,0.06,0,0.06
5548,2018-02,2017-02,12,0,True,0.0,master,valid_observed_phase_at_origin,ABCDE,calibration,3,1,spectral_core,local_partition_rf,0,0.06,0,0.05
5549,2018-02,2017-02,12,0,True,0.0,master,valid_observed_phase_at_origin,ABCDE,calibration,3,1,spectral_core,local_partition_rf,0,0.06,0,0.05
5550,2018-02,2017-02,12,0,True,0.0,master,valid_observed_phase_at_origin,ABCDE,calibration,3,1,spectral_core,local_partition_rf,0,0.06,0,0.03
5551,2018-02,2017-02,12,0,True,0.0,master,valid_observed_phase_at_origin,ABCDE,calibration,3,1,spectral_core,local_partition_rf,0,0.06,0,0.05
5552,2018-02,2017-02,12,0,True,0.0,master,valid_observed_phase_at_origin,ABCDE,calibration,3,1,spectral_core,local_partition_rf,0,0.05,0,0.06
5553,2018-02,2017-02,12,0,True,0.0,master,valid_observed_phase_at_origin,ABCDE,calibration,3,1,spectral_core,local_partition_rf,0,0.12,0,0.06
5554,2018-02,2017-02,12,0,True,0.0,master,valid_observed_phase_at_origin,ABCDE,calibration,3,1,spectral_core,local_partition_rf,0,0.16,0,0.07
5555,2018-02,2017-02,12,0,True,0.0,master,valid_observed_phase_at_origin,ABCDE,calibration,3,1,spectral_core,local_partition_rf,0,0.04,0,0.06
5556,2018-02,2017-02,12,0,True,0.0,master,valid_observed_phase_at_origin,ABCDE,calibration,3,1,spectral_core,local_partition_rf,0,0.14,0,0.08
5557,2018-02,2017-02,12,0,True,0.0,master,valid_observed_phase_at_origin,ABCDE,calibration,3,1,spectral_core,local_partition_rf,0,0.09,0,0.05
5558,2018-02,2017-02,12,0,True,0.0,master,valid_observed_phase_at_origin,ABCDE,calibration,3,1,spectral_core,local_partition_rf,0,0.05,0,0.05
5559,2018-02,2017-02,12,0,True,0.0,master,valid_observed_phase_at_origin,ABCDE,calibration,3,1,spectral_core,local_partition_rf,0,0.09,0,0.06
5560,2018-02,2017-02,12,0,True,0.0,master,valid_observed_phase_at_origin,ABCDE,calibration,3,1,spectral_core,local_partition_rf,0,0.03,0,0.06
5561,2018-02,2017-02,12,0,True,0.0,master,valid_observed_phase_at_origin,ABCDE,calibration,3,1,spectral_core,local_partition_rf,0,0.02,0,0.06
5562,2018-02,2017-02,12,0,True,0.0,master,valid_observed_phase_at_origin,ABCDE,calibration,3,1,spectral_core,local_partition_rf,0,0.08,0,0.04
5563,2018-02,2017-02,12,0,True,0.0,master,valid_observed_phase_at_origin,ABCDE,calibration,3,1,spectral_core,local_partition_rf,0,0.08,0,0.05
5564,2018-02,2017-02,12,0,True,0.0,master,valid_observed_phase_at_origin,ABCDE,calibration,3,1,spectral_core,local_partition_rf,0,0.09,0,0.03
5565,2018-02,2017-02,12,0,True,0.0,master,valid_observed_phase_at_origin,ABCDE,calibration,3,1,spectral_core,local_partition_rf,0,0.03,0,0.06
5566,2018-02,2017-02,12,0,True,0.0,master,valid_observed_phase_at_origin,ABCDE,calibration,3,1,spectral_core,local_partition_rf,0,0.02,0,0.04
5567,2018-02,2017-02,12,0,True,0.0,master,valid_observed_phase_at_origin,ABCDE,calibration,3,1,spectral_core,local_partition_rf,0,0.03,0,0.05
5568,2018-02,2017-02,12,0,True,0.0,master,valid_observed_phase_at_origin,ABCDE,calibration,3,1,spectral_core,local_partition_rf,0,0.04,0,0.02
5569,2018-02,2017-02,12,0,True,0.0,master,valid_observed_phase_at_origin,ABCDE,calibration,3,1,spectral_core,local_partition_rf,0,0.04,0,0.04
5570,2018-02,2017-02,12,0,True,0.0,master,valid_observed_phase_at_origin,ABCDE,calibration,3,1,spectral_core,local_partition_rf,0,0.05,0,0.04
5571,2018-02,2017-02,12,0,True,0.0,master,valid_observed_phase_at_origin,ABCDE,calibration,3,1,spectral_core,local_partition_rf,0,0.04,0,0.04
5572,2018-02,2017-02,12,0,True,0.0,master,valid_observed_phase_at_origin,ABCDE,calibration,3,1,spectral_core,local_partition_rf,0,0.06,0,0.04
5573,2018-02,2017-02,12,0,True,0.0,master,valid_observed_phase_at_origin,ABCDE,calibration,3,1,spectral_core,local_partition_rf,0,0.09,0,0.09
5574,2018-02,2017-02,12,0,True,0.0,master,valid_observed_phase_at_origin,ABCDE,calibration,3,1,spectral_core,local_partition_rf,0,0.08,0,0.04
5575,2018-02,2017-02,12,0,True,0.0,master,valid_observed_phase_at_origin,ABCDE,calibration,3,1,spectral_core,local_partition_rf,0,0.03,0,0.03
5576,2018-02,2017-02,12,0,True,0.0,master,valid_observed_phase_at_origin,ABCDE,calibration,3,1,spectral_core,local_partition_rf,0,0.01,0,0.05
5577,2018-02,2017-02,12,0,True,0.0,master,valid_observed_phase_at_origin,ABCDE,calibration,3,1,spectral_core,local_partition_rf,0,0.02,0,0.04
5578,2018-02,2017-02,12,0,True,0.0,master,valid_observed_phase_at_origin,ABCDE,calibration,3,1,spectral_core,local_partition_rf,0,0.01,0,0.02
5579,2018-02,2017-02,12,0,True,0.0,master,valid_observed_phase_at_origin,ABCDE,calibration,3,1,spectral_core,local_partition_rf,0,0.02,0,0.01
5580,2018-02,2017-02,12,0,True,0.0,master,valid_observed_phase_at_origin,ABCDE,calibration,3,1,spectral_core,local_partition_rf,0,0.03,0,0.03
5581,2018-02,2017-02,12,0,True,0.0,master,valid_observed_phase_at_origin,ABCDE,calibration,3,1,spectral_core,local_partition_rf,0,0.03,0,0.05
5582,2018-02,2017-02,12,0,True,0.0,master,valid_observed_phase_at_origin,ABCDE,calibration,3,1,spectral_core,local_partition_rf,0,0.06,0,0.03
5583,2018-02,2017-02,12,0,True,0.0,master,valid_observed_phase_at_origin,ABCDE,calibration,3,1,spectral_core,local_partition_rf,0,0.1,0,0.09
5584,2018-02,2017-02,12,0,True,0.0,master,valid_observed_phase_at_origin,ABCDE,calibration,3,1,spectral_core,local_partition_rf,0,0.09,0,0.04
5585,2018-02,2017-02,12,0,True,0.0,master,valid_observed_phase_at_origin,ABCDE,calibration,3,1,spectral_core,local_partition_rf,0,0.03,0,0.06
5586,2018-02,2017-02,12,0,True,0.0,master,valid_observed_phase_at_origin,ABCDE,calibration,3,1,spectral_core,local_partition_rf,0,0.03,0,0.01
5587,2018-02,2017-02,12,0,True,0.0,master,valid_observed_phase_at_origin,ABCDE,calibration,3,1,spectral_core,local_partition_rf,0,0.04,0,0.09
5588,2018-02,2017-02,12,0,True,0.0,master,valid_observed_phase_at_origin,ABCDE,calibration,3,1,spectral_core,local_partition_rf,0,0.03,0,0.08
5589,2018-02,2017-02,12,0,True,0.0,master,valid_observed_phase_at_origin,ABCDE,calibration,3,1,spectral_core,local_partition_rf,0,0.05,0,0.05
5590,2018-02,2017-02,12,0,True,0.0,master,valid_observed_phase_at_origin,ABCDE,calibration,3,1,spectral_core,local_partition_rf,0,0.02,0,0.07
5591,2018-02,2017-02,12,0,True,0.0,master,valid_observed_phase_at_origin,ABCDE,calibration,3,1,spectral_core,local_partition_rf,0,0.04,0,0.04
5592,2018-02,2017-02,12,0,True,0.0,master,valid_observed_phase_at_origin,ABCDE,calibration,3,1,spectral_core,local_partition_rf,0,0.05,0,0.07
5593,2018-02,2017-02,12,0,True,0.0,master,valid_observed_phase_at_origin,ABCDE,calibration,3,1,spectral_core,local_partition_rf,0,0.04,0,0.04
5594,2018-02,2017-02,12,0,True,0.0,master,valid_observed_phase_at_origin,ABCDE,calibration,3,1,spectral_core,local_partition_rf,0,0.12,0,0.16
5595,2018-02,2017-02,12,0,True,0.0,master,valid_observed_phase_at_origin,ABCDE,calibration,3,1,spectral_core,local_partition_rf,0,0.04,0,0.08
5596,2018-02,2017-02,12,0,True,0.0,master,valid_observed_phase_at_origin,ABCDE,calibration,3,1,spectral_core,local_partition_rf,0,0.07,0,0.1
5597,2018-02,2017-02,12,0,True,0.0,master,valid_observed_phase_at_origin,ABCDE,calibration,3,1,spectral_core,local_partition_rf,0,0.05,0,0.04
5598,2018-02,2017-02,12,0,True,0.0,master,valid_observed_phase_at_origin,ABCDE,calibration,3,1,spectral_core,local_partition_rf,0,0.02,0,0.04
5599,2018-02,2017-02,12,0,True,0.0,master,valid_observed_phase_at_origin,ABCDE,calibration,3,1,spectral_core,local_partition_rf,0,0.02,0,0.04
5601,2018-02,2017-02,12,0,True,0.0,master,valid_observed_phase_at_origin,ABCDE,calibration,3,1,spectral_core,local_partition_rf,0,0.04,0,0.06
5602,2018-02,2017-02,12,0,True,0.0,master,valid_observed_phase_at_origin,ABCDE,calibration,3,1,spectral_core,local_partition_rf,0,0.06,0,0.03
5603,2018-02,2017-02,12,0,True,0.0,master,valid_observed_phase_at_origin,ABCDE,calibration,3,1,spectral_core,local_partition_rf,0,0.04,0,0.11
5604,2018-02,2017-02,12,0,True,0.0,master,valid_observed_phase_at_origin,ABCDE,calibration,3,1,spectral_core,local_partition_rf,0,0.03,0,0.09
5605,2018-02,2017-02,12,0,True,0.0,master,valid_observed_phase_at_origin,ABCDE,calibration,3,1,spectral_core,local_partition_rf,0,0.06,0,0.1
5606,2018-02,2017-02,12,0,True,0.0,master,valid_observed_phase_at_origin,ABCDE,calibration,3,1,spectral_core,local_partition_rf,0,0.05,0,0.07
5607,2018-02,2017-02,12,0,True,0.0,master,valid_observed_phase_at_origin,ABCDE,calibration,3,1,spectral_core,local_partition_rf,0,0.02,0,0.07
5608,2018-02,2017-02,12,0,True,0.0,master,valid_observed_phase_at_origin,ABCDE,calibration,3,1,spectral_core,local_partition_rf,0,0.03,0,0.04
5609,2018-02,2017-02,12,0,True,0.0,master,valid_observed_phase_at_origin,ABCDE,calibration,3,1,spectral_core,local_partition_rf,0,0.03,0,0.07
5610,2018-02,2017-02,12,0,True,0.0,master,valid_observed_phase_at_origin,ABCDE,calibration,3,1,spectral_core,local_partition_rf,0,0.08,0,0.08
5611,2018-02,2017-02,12,0,True,0.0,master,valid_observed_phase_at_origin,ABCDE,calibration,3,1,spectral_core,local_partition_rf,0,0.1,0,0.12
5612,2018-02,2017-02,12,0,True,0.0,master,valid_observed_phase_at_origin,ABCDE,calibration,3,1,spectral_core,local_partition_rf,0,0.08,0,0.04
5613,2018-02,2017-02,12,0,True,0.0,master,valid_observed_phase_at_origin,ABCDE,calibration,3,1,spectral_core,local_partition_rf,0,0.14,0,0.1
5614,2018-02,2017-02,12,0,True,0.0,master,valid_observed_phase_at_origin,ABCDE,calibration,3,1,spectral_core,local_partition_rf,0,0.04,0,0.12
5615,2018-02,2017-02,12,0,True,0.0,master,valid_observed_phase_at_origin,ABCDE,calibration,3,1,spectral_core,local_partition_rf,0,0.02,0,0.05
5616,2018-02,2017-02,12,0,True,0.0,master,valid_observed_phase_at_origin,ABCDE,calibration,3,1,spectral_core,local_partition_rf,0,0.07,0,0.1
5617,2018-02,2017-02,12,0,True,0.0,master,valid_observed_phase_at_origin,ABCDE,calibration,3,1,spectral_core,local_partition_rf,0,0.03,0,0.04
5618,2018-02,2017-02,12,0,True,0.0,master,valid_observed_phase_at_origin,ABCDE,calibration,3,1,spectral_core,local_partition_rf,0,0.03,0,0.02
5619,2018-02,2017-02,12,0,True,0.0,master,valid_observed_phase_at_origin,ABCDE,calibration,3,1,spectral_core,local_partition_rf,0,0.04,0,0.09
5620,2018-02,2017-02,12,0,True,0.0,master,valid_observed_phase_at_origin,ABCDE,calibration,3,1,spectral_core,local_partition_rf,0,0.04,0,0.13
5621,2018-02,2017-02,12,0,True,0.0,master,valid_observed_phase_at_origin,ABCDE,calibration,3,1,spectral_core,local_partition_rf,0,0.03,0,0.05
5622,2018-02,2017-02,12,0,True,0.0,master,valid_observed_phase_at_origin,ABCDE,calibration,3,1,spectral_core,local_partition_rf,0,0.03,0,0.05
5623,2018-02,2017-02,12,0,True,0.0,master,valid_observed_phase_at_origin,ABCDE,calibration,3,1,spectral_core,local_partition_rf,0,0.02,0,0.05
5624,2018-02,2017-02,12,0,True,0.0,master,valid_observed_phase_at_origin,ABCDE,calibration,3,1,spectral_core,local_partition_rf,0,0.05,0,0.05
5625,2018-02,2017-02,12,0,True,1.0,master,valid_observed_phase_at_origin,ABCDE,calibration,3,1,spectral_core,local_partition_rf,0,0.26,0,0.31
5626,2018-02,2017-02,12,0,True,0.0,master,valid_observed_phase_at_origin,ABCDE,calibration,3,1,spectral_core,local_partition_rf,0,0.07,0,0.13
5627,2018-02,2017-02,12,0,True,0.0,master,valid_observed_phase_at_origin,ABCDE,calibration,3,1,spectral_core,local_partition_rf,0,0.03,0,0.05
5628,2018-02,2017-02,12,0,True,0.0,master,valid_observed_phase_at_origin,ABCDE,calibration,3,1,spectral_core,local_partition_rf,0,0.01,0,0.03
5629,2018-02,2017-02,12,0,True,0.0,master,valid_observed_phase_at_origin,ABCDE,calibration,3,1,spectral_core,local_partition_rf,0,0.04,0,0.06
5630,2018-02,2017-02,12,0,True,0.0,master,valid_observed_phase_at_origin,ABCDE,calibration,3,1,spectral_core,local_partition_rf,0,0.06,0,0.14
5631,2018-02,2017-02,12,0,True,0.0,master,valid_observed_phase_at_origin,ABCDE,calibration,3,1,spectral_core,local_partition_rf,0,0.02,0,0.03
5632,2018-02,2017-02,12,0,True,0.0,master,valid_observed_phase_at_origin,ABCDE,calibration,3,1,spectral_core,local_partition_rf,0,0.03,0,0.06
5633,2018-02,2017-02,12,0,True,0.0,master,valid_observed_phase_at_origin,ABCDE,calibration,3,1,spectral_core,local_partition_rf,0,0.02,0,0.05
5634,2018-02,2017-02,12,0,True,0.0,master,valid_observed_phase_at_origin,ABCDE,calibration,3,1,spectral_core,local_partition_rf,0,0.02,0,0.04
5635,2018-02,2017-02,12,0,True,0.0,master,valid_observed_phase_at_origin,ABCDE,calibration,3,1,spectral_core,local_partition_rf,0,0.03,0,0.09
5636,2018-02,2017-02,12,0,True,0.0,master,valid_observed_phase_at_origin,ABCDE,calibration,3,1,spectral_core,local_partition_rf,0,0.03,0,0.06
5637,2018-02,2017-02,12,0,True,0.0,master,valid_observed_phase_at_origin,ABCDE,calibration,3,1,spectral_core,local_partition_rf,0,0.03,0,0.04
5638,2018-02,2017-02,12,0,True,0.0,master,valid_observed_phase_at_origin,ABCDE,calibration,3,1,spectral_core,local_partition_rf,0,0.03,0,0.03
5639,2018-02,2017-02,12,0,True,0.0,master,valid_observed_phase_at_origin,ABCDE,calibration,3,1,spectral_core,local_partition_rf,0,0.08,0,0.04
5640,2018-02,2017-02,12,0,True,0.0,master,valid_observed_phase_at_origin,ABCDE,calibration,3,1,spectral_core,local_partition_rf,0,0.09,0,0.12
5641,2018-02,2017-02,12,0,True,0.0,master,valid_observed_phase_at_origin,ABCDE,calibration,3,1,spectral_core,local_partition_rf,0,0.1,0,0.2
5642,2018-02,2017-02,12,0,True,0.0,master,valid_observed_phase_at_origin,ABCDE,calibration,3,1,spectral_core,local_partition_rf,0,0.14,0,0.15
5643,2018-02,2017-02,12,0,True,0.0,master,valid_observed_phase_at_origin,ABCDE,calibration,3,1,spectral_core,local_partition_rf,0,0.11,0,0.14
5644,2018-02,2017-02,12,0,True,0.0,master,valid_observed_phase_at_origin,ABCDE,calibration,3,1,spectral_core,local_partition_rf,0,0.05,0,0.12
5645,2018-02,2017-02,12,0,True,0.0,master,valid_observed_phase_at_origin,ABCDE,calibration,3,1,spectral_core,local_partition_rf,0,0.06,0,0.14
5646,2018-02,2017-02,12,0,True,0.0,master,valid_observed_phase_at_origin,ABCDE,calibration,3,1,spectral_core,local_partition_rf,0,0.06,0,0.13
5647,2018-02,2017-02,12,0,True,0.0,master,valid_observed_phase_at_origin,ABCDE,calibration,3,1,spectral_core,local_partition_rf,0,0.06,0,0.05
5648,2018-02,2017-02,12,0,True,0.0,master,valid_observed_phase_at_origin,ABCDE,calibration,3,1,spectral_core,local_partition_rf,0,0.17,0,0.05
5649,2018-02,2017-02,12,0,True,0.0,master,valid_observed_phase_at_origin,ABCDE,calibration,3,1,spectral_core,local_partition_rf,0,0.16,0,0.08
5650,2018-02,2017-02,12,0,True,0.0,master,valid_observed_phase_at_origin,ABCDE,calibration,3,1,spectral_core,local_partition_rf,0,0.15,0,0.07
5651,2018-02,2017-02,12,0,True,0.0,master,valid_observed_phase_at_origin,ABCDE,calibration,3,1,spectral_core,local_partition_rf,0,0.07,0,0.03
5652,2018-02,2017-02,12,0,True,0.0,master,valid_observed_phase_at_origin,ABCDE,calibration,3,1,spectral_core,local_partition_rf,0,0.16,0,0.07
