FEWSNET_admin_code,target_month,origin_month,horizon_months,target_label,persistence_available,persistence,persistence_source,persistence_reason,arm,map_role,forecasting_scope,partition_id,map_assignment_source,model_route,rf_hard_prediction,rf_prob_class1,pooled_hard_prediction,pooled_prob_class1
79,2020-10,2020-06,4,0,True,0.0,master,valid_observed_phase_at_origin,ABCD,selection,1,5,spectral_core,local_partition_rf,0,0.12,0,0.1
80,2020-10,2020-06,4,0,True,0.0,master,valid_observed_phase_at_origin,ABCD,selection,1,5,spectral_core,local_partition_rf,0,0.08,0,0.12
81,2020-10,2020-06,4,0,True,0.0,master,valid_observed_phase_at_origin,ABCD,selection,1,5,spectral_core,local_partition_rf,0,0.2,0,0.14
82,2020-10,2020-06,4,0,True,0.0,master,valid_observed_phase_at_origin,ABCD,selection,1,5,spectral_core,local_partition_rf,0,0.22,0,0.16
83,2020-10,2020-06,4,0,True,0.0,master,valid_observed_phase_at_origin,ABCD,selection,1,5,spectral_core,local_partition_rf,0,0.08,0,0.08
84,2020-10,2020-06,4,0,True,0.0,master,valid_observed_phase_at_origin,ABCD,selection,1,5,spectral_core,local_partition_rf,0,0.23,0,0.17
85,2020-10,2020-06,4,0,True,0.0,master,valid_observed_phase_at_origin,ABCD,selection,1,5,spectral_core,local_partition_rf,0,0.2,0,0.15
86,2020-10,2020-06,4,0,True,0.0,master,valid_observed_phase_at_origin,ABCD,selection,1,5,spectral_core,local_partition_rf,0,0.11,0,0.17
87,2020-10,2020-06,4,0,True,0.0,master,valid_observed_phase_at_origin,ABCD,selection,1,5,spectral_core,local_partition_rf,0,0.15,0,0.2
88,2020-10,2020-06,4,0,True,0.0,master,valid_observed_phase_at_origin,ABCD,selection,1,5,spectral_core,local_partition_rf,0,0.21,0,0.19
89,2020-10,2020-06,4,0,True,0.0,master,valid_observed_phase_at_origin,ABCD,selection,1,5,spectral_core,local_partition_rf,0,0.14,0,0.1
90,2020-10,2020-06,4,0,True,0.0,master,valid_observed_phase_at_origin,ABCD,selection,1,5,spectral_core,local_partition_rf,0,0.14,0,0.17
91,2020-10,2020-06,4,0,True,0.0,master,valid_observed_phase_at_origin,ABCD,selection,1,5,spectral_core,local_partition_rf,0,0.09,0,0.13
92,2020-10,2020-06,4,0,True,0.0,master,valid_observed_phase_at_origin,ABCD,selection,1,5,spectral_core,local_partition_rf,0,0.15,0,0.22
93,2020-10,2020-06,4,0,True,0.0,master,valid_observed_phase_at_origin,ABCD,selection,1,5,spectral_core,local_partition_rf,0,0.15,0,0.11
94,2020-10,2020-06,4,0,True,0.0,master,valid_observed_phase_at_origin,ABCD,selection,1,5,spectral_core,local_partition_rf,0,0.12,0,0.04
95,2020-10,2020-06,4,0,True,0.0,master,valid_observed_phase_at_origin,ABCD,selection,1,5,spectral_core,local_partition_rf,0,0.16,0,0.23
96,2020-10,2020-06,4,0,True,0.0,master,valid_observed_phase_at_origin,ABCD,selection,1,5,spectral_core,local_partition_rf,0,0.21,0,0.17
97,2020-10,2020-06,4,0,True,0.0,master,valid_observed_phase_at_origin,ABCD,selection,1,5,spectral_core,local_partition_rf,0,0.23,0,0.17
98,2020-10,2020-06,4,0,True,0.0,master,valid_observed_phase_at_origin,ABCD,selection,1,5,spectral_core,local_partition_rf,0,0.15,0,0.13
99,2020-10,2020-06,4,0,True,0.0,master,valid_observed_phase_at_origin,ABCD,selection,1,5,spectral_core,local_partition_rf,0,0.17,0,0.16
100,2020-10,2020-06,4,0,True,0.0,master,valid_observed_phase_at_origin,ABCD,selection,1,5,spectral_core,local_partition_rf,0,0.2,0,0.12
101,2020-10,2020-06,4,0,True,0.0,master,valid_observed_phase_at_origin,ABCD,selection,1,5,spectral_core,local_partition_rf,0,0.21,0,0.16
102,2020-10,2020-06,4,0,True,0.0,master,valid_observed_phase_at_origin,ABCD,selection,1,5,spectral_core,local_partition_rf,0,0.12,0,0.13
103,2020-10,2020-06,4,0,True,0.0,master,valid_observed_phase_at_origin,ABCD,selection,1,5,spectral_core,local_partition_rf,0,0.11,0,0.17
104,2020-10,2020-06,4,0,True,0.0,master,valid_observed_phase_at_origin,ABCD,selection,1,5,spectral_core,local_partition_rf,0,0.22,0,0.11
105,2020-10,2020-06,4,0,True,0.0,master,valid_observed_phase_at_origin,ABCD,selection,1,5,spectral_core,local_partition_rf,0,0.21,0,0.13
106,2020-10,2020-06,4,0,True,0.0,master,valid_observed_phase_at_origin,ABCD,selection,1,5,spectral_core,local_partition_rf,0,0.16,0,0.12
107,2020-10,2020-06,4,0,True,0.0,master,valid_observed_phase_at_origin,ABCD,selection,1,5,spectral_core,local_partition_rf,0,0.12,0,0.1
108,2020-10,2020-06,4,0,True,0.0,master,valid_observed_phase_at_origin,ABCD,selection,1,5,spectral_core,local_partition_rf,0,0.26,0,0.17
109,2020-10,2020-06,4,0,True,0.0,master,valid_observed_phase_at_origin,ABCD,selection,1,5,spectral_core,local_partition_rf,0,0.2,0,0.1
110,2020-10,2020-06,4,0,True,0.0,master,valid_observed_phase_at_origin,ABCD,selection,1,5,spectral_core,local_partition_rf,0,0.2,0,0.14
111,2020-10,2020-06,4,0,True,0.0,master,valid_observed_phase_at_origin,ABCD,selection,1,5,spectral_core,local_partition_rf,0,0.21,0,0.15
112,2020-10,2020-06,4,0,True,0.0,master,valid_observed_phase_at_origin,ABCD,selection,1,5,spectral_core,local_partition_rf,0,0.1,0,0.1
113,2020-10,2020-06,4,0,True,0.0,master,valid_observed_phase_at_origin,ABCD,selection,1,5,spectral_core,local_partition_rf,0,0.15,0,0.2
114,2020-10,2020-06,4,0,True,0.0,master,valid_observed_phase_at_origin,ABCD,selection,1,5,spectral_core,local_partition_rf,0,0.1,0,0.11
115,2020-10,2020-06,4,0,True,0.0,master,valid_observed_phase_at_origin,ABCD,selection,1,5,spectral_core,local_partition_rf,0,0.13,0,0.15
116,2020-10,2020-06,4,0,True,0.0,master,valid_observed_phase_at_origin,ABCD,selection,1,5,spectral_core,local_partition_rf,0,0.17,0,0.17
117,2020-10,2020-06,4,1,True,0.0,master,valid_observed_phase_at_origin,ABCD,selection,1,5,spectral_core,local_partition_rf,0,0.13,0,0.15
118,2020-10,2020-06,4,1,True,0.0,master,valid_observed_phase_at_origin,ABCD,selection,1,5,spectral_core,local_partition_rf,0,0.24,0,0.23
119,2020-10,2020-06,4,0,True,0.0,master,valid_observed_phase_at_origin,ABCD,selection,1,5,spectral_core,local_partition_rf,0,0.15,0,0.11
120,2020-10,2020-06,4,0,True,0.0,master,valid_observed_phase_at_origin,ABCD,selection,1,5,spectral_core,local_partition_rf,0,0.05,0,0.08
121,2020-10,2020-06,4,0,True,0.0,master,valid_observed_phase_at_origin,ABCD,selection,1,5,spectral_core,local_partition_rf,0,0.08,0,0.07
122,2020-10,2020-06,4,0,True,0.0,master,valid_observed_phase_at_origin,ABCD,selection,1,5,spectral_core,local_partition_rf,0,0.05,0,0.06
123,2020-10,2020-06,4,0,True,0.0,master,valid_observed_phase_at_origin,ABCD,selection,1,5,spectral_core,local_partition_rf,0,0.07,0,0.07
124,2020-10,2020-06,4,0,True,0.0,master,valid_observed_phase_at_origin,ABCD,selection,1,5,spectral_core,local_partition_rf,0,0.09,0,0.06
125,2020-10,2020-06,4,0,True,0.0,master,valid_observed_phase_at_origin,ABCD,selection,1,5,spectral_core,local_partition_rf,0,0.07,0,0.05
126,2020-10,2020-06,4,0,True,0.0,master,valid_observed_phase_at_origin,ABCD,selection,1,5,spectral_core,local_partition_rf,0,0.06,0,0.06
127,2020-10,2020-06,4,0,True,0.0,master,valid_observed_phase_at_origin,ABCD,selection,1,5,spectral_core,local_partition_rf,0,0.11,0,0.19
128,2020-10,2020-06,4,0,True,0.0,master,valid_observed_phase_at_origin,ABCD,selection,1,5,spectral_core,local_partition_rf,0,0.09,0,0.04
129,2020-10,2020-06,4,0,True,0.0,master,valid_observed_phase_at_origin,ABCD,selection,1,5,spectral_core,local_partition_rf,0,0.13,0,0.17
130,2020-10,2020-06,4,0,True,0.0,master,valid_observed_phase_at_origin,ABCD,selection,1,5,spectral_core,local_partition_rf,0,0.06,0,0.06
131,2020-10,2020-06,4,0,True,0.0,master,valid_observed_phase_at_origin,ABCD,selection,1,5,spectral_core,local_partition_rf,0,0.05,0,0.02
132,2020-10,2020-06,4,0,True,0.0,master,valid_observed_phase_at_origin,ABCD,selection,1,5,spectral_core,local_partition_rf,0,0.04,0,0.03
133,2020-10,2020-06,4,0,True,0.0,master,valid_observed_phase_at_origin,ABCD,selection,1,5,spectral_core,local_partition_rf,0,0.03,0,0.02
134,2020-10,2020-06,4,0,True,0.0,master,valid_observed_phase_at_origin,ABCD,selection,1,5,spectral_core,local_partition_rf,0,0.04,0,0.06
135,2020-10,2020-06,4,0,True,0.0,master,valid_observed_phase_at_origin,ABCD,selection,1,5,spectral_core,local_partition_rf,0,0.04,0,0.04
136,2020-10,2020-06,4,0,True,0.0,master,valid_observed_phase_at_origin,ABCD,selection,1,5,spectral_core,local_partition_rf,0,0.08,0,0.02
137,2020-10,2020-06,4,0,True,0.0,master,valid_observed_phase_at_origin,ABCD,selection,1,5,spectral_core,local_partition_rf,0,0.04,0,0.02
138,2020-10,2020-06,4,0,True,0.0,master,valid_observed_phase_at_origin,ABCD,selection,1,5,spectral_core,local_partition_rf,0,0.05,0,0.02
139,2020-10,2020-06,4,0,True,0.0,master,valid_observed_phase_at_origin,ABCD,selection,1,5,spectral_core,local_partition_rf,0,0.05,0,0.06
140,2020-10,2020-06,4,0,True,0.0,master,valid_observed_phase_at_origin,ABCD,selection,1,5,spectral_core,local_partition_rf,0,0.05,0,0.01
141,2020-10,2020-06,4,0,True,0.0,master,valid_observed_phase_at_origin,ABCD,selection,1,5,spectral_core,local_partition_rf,0,0.03,0,0.02
142,2020-10,2020-06,4,0,True,0.0,master,valid_observed_phase_at_origin,ABCD,selection,1,5,spectral_core,local_partition_rf,0,0.04,0,0.04
143,2020-10,2020-06,4,0,True,0.0,master,valid_observed_phase_at_origin,ABCD,selection,1,5,spectral_core,local_partition_rf,0,0.04,0,0.01
144,2020-10,2020-06,4,0,True,0.0,master,valid_observed_phase_at_origin,ABCD,selection,1,5,spectral_core,local_partition_rf,0,0.04,0,0.01
145,2020-10,2020-06,4,0,True,0.0,master,valid_observed_phase_at_origin,ABCD,selection,1,5,spectral_core,local_partition_rf,0,0.06,0,0.02
146,2020-10,2020-06,4,0,True,0.0,master,valid_observed_phase_at_origin,ABCD,selection,1,5,spectral_core,local_partition_rf,0,0.04,0,0.0
147,2020-10,2020-06,4,0,True,0.0,master,valid_observed_phase_at_origin,ABCD,selection,1,5,spectral_core,local_partition_rf,0,0.05,0,0.0
148,2020-10,2020-06,4,0,True,0.0,master,valid_observed_phase_at_origin,ABCD,selection,1,5,spectral_core,local_partition_rf,0,0.09,0,0.02
149,2020-10,2020-06,4,0,True,0.0,master,valid_observed_phase_at_origin,ABCD,selection,1,5,spectral_core,local_partition_rf,0,0.07,0,0.01
150,2020-10,2020-06,4,0,True,0.0,master,valid_observed_phase_at_origin,ABCD,selection,1,5,spectral_core,local_partition_rf,0,0.07,0,0.1
151,2020-10,2020-06,4,0,True,0.0,master,valid_observed_phase_at_origin,ABCD,selection,1,5,spectral_core,local_partition_rf,0,0.04,0,0.02
152,2020-10,2020-06,4,0,True,0.0,master,valid_observed_phase_at_origin,ABCD,selection,1,5,spectral_core,local_partition_rf,0,0.07,0,0.02
153,2020-10,2020-06,4,0,True,0.0,master,valid_observed_phase_at_origin,ABCD,selection,1,5,spectral_core,local_partition_rf,0,0.05,0,0.01
154,2020-10,2020-06,4,0,True,0.0,master,valid_observed_phase_at_origin,ABCD,selection,1,5,spectral_core,local_partition_rf,0,0.05,0,0.03
155,2020-10,2020-06,4,0,True,0.0,master,valid_observed_phase_at_origin,ABCD,selection,1,5,spectral_core,local_partition_rf,0,0.1,0,0.03
156,2020-10,2020-06,4,0,True,0.0,master,valid_observed_phase_at_origin,ABCD,selection,1,5,spectral_core,local_partition_rf,0,0.08,0,0.07
157,2020-10,2020-06,4,0,True,0.0,master,valid_observed_phase_at_origin,ABCD,selection,1,5,spectral_core,local_partition_rf,0,0.06,0,0.01
158,2020-10,2020-06,4,0,True,0.0,master,valid_observed_phase_at_origin,ABCD,selection,1,5,spectral_core,local_partition_rf,0,0.06,0,0.03
159,2020-10,2020-06,4,0,True,0.0,master,valid_observed_phase_at_origin,ABCD,selection,1,5,spectral_core,local_partition_rf,0,0.06,0,0.02
160,2020-10,2020-06,4,0,True,0.0,master,valid_observed_phase_at_origin,ABCD,selection,1,5,spectral_core,local_partition_rf,0,0.22,0,0.16
161,2020-10,2020-06,4,0,True,0.0,master,valid_observed_phase_at_origin,ABCD,selection,1,5,spectral_core,local_partition_rf,0,0.21,0,0.13
162,2020-10,2020-06,4,0,True,0.0,master,valid_observed_phase_at_origin,ABCD,selection,1,5,spectral_core,local_partition_rf,0,0.2,0,0.12
163,2020-10,2020-06,4,0,True,0.0,master,valid_observed_phase_at_origin,ABCD,selection,1,5,spectral_core,local_partition_rf,0,0.2,0,0.14
164,2020-10,2020-06,4,0,True,0.0,master,valid_observed_phase_at_origin,ABCD,selection,1,5,spectral_core,local_partition_rf,0,0.2,0,0.12
165,2020-10,2020-06,4,0,True,0.0,master,valid_observed_phase_at_origin,ABCD,selection,1,5,spectral_core,local_partition_rf,0,0.2,0,0.16
166,2020-10,2020-06,4,0,True,0.0,master,valid_observed_phase_at_origin,ABCD,selection,1,5,spectral_core,local_partition_rf,0,0.22,0,0.1
167,2020-10,2020-06,4,0,True,0.0,master,valid_observed_phase_at_origin,ABCD,selection,1,5,spectral_core,local_partition_rf,0,0.21,0,0.11
168,2020-10,2020-06,4,0,True,0.0,master,valid_observed_phase_at_origin,ABCD,selection,1,5,spectral_core,local_partition_rf,0,0.22,0,0.15
169,2020-10,2020-06,4,0,True,0.0,master,valid_observed_phase_at_origin,ABCD,selection,1,5,spectral_core,local_partition_rf,0,0.25,0,0.21
170,2020-10,2020-06,4,0,True,0.0,master,valid_observed_phase_at_origin,ABCD,selection,1,5,spectral_core,local_partition_rf,0,0.23,0,0.17
171,2020-10,2020-06,4,0,True,0.0,master,valid_observed_phase_at_origin,ABCD,selection,1,5,spectral_core,local_partition_rf,0,0.21,0,0.2
172,2020-10,2020-06,4,0,True,1.0,master,valid_observed_phase_at_origin,ABCD,selection,1,11,spectral_core,local_partition_rf,0,0.49,1,0.65
173,2020-10,2020-06,4,0,True,1.0,master,valid_observed_phase_at_origin,ABCD,selection,1,11,spectral_core,local_partition_rf,0,0.5,1,0.53
174,2020-10,2020-06,4,0,True,1.0,master,valid_observed_phase_at_origin,ABCD,selection,1,11,spectral_core,local_partition_rf,1,0.53,1,0.57
175,2020-10,2020-06,4,0,True,0.0,master,valid_observed_phase_at_origin,ABCD,selection,1,11,spectral_core,local_partition_rf,0,0.31,0,0.27
176,2020-10,2020-06,4,0,True,1.0,master,valid_observed_phase_at_origin,ABCD,selection,1,11,spectral_core,local_partition_rf,0,0.41,1,0.56
177,2020-10,2020-06,4,0,True,1.0,master,valid_observed_phase_at_origin,ABCD,selection,1,11,spectral_core,local_partition_rf,0,0.48,1,0.52
178,2020-10,2020-06,4,0,True,0.0,master,valid_observed_phase_at_origin,ABCD,selection,1,11,spectral_core,local_partition_rf,0,0.3,0,0.23
179,2020-10,2020-06,4,1,True,0.0,master,valid_observed_phase_at_origin,ABCD,selection,1,11,spectral_core,local_partition_rf,0,0.22,0,0.16
180,2020-10,2020-06,4,1,True,0.0,master,valid_observed_phase_at_origin,ABCD,selection,1,11,spectral_core,local_partition_rf,0,0.25,0,0.19
181,2020-10,2020-06,4,1,True,0.0,master,valid_observed_phase_at_origin,ABCD,selection,1,11,spectral_core,local_partition_rf,0,0.36,0,0.15
182,2020-10,2020-06,4,1,True,0.0,master,valid_observed_phase_at_origin,ABCD,selection,1,11,spectral_core,local_partition_rf,0,0.28,0,0.18
183,2020-10,2020-06,4,1,True,0.0,master,valid_observed_phase_at_origin,ABCD,selection,1,11,spectral_core,local_partition_rf,0,0.28,0,0.24
184,2020-10,2020-06,4,1,True,0.0,master,valid_observed_phase_at_origin,ABCD,selection,1,11,spectral_core,local_partition_rf,0,0.23,0,0.17
185,2020-10,2020-06,4,1,True,0.0,master,valid_observed_phase_at_origin,ABCD,selection,1,11,spectral_core,local_partition_rf,0,0.28,0,0.19
186,2020-10,2020-06,4,1,True,0.0,master,valid_observed_phase_at_origin,ABCD,selection,1,11,spectral_core,local_partition_rf,0,0.2,0,0.14
187,2020-10,2020-06,4,0,True,0.0,master,valid_observed_phase_at_origin,ABCD,selection,1,11,spectral_core,local_partition_rf,0,0.3,0,0.21
188,2020-10,2020-06,4,0,True,0.0,master,valid_observed_phase_at_origin,ABCD,selection,1,11,spectral_core,local_partition_rf,0,0.21,0,0.19
189,2020-10,2020-06,4,0,True,0.0,master,valid_observed_phase_at_origin,ABCD,selection,1,11,spectral_core,local_partition_rf,0,0.18,0,0.13
190,2020-10,2020-06,4,1,True,0.0,master,valid_observed_phase_at_origin,ABCD,selection,1,11,spectral_core,local_partition_rf,0,0.32,0,0.2
191,2020-10,2020-06,4,0,True,0.0,master,valid_observed_phase_at_origin,ABCD,selection,1,11,spectral_core,local_partition_rf,0,0.2,0,0.16
192,2020-10,2020-06,4,0,True,0.0,master,valid_observed_phase_at_origin,ABCD,selection,1,11,spectral_core,local_partition_rf,0,0.28,0,0.22
193,2020-10,2020-06,4,1,True,0.0,master,valid_observed_phase_at_origin,ABCD,selection,1,11,spectral_core,local_partition_rf,0,0.3,0,0.27
194,2020-10,2020-06,4,0,True,0.0,master,valid_observed_phase_at_origin,ABCD,selection,1,11,spectral_core,local_partition_rf,0,0.23,0,0.23
195,2020-10,2020-06,4,1,True,0.0,master,valid_observed_phase_at_origin,ABCD,selection,1,11,spectral_core,local_partition_rf,0,0.28,0,0.26
196,2020-10,2020-06,4,0,True,0.0,master,valid_observed_phase_at_origin,ABCD,selection,1,11,spectral_core,local_partition_rf,0,0.28,0,0.3
197,2020-10,2020-06,4,0,True,0.0,master,valid_observed_phase_at_origin,ABCD,selection,1,11,spectral_core,local_partition_rf,0,0.19,0,0.21
198,2020-10,2020-06,4,0,True,0.0,master,valid_observed_phase_at_origin,ABCD,selection,1,11,spectral_core,local_partition_rf,0,0.24,0,0.24
199,2020-10,2020-06,4,0,True,0.0,master,valid_observed_phase_at_origin,ABCD,selection,1,11,spectral_core,local_partition_rf,0,0.28,0,0.17
200,2020-10,2020-06,4,0,True,0.0,master,valid_observed_phase_at_origin,ABCD,selection,1,11,spectral_core,local_partition_rf,0,0.18,0,0.21
201,2020-10,2020-06,4,0,True,0.0,master,valid_observed_phase_at_origin,ABCD,selection,1,11,spectral_core,local_partition_rf,0,0.26,0,0.19
202,2020-10,2020-06,4,0,True,0.0,master,valid_observed_phase_at_origin,ABCD,selection,1,11,spectral_core,local_partition_rf,0,0.21,0,0.15
203,2020-10,2020-06,4,0,True,0.0,master,valid_observed_phase_at_origin,ABCD,selection,1,11,spectral_core,local_partition_rf,0,0.33,0,0.22
204,2020-10,2020-06,4,0,True,0.0,master,valid_observed_phase_at_origin,ABCD,selection,1,11,spectral_core,local_partition_rf,0,0.3,0,0.25
205,2020-10,2020-06,4,0,True,0.0,master,valid_observed_phase_at_origin,ABCD,selection,1,11,spectral_core,local_partition_rf,0,0.25,0,0.17
206,2020-10,2020-06,4,0,True,0.0,master,valid_observed_phase_at_origin,ABCD,selection,1,11,spectral_core,local_partition_rf,0,0.27,0,0.24
207,2020-10,2020-06,4,0,True,0.0,master,valid_observed_phase_at_origin,ABCD,selection,1,11,spectral_core,local_partition_rf,0,0.2,0,0.15
208,2020-10,2020-06,4,0,True,0.0,master,valid_observed_phase_at_origin,ABCD,selection,1,11,spectral_core,local_partition_rf,0,0.26,0,0.25
209,2020-10,2020-06,4,1,True,0.0,master,valid_observed_phase_at_origin,ABCD,selection,1,11,spectral_core,local_partition_rf,0,0.35,0,0.26
210,2020-10,2020-06,4,1,True,0.0,master,valid_observed_phase_at_origin,ABCD,selection,1,11,spectral_core,local_partition_rf,0,0.33,0,0.29
211,2020-10,2020-06,4,1,True,0.0,master,valid_observed_phase_at_origin,ABCD,selection,1,11,spectral_core,local_partition_rf,0,0.33,0,0.27
212,2020-10,2020-06,4,1,True,0.0,master,valid_observed_phase_at_origin,ABCD,selection,1,11,spectral_core,local_partition_rf,0,0.3,0,0.2
213,2020-10,2020-06,4,1,True,0.0,master,valid_observed_phase_at_origin,ABCD,selection,1,11,spectral_core,local_partition_rf,0,0.24,0,0.21
214,2020-10,2020-06,4,1,True,0.0,master,valid_observed_phase_at_origin,ABCD,selection,1,11,spectral_core,local_partition_rf,0,0.34,0,0.28
215,2020-10,2020-06,4,1,True,0.0,master,valid_observed_phase_at_origin,ABCD,selection,1,11,spectral_core,local_partition_rf,0,0.39,0,0.28
217,2020-10,2020-06,4,1,True,0.0,master,valid_observed_phase_at_origin,ABCD,selection,1,11,spectral_core,local_partition_rf,0,0.37,0,0.24
218,2020-10,2020-06,4,1,True,0.0,master,valid_observed_phase_at_origin,ABCD,selection,1,2,spectral_core,local_partition_rf,0,0.15,0,0.22
219,2020-10,2020-06,4,1,True,0.0,master,valid_observed_phase_at_origin,ABCD,selection,1,11,spectral_core,local_partition_rf,0,0.37,0,0.25
220,2020-10,2020-06,4,1,True,0.0,master,valid_observed_phase_at_origin,ABCD,selection,1,2,spectral_core,local_partition_rf,0,0.43,0,0.2
221,2020-10,2020-06,4,1,True,0.0,master,valid_observed_phase_at_origin,ABCD,selection,1,11,spectral_core,local_partition_rf,0,0.44,0,0.27
222,2020-10,2020-06,4,1,True,0.0,master,valid_observed_phase_at_origin,ABCD,selection,1,11,spectral_core,local_partition_rf,0,0.43,0,0.22
223,2020-10,2020-06,4,0,True,1.0,master,valid_observed_phase_at_origin,ABCD,selection,1,11,spectral_core,local_partition_rf,0,0.33,0,0.47
224,2020-10,2020-06,4,0,True,1.0,master,valid_observed_phase_at_origin,ABCD,selection,1,11,spectral_core,local_partition_rf,0,0.29,0,0.46
225,2020-10,2020-06,4,0,True,0.0,master,valid_observed_phase_at_origin,ABCD,selection,1,11,spectral_core,local_partition_rf,0,0.3,0,0.24
226,2020-10,2020-06,4,0,True,0.0,master,valid_observed_phase_at_origin,ABCD,selection,1,11,spectral_core,local_partition_rf,0,0.21,0,0.25
227,2020-10,2020-06,4,0,True,0.0,master,valid_observed_phase_at_origin,ABCD,selection,1,11,spectral_core,local_partition_rf,0,0.26,0,0.18
228,2020-10,2020-06,4,0,True,1.0,master,valid_observed_phase_at_origin,ABCD,selection,1,11,spectral_core,local_partition_rf,0,0.37,0,0.48
229,2020-10,2020-06,4,0,True,1.0,master,valid_observed_phase_at_origin,ABCD,selection,1,11,spectral_core,local_partition_rf,0,0.32,0,0.5
230,2020-10,2020-06,4,0,True,0.0,master,valid_observed_phase_at_origin,ABCD,selection,1,11,spectral_core,local_partition_rf,0,0.31,0,0.21
231,2020-10,2020-06,4,0,True,1.0,master,valid_observed_phase_at_origin,ABCD,selection,1,11,spectral_core,local_partition_rf,0,0.27,0,0.38
232,2020-10,2020-06,4,0,True,1.0,master,valid_observed_phase_at_origin,ABCD,selection,1,11,spectral_core,local_partition_rf,0,0.36,0,0.48
233,2020-10,2020-06,4,0,True,0.0,master,valid_observed_phase_at_origin,ABCD,selection,1,11,spectral_core,local_partition_rf,0,0.27,0,0.23
234,2020-10,2020-06,4,0,True,1.0,master,valid_observed_phase_at_origin,ABCD,selection,1,11,spectral_core,local_partition_rf,0,0.33,0,0.48
235,2020-10,2020-06,4,0,True,0.0,master,valid_observed_phase_at_origin,ABCD,selection,1,11,spectral_core,local_partition_rf,0,0.25,0,0.31
236,2020-10,2020-06,4,0,True,1.0,master,valid_observed_phase_at_origin,ABCD,selection,1,11,spectral_core,local_partition_rf,0,0.32,1,0.54
237,2020-10,2020-06,4,0,True,0.0,master,valid_observed_phase_at_origin,ABCD,selection,1,11,spectral_core,local_partition_rf,0,0.28,0,0.25
238,2020-10,2020-06,4,0,True,0.0,master,valid_observed_phase_at_origin,ABCD,selection,1,11,spectral_core,local_partition_rf,0,0.2,0,0.27
239,2020-10,2020-06,4,0,True,0.0,master,valid_observed_phase_at_origin,ABCD,selection,1,11,spectral_core,local_partition_rf,0,0.19,0,0.22
240,2020-10,2020-06,4,0,True,0.0,master,valid_observed_phase_at_origin,ABCD,selection,1,11,spectral_core,local_partition_rf,0,0.28,0,0.23
241,2020-10,2020-06,4,0,True,0.0,master,valid_observed_phase_at_origin,ABCD,selection,1,11,spectral_core,local_partition_rf,0,0.2,0,0.08
242,2020-10,2020-06,4,0,True,0.0,master,valid_observed_phase_at_origin,ABCD,selection,1,11,spectral_core,local_partition_rf,0,0.25,0,0.07
243,2020-10,2020-06,4,0,True,0.0,master,valid_observed_phase_at_origin,ABCD,selection,1,11,spectral_core,local_partition_rf,0,0.23,0,0.18
244,2020-10,2020-06,4,0,True,0.0,master,valid_observed_phase_at_origin,ABCD,selection,1,11,spectral_core,local_partition_rf,0,0.27,0,0.15
245,2020-10,2020-06,4,0,True,0.0,master,valid_observed_phase_at_origin,ABCD,selection,1,11,spectral_core,local_partition_rf,0,0.18,0,0.07
246,2020-10,2020-06,4,1,True,0.0,master,valid_observed_phase_at_origin,ABCD,selection,1,11,spectral_core,local_partition_rf,0,0.34,0,0.29
247,2020-10,2020-06,4,1,True,0.0,master,valid_observed_phase_at_origin,ABCD,selection,1,11,spectral_core,local_partition_rf,0,0.31,0,0.23
248,2020-10,2020-06,4,1,True,0.0,master,valid_observed_phase_at_origin,ABCD,selection,1,11,spectral_core,local_partition_rf,0,0.25,0,0.22
249,2020-10,2020-06,4,1,True,0.0,master,valid_observed_phase_at_origin,ABCD,selection,1,11,spectral_core,local_partition_rf,0,0.25,0,0.2
250,2020-10,2020-06,4,1,True,0.0,master,valid_observed_phase_at_origin,ABCD,selection,1,11,spectral_core,local_partition_rf,0,0.25,0,0.25
251,2020-10,2020-06,4,1,True,0.0,master,valid_observed_phase_at_origin,ABCD,selection,1,11,spectral_core,local_partition_rf,0,0.32,0,0.31
252,2020-10,2020-06,4,1,True,0.0,master,valid_observed_phase_at_origin,ABCD,selection,1,11,spectral_core,local_partition_rf,0,0.26,0,0.3
253,2020-10,2020-06,4,1,True,0.0,master,valid_observed_phase_at_origin,ABCD,selection,1,11,spectral_core,local_partition_rf,0,0.3,0,0.28
254,2020-10,2020-06,4,1,True,0.0,master,valid_observed_phase_at_origin,ABCD,selection,1,11,spectral_core,local_partition_rf,0,0.33,0,0.26
255,2020-10,2020-06,4,1,True,0.0,master,valid_observed_phase_at_origin,ABCD,selection,1,11,spectral_core,local_partition_rf,0,0.26,0,0.23
256,2020-10,2020-06,4,1,True,0.0,master,valid_observed_phase_at_origin,ABCD,selection,1,11,spectral_core,local_partition_rf,0,0.35,0,0.23
257,2020-10,2020-06,4,1,True,0.0,master,valid_observed_phase_at_origin,ABCD,selection,1,11,spectral_core,local_partition_rf,0,0.33,0,0.33
258,2020-10,2020-06,4,1,True,0.0,master,valid_observed_phase_at_origin,ABCD,selection,1,11,spectral_core,local_partition_rf,0,0.27,0,0.3
259,2020-10,2020-06,4,1,True,0.0,master,valid_observed_phase_at_origin,ABCD,selection,1,11,spectral_core,local_partition_rf,0,0.25,0,0.25
260,2020-10,2020-06,4,0,True,0.0,master,valid_observed_phase_at_origin,ABCD,selection,1,11,spectral_core,local_partition_rf,0,0.25,0,0.24
261,2020-10,2020-06,4,0,True,0.0,master,valid_observed_phase_at_origin,ABCD,selection,1,2,spectral_core,local_partition_rf,0,0.19,0,0.18
262,2020-10,2020-06,4,0,True,0.0,master,valid_observed_phase_at_origin,ABCD,selection,1,11,spectral_core,local_partition_rf,0,0.24,0,0.17
263,2020-10,2020-06,4,0,True,0.0,master,valid_observed_phase_at_origin,ABCD,selection,1,11,spectral_core,local_partition_rf,0,0.34,0,0.18
264,2020-10,2020-06,4,0,True,1.0,master,valid_observed_phase_at_origin,ABCD,selection,1,11,spectral_core,local_partition_rf,0,0.24,0,0.33
265,2020-10,2020-06,4,1,True,1.0,master,valid_observed_phase_at_origin,ABCD,selection,1,11,spectral_core,local_partition_rf,0,0.38,0,0.44
266,2020-10,2020-06,4,1,True,1.0,master,valid_observed_phase_at_origin,ABCD,selection,1,11,spectral_core,local_partition_rf,0,0.23,0,0.36
267,2020-10,2020-06,4,0,True,1.0,master,valid_observed_phase_at_origin,ABCD,selection,1,11,spectral_core,local_partition_rf,0,0.29,0,0.41
268,2020-10,2020-06,4,0,True,1.0,master,valid_observed_phase_at_origin,ABCD,selection,1,11,spectral_core,local_partition_rf,0,0.38,0,0.43
269,2020-10,2020-06,4,1,True,1.0,master,valid_observed_phase_at_origin,ABCD,selection,1,2,spectral_core,local_partition_rf,0,0.26,0,0.41
270,2020-10,2020-06,4,1,True,1.0,master,valid_observed_phase_at_origin,ABCD,selection,1,11,spectral_core,local_partition_rf,0,0.37,0,0.4
271,2020-10,2020-06,4,0,True,1.0,master,valid_observed_phase_at_origin,ABCD,selection,1,11,spectral_core,local_partition_rf,0,0.39,0,0.39
272,2020-10,2020-06,4,1,True,1.0,master,valid_observed_phase_at_origin,ABCD,selection,1,11,spectral_core,local_partition_rf,0,0.29,0,0.39
273,2020-10,2020-06,4,1,True,1.0,master,valid_observed_phase_at_origin,ABCD,selection,1,11,spectral_core,local_partition_rf,0,0.32,0,0.38
274,2020-10,2020-06,4,0,True,1.0,master,valid_observed_phase_at_origin,ABCD,selection,1,11,spectral_core,local_partition_rf,0,0.25,0,0.32
275,2020-10,2020-06,4,0,True,1.0,master,valid_observed_phase_at_origin,ABCD,selection,1,11,spectral_core,local_partition_rf,0,0.22,0,0.39
276,2020-10,2020-06,4,0,True,1.0,master,valid_observed_phase_at_origin,ABCD,selection,1,11,spectral_core,local_partition_rf,0,0.27,0,0.37
277,2020-10,2020-06,4,0,True,1.0,master,valid_observed_phase_at_origin,ABCD,selection,1,11,spectral_core,local_partition_rf,0,0.29,0,0.45
278,2020-10,2020-06,4,0,True,1.0,master,valid_observed_phase_at_origin,ABCD,selection,1,11,spectral_core,local_partition_rf,0,0.35,0,0.44
279,2020-10,2020-06,4,1,True,1.0,master,valid_observed_phase_at_origin,ABCD,selection,1,2,spectral_core,local_partition_rf,0,0.23,0,0.4
280,2020-10,2020-06,4,0,True,1.0,master,valid_observed_phase_at_origin,ABCD,selection,1,11,spectral_core,local_partition_rf,0,0.39,0,0.42
281,2020-10,2020-06,4,1,True,1.0,master,valid_observed_phase_at_origin,ABCD,selection,1,2,spectral_core,local_partition_rf,0,0.25,0,0.36
282,2020-10,2020-06,4,0,True,1.0,master,valid_observed_phase_at_origin,ABCD,selection,1,11,spectral_core,local_partition_rf,0,0.33,0,0.41
283,2020-10,2020-06,4,0,True,1.0,master,valid_observed_phase_at_origin,ABCD,selection,1,11,spectral_core,local_partition_rf,0,0.36,0,0.34
284,2020-10,2020-06,4,1,True,1.0,master,valid_observed_phase_at_origin,ABCD,selection,1,2,spectral_core,local_partition_rf,0,0.2,0,0.39
285,2020-10,2020-06,4,0,True,1.0,master,valid_observed_phase_at_origin,ABCD,selection,1,11,spectral_core,local_partition_rf,0,0.4,0,0.39
286,2020-10,2020-06,4,0,True,1.0,master,valid_observed_phase_at_origin,ABCD,selection,1,11,spectral_core,local_partition_rf,0,0.28,0,0.43
287,2020-10,2020-06,4,0,True,1.0,master,valid_observed_phase_at_origin,ABCD,selection,1,11,spectral_core,local_partition_rf,0,0.35,0,0.39
288,2020-10,2020-06,4,0,True,0.0,master,valid_observed_phase_at_origin,ABCD,selection,1,11,spectral_core,local_partition_rf,0,0.25,0,0.24
289,2020-10,2020-06,4,0,True,0.0,master,valid_observed_phase_at_origin,ABCD,selection,1,11,spectral_core,local_partition_rf,0,0.41,0,0.18
290,2020-10,2020-06,4,0,True,0.0,master,valid_observed_phase_at_origin,ABCD,selection,1,11,spectral_core,local_partition_rf,0,0.23,0,0.16
291,2020-10,2020-06,4,0,True,0.0,master,valid_observed_phase_at_origin,ABCD,selection,1,11,spectral_core,local_partition_rf,0,0.18,0,0.15
292,2020-10,2020-06,4,0,True,0.0,master,valid_observed_phase_at_origin,ABCD,selection,1,11,spectral_core,local_partition_rf,0,0.28,0,0.23
293,2020-10,2020-06,4,0,True,0.0,master,valid_observed_phase_at_origin,ABCD,selection,1,11,spectral_core,local_partition_rf,0,0.23,0,0.2
294,2020-10,2020-06,4,0,True,0.0,master,valid_observed_phase_at_origin,ABCD,selection,1,11,spectral_core,local_partition_rf,0,0.26,0,0.2
295,2020-10,2020-06,4,0,True,0.0,master,valid_observed_phase_at_origin,ABCD,selection,1,11,spectral_core,local_partition_rf,0,0.28,0,0.13
296,2020-10,2020-06,4,0,True,0.0,master,valid_observed_phase_at_origin,ABCD,selection,1,11,spectral_core,local_partition_rf,0,0.26,0,0.18
297,2020-10,2020-06,4,0,True,0.0,master,valid_observed_phase_at_origin,ABCD,selection,1,11,spectral_core,local_partition_rf,0,0.16,0,0.2
298,2020-10,2020-06,4,0,True,0.0,master,valid_observed_phase_at_origin,ABCD,selection,1,11,spectral_core,local_partition_rf,0,0.29,0,0.13
299,2020-10,2020-06,4,0,True,0.0,master,valid_observed_phase_at_origin,ABCD,selection,1,11,spectral_core,local_partition_rf,0,0.23,0,0.18
300,2020-10,2020-06,4,0,True,0.0,master,valid_observed_phase_at_origin,ABCD,selection,1,11,spectral_core,local_partition_rf,0,0.32,0,0.19
301,2020-10,2020-06,4,0,True,0.0,master,valid_observed_phase_at_origin,ABCD,selection,1,11,spectral_core,local_partition_rf,0,0.18,0,0.25
302,2020-10,2020-06,4,0,True,0.0,master,valid_observed_phase_at_origin,ABCD,selection,1,11,spectral_core,local_partition_rf,0,0.26,0,0.2
303,2020-10,2020-06,4,0,True,0.0,master,valid_observed_phase_at_origin,ABCD,selection,1,11,spectral_core,local_partition_rf,0,0.27,0,0.16
304,2020-10,2020-06,4,0,True,0.0,master,valid_observed_phase_at_origin,ABCD,selection,1,2,spectral_core,local_partition_rf,0,0.14,0,0.19
305,2020-10,2020-06,4,0,True,0.0,master,valid_observed_phase_at_origin,ABCD,selection,1,11,spectral_core,local_partition_rf,0,0.2,0,0.16
306,2020-10,2020-06,4,0,True,0.0,master,valid_observed_phase_at_origin,ABCD,selection,1,11,spectral_core,local_partition_rf,0,0.24,0,0.15
307,2020-10,2020-06,4,0,True,0.0,master,valid_observed_phase_at_origin,ABCD,selection,1,2,spectral_core,local_partition_rf,0,0.13,0,0.16
308,2020-10,2020-06,4,0,True,0.0,master,valid_observed_phase_at_origin,ABCD,selection,1,2,spectral_core,local_partition_rf,0,0.15,0,0.16
309,2020-10,2020-06,4,0,True,0.0,master,valid_observed_phase_at_origin,ABCD,selection,1,11,spectral_core,local_partition_rf,0,0.22,0,0.16
310,2020-10,2020-06,4,0,True,0.0,master,valid_observed_phase_at_origin,ABCD,selection,1,11,spectral_core,local_partition_rf,0,0.29,0,0.17
311,2020-10,2020-06,4,0,True,0.0,master,valid_observed_phase_at_origin,ABCD,selection,1,2,spectral_core,local_partition_rf,0,0.13,0,0.15
312,2020-10,2020-06,4,0,True,0.0,master,valid_observed_phase_at_origin,ABCD,selection,1,11,spectral_core,local_partition_rf,0,0.29,0,0.25
313,2020-10,2020-06,4,0,True,0.0,master,valid_observed_phase_at_origin,ABCD,selection,1,11,spectral_core,local_partition_rf,0,0.25,0,0.2
314,2020-10,2020-06,4,0,True,0.0,master,valid_observed_phase_at_origin,ABCD,selection,1,11,spectral_core,local_partition_rf,0,0.21,0,0.12
315,2020-10,2020-06,4,0,True,0.0,master,valid_observed_phase_at_origin,ABCD,selection,1,11,spectral_core,local_partition_rf,0,0.17,0,0.19
316,2020-10,2020-06,4,0,True,0.0,master,valid_observed_phase_at_origin,ABCD,selection,1,11,spectral_core,local_partition_rf,0,0.24,0,0.22
317,2020-10,2020-06,4,0,True,0.0,master,valid_observed_phase_at_origin,ABCD,selection,1,11,spectral_core,local_partition_rf,0,0.21,0,0.16
318,2020-10,2020-06,4,0,True,0.0,master,valid_observed_phase_at_origin,ABCD,selection,1,11,spectral_core,local_partition_rf,0,0.12,0,0.12
319,2020-10,2020-06,4,0,True,0.0,master,valid_observed_phase_at_origin,ABCD,selection,1,11,spectral_core,local_partition_rf,0,0.2,0,0.07
320,2020-10,2020-06,4,0,True,0.0,master,valid_observed_phase_at_origin,ABCD,selection,1,11,spectral_core,local_partition_rf,0,0.23,0,0.13
321,2020-10,2020-06,4,0,True,0.0,master,valid_observed_phase_at_origin,ABCD,selection,1,11,spectral_core,local_partition_rf,0,0.13,0,0.09
322,2020-10,2020-06,4,0,True,0.0,master,valid_observed_phase_at_origin,ABCD,selection,1,11,spectral_core,local_partition_rf,0,0.23,0,0.18
323,2020-10,2020-06,4,0,True,0.0,master,valid_observed_phase_at_origin,ABCD,selection,1,11,spectral_core,local_partition_rf,0,0.18,0,0.18
324,2020-10,2020-06,4,0,True,0.0,master,valid_observed_phase_at_origin,ABCD,selection,1,11,spectral_core,local_partition_rf,0,0.28,0,0.16
325,2020-10,2020-06,4,0,True,0.0,master,valid_observed_phase_at_origin,ABCD,selection,1,11,spectral_core,local_partition_rf,0,0.2,0,0.14
326,2020-10,2020-06,4,0,True,0.0,master,valid_observed_phase_at_origin,ABCD,selection,1,11,spectral_core,local_partition_rf,0,0.13,0,0.11
327,2020-10,2020-06,4,0,True,0.0,master,valid_observed_phase_at_origin,ABCD,selection,1,11,spectral_core,local_partition_rf,0,0.16,0,0.15
328,2020-10,2020-06,4,0,True,0.0,master,valid_observed_phase_at_origin,ABCD,selection,1,11,spectral_core,local_partition_rf,0,0.14,0,0.16
329,2020-10,2020-06,4,0,True,0.0,master,valid_observed_phase_at_origin,ABCD,selection,1,11,spectral_core,local_partition_rf,0,0.25,0,0.17
330,2020-10,2020-06,4,0,True,0.0,master,valid_observed_phase_at_origin,ABCD,selection,1,11,spectral_core,local_partition_rf,0,0.24,0,0.14
331,2020-10,2020-06,4,0,True,0.0,master,valid_observed_phase_at_origin,ABCD,selection,1,11,spectral_core,local_partition_rf,0,0.19,0,0.21
332,2020-10,2020-06,4,0,True,0.0,master,valid_observed_phase_at_origin,ABCD,selection,1,11,spectral_core,local_partition_rf,0,0.24,0,0.18
333,2020-10,2020-06,4,0,True,0.0,master,valid_observed_phase_at_origin,ABCD,selection,1,11,spectral_core,local_partition_rf,0,0.2,0,0.16
334,2020-10,2020-06,4,0,True,0.0,master,valid_observed_phase_at_origin,ABCD,selection,1,11,spectral_core,local_partition_rf,0,0.23,0,0.13
335,2020-10,2020-06,4,0,True,0.0,master,valid_observed_phase_at_origin,ABCD,selection,1,11,spectral_core,local_partition_rf,0,0.23,0,0.13
336,2020-10,2020-06,4,0,True,0.0,master,valid_observed_phase_at_origin,ABCD,selection,1,11,spectral_core,local_partition_rf,0,0.18,0,0.14
337,2020-10,2020-06,4,0,True,0.0,master,valid_observed_phase_at_origin,ABCD,selection,1,11,spectral_core,local_partition_rf,0,0.18,0,0.07
338,2020-10,2020-06,4,0,True,0.0,master,valid_observed_phase_at_origin,ABCD,selection,1,11,spectral_core,local_partition_rf,0,0.16,0,0.12
339,2020-10,2020-06,4,0,True,0.0,master,valid_observed_phase_at_origin,ABCD,selection,1,11,spectral_core,local_partition_rf,0,0.3,0,0.19
340,2020-10,2020-06,4,0,True,0.0,master,valid_observed_phase_at_origin,ABCD,selection,1,11,spectral_core,local_partition_rf,0,0.16,0,0.1
341,2020-10,2020-06,4,0,True,0.0,master,valid_observed_phase_at_origin,ABCD,selection,1,11,spectral_core,local_partition_rf,0,0.28,0,0.18
342,2020-10,2020-06,4,0,True,0.0,master,valid_observed_phase_at_origin,ABCD,selection,1,11,spectral_core,local_partition_rf,0,0.25,0,0.09
343,2020-10,2020-06,4,0,True,0.0,master,valid_observed_phase_at_origin,ABCD,selection,1,11,spectral_core,local_partition_rf,0,0.22,0,0.18
344,2020-10,2020-06,4,0,True,0.0,master,valid_observed_phase_at_origin,ABCD,selection,1,11,spectral_core,local_partition_rf,0,0.14,0,0.15
345,2020-10,2020-06,4,0,True,0.0,master,valid_observed_phase_at_origin,ABCD,selection,1,11,spectral_core,local_partition_rf,0,0.22,0,0.17
346,2020-10,2020-06,4,0,True,0.0,master,valid_observed_phase_at_origin,ABCD,selection,1,11,spectral_core,local_partition_rf,0,0.26,0,0.12
347,2020-10,2020-06,4,0,True,0.0,master,valid_observed_phase_at_origin,ABCD,selection,1,2,spectral_core,local_partition_rf,0,0.39,0,0.2
348,2020-10,2020-06,4,0,True,0.0,master,valid_observed_phase_at_origin,ABCD,selection,1,11,spectral_core,local_partition_rf,0,0.25,0,0.28
349,2020-10,2020-06,4,0,True,0.0,master,valid_observed_phase_at_origin,ABCD,selection,1,11,spectral_core,local_partition_rf,0,0.25,0,0.17
350,2020-10,2020-06,4,0,True,0.0,master,valid_observed_phase_at_origin,ABCD,selection,1,11,spectral_core,local_partition_rf,0,0.22,0,0.13
351,2020-10,2020-06,4,0,True,0.0,master,valid_observed_phase_at_origin,ABCD,selection,1,2,spectral_core,local_partition_rf,0,0.2,0,0.19
352,2020-10,2020-06,4,0,True,0.0,master,valid_observed_phase_at_origin,ABCD,selection,1,2,spectral_core,local_partition_rf,0,0.19,0,0.2
353,2020-10,2020-06,4,0,True,0.0,master,valid_observed_phase_at_origin,ABCD,selection,1,2,spectral_core,local_partition_rf,0,0.25,0,0.19
354,2020-10,2020-06,4,1,True,0.0,master,valid_observed_phase_at_origin,ABCD,selection,1,2,spectral_core,local_partition_rf,0,0.15,0,0.21
355,2020-10,2020-06,4,1,True,0.0,master,valid_observed_phase_at_origin,ABCD,selection,1,2,spectral_core,local_partition_rf,0,0.14,0,0.24
356,2020-10,2020-06,4,1,True,0.0,master,valid_observed_phase_at_origin,ABCD,selection,1,2,spectral_core,local_partition_rf,0,0.13,0,0.21
357,2020-10,2020-06,4,0,True,0.0,master,valid_observed_phase_at_origin,ABCD,selection,1,2,spectral_core,local_partition_rf,0,0.2,0,0.22
358,2020-10,2020-06,4,0,True,0.0,master,valid_observed_phase_at_origin,ABCD,selection,1,2,spectral_core,local_partition_rf,0,0.21,0,0.16
359,2020-10,2020-06,4,0,True,0.0,master,valid_observed_phase_at_origin,ABCD,selection,1,2,spectral_core,local_partition_rf,0,0.12,0,0.27
360,2020-10,2020-06,4,0,True,0.0,master,valid_observed_phase_at_origin,ABCD,selection,1,2,spectral_core,local_partition_rf,0,0.15,0,0.17
361,2020-10,2020-06,4,0,True,0.0,master,valid_observed_phase_at_origin,ABCD,selection,1,2,spectral_core,local_partition_rf,0,0.15,0,0.2
362,2020-10,2020-06,4,0,True,0.0,master,valid_observed_phase_at_origin,ABCD,selection,1,2,spectral_core,local_partition_rf,0,0.1,0,0.22
363,2020-10,2020-06,4,0,True,0.0,master,valid_observed_phase_at_origin,ABCD,selection,1,2,spectral_core,local_partition_rf,0,0.09,0,0.25
364,2020-10,2020-06,4,0,True,0.0,master,valid_observed_phase_at_origin,ABCD,selection,1,2,spectral_core,local_partition_rf,0,0.34,0,0.19
365,2020-10,2020-06,4,0,True,0.0,master,valid_observed_phase_at_origin,ABCD,selection,1,2,spectral_core,local_partition_rf,0,0.18,0,0.15
366,2020-10,2020-06,4,0,True,0.0,master,valid_observed_phase_at_origin,ABCD,selection,1,2,spectral_core,local_partition_rf,0,0.19,0,0.14
367,2020-10,2020-06,4,0,True,0.0,master,valid_observed_phase_at_origin,ABCD,selection,1,2,spectral_core,local_partition_rf,0,0.12,0,0.29
368,2020-10,2020-06,4,0,True,0.0,master,valid_observed_phase_at_origin,ABCD,selection,1,2,spectral_core,local_partition_rf,0,0.13,0,0.22
369,2020-10,2020-06,4,0,True,0.0,master,valid_observed_phase_at_origin,ABCD,selection,1,2,spectral_core,local_partition_rf,0,0.13,0,0.21
370,2020-10,2020-06,4,0,True,0.0,master,valid_observed_phase_at_origin,ABCD,selection,1,2,spectral_core,local_partition_rf,0,0.13,0,0.27
371,2020-10,2020-06,4,0,True,0.0,master,valid_observed_phase_at_origin,ABCD,selection,1,18,spectral_core,local_partition_rf,0,0.33,0,0.39
372,2020-10,2020-06,4,0,True,0.0,master,valid_observed_phase_at_origin,ABCD,selection,1,18,spectral_core,local_partition_rf,0,0.31,0,0.35
373,2020-10,2020-06,4,0,True,0.0,master,valid_observed_phase_at_origin,ABCD,selection,1,18,spectral_core,local_partition_rf,0,0.32,0,0.38
374,2020-10,2020-06,4,0,True,0.0,master,valid_observed_phase_at_origin,ABCD,selection,1,18,spectral_core,local_partition_rf,0,0.34,0,0.38
375,2020-10,2020-06,4,0,True,0.0,master,valid_observed_phase_at_origin,ABCD,selection,1,18,spectral_core,local_partition_rf,0,0.33,0,0.39
376,2020-10,2020-06,4,0,True,0.0,master,valid_observed_phase_at_origin,ABCD,selection,1,18,spectral_core,local_partition_rf,0,0.36,0,0.38
377,2020-10,2020-06,4,0,True,0.0,master,valid_observed_phase_at_origin,ABCD,selection,1,18,spectral_core,local_partition_rf,0,0.33,0,0.33
378,2020-10,2020-06,4,0,True,0.0,master,valid_observed_phase_at_origin,ABCD,selection,1,18,spectral_core,local_partition_rf,0,0.32,0,0.34
379,2020-10,2020-06,4,0,True,0.0,master,valid_observed_phase_at_origin,ABCD,selection,1,18,spectral_core,local_partition_rf,0,0.38,0,0.38
380,2020-10,2020-06,4,0,True,0.0,master,valid_observed_phase_at_origin,ABCD,selection,1,18,spectral_core,local_partition_rf,0,0.34,0,0.36
381,2020-10,2020-06,4,0,True,0.0,master,valid_observed_phase_at_origin,ABCD,selection,1,18,spectral_core,local_partition_rf,0,0.33,0,0.31
382,2020-10,2020-06,4,0,True,0.0,master,valid_observed_phase_at_origin,ABCD,selection,1,18,spectral_core,local_partition_rf,0,0.34,0,0.3
383,2020-10,2020-06,4,0,True,0.0,master,valid_observed_phase_at_origin,ABCD,selection,1,18,spectral_core,local_partition_rf,0,0.36,0,0.35
384,2020-10,2020-06,4,0,True,0.0,master,valid_observed_phase_at_origin,ABCD,selection,1,18,spectral_core,local_partition_rf,0,0.33,0,0.34
385,2020-10,2020-06,4,1,True,0.0,master,valid_observed_phase_at_origin,ABCD,selection,1,18,spectral_core,local_partition_rf,0,0.37,0,0.37
386,2020-10,2020-06,4,0,True,0.0,master,valid_observed_phase_at_origin,ABCD,selection,1,18,spectral_core,local_partition_rf,0,0.3,0,0.38
387,2020-10,2020-06,4,0,True,0.0,master,valid_observed_phase_at_origin,ABCD,selection,1,18,spectral_core,local_partition_rf,0,0.32,0,0.38
388,2020-10,2020-06,4,0,True,0.0,master,valid_observed_phase_at_origin,ABCD,selection,1,18,spectral_core,local_partition_rf,0,0.29,0,0.37
389,2020-10,2020-06,4,0,True,0.0,master,valid_observed_phase_at_origin,ABCD,selection,1,18,spectral_core,local_partition_rf,0,0.35,0,0.39
390,2020-10,2020-06,4,0,True,0.0,master,valid_observed_phase_at_origin,ABCD,selection,1,18,spectral_core,local_partition_rf,0,0.37,0,0.4
391,2020-10,2020-06,4,0,True,0.0,master,valid_observed_phase_at_origin,ABCD,selection,1,18,spectral_core,local_partition_rf,0,0.3,0,0.35
392,2020-10,2020-06,4,0,True,0.0,master,valid_observed_phase_at_origin,ABCD,selection,1,18,spectral_core,local_partition_rf,0,0.37,0,0.39
393,2020-10,2020-06,4,0,True,0.0,master,valid_observed_phase_at_origin,ABCD,selection,1,18,spectral_core,local_partition_rf,0,0.32,0,0.39
394,2020-10,2020-06,4,0,True,0.0,master,valid_observed_phase_at_origin,ABCD,selection,1,18,spectral_core,local_partition_rf,0,0.32,0,0.37
395,2020-10,2020-06,4,0,True,0.0,master,valid_observed_phase_at_origin,ABCD,selection,1,18,spectral_core,local_partition_rf,0,0.3,0,0.37
396,2020-10,2020-06,4,0,True,0.0,master,valid_observed_phase_at_origin,ABCD,selection,1,18,spectral_core,local_partition_rf,0,0.31,0,0.39
397,2020-10,2020-06,4,0,True,0.0,master,valid_observed_phase_at_origin,ABCD,selection,1,18,spectral_core,local_partition_rf,0,0.3,0,0.38
398,2020-10,2020-06,4,0,True,0.0,master,valid_observed_phase_at_origin,ABCD,selection,1,18,spectral_core,local_partition_rf,0,0.3,0,0.38
399,2020-10,2020-06,4,0,True,0.0,master,valid_observed_phase_at_origin,ABCD,selection,1,18,spectral_core,local_partition_rf,0,0.34,0,0.36
400,2020-10,2020-06,4,0,True,0.0,master,valid_observed_phase_at_origin,ABCD,selection,1,18,spectral_core,local_partition_rf,0,0.25,0,0.41
401,2020-10,2020-06,4,0,True,0.0,master,valid_observed_phase_at_origin,ABCD,selection,1,18,spectral_core,local_partition_rf,0,0.37,0,0.39
402,2020-10,2020-06,4,0,True,0.0,master,valid_observed_phase_at_origin,ABCD,selection,1,18,spectral_core,local_partition_rf,0,0.29,0,0.38
403,2020-10,2020-06,4,0,True,0.0,master,valid_observed_phase_at_origin,ABCD,selection,1,18,spectral_core,local_partition_rf,0,0.26,0,0.39
404,2020-10,2020-06,4,0,True,0.0,master,valid_observed_phase_at_origin,ABCD,selection,1,18,spectral_core,local_partition_rf,0,0.34,0,0.38
405,2020-10,2020-06,4,0,True,0.0,master,valid_observed_phase_at_origin,ABCD,selection,1,18,spectral_core,local_partition_rf,0,0.3,0,0.42
406,2020-10,2020-06,4,0,True,0.0,master,valid_observed_phase_at_origin,ABCD,selection,1,18,spectral_core,local_partition_rf,0,0.29,0,0.4
407,2020-10,2020-06,4,0,True,0.0,master,valid_observed_phase_at_origin,ABCD,selection,1,18,spectral_core,local_partition_rf,0,0.24,0,0.36
408,2020-10,2020-06,4,1,True,1.0,master,valid_observed_phase_at_origin,ABCD,selection,1,18,spectral_core,local_partition_rf,1,0.53,1,0.64
409,2020-10,2020-06,4,1,True,1.0,master,valid_observed_phase_at_origin,ABCD,selection,1,18,spectral_core,local_partition_rf,1,0.63,1,0.73
410,2020-10,2020-06,4,0,True,0.0,master,valid_observed_phase_at_origin,ABCD,selection,1,18,spectral_core,local_partition_rf,0,0.3,0,0.4
411,2020-10,2020-06,4,0,True,0.0,master,valid_observed_phase_at_origin,ABCD,selection,1,18,spectral_core,local_partition_rf,0,0.29,0,0.43
412,2020-10,2020-06,4,0,True,1.0,master,valid_observed_phase_at_origin,ABCD,selection,1,18,spectral_core,local_partition_rf,1,0.56,1,0.69
413,2020-10,2020-06,4,1,True,1.0,master,valid_observed_phase_at_origin,ABCD,selection,1,18,spectral_core,local_partition_rf,0,0.5,1,0.57
414,2020-10,2020-06,4,0,True,0.0,master,valid_observed_phase_at_origin,ABCD,selection,1,18,spectral_core,local_partition_rf,0,0.31,0,0.36
415,2020-10,2020-06,4,0,True,0.0,master,valid_observed_phase_at_origin,ABCD,selection,1,18,spectral_core,local_partition_rf,0,0.32,0,0.41
416,2020-10,2020-06,4,0,True,0.0,master,valid_observed_phase_at_origin,ABCD,selection,1,18,spectral_core,local_partition_rf,0,0.35,0,0.37
417,2020-10,2020-06,4,0,True,0.0,master,valid_observed_phase_at_origin,ABCD,selection,1,18,spectral_core,local_partition_rf,0,0.35,0,0.41
418,2020-10,2020-06,4,0,True,0.0,master,valid_observed_phase_at_origin,ABCD,selection,1,18,spectral_core,local_partition_rf,0,0.35,0,0.41
419,2020-10,2020-06,4,0,True,0.0,master,valid_observed_phase_at_origin,ABCD,selection,1,18,spectral_core,local_partition_rf,0,0.36,0,0.4
420,2020-10,2020-06,4,0,True,0.0,master,valid_observed_phase_at_origin,ABCD,selection,1,18,spectral_core,local_partition_rf,0,0.29,0,0.39
421,2020-10,2020-06,4,0,True,0.0,master,valid_observed_phase_at_origin,ABCD,selection,1,18,spectral_core,local_partition_rf,0,0.29,0,0.4
422,2020-10,2020-06,4,0,True,0.0,master,valid_observed_phase_at_origin,ABCD,selection,1,18,spectral_core,local_partition_rf,0,0.3,0,0.35
423,2020-10,2020-06,4,0,True,0.0,master,valid_observed_phase_at_origin,ABCD,selection,1,18,spectral_core,local_partition_rf,0,0.27,0,0.38
424,2020-10,2020-06,4,0,True,0.0,master,valid_observed_phase_at_origin,ABCD,selection,1,18,spectral_core,local_partition_rf,0,0.3,0,0.32
425,2020-10,2020-06,4,1,True,1.0,master,valid_observed_phase_at_origin,ABCD,selection,1,18,spectral_core,local_partition_rf,1,0.59,1,0.67
426,2020-10,2020-06,4,0,True,0.0,master,valid_observed_phase_at_origin,ABCD,selection,1,18,spectral_core,local_partition_rf,0,0.29,0,0.32
427,2020-10,2020-06,4,0,True,0.0,master,valid_observed_phase_at_origin,ABCD,selection,1,18,spectral_core,local_partition_rf,0,0.29,0,0.38
428,2020-10,2020-06,4,0,True,0.0,master,valid_observed_phase_at_origin,ABCD,selection,1,18,spectral_core,local_partition_rf,0,0.3,0,0.33
429,2020-10,2020-06,4,0,True,0.0,master,valid_observed_phase_at_origin,ABCD,selection,1,18,spectral_core,local_partition_rf,0,0.3,0,0.38
430,2020-10,2020-06,4,0,True,1.0,master,valid_observed_phase_at_origin,ABCD,selection,1,18,spectral_core,local_partition_rf,1,0.54,1,0.64
431,2020-10,2020-06,4,1,True,1.0,master,valid_observed_phase_at_origin,ABCD,selection,1,18,spectral_core,local_partition_rf,1,0.55,1,0.65
432,2020-10,2020-06,4,0,True,0.0,master,valid_observed_phase_at_origin,ABCD,selection,1,18,spectral_core,local_partition_rf,0,0.28,0,0.32
433,2020-10,2020-06,4,1,True,1.0,master,valid_observed_phase_at_origin,ABCD,selection,1,18,spectral_core,local_partition_rf,1,0.59,1,0.55
434,2020-10,2020-06,4,0,True,1.0,master,valid_observed_phase_at_origin,ABCD,selection,1,18,spectral_core,local_partition_rf,1,0.6,1,0.72
435,2020-10,2020-06,4,0,True,0.0,master,valid_observed_phase_at_origin,ABCD,selection,1,18,spectral_core,local_partition_rf,0,0.33,0,0.4
436,2020-10,2020-06,4,0,True,0.0,master,valid_observed_phase_at_origin,ABCD,selection,1,18,spectral_core,local_partition_rf,0,0.33,0,0.42
437,2020-10,2020-06,4,0,True,0.0,master,valid_observed_phase_at_origin,ABCD,selection,1,18,spectral_core,local_partition_rf,0,0.3,0,0.36
438,2020-10,2020-06,4,1,True,1.0,master,valid_observed_phase_at_origin,ABCD,selection,1,18,spectral_core,local_partition_rf,1,0.58,1,0.65
439,2020-10,2020-06,4,1,True,1.0,master,valid_observed_phase_at_origin,ABCD,selection,1,18,spectral_core,local_partition_rf,1,0.53,1,0.66
440,2020-10,2020-06,4,0,True,0.0,master,valid_observed_phase_at_origin,ABCD,selection,1,18,spectral_core,local_partition_rf,0,0.25,0,0.39
441,2020-10,2020-06,4,0,True,0.0,master,valid_observed_phase_at_origin,ABCD,selection,1,18,spectral_core,local_partition_rf,0,0.26,0,0.43
442,2020-10,2020-06,4,0,True,0.0,master,valid_observed_phase_at_origin,ABCD,selection,1,18,spectral_core,local_partition_rf,0,0.28,0,0.45
443,2020-10,2020-06,4,0,True,0.0,master,valid_observed_phase_at_origin,ABCD,selection,1,18,spectral_core,local_partition_rf,0,0.36,0,0.31
444,2020-10,2020-06,4,1,True,1.0,master,valid_observed_phase_at_origin,ABCD,selection,1,18,spectral_core,local_partition_rf,1,0.63,1,0.65
445,2020-10,2020-06,4,0,True,0.0,master,valid_observed_phase_at_origin,ABCD,selection,1,18,spectral_core,local_partition_rf,0,0.3,0,0.34
446,2020-10,2020-06,4,0,True,0.0,master,valid_observed_phase_at_origin,ABCD,selection,1,18,spectral_core,local_partition_rf,0,0.33,0,0.3
447,2020-10,2020-06,4,1,True,1.0,master,valid_observed_phase_at_origin,ABCD,selection,1,18,spectral_core,local_partition_rf,1,0.57,1,0.64
448,2020-10,2020-06,4,0,True,1.0,master,valid_observed_phase_at_origin,ABCD,selection,1,18,spectral_core,local_partition_rf,1,0.61,1,0.66
449,2020-10,2020-06,4,0,True,0.0,master,valid_observed_phase_at_origin,ABCD,selection,1,18,spectral_core,local_partition_rf,0,0.32,0,0.43
450,2020-10,2020-06,4,0,True,0.0,master,valid_observed_phase_at_origin,ABCD,selection,1,18,spectral_core,local_partition_rf,0,0.28,0,0.29
451,2020-10,2020-06,4,0,True,1.0,master,valid_observed_phase_at_origin,ABCD,selection,1,18,spectral_core,local_partition_rf,0,0.49,1,0.65
452,2020-10,2020-06,4,1,True,1.0,master,valid_observed_phase_at_origin,ABCD,selection,1,18,spectral_core,local_partition_rf,1,0.61,1,0.6
453,2020-10,2020-06,4,1,True,1.0,master,valid_observed_phase_at_origin,ABCD,selection,1,18,spectral_core,local_partition_rf,1,0.54,1,0.63
454,2020-10,2020-06,4,0,True,0.0,master,valid_observed_phase_at_origin,ABCD,selection,1,18,spectral_core,local_partition_rf,0,0.26,0,0.34
455,2020-10,2020-06,4,0,True,0.0,master,valid_observed_phase_at_origin,ABCD,selection,1,18,spectral_core,local_partition_rf,0,0.36,0,0.36
456,2020-10,2020-06,4,0,True,0.0,master,valid_observed_phase_at_origin,ABCD,selection,1,18,spectral_core,local_partition_rf,0,0.3,0,0.38
457,2020-10,2020-06,4,0,True,0.0,master,valid_observed_phase_at_origin,ABCD,selection,1,18,spectral_core,local_partition_rf,0,0.33,0,0.34
458,2020-10,2020-06,4,1,True,1.0,master,valid_observed_phase_at_origin,ABCD,selection,1,18,spectral_core,local_partition_rf,0,0.48,1,0.58
459,2020-10,2020-06,4,0,True,0.0,master,valid_observed_phase_at_origin,ABCD,selection,1,18,spectral_core,local_partition_rf,0,0.28,0,0.43
460,2020-10,2020-06,4,0,True,0.0,master,valid_observed_phase_at_origin,ABCD,selection,1,18,spectral_core,local_partition_rf,0,0.34,0,0.38
461,2020-10,2020-06,4,0,True,0.0,master,valid_observed_phase_at_origin,ABCD,selection,1,18,spectral_core,local_partition_rf,0,0.28,0,0.36
462,2020-10,2020-06,4,0,True,1.0,master,valid_observed_phase_at_origin,ABCD,selection,1,18,spectral_core,local_partition_rf,1,0.59,1,0.56
463,2020-10,2020-06,4,0,True,0.0,master,valid_observed_phase_at_origin,ABCD,selection,1,18,spectral_core,local_partition_rf,0,0.38,0,0.37
464,2020-10,2020-06,4,1,True,1.0,master,valid_observed_phase_at_origin,ABCD,selection,1,18,spectral_core,local_partition_rf,1,0.71,1,0.63
465,2020-10,2020-06,4,1,True,1.0,master,valid_observed_phase_at_origin,ABCD,selection,1,18,spectral_core,local_partition_rf,1,0.71,1,0.61
466,2020-10,2020-06,4,1,True,1.0,master,valid_observed_phase_at_origin,ABCD,selection,1,18,spectral_core,local_partition_rf,1,0.68,1,0.64
467,2020-10,2020-06,4,0,True,0.0,master,valid_observed_phase_at_origin,ABCD,selection,1,18,spectral_core,local_partition_rf,0,0.35,0,0.38
468,2020-10,2020-06,4,0,True,1.0,master,valid_observed_phase_at_origin,ABCD,selection,1,18,spectral_core,local_partition_rf,1,0.54,1,0.59
469,2020-10,2020-06,4,0,True,0.0,master,valid_observed_phase_at_origin,ABCD,selection,1,18,spectral_core,local_partition_rf,0,0.36,0,0.34
470,2020-10,2020-06,4,1,True,0.0,master,valid_observed_phase_at_origin,ABCD,selection,1,18,spectral_core,local_partition_rf,0,0.38,0,0.4
471,2020-10,2020-06,4,0,True,0.0,master,valid_observed_phase_at_origin,ABCD,selection,1,18,spectral_core,local_partition_rf,0,0.31,0,0.33
472,2020-10,2020-06,4,0,True,0.0,master,valid_observed_phase_at_origin,ABCD,selection,1,18,spectral_core,local_partition_rf,0,0.31,0,0.4
473,2020-10,2020-06,4,0,True,0.0,master,valid_observed_phase_at_origin,ABCD,selection,1,18,spectral_core,local_partition_rf,0,0.24,0,0.35
474,2020-10,2020-06,4,0,True,0.0,master,valid_observed_phase_at_origin,ABCD,selection,1,18,spectral_core,local_partition_rf,0,0.31,0,0.32
475,2020-10,2020-06,4,0,True,0.0,master,valid_observed_phase_at_origin,ABCD,selection,1,18,spectral_core,local_partition_rf,0,0.26,0,0.37
476,2020-10,2020-06,4,0,True,0.0,master,valid_observed_phase_at_origin,ABCD,selection,1,18,spectral_core,local_partition_rf,0,0.3,0,0.36
477,2020-10,2020-06,4,0,True,0.0,master,valid_observed_phase_at_origin,ABCD,selection,1,18,spectral_core,local_partition_rf,0,0.31,0,0.38
478,2020-10,2020-06,4,0,True,0.0,master,valid_observed_phase_at_origin,ABCD,selection,1,18,spectral_core,local_partition_rf,0,0.23,0,0.36
479,2020-10,2020-06,4,0,True,0.0,master,valid_observed_phase_at_origin,ABCD,selection,1,18,spectral_core,local_partition_rf,0,0.33,0,0.36
480,2020-10,2020-06,4,0,True,0.0,master,valid_observed_phase_at_origin,ABCD,selection,1,18,spectral_core,local_partition_rf,0,0.3,0,0.33
481,2020-10,2020-06,4,0,True,0.0,master,valid_observed_phase_at_origin,ABCD,selection,1,18,spectral_core,local_partition_rf,0,0.28,0,0.41
482,2020-10,2020-06,4,0,True,0.0,master,valid_observed_phase_at_origin,ABCD,selection,1,18,spectral_core,local_partition_rf,0,0.34,0,0.4
483,2020-10,2020-06,4,0,True,0.0,master,valid_observed_phase_at_origin,ABCD,selection,1,18,spectral_core,local_partition_rf,0,0.34,0,0.34
484,2020-10,2020-06,4,0,True,0.0,master,valid_observed_phase_at_origin,ABCD,selection,1,18,spectral_core,local_partition_rf,0,0.33,0,0.39
485,2020-10,2020-06,4,0,True,0.0,master,valid_observed_phase_at_origin,ABCD,selection,1,18,spectral_core,local_partition_rf,0,0.34,0,0.42
486,2020-10,2020-06,4,0,True,0.0,master,valid_observed_phase_at_origin,ABCD,selection,1,18,spectral_core,local_partition_rf,0,0.34,0,0.37
487,2020-10,2020-06,4,0,True,0.0,master,valid_observed_phase_at_origin,ABCD,selection,1,18,spectral_core,local_partition_rf,0,0.3,0,0.34
488,2020-10,2020-06,4,0,True,0.0,master,valid_observed_phase_at_origin,ABCD,selection,1,18,spectral_core,local_partition_rf,0,0.37,0,0.33
489,2020-10,2020-06,4,0,True,0.0,master,valid_observed_phase_at_origin,ABCD,selection,1,18,spectral_core,local_partition_rf,0,0.33,0,0.36
490,2020-10,2020-06,4,0,True,0.0,master,valid_observed_phase_at_origin,ABCD,selection,1,18,spectral_core,local_partition_rf,0,0.37,0,0.36
491,2020-10,2020-06,4,0,True,0.0,master,valid_observed_phase_at_origin,ABCD,selection,1,18,spectral_core,local_partition_rf,0,0.33,0,0.37
492,2020-10,2020-06,4,0,True,0.0,master,valid_observed_phase_at_origin,ABCD,selection,1,18,spectral_core,local_partition_rf,0,0.3,0,0.36
493,2020-10,2020-06,4,0,True,0.0,master,valid_observed_phase_at_origin,ABCD,selection,1,18,spectral_core,local_partition_rf,0,0.32,0,0.27
494,2020-10,2020-06,4,0,True,0.0,master,valid_observed_phase_at_origin,ABCD,selection,1,18,spectral_core,local_partition_rf,0,0.3,0,0.34
495,2020-10,2020-06,4,0,True,0.0,master,valid_observed_phase_at_origin,ABCD,selection,1,18,spectral_core,local_partition_rf,0,0.35,0,0.36
496,2020-10,2020-06,4,0,True,0.0,master,valid_observed_phase_at_origin,ABCD,selection,1,18,spectral_core,local_partition_rf,0,0.33,0,0.36
497,2020-10,2020-06,4,0,True,0.0,master,valid_observed_phase_at_origin,ABCD,selection,1,18,spectral_core,local_partition_rf,0,0.29,0,0.36
498,2020-10,2020-06,4,0,True,0.0,master,valid_observed_phase_at_origin,ABCD,selection,1,18,spectral_core,local_partition_rf,0,0.27,0,0.34
499,2020-10,2020-06,4,0,True,0.0,master,valid_observed_phase_at_origin,ABCD,selection,1,18,spectral_core,local_partition_rf,0,0.28,0,0.35
500,2020-10,2020-06,4,0,True,0.0,master,valid_observed_phase_at_origin,ABCD,selection,1,18,spectral_core,local_partition_rf,0,0.33,0,0.37
501,2020-10,2020-06,4,0,True,1.0,master,valid_observed_phase_at_origin,ABCD,selection,1,18,spectral_core,local_partition_rf,1,0.63,1,0.67
502,2020-10,2020-06,4,0,True,0.0,master,valid_observed_phase_at_origin,ABCD,selection,1,18,spectral_core,local_partition_rf,0,0.25,0,0.37
503,2020-10,2020-06,4,1,True,1.0,master,valid_observed_phase_at_origin,ABCD,selection,1,18,spectral_core,local_partition_rf,1,0.7,1,0.69
504,2020-10,2020-06,4,0,True,0.0,master,valid_observed_phase_at_origin,ABCD,selection,1,18,spectral_core,local_partition_rf,0,0.26,0,0.36
505,2020-10,2020-06,4,0,True,0.0,master,valid_observed_phase_at_origin,ABCD,selection,1,18,spectral_core,local_partition_rf,0,0.27,0,0.38
506,2020-10,2020-06,4,0,True,0.0,master,valid_observed_phase_at_origin,ABCD,selection,1,18,spectral_core,local_partition_rf,0,0.25,0,0.3
507,2020-10,2020-06,4,0,True,0.0,master,valid_observed_phase_at_origin,ABCD,selection,1,18,spectral_core,local_partition_rf,0,0.3,0,0.36
508,2020-10,2020-06,4,0,True,1.0,master,valid_observed_phase_at_origin,ABCD,selection,1,18,spectral_core,local_partition_rf,1,0.61,1,0.68
509,2020-10,2020-06,4,0,True,0.0,master,valid_observed_phase_at_origin,ABCD,selection,1,18,spectral_core,local_partition_rf,0,0.28,0,0.31
510,2020-10,2020-06,4,0,True,1.0,master,valid_observed_phase_at_origin,ABCD,selection,1,18,spectral_core,local_partition_rf,1,0.57,1,0.63
511,2020-10,2020-06,4,0,True,0.0,master,valid_observed_phase_at_origin,ABCD,selection,1,18,spectral_core,local_partition_rf,0,0.24,0,0.34
512,2020-10,2020-06,4,0,True,0.0,master,valid_observed_phase_at_origin,ABCD,selection,1,18,spectral_core,local_partition_rf,0,0.38,0,0.39
513,2020-10,2020-06,4,0,True,0.0,master,valid_observed_phase_at_origin,ABCD,selection,1,18,spectral_core,local_partition_rf,0,0.33,0,0.38
514,2020-10,2020-06,4,1,True,1.0,master,valid_observed_phase_at_origin,ABCD,selection,1,18,spectral_core,local_partition_rf,1,0.68,1,0.61
515,2020-10,2020-06,4,0,True,0.0,master,valid_observed_phase_at_origin,ABCD,selection,1,18,spectral_core,local_partition_rf,0,0.32,0,0.34
516,2020-10,2020-06,4,1,True,1.0,master,valid_observed_phase_at_origin,ABCD,selection,1,18,spectral_core,local_partition_rf,1,0.67,1,0.64
517,2020-10,2020-06,4,0,True,0.0,master,valid_observed_phase_at_origin,ABCD,selection,1,18,spectral_core,local_partition_rf,0,0.31,0,0.33
518,2020-10,2020-06,4,0,True,0.0,master,valid_observed_phase_at_origin,ABCD,selection,1,18,spectral_core,local_partition_rf,0,0.38,0,0.3
519,2020-10,2020-06,4,1,True,1.0,master,valid_observed_phase_at_origin,ABCD,selection,1,18,spectral_core,local_partition_rf,1,0.69,1,0.59
520,2020-10,2020-06,4,0,True,0.0,master,valid_observed_phase_at_origin,ABCD,selection,1,18,spectral_core,local_partition_rf,0,0.36,0,0.34
521,2020-10,2020-06,4,0,True,0.0,master,valid_observed_phase_at_origin,ABCD,selection,1,18,spectral_core,local_partition_rf,0,0.36,0,0.39
522,2020-10,2020-06,4,0,True,0.0,master,valid_observed_phase_at_origin,ABCD,selection,1,18,spectral_core,local_partition_rf,0,0.44,0,0.3
523,2020-10,2020-06,4,0,True,0.0,master,valid_observed_phase_at_origin,ABCD,selection,1,18,spectral_core,local_partition_rf,0,0.35,0,0.38
524,2020-10,2020-06,4,0,True,0.0,master,valid_observed_phase_at_origin,ABCD,selection,1,18,spectral_core,local_partition_rf,0,0.42,0,0.48
525,2020-10,2020-06,4,0,True,0.0,master,valid_observed_phase_at_origin,ABCD,selection,1,18,spectral_core,local_partition_rf,0,0.37,0,0.32
526,2020-10,2020-06,4,0,True,0.0,master,valid_observed_phase_at_origin,ABCD,selection,1,18,spectral_core,local_partition_rf,0,0.35,0,0.33
527,2020-10,2020-06,4,0,True,0.0,master,valid_observed_phase_at_origin,ABCD,selection,1,18,spectral_core,local_partition_rf,0,0.33,0,0.32
528,2020-10,2020-06,4,0,True,0.0,master,valid_observed_phase_at_origin,ABCD,selection,1,18,spectral_core,local_partition_rf,0,0.4,0,0.38
529,2020-10,2020-06,4,0,True,0.0,master,valid_observed_phase_at_origin,ABCD,selection,1,18,spectral_core,local_partition_rf,0,0.37,0,0.37
530,2020-10,2020-06,4,0,True,0.0,master,valid_observed_phase_at_origin,ABCD,selection,1,18,spectral_core,local_partition_rf,0,0.32,0,0.33
531,2020-10,2020-06,4,0,True,0.0,master,valid_observed_phase_at_origin,ABCD,selection,1,18,spectral_core,local_partition_rf,0,0.34,0,0.33
532,2020-10,2020-06,4,0,True,0.0,master,valid_observed_phase_at_origin,ABCD,selection,1,18,spectral_core,local_partition_rf,0,0.33,0,0.28
533,2020-10,2020-06,4,1,True,1.0,master,valid_observed_phase_at_origin,ABCD,selection,1,18,spectral_core,local_partition_rf,1,0.64,1,0.54
534,2020-10,2020-06,4,1,True,1.0,master,valid_observed_phase_at_origin,ABCD,selection,1,18,spectral_core,local_partition_rf,1,0.58,1,0.6
535,2020-10,2020-06,4,0,True,0.0,master,valid_observed_phase_at_origin,ABCD,selection,1,18,spectral_core,local_partition_rf,0,0.33,0,0.3
536,2020-10,2020-06,4,0,True,0.0,master,valid_observed_phase_at_origin,ABCD,selection,1,18,spectral_core,local_partition_rf,0,0.35,0,0.34
537,2020-10,2020-06,4,0,True,0.0,master,valid_observed_phase_at_origin,ABCD,selection,1,18,spectral_core,local_partition_rf,0,0.33,0,0.36
538,2020-10,2020-06,4,0,True,0.0,master,valid_observed_phase_at_origin,ABCD,selection,1,18,spectral_core,local_partition_rf,0,0.29,0,0.33
539,2020-10,2020-06,4,1,True,1.0,master,valid_observed_phase_at_origin,ABCD,selection,1,18,spectral_core,local_partition_rf,1,0.68,1,0.63
540,2020-10,2020-06,4,0,True,0.0,master,valid_observed_phase_at_origin,ABCD,selection,1,18,spectral_core,local_partition_rf,0,0.37,0,0.34
541,2020-10,2020-06,4,0,True,0.0,master,valid_observed_phase_at_origin,ABCD,selection,1,18,spectral_core,local_partition_rf,0,0.34,0,0.31
542,2020-10,2020-06,4,1,True,0.0,master,valid_observed_phase_at_origin,ABCD,selection,1,18,spectral_core,local_partition_rf,0,0.4,0,0.37
543,2020-10,2020-06,4,0,True,0.0,master,valid_observed_phase_at_origin,ABCD,selection,1,18,spectral_core,local_partition_rf,0,0.32,0,0.37
544,2020-10,2020-06,4,0,True,0.0,master,valid_observed_phase_at_origin,ABCD,selection,1,18,spectral_core,local_partition_rf,0,0.34,0,0.32
545,2020-10,2020-06,4,0,True,0.0,master,valid_observed_phase_at_origin,ABCD,selection,1,18,spectral_core,local_partition_rf,0,0.33,0,0.32
546,2020-10,2020-06,4,0,True,0.0,master,valid_observed_phase_at_origin,ABCD,selection,1,18,spectral_core,local_partition_rf,0,0.39,0,0.42
547,2020-10,2020-06,4,0,True,0.0,master,valid_observed_phase_at_origin,ABCD,selection,1,18,spectral_core,local_partition_rf,0,0.31,0,0.33
548,2020-10,2020-06,4,0,True,0.0,master,valid_observed_phase_at_origin,ABCD,selection,1,18,spectral_core,local_partition_rf,0,0.38,0,0.29
549,2020-10,2020-06,4,0,True,0.0,master,valid_observed_phase_at_origin,ABCD,selection,1,18,spectral_core,local_partition_rf,0,0.35,0,0.33
550,2020-10,2020-06,4,0,True,0.0,master,valid_observed_phase_at_origin,ABCD,selection,1,18,spectral_core,local_partition_rf,0,0.31,0,0.4
551,2020-10,2020-06,4,0,True,0.0,master,valid_observed_phase_at_origin,ABCD,selection,1,18,spectral_core,local_partition_rf,0,0.29,0,0.34
552,2020-10,2020-06,4,0,True,0.0,master,valid_observed_phase_at_origin,ABCD,selection,1,18,spectral_core,local_partition_rf,0,0.32,0,0.36
553,2020-10,2020-06,4,0,True,0.0,master,valid_observed_phase_at_origin,ABCD,selection,1,18,spectral_core,local_partition_rf,0,0.33,0,0.36
554,2020-10,2020-06,4,0,True,0.0,master,valid_observed_phase_at_origin,ABCD,selection,1,18,spectral_core,local_partition_rf,0,0.34,0,0.39
555,2020-10,2020-06,4,0,True,0.0,master,valid_observed_phase_at_origin,ABCD,selection,1,18,spectral_core,local_partition_rf,0,0.31,0,0.38
556,2020-10,2020-06,4,0,True,0.0,master,valid_observed_phase_at_origin,ABCD,selection,1,18,spectral_core,local_partition_rf,0,0.33,0,0.31
557,2020-10,2020-06,4,0,True,0.0,master,valid_observed_phase_at_origin,ABCD,selection,1,18,spectral_core,local_partition_rf,0,0.33,0,0.44
558,2020-10,2020-06,4,1,True,1.0,master,valid_observed_phase_at_origin,ABCD,selection,1,18,spectral_core,local_partition_rf,1,0.71,1,0.55
559,2020-10,2020-06,4,0,True,0.0,master,valid_observed_phase_at_origin,ABCD,selection,1,18,spectral_core,local_partition_rf,0,0.32,0,0.35
560,2020-10,2020-06,4,0,True,0.0,master,valid_observed_phase_at_origin,ABCD,selection,1,18,spectral_core,local_partition_rf,0,0.32,0,0.35
561,2020-10,2020-06,4,0,True,0.0,master,valid_observed_phase_at_origin,ABCD,selection,1,18,spectral_core,local_partition_rf,0,0.31,0,0.33
562,2020-10,2020-06,4,1,True,1.0,master,valid_observed_phase_at_origin,ABCD,selection,1,18,spectral_core,local_partition_rf,1,0.76,1,0.71
563,2020-10,2020-06,4,1,True,1.0,master,valid_observed_phase_at_origin,ABCD,selection,1,18,spectral_core,local_partition_rf,1,0.7,1,0.62
564,2020-10,2020-06,4,0,True,1.0,master,valid_observed_phase_at_origin,ABCD,selection,1,18,spectral_core,local_partition_rf,1,0.6,1,0.63
565,2020-10,2020-06,4,0,True,1.0,master,valid_observed_phase_at_origin,ABCD,selection,1,18,spectral_core,local_partition_rf,1,0.66,1,0.67
566,2020-10,2020-06,4,0,True,0.0,master,valid_observed_phase_at_origin,ABCD,selection,1,18,spectral_core,local_partition_rf,0,0.32,0,0.34
567,2020-10,2020-06,4,0,True,0.0,master,valid_observed_phase_at_origin,ABCD,selection,1,18,spectral_core,local_partition_rf,0,0.38,0,0.39
568,2020-10,2020-06,4,0,True,0.0,master,valid_observed_phase_at_origin,ABCD,selection,1,18,spectral_core,local_partition_rf,0,0.36,0,0.34
569,2020-10,2020-06,4,0,True,0.0,master,valid_observed_phase_at_origin,ABCD,selection,1,18,spectral_core,local_partition_rf,0,0.41,0,0.34
570,2020-10,2020-06,4,0,True,0.0,master,valid_observed_phase_at_origin,ABCD,selection,1,18,spectral_core,local_partition_rf,0,0.32,0,0.41
571,2020-10,2020-06,4,0,True,0.0,master,valid_observed_phase_at_origin,ABCD,selection,1,18,spectral_core,local_partition_rf,0,0.33,0,0.37
572,2020-10,2020-06,4,1,True,1.0,master,valid_observed_phase_at_origin,ABCD,selection,1,18,spectral_core,local_partition_rf,1,0.51,1,0.63
573,2020-10,2020-06,4,0,True,0.0,master,valid_observed_phase_at_origin,ABCD,selection,1,18,spectral_core,local_partition_rf,0,0.31,0,0.32
574,2020-10,2020-06,4,0,True,0.0,master,valid_observed_phase_at_origin,ABCD,selection,1,18,spectral_core,local_partition_rf,0,0.35,0,0.35
575,2020-10,2020-06,4,0,True,1.0,master,valid_observed_phase_at_origin,ABCD,selection,1,18,spectral_core,local_partition_rf,1,0.65,1,0.59
576,2020-10,2020-06,4,1,True,1.0,master,valid_observed_phase_at_origin,ABCD,selection,1,18,spectral_core,local_partition_rf,1,0.59,1,0.59
577,2020-10,2020-06,4,0,True,0.0,master,valid_observed_phase_at_origin,ABCD,selection,1,18,spectral_core,local_partition_rf,0,0.39,0,0.31
578,2020-10,2020-06,4,0,True,0.0,master,valid_observed_phase_at_origin,ABCD,selection,1,18,spectral_core,local_partition_rf,0,0.32,0,0.38
579,2020-10,2020-06,4,0,True,0.0,master,valid_observed_phase_at_origin,ABCD,selection,1,18,spectral_core,local_partition_rf,0,0.31,0,0.37
580,2020-10,2020-06,4,1,True,1.0,master,valid_observed_phase_at_origin,ABCD,selection,1,18,spectral_core,local_partition_rf,1,0.74,1,0.64
581,2020-10,2020-06,4,0,True,0.0,master,valid_observed_phase_at_origin,ABCD,selection,1,18,spectral_core,local_partition_rf,0,0.3,0,0.4
582,2020-10,2020-06,4,0,True,0.0,master,valid_observed_phase_at_origin,ABCD,selection,1,18,spectral_core,local_partition_rf,0,0.34,0,0.33
583,2020-10,2020-06,4,1,True,1.0,master,valid_observed_phase_at_origin,ABCD,selection,1,18,spectral_core,local_partition_rf,1,0.75,1,0.57
584,2020-10,2020-06,4,0,True,0.0,master,valid_observed_phase_at_origin,ABCD,selection,1,18,spectral_core,local_partition_rf,0,0.32,0,0.34
585,2020-10,2020-06,4,0,True,0.0,master,valid_observed_phase_at_origin,ABCD,selection,1,18,spectral_core,local_partition_rf,0,0.36,0,0.34
586,2020-10,2020-06,4,0,True,0.0,master,valid_observed_phase_at_origin,ABCD,selection,1,18,spectral_core,local_partition_rf,0,0.3,0,0.41
587,2020-10,2020-06,4,0,True,0.0,master,valid_observed_phase_at_origin,ABCD,selection,1,18,spectral_core,local_partition_rf,0,0.31,0,0.42
588,2020-10,2020-06,4,0,True,0.0,master,valid_observed_phase_at_origin,ABCD,selection,1,18,spectral_core,local_partition_rf,0,0.34,0,0.35
589,2020-10,2020-06,4,0,True,0.0,master,valid_observed_phase_at_origin,ABCD,selection,1,18,spectral_core,local_partition_rf,0,0.33,0,0.35
590,2020-10,2020-06,4,0,True,0.0,master,valid_observed_phase_at_origin,ABCD,selection,1,18,spectral_core,local_partition_rf,0,0.33,0,0.42
591,2020-10,2020-06,4,0,True,0.0,master,valid_observed_phase_at_origin,ABCD,selection,1,18,spectral_core,local_partition_rf,0,0.33,0,0.38
592,2020-10,2020-06,4,0,True,0.0,master,valid_observed_phase_at_origin,ABCD,selection,1,18,spectral_core,local_partition_rf,0,0.35,0,0.36
593,2020-10,2020-06,4,0,True,0.0,master,valid_observed_phase_at_origin,ABCD,selection,1,18,spectral_core,local_partition_rf,0,0.3,0,0.39
594,2020-10,2020-06,4,0,True,0.0,master,valid_observed_phase_at_origin,ABCD,selection,1,18,spectral_core,local_partition_rf,0,0.32,0,0.34
595,2020-10,2020-06,4,0,True,0.0,master,valid_observed_phase_at_origin,ABCD,selection,1,18,spectral_core,local_partition_rf,0,0.4,0,0.34
596,2020-10,2020-06,4,0,True,0.0,master,valid_observed_phase_at_origin,ABCD,selection,1,18,spectral_core,local_partition_rf,0,0.28,0,0.4
597,2020-10,2020-06,4,1,True,1.0,master,valid_observed_phase_at_origin,ABCD,selection,1,18,spectral_core,local_partition_rf,1,0.72,1,0.58
598,2020-10,2020-06,4,0,True,0.0,master,valid_observed_phase_at_origin,ABCD,selection,1,18,spectral_core,local_partition_rf,0,0.29,0,0.35
599,2020-10,2020-06,4,0,True,0.0,master,valid_observed_phase_at_origin,ABCD,selection,1,18,spectral_core,local_partition_rf,0,0.4,0,0.36
600,2020-10,2020-06,4,0,True,0.0,master,valid_observed_phase_at_origin,ABCD,selection,1,18,spectral_core,local_partition_rf,0,0.31,0,0.38
601,2020-10,2020-06,4,0,True,0.0,master,valid_observed_phase_at_origin,ABCD,selection,1,18,spectral_core,local_partition_rf,0,0.33,0,0.33
602,2020-10,2020-06,4,0,True,0.0,master,valid_observed_phase_at_origin,ABCD,selection,1,18,spectral_core,local_partition_rf,0,0.29,0,0.41
603,2020-10,2020-06,4,0,True,0.0,master,valid_observed_phase_at_origin,ABCD,selection,1,18,spectral_core,local_partition_rf,0,0.29,0,0.41
604,2020-10,2020-06,4,0,True,0.0,master,valid_observed_phase_at_origin,ABCD,selection,1,18,spectral_core,local_partition_rf,0,0.31,0,0.38
605,2020-10,2020-06,4,0,True,0.0,master,valid_observed_phase_at_origin,ABCD,selection,1,18,spectral_core,local_partition_rf,0,0.27,0,0.3
606,2020-10,2020-06,4,0,True,0.0,master,valid_observed_phase_at_origin,ABCD,selection,1,18,spectral_core,local_partition_rf,0,0.31,0,0.4
607,2020-10,2020-06,4,0,True,0.0,master,valid_observed_phase_at_origin,ABCD,selection,1,18,spectral_core,local_partition_rf,0,0.28,0,0.41
608,2020-10,2020-06,4,0,True,1.0,master,valid_observed_phase_at_origin,ABCD,selection,1,18,spectral_core,local_partition_rf,1,0.58,1,0.64
609,2020-10,2020-06,4,0,True,0.0,master,valid_observed_phase_at_origin,ABCD,selection,1,18,spectral_core,local_partition_rf,0,0.41,0,0.32
610,2020-10,2020-06,4,0,True,0.0,master,valid_observed_phase_at_origin,ABCD,selection,1,18,spectral_core,local_partition_rf,0,0.32,0,0.38
611,2020-10,2020-06,4,0,True,0.0,master,valid_observed_phase_at_origin,ABCD,selection,1,18,spectral_core,local_partition_rf,0,0.32,0,0.42
612,2020-10,2020-06,4,0,True,0.0,master,valid_observed_phase_at_origin,ABCD,selection,1,18,spectral_core,local_partition_rf,0,0.37,0,0.34
613,2020-10,2020-06,4,1,True,1.0,master,valid_observed_phase_at_origin,ABCD,selection,1,18,spectral_core,local_partition_rf,1,0.73,1,0.59
614,2020-10,2020-06,4,0,True,0.0,master,valid_observed_phase_at_origin,ABCD,selection,1,18,spectral_core,local_partition_rf,0,0.27,0,0.41
615,2020-10,2020-06,4,0,True,0.0,master,valid_observed_phase_at_origin,ABCD,selection,1,18,spectral_core,local_partition_rf,0,0.32,0,0.33
616,2020-10,2020-06,4,0,True,0.0,master,valid_observed_phase_at_origin,ABCD,selection,1,18,spectral_core,local_partition_rf,0,0.29,0,0.43
617,2020-10,2020-06,4,0,True,0.0,master,valid_observed_phase_at_origin,ABCD,selection,1,18,spectral_core,local_partition_rf,0,0.31,0,0.44
618,2020-10,2020-06,4,0,True,0.0,master,valid_observed_phase_at_origin,ABCD,selection,1,18,spectral_core,local_partition_rf,0,0.3,0,0.42
619,2020-10,2020-06,4,0,True,0.0,master,valid_observed_phase_at_origin,ABCD,selection,1,18,spectral_core,local_partition_rf,0,0.3,0,0.42
620,2020-10,2020-06,4,0,True,0.0,master,valid_observed_phase_at_origin,ABCD,selection,1,18,spectral_core,local_partition_rf,0,0.32,0,0.41
621,2020-10,2020-06,4,0,True,0.0,master,valid_observed_phase_at_origin,ABCD,selection,1,18,spectral_core,local_partition_rf,0,0.3,0,0.42
622,2020-10,2020-06,4,0,True,0.0,master,valid_observed_phase_at_origin,ABCD,selection,1,18,spectral_core,local_partition_rf,0,0.29,0,0.42
623,2020-10,2020-06,4,0,True,0.0,master,valid_observed_phase_at_origin,ABCD,selection,1,18,spectral_core,local_partition_rf,0,0.39,0,0.39
624,2020-10,2020-06,4,0,True,0.0,master,valid_observed_phase_at_origin,ABCD,selection,1,18,spectral_core,local_partition_rf,0,0.3,0,0.41
625,2020-10,2020-06,4,0,True,0.0,master,valid_observed_phase_at_origin,ABCD,selection,1,18,spectral_core,local_partition_rf,0,0.33,0,0.39
626,2020-10,2020-06,4,0,True,0.0,master,valid_observed_phase_at_origin,ABCD,selection,1,18,spectral_core,local_partition_rf,0,0.29,0,0.38
627,2020-10,2020-06,4,0,True,0.0,master,valid_observed_phase_at_origin,ABCD,selection,1,18,spectral_core,local_partition_rf,0,0.29,0,0.4
628,2020-10,2020-06,4,0,True,0.0,master,valid_observed_phase_at_origin,ABCD,selection,1,18,spectral_core,local_partition_rf,0,0.33,0,0.4
629,2020-10,2020-06,4,0,True,0.0,master,valid_observed_phase_at_origin,ABCD,selection,1,18,spectral_core,local_partition_rf,0,0.3,0,0.35
630,2020-10,2020-06,4,0,True,0.0,master,valid_observed_phase_at_origin,ABCD,selection,1,18,spectral_core,local_partition_rf,0,0.28,0,0.44
631,2020-10,2020-06,4,0,True,0.0,master,valid_observed_phase_at_origin,ABCD,selection,1,18,spectral_core,local_partition_rf,0,0.4,0,0.36
632,2020-10,2020-06,4,0,True,0.0,master,valid_observed_phase_at_origin,ABCD,selection,1,18,spectral_core,local_partition_rf,0,0.23,0,0.36
633,2020-10,2020-06,4,0,True,0.0,master,valid_observed_phase_at_origin,ABCD,selection,1,18,spectral_core,local_partition_rf,0,0.27,0,0.32
634,2020-10,2020-06,4,0,True,0.0,master,valid_observed_phase_at_origin,ABCD,selection,1,18,spectral_core,local_partition_rf,0,0.28,0,0.37
635,2020-10,2020-06,4,0,True,0.0,master,valid_observed_phase_at_origin,ABCD,selection,1,18,spectral_core,local_partition_rf,0,0.3,0,0.35
636,2020-10,2020-06,4,1,True,1.0,master,valid_observed_phase_at_origin,ABCD,selection,1,18,spectral_core,local_partition_rf,1,0.55,1,0.64
637,2020-10,2020-06,4,0,True,0.0,master,valid_observed_phase_at_origin,ABCD,selection,1,18,spectral_core,local_partition_rf,0,0.28,0,0.36
638,2020-10,2020-06,4,0,True,0.0,master,valid_observed_phase_at_origin,ABCD,selection,1,18,spectral_core,local_partition_rf,0,0.29,0,0.34
639,2020-10,2020-06,4,1,True,0.0,master,valid_observed_phase_at_origin,ABCD,selection,1,18,spectral_core,local_partition_rf,0,0.48,0,0.42
640,2020-10,2020-06,4,0,True,0.0,master,valid_observed_phase_at_origin,ABCD,selection,1,18,spectral_core,local_partition_rf,0,0.3,0,0.32
641,2020-10,2020-06,4,0,True,1.0,master,valid_observed_phase_at_origin,ABCD,selection,1,18,spectral_core,local_partition_rf,1,0.59,1,0.62
642,2020-10,2020-06,4,0,True,0.0,master,valid_observed_phase_at_origin,ABCD,selection,1,18,spectral_core,local_partition_rf,0,0.33,0,0.39
643,2020-10,2020-06,4,1,True,0.0,master,valid_observed_phase_at_origin,ABCD,selection,1,18,spectral_core,local_partition_rf,0,0.41,0,0.42
644,2020-10,2020-06,4,0,True,0.0,master,valid_observed_phase_at_origin,ABCD,selection,1,18,spectral_core,local_partition_rf,0,0.28,0,0.37
645,2020-10,2020-06,4,1,True,1.0,master,valid_observed_phase_at_origin,ABCD,selection,1,18,spectral_core,local_partition_rf,1,0.54,1,0.66
646,2020-10,2020-06,4,0,True,0.0,master,valid_observed_phase_at_origin,ABCD,selection,1,18,spectral_core,local_partition_rf,0,0.33,0,0.44
647,2020-10,2020-06,4,1,True,0.0,master,valid_observed_phase_at_origin,ABCD,selection,1,18,spectral_core,local_partition_rf,0,0.44,0,0.39
648,2020-10,2020-06,4,0,True,0.0,master,valid_observed_phase_at_origin,ABCD,selection,1,18,spectral_core,local_partition_rf,0,0.33,0,0.43
649,2020-10,2020-06,4,0,True,0.0,master,valid_observed_phase_at_origin,ABCD,selection,1,18,spectral_core,local_partition_rf,0,0.29,0,0.35
650,2020-10,2020-06,4,0,True,0.0,master,valid_observed_phase_at_origin,ABCD,selection,1,18,spectral_core,local_partition_rf,0,0.27,0,0.33
651,2020-10,2020-06,4,0,True,0.0,master,valid_observed_phase_at_origin,ABCD,selection,1,18,spectral_core,local_partition_rf,0,0.38,0,0.37
652,2020-10,2020-06,4,0,True,0.0,master,valid_observed_phase_at_origin,ABCD,selection,1,18,spectral_core,local_partition_rf,0,0.37,0,0.34
653,2020-10,2020-06,4,0,True,0.0,master,valid_observed_phase_at_origin,ABCD,selection,1,18,spectral_core,local_partition_rf,0,0.34,0,0.34
654,2020-10,2020-06,4,1,True,1.0,master,valid_observed_phase_at_origin,ABCD,selection,1,18,spectral_core,local_partition_rf,1,0.57,1,0.62
655,2020-10,2020-06,4,0,True,1.0,master,valid_observed_phase_at_origin,ABCD,selection,1,18,spectral_core,local_partition_rf,1,0.53,1,0.61
656,2020-10,2020-06,4,0,True,0.0,master,valid_observed_phase_at_origin,ABCD,selection,1,18,spectral_core,local_partition_rf,0,0.37,0,0.43
657,2020-10,2020-06,4,0,True,0.0,master,valid_observed_phase_at_origin,ABCD,selection,1,18,spectral_core,local_partition_rf,0,0.32,0,0.41
658,2020-10,2020-06,4,0,True,0.0,master,valid_observed_phase_at_origin,ABCD,selection,1,18,spectral_core,local_partition_rf,0,0.31,0,0.36
659,2020-10,2020-06,4,0,True,0.0,master,valid_observed_phase_at_origin,ABCD,selection,1,18,spectral_core,local_partition_rf,0,0.34,0,0.41
660,2020-10,2020-06,4,0,True,0.0,master,valid_observed_phase_at_origin,ABCD,selection,1,18,spectral_core,local_partition_rf,0,0.33,0,0.36
661,2020-10,2020-06,4,0,True,0.0,master,valid_observed_phase_at_origin,ABCD,selection,1,18,spectral_core,local_partition_rf,0,0.35,0,0.37
662,2020-10,2020-06,4,0,True,0.0,master,valid_observed_phase_at_origin,ABCD,selection,1,18,spectral_core,local_partition_rf,0,0.35,0,0.28
663,2020-10,2020-06,4,0,True,0.0,master,valid_observed_phase_at_origin,ABCD,selection,1,18,spectral_core,local_partition_rf,0,0.35,0,0.31
664,2020-10,2020-06,4,0,True,0.0,master,valid_observed_phase_at_origin,ABCD,selection,1,18,spectral_core,local_partition_rf,0,0.37,0,0.37
665,2020-10,2020-06,4,0,True,0.0,master,valid_observed_phase_at_origin,ABCD,selection,1,18,spectral_core,local_partition_rf,0,0.31,0,0.35
666,2020-10,2020-06,4,0,True,0.0,master,valid_observed_phase_at_origin,ABCD,selection,1,18,spectral_core,local_partition_rf,0,0.31,0,0.35
667,2020-10,2020-06,4,0,True,0.0,master,valid_observed_phase_at_origin,ABCD,selection,1,18,spectral_core,local_partition_rf,0,0.37,0,0.36
668,2020-10,2020-06,4,0,True,0.0,master,valid_observed_phase_at_origin,ABCD,selection,1,18,spectral_core,local_partition_rf,0,0.35,0,0.38
669,2020-10,2020-06,4,0,True,0.0,master,valid_observed_phase_at_origin,ABCD,selection,1,18,spectral_core,local_partition_rf,0,0.31,0,0.33
670,2020-10,2020-06,4,0,True,0.0,master,valid_observed_phase_at_origin,ABCD,selection,1,18,spectral_core,local_partition_rf,0,0.32,0,0.3
671,2020-10,2020-06,4,0,True,0.0,master,valid_observed_phase_at_origin,ABCD,selection,1,18,spectral_core,local_partition_rf,0,0.3,0,0.35
672,2020-10,2020-06,4,0,True,0.0,master,valid_observed_phase_at_origin,ABCD,selection,1,18,spectral_core,local_partition_rf,0,0.32,0,0.37
673,2020-10,2020-06,4,0,True,0.0,master,valid_observed_phase_at_origin,ABCD,selection,1,18,spectral_core,local_partition_rf,0,0.34,0,0.32
674,2020-10,2020-06,4,0,True,0.0,master,valid_observed_phase_at_origin,ABCD,selection,1,18,spectral_core,local_partition_rf,0,0.34,0,0.38
675,2020-10,2020-06,4,0,True,0.0,master,valid_observed_phase_at_origin,ABCD,selection,1,18,spectral_core,local_partition_rf,0,0.29,0,0.3
676,2020-10,2020-06,4,0,True,1.0,master,valid_observed_phase_at_origin,ABCD,selection,1,18,spectral_core,local_partition_rf,0,0.47,1,0.61
677,2020-10,2020-06,4,0,True,0.0,master,valid_observed_phase_at_origin,ABCD,selection,1,18,spectral_core,local_partition_rf,0,0.39,0,0.32
678,2020-10,2020-06,4,0,True,0.0,master,valid_observed_phase_at_origin,ABCD,selection,1,18,spectral_core,local_partition_rf,0,0.32,0,0.34
679,2020-10,2020-06,4,0,True,0.0,master,valid_observed_phase_at_origin,ABCD,selection,1,18,spectral_core,local_partition_rf,0,0.33,0,0.34
680,2020-10,2020-06,4,0,True,0.0,master,valid_observed_phase_at_origin,ABCD,selection,1,18,spectral_core,local_partition_rf,0,0.36,0,0.36
681,2020-10,2020-06,4,0,True,0.0,master,valid_observed_phase_at_origin,ABCD,selection,1,18,spectral_core,local_partition_rf,0,0.33,0,0.32
682,2020-10,2020-06,4,0,True,1.0,master,valid_observed_phase_at_origin,ABCD,selection,1,18,spectral_core,local_partition_rf,0,0.48,1,0.59
683,2020-10,2020-06,4,0,True,0.0,master,valid_observed_phase_at_origin,ABCD,selection,1,18,spectral_core,local_partition_rf,0,0.33,0,0.38
684,2020-10,2020-06,4,0,True,0.0,master,valid_observed_phase_at_origin,ABCD,selection,1,18,spectral_core,local_partition_rf,0,0.32,0,0.37
685,2020-10,2020-06,4,0,True,0.0,master,valid_observed_phase_at_origin,ABCD,selection,1,18,spectral_core,local_partition_rf,0,0.33,0,0.38
686,2020-10,2020-06,4,0,True,0.0,master,valid_observed_phase_at_origin,ABCD,selection,1,18,spectral_core,local_partition_rf,0,0.31,0,0.36
687,2020-10,2020-06,4,0,True,0.0,master,valid_observed_phase_at_origin,ABCD,selection,1,18,spectral_core,local_partition_rf,0,0.35,0,0.35
688,2020-10,2020-06,4,0,True,0.0,master,valid_observed_phase_at_origin,ABCD,selection,1,18,spectral_core,local_partition_rf,0,0.32,0,0.32
689,2020-10,2020-06,4,0,True,0.0,master,valid_observed_phase_at_origin,ABCD,selection,1,18,spectral_core,local_partition_rf,0,0.32,0,0.37
690,2020-10,2020-06,4,1,True,0.0,master,valid_observed_phase_at_origin,ABCD,selection,1,18,spectral_core,local_partition_rf,0,0.49,0,0.39
691,2020-10,2020-06,4,0,True,0.0,master,valid_observed_phase_at_origin,ABCD,selection,1,18,spectral_core,local_partition_rf,0,0.33,0,0.27
692,2020-10,2020-06,4,0,True,0.0,master,valid_observed_phase_at_origin,ABCD,selection,1,18,spectral_core,local_partition_rf,0,0.31,0,0.3
693,2020-10,2020-06,4,0,True,1.0,master,valid_observed_phase_at_origin,ABCD,selection,1,18,spectral_core,local_partition_rf,1,0.56,1,0.54
694,2020-10,2020-06,4,0,True,0.0,master,valid_observed_phase_at_origin,ABCD,selection,1,18,spectral_core,local_partition_rf,0,0.29,0,0.32
695,2020-10,2020-06,4,0,True,0.0,master,valid_observed_phase_at_origin,ABCD,selection,1,18,spectral_core,local_partition_rf,0,0.33,0,0.32
696,2020-10,2020-06,4,0,True,0.0,master,valid_observed_phase_at_origin,ABCD,selection,1,18,spectral_core,local_partition_rf,0,0.35,0,0.33
697,2020-10,2020-06,4,0,True,0.0,master,valid_observed_phase_at_origin,ABCD,selection,1,18,spectral_core,local_partition_rf,0,0.35,0,0.34
698,2020-10,2020-06,4,0,True,0.0,master,valid_observed_phase_at_origin,ABCD,selection,1,18,spectral_core,local_partition_rf,0,0.36,0,0.38
699,2020-10,2020-06,4,1,True,0.0,master,valid_observed_phase_at_origin,ABCD,selection,1,18,spectral_core,local_partition_rf,0,0.37,0,0.35
700,2020-10,2020-06,4,0,True,0.0,master,valid_observed_phase_at_origin,ABCD,selection,1,18,spectral_core,local_partition_rf,0,0.4,0,0.41
701,2020-10,2020-06,4,1,True,1.0,master,valid_observed_phase_at_origin,ABCD,selection,1,18,spectral_core,local_partition_rf,1,0.51,1,0.6
702,2020-10,2020-06,4,1,True,1.0,master,valid_observed_phase_at_origin,ABCD,selection,1,18,spectral_core,local_partition_rf,1,0.54,1,0.62
703,2020-10,2020-06,4,0,True,1.0,master,valid_observed_phase_at_origin,ABCD,selection,1,18,spectral_core,local_partition_rf,0,0.46,1,0.6
704,2020-10,2020-06,4,0,True,0.0,master,valid_observed_phase_at_origin,ABCD,selection,1,18,spectral_core,local_partition_rf,0,0.34,0,0.37
705,2020-10,2020-06,4,0,True,0.0,master,valid_observed_phase_at_origin,ABCD,selection,1,18,spectral_core,local_partition_rf,0,0.37,0,0.34
706,2020-10,2020-06,4,0,True,0.0,master,valid_observed_phase_at_origin,ABCD,selection,1,18,spectral_core,local_partition_rf,0,0.37,0,0.39
707,2020-10,2020-06,4,0,True,1.0,master,valid_observed_phase_at_origin,ABCD,selection,1,18,spectral_core,local_partition_rf,1,0.53,1,0.6
708,2020-10,2020-06,4,0,True,0.0,master,valid_observed_phase_at_origin,ABCD,selection,1,18,spectral_core,local_partition_rf,0,0.29,0,0.37
709,2020-10,2020-06,4,1,True,1.0,master,valid_observed_phase_at_origin,ABCD,selection,1,18,spectral_core,local_partition_rf,1,0.51,1,0.62
710,2020-10,2020-06,4,1,True,0.0,master,valid_observed_phase_at_origin,ABCD,selection,1,18,spectral_core,local_partition_rf,0,0.36,0,0.37
711,2020-10,2020-06,4,1,True,0.0,master,valid_observed_phase_at_origin,ABCD,selection,1,18,spectral_core,local_partition_rf,0,0.38,0,0.39
712,2020-10,2020-06,4,0,True,0.0,master,valid_observed_phase_at_origin,ABCD,selection,1,18,spectral_core,local_partition_rf,0,0.29,0,0.29
713,2020-10,2020-06,4,0,True,1.0,master,valid_observed_phase_at_origin,ABCD,selection,1,18,spectral_core,local_partition_rf,1,0.52,1,0.63
714,2020-10,2020-06,4,0,True,0.0,master,valid_observed_phase_at_origin,ABCD,selection,1,18,spectral_core,local_partition_rf,0,0.22,0,0.35
715,2020-10,2020-06,4,0,True,0.0,master,valid_observed_phase_at_origin,ABCD,selection,1,18,spectral_core,local_partition_rf,0,0.33,0,0.33
716,2020-10,2020-06,4,0,True,1.0,master,valid_observed_phase_at_origin,ABCD,selection,1,18,spectral_core,local_partition_rf,1,0.51,1,0.58
717,2020-10,2020-06,4,0,True,0.0,master,valid_observed_phase_at_origin,ABCD,selection,1,18,spectral_core,local_partition_rf,0,0.37,0,0.34
718,2020-10,2020-06,4,0,True,0.0,master,valid_observed_phase_at_origin,ABCD,selection,1,18,spectral_core,local_partition_rf,0,0.33,0,0.3
719,2020-10,2020-06,4,0,True,0.0,master,valid_observed_phase_at_origin,ABCD,selection,1,18,spectral_core,local_partition_rf,0,0.32,0,0.33
720,2020-10,2020-06,4,0,True,0.0,master,valid_observed_phase_at_origin,ABCD,selection,1,18,spectral_core,local_partition_rf,0,0.34,0,0.34
721,2020-10,2020-06,4,0,True,0.0,master,valid_observed_phase_at_origin,ABCD,selection,1,18,spectral_core,local_partition_rf,0,0.34,0,0.31
722,2020-10,2020-06,4,0,True,0.0,master,valid_observed_phase_at_origin,ABCD,selection,1,18,spectral_core,local_partition_rf,0,0.35,0,0.34
723,2020-10,2020-06,4,0,True,0.0,master,valid_observed_phase_at_origin,ABCD,selection,1,18,spectral_core,local_partition_rf,0,0.35,0,0.34
724,2020-10,2020-06,4,0,True,1.0,master,valid_observed_phase_at_origin,ABCD,selection,1,18,spectral_core,local_partition_rf,0,0.48,1,0.57
725,2020-10,2020-06,4,0,True,0.0,master,valid_observed_phase_at_origin,ABCD,selection,1,18,spectral_core,local_partition_rf,0,0.37,0,0.31
726,2020-10,2020-06,4,0,True,0.0,master,valid_observed_phase_at_origin,ABCD,selection,1,18,spectral_core,local_partition_rf,0,0.35,0,0.38
727,2020-10,2020-06,4,0,True,0.0,master,valid_observed_phase_at_origin,ABCD,selection,1,18,spectral_core,local_partition_rf,0,0.38,0,0.34
728,2020-10,2020-06,4,1,True,1.0,master,valid_observed_phase_at_origin,ABCD,selection,1,18,spectral_core,local_partition_rf,1,0.6,1,0.63
729,2020-10,2020-06,4,0,True,1.0,master,valid_observed_phase_at_origin,ABCD,selection,1,18,spectral_core,local_partition_rf,1,0.55,1,0.56
730,2020-10,2020-06,4,0,True,0.0,master,valid_observed_phase_at_origin,ABCD,selection,1,18,spectral_core,local_partition_rf,0,0.32,0,0.3
731,2020-10,2020-06,4,0,True,0.0,master,valid_observed_phase_at_origin,ABCD,selection,1,18,spectral_core,local_partition_rf,0,0.33,0,0.35
732,2020-10,2020-06,4,0,True,0.0,master,valid_observed_phase_at_origin,ABCD,selection,1,0,spectral_core,local_partition_rf,0,0.06,0,0.03
733,2020-10,2020-06,4,0,True,0.0,master,valid_observed_phase_at_origin,ABCD,selection,1,0,spectral_core,local_partition_rf,0,0.02,0,0.07
734,2020-10,2020-06,4,0,True,0.0,master,valid_observed_phase_at_origin,ABCD,selection,1,0,spectral_core,local_partition_rf,0,0.11,0,0.08
735,2020-10,2020-06,4,0,True,0.0,master,valid_observed_phase_at_origin,ABCD,selection,1,0,spectral_core,local_partition_rf,0,0.14,0,0.08
736,2020-10,2020-06,4,0,True,1.0,master,valid_observed_phase_at_origin,ABCD,selection,1,0,spectral_core,local_partition_rf,0,0.45,1,0.6
737,2020-10,2020-06,4,0,True,1.0,master,valid_observed_phase_at_origin,ABCD,selection,1,0,spectral_core,local_partition_rf,0,0.44,1,0.57
738,2020-10,2020-06,4,0,True,0.0,master,valid_observed_phase_at_origin,ABCD,selection,1,0,spectral_core,local_partition_rf,0,0.03,0,0.04
739,2020-10,2020-06,4,1,True,1.0,master,valid_observed_phase_at_origin,ABCD,selection,1,0,spectral_core,local_partition_rf,1,0.78,1,0.68
740,2020-10,2020-06,4,1,True,1.0,master,valid_observed_phase_at_origin,ABCD,selection,1,0,spectral_core,local_partition_rf,1,0.78,1,0.7
741,2020-10,2020-06,4,0,True,1.0,master,valid_observed_phase_at_origin,ABCD,selection,1,0,spectral_core,local_partition_rf,0,0.42,1,0.54
742,2020-10,2020-06,4,0,True,0.0,master,valid_observed_phase_at_origin,ABCD,selection,1,0,spectral_core,local_partition_rf,0,0.33,0,0.36
743,2020-10,2020-06,4,0,True,0.0,master,valid_observed_phase_at_origin,ABCD,selection,1,0,spectral_core,local_partition_rf,0,0.04,0,0.06
744,2020-10,2020-06,4,0,True,1.0,master,valid_observed_phase_at_origin,ABCD,selection,1,0,spectral_core,local_partition_rf,1,0.69,1,0.65
745,2020-10,2020-06,4,0,True,1.0,master,valid_observed_phase_at_origin,ABCD,selection,1,0,spectral_core,local_partition_rf,1,0.64,1,0.63
746,2020-10,2020-06,4,1,True,1.0,master,valid_observed_phase_at_origin,ABCD,selection,1,0,spectral_core,local_partition_rf,1,0.74,1,0.7
747,2020-10,2020-06,4,1,True,1.0,master,valid_observed_phase_at_origin,ABCD,selection,1,0,spectral_core,local_partition_rf,1,0.86,1,0.73
748,2020-10,2020-06,4,1,True,1.0,master,valid_observed_phase_at_origin,ABCD,selection,1,0,spectral_core,local_partition_rf,1,0.65,1,0.6
749,2020-10,2020-06,4,0,True,0.0,master,valid_observed_phase_at_origin,ABCD,selection,1,0,spectral_core,local_partition_rf,0,0.32,0,0.29
750,2020-10,2020-06,4,1,True,1.0,master,valid_observed_phase_at_origin,ABCD,selection,1,0,spectral_core,local_partition_rf,1,0.83,1,0.74
751,2020-10,2020-06,4,0,True,1.0,master,valid_observed_phase_at_origin,ABCD,selection,1,0,spectral_core,local_partition_rf,0,0.41,1,0.52
752,2020-10,2020-06,4,1,True,1.0,master,valid_observed_phase_at_origin,ABCD,selection,1,0,spectral_core,local_partition_rf,1,0.76,1,0.66
753,2020-10,2020-06,4,0,True,0.0,master,valid_observed_phase_at_origin,ABCD,selection,1,0,spectral_core,local_partition_rf,0,0.08,0,0.1
754,2020-10,2020-06,4,0,True,1.0,master,valid_observed_phase_at_origin,ABCD,selection,1,0,spectral_core,local_partition_rf,0,0.47,1,0.52
755,2020-10,2020-06,4,0,True,0.0,master,valid_observed_phase_at_origin,ABCD,selection,1,0,spectral_core,local_partition_rf,0,0.01,0,0.02
756,2020-10,2020-06,4,0,True,0.0,master,valid_observed_phase_at_origin,ABCD,selection,1,0,spectral_core,local_partition_rf,0,0.01,0,0.02
757,2020-10,2020-06,4,0,True,0.0,master,valid_observed_phase_at_origin,ABCD,selection,1,0,spectral_core,local_partition_rf,0,0.02,0,0.01
758,2020-10,2020-06,4,0,True,0.0,master,valid_observed_phase_at_origin,ABCD,selection,1,0,spectral_core,local_partition_rf,0,0.01,0,0.02
759,2020-10,2020-06,4,0,True,0.0,master,valid_observed_phase_at_origin,ABCD,selection,1,0,spectral_core,local_partition_rf,0,0.0,0,0.01
760,2020-10,2020-06,4,0,True,0.0,master,valid_observed_phase_at_origin,ABCD,selection,1,0,spectral_core,local_partition_rf,0,0.0,0,0.02
761,2020-10,2020-06,4,0,True,0.0,master,valid_observed_phase_at_origin,ABCD,selection,1,0,spectral_core,local_partition_rf,0,0.02,0,0.0
762,2020-10,2020-06,4,0,True,0.0,master,valid_observed_phase_at_origin,ABCD,selection,1,0,spectral_core,local_partition_rf,0,0.01,0,0.0
763,2020-10,2020-06,4,0,True,0.0,master,valid_observed_phase_at_origin,ABCD,selection,1,0,spectral_core,local_partition_rf,0,0.01,0,0.01
764,2020-10,2020-06,4,0,True,0.0,master,valid_observed_phase_at_origin,ABCD,selection,1,0,spectral_core,local_partition_rf,0,0.01,0,0.03
765,2020-10,2020-06,4,0,True,0.0,master,valid_observed_phase_at_origin,ABCD,selection,1,0,spectral_core,local_partition_rf,0,0.0,0,0.01
766,2020-10,2020-06,4,0,True,0.0,master,valid_observed_phase_at_origin,ABCD,selection,1,0,spectral_core,local_partition_rf,0,0.01,0,0.0
767,2020-10,2020-06,4,0,True,0.0,master,valid_observed_phase_at_origin,ABCD,selection,1,0,spectral_core,local_partition_rf,0,0.0,0,0.01
768,2020-10,2020-06,4,0,True,0.0,master,valid_observed_phase_at_origin,ABCD,selection,1,0,spectral_core,local_partition_rf,0,0.01,0,0.02
769,2020-10,2020-06,4,0,True,0.0,master,valid_observed_phase_at_origin,ABCD,selection,1,0,spectral_core,local_partition_rf,0,0.0,0,0.02
770,2020-10,2020-06,4,0,True,0.0,master,valid_observed_phase_at_origin,ABCD,selection,1,0,spectral_core,local_partition_rf,0,0.0,0,0.02
771,2020-10,2020-06,4,0,True,0.0,master,valid_observed_phase_at_origin,ABCD,selection,1,0,spectral_core,local_partition_rf,0,0.08,0,0.05
772,2020-10,2020-06,4,0,True,0.0,master,valid_observed_phase_at_origin,ABCD,selection,1,0,spectral_core,local_partition_rf,0,0.07,0,0.09
773,2020-10,2020-06,4,0,True,0.0,master,valid_observed_phase_at_origin,ABCD,selection,1,0,spectral_core,local_partition_rf,0,0.08,0,0.06
774,2020-10,2020-06,4,0,True,0.0,master,valid_observed_phase_at_origin,ABCD,selection,1,0,spectral_core,local_partition_rf,0,0.04,0,0.01
775,2020-10,2020-06,4,0,True,0.0,master,valid_observed_phase_at_origin,ABCD,selection,1,0,spectral_core,local_partition_rf,0,0.09,0,0.07
776,2020-10,2020-06,4,0,True,0.0,master,valid_observed_phase_at_origin,ABCD,selection,1,0,spectral_core,local_partition_rf,0,0.06,0,0.03
777,2020-10,2020-06,4,0,True,0.0,master,valid_observed_phase_at_origin,ABCD,selection,1,0,spectral_core,local_partition_rf,0,0.11,0,0.06
778,2020-10,2020-06,4,0,True,0.0,master,valid_observed_phase_at_origin,ABCD,selection,1,0,spectral_core,local_partition_rf,0,0.05,0,0.04
779,2020-10,2020-06,4,0,True,0.0,master,valid_observed_phase_at_origin,ABCD,selection,1,0,spectral_core,local_partition_rf,0,0.0,0,0.02
780,2020-10,2020-06,4,0,True,0.0,master,valid_observed_phase_at_origin,ABCD,selection,1,0,spectral_core,local_partition_rf,0,0.08,0,0.03
781,2020-10,2020-06,4,0,True,0.0,master,valid_observed_phase_at_origin,ABCD,selection,1,0,spectral_core,local_partition_rf,0,0.11,0,0.11
782,2020-10,2020-06,4,0,True,0.0,master,valid_observed_phase_at_origin,ABCD,selection,1,0,spectral_core,local_partition_rf,0,0.14,0,0.09
783,2020-10,2020-06,4,0,True,0.0,master,valid_observed_phase_at_origin,ABCD,selection,1,0,spectral_core,local_partition_rf,0,0.1,0,0.11
784,2020-10,2020-06,4,0,True,0.0,master,valid_observed_phase_at_origin,ABCD,selection,1,0,spectral_core,local_partition_rf,0,0.0,0,0.05
785,2020-10,2020-06,4,0,True,0.0,master,valid_observed_phase_at_origin,ABCD,selection,1,0,spectral_core,local_partition_rf,0,0.07,0,0.04
786,2020-10,2020-06,4,0,True,0.0,master,valid_observed_phase_at_origin,ABCD,selection,1,0,spectral_core,local_partition_rf,0,0.1,0,0.05
787,2020-10,2020-06,4,0,True,0.0,master,valid_observed_phase_at_origin,ABCD,selection,1,0,spectral_core,local_partition_rf,0,0.01,0,0.04
788,2020-10,2020-06,4,0,True,0.0,master,valid_observed_phase_at_origin,ABCD,selection,1,5,spectral_core,local_partition_rf,0,0.1,0,0.06
789,2020-10,2020-06,4,0,True,0.0,master,valid_observed_phase_at_origin,ABCD,selection,1,0,spectral_core,local_partition_rf,0,0.01,0,0.03
790,2020-10,2020-06,4,0,True,0.0,master,valid_observed_phase_at_origin,ABCD,selection,1,0,spectral_core,local_partition_rf,0,0.05,0,0.03
791,2020-10,2020-06,4,0,True,0.0,master,valid_observed_phase_at_origin,ABCD,selection,1,0,spectral_core,local_partition_rf,0,0.01,0,0.0
792,2020-10,2020-06,4,0,True,0.0,master,valid_observed_phase_at_origin,ABCD,selection,1,0,spectral_core,local_partition_rf,0,0.01,0,0.02
793,2020-10,2020-06,4,0,True,0.0,master,valid_observed_phase_at_origin,ABCD,selection,1,0,spectral_core,local_partition_rf,0,0.02,0,0.02
794,2020-10,2020-06,4,0,True,0.0,master,valid_observed_phase_at_origin,ABCD,selection,1,0,spectral_core,local_partition_rf,0,0.03,0,0.02
795,2020-10,2020-06,4,0,True,0.0,master,valid_observed_phase_at_origin,ABCD,selection,1,0,spectral_core,local_partition_rf,0,0.01,0,0.03
796,2020-10,2020-06,4,0,True,0.0,master,valid_observed_phase_at_origin,ABCD,selection,1,0,spectral_core,local_partition_rf,0,0.02,0,0.02
797,2020-10,2020-06,4,0,True,0.0,master,valid_observed_phase_at_origin,ABCD,selection,1,0,spectral_core,local_partition_rf,0,0.0,0,0.01
798,2020-10,2020-06,4,0,True,0.0,master,valid_observed_phase_at_origin,ABCD,selection,1,0,spectral_core,local_partition_rf,0,0.05,0,0.03
799,2020-10,2020-06,4,0,True,0.0,master,valid_observed_phase_at_origin,ABCD,selection,1,0,spectral_core,local_partition_rf,0,0.01,0,0.01
800,2020-10,2020-06,4,0,True,0.0,master,valid_observed_phase_at_origin,ABCD,selection,1,0,spectral_core,local_partition_rf,0,0.03,0,0.01
801,2020-10,2020-06,4,0,True,0.0,master,valid_observed_phase_at_origin,ABCD,selection,1,0,spectral_core,local_partition_rf,0,0.05,0,0.03
802,2020-10,2020-06,4,0,True,0.0,master,valid_observed_phase_at_origin,ABCD,selection,1,0,spectral_core,local_partition_rf,0,0.0,0,0.01
803,2020-10,2020-06,4,0,True,0.0,master,valid_observed_phase_at_origin,ABCD,selection,1,0,spectral_core,local_partition_rf,0,0.0,0,0.0
804,2020-10,2020-06,4,0,True,0.0,master,valid_observed_phase_at_origin,ABCD,selection,1,0,spectral_core,local_partition_rf,0,0.0,0,0.02
805,2020-10,2020-06,4,0,True,0.0,master,valid_observed_phase_at_origin,ABCD,selection,1,0,spectral_core,local_partition_rf,0,0.02,0,0.02
806,2020-10,2020-06,4,1,True,1.0,master,valid_observed_phase_at_origin,ABCD,selection,1,0,spectral_core,local_partition_rf,1,0.8,1,0.71
807,2020-10,2020-06,4,1,True,1.0,master,valid_observed_phase_at_origin,ABCD,selection,1,0,spectral_core,local_partition_rf,1,0.85,1,0.74
808,2020-10,2020-06,4,1,True,1.0,master,valid_observed_phase_at_origin,ABCD,selection,1,0,spectral_core,local_partition_rf,1,0.8,1,0.72
809,2020-10,2020-06,4,1,True,1.0,master,valid_observed_phase_at_origin,ABCD,selection,1,0,spectral_core,local_partition_rf,1,0.82,1,0.74
810,2020-10,2020-06,4,1,True,1.0,master,valid_observed_phase_at_origin,ABCD,selection,1,0,spectral_core,local_partition_rf,1,0.84,1,0.77
811,2020-10,2020-06,4,1,True,1.0,master,valid_observed_phase_at_origin,ABCD,selection,1,0,spectral_core,local_partition_rf,1,0.87,1,0.74
812,2020-10,2020-06,4,1,True,1.0,master,valid_observed_phase_at_origin,ABCD,selection,1,0,spectral_core,local_partition_rf,1,0.84,1,0.76
813,2020-10,2020-06,4,0,True,0.0,master,valid_observed_phase_at_origin,ABCD,selection,1,0,spectral_core,local_partition_rf,0,0.01,0,0.01
814,2020-10,2020-06,4,0,True,0.0,master,valid_observed_phase_at_origin,ABCD,selection,1,0,spectral_core,local_partition_rf,0,0.03,0,0.02
815,2020-10,2020-06,4,0,True,0.0,master,valid_observed_phase_at_origin,ABCD,selection,1,0,spectral_core,local_partition_rf,0,0.03,0,0.03
816,2020-10,2020-06,4,0,True,0.0,master,valid_observed_phase_at_origin,ABCD,selection,1,0,spectral_core,local_partition_rf,0,0.0,0,0.02
817,2020-10,2020-06,4,0,True,0.0,master,valid_observed_phase_at_origin,ABCD,selection,1,0,spectral_core,local_partition_rf,0,0.01,0,0.01
818,2020-10,2020-06,4,0,True,0.0,master,valid_observed_phase_at_origin,ABCD,selection,1,0,spectral_core,local_partition_rf,0,0.03,0,0.02
819,2020-10,2020-06,4,0,True,0.0,master,valid_observed_phase_at_origin,ABCD,selection,1,0,spectral_core,local_partition_rf,0,0.01,0,0.04
820,2020-10,2020-06,4,0,True,0.0,master,valid_observed_phase_at_origin,ABCD,selection,1,0,spectral_core,local_partition_rf,0,0.02,0,0.01
821,2020-10,2020-06,4,0,True,0.0,master,valid_observed_phase_at_origin,ABCD,selection,1,0,spectral_core,local_partition_rf,0,0.03,0,0.02
822,2020-10,2020-06,4,0,True,0.0,master,valid_observed_phase_at_origin,ABCD,selection,1,0,spectral_core,local_partition_rf,0,0.01,0,0.03
823,2020-10,2020-06,4,0,True,0.0,master,valid_observed_phase_at_origin,ABCD,selection,1,0,spectral_core,local_partition_rf,0,0.04,0,0.06
824,2020-10,2020-06,4,0,True,0.0,master,valid_observed_phase_at_origin,ABCD,selection,1,0,spectral_core,local_partition_rf,0,0.02,0,0.03
825,2020-10,2020-06,4,0,True,0.0,master,valid_observed_phase_at_origin,ABCD,selection,1,0,spectral_core,local_partition_rf,0,0.07,0,0.02
826,2020-10,2020-06,4,0,True,0.0,master,valid_observed_phase_at_origin,ABCD,selection,1,0,spectral_core,local_partition_rf,0,0.07,0,0.11
827,2020-10,2020-06,4,0,True,0.0,master,valid_observed_phase_at_origin,ABCD,selection,1,0,spectral_core,local_partition_rf,0,0.03,0,0.02
828,2020-10,2020-06,4,0,True,0.0,master,valid_observed_phase_at_origin,ABCD,selection,1,0,spectral_core,local_partition_rf,0,0.02,0,0.03
829,2020-10,2020-06,4,0,True,1.0,master,valid_observed_phase_at_origin,ABCD,selection,1,0,spectral_core,local_partition_rf,0,0.43,1,0.58
830,2020-10,2020-06,4,0,True,0.0,master,valid_observed_phase_at_origin,ABCD,selection,1,0,spectral_core,local_partition_rf,0,0.11,0,0.09
831,2020-10,2020-06,4,0,True,0.0,master,valid_observed_phase_at_origin,ABCD,selection,1,0,spectral_core,local_partition_rf,0,0.0,0,0.04
832,2020-10,2020-06,4,0,True,0.0,master,valid_observed_phase_at_origin,ABCD,selection,1,0,spectral_core,local_partition_rf,0,0.02,0,0.06
833,2020-10,2020-06,4,0,True,0.0,master,valid_observed_phase_at_origin,ABCD,selection,1,0,spectral_core,local_partition_rf,0,0.04,0,0.03
834,2020-10,2020-06,4,0,True,0.0,master,valid_observed_phase_at_origin,ABCD,selection,1,0,spectral_core,local_partition_rf,0,0.02,0,0.04
835,2020-10,2020-06,4,0,True,0.0,master,valid_observed_phase_at_origin,ABCD,selection,1,0,spectral_core,local_partition_rf,0,0.0,0,0.02
836,2020-10,2020-06,4,0,True,0.0,master,valid_observed_phase_at_origin,ABCD,selection,1,0,spectral_core,local_partition_rf,0,0.01,0,0.03
837,2020-10,2020-06,4,1,True,1.0,master,valid_observed_phase_at_origin,ABCD,selection,1,0,spectral_core,local_partition_rf,1,0.52,1,0.54
838,2020-10,2020-06,4,0,True,0.0,master,valid_observed_phase_at_origin,ABCD,selection,1,0,spectral_core,local_partition_rf,0,0.02,0,0.04
839,2020-10,2020-06,4,0,True,0.0,master,valid_observed_phase_at_origin,ABCD,selection,1,0,spectral_core,local_partition_rf,0,0.02,0,0.04
840,2020-10,2020-06,4,1,True,1.0,master,valid_observed_phase_at_origin,ABCD,selection,1,0,spectral_core,local_partition_rf,0,0.41,1,0.6
841,2020-10,2020-06,4,0,True,0.0,master,valid_observed_phase_at_origin,ABCD,selection,1,0,spectral_core,local_partition_rf,0,0.0,0,0.02
842,2020-10,2020-06,4,0,True,0.0,master,valid_observed_phase_at_origin,ABCD,selection,1,0,spectral_core,local_partition_rf,0,0.03,0,0.06
843,2020-10,2020-06,4,0,True,0.0,master,valid_observed_phase_at_origin,ABCD,selection,1,0,spectral_core,local_partition_rf,0,0.05,0,0.07
844,2020-10,2020-06,4,0,True,0.0,master,valid_observed_phase_at_origin,ABCD,selection,1,0,spectral_core,local_partition_rf,0,0.01,0,0.02
845,2020-10,2020-06,4,0,True,0.0,master,valid_observed_phase_at_origin,ABCD,selection,1,0,spectral_core,local_partition_rf,0,0.01,0,0.05
846,2020-10,2020-06,4,0,True,0.0,master,valid_observed_phase_at_origin,ABCD,selection,1,0,spectral_core,local_partition_rf,0,0.05,0,0.06
847,2020-10,2020-06,4,0,True,0.0,master,valid_observed_phase_at_origin,ABCD,selection,1,0,spectral_core,local_partition_rf,0,0.02,0,0.04
848,2020-10,2020-06,4,0,True,0.0,master,valid_observed_phase_at_origin,ABCD,selection,1,0,spectral_core,local_partition_rf,0,0.01,0,0.03
849,2020-10,2020-06,4,0,True,0.0,master,valid_observed_phase_at_origin,ABCD,selection,1,0,spectral_core,local_partition_rf,0,0.01,0,0.02
850,2020-10,2020-06,4,0,True,0.0,master,valid_observed_phase_at_origin,ABCD,selection,1,0,spectral_core,local_partition_rf,0,0.02,0,0.04
851,2020-10,2020-06,4,0,True,0.0,master,valid_observed_phase_at_origin,ABCD,selection,1,0,spectral_core,local_partition_rf,0,0.01,0,0.03
852,2020-10,2020-06,4,0,True,0.0,master,valid_observed_phase_at_origin,ABCD,selection,1,0,spectral_core,local_partition_rf,0,0.01,0,0.02
853,2020-10,2020-06,4,0,True,0.0,master,valid_observed_phase_at_origin,ABCD,selection,1,0,spectral_core,local_partition_rf,0,0.01,0,0.02
854,2020-10,2020-06,4,0,True,0.0,master,valid_observed_phase_at_origin,ABCD,selection,1,0,spectral_core,local_partition_rf,0,0.03,0,0.02
855,2020-10,2020-06,4,0,True,0.0,master,valid_observed_phase_at_origin,ABCD,selection,1,0,spectral_core,local_partition_rf,0,0.02,0,0.02
856,2020-10,2020-06,4,0,True,0.0,master,valid_observed_phase_at_origin,ABCD,selection,1,0,spectral_core,local_partition_rf,0,0.08,0,0.04
857,2020-10,2020-06,4,1,True,1.0,master,valid_observed_phase_at_origin,ABCD,selection,1,0,spectral_core,local_partition_rf,0,0.48,1,0.53
858,2020-10,2020-06,4,0,True,0.0,master,valid_observed_phase_at_origin,ABCD,selection,1,0,spectral_core,local_partition_rf,0,0.05,0,0.06
859,2020-10,2020-06,4,1,True,0.0,master,valid_observed_phase_at_origin,ABCD,selection,1,0,spectral_core,local_partition_rf,0,0.06,0,0.03
860,2020-10,2020-06,4,0,True,0.0,master,valid_observed_phase_at_origin,ABCD,selection,1,0,spectral_core,local_partition_rf,0,0.05,0,0.04
861,2020-10,2020-06,4,0,True,0.0,master,valid_observed_phase_at_origin,ABCD,selection,1,0,spectral_core,local_partition_rf,0,0.0,0,0.02
862,2020-10,2020-06,4,0,True,0.0,master,valid_observed_phase_at_origin,ABCD,selection,1,0,spectral_core,local_partition_rf,0,0.08,0,0.04
863,2020-10,2020-06,4,1,True,1.0,master,valid_observed_phase_at_origin,ABCD,selection,1,0,spectral_core,local_partition_rf,0,0.47,1,0.54
864,2020-10,2020-06,4,0,True,0.0,master,valid_observed_phase_at_origin,ABCD,selection,1,0,spectral_core,local_partition_rf,0,0.0,0,0.02
865,2020-10,2020-06,4,0,True,0.0,master,valid_observed_phase_at_origin,ABCD,selection,1,0,spectral_core,local_partition_rf,0,0.0,0,0.03
866,2020-10,2020-06,4,0,True,0.0,master,valid_observed_phase_at_origin,ABCD,selection,1,0,spectral_core,local_partition_rf,0,0.01,0,0.03
867,2020-10,2020-06,4,0,True,0.0,master,valid_observed_phase_at_origin,ABCD,selection,1,0,spectral_core,local_partition_rf,0,0.06,0,0.04
868,2020-10,2020-06,4,1,True,1.0,master,valid_observed_phase_at_origin,ABCD,selection,1,0,spectral_core,local_partition_rf,1,0.75,1,0.7
869,2020-10,2020-06,4,0,True,1.0,master,valid_observed_phase_at_origin,ABCD,selection,1,0,spectral_core,local_partition_rf,0,0.47,1,0.68
870,2020-10,2020-06,4,1,True,1.0,master,valid_observed_phase_at_origin,ABCD,selection,1,0,spectral_core,local_partition_rf,1,0.69,1,0.77
871,2020-10,2020-06,4,0,True,1.0,master,valid_observed_phase_at_origin,ABCD,selection,1,0,spectral_core,local_partition_rf,1,0.56,1,0.62
872,2020-10,2020-06,4,0,True,0.0,master,valid_observed_phase_at_origin,ABCD,selection,1,0,spectral_core,local_partition_rf,0,0.01,0,0.03
873,2020-10,2020-06,4,0,True,0.0,master,valid_observed_phase_at_origin,ABCD,selection,1,0,spectral_core,local_partition_rf,0,0.01,0,0.02
874,2020-10,2020-06,4,1,True,1.0,master,valid_observed_phase_at_origin,ABCD,selection,1,0,spectral_core,local_partition_rf,1,0.81,1,0.75
875,2020-10,2020-06,4,1,True,1.0,master,valid_observed_phase_at_origin,ABCD,selection,1,0,spectral_core,local_partition_rf,1,0.79,1,0.76
876,2020-10,2020-06,4,0,True,0.0,master,valid_observed_phase_at_origin,ABCD,selection,1,0,spectral_core,local_partition_rf,0,0.01,0,0.06
877,2020-10,2020-06,4,0,True,0.0,master,valid_observed_phase_at_origin,ABCD,selection,1,0,spectral_core,local_partition_rf,0,0.04,0,0.1
878,2020-10,2020-06,4,0,True,0.0,master,valid_observed_phase_at_origin,ABCD,selection,1,0,spectral_core,local_partition_rf,0,0.01,0,0.01
879,2020-10,2020-06,4,0,True,0.0,master,valid_observed_phase_at_origin,ABCD,selection,1,0,spectral_core,local_partition_rf,0,0.01,0,0.01
880,2020-10,2020-06,4,0,True,0.0,master,valid_observed_phase_at_origin,ABCD,selection,1,0,spectral_core,local_partition_rf,0,0.01,0,0.02
881,2020-10,2020-06,4,0,True,0.0,master,valid_observed_phase_at_origin,ABCD,selection,1,0,spectral_core,local_partition_rf,0,0.08,0,0.05
882,2020-10,2020-06,4,0,True,0.0,master,valid_observed_phase_at_origin,ABCD,selection,1,0,spectral_core,local_partition_rf,0,0.0,0,0.01
883,2020-10,2020-06,4,0,True,0.0,master,valid_observed_phase_at_origin,ABCD,selection,1,0,spectral_core,local_partition_rf,0,0.17,0,0.1
884,2020-10,2020-06,4,0,True,0.0,master,valid_observed_phase_at_origin,ABCD,selection,1,0,spectral_core,local_partition_rf,0,0.08,0,0.08
885,2020-10,2020-06,4,0,True,0.0,master,valid_observed_phase_at_origin,ABCD,selection,1,0,spectral_core,local_partition_rf,0,0.05,0,0.03
886,2020-10,2020-06,4,0,True,0.0,master,valid_observed_phase_at_origin,ABCD,selection,1,0,spectral_core,local_partition_rf,0,0.01,0,0.05
887,2020-10,2020-06,4,0,True,0.0,master,valid_observed_phase_at_origin,ABCD,selection,1,0,spectral_core,local_partition_rf,0,0.01,0,0.03
888,2020-10,2020-06,4,0,True,0.0,master,valid_observed_phase_at_origin,ABCD,selection,1,0,spectral_core,local_partition_rf,0,0.0,0,0.04
889,2020-10,2020-06,4,0,True,0.0,master,valid_observed_phase_at_origin,ABCD,selection,1,0,spectral_core,local_partition_rf,0,0.01,0,0.01
890,2020-10,2020-06,4,0,True,0.0,master,valid_observed_phase_at_origin,ABCD,selection,1,0,spectral_core,local_partition_rf,0,0.07,0,0.02
891,2020-10,2020-06,4,0,True,0.0,master,valid_observed_phase_at_origin,ABCD,selection,1,0,spectral_core,local_partition_rf,0,0.01,0,0.04
892,2020-10,2020-06,4,0,True,0.0,master,valid_observed_phase_at_origin,ABCD,selection,1,0,spectral_core,local_partition_rf,0,0.09,0,0.01
893,2020-10,2020-06,4,1,True,1.0,master,valid_observed_phase_at_origin,ABCD,selection,1,0,spectral_core,local_partition_rf,1,0.86,1,0.79
894,2020-10,2020-06,4,0,True,0.0,master,valid_observed_phase_at_origin,ABCD,selection,1,0,spectral_core,local_partition_rf,0,0.08,0,0.08
895,2020-10,2020-06,4,0,True,0.0,master,valid_observed_phase_at_origin,ABCD,selection,1,0,spectral_core,local_partition_rf,0,0.03,0,0.07
896,2020-10,2020-06,4,1,True,1.0,master,valid_observed_phase_at_origin,ABCD,selection,1,0,spectral_core,local_partition_rf,1,0.76,1,0.68
897,2020-10,2020-06,4,0,True,0.0,master,valid_observed_phase_at_origin,ABCD,selection,1,0,spectral_core,local_partition_rf,0,0.05,0,0.07
898,2020-10,2020-06,4,1,True,1.0,master,valid_observed_phase_at_origin,ABCD,selection,1,0,spectral_core,local_partition_rf,1,0.88,1,0.74
899,2020-10,2020-06,4,1,True,1.0,master,valid_observed_phase_at_origin,ABCD,selection,1,0,spectral_core,local_partition_rf,1,0.74,1,0.64
900,2020-10,2020-06,4,0,True,0.0,master,valid_observed_phase_at_origin,ABCD,selection,1,0,spectral_core,local_partition_rf,0,0.08,0,0.1
901,2020-10,2020-06,4,0,True,0.0,master,valid_observed_phase_at_origin,ABCD,selection,1,5,spectral_core,local_partition_rf,1,0.56,0,0.16
902,2020-10,2020-06,4,0,True,0.0,master,valid_observed_phase_at_origin,ABCD,selection,1,0,spectral_core,local_partition_rf,0,0.13,0,0.08
903,2020-10,2020-06,4,1,True,1.0,master,valid_observed_phase_at_origin,ABCD,selection,1,0,spectral_core,local_partition_rf,1,0.84,1,0.72
904,2020-10,2020-06,4,0,True,0.0,master,valid_observed_phase_at_origin,ABCD,selection,1,0,spectral_core,local_partition_rf,0,0.16,0,0.08
905,2020-10,2020-06,4,0,True,0.0,master,valid_observed_phase_at_origin,ABCD,selection,1,0,spectral_core,local_partition_rf,0,0.06,0,0.06
906,2020-10,2020-06,4,0,True,0.0,master,valid_observed_phase_at_origin,ABCD,selection,1,0,spectral_core,local_partition_rf,0,0.08,0,0.07
907,2020-10,2020-06,4,0,True,0.0,master,valid_observed_phase_at_origin,ABCD,selection,1,0,spectral_core,local_partition_rf,0,0.17,0,0.1
908,2020-10,2020-06,4,1,True,1.0,master,valid_observed_phase_at_origin,ABCD,selection,1,0,spectral_core,local_partition_rf,1,0.68,1,0.65
909,2020-10,2020-06,4,0,True,0.0,master,valid_observed_phase_at_origin,ABCD,selection,1,0,spectral_core,local_partition_rf,0,0.03,0,0.03
910,2020-10,2020-06,4,1,True,1.0,master,valid_observed_phase_at_origin,ABCD,selection,1,0,spectral_core,local_partition_rf,1,0.62,1,0.62
911,2020-10,2020-06,4,1,True,1.0,master,valid_observed_phase_at_origin,ABCD,selection,1,0,spectral_core,local_partition_rf,1,0.6,1,0.57
912,2020-10,2020-06,4,0,True,0.0,master,valid_observed_phase_at_origin,ABCD,selection,1,0,spectral_core,local_partition_rf,0,0.07,0,0.11
913,2020-10,2020-06,4,0,True,0.0,master,valid_observed_phase_at_origin,ABCD,selection,1,0,spectral_core,local_partition_rf,0,0.06,0,0.08
914,2020-10,2020-06,4,1,True,1.0,master,valid_observed_phase_at_origin,ABCD,selection,1,0,spectral_core,local_partition_rf,1,0.75,1,0.62
915,2020-10,2020-06,4,0,True,0.0,master,valid_observed_phase_at_origin,ABCD,selection,1,0,spectral_core,local_partition_rf,0,0.31,0,0.12
916,2020-10,2020-06,4,0,True,0.0,master,valid_observed_phase_at_origin,ABCD,selection,1,0,spectral_core,local_partition_rf,0,0.08,0,0.08
917,2020-10,2020-06,4,1,True,1.0,master,valid_observed_phase_at_origin,ABCD,selection,1,0,spectral_core,local_partition_rf,1,0.68,1,0.75
918,2020-10,2020-06,4,0,True,0.0,master,valid_observed_phase_at_origin,ABCD,selection,1,0,spectral_core,local_partition_rf,0,0.14,0,0.15
919,2020-10,2020-06,4,0,True,0.0,master,valid_observed_phase_at_origin,ABCD,selection,1,0,spectral_core,local_partition_rf,0,0.11,0,0.07
920,2020-10,2020-06,4,0,True,0.0,master,valid_observed_phase_at_origin,ABCD,selection,1,0,spectral_core,local_partition_rf,0,0.13,0,0.15
921,2020-10,2020-06,4,1,True,1.0,master,valid_observed_phase_at_origin,ABCD,selection,1,0,spectral_core,local_partition_rf,1,0.53,1,0.6
922,2020-10,2020-06,4,0,True,1.0,master,valid_observed_phase_at_origin,ABCD,selection,1,0,spectral_core,local_partition_rf,0,0.41,1,0.55
923,2020-10,2020-06,4,0,True,0.0,master,valid_observed_phase_at_origin,ABCD,selection,1,0,spectral_core,local_partition_rf,0,0.03,0,0.05
924,2020-10,2020-06,4,0,True,1.0,master,valid_observed_phase_at_origin,ABCD,selection,1,0,spectral_core,local_partition_rf,0,0.44,1,0.61
925,2020-10,2020-06,4,0,True,1.0,master,valid_observed_phase_at_origin,ABCD,selection,1,0,spectral_core,local_partition_rf,0,0.44,1,0.58
926,2020-10,2020-06,4,1,True,1.0,master,valid_observed_phase_at_origin,ABCD,selection,1,0,spectral_core,local_partition_rf,1,0.78,1,0.69
927,2020-10,2020-06,4,0,True,0.0,master,valid_observed_phase_at_origin,ABCD,selection,1,0,spectral_core,local_partition_rf,0,0.14,0,0.15
928,2020-10,2020-06,4,0,True,1.0,master,valid_observed_phase_at_origin,ABCD,selection,1,0,spectral_core,local_partition_rf,1,0.51,1,0.64
929,2020-10,2020-06,4,0,True,1.0,master,valid_observed_phase_at_origin,ABCD,selection,1,0,spectral_core,local_partition_rf,0,0.45,1,0.61
930,2020-10,2020-06,4,0,True,0.0,master,valid_observed_phase_at_origin,ABCD,selection,1,0,spectral_core,local_partition_rf,0,0.01,0,0.01
931,2020-10,2020-06,4,0,True,0.0,master,valid_observed_phase_at_origin,ABCD,selection,1,0,spectral_core,local_partition_rf,0,0.03,0,0.03
932,2020-10,2020-06,4,0,True,0.0,master,valid_observed_phase_at_origin,ABCD,selection,1,0,spectral_core,local_partition_rf,0,0.0,0,0.01
933,2020-10,2020-06,4,0,True,0.0,master,valid_observed_phase_at_origin,ABCD,selection,1,0,spectral_core,local_partition_rf,0,0.0,0,0.02
934,2020-10,2020-06,4,0,True,0.0,master,valid_observed_phase_at_origin,ABCD,selection,1,0,spectral_core,local_partition_rf,0,0.0,0,0.02
935,2020-10,2020-06,4,0,True,0.0,master,valid_observed_phase_at_origin,ABCD,selection,1,0,spectral_core,local_partition_rf,0,0.0,0,0.0
936,2020-10,2020-06,4,0,True,1.0,master,valid_observed_phase_at_origin,ABCD,selection,1,0,spectral_core,local_partition_rf,0,0.4,1,0.6
937,2020-10,2020-06,4,0,True,1.0,master,valid_observed_phase_at_origin,ABCD,selection,1,0,spectral_core,local_partition_rf,0,0.32,0,0.49
938,2020-10,2020-06,4,0,True,0.0,master,valid_observed_phase_at_origin,ABCD,selection,1,0,spectral_core,local_partition_rf,0,0.0,0,0.06
939,2020-10,2020-06,4,0,True,1.0,master,valid_observed_phase_at_origin,ABCD,selection,1,0,spectral_core,local_partition_rf,0,0.48,1,0.59
940,2020-10,2020-06,4,0,True,0.0,master,valid_observed_phase_at_origin,ABCD,selection,1,0,spectral_core,local_partition_rf,0,0.04,0,0.05
941,2020-10,2020-06,4,1,True,1.0,master,valid_observed_phase_at_origin,ABCD,selection,1,0,spectral_core,local_partition_rf,0,0.42,1,0.59
942,2020-10,2020-06,4,0,True,0.0,master,valid_observed_phase_at_origin,ABCD,selection,1,0,spectral_core,local_partition_rf,0,0.0,0,0.03
943,2020-10,2020-06,4,1,True,1.0,master,valid_observed_phase_at_origin,ABCD,selection,1,0,spectral_core,local_partition_rf,0,0.45,1,0.57
944,2020-10,2020-06,4,0,True,0.0,master,valid_observed_phase_at_origin,ABCD,selection,1,0,spectral_core,local_partition_rf,0,0.0,0,0.01
945,2020-10,2020-06,4,0,True,0.0,master,valid_observed_phase_at_origin,ABCD,selection,1,0,spectral_core,local_partition_rf,0,0.06,0,0.05
946,2020-10,2020-06,4,0,True,0.0,master,valid_observed_phase_at_origin,ABCD,selection,1,0,spectral_core,local_partition_rf,0,0.0,0,0.05
947,2020-10,2020-06,4,1,True,1.0,master,valid_observed_phase_at_origin,ABCD,selection,1,0,spectral_core,local_partition_rf,0,0.45,1,0.6
948,2020-10,2020-06,4,0,True,0.0,master,valid_observed_phase_at_origin,ABCD,selection,1,0,spectral_core,local_partition_rf,0,0.03,0,0.06
949,2020-10,2020-06,4,0,True,0.0,master,valid_observed_phase_at_origin,ABCD,selection,1,0,spectral_core,local_partition_rf,0,0.08,0,0.08
950,2020-10,2020-06,4,0,True,0.0,master,valid_observed_phase_at_origin,ABCD,selection,1,0,spectral_core,local_partition_rf,0,0.02,0,0.05
951,2020-10,2020-06,4,0,True,0.0,master,valid_observed_phase_at_origin,ABCD,selection,1,0,spectral_core,local_partition_rf,0,0.01,0,0.06
952,2020-10,2020-06,4,0,True,0.0,master,valid_observed_phase_at_origin,ABCD,selection,1,0,spectral_core,local_partition_rf,0,0.03,0,0.05
953,2020-10,2020-06,4,1,True,1.0,master,valid_observed_phase_at_origin,ABCD,selection,1,0,spectral_core,local_partition_rf,0,0.43,1,0.55
954,2020-10,2020-06,4,1,True,1.0,master,valid_observed_phase_at_origin,ABCD,selection,1,0,spectral_core,local_partition_rf,0,0.3,1,0.62
955,2020-10,2020-06,4,0,True,0.0,master,valid_observed_phase_at_origin,ABCD,selection,1,0,spectral_core,local_partition_rf,0,0.02,0,0.04
956,2020-10,2020-06,4,0,True,0.0,master,valid_observed_phase_at_origin,ABCD,selection,1,0,spectral_core,local_partition_rf,0,0.06,0,0.05
957,2020-10,2020-06,4,1,True,1.0,master,valid_observed_phase_at_origin,ABCD,selection,1,0,spectral_core,local_partition_rf,0,0.48,1,0.57
958,2020-10,2020-06,4,1,True,1.0,master,valid_observed_phase_at_origin,ABCD,selection,1,0,spectral_core,local_partition_rf,0,0.36,1,0.56
959,2020-10,2020-06,4,0,True,0.0,master,valid_observed_phase_at_origin,ABCD,selection,1,0,spectral_core,local_partition_rf,0,0.07,0,0.05
960,2020-10,2020-06,4,0,True,0.0,master,valid_observed_phase_at_origin,ABCD,selection,1,0,spectral_core,local_partition_rf,0,0.02,0,0.03
961,2020-10,2020-06,4,0,True,0.0,master,valid_observed_phase_at_origin,ABCD,selection,1,0,spectral_core,local_partition_rf,0,0.02,0,0.06
962,2020-10,2020-06,4,0,True,0.0,master,valid_observed_phase_at_origin,ABCD,selection,1,0,spectral_core,local_partition_rf,0,0.06,0,0.09
963,2020-10,2020-06,4,1,True,1.0,master,valid_observed_phase_at_origin,ABCD,selection,1,0,spectral_core,local_partition_rf,0,0.43,1,0.58
964,2020-10,2020-06,4,1,True,1.0,master,valid_observed_phase_at_origin,ABCD,selection,1,0,spectral_core,local_partition_rf,0,0.47,1,0.53
965,2020-10,2020-06,4,1,True,1.0,master,valid_observed_phase_at_origin,ABCD,selection,1,0,spectral_core,local_partition_rf,0,0.4,1,0.58
966,2020-10,2020-06,4,0,True,0.0,master,valid_observed_phase_at_origin,ABCD,selection,1,0,spectral_core,local_partition_rf,0,0.01,0,0.05
967,2020-10,2020-06,4,0,True,0.0,master,valid_observed_phase_at_origin,ABCD,selection,1,0,spectral_core,local_partition_rf,0,0.07,0,0.07
968,2020-10,2020-06,4,0,True,0.0,master,valid_observed_phase_at_origin,ABCD,selection,1,0,spectral_core,local_partition_rf,0,0.02,0,0.03
969,2020-10,2020-06,4,0,True,0.0,master,valid_observed_phase_at_origin,ABCD,selection,1,0,spectral_core,local_partition_rf,0,0.02,0,0.03
970,2020-10,2020-06,4,0,True,0.0,master,valid_observed_phase_at_origin,ABCD,selection,1,0,spectral_core,local_partition_rf,0,0.01,0,0.04
971,2020-10,2020-06,4,1,True,1.0,master,valid_observed_phase_at_origin,ABCD,selection,1,0,spectral_core,local_partition_rf,0,0.36,1,0.54
972,2020-10,2020-06,4,1,True,1.0,master,valid_observed_phase_at_origin,ABCD,selection,1,0,spectral_core,local_partition_rf,0,0.42,1,0.56
973,2020-10,2020-06,4,0,True,0.0,master,valid_observed_phase_at_origin,ABCD,selection,1,0,spectral_core,local_partition_rf,0,0.02,0,0.05
974,2020-10,2020-06,4,0,True,0.0,master,valid_observed_phase_at_origin,ABCD,selection,1,0,spectral_core,local_partition_rf,0,0.03,0,0.06
975,2020-10,2020-06,4,0,True,0.0,master,valid_observed_phase_at_origin,ABCD,selection,1,0,spectral_core,local_partition_rf,0,0.01,0,0.04
976,2020-10,2020-06,4,0,True,1.0,master,valid_observed_phase_at_origin,ABCD,selection,1,0,spectral_core,local_partition_rf,0,0.43,1,0.62
977,2020-10,2020-06,4,0,True,0.0,master,valid_observed_phase_at_origin,ABCD,selection,1,0,spectral_core,local_partition_rf,0,0.02,0,0.05
978,2020-10,2020-06,4,0,True,0.0,master,valid_observed_phase_at_origin,ABCD,selection,1,0,spectral_core,local_partition_rf,0,0.08,0,0.09
979,2020-10,2020-06,4,0,True,0.0,master,valid_observed_phase_at_origin,ABCD,selection,1,0,spectral_core,local_partition_rf,0,0.01,0,0.08
980,2020-10,2020-06,4,0,True,1.0,master,valid_observed_phase_at_origin,ABCD,selection,1,0,spectral_core,local_partition_rf,0,0.42,1,0.63
981,2020-10,2020-06,4,1,True,0.0,master,valid_observed_phase_at_origin,ABCD,selection,1,0,spectral_core,local_partition_rf,0,0.06,0,0.03
982,2020-10,2020-06,4,1,True,1.0,master,valid_observed_phase_at_origin,ABCD,selection,1,0,spectral_core,local_partition_rf,0,0.37,0,0.48
983,2020-10,2020-06,4,0,True,1.0,master,valid_observed_phase_at_origin,ABCD,selection,1,0,spectral_core,local_partition_rf,0,0.44,1,0.55
984,2020-10,2020-06,4,0,True,0.0,master,valid_observed_phase_at_origin,ABCD,selection,1,0,spectral_core,local_partition_rf,0,0.04,0,0.06
985,2020-10,2020-06,4,1,True,1.0,master,valid_observed_phase_at_origin,ABCD,selection,1,0,spectral_core,local_partition_rf,0,0.43,1,0.63
986,2020-10,2020-06,4,0,True,0.0,master,valid_observed_phase_at_origin,ABCD,selection,1,0,spectral_core,local_partition_rf,0,0.01,0,0.02
987,2020-10,2020-06,4,0,True,0.0,master,valid_observed_phase_at_origin,ABCD,selection,1,0,spectral_core,local_partition_rf,0,0.0,0,0.03
988,2020-10,2020-06,4,0,True,0.0,master,valid_observed_phase_at_origin,ABCD,selection,1,0,spectral_core,local_partition_rf,0,0.06,0,0.05
989,2020-10,2020-06,4,1,True,1.0,master,valid_observed_phase_at_origin,ABCD,selection,1,0,spectral_core,local_partition_rf,0,0.38,1,0.59
990,2020-10,2020-06,4,0,True,0.0,master,valid_observed_phase_at_origin,ABCD,selection,1,0,spectral_core,local_partition_rf,0,0.01,0,0.03
991,2020-10,2020-06,4,0,True,0.0,master,valid_observed_phase_at_origin,ABCD,selection,1,0,spectral_core,local_partition_rf,0,0.02,0,0.04
992,2020-10,2020-06,4,1,True,1.0,master,valid_observed_phase_at_origin,ABCD,selection,1,0,spectral_core,local_partition_rf,0,0.34,1,0.53
993,2020-10,2020-06,4,1,True,1.0,master,valid_observed_phase_at_origin,ABCD,selection,1,0,spectral_core,local_partition_rf,0,0.38,1,0.56
994,2020-10,2020-06,4,1,True,1.0,master,valid_observed_phase_at_origin,ABCD,selection,1,0,spectral_core,local_partition_rf,0,0.48,1,0.54
995,2020-10,2020-06,4,0,True,0.0,master,valid_observed_phase_at_origin,ABCD,selection,1,0,spectral_core,local_partition_rf,0,0.08,0,0.07
996,2020-10,2020-06,4,0,True,0.0,master,valid_observed_phase_at_origin,ABCD,selection,1,0,spectral_core,local_partition_rf,0,0.01,0,0.06
997,2020-10,2020-06,4,0,True,0.0,master,valid_observed_phase_at_origin,ABCD,selection,1,0,spectral_core,local_partition_rf,0,0.03,0,0.03
998,2020-10,2020-06,4,0,True,0.0,master,valid_observed_phase_at_origin,ABCD,selection,1,0,spectral_core,local_partition_rf,0,0.01,0,0.07
999,2020-10,2020-06,4,0,True,0.0,master,valid_observed_phase_at_origin,ABCD,selection,1,0,spectral_core,local_partition_rf,0,0.07,0,0.03
1000,2020-10,2020-06,4,0,True,0.0,master,valid_observed_phase_at_origin,ABCD,selection,1,0,spectral_core,local_partition_rf,0,0.02,0,0.04
1001,2020-10,2020-06,4,0,True,1.0,master,valid_observed_phase_at_origin,ABCD,selection,1,0,spectral_core,local_partition_rf,0,0.42,1,0.58
1002,2020-10,2020-06,4,0,True,0.0,master,valid_observed_phase_at_origin,ABCD,selection,1,0,spectral_core,local_partition_rf,0,0.03,0,0.01
1003,2020-10,2020-06,4,0,True,0.0,master,valid_observed_phase_at_origin,ABCD,selection,1,0,spectral_core,local_partition_rf,0,0.02,0,0.01
1004,2020-10,2020-06,4,0,True,0.0,master,valid_observed_phase_at_origin,ABCD,selection,1,0,spectral_core,local_partition_rf,0,0.02,0,0.02
1005,2020-10,2020-06,4,0,True,0.0,master,valid_observed_phase_at_origin,ABCD,selection,1,0,spectral_core,local_partition_rf,0,0.02,0,0.02
1006,2020-10,2020-06,4,0,True,0.0,master,valid_observed_phase_at_origin,ABCD,selection,1,0,spectral_core,local_partition_rf,0,0.02,0,0.01
1007,2020-10,2020-06,4,0,True,0.0,master,valid_observed_phase_at_origin,ABCD,selection,1,0,spectral_core,local_partition_rf,0,0.02,0,0.0
1008,2020-10,2020-06,4,0,True,0.0,master,valid_observed_phase_at_origin,ABCD,selection,1,0,spectral_core,local_partition_rf,0,0.04,0,0.01
1009,2020-10,2020-06,4,0,True,0.0,master,valid_observed_phase_at_origin,ABCD,selection,1,0,spectral_core,local_partition_rf,0,0.02,0,0.01
1010,2020-10,2020-06,4,0,True,0.0,master,valid_observed_phase_at_origin,ABCD,selection,1,0,spectral_core,local_partition_rf,0,0.0,0,0.01
1011,2020-10,2020-06,4,0,True,0.0,master,valid_observed_phase_at_origin,ABCD,selection,1,0,spectral_core,local_partition_rf,0,0.02,0,0.01
1012,2020-10,2020-06,4,0,True,0.0,master,valid_observed_phase_at_origin,ABCD,selection,1,0,spectral_core,local_partition_rf,0,0.01,0,0.0
1013,2020-10,2020-06,4,0,True,0.0,master,valid_observed_phase_at_origin,ABCD,selection,1,0,spectral_core,local_partition_rf,0,0.01,0,0.02
1014,2020-10,2020-06,4,0,True,0.0,master,valid_observed_phase_at_origin,ABCD,selection,1,0,spectral_core,local_partition_rf,0,0.02,0,0.03
1015,2020-10,2020-06,4,0,True,0.0,master,valid_observed_phase_at_origin,ABCD,selection,1,0,spectral_core,local_partition_rf,0,0.0,0,0.01
1016,2020-10,2020-06,4,0,True,0.0,master,valid_observed_phase_at_origin,ABCD,selection,1,-1,unassigned_nearest_donor_beyond_100km,pooled_unassigned_area,0,0.04,0,0.04
1017,2020-10,2020-06,4,0,True,0.0,master,valid_observed_phase_at_origin,ABCD,selection,1,0,completed_nearest_donor,local_partition_rf,0,0.09,0,0.03
1018,2020-10,2020-06,4,0,True,0.0,master,valid_observed_phase_at_origin,ABCD,selection,1,0,completed_nearest_donor,local_partition_rf,0,0.1,0,0.05
1019,2020-10,2020-06,4,0,True,0.0,master,valid_observed_phase_at_origin,ABCD,selection,1,-1,unassigned_nearest_donor_beyond_100km,pooled_unassigned_area,0,0.03,0,0.03
1020,2020-10,2020-06,4,0,True,0.0,master,valid_observed_phase_at_origin,ABCD,selection,1,0,completed_nearest_donor,local_partition_rf,0,0.06,0,0.02
1021,2020-10,2020-06,4,0,True,0.0,master,valid_observed_phase_at_origin,ABCD,selection,1,-1,unassigned_nearest_donor_beyond_100km,pooled_unassigned_area,0,0.12,0,0.12
1022,2020-10,2020-06,4,0,True,0.0,master,valid_observed_phase_at_origin,ABCD,selection,1,-1,unassigned_nearest_donor_beyond_100km,pooled_unassigned_area,0,0.05,0,0.05
1023,2020-10,2020-06,4,0,True,0.0,master,valid_observed_phase_at_origin,ABCD,selection,1,0,completed_nearest_donor,local_partition_rf,0,0.15,0,0.04
1024,2020-10,2020-06,4,0,True,0.0,master,valid_observed_phase_at_origin,ABCD,selection,1,-1,unassigned_nearest_donor_beyond_100km,pooled_unassigned_area,0,0.02,0,0.02
1025,2020-10,2020-06,4,0,True,0.0,master,valid_observed_phase_at_origin,ABCD,selection,1,-1,unassigned_nearest_donor_beyond_100km,pooled_unassigned_area,0,0.04,0,0.04
1026,2020-10,2020-06,4,0,True,0.0,master,valid_observed_phase_at_origin,ABCD,selection,1,-1,unassigned_nearest_donor_beyond_100km,pooled_unassigned_area,0,0.07,0,0.07
1027,2020-10,2020-06,4,0,True,0.0,master,valid_observed_phase_at_origin,ABCD,selection,1,-1,unassigned_nearest_donor_beyond_100km,pooled_unassigned_area,0,0.03,0,0.03
1028,2020-10,2020-06,4,0,True,0.0,master,valid_observed_phase_at_origin,ABCD,selection,1,-1,unassigned_nearest_donor_beyond_100km,pooled_unassigned_area,0,0.02,0,0.02
1029,2020-10,2020-06,4,0,True,0.0,master,valid_observed_phase_at_origin,ABCD,selection,1,-1,unassigned_nearest_donor_beyond_100km,pooled_unassigned_area,0,0.04,0,0.04
1030,2020-10,2020-06,4,0,True,0.0,master,valid_observed_phase_at_origin,ABCD,selection,1,-1,unassigned_nearest_donor_beyond_100km,pooled_unassigned_area,0,0.03,0,0.03
1031,2020-10,2020-06,4,0,True,0.0,master,valid_observed_phase_at_origin,ABCD,selection,1,-1,unassigned_nearest_donor_beyond_100km,pooled_unassigned_area,0,0.03,0,0.03
1032,2020-10,2020-06,4,0,True,0.0,master,valid_observed_phase_at_origin,ABCD,selection,1,-1,unassigned_nearest_donor_beyond_100km,pooled_unassigned_area,0,0.02,0,0.02
1033,2020-10,2020-06,4,0,True,0.0,master,valid_observed_phase_at_origin,ABCD,selection,1,-1,unassigned_nearest_donor_beyond_100km,pooled_unassigned_area,0,0.06,0,0.06
1034,2020-10,2020-06,4,0,True,0.0,master,valid_observed_phase_at_origin,ABCD,selection,1,-1,unassigned_nearest_donor_beyond_100km,pooled_unassigned_area,0,0.04,0,0.04
1035,2020-10,2020-06,4,0,True,0.0,master,valid_observed_phase_at_origin,ABCD,selection,1,-1,unassigned_nearest_donor_beyond_100km,pooled_unassigned_area,0,0.03,0,0.03
1036,2020-10,2020-06,4,0,True,0.0,master,valid_observed_phase_at_origin,ABCD,selection,1,-1,unassigned_nearest_donor_beyond_100km,pooled_unassigned_area,0,0.04,0,0.04
1037,2020-10,2020-06,4,0,True,0.0,master,valid_observed_phase_at_origin,ABCD,selection,1,-1,unassigned_nearest_donor_beyond_100km,pooled_unassigned_area,0,0.03,0,0.03
1038,2020-10,2020-06,4,0,True,0.0,master,valid_observed_phase_at_origin,ABCD,selection,1,-1,unassigned_nearest_donor_beyond_100km,pooled_unassigned_area,0,0.02,0,0.02
1039,2020-10,2020-06,4,0,True,0.0,master,valid_observed_phase_at_origin,ABCD,selection,1,-1,unassigned_nearest_donor_beyond_100km,pooled_unassigned_area,0,0.03,0,0.03
1040,2020-10,2020-06,4,0,True,0.0,master,valid_observed_phase_at_origin,ABCD,selection,1,-1,unassigned_nearest_donor_beyond_100km,pooled_unassigned_area,0,0.01,0,0.01
1041,2020-10,2020-06,4,0,True,0.0,master,valid_observed_phase_at_origin,ABCD,selection,1,-1,unassigned_nearest_donor_beyond_100km,pooled_unassigned_area,0,0.02,0,0.02
1042,2020-10,2020-06,4,0,True,0.0,master,valid_observed_phase_at_origin,ABCD,selection,1,-1,unassigned_nearest_donor_beyond_100km,pooled_unassigned_area,0,0.02,0,0.02
1043,2020-10,2020-06,4,0,True,0.0,master,valid_observed_phase_at_origin,ABCD,selection,1,-1,unassigned_nearest_donor_beyond_100km,pooled_unassigned_area,0,0.02,0,0.02
1044,2020-10,2020-06,4,0,True,0.0,master,valid_observed_phase_at_origin,ABCD,selection,1,5,completed_nearest_donor,local_partition_rf,0,0.08,0,0.09
1045,2020-10,2020-06,4,0,True,0.0,master,valid_observed_phase_at_origin,ABCD,selection,1,5,completed_nearest_donor,local_partition_rf,0,0.05,0,0.06
1046,2020-10,2020-06,4,0,True,0.0,master,valid_observed_phase_at_origin,ABCD,selection,1,0,completed_nearest_donor,local_partition_rf,0,0.11,0,0.04
1047,2020-10,2020-06,4,0,True,0.0,master,valid_observed_phase_at_origin,ABCD,selection,1,0,completed_nearest_donor,local_partition_rf,0,0.07,0,0.03
1048,2020-10,2020-06,4,0,True,0.0,master,valid_observed_phase_at_origin,ABCD,selection,1,-1,unassigned_nearest_donor_beyond_100km,pooled_unassigned_area,0,0.02,0,0.02
1049,2020-10,2020-06,4,0,True,0.0,master,valid_observed_phase_at_origin,ABCD,selection,1,-1,unassigned_nearest_donor_beyond_100km,pooled_unassigned_area,0,0.02,0,0.02
1050,2020-10,2020-06,4,0,True,0.0,master,valid_observed_phase_at_origin,ABCD,selection,1,-1,unassigned_nearest_donor_beyond_100km,pooled_unassigned_area,0,0.04,0,0.04
1051,2020-10,2020-06,4,0,True,0.0,master,valid_observed_phase_at_origin,ABCD,selection,1,-1,unassigned_nearest_donor_beyond_100km,pooled_unassigned_area,0,0.03,0,0.03
1052,2020-10,2020-06,4,0,True,0.0,master,valid_observed_phase_at_origin,ABCD,selection,1,-1,unassigned_nearest_donor_beyond_100km,pooled_unassigned_area,0,0.04,0,0.04
1053,2020-10,2020-06,4,0,True,0.0,master,valid_observed_phase_at_origin,ABCD,selection,1,-1,unassigned_nearest_donor_beyond_100km,pooled_unassigned_area,0,0.0,0,0.0
1054,2020-10,2020-06,4,0,True,0.0,master,valid_observed_phase_at_origin,ABCD,selection,1,0,completed_nearest_donor,local_partition_rf,0,0.18,0,0.06
1055,2020-10,2020-06,4,0,True,0.0,master,valid_observed_phase_at_origin,ABCD,selection,1,0,completed_nearest_donor,local_partition_rf,0,0.16,0,0.06
1056,2020-10,2020-06,4,0,True,0.0,master,valid_observed_phase_at_origin,ABCD,selection,1,0,completed_nearest_donor,local_partition_rf,0,0.28,0,0.17
1057,2020-10,2020-06,4,0,True,0.0,master,valid_observed_phase_at_origin,ABCD,selection,1,5,completed_nearest_donor,local_partition_rf,0,0.05,0,0.09
1058,2020-10,2020-06,4,0,True,1.0,master,valid_observed_phase_at_origin,ABCD,selection,1,-1,unassigned_nearest_donor_beyond_100km,pooled_unassigned_area,0,0.31,0,0.31
1059,2020-10,2020-06,4,0,True,1.0,master,valid_observed_phase_at_origin,ABCD,selection,1,-1,unassigned_nearest_donor_beyond_100km,pooled_unassigned_area,0,0.37,0,0.37
1060,2020-10,2020-06,4,1,True,1.0,master,valid_observed_phase_at_origin,ABCD,selection,1,-1,unassigned_nearest_donor_beyond_100km,pooled_unassigned_area,0,0.37,0,0.37
1061,2020-10,2020-06,4,0,True,1.0,master,valid_observed_phase_at_origin,ABCD,selection,1,0,completed_nearest_donor,local_partition_rf,0,0.39,0,0.35
1062,2020-10,2020-06,4,0,True,1.0,master,valid_observed_phase_at_origin,ABCD,selection,1,-1,unassigned_nearest_donor_beyond_100km,pooled_unassigned_area,0,0.37,0,0.37
1063,2020-10,2020-06,4,0,True,1.0,master,valid_observed_phase_at_origin,ABCD,selection,1,-1,unassigned_nearest_donor_beyond_100km,pooled_unassigned_area,0,0.36,0,0.36
1064,2020-10,2020-06,4,0,True,0.0,master,valid_observed_phase_at_origin,ABCD,selection,1,-1,unassigned_nearest_donor_beyond_100km,pooled_unassigned_area,0,0.03,0,0.03
1065,2020-10,2020-06,4,0,True,1.0,master,valid_observed_phase_at_origin,ABCD,selection,1,0,completed_nearest_donor,local_partition_rf,0,0.45,0,0.41
1066,2020-10,2020-06,4,0,True,0.0,master,valid_observed_phase_at_origin,ABCD,selection,1,-1,unassigned_nearest_donor_beyond_100km,pooled_unassigned_area,0,0.03,0,0.03
1067,2020-10,2020-06,4,0,True,0.0,master,valid_observed_phase_at_origin,ABCD,selection,1,-1,unassigned_nearest_donor_beyond_100km,pooled_unassigned_area,0,0.04,0,0.04
1068,2020-10,2020-06,4,0,True,0.0,master,valid_observed_phase_at_origin,ABCD,selection,1,-1,unassigned_nearest_donor_beyond_100km,pooled_unassigned_area,0,0.06,0,0.06
1069,2020-10,2020-06,4,0,True,0.0,master,valid_observed_phase_at_origin,ABCD,selection,1,0,completed_nearest_donor,local_partition_rf,0,0.23,0,0.13
1070,2020-10,2020-06,4,0,True,0.0,master,valid_observed_phase_at_origin,ABCD,selection,1,5,completed_nearest_donor,local_partition_rf,0,0.06,0,0.08
1071,2020-10,2020-06,4,0,True,0.0,master,valid_observed_phase_at_origin,ABCD,selection,1,5,completed_nearest_donor,local_partition_rf,0,0.06,0,0.03
1072,2020-10,2020-06,4,0,True,0.0,master,valid_observed_phase_at_origin,ABCD,selection,1,0,completed_nearest_donor,local_partition_rf,0,0.26,0,0.09
1073,2020-10,2020-06,4,0,True,0.0,master,valid_observed_phase_at_origin,ABCD,selection,1,5,completed_nearest_donor,local_partition_rf,0,0.07,0,0.12
1074,2020-10,2020-06,4,0,True,0.0,master,valid_observed_phase_at_origin,ABCD,selection,1,-1,unassigned_nearest_donor_beyond_100km,pooled_unassigned_area,0,0.03,0,0.03
1075,2020-10,2020-06,4,0,True,0.0,master,valid_observed_phase_at_origin,ABCD,selection,1,-1,unassigned_nearest_donor_beyond_100km,pooled_unassigned_area,0,0.02,0,0.02
1076,2020-10,2020-06,4,0,True,0.0,master,valid_observed_phase_at_origin,ABCD,selection,1,-1,unassigned_nearest_donor_beyond_100km,pooled_unassigned_area,0,0.02,0,0.02
1077,2020-10,2020-06,4,0,True,0.0,master,valid_observed_phase_at_origin,ABCD,selection,1,-1,unassigned_nearest_donor_beyond_100km,pooled_unassigned_area,0,0.05,0,0.05
1078,2020-10,2020-06,4,0,True,0.0,master,valid_observed_phase_at_origin,ABCD,selection,1,-1,unassigned_nearest_donor_beyond_100km,pooled_unassigned_area,0,0.02,0,0.02
1079,2020-10,2020-06,4,0,True,0.0,master,valid_observed_phase_at_origin,ABCD,selection,1,-1,unassigned_nearest_donor_beyond_100km,pooled_unassigned_area,0,0.04,0,0.04
1080,2020-10,2020-06,4,0,True,0.0,master,valid_observed_phase_at_origin,ABCD,selection,1,-1,unassigned_nearest_donor_beyond_100km,pooled_unassigned_area,0,0.05,0,0.05
1081,2020-10,2020-06,4,0,True,0.0,master,valid_observed_phase_at_origin,ABCD,selection,1,-1,unassigned_nearest_donor_beyond_100km,pooled_unassigned_area,0,0.06,0,0.06
1082,2020-10,2020-06,4,0,True,0.0,master,valid_observed_phase_at_origin,ABCD,selection,1,-1,unassigned_nearest_donor_beyond_100km,pooled_unassigned_area,0,0.03,0,0.03
1083,2020-10,2020-06,4,0,True,0.0,master,valid_observed_phase_at_origin,ABCD,selection,1,-1,unassigned_nearest_donor_beyond_100km,pooled_unassigned_area,0,0.04,0,0.04
1084,2020-10,2020-06,4,0,True,0.0,master,valid_observed_phase_at_origin,ABCD,selection,1,0,completed_nearest_donor,local_partition_rf,0,0.18,0,0.1
1085,2020-10,2020-06,4,0,True,0.0,master,valid_observed_phase_at_origin,ABCD,selection,1,0,completed_nearest_donor,local_partition_rf,0,0.16,0,0.04
1086,2020-10,2020-06,4,0,True,0.0,master,valid_observed_phase_at_origin,ABCD,selection,1,-1,unassigned_nearest_donor_beyond_100km,pooled_unassigned_area,0,0.03,0,0.03
1087,2020-10,2020-06,4,0,True,0.0,master,valid_observed_phase_at_origin,ABCD,selection,1,-1,unassigned_nearest_donor_beyond_100km,pooled_unassigned_area,0,0.02,0,0.02
1088,2020-10,2020-06,4,0,True,0.0,master,valid_observed_phase_at_origin,ABCD,selection,1,-1,unassigned_nearest_donor_beyond_100km,pooled_unassigned_area,0,0.04,0,0.04
1089,2020-10,2020-06,4,0,True,0.0,master,valid_observed_phase_at_origin,ABCD,selection,1,-1,unassigned_nearest_donor_beyond_100km,pooled_unassigned_area,0,0.04,0,0.04
1090,2020-10,2020-06,4,0,True,0.0,master,valid_observed_phase_at_origin,ABCD,selection,1,-1,unassigned_nearest_donor_beyond_100km,pooled_unassigned_area,0,0.04,0,0.04
1091,2020-10,2020-06,4,0,True,0.0,master,valid_observed_phase_at_origin,ABCD,selection,1,-1,unassigned_nearest_donor_beyond_100km,pooled_unassigned_area,0,0.07,0,0.07
1092,2020-10,2020-06,4,0,True,0.0,master,valid_observed_phase_at_origin,ABCD,selection,1,-1,unassigned_nearest_donor_beyond_100km,pooled_unassigned_area,0,0.06,0,0.06
1093,2020-10,2020-06,4,0,True,0.0,master,valid_observed_phase_at_origin,ABCD,selection,1,0,completed_nearest_donor,local_partition_rf,0,0.09,0,0.06
1094,2020-10,2020-06,4,1,True,1.0,master,valid_observed_phase_at_origin,ABCD,selection,1,0,completed_nearest_donor,local_partition_rf,0,0.43,0,0.33
1095,2020-10,2020-06,4,0,True,0.0,master,valid_observed_phase_at_origin,ABCD,selection,1,-1,unassigned_nearest_donor_beyond_100km,pooled_unassigned_area,0,0.02,0,0.02
1096,2020-10,2020-06,4,0,True,1.0,master,valid_observed_phase_at_origin,ABCD,selection,1,0,completed_nearest_donor,local_partition_rf,1,0.51,0,0.39
1097,2020-10,2020-06,4,0,True,1.0,master,valid_observed_phase_at_origin,ABCD,selection,1,0,completed_nearest_donor,local_partition_rf,1,0.65,0,0.33
1098,2020-10,2020-06,4,0,True,1.0,master,valid_observed_phase_at_origin,ABCD,selection,1,0,completed_nearest_donor,local_partition_rf,1,0.55,0,0.26
1099,2020-10,2020-06,4,0,True,0.0,master,valid_observed_phase_at_origin,ABCD,selection,1,-1,unassigned_nearest_donor_beyond_100km,pooled_unassigned_area,0,0.03,0,0.03
1100,2020-10,2020-06,4,0,True,0.0,master,valid_observed_phase_at_origin,ABCD,selection,1,-1,unassigned_nearest_donor_beyond_100km,pooled_unassigned_area,0,0.03,0,0.03
1101,2020-10,2020-06,4,0,True,0.0,master,valid_observed_phase_at_origin,ABCD,selection,1,-1,unassigned_nearest_donor_beyond_100km,pooled_unassigned_area,0,0.02,0,0.02
1102,2020-10,2020-06,4,0,True,1.0,master,valid_observed_phase_at_origin,ABCD,selection,1,-1,unassigned_nearest_donor_beyond_100km,pooled_unassigned_area,0,0.37,0,0.37
1103,2020-10,2020-06,4,0,True,0.0,master,valid_observed_phase_at_origin,ABCD,selection,1,-1,unassigned_nearest_donor_beyond_100km,pooled_unassigned_area,0,0.02,0,0.02
1104,2020-10,2020-06,4,0,True,1.0,master,valid_observed_phase_at_origin,ABCD,selection,1,0,completed_nearest_donor,local_partition_rf,0,0.49,0,0.36
1105,2020-10,2020-06,4,0,True,0.0,master,valid_observed_phase_at_origin,ABCD,selection,1,-1,unassigned_nearest_donor_beyond_100km,pooled_unassigned_area,0,0.04,0,0.04
1106,2020-10,2020-06,4,0,True,1.0,master,valid_observed_phase_at_origin,ABCD,selection,1,-1,unassigned_nearest_donor_beyond_100km,pooled_unassigned_area,0,0.38,0,0.38
1107,2020-10,2020-06,4,0,True,0.0,master,valid_observed_phase_at_origin,ABCD,selection,1,-1,unassigned_nearest_donor_beyond_100km,pooled_unassigned_area,0,0.04,0,0.04
1108,2020-10,2020-06,4,0,True,1.0,master,valid_observed_phase_at_origin,ABCD,selection,1,-1,unassigned_nearest_donor_beyond_100km,pooled_unassigned_area,0,0.39,0,0.39
1109,2020-10,2020-06,4,0,True,0.0,master,valid_observed_phase_at_origin,ABCD,selection,1,-1,unassigned_nearest_donor_beyond_100km,pooled_unassigned_area,0,0.04,0,0.04
1110,2020-10,2020-06,4,0,True,1.0,master,valid_observed_phase_at_origin,ABCD,selection,1,-1,unassigned_nearest_donor_beyond_100km,pooled_unassigned_area,0,0.34,0,0.34
1111,2020-10,2020-06,4,0,True,0.0,master,valid_observed_phase_at_origin,ABCD,selection,1,-1,unassigned_nearest_donor_beyond_100km,pooled_unassigned_area,0,0.02,0,0.02
1112,2020-10,2020-06,4,1,True,1.0,master,valid_observed_phase_at_origin,ABCD,selection,1,18,spectral_core,local_partition_rf,0,0.42,1,0.57
1113,2020-10,2020-06,4,1,True,1.0,master,valid_observed_phase_at_origin,ABCD,selection,1,18,spectral_core,local_partition_rf,0,0.37,1,0.54
1114,2020-10,2020-06,4,0,True,0.0,master,valid_observed_phase_at_origin,ABCD,selection,1,2,spectral_core,local_partition_rf,0,0.12,0,0.08
1115,2020-10,2020-06,4,0,True,0.0,master,valid_observed_phase_at_origin,ABCD,selection,1,2,spectral_core,local_partition_rf,0,0.18,0,0.1
1116,2020-10,2020-06,4,1,True,1.0,master,valid_observed_phase_at_origin,ABCD,selection,1,2,spectral_core,local_partition_rf,0,0.48,1,0.51
1117,2020-10,2020-06,4,0,True,0.0,master,valid_observed_phase_at_origin,ABCD,selection,1,2,spectral_core,local_partition_rf,0,0.19,0,0.2
1118,2020-10,2020-06,4,0,True,0.0,master,valid_observed_phase_at_origin,ABCD,selection,1,2,spectral_core,local_partition_rf,0,0.13,0,0.08
1119,2020-10,2020-06,4,0,True,0.0,master,valid_observed_phase_at_origin,ABCD,selection,1,18,spectral_core,local_partition_rf,0,0.06,0,0.05
1120,2020-10,2020-06,4,0,True,0.0,master,valid_observed_phase_at_origin,ABCD,selection,1,2,spectral_core,local_partition_rf,0,0.21,0,0.16
1121,2020-10,2020-06,4,0,True,1.0,master,valid_observed_phase_at_origin,ABCD,selection,1,18,spectral_core,local_partition_rf,0,0.34,0,0.49
1122,2020-10,2020-06,4,0,True,1.0,master,valid_observed_phase_at_origin,ABCD,selection,1,18,spectral_core,local_partition_rf,0,0.44,1,0.51
1123,2020-10,2020-06,4,0,True,0.0,master,valid_observed_phase_at_origin,ABCD,selection,1,2,spectral_core,local_partition_rf,0,0.09,0,0.08
1124,2020-10,2020-06,4,0,True,0.0,master,valid_observed_phase_at_origin,ABCD,selection,1,18,spectral_core,local_partition_rf,0,0.05,0,0.09
1125,2020-10,2020-06,4,0,True,0.0,master,valid_observed_phase_at_origin,ABCD,selection,1,2,spectral_core,local_partition_rf,0,0.2,0,0.1
1126,2020-10,2020-06,4,0,True,0.0,master,valid_observed_phase_at_origin,ABCD,selection,1,18,spectral_core,local_partition_rf,0,0.05,0,0.08
1127,2020-10,2020-06,4,0,True,0.0,master,valid_observed_phase_at_origin,ABCD,selection,1,2,spectral_core,local_partition_rf,0,0.17,0,0.14
1128,2020-10,2020-06,4,0,True,0.0,master,valid_observed_phase_at_origin,ABCD,selection,1,2,spectral_core,local_partition_rf,0,0.1,0,0.09
1129,2020-10,2020-06,4,0,True,0.0,master,valid_observed_phase_at_origin,ABCD,selection,1,2,spectral_core,local_partition_rf,0,0.08,0,0.09
1130,2020-10,2020-06,4,0,True,0.0,master,valid_observed_phase_at_origin,ABCD,selection,1,2,spectral_core,local_partition_rf,0,0.12,0,0.09
1131,2020-10,2020-06,4,1,True,1.0,master,valid_observed_phase_at_origin,ABCD,selection,1,2,spectral_core,local_partition_rf,0,0.42,0,0.44
1132,2020-10,2020-06,4,0,True,0.0,master,valid_observed_phase_at_origin,ABCD,selection,1,2,spectral_core,local_partition_rf,0,0.12,0,0.11
1133,2020-10,2020-06,4,0,True,0.0,master,valid_observed_phase_at_origin,ABCD,selection,1,2,spectral_core,local_partition_rf,0,0.09,0,0.08
1134,2020-10,2020-06,4,0,True,1.0,master,valid_observed_phase_at_origin,ABCD,selection,1,2,spectral_core,local_partition_rf,0,0.34,0,0.47
1135,2020-10,2020-06,4,0,True,0.0,master,valid_observed_phase_at_origin,ABCD,selection,1,2,spectral_core,local_partition_rf,0,0.17,0,0.19
1136,2020-10,2020-06,4,0,True,0.0,master,valid_observed_phase_at_origin,ABCD,selection,1,2,spectral_core,local_partition_rf,0,0.09,0,0.03
1137,2020-10,2020-06,4,0,True,1.0,master,valid_observed_phase_at_origin,ABCD,selection,1,18,spectral_core,local_partition_rf,0,0.5,0,0.47
1138,2020-10,2020-06,4,0,True,0.0,master,valid_observed_phase_at_origin,ABCD,selection,1,2,spectral_core,local_partition_rf,0,0.12,0,0.1
1139,2020-10,2020-06,4,0,True,0.0,master,valid_observed_phase_at_origin,ABCD,selection,1,2,spectral_core,local_partition_rf,0,0.11,0,0.12
1140,2020-10,2020-06,4,0,True,0.0,master,valid_observed_phase_at_origin,ABCD,selection,1,18,spectral_core,local_partition_rf,0,0.07,0,0.12
1141,2020-10,2020-06,4,0,True,0.0,master,valid_observed_phase_at_origin,ABCD,selection,1,18,spectral_core,local_partition_rf,0,0.06,0,0.1
1142,2020-10,2020-06,4,0,True,0.0,master,valid_observed_phase_at_origin,ABCD,selection,1,18,spectral_core,local_partition_rf,0,0.07,0,0.09
1143,2020-10,2020-06,4,0,True,0.0,master,valid_observed_phase_at_origin,ABCD,selection,1,18,spectral_core,local_partition_rf,0,0.06,0,0.06
1144,2020-10,2020-06,4,0,True,0.0,master,valid_observed_phase_at_origin,ABCD,selection,1,18,spectral_core,local_partition_rf,0,0.05,0,0.13
1145,2020-10,2020-06,4,0,True,0.0,master,valid_observed_phase_at_origin,ABCD,selection,1,18,spectral_core,local_partition_rf,0,0.06,0,0.11
1146,2020-10,2020-06,4,0,True,0.0,master,valid_observed_phase_at_origin,ABCD,selection,1,2,spectral_core,local_partition_rf,0,0.16,0,0.14
1147,2020-10,2020-06,4,0,True,0.0,master,valid_observed_phase_at_origin,ABCD,selection,1,18,spectral_core,local_partition_rf,0,0.07,0,0.07
1148,2020-10,2020-06,4,0,True,0.0,master,valid_observed_phase_at_origin,ABCD,selection,1,2,spectral_core,local_partition_rf,0,0.11,0,0.12
1149,2020-10,2020-06,4,0,True,0.0,master,valid_observed_phase_at_origin,ABCD,selection,1,2,spectral_core,local_partition_rf,0,0.19,0,0.17
1150,2020-10,2020-06,4,0,True,0.0,master,valid_observed_phase_at_origin,ABCD,selection,1,2,spectral_core,local_partition_rf,0,0.19,0,0.09
1151,2020-10,2020-06,4,0,True,0.0,master,valid_observed_phase_at_origin,ABCD,selection,1,18,spectral_core,local_partition_rf,0,0.07,0,0.14
1152,2020-10,2020-06,4,0,True,0.0,master,valid_observed_phase_at_origin,ABCD,selection,1,18,spectral_core,local_partition_rf,0,0.08,0,0.13
1153,2020-10,2020-06,4,0,True,0.0,master,valid_observed_phase_at_origin,ABCD,selection,1,2,spectral_core,local_partition_rf,0,0.18,0,0.22
1154,2020-10,2020-06,4,0,True,0.0,master,valid_observed_phase_at_origin,ABCD,selection,1,2,spectral_core,local_partition_rf,0,0.21,0,0.17
1155,2020-10,2020-06,4,1,True,0.0,master,valid_observed_phase_at_origin,ABCD,selection,1,18,spectral_core,local_partition_rf,0,0.24,0,0.28
1156,2020-10,2020-06,4,0,True,0.0,master,valid_observed_phase_at_origin,ABCD,selection,1,2,spectral_core,local_partition_rf,0,0.15,0,0.09
1157,2020-10,2020-06,4,0,True,0.0,master,valid_observed_phase_at_origin,ABCD,selection,1,2,spectral_core,local_partition_rf,0,0.12,0,0.04
1158,2020-10,2020-06,4,0,True,1.0,master,valid_observed_phase_at_origin,ABCD,selection,1,2,spectral_core,local_partition_rf,0,0.4,1,0.55
1159,2020-10,2020-06,4,0,True,1.0,master,valid_observed_phase_at_origin,ABCD,selection,1,18,spectral_core,local_partition_rf,0,0.35,1,0.54
1160,2020-10,2020-06,4,0,True,0.0,master,valid_observed_phase_at_origin,ABCD,selection,1,18,spectral_core,local_partition_rf,0,0.09,0,0.15
1161,2020-10,2020-06,4,0,True,0.0,master,valid_observed_phase_at_origin,ABCD,selection,1,18,spectral_core,local_partition_rf,0,0.13,0,0.18
1162,2020-10,2020-06,4,0,True,0.0,master,valid_observed_phase_at_origin,ABCD,selection,1,2,spectral_core,local_partition_rf,0,0.13,0,0.07
1163,2020-10,2020-06,4,0,True,0.0,master,valid_observed_phase_at_origin,ABCD,selection,1,2,spectral_core,local_partition_rf,0,0.08,0,0.09
1164,2020-10,2020-06,4,0,True,0.0,master,valid_observed_phase_at_origin,ABCD,selection,1,18,spectral_core,local_partition_rf,0,0.01,0,0.1
1165,2020-10,2020-06,4,0,True,1.0,master,valid_observed_phase_at_origin,ABCD,selection,1,18,spectral_core,local_partition_rf,0,0.45,0,0.5
1166,2020-10,2020-06,4,0,True,0.0,master,valid_observed_phase_at_origin,ABCD,selection,1,2,spectral_core,local_partition_rf,0,0.2,0,0.13
1167,2020-10,2020-06,4,0,True,0.0,master,valid_observed_phase_at_origin,ABCD,selection,1,18,spectral_core,local_partition_rf,0,0.08,0,0.05
1168,2020-10,2020-06,4,0,True,0.0,master,valid_observed_phase_at_origin,ABCD,selection,1,2,spectral_core,local_partition_rf,0,0.16,0,0.07
1169,2020-10,2020-06,4,0,True,0.0,master,valid_observed_phase_at_origin,ABCD,selection,1,2,spectral_core,local_partition_rf,0,0.19,0,0.12
1170,2020-10,2020-06,4,0,True,0.0,master,valid_observed_phase_at_origin,ABCD,selection,1,2,spectral_core,local_partition_rf,0,0.23,0,0.1
1171,2020-10,2020-06,4,0,True,0.0,master,valid_observed_phase_at_origin,ABCD,selection,1,2,spectral_core,local_partition_rf,0,0.27,0,0.11
1172,2020-10,2020-06,4,0,True,0.0,master,valid_observed_phase_at_origin,ABCD,selection,1,2,spectral_core,local_partition_rf,0,0.24,0,0.16
1173,2020-10,2020-06,4,0,True,0.0,master,valid_observed_phase_at_origin,ABCD,selection,1,18,spectral_core,local_partition_rf,0,0.02,0,0.08
1174,2020-10,2020-06,4,0,True,0.0,master,valid_observed_phase_at_origin,ABCD,selection,1,18,spectral_core,local_partition_rf,0,0.05,0,0.12
1175,2020-10,2020-06,4,0,True,0.0,master,valid_observed_phase_at_origin,ABCD,selection,1,2,spectral_core,local_partition_rf,0,0.09,0,0.13
1176,2020-10,2020-06,4,0,True,0.0,master,valid_observed_phase_at_origin,ABCD,selection,1,2,spectral_core,local_partition_rf,0,0.28,0,0.18
1177,2020-10,2020-06,4,0,True,0.0,master,valid_observed_phase_at_origin,ABCD,selection,1,2,spectral_core,local_partition_rf,0,0.22,0,0.21
1178,2020-10,2020-06,4,0,True,1.0,master,valid_observed_phase_at_origin,ABCD,selection,1,2,spectral_core,local_partition_rf,0,0.37,0,0.5
1179,2020-10,2020-06,4,0,True,0.0,master,valid_observed_phase_at_origin,ABCD,selection,1,2,spectral_core,local_partition_rf,0,0.13,0,0.07
1180,2020-10,2020-06,4,0,True,0.0,master,valid_observed_phase_at_origin,ABCD,selection,1,2,spectral_core,local_partition_rf,0,0.08,0,0.06
1181,2020-10,2020-06,4,0,True,0.0,master,valid_observed_phase_at_origin,ABCD,selection,1,2,spectral_core,local_partition_rf,0,0.12,0,0.09
1182,2020-10,2020-06,4,0,True,0.0,master,valid_observed_phase_at_origin,ABCD,selection,1,2,spectral_core,local_partition_rf,0,0.11,0,0.05
1183,2020-10,2020-06,4,0,True,0.0,master,valid_observed_phase_at_origin,ABCD,selection,1,2,spectral_core,local_partition_rf,0,0.1,0,0.19
1184,2020-10,2020-06,4,0,True,0.0,master,valid_observed_phase_at_origin,ABCD,selection,1,2,spectral_core,local_partition_rf,0,0.21,0,0.07
1185,2020-10,2020-06,4,0,True,0.0,master,valid_observed_phase_at_origin,ABCD,selection,1,2,spectral_core,local_partition_rf,0,0.21,0,0.1
1186,2020-10,2020-06,4,0,True,0.0,master,valid_observed_phase_at_origin,ABCD,selection,1,18,spectral_core,local_partition_rf,0,0.04,0,0.07
1187,2020-10,2020-06,4,0,True,0.0,master,valid_observed_phase_at_origin,ABCD,selection,1,2,spectral_core,local_partition_rf,0,0.11,0,0.07
1188,2020-10,2020-06,4,0,True,0.0,master,valid_observed_phase_at_origin,ABCD,selection,1,2,spectral_core,local_partition_rf,0,0.14,0,0.11
1189,2020-10,2020-06,4,0,True,1.0,master,valid_observed_phase_at_origin,ABCD,selection,1,2,spectral_core,local_partition_rf,0,0.43,0,0.45
1190,2020-10,2020-06,4,0,True,0.0,master,valid_observed_phase_at_origin,ABCD,selection,1,18,spectral_core,local_partition_rf,0,0.08,0,0.07
1191,2020-10,2020-06,4,0,True,0.0,master,valid_observed_phase_at_origin,ABCD,selection,1,18,spectral_core,local_partition_rf,0,0.06,0,0.1
1192,2020-10,2020-06,4,0,True,0.0,master,valid_observed_phase_at_origin,ABCD,selection,1,18,spectral_core,local_partition_rf,0,0.1,0,0.12
1193,2020-10,2020-06,4,0,True,1.0,master,valid_observed_phase_at_origin,ABCD,selection,1,2,spectral_core,local_partition_rf,0,0.4,0,0.46
1194,2020-10,2020-06,4,0,True,0.0,master,valid_observed_phase_at_origin,ABCD,selection,1,2,spectral_core,local_partition_rf,0,0.2,0,0.1
1195,2020-10,2020-06,4,0,True,0.0,master,valid_observed_phase_at_origin,ABCD,selection,1,18,spectral_core,local_partition_rf,0,0.08,0,0.13
1196,2020-10,2020-06,4,0,True,0.0,master,valid_observed_phase_at_origin,ABCD,selection,1,18,spectral_core,local_partition_rf,0,0.04,0,0.07
1197,2020-10,2020-06,4,0,True,0.0,master,valid_observed_phase_at_origin,ABCD,selection,1,2,spectral_core,local_partition_rf,0,0.2,0,0.09
1198,2020-10,2020-06,4,0,True,0.0,master,valid_observed_phase_at_origin,ABCD,selection,1,2,spectral_core,local_partition_rf,0,0.2,0,0.1
1199,2020-10,2020-06,4,0,True,0.0,master,valid_observed_phase_at_origin,ABCD,selection,1,2,spectral_core,local_partition_rf,0,0.1,0,0.09
1200,2020-10,2020-06,4,0,True,0.0,master,valid_observed_phase_at_origin,ABCD,selection,1,2,spectral_core,local_partition_rf,0,0.25,0,0.2
1201,2020-10,2020-06,4,0,True,1.0,master,valid_observed_phase_at_origin,ABCD,selection,1,2,spectral_core,local_partition_rf,0,0.38,1,0.54
1202,2020-10,2020-06,4,0,True,1.0,master,valid_observed_phase_at_origin,ABCD,selection,1,2,spectral_core,local_partition_rf,1,0.52,1,0.55
1203,2020-10,2020-06,4,0,True,0.0,master,valid_observed_phase_at_origin,ABCD,selection,1,2,spectral_core,local_partition_rf,0,0.22,0,0.12
1204,2020-10,2020-06,4,0,True,0.0,master,valid_observed_phase_at_origin,ABCD,selection,1,2,spectral_core,local_partition_rf,0,0.17,0,0.09
1205,2020-10,2020-06,4,0,True,0.0,master,valid_observed_phase_at_origin,ABCD,selection,1,2,spectral_core,local_partition_rf,0,0.2,0,0.15
1206,2020-10,2020-06,4,0,True,0.0,master,valid_observed_phase_at_origin,ABCD,selection,1,2,spectral_core,local_partition_rf,0,0.26,0,0.16
1207,2020-10,2020-06,4,0,True,1.0,master,valid_observed_phase_at_origin,ABCD,selection,1,2,spectral_core,local_partition_rf,0,0.34,1,0.52
1208,2020-10,2020-06,4,0,True,0.0,master,valid_observed_phase_at_origin,ABCD,selection,1,2,spectral_core,local_partition_rf,0,0.19,0,0.17
1209,2020-10,2020-06,4,0,True,0.0,master,valid_observed_phase_at_origin,ABCD,selection,1,2,spectral_core,local_partition_rf,0,0.2,0,0.1
1210,2020-10,2020-06,4,0,True,0.0,master,valid_observed_phase_at_origin,ABCD,selection,1,2,spectral_core,local_partition_rf,0,0.1,0,0.12
1211,2020-10,2020-06,4,0,True,0.0,master,valid_observed_phase_at_origin,ABCD,selection,1,2,spectral_core,local_partition_rf,0,0.21,0,0.16
1212,2020-10,2020-06,4,0,True,0.0,master,valid_observed_phase_at_origin,ABCD,selection,1,2,spectral_core,local_partition_rf,0,0.15,0,0.19
1213,2020-10,2020-06,4,0,True,0.0,master,valid_observed_phase_at_origin,ABCD,selection,1,2,spectral_core,local_partition_rf,0,0.17,0,0.2
1214,2020-10,2020-06,4,0,True,0.0,master,valid_observed_phase_at_origin,ABCD,selection,1,2,spectral_core,local_partition_rf,0,0.24,0,0.11
1215,2020-10,2020-06,4,0,True,0.0,master,valid_observed_phase_at_origin,ABCD,selection,1,2,spectral_core,local_partition_rf,0,0.1,0,0.06
1216,2020-10,2020-06,4,0,True,0.0,master,valid_observed_phase_at_origin,ABCD,selection,1,2,spectral_core,local_partition_rf,0,0.18,0,0.1
1217,2020-10,2020-06,4,0,True,0.0,master,valid_observed_phase_at_origin,ABCD,selection,1,18,spectral_core,local_partition_rf,0,0.05,0,0.08
1218,2020-10,2020-06,4,0,True,0.0,master,valid_observed_phase_at_origin,ABCD,selection,1,2,spectral_core,local_partition_rf,0,0.17,0,0.07
1219,2020-10,2020-06,4,0,True,0.0,master,valid_observed_phase_at_origin,ABCD,selection,1,18,spectral_core,local_partition_rf,0,0.07,0,0.11
1220,2020-10,2020-06,4,0,True,0.0,master,valid_observed_phase_at_origin,ABCD,selection,1,2,spectral_core,local_partition_rf,0,0.2,0,0.15
1221,2020-10,2020-06,4,0,True,0.0,master,valid_observed_phase_at_origin,ABCD,selection,1,2,spectral_core,local_partition_rf,0,0.17,0,0.1
1222,2020-10,2020-06,4,0,True,1.0,master,valid_observed_phase_at_origin,ABCD,selection,1,18,spectral_core,local_partition_rf,0,0.34,1,0.53
1223,2020-10,2020-06,4,0,True,1.0,master,valid_observed_phase_at_origin,ABCD,selection,1,18,spectral_core,local_partition_rf,0,0.38,1,0.54
1224,2020-10,2020-06,4,0,True,0.0,master,valid_observed_phase_at_origin,ABCD,selection,1,18,spectral_core,local_partition_rf,0,0.04,0,0.08
1225,2020-10,2020-06,4,1,True,0.0,master,valid_observed_phase_at_origin,ABCD,selection,1,2,spectral_core,local_partition_rf,1,0.64,0,0.28
1226,2020-10,2020-06,4,0,True,0.0,master,valid_observed_phase_at_origin,ABCD,selection,1,2,spectral_core,local_partition_rf,0,0.1,0,0.19
1227,2020-10,2020-06,4,0,True,0.0,master,valid_observed_phase_at_origin,ABCD,selection,1,2,spectral_core,local_partition_rf,0,0.13,0,0.16
1228,2020-10,2020-06,4,0,True,0.0,master,valid_observed_phase_at_origin,ABCD,selection,1,2,spectral_core,local_partition_rf,0,0.15,0,0.18
1229,2020-10,2020-06,4,0,True,0.0,master,valid_observed_phase_at_origin,ABCD,selection,1,2,spectral_core,local_partition_rf,0,0.2,0,0.12
1230,2020-10,2020-06,4,0,True,1.0,master,valid_observed_phase_at_origin,ABCD,selection,1,18,spectral_core,local_partition_rf,0,0.37,1,0.6
1231,2020-10,2020-06,4,0,True,0.0,master,valid_observed_phase_at_origin,ABCD,selection,1,18,spectral_core,local_partition_rf,0,0.02,0,0.08
1232,2020-10,2020-06,4,0,True,0.0,master,valid_observed_phase_at_origin,ABCD,selection,1,18,spectral_core,local_partition_rf,0,0.07,0,0.06
1233,2020-10,2020-06,4,0,True,0.0,master,valid_observed_phase_at_origin,ABCD,selection,1,18,spectral_core,local_partition_rf,0,0.06,0,0.07
1234,2020-10,2020-06,4,0,True,0.0,master,valid_observed_phase_at_origin,ABCD,selection,1,18,spectral_core,local_partition_rf,0,0.07,0,0.09
1235,2020-10,2020-06,4,0,True,0.0,master,valid_observed_phase_at_origin,ABCD,selection,1,2,spectral_core,local_partition_rf,0,0.26,0,0.21
1236,2020-10,2020-06,4,0,True,0.0,master,valid_observed_phase_at_origin,ABCD,selection,1,18,spectral_core,local_partition_rf,0,0.06,0,0.11
1237,2020-10,2020-06,4,1,True,1.0,master,valid_observed_phase_at_origin,ABCD,selection,1,2,spectral_core,local_partition_rf,1,0.54,0,0.47
1238,2020-10,2020-06,4,0,True,0.0,master,valid_observed_phase_at_origin,ABCD,selection,1,2,spectral_core,local_partition_rf,0,0.22,0,0.15
1239,2020-10,2020-06,4,1,True,1.0,master,valid_observed_phase_at_origin,ABCD,selection,1,2,spectral_core,local_partition_rf,0,0.35,0,0.45
1240,2020-10,2020-06,4,0,True,0.0,master,valid_observed_phase_at_origin,ABCD,selection,1,2,spectral_core,local_partition_rf,0,0.26,0,0.19
1241,2020-10,2020-06,4,0,True,0.0,master,valid_observed_phase_at_origin,ABCD,selection,1,18,spectral_core,local_partition_rf,0,0.05,0,0.08
1242,2020-10,2020-06,4,0,True,0.0,master,valid_observed_phase_at_origin,ABCD,selection,1,2,spectral_core,local_partition_rf,0,0.1,0,0.06
1243,2020-10,2020-06,4,0,True,0.0,master,valid_observed_phase_at_origin,ABCD,selection,1,18,spectral_core,local_partition_rf,0,0.05,0,0.03
1244,2020-10,2020-06,4,0,True,0.0,master,valid_observed_phase_at_origin,ABCD,selection,1,18,spectral_core,local_partition_rf,0,0.04,0,0.08
1245,2020-10,2020-06,4,0,True,0.0,master,valid_observed_phase_at_origin,ABCD,selection,1,2,spectral_core,local_partition_rf,0,0.16,0,0.1
1246,2020-10,2020-06,4,0,True,0.0,master,valid_observed_phase_at_origin,ABCD,selection,1,18,spectral_core,local_partition_rf,0,0.04,0,0.09
1247,2020-10,2020-06,4,0,True,0.0,master,valid_observed_phase_at_origin,ABCD,selection,1,18,spectral_core,local_partition_rf,0,0.04,0,0.06
1248,2020-10,2020-06,4,1,True,0.0,master,valid_observed_phase_at_origin,ABCD,selection,1,2,spectral_core,local_partition_rf,0,0.26,0,0.26
1249,2020-10,2020-06,4,0,True,0.0,master,valid_observed_phase_at_origin,ABCD,selection,1,2,spectral_core,local_partition_rf,0,0.19,0,0.08
1250,2020-10,2020-06,4,0,True,0.0,master,valid_observed_phase_at_origin,ABCD,selection,1,18,spectral_core,local_partition_rf,0,0.06,0,0.11
1251,2020-10,2020-06,4,0,True,0.0,master,valid_observed_phase_at_origin,ABCD,selection,1,2,spectral_core,local_partition_rf,0,0.15,0,0.12
1252,2020-10,2020-06,4,0,True,0.0,master,valid_observed_phase_at_origin,ABCD,selection,1,2,spectral_core,local_partition_rf,0,0.21,0,0.15
1253,2020-10,2020-06,4,0,True,0.0,master,valid_observed_phase_at_origin,ABCD,selection,1,2,spectral_core,local_partition_rf,0,0.12,0,0.03
1254,2020-10,2020-06,4,0,True,0.0,master,valid_observed_phase_at_origin,ABCD,selection,1,2,spectral_core,local_partition_rf,0,0.24,0,0.09
1255,2020-10,2020-06,4,0,True,0.0,master,valid_observed_phase_at_origin,ABCD,selection,1,2,spectral_core,local_partition_rf,0,0.17,0,0.07
1256,2020-10,2020-06,4,0,True,0.0,master,valid_observed_phase_at_origin,ABCD,selection,1,18,spectral_core,local_partition_rf,0,0.06,0,0.04
1257,2020-10,2020-06,4,0,True,0.0,master,valid_observed_phase_at_origin,ABCD,selection,1,2,spectral_core,local_partition_rf,0,0.09,0,0.08
1258,2020-10,2020-06,4,0,True,0.0,master,valid_observed_phase_at_origin,ABCD,selection,1,2,spectral_core,local_partition_rf,0,0.06,0,0.06
1259,2020-10,2020-06,4,0,True,0.0,master,valid_observed_phase_at_origin,ABCD,selection,1,2,spectral_core,local_partition_rf,0,0.22,0,0.13
1260,2020-10,2020-06,4,0,True,0.0,master,valid_observed_phase_at_origin,ABCD,selection,1,2,spectral_core,local_partition_rf,0,0.19,0,0.16
1261,2020-10,2020-06,4,0,True,0.0,master,valid_observed_phase_at_origin,ABCD,selection,1,18,spectral_core,local_partition_rf,0,0.05,0,0.11
1262,2020-10,2020-06,4,0,True,0.0,master,valid_observed_phase_at_origin,ABCD,selection,1,2,spectral_core,local_partition_rf,0,0.16,0,0.13
1263,2020-10,2020-06,4,0,True,0.0,master,valid_observed_phase_at_origin,ABCD,selection,1,2,spectral_core,local_partition_rf,0,0.09,0,0.07
1264,2020-10,2020-06,4,0,True,0.0,master,valid_observed_phase_at_origin,ABCD,selection,1,2,spectral_core,local_partition_rf,0,0.21,0,0.14
1265,2020-10,2020-06,4,0,True,0.0,master,valid_observed_phase_at_origin,ABCD,selection,1,2,spectral_core,local_partition_rf,0,0.23,0,0.1
1266,2020-10,2020-06,4,1,True,1.0,master,valid_observed_phase_at_origin,ABCD,selection,1,18,spectral_core,local_partition_rf,1,0.59,1,0.69
1267,2020-10,2020-06,4,0,True,0.0,master,valid_observed_phase_at_origin,ABCD,selection,1,2,spectral_core,local_partition_rf,0,0.16,0,0.07
1268,2020-10,2020-06,4,0,True,0.0,master,valid_observed_phase_at_origin,ABCD,selection,1,2,spectral_core,local_partition_rf,0,0.14,0,0.09
1269,2020-10,2020-06,4,0,True,0.0,master,valid_observed_phase_at_origin,ABCD,selection,1,2,spectral_core,local_partition_rf,0,0.13,0,0.06
1270,2020-10,2020-06,4,1,True,1.0,master,valid_observed_phase_at_origin,ABCD,selection,1,2,spectral_core,local_partition_rf,0,0.49,1,0.54
1271,2020-10,2020-06,4,0,True,0.0,master,valid_observed_phase_at_origin,ABCD,selection,1,2,spectral_core,local_partition_rf,0,0.13,0,0.09
1272,2020-10,2020-06,4,0,True,1.0,master,valid_observed_phase_at_origin,ABCD,selection,1,18,spectral_core,local_partition_rf,0,0.43,1,0.64
1273,2020-10,2020-06,4,0,True,0.0,master,valid_observed_phase_at_origin,ABCD,selection,1,18,spectral_core,local_partition_rf,0,0.05,0,0.11
1274,2020-10,2020-06,4,1,True,1.0,master,valid_observed_phase_at_origin,ABCD,selection,1,2,spectral_core,local_partition_rf,0,0.47,1,0.58
1275,2020-10,2020-06,4,0,True,0.0,master,valid_observed_phase_at_origin,ABCD,selection,1,2,spectral_core,local_partition_rf,0,0.15,0,0.06
1276,2020-10,2020-06,4,0,True,0.0,master,valid_observed_phase_at_origin,ABCD,selection,1,2,spectral_core,local_partition_rf,0,0.25,0,0.15
1277,2020-10,2020-06,4,1,True,0.0,master,valid_observed_phase_at_origin,ABCD,selection,1,2,spectral_core,local_partition_rf,1,0.59,0,0.29
1278,2020-10,2020-06,4,0,True,0.0,master,valid_observed_phase_at_origin,ABCD,selection,1,18,spectral_core,local_partition_rf,0,0.05,0,0.09
1279,2020-10,2020-06,4,0,True,0.0,master,valid_observed_phase_at_origin,ABCD,selection,1,18,spectral_core,local_partition_rf,0,0.06,0,0.05
1280,2020-10,2020-06,4,0,True,0.0,master,valid_observed_phase_at_origin,ABCD,selection,1,2,spectral_core,local_partition_rf,0,0.32,0,0.2
1281,2020-10,2020-06,4,0,True,0.0,master,valid_observed_phase_at_origin,ABCD,selection,1,2,spectral_core,local_partition_rf,0,0.16,0,0.09
1282,2020-10,2020-06,4,0,True,0.0,master,valid_observed_phase_at_origin,ABCD,selection,1,2,spectral_core,local_partition_rf,0,0.09,0,0.08
1283,2020-10,2020-06,4,0,True,0.0,master,valid_observed_phase_at_origin,ABCD,selection,1,2,spectral_core,local_partition_rf,0,0.14,0,0.07
1284,2020-10,2020-06,4,0,True,0.0,master,valid_observed_phase_at_origin,ABCD,selection,1,2,spectral_core,local_partition_rf,0,0.08,0,0.1
1285,2020-10,2020-06,4,0,True,0.0,master,valid_observed_phase_at_origin,ABCD,selection,1,18,spectral_core,local_partition_rf,0,0.12,0,0.18
1286,2020-10,2020-06,4,1,True,0.0,master,valid_observed_phase_at_origin,ABCD,selection,1,2,spectral_core,local_partition_rf,0,0.31,0,0.21
1287,2020-10,2020-06,4,0,True,0.0,master,valid_observed_phase_at_origin,ABCD,selection,1,2,spectral_core,local_partition_rf,0,0.2,0,0.13
1288,2020-10,2020-06,4,0,True,0.0,master,valid_observed_phase_at_origin,ABCD,selection,1,18,spectral_core,local_partition_rf,0,0.04,0,0.11
1289,2020-10,2020-06,4,0,True,0.0,master,valid_observed_phase_at_origin,ABCD,selection,1,18,spectral_core,local_partition_rf,0,0.05,0,0.07
1290,2020-10,2020-06,4,0,True,0.0,master,valid_observed_phase_at_origin,ABCD,selection,1,2,spectral_core,local_partition_rf,0,0.21,0,0.08
1291,2020-10,2020-06,4,1,True,1.0,master,valid_observed_phase_at_origin,ABCD,selection,1,2,spectral_core,local_partition_rf,1,0.58,1,0.55
1292,2020-10,2020-06,4,0,True,1.0,master,valid_observed_phase_at_origin,ABCD,selection,1,2,spectral_core,local_partition_rf,0,0.45,1,0.62
1293,2020-10,2020-06,4,1,True,0.0,master,valid_observed_phase_at_origin,ABCD,selection,1,2,spectral_core,local_partition_rf,0,0.26,0,0.16
1294,2020-10,2020-06,4,0,True,0.0,master,valid_observed_phase_at_origin,ABCD,selection,1,2,spectral_core,local_partition_rf,0,0.1,0,0.08
1295,2020-10,2020-06,4,0,True,0.0,master,valid_observed_phase_at_origin,ABCD,selection,1,2,spectral_core,local_partition_rf,0,0.22,0,0.13
1296,2020-10,2020-06,4,0,True,0.0,master,valid_observed_phase_at_origin,ABCD,selection,1,2,spectral_core,local_partition_rf,0,0.23,0,0.11
1297,2020-10,2020-06,4,0,True,0.0,master,valid_observed_phase_at_origin,ABCD,selection,1,2,spectral_core,local_partition_rf,0,0.23,0,0.13
1298,2020-10,2020-06,4,0,True,0.0,master,valid_observed_phase_at_origin,ABCD,selection,1,2,spectral_core,local_partition_rf,0,0.17,0,0.06
1299,2020-10,2020-06,4,0,True,0.0,master,valid_observed_phase_at_origin,ABCD,selection,1,2,spectral_core,local_partition_rf,0,0.13,0,0.09
1300,2020-10,2020-06,4,0,True,1.0,master,valid_observed_phase_at_origin,ABCD,selection,1,2,spectral_core,local_partition_rf,1,0.54,0,0.48
1301,2020-10,2020-06,4,0,True,0.0,master,valid_observed_phase_at_origin,ABCD,selection,1,2,spectral_core,local_partition_rf,0,0.14,0,0.08
1302,2020-10,2020-06,4,0,True,1.0,master,valid_observed_phase_at_origin,ABCD,selection,1,18,spectral_core,local_partition_rf,0,0.38,1,0.51
1303,2020-10,2020-06,4,0,True,0.0,master,valid_observed_phase_at_origin,ABCD,selection,1,2,spectral_core,local_partition_rf,0,0.13,0,0.08
1304,2020-10,2020-06,4,0,True,1.0,master,valid_observed_phase_at_origin,ABCD,selection,1,2,spectral_core,local_partition_rf,0,0.45,0,0.48
1305,2020-10,2020-06,4,0,True,0.0,master,valid_observed_phase_at_origin,ABCD,selection,1,2,spectral_core,local_partition_rf,0,0.2,0,0.12
1306,2020-10,2020-06,4,0,True,0.0,master,valid_observed_phase_at_origin,ABCD,selection,1,2,spectral_core,local_partition_rf,0,0.32,0,0.14
1307,2020-10,2020-06,4,0,True,0.0,master,valid_observed_phase_at_origin,ABCD,selection,1,2,spectral_core,local_partition_rf,0,0.27,0,0.15
1308,2020-10,2020-06,4,0,True,0.0,master,valid_observed_phase_at_origin,ABCD,selection,1,2,spectral_core,local_partition_rf,0,0.07,0,0.12
1309,2020-10,2020-06,4,0,True,0.0,master,valid_observed_phase_at_origin,ABCD,selection,1,2,spectral_core,local_partition_rf,0,0.09,0,0.09
1310,2020-10,2020-06,4,0,True,0.0,master,valid_observed_phase_at_origin,ABCD,selection,1,18,spectral_core,local_partition_rf,0,0.09,0,0.15
1311,2020-10,2020-06,4,0,True,0.0,master,valid_observed_phase_at_origin,ABCD,selection,1,2,spectral_core,local_partition_rf,0,0.11,0,0.08
1312,2020-10,2020-06,4,0,True,1.0,master,valid_observed_phase_at_origin,ABCD,selection,1,2,spectral_core,local_partition_rf,1,0.53,1,0.58
1313,2020-10,2020-06,4,0,True,0.0,master,valid_observed_phase_at_origin,ABCD,selection,1,2,spectral_core,local_partition_rf,0,0.18,0,0.15
1314,2020-10,2020-06,4,0,True,0.0,master,valid_observed_phase_at_origin,ABCD,selection,1,2,spectral_core,local_partition_rf,0,0.29,0,0.17
1315,2020-10,2020-06,4,0,True,0.0,master,valid_observed_phase_at_origin,ABCD,selection,1,18,spectral_core,local_partition_rf,0,0.03,0,0.11
1316,2020-10,2020-06,4,0,True,0.0,master,valid_observed_phase_at_origin,ABCD,selection,1,2,spectral_core,local_partition_rf,0,0.16,0,0.16
1317,2020-10,2020-06,4,0,True,0.0,master,valid_observed_phase_at_origin,ABCD,selection,1,2,spectral_core,local_partition_rf,0,0.24,0,0.16
1318,2020-10,2020-06,4,0,True,0.0,master,valid_observed_phase_at_origin,ABCD,selection,1,2,spectral_core,local_partition_rf,0,0.12,0,0.08
1319,2020-10,2020-06,4,0,True,0.0,master,valid_observed_phase_at_origin,ABCD,selection,1,18,spectral_core,local_partition_rf,0,0.05,0,0.07
1320,2020-10,2020-06,4,0,True,0.0,master,valid_observed_phase_at_origin,ABCD,selection,1,18,spectral_core,local_partition_rf,0,0.06,0,0.15
1321,2020-10,2020-06,4,0,True,0.0,master,valid_observed_phase_at_origin,ABCD,selection,1,18,spectral_core,local_partition_rf,0,0.05,0,0.1
1322,2020-10,2020-06,4,0,True,1.0,master,valid_observed_phase_at_origin,ABCD,selection,1,2,spectral_core,local_partition_rf,0,0.46,1,0.52
1323,2020-10,2020-06,4,1,True,0.0,master,valid_observed_phase_at_origin,ABCD,selection,1,2,spectral_core,local_partition_rf,1,0.65,0,0.25
1324,2020-10,2020-06,4,1,True,1.0,master,valid_observed_phase_at_origin,ABCD,selection,1,2,spectral_core,local_partition_rf,0,0.4,0,0.43
1325,2020-10,2020-06,4,0,True,0.0,master,valid_observed_phase_at_origin,ABCD,selection,1,2,spectral_core,local_partition_rf,0,0.19,0,0.09
1326,2020-10,2020-06,4,0,True,0.0,master,valid_observed_phase_at_origin,ABCD,selection,1,2,spectral_core,local_partition_rf,0,0.14,0,0.1
1327,2020-10,2020-06,4,0,True,0.0,master,valid_observed_phase_at_origin,ABCD,selection,1,2,spectral_core,local_partition_rf,0,0.24,0,0.12
1328,2020-10,2020-06,4,0,True,0.0,master,valid_observed_phase_at_origin,ABCD,selection,1,18,spectral_core,local_partition_rf,0,0.05,0,0.04
1329,2020-10,2020-06,4,1,True,0.0,master,valid_observed_phase_at_origin,ABCD,selection,1,2,spectral_core,local_partition_rf,0,0.18,0,0.19
1330,2020-10,2020-06,4,0,True,0.0,master,valid_observed_phase_at_origin,ABCD,selection,1,2,spectral_core,local_partition_rf,0,0.09,0,0.05
1331,2020-10,2020-06,4,0,True,0.0,master,valid_observed_phase_at_origin,ABCD,selection,1,2,spectral_core,local_partition_rf,0,0.3,0,0.21
1332,2020-10,2020-06,4,0,True,0.0,master,valid_observed_phase_at_origin,ABCD,selection,1,2,spectral_core,local_partition_rf,0,0.09,0,0.08
1333,2020-10,2020-06,4,0,True,0.0,master,valid_observed_phase_at_origin,ABCD,selection,1,2,spectral_core,local_partition_rf,0,0.12,0,0.08
1334,2020-10,2020-06,4,0,True,0.0,master,valid_observed_phase_at_origin,ABCD,selection,1,2,spectral_core,local_partition_rf,0,0.15,0,0.16
1335,2020-10,2020-06,4,0,True,0.0,master,valid_observed_phase_at_origin,ABCD,selection,1,2,spectral_core,local_partition_rf,0,0.17,0,0.16
1336,2020-10,2020-06,4,0,True,0.0,master,valid_observed_phase_at_origin,ABCD,selection,1,18,spectral_core,local_partition_rf,0,0.09,0,0.1
1337,2020-10,2020-06,4,0,True,0.0,master,valid_observed_phase_at_origin,ABCD,selection,1,2,spectral_core,local_partition_rf,0,0.2,0,0.08
1338,2020-10,2020-06,4,0,True,0.0,master,valid_observed_phase_at_origin,ABCD,selection,1,2,spectral_core,local_partition_rf,0,0.2,0,0.24
1339,2020-10,2020-06,4,0,True,0.0,master,valid_observed_phase_at_origin,ABCD,selection,1,18,spectral_core,local_partition_rf,0,0.12,0,0.19
1340,2020-10,2020-06,4,0,True,0.0,master,valid_observed_phase_at_origin,ABCD,selection,1,18,spectral_core,local_partition_rf,0,0.06,0,0.07
1341,2020-10,2020-06,4,0,True,0.0,master,valid_observed_phase_at_origin,ABCD,selection,1,18,spectral_core,local_partition_rf,0,0.03,0,0.05
1342,2020-10,2020-06,4,0,True,1.0,master,valid_observed_phase_at_origin,ABCD,selection,1,2,spectral_core,local_partition_rf,0,0.41,0,0.49
1343,2020-10,2020-06,4,0,True,0.0,master,valid_observed_phase_at_origin,ABCD,selection,1,2,spectral_core,local_partition_rf,0,0.23,0,0.13
1344,2020-10,2020-06,4,0,True,0.0,master,valid_observed_phase_at_origin,ABCD,selection,1,2,spectral_core,local_partition_rf,0,0.2,0,0.08
1345,2020-10,2020-06,4,0,True,0.0,master,valid_observed_phase_at_origin,ABCD,selection,1,2,spectral_core,local_partition_rf,0,0.27,0,0.14
1346,2020-10,2020-06,4,0,True,0.0,master,valid_observed_phase_at_origin,ABCD,selection,1,2,spectral_core,local_partition_rf,0,0.23,0,0.09
1347,2020-10,2020-06,4,0,True,0.0,master,valid_observed_phase_at_origin,ABCD,selection,1,2,spectral_core,local_partition_rf,0,0.19,0,0.05
1348,2020-10,2020-06,4,0,True,0.0,master,valid_observed_phase_at_origin,ABCD,selection,1,2,spectral_core,local_partition_rf,0,0.09,0,0.08
1349,2020-10,2020-06,4,0,True,0.0,master,valid_observed_phase_at_origin,ABCD,selection,1,18,spectral_core,local_partition_rf,0,0.06,0,0.07
1350,2020-10,2020-06,4,0,True,0.0,master,valid_observed_phase_at_origin,ABCD,selection,1,2,spectral_core,local_partition_rf,0,0.16,0,0.07
1351,2020-10,2020-06,4,0,True,0.0,master,valid_observed_phase_at_origin,ABCD,selection,1,2,spectral_core,local_partition_rf,0,0.21,0,0.11
1352,2020-10,2020-06,4,0,True,0.0,master,valid_observed_phase_at_origin,ABCD,selection,1,2,spectral_core,local_partition_rf,0,0.27,0,0.19
1353,2020-10,2020-06,4,0,True,0.0,master,valid_observed_phase_at_origin,ABCD,selection,1,18,spectral_core,local_partition_rf,0,0.11,0,0.1
1354,2020-10,2020-06,4,0,True,0.0,master,valid_observed_phase_at_origin,ABCD,selection,1,2,spectral_core,local_partition_rf,0,0.09,0,0.07
1355,2020-10,2020-06,4,0,True,0.0,master,valid_observed_phase_at_origin,ABCD,selection,1,18,spectral_core,local_partition_rf,0,0.06,0,0.14
1356,2020-10,2020-06,4,0,True,0.0,master,valid_observed_phase_at_origin,ABCD,selection,1,18,spectral_core,local_partition_rf,0,0.09,0,0.2
1357,2020-10,2020-06,4,0,True,0.0,master,valid_observed_phase_at_origin,ABCD,selection,1,18,spectral_core,local_partition_rf,0,0.06,0,0.1
1358,2020-10,2020-06,4,0,True,0.0,master,valid_observed_phase_at_origin,ABCD,selection,1,2,spectral_core,local_partition_rf,0,0.2,0,0.14
1359,2020-10,2020-06,4,0,True,0.0,master,valid_observed_phase_at_origin,ABCD,selection,1,2,spectral_core,local_partition_rf,0,0.22,0,0.17
1360,2020-10,2020-06,4,0,True,0.0,master,valid_observed_phase_at_origin,ABCD,selection,1,18,spectral_core,local_partition_rf,0,0.05,0,0.14
1361,2020-10,2020-06,4,0,True,0.0,master,valid_observed_phase_at_origin,ABCD,selection,1,2,spectral_core,local_partition_rf,0,0.26,0,0.12
1362,2020-10,2020-06,4,0,True,0.0,master,valid_observed_phase_at_origin,ABCD,selection,1,18,spectral_core,local_partition_rf,0,0.08,0,0.06
1363,2020-10,2020-06,4,0,True,0.0,master,valid_observed_phase_at_origin,ABCD,selection,1,2,spectral_core,local_partition_rf,0,0.08,0,0.11
1364,2020-10,2020-06,4,1,True,1.0,master,valid_observed_phase_at_origin,ABCD,selection,1,18,spectral_core,local_partition_rf,1,0.57,1,0.7
1365,2020-10,2020-06,4,0,True,0.0,master,valid_observed_phase_at_origin,ABCD,selection,1,2,spectral_core,local_partition_rf,0,0.19,0,0.09
1366,2020-10,2020-06,4,0,True,1.0,master,valid_observed_phase_at_origin,ABCD,selection,1,2,spectral_core,local_partition_rf,0,0.37,0,0.5
1367,2020-10,2020-06,4,0,True,0.0,master,valid_observed_phase_at_origin,ABCD,selection,1,2,spectral_core,local_partition_rf,0,0.23,0,0.11
1368,2020-10,2020-06,4,0,True,1.0,master,valid_observed_phase_at_origin,ABCD,selection,1,2,spectral_core,local_partition_rf,0,0.46,0,0.48
1369,2020-10,2020-06,4,0,True,0.0,master,valid_observed_phase_at_origin,ABCD,selection,1,2,spectral_core,local_partition_rf,0,0.24,0,0.11
1370,2020-10,2020-06,4,0,True,0.0,master,valid_observed_phase_at_origin,ABCD,selection,1,2,spectral_core,local_partition_rf,0,0.2,0,0.12
1371,2020-10,2020-06,4,1,True,1.0,master,valid_observed_phase_at_origin,ABCD,selection,1,2,spectral_core,local_partition_rf,0,0.48,0,0.49
1372,2020-10,2020-06,4,0,True,0.0,master,valid_observed_phase_at_origin,ABCD,selection,1,18,spectral_core,local_partition_rf,0,0.04,0,0.09
1373,2020-10,2020-06,4,0,True,0.0,master,valid_observed_phase_at_origin,ABCD,selection,1,18,spectral_core,local_partition_rf,0,0.03,0,0.06
1374,2020-10,2020-06,4,0,True,0.0,master,valid_observed_phase_at_origin,ABCD,selection,1,18,spectral_core,local_partition_rf,0,0.04,0,0.13
1375,2020-10,2020-06,4,1,True,1.0,master,valid_observed_phase_at_origin,ABCD,selection,1,2,spectral_core,local_partition_rf,1,0.51,1,0.58
1376,2020-10,2020-06,4,0,True,0.0,master,valid_observed_phase_at_origin,ABCD,selection,1,2,spectral_core,local_partition_rf,0,0.11,0,0.06
1377,2020-10,2020-06,4,0,True,0.0,master,valid_observed_phase_at_origin,ABCD,selection,1,18,spectral_core,local_partition_rf,0,0.02,0,0.1
1378,2020-10,2020-06,4,0,True,0.0,master,valid_observed_phase_at_origin,ABCD,selection,1,2,spectral_core,local_partition_rf,0,0.21,0,0.14
1379,2020-10,2020-06,4,0,True,0.0,master,valid_observed_phase_at_origin,ABCD,selection,1,2,spectral_core,local_partition_rf,0,0.26,0,0.15
1380,2020-10,2020-06,4,0,True,0.0,master,valid_observed_phase_at_origin,ABCD,selection,1,2,spectral_core,local_partition_rf,0,0.27,0,0.14
1381,2020-10,2020-06,4,0,True,0.0,master,valid_observed_phase_at_origin,ABCD,selection,1,2,spectral_core,local_partition_rf,0,0.14,0,0.07
1382,2020-10,2020-06,4,1,True,1.0,master,valid_observed_phase_at_origin,ABCD,selection,1,2,spectral_core,local_partition_rf,1,0.54,1,0.58
1383,2020-10,2020-06,4,0,True,0.0,master,valid_observed_phase_at_origin,ABCD,selection,1,18,spectral_core,local_partition_rf,0,0.04,0,0.16
1384,2020-10,2020-06,4,0,True,0.0,master,valid_observed_phase_at_origin,ABCD,selection,1,2,spectral_core,local_partition_rf,0,0.16,0,0.12
1385,2020-10,2020-06,4,1,True,0.0,master,valid_observed_phase_at_origin,ABCD,selection,1,2,spectral_core,local_partition_rf,1,0.58,0,0.19
1386,2020-10,2020-06,4,0,True,1.0,master,valid_observed_phase_at_origin,ABCD,selection,1,2,spectral_core,local_partition_rf,0,0.49,1,0.52
1387,2020-10,2020-06,4,0,True,0.0,master,valid_observed_phase_at_origin,ABCD,selection,1,2,spectral_core,local_partition_rf,0,0.19,0,0.19
1388,2020-10,2020-06,4,0,True,0.0,master,valid_observed_phase_at_origin,ABCD,selection,1,2,spectral_core,local_partition_rf,0,0.19,0,0.16
1389,2020-10,2020-06,4,0,True,0.0,master,valid_observed_phase_at_origin,ABCD,selection,1,2,spectral_core,local_partition_rf,0,0.06,0,0.08
1390,2020-10,2020-06,4,0,True,1.0,master,valid_observed_phase_at_origin,ABCD,selection,1,18,spectral_core,local_partition_rf,0,0.4,0,0.49
1391,2020-10,2020-06,4,0,True,0.0,master,valid_observed_phase_at_origin,ABCD,selection,1,2,spectral_core,local_partition_rf,0,0.2,0,0.1
1392,2020-10,2020-06,4,0,True,0.0,master,valid_observed_phase_at_origin,ABCD,selection,1,18,spectral_core,local_partition_rf,0,0.08,0,0.13
1393,2020-10,2020-06,4,0,True,0.0,master,valid_observed_phase_at_origin,ABCD,selection,1,18,spectral_core,local_partition_rf,0,0.08,0,0.11
1394,2020-10,2020-06,4,0,True,0.0,master,valid_observed_phase_at_origin,ABCD,selection,1,18,spectral_core,local_partition_rf,0,0.03,0,0.09
1395,2020-10,2020-06,4,0,True,0.0,master,valid_observed_phase_at_origin,ABCD,selection,1,18,spectral_core,local_partition_rf,0,0.07,0,0.12
1396,2020-10,2020-06,4,1,True,1.0,master,valid_observed_phase_at_origin,ABCD,selection,1,2,spectral_core,local_partition_rf,0,0.38,0,0.45
1397,2020-10,2020-06,4,0,True,0.0,master,valid_observed_phase_at_origin,ABCD,selection,1,2,spectral_core,local_partition_rf,0,0.15,0,0.1
1398,2020-10,2020-06,4,0,True,0.0,master,valid_observed_phase_at_origin,ABCD,selection,1,18,spectral_core,local_partition_rf,0,0.03,0,0.08
1399,2020-10,2020-06,4,0,True,0.0,master,valid_observed_phase_at_origin,ABCD,selection,1,2,spectral_core,local_partition_rf,0,0.17,0,0.07
1400,2020-10,2020-06,4,0,True,0.0,master,valid_observed_phase_at_origin,ABCD,selection,1,18,spectral_core,local_partition_rf,0,0.05,0,0.09
1401,2020-10,2020-06,4,0,True,0.0,master,valid_observed_phase_at_origin,ABCD,selection,1,18,spectral_core,local_partition_rf,0,0.06,0,0.07
1402,2020-10,2020-06,4,0,True,0.0,master,valid_observed_phase_at_origin,ABCD,selection,1,18,spectral_core,local_partition_rf,0,0.04,0,0.09
1403,2020-10,2020-06,4,0,True,0.0,master,valid_observed_phase_at_origin,ABCD,selection,1,2,spectral_core,local_partition_rf,0,0.12,0,0.12
1404,2020-10,2020-06,4,0,True,0.0,master,valid_observed_phase_at_origin,ABCD,selection,1,18,spectral_core,local_partition_rf,0,0.04,0,0.07
1405,2020-10,2020-06,4,0,True,0.0,master,valid_observed_phase_at_origin,ABCD,selection,1,2,spectral_core,local_partition_rf,0,0.11,0,0.06
1406,2020-10,2020-06,4,0,True,0.0,master,valid_observed_phase_at_origin,ABCD,selection,1,2,spectral_core,local_partition_rf,0,0.11,0,0.08
1407,2020-10,2020-06,4,0,True,0.0,master,valid_observed_phase_at_origin,ABCD,selection,1,2,spectral_core,local_partition_rf,0,0.11,0,0.16
1408,2020-10,2020-06,4,0,True,0.0,master,valid_observed_phase_at_origin,ABCD,selection,1,2,spectral_core,local_partition_rf,0,0.18,0,0.15
1409,2020-10,2020-06,4,0,True,0.0,master,valid_observed_phase_at_origin,ABCD,selection,1,2,spectral_core,local_partition_rf,0,0.17,0,0.18
1410,2020-10,2020-06,4,0,True,0.0,master,valid_observed_phase_at_origin,ABCD,selection,1,2,spectral_core,local_partition_rf,0,0.11,0,0.11
1411,2020-10,2020-06,4,0,True,0.0,master,valid_observed_phase_at_origin,ABCD,selection,1,2,spectral_core,local_partition_rf,0,0.1,0,0.11
1412,2020-10,2020-06,4,0,True,0.0,master,valid_observed_phase_at_origin,ABCD,selection,1,18,spectral_core,local_partition_rf,0,0.05,0,0.12
1413,2020-10,2020-06,4,0,True,0.0,master,valid_observed_phase_at_origin,ABCD,selection,1,18,spectral_core,local_partition_rf,0,0.03,0,0.1
1414,2020-10,2020-06,4,0,True,0.0,master,valid_observed_phase_at_origin,ABCD,selection,1,2,spectral_core,local_partition_rf,1,0.63,0,0.2
1415,2020-10,2020-06,4,1,True,0.0,master,valid_observed_phase_at_origin,ABCD,selection,1,2,spectral_core,local_partition_rf,1,0.6,0,0.27
1416,2020-10,2020-06,4,1,True,0.0,master,valid_observed_phase_at_origin,ABCD,selection,1,2,spectral_core,local_partition_rf,1,0.59,0,0.27
1417,2020-10,2020-06,4,0,True,0.0,master,valid_observed_phase_at_origin,ABCD,selection,1,2,spectral_core,local_partition_rf,0,0.13,0,0.06
1418,2020-10,2020-06,4,0,True,0.0,master,valid_observed_phase_at_origin,ABCD,selection,1,2,spectral_core,local_partition_rf,0,0.17,0,0.08
1419,2020-10,2020-06,4,0,True,1.0,master,valid_observed_phase_at_origin,ABCD,selection,1,18,spectral_core,local_partition_rf,0,0.38,1,0.55
1420,2020-10,2020-06,4,0,True,0.0,master,valid_observed_phase_at_origin,ABCD,selection,1,18,spectral_core,local_partition_rf,0,0.09,0,0.15
1421,2020-10,2020-06,4,0,True,0.0,master,valid_observed_phase_at_origin,ABCD,selection,1,2,spectral_core,local_partition_rf,0,0.14,0,0.06
1422,2020-10,2020-06,4,0,True,0.0,master,valid_observed_phase_at_origin,ABCD,selection,1,2,spectral_core,local_partition_rf,0,0.17,0,0.13
1423,2020-10,2020-06,4,1,True,1.0,master,valid_observed_phase_at_origin,ABCD,selection,1,2,spectral_core,local_partition_rf,0,0.41,0,0.5
1424,2020-10,2020-06,4,0,True,1.0,master,valid_observed_phase_at_origin,ABCD,selection,1,18,spectral_core,local_partition_rf,0,0.3,1,0.51
1425,2020-10,2020-06,4,0,True,0.0,master,valid_observed_phase_at_origin,ABCD,selection,1,18,spectral_core,local_partition_rf,0,0.02,0,0.08
1426,2020-10,2020-06,4,0,True,0.0,master,valid_observed_phase_at_origin,ABCD,selection,1,2,spectral_core,local_partition_rf,0,0.29,0,0.19
1427,2020-10,2020-06,4,0,True,0.0,master,valid_observed_phase_at_origin,ABCD,selection,1,18,spectral_core,local_partition_rf,0,0.11,0,0.14
1428,2020-10,2020-06,4,0,True,0.0,master,valid_observed_phase_at_origin,ABCD,selection,1,2,spectral_core,local_partition_rf,0,0.25,0,0.12
1429,2020-10,2020-06,4,0,True,0.0,master,valid_observed_phase_at_origin,ABCD,selection,1,18,spectral_core,local_partition_rf,0,0.05,0,0.11
1430,2020-10,2020-06,4,0,True,0.0,master,valid_observed_phase_at_origin,ABCD,selection,1,18,spectral_core,local_partition_rf,0,0.05,0,0.1
1431,2020-10,2020-06,4,0,True,0.0,master,valid_observed_phase_at_origin,ABCD,selection,1,2,spectral_core,local_partition_rf,0,0.06,0,0.05
1432,2020-10,2020-06,4,0,True,0.0,master,valid_observed_phase_at_origin,ABCD,selection,1,18,spectral_core,local_partition_rf,0,0.07,0,0.07
1433,2020-10,2020-06,4,0,True,0.0,master,valid_observed_phase_at_origin,ABCD,selection,1,2,spectral_core,local_partition_rf,0,0.18,0,0.1
1434,2020-10,2020-06,4,0,True,1.0,master,valid_observed_phase_at_origin,ABCD,selection,1,2,spectral_core,local_partition_rf,0,0.48,1,0.54
1435,2020-10,2020-06,4,0,True,0.0,master,valid_observed_phase_at_origin,ABCD,selection,1,2,spectral_core,local_partition_rf,0,0.16,0,0.08
1436,2020-10,2020-06,4,0,True,1.0,master,valid_observed_phase_at_origin,ABCD,selection,1,2,spectral_core,local_partition_rf,0,0.45,1,0.53
1437,2020-10,2020-06,4,0,True,0.0,master,valid_observed_phase_at_origin,ABCD,selection,1,2,spectral_core,local_partition_rf,0,0.21,0,0.16
1438,2020-10,2020-06,4,0,True,0.0,master,valid_observed_phase_at_origin,ABCD,selection,1,2,spectral_core,local_partition_rf,0,0.21,0,0.13
1439,2020-10,2020-06,4,0,True,1.0,master,valid_observed_phase_at_origin,ABCD,selection,1,2,spectral_core,local_partition_rf,0,0.44,1,0.55
1440,2020-10,2020-06,4,0,True,0.0,master,valid_observed_phase_at_origin,ABCD,selection,1,18,spectral_core,local_partition_rf,0,0.07,0,0.07
1441,2020-10,2020-06,4,0,True,0.0,master,valid_observed_phase_at_origin,ABCD,selection,1,18,spectral_core,local_partition_rf,0,0.1,0,0.09
1442,2020-10,2020-06,4,1,True,0.0,master,valid_observed_phase_at_origin,ABCD,selection,1,2,spectral_core,local_partition_rf,1,0.65,0,0.24
1443,2020-10,2020-06,4,1,True,1.0,master,valid_observed_phase_at_origin,ABCD,selection,1,2,spectral_core,local_partition_rf,1,0.62,0,0.47
1444,2020-10,2020-06,4,0,True,0.0,master,valid_observed_phase_at_origin,ABCD,selection,1,2,spectral_core,local_partition_rf,0,0.2,0,0.05
1445,2020-10,2020-06,4,0,True,0.0,master,valid_observed_phase_at_origin,ABCD,selection,1,2,spectral_core,local_partition_rf,0,0.14,0,0.11
1446,2020-10,2020-06,4,0,True,0.0,master,valid_observed_phase_at_origin,ABCD,selection,1,2,spectral_core,local_partition_rf,0,0.19,0,0.2
1447,2020-10,2020-06,4,0,True,1.0,master,valid_observed_phase_at_origin,ABCD,selection,1,2,spectral_core,local_partition_rf,0,0.38,0,0.5
1448,2020-10,2020-06,4,0,True,0.0,master,valid_observed_phase_at_origin,ABCD,selection,1,18,spectral_core,local_partition_rf,0,0.08,0,0.14
1449,2020-10,2020-06,4,0,True,1.0,master,valid_observed_phase_at_origin,ABCD,selection,1,18,spectral_core,local_partition_rf,0,0.42,1,0.52
1450,2020-10,2020-06,4,0,True,0.0,master,valid_observed_phase_at_origin,ABCD,selection,1,2,spectral_core,local_partition_rf,0,0.11,0,0.08
1451,2020-10,2020-06,4,0,True,0.0,master,valid_observed_phase_at_origin,ABCD,selection,1,2,spectral_core,local_partition_rf,0,0.12,0,0.18
1452,2020-10,2020-06,4,0,True,0.0,master,valid_observed_phase_at_origin,ABCD,selection,1,2,spectral_core,local_partition_rf,0,0.14,0,0.12
1453,2020-10,2020-06,4,0,True,0.0,master,valid_observed_phase_at_origin,ABCD,selection,1,2,spectral_core,local_partition_rf,0,0.24,0,0.11
1454,2020-10,2020-06,4,0,True,0.0,master,valid_observed_phase_at_origin,ABCD,selection,1,2,spectral_core,local_partition_rf,0,0.19,0,0.18
1455,2020-10,2020-06,4,0,True,0.0,master,valid_observed_phase_at_origin,ABCD,selection,1,2,spectral_core,local_partition_rf,0,0.17,0,0.12
1456,2020-10,2020-06,4,0,True,0.0,master,valid_observed_phase_at_origin,ABCD,selection,1,2,spectral_core,local_partition_rf,0,0.12,0,0.08
1457,2020-10,2020-06,4,0,True,0.0,master,valid_observed_phase_at_origin,ABCD,selection,1,2,spectral_core,local_partition_rf,0,0.17,0,0.05
1458,2020-10,2020-06,4,0,True,0.0,master,valid_observed_phase_at_origin,ABCD,selection,1,2,spectral_core,local_partition_rf,0,0.2,0,0.12
1459,2020-10,2020-06,4,1,True,0.0,master,valid_observed_phase_at_origin,ABCD,selection,1,2,spectral_core,local_partition_rf,0,0.22,0,0.24
1460,2020-10,2020-06,4,1,True,0.0,master,valid_observed_phase_at_origin,ABCD,selection,1,2,spectral_core,local_partition_rf,0,0.24,0,0.17
1461,2020-10,2020-06,4,0,True,0.0,master,valid_observed_phase_at_origin,ABCD,selection,1,18,spectral_core,local_partition_rf,0,0.05,0,0.07
1462,2020-10,2020-06,4,0,True,0.0,master,valid_observed_phase_at_origin,ABCD,selection,1,2,spectral_core,local_partition_rf,0,0.14,0,0.12
1463,2020-10,2020-06,4,0,True,1.0,master,valid_observed_phase_at_origin,ABCD,selection,1,2,spectral_core,local_partition_rf,0,0.37,0,0.46
1464,2020-10,2020-06,4,0,True,0.0,master,valid_observed_phase_at_origin,ABCD,selection,1,2,spectral_core,local_partition_rf,0,0.17,0,0.19
1465,2020-10,2020-06,4,0,True,0.0,master,valid_observed_phase_at_origin,ABCD,selection,1,2,spectral_core,local_partition_rf,0,0.13,0,0.16
1466,2020-10,2020-06,4,0,True,0.0,master,valid_observed_phase_at_origin,ABCD,selection,1,2,spectral_core,local_partition_rf,0,0.19,0,0.12
1467,2020-10,2020-06,4,0,True,0.0,master,valid_observed_phase_at_origin,ABCD,selection,1,2,spectral_core,local_partition_rf,0,0.17,0,0.09
1468,2020-10,2020-06,4,0,True,1.0,master,valid_observed_phase_at_origin,ABCD,selection,1,2,spectral_core,local_partition_rf,1,0.51,1,0.52
1469,2020-10,2020-06,4,0,True,0.0,master,valid_observed_phase_at_origin,ABCD,selection,1,2,spectral_core,local_partition_rf,0,0.12,0,0.09
1470,2020-10,2020-06,4,0,True,0.0,master,valid_observed_phase_at_origin,ABCD,selection,1,2,spectral_core,local_partition_rf,0,0.12,0,0.11
1471,2020-10,2020-06,4,0,True,0.0,master,valid_observed_phase_at_origin,ABCD,selection,1,2,spectral_core,local_partition_rf,0,0.13,0,0.07
1472,2020-10,2020-06,4,0,True,0.0,master,valid_observed_phase_at_origin,ABCD,selection,1,2,spectral_core,local_partition_rf,0,0.13,0,0.12
1473,2020-10,2020-06,4,0,True,1.0,master,valid_observed_phase_at_origin,ABCD,selection,1,18,spectral_core,local_partition_rf,0,0.33,0,0.49
1474,2020-10,2020-06,4,0,True,0.0,master,valid_observed_phase_at_origin,ABCD,selection,1,18,spectral_core,local_partition_rf,0,0.06,0,0.05
1475,2020-10,2020-06,4,0,True,0.0,master,valid_observed_phase_at_origin,ABCD,selection,1,18,spectral_core,local_partition_rf,0,0.08,0,0.1
1476,2020-10,2020-06,4,1,True,1.0,master,valid_observed_phase_at_origin,ABCD,selection,1,2,spectral_core,local_partition_rf,1,0.55,0,0.5
1477,2020-10,2020-06,4,0,True,1.0,master,valid_observed_phase_at_origin,ABCD,selection,1,18,spectral_core,local_partition_rf,0,0.38,0,0.46
1478,2020-10,2020-06,4,0,True,0.0,master,valid_observed_phase_at_origin,ABCD,selection,1,18,spectral_core,local_partition_rf,0,0.07,0,0.14
1479,2020-10,2020-06,4,0,True,1.0,master,valid_observed_phase_at_origin,ABCD,selection,1,18,spectral_core,local_partition_rf,0,0.36,0,0.48
1480,2020-10,2020-06,4,0,True,0.0,master,valid_observed_phase_at_origin,ABCD,selection,1,2,spectral_core,local_partition_rf,0,0.19,0,0.17
1481,2020-10,2020-06,4,0,True,0.0,master,valid_observed_phase_at_origin,ABCD,selection,1,18,spectral_core,local_partition_rf,0,0.12,0,0.19
1482,2020-10,2020-06,4,0,True,0.0,master,valid_observed_phase_at_origin,ABCD,selection,1,2,spectral_core,local_partition_rf,0,0.09,0,0.07
1483,2020-10,2020-06,4,0,True,0.0,master,valid_observed_phase_at_origin,ABCD,selection,1,2,spectral_core,local_partition_rf,0,0.07,0,0.05
1484,2020-10,2020-06,4,1,True,1.0,master,valid_observed_phase_at_origin,ABCD,selection,1,2,spectral_core,local_partition_rf,0,0.46,0,0.46
1485,2020-10,2020-06,4,1,True,0.0,master,valid_observed_phase_at_origin,ABCD,selection,1,2,spectral_core,local_partition_rf,0,0.17,0,0.23
1486,2020-10,2020-06,4,1,True,0.0,master,valid_observed_phase_at_origin,ABCD,selection,1,2,spectral_core,local_partition_rf,0,0.22,0,0.18
1487,2020-10,2020-06,4,1,True,1.0,master,valid_observed_phase_at_origin,ABCD,selection,1,2,spectral_core,local_partition_rf,0,0.36,1,0.52
1488,2020-10,2020-06,4,0,True,1.0,master,valid_observed_phase_at_origin,ABCD,selection,1,2,spectral_core,local_partition_rf,0,0.38,0,0.48
1489,2020-10,2020-06,4,1,True,1.0,master,valid_observed_phase_at_origin,ABCD,selection,1,2,spectral_core,local_partition_rf,0,0.45,0,0.46
1490,2020-10,2020-06,4,0,True,1.0,master,valid_observed_phase_at_origin,ABCD,selection,1,18,spectral_core,local_partition_rf,0,0.33,0,0.44
1491,2020-10,2020-06,4,0,True,0.0,master,valid_observed_phase_at_origin,ABCD,selection,1,18,spectral_core,local_partition_rf,0,0.05,0,0.11
1492,2020-10,2020-06,4,0,True,0.0,master,valid_observed_phase_at_origin,ABCD,selection,1,2,spectral_core,local_partition_rf,0,0.14,0,0.12
1493,2020-10,2020-06,4,0,True,0.0,master,valid_observed_phase_at_origin,ABCD,selection,1,18,spectral_core,local_partition_rf,0,0.1,0,0.1
1494,2020-10,2020-06,4,0,True,0.0,master,valid_observed_phase_at_origin,ABCD,selection,1,18,spectral_core,local_partition_rf,0,0.05,0,0.07
1495,2020-10,2020-06,4,0,True,0.0,master,valid_observed_phase_at_origin,ABCD,selection,1,18,spectral_core,local_partition_rf,0,0.07,0,0.15
1496,2020-10,2020-06,4,0,True,0.0,master,valid_observed_phase_at_origin,ABCD,selection,1,18,spectral_core,local_partition_rf,0,0.07,0,0.11
1497,2020-10,2020-06,4,0,True,1.0,master,valid_observed_phase_at_origin,ABCD,selection,1,18,spectral_core,local_partition_rf,0,0.29,1,0.52
1498,2020-10,2020-06,4,0,True,0.0,master,valid_observed_phase_at_origin,ABCD,selection,1,2,spectral_core,local_partition_rf,0,0.09,0,0.04
1499,2020-10,2020-06,4,0,True,0.0,master,valid_observed_phase_at_origin,ABCD,selection,1,18,spectral_core,local_partition_rf,0,0.13,0,0.16
1500,2020-10,2020-06,4,0,True,0.0,master,valid_observed_phase_at_origin,ABCD,selection,1,18,spectral_core,local_partition_rf,0,0.08,0,0.07
1501,2020-10,2020-06,4,0,True,0.0,master,valid_observed_phase_at_origin,ABCD,selection,1,2,spectral_core,local_partition_rf,0,0.07,0,0.06
1502,2020-10,2020-06,4,0,True,0.0,master,valid_observed_phase_at_origin,ABCD,selection,1,2,spectral_core,local_partition_rf,0,0.09,0,0.07
1503,2020-10,2020-06,4,0,True,0.0,master,valid_observed_phase_at_origin,ABCD,selection,1,2,spectral_core,local_partition_rf,0,0.22,0,0.1
1504,2020-10,2020-06,4,0,True,0.0,master,valid_observed_phase_at_origin,ABCD,selection,1,18,spectral_core,local_partition_rf,0,0.12,0,0.13
1505,2020-10,2020-06,4,1,True,1.0,master,valid_observed_phase_at_origin,ABCD,selection,1,18,spectral_core,local_partition_rf,0,0.44,1,0.6
1506,2020-10,2020-06,4,0,True,0.0,master,valid_observed_phase_at_origin,ABCD,selection,1,2,spectral_core,local_partition_rf,0,0.25,0,0.11
1507,2020-10,2020-06,4,0,True,0.0,master,valid_observed_phase_at_origin,ABCD,selection,1,2,spectral_core,local_partition_rf,0,0.2,0,0.16
1508,2020-10,2020-06,4,0,True,1.0,master,valid_observed_phase_at_origin,ABCD,selection,1,18,spectral_core,local_partition_rf,0,0.45,1,0.62
1509,2020-10,2020-06,4,0,True,0.0,master,valid_observed_phase_at_origin,ABCD,selection,1,2,spectral_core,local_partition_rf,0,0.25,0,0.23
1510,2020-10,2020-06,4,0,True,0.0,master,valid_observed_phase_at_origin,ABCD,selection,1,2,spectral_core,local_partition_rf,0,0.07,0,0.06
1511,2020-10,2020-06,4,0,True,0.0,master,valid_observed_phase_at_origin,ABCD,selection,1,2,spectral_core,local_partition_rf,0,0.24,0,0.18
1512,2020-10,2020-06,4,0,True,0.0,master,valid_observed_phase_at_origin,ABCD,selection,1,18,spectral_core,local_partition_rf,0,0.03,0,0.08
1513,2020-10,2020-06,4,0,True,0.0,master,valid_observed_phase_at_origin,ABCD,selection,1,18,spectral_core,local_partition_rf,0,0.06,0,0.09
1514,2020-10,2020-06,4,0,True,0.0,master,valid_observed_phase_at_origin,ABCD,selection,1,2,spectral_core,local_partition_rf,0,0.2,0,0.1
1515,2020-10,2020-06,4,1,True,1.0,master,valid_observed_phase_at_origin,ABCD,selection,1,2,spectral_core,local_partition_rf,0,0.36,0,0.47
1516,2020-10,2020-06,4,1,True,1.0,master,valid_observed_phase_at_origin,ABCD,selection,1,2,spectral_core,local_partition_rf,0,0.41,1,0.55
1517,2020-10,2020-06,4,0,True,0.0,master,valid_observed_phase_at_origin,ABCD,selection,1,2,spectral_core,local_partition_rf,0,0.17,0,0.14
1518,2020-10,2020-06,4,1,True,1.0,master,valid_observed_phase_at_origin,ABCD,selection,1,2,spectral_core,local_partition_rf,0,0.45,0,0.48
1519,2020-10,2020-06,4,1,True,1.0,master,valid_observed_phase_at_origin,ABCD,selection,1,2,spectral_core,local_partition_rf,0,0.41,0,0.48
1520,2020-10,2020-06,4,0,True,0.0,master,valid_observed_phase_at_origin,ABCD,selection,1,18,spectral_core,local_partition_rf,0,0.05,0,0.09
1521,2020-10,2020-06,4,0,True,0.0,master,valid_observed_phase_at_origin,ABCD,selection,1,18,spectral_core,local_partition_rf,0,0.05,0,0.05
1522,2020-10,2020-06,4,0,True,1.0,master,valid_observed_phase_at_origin,ABCD,selection,1,18,spectral_core,local_partition_rf,0,0.31,0,0.44
1523,2020-10,2020-06,4,0,True,0.0,master,valid_observed_phase_at_origin,ABCD,selection,1,2,spectral_core,local_partition_rf,0,0.27,0,0.22
1524,2020-10,2020-06,4,0,True,0.0,master,valid_observed_phase_at_origin,ABCD,selection,1,2,spectral_core,local_partition_rf,0,0.17,0,0.11
1525,2020-10,2020-06,4,0,True,1.0,master,valid_observed_phase_at_origin,ABCD,selection,1,2,spectral_core,local_partition_rf,0,0.47,1,0.57
1526,2020-10,2020-06,4,0,True,0.0,master,valid_observed_phase_at_origin,ABCD,selection,1,18,spectral_core,local_partition_rf,0,0.06,0,0.09
1527,2020-10,2020-06,4,1,True,1.0,master,valid_observed_phase_at_origin,ABCD,selection,1,2,spectral_core,local_partition_rf,0,0.34,1,0.56
1528,2020-10,2020-06,4,1,True,1.0,master,valid_observed_phase_at_origin,ABCD,selection,1,2,spectral_core,local_partition_rf,0,0.39,1,0.54
1529,2020-10,2020-06,4,0,True,0.0,master,valid_observed_phase_at_origin,ABCD,selection,1,18,spectral_core,local_partition_rf,0,0.06,0,0.11
1530,2020-10,2020-06,4,0,True,0.0,master,valid_observed_phase_at_origin,ABCD,selection,1,18,spectral_core,local_partition_rf,0,0.06,0,0.09
1531,2020-10,2020-06,4,0,True,0.0,master,valid_observed_phase_at_origin,ABCD,selection,1,18,spectral_core,local_partition_rf,0,0.06,0,0.08
1532,2020-10,2020-06,4,0,True,0.0,master,valid_observed_phase_at_origin,ABCD,selection,1,18,spectral_core,local_partition_rf,0,0.15,0,0.19
1533,2020-10,2020-06,4,1,True,1.0,master,valid_observed_phase_at_origin,ABCD,selection,1,2,spectral_core,local_partition_rf,1,0.61,0,0.5
1534,2020-10,2020-06,4,0,True,1.0,master,valid_observed_phase_at_origin,ABCD,selection,1,2,spectral_core,local_partition_rf,0,0.45,1,0.61
1535,2020-10,2020-06,4,0,True,0.0,master,valid_observed_phase_at_origin,ABCD,selection,1,2,spectral_core,local_partition_rf,0,0.1,0,0.06
1536,2020-10,2020-06,4,1,True,1.0,master,valid_observed_phase_at_origin,ABCD,selection,1,2,spectral_core,local_partition_rf,1,0.53,1,0.54
1537,2020-10,2020-06,4,0,True,0.0,master,valid_observed_phase_at_origin,ABCD,selection,1,18,spectral_core,local_partition_rf,0,0.05,0,0.08
1538,2020-10,2020-06,4,0,True,0.0,master,valid_observed_phase_at_origin,ABCD,selection,1,18,spectral_core,local_partition_rf,0,0.1,0,0.16
1539,2020-10,2020-06,4,0,True,0.0,master,valid_observed_phase_at_origin,ABCD,selection,1,18,spectral_core,local_partition_rf,0,0.11,0,0.07
1540,2020-10,2020-06,4,0,True,0.0,master,valid_observed_phase_at_origin,ABCD,selection,1,2,spectral_core,local_partition_rf,0,0.11,0,0.08
1541,2020-10,2020-06,4,0,True,0.0,master,valid_observed_phase_at_origin,ABCD,selection,1,2,spectral_core,local_partition_rf,0,0.09,0,0.06
1542,2020-10,2020-06,4,0,True,0.0,master,valid_observed_phase_at_origin,ABCD,selection,1,2,spectral_core,local_partition_rf,0,0.12,0,0.11
1543,2020-10,2020-06,4,0,True,0.0,master,valid_observed_phase_at_origin,ABCD,selection,1,2,spectral_core,local_partition_rf,0,0.3,0,0.19
1544,2020-10,2020-06,4,0,True,0.0,master,valid_observed_phase_at_origin,ABCD,selection,1,2,spectral_core,local_partition_rf,0,0.26,0,0.21
1545,2020-10,2020-06,4,0,True,0.0,master,valid_observed_phase_at_origin,ABCD,selection,1,2,spectral_core,local_partition_rf,0,0.13,0,0.13
1546,2020-10,2020-06,4,0,True,0.0,master,valid_observed_phase_at_origin,ABCD,selection,1,2,spectral_core,local_partition_rf,0,0.1,0,0.05
1547,2020-10,2020-06,4,0,True,0.0,master,valid_observed_phase_at_origin,ABCD,selection,1,2,spectral_core,local_partition_rf,0,0.29,0,0.19
1548,2020-10,2020-06,4,0,True,0.0,master,valid_observed_phase_at_origin,ABCD,selection,1,2,spectral_core,local_partition_rf,0,0.17,0,0.11
1549,2020-10,2020-06,4,0,True,0.0,master,valid_observed_phase_at_origin,ABCD,selection,1,2,spectral_core,local_partition_rf,0,0.14,0,0.11
1550,2020-10,2020-06,4,0,True,0.0,master,valid_observed_phase_at_origin,ABCD,selection,1,18,spectral_core,local_partition_rf,0,0.06,0,0.09
1551,2020-10,2020-06,4,0,True,0.0,master,valid_observed_phase_at_origin,ABCD,selection,1,2,spectral_core,local_partition_rf,0,0.12,0,0.14
1552,2020-10,2020-06,4,0,True,0.0,master,valid_observed_phase_at_origin,ABCD,selection,1,2,spectral_core,local_partition_rf,0,0.14,0,0.09
1553,2020-10,2020-06,4,0,True,0.0,master,valid_observed_phase_at_origin,ABCD,selection,1,18,spectral_core,local_partition_rf,0,0.07,0,0.11
1554,2020-10,2020-06,4,0,True,0.0,master,valid_observed_phase_at_origin,ABCD,selection,1,2,spectral_core,local_partition_rf,0,0.12,0,0.19
1555,2020-10,2020-06,4,0,True,0.0,master,valid_observed_phase_at_origin,ABCD,selection,1,2,spectral_core,local_partition_rf,0,0.14,0,0.06
1556,2020-10,2020-06,4,0,True,1.0,master,valid_observed_phase_at_origin,ABCD,selection,1,2,spectral_core,local_partition_rf,0,0.47,1,0.51
1557,2020-10,2020-06,4,0,True,0.0,master,valid_observed_phase_at_origin,ABCD,selection,1,2,spectral_core,local_partition_rf,0,0.15,0,0.08
1558,2020-10,2020-06,4,0,True,0.0,master,valid_observed_phase_at_origin,ABCD,selection,1,2,spectral_core,local_partition_rf,0,0.17,0,0.14
1559,2020-10,2020-06,4,0,True,0.0,master,valid_observed_phase_at_origin,ABCD,selection,1,2,spectral_core,local_partition_rf,0,0.08,0,0.05
1560,2020-10,2020-06,4,0,True,0.0,master,valid_observed_phase_at_origin,ABCD,selection,1,2,spectral_core,local_partition_rf,0,0.16,0,0.19
1561,2020-10,2020-06,4,0,True,0.0,master,valid_observed_phase_at_origin,ABCD,selection,1,2,spectral_core,local_partition_rf,0,0.1,0,0.08
1562,2020-10,2020-06,4,0,True,0.0,master,valid_observed_phase_at_origin,ABCD,selection,1,2,spectral_core,local_partition_rf,0,0.22,0,0.15
1563,2020-10,2020-06,4,0,True,0.0,master,valid_observed_phase_at_origin,ABCD,selection,1,2,spectral_core,local_partition_rf,0,0.12,0,0.09
1564,2020-10,2020-06,4,0,True,0.0,master,valid_observed_phase_at_origin,ABCD,selection,1,18,spectral_core,local_partition_rf,0,0.05,0,0.06
1565,2020-10,2020-06,4,0,True,0.0,master,valid_observed_phase_at_origin,ABCD,selection,1,18,spectral_core,local_partition_rf,0,0.03,0,0.13
1566,2020-10,2020-06,4,0,True,0.0,master,valid_observed_phase_at_origin,ABCD,selection,1,18,spectral_core,local_partition_rf,0,0.08,0,0.07
1567,2020-10,2020-06,4,0,True,0.0,master,valid_observed_phase_at_origin,ABCD,selection,1,2,spectral_core,local_partition_rf,0,0.13,0,0.1
1568,2020-10,2020-06,4,0,True,0.0,master,valid_observed_phase_at_origin,ABCD,selection,1,2,spectral_core,local_partition_rf,0,0.14,0,0.08
1569,2020-10,2020-06,4,0,True,0.0,master,valid_observed_phase_at_origin,ABCD,selection,1,11,spectral_core,local_partition_rf,0,0.14,0,0.1
1570,2020-10,2020-06,4,0,True,0.0,master,valid_observed_phase_at_origin,ABCD,selection,1,18,spectral_core,local_partition_rf,0,0.09,0,0.09
1571,2020-10,2020-06,4,0,True,0.0,master,valid_observed_phase_at_origin,ABCD,selection,1,18,spectral_core,local_partition_rf,0,0.06,0,0.16
1572,2020-10,2020-06,4,0,True,0.0,master,valid_observed_phase_at_origin,ABCD,selection,1,2,spectral_core,local_partition_rf,0,0.12,0,0.1
1573,2020-10,2020-06,4,0,True,0.0,master,valid_observed_phase_at_origin,ABCD,selection,1,2,spectral_core,local_partition_rf,0,0.08,0,0.05
1574,2020-10,2020-06,4,0,True,1.0,master,valid_observed_phase_at_origin,ABCD,selection,1,2,spectral_core,local_partition_rf,0,0.33,0,0.46
1575,2020-10,2020-06,4,0,True,0.0,master,valid_observed_phase_at_origin,ABCD,selection,1,2,spectral_core,local_partition_rf,0,0.12,0,0.07
1576,2020-10,2020-06,4,0,True,0.0,master,valid_observed_phase_at_origin,ABCD,selection,1,2,spectral_core,local_partition_rf,0,0.21,0,0.11
1577,2020-10,2020-06,4,0,True,0.0,master,valid_observed_phase_at_origin,ABCD,selection,1,2,spectral_core,local_partition_rf,0,0.2,0,0.13
1578,2020-10,2020-06,4,0,True,0.0,master,valid_observed_phase_at_origin,ABCD,selection,1,2,spectral_core,local_partition_rf,0,0.25,0,0.14
1579,2020-10,2020-06,4,0,True,0.0,master,valid_observed_phase_at_origin,ABCD,selection,1,2,spectral_core,local_partition_rf,0,0.22,0,0.17
1580,2020-10,2020-06,4,0,True,0.0,master,valid_observed_phase_at_origin,ABCD,selection,1,2,spectral_core,local_partition_rf,0,0.14,0,0.08
1581,2020-10,2020-06,4,0,True,0.0,master,valid_observed_phase_at_origin,ABCD,selection,1,2,spectral_core,local_partition_rf,0,0.16,0,0.08
1582,2020-10,2020-06,4,0,True,0.0,master,valid_observed_phase_at_origin,ABCD,selection,1,2,spectral_core,local_partition_rf,0,0.13,0,0.08
1583,2020-10,2020-06,4,0,True,0.0,master,valid_observed_phase_at_origin,ABCD,selection,1,2,spectral_core,local_partition_rf,0,0.15,0,0.07
1584,2020-10,2020-06,4,0,True,0.0,master,valid_observed_phase_at_origin,ABCD,selection,1,2,spectral_core,local_partition_rf,0,0.15,0,0.09
1585,2020-10,2020-06,4,1,True,1.0,master,valid_observed_phase_at_origin,ABCD,selection,1,2,spectral_core,local_partition_rf,0,0.41,0,0.49
1586,2020-10,2020-06,4,0,True,1.0,master,valid_observed_phase_at_origin,ABCD,selection,1,2,spectral_core,local_partition_rf,0,0.42,0,0.49
1587,2020-10,2020-06,4,1,True,0.0,master,valid_observed_phase_at_origin,ABCD,selection,1,2,spectral_core,local_partition_rf,0,0.23,0,0.27
1588,2020-10,2020-06,4,0,True,0.0,master,valid_observed_phase_at_origin,ABCD,selection,1,18,spectral_core,local_partition_rf,0,0.03,0,0.08
1589,2020-10,2020-06,4,1,True,0.0,master,valid_observed_phase_at_origin,ABCD,selection,1,2,spectral_core,local_partition_rf,0,0.3,0,0.28
1590,2020-10,2020-06,4,0,True,1.0,master,valid_observed_phase_at_origin,ABCD,selection,1,2,spectral_core,local_partition_rf,0,0.42,1,0.54
1591,2020-10,2020-06,4,0,True,0.0,master,valid_observed_phase_at_origin,ABCD,selection,1,2,spectral_core,local_partition_rf,0,0.18,0,0.11
1592,2020-10,2020-06,4,0,True,0.0,master,valid_observed_phase_at_origin,ABCD,selection,1,2,spectral_core,local_partition_rf,0,0.2,0,0.1
1593,2020-10,2020-06,4,1,True,1.0,master,valid_observed_phase_at_origin,ABCD,selection,1,2,spectral_core,local_partition_rf,0,0.39,0,0.4
1594,2020-10,2020-06,4,0,True,0.0,master,valid_observed_phase_at_origin,ABCD,selection,1,2,spectral_core,local_partition_rf,0,0.12,0,0.09
1595,2020-10,2020-06,4,0,True,0.0,master,valid_observed_phase_at_origin,ABCD,selection,1,2,spectral_core,local_partition_rf,0,0.14,0,0.09
1596,2020-10,2020-06,4,0,True,1.0,master,valid_observed_phase_at_origin,ABCD,selection,1,2,spectral_core,local_partition_rf,0,0.36,1,0.56
1597,2020-10,2020-06,4,0,True,0.0,master,valid_observed_phase_at_origin,ABCD,selection,1,18,spectral_core,local_partition_rf,0,0.08,0,0.14
1598,2020-10,2020-06,4,0,True,0.0,master,valid_observed_phase_at_origin,ABCD,selection,1,18,spectral_core,local_partition_rf,0,0.08,0,0.07
1599,2020-10,2020-06,4,0,True,0.0,master,valid_observed_phase_at_origin,ABCD,selection,1,18,spectral_core,local_partition_rf,0,0.07,0,0.08
1600,2020-10,2020-06,4,0,True,0.0,master,valid_observed_phase_at_origin,ABCD,selection,1,18,spectral_core,local_partition_rf,0,0.08,0,0.11
1601,2020-10,2020-06,4,0,True,1.0,master,valid_observed_phase_at_origin,ABCD,selection,1,2,spectral_core,local_partition_rf,0,0.39,0,0.46
1602,2020-10,2020-06,4,0,True,0.0,master,valid_observed_phase_at_origin,ABCD,selection,1,2,spectral_core,local_partition_rf,0,0.18,0,0.15
1603,2020-10,2020-06,4,0,True,0.0,master,valid_observed_phase_at_origin,ABCD,selection,1,2,spectral_core,local_partition_rf,0,0.14,0,0.09
1604,2020-10,2020-06,4,0,True,0.0,master,valid_observed_phase_at_origin,ABCD,selection,1,2,spectral_core,local_partition_rf,0,0.12,0,0.12
1605,2020-10,2020-06,4,1,True,1.0,master,valid_observed_phase_at_origin,ABCD,selection,1,2,spectral_core,local_partition_rf,0,0.42,1,0.51
1606,2020-10,2020-06,4,0,True,0.0,master,valid_observed_phase_at_origin,ABCD,selection,1,2,spectral_core,local_partition_rf,0,0.17,0,0.12
1607,2020-10,2020-06,4,0,True,0.0,master,valid_observed_phase_at_origin,ABCD,selection,1,2,spectral_core,local_partition_rf,0,0.25,0,0.12
1608,2020-10,2020-06,4,0,True,0.0,master,valid_observed_phase_at_origin,ABCD,selection,1,2,spectral_core,local_partition_rf,0,0.11,0,0.05
1609,2020-10,2020-06,4,0,True,1.0,master,valid_observed_phase_at_origin,ABCD,selection,1,2,spectral_core,local_partition_rf,0,0.38,1,0.53
1610,2020-10,2020-06,4,0,True,0.0,master,valid_observed_phase_at_origin,ABCD,selection,1,18,spectral_core,local_partition_rf,0,0.04,0,0.06
1611,2020-10,2020-06,4,0,True,0.0,master,valid_observed_phase_at_origin,ABCD,selection,1,18,spectral_core,local_partition_rf,0,0.04,0,0.12
1612,2020-10,2020-06,4,0,True,0.0,master,valid_observed_phase_at_origin,ABCD,selection,1,18,spectral_core,local_partition_rf,0,0.06,0,0.1
1613,2020-10,2020-06,4,0,True,0.0,master,valid_observed_phase_at_origin,ABCD,selection,1,18,spectral_core,local_partition_rf,0,0.06,0,0.06
1614,2020-10,2020-06,4,0,True,1.0,master,valid_observed_phase_at_origin,ABCD,selection,1,2,spectral_core,local_partition_rf,0,0.36,0,0.5
1615,2020-10,2020-06,4,0,True,0.0,master,valid_observed_phase_at_origin,ABCD,selection,1,18,spectral_core,local_partition_rf,0,0.04,0,0.13
1616,2020-10,2020-06,4,0,True,0.0,master,valid_observed_phase_at_origin,ABCD,selection,1,2,spectral_core,local_partition_rf,0,0.09,0,0.07
1617,2020-10,2020-06,4,0,True,0.0,master,valid_observed_phase_at_origin,ABCD,selection,1,2,spectral_core,local_partition_rf,0,0.14,0,0.08
1618,2020-10,2020-06,4,0,True,1.0,master,valid_observed_phase_at_origin,ABCD,selection,1,18,spectral_core,local_partition_rf,0,0.29,1,0.52
1619,2020-10,2020-06,4,0,True,0.0,master,valid_observed_phase_at_origin,ABCD,selection,1,18,spectral_core,local_partition_rf,0,0.06,0,0.11
1620,2020-10,2020-06,4,0,True,0.0,master,valid_observed_phase_at_origin,ABCD,selection,1,18,spectral_core,local_partition_rf,0,0.16,0,0.23
1621,2020-10,2020-06,4,0,True,0.0,master,valid_observed_phase_at_origin,ABCD,selection,1,2,spectral_core,local_partition_rf,0,0.11,0,0.1
1622,2020-10,2020-06,4,1,True,1.0,master,valid_observed_phase_at_origin,ABCD,selection,1,2,spectral_core,local_partition_rf,0,0.37,0,0.41
1623,2020-10,2020-06,4,0,True,0.0,master,valid_observed_phase_at_origin,ABCD,selection,1,2,spectral_core,local_partition_rf,0,0.09,0,0.08
1624,2020-10,2020-06,4,0,True,1.0,master,valid_observed_phase_at_origin,ABCD,selection,1,2,spectral_core,local_partition_rf,0,0.33,1,0.54
1625,2020-10,2020-06,4,0,True,0.0,master,valid_observed_phase_at_origin,ABCD,selection,1,2,spectral_core,local_partition_rf,0,0.18,0,0.07
1626,2020-10,2020-06,4,0,True,0.0,master,valid_observed_phase_at_origin,ABCD,selection,1,18,spectral_core,local_partition_rf,0,0.09,0,0.13
1627,2020-10,2020-06,4,1,True,0.0,master,valid_observed_phase_at_origin,ABCD,selection,1,2,spectral_core,local_partition_rf,1,0.64,0,0.22
1628,2020-10,2020-06,4,0,True,0.0,master,valid_observed_phase_at_origin,ABCD,selection,1,2,spectral_core,local_partition_rf,0,0.2,0,0.13
1629,2020-10,2020-06,4,0,True,0.0,master,valid_observed_phase_at_origin,ABCD,selection,1,2,spectral_core,local_partition_rf,0,0.22,0,0.18
1630,2020-10,2020-06,4,1,True,1.0,master,valid_observed_phase_at_origin,ABCD,selection,1,2,spectral_core,local_partition_rf,0,0.38,0,0.46
1631,2020-10,2020-06,4,0,True,0.0,master,valid_observed_phase_at_origin,ABCD,selection,1,2,spectral_core,local_partition_rf,0,0.16,0,0.08
1632,2020-10,2020-06,4,0,True,1.0,master,valid_observed_phase_at_origin,ABCD,selection,1,2,spectral_core,local_partition_rf,0,0.37,0,0.43
1633,2020-10,2020-06,4,0,True,1.0,master,valid_observed_phase_at_origin,ABCD,selection,1,2,spectral_core,local_partition_rf,0,0.35,0,0.45
1634,2020-10,2020-06,4,0,True,0.0,master,valid_observed_phase_at_origin,ABCD,selection,1,18,spectral_core,local_partition_rf,0,0.06,0,0.07
1635,2020-10,2020-06,4,0,True,0.0,master,valid_observed_phase_at_origin,ABCD,selection,1,18,spectral_core,local_partition_rf,0,0.03,0,0.11
1636,2020-10,2020-06,4,1,True,1.0,master,valid_observed_phase_at_origin,ABCD,selection,1,2,spectral_core,local_partition_rf,0,0.39,0,0.41
1637,2020-10,2020-06,4,0,True,0.0,master,valid_observed_phase_at_origin,ABCD,selection,1,2,spectral_core,local_partition_rf,0,0.2,0,0.15
1638,2020-10,2020-06,4,0,True,0.0,master,valid_observed_phase_at_origin,ABCD,selection,1,2,spectral_core,local_partition_rf,0,0.17,0,0.16
1639,2020-10,2020-06,4,0,True,0.0,master,valid_observed_phase_at_origin,ABCD,selection,1,2,spectral_core,local_partition_rf,0,0.18,0,0.14
1640,2020-10,2020-06,4,0,True,0.0,master,valid_observed_phase_at_origin,ABCD,selection,1,2,spectral_core,local_partition_rf,0,0.29,0,0.16
1641,2020-10,2020-06,4,0,True,0.0,master,valid_observed_phase_at_origin,ABCD,selection,1,2,spectral_core,local_partition_rf,0,0.16,0,0.14
1642,2020-10,2020-06,4,0,True,0.0,master,valid_observed_phase_at_origin,ABCD,selection,1,2,spectral_core,local_partition_rf,0,0.13,0,0.12
1643,2020-10,2020-06,4,0,True,0.0,master,valid_observed_phase_at_origin,ABCD,selection,1,2,spectral_core,local_partition_rf,0,0.18,0,0.07
1644,2020-10,2020-06,4,0,True,1.0,master,valid_observed_phase_at_origin,ABCD,selection,1,18,spectral_core,local_partition_rf,0,0.36,0,0.46
1645,2020-10,2020-06,4,0,True,0.0,master,valid_observed_phase_at_origin,ABCD,selection,1,18,spectral_core,local_partition_rf,0,0.09,0,0.12
1646,2020-10,2020-06,4,0,True,0.0,master,valid_observed_phase_at_origin,ABCD,selection,1,2,spectral_core,local_partition_rf,0,0.19,0,0.12
1647,2020-10,2020-06,4,0,True,0.0,master,valid_observed_phase_at_origin,ABCD,selection,1,18,spectral_core,local_partition_rf,0,0.06,0,0.09
1648,2020-10,2020-06,4,0,True,0.0,master,valid_observed_phase_at_origin,ABCD,selection,1,2,spectral_core,local_partition_rf,0,0.19,0,0.11
1649,2020-10,2020-06,4,1,True,1.0,master,valid_observed_phase_at_origin,ABCD,selection,1,2,spectral_core,local_partition_rf,1,0.6,1,0.58
1650,2020-10,2020-06,4,0,True,1.0,master,valid_observed_phase_at_origin,ABCD,selection,1,2,spectral_core,local_partition_rf,0,0.44,1,0.53
1651,2020-10,2020-06,4,0,True,0.0,master,valid_observed_phase_at_origin,ABCD,selection,1,2,spectral_core,local_partition_rf,0,0.17,0,0.17
1652,2020-10,2020-06,4,1,True,1.0,master,valid_observed_phase_at_origin,ABCD,selection,1,2,spectral_core,local_partition_rf,1,0.62,1,0.52
1653,2020-10,2020-06,4,0,True,0.0,master,valid_observed_phase_at_origin,ABCD,selection,1,2,spectral_core,local_partition_rf,0,0.19,0,0.19
1654,2020-10,2020-06,4,0,True,1.0,master,valid_observed_phase_at_origin,ABCD,selection,1,2,spectral_core,local_partition_rf,0,0.43,0,0.45
1655,2020-10,2020-06,4,1,True,0.0,master,valid_observed_phase_at_origin,ABCD,selection,1,2,spectral_core,local_partition_rf,0,0.25,0,0.21
1656,2020-10,2020-06,4,0,True,0.0,master,valid_observed_phase_at_origin,ABCD,selection,1,18,spectral_core,local_partition_rf,0,0.1,0,0.12
1657,2020-10,2020-06,4,0,True,0.0,master,valid_observed_phase_at_origin,ABCD,selection,1,2,spectral_core,local_partition_rf,0,0.24,0,0.12
1658,2020-10,2020-06,4,0,True,0.0,master,valid_observed_phase_at_origin,ABCD,selection,1,2,spectral_core,local_partition_rf,0,0.19,0,0.12
1659,2020-10,2020-06,4,0,True,0.0,master,valid_observed_phase_at_origin,ABCD,selection,1,2,spectral_core,local_partition_rf,0,0.27,0,0.19
1660,2020-10,2020-06,4,0,True,1.0,master,valid_observed_phase_at_origin,ABCD,selection,1,2,spectral_core,local_partition_rf,1,0.56,1,0.55
1661,2020-10,2020-06,4,0,True,0.0,master,valid_observed_phase_at_origin,ABCD,selection,1,2,spectral_core,local_partition_rf,0,0.26,0,0.18
1662,2020-10,2020-06,4,0,True,0.0,master,valid_observed_phase_at_origin,ABCD,selection,1,18,spectral_core,local_partition_rf,0,0.06,0,0.12
1663,2020-10,2020-06,4,0,True,0.0,master,valid_observed_phase_at_origin,ABCD,selection,1,18,spectral_core,local_partition_rf,0,0.04,0,0.07
1664,2020-10,2020-06,4,0,True,0.0,master,valid_observed_phase_at_origin,ABCD,selection,1,2,spectral_core,local_partition_rf,0,0.12,0,0.14
1665,2020-10,2020-06,4,0,True,0.0,master,valid_observed_phase_at_origin,ABCD,selection,1,2,spectral_core,local_partition_rf,0,0.19,0,0.13
1666,2020-10,2020-06,4,0,True,1.0,master,valid_observed_phase_at_origin,ABCD,selection,1,2,spectral_core,local_partition_rf,0,0.47,0,0.43
1667,2020-10,2020-06,4,1,True,1.0,master,valid_observed_phase_at_origin,ABCD,selection,1,2,spectral_core,local_partition_rf,0,0.41,0,0.48
1668,2020-10,2020-06,4,0,True,0.0,master,valid_observed_phase_at_origin,ABCD,selection,1,18,spectral_core,local_partition_rf,0,0.06,0,0.11
1669,2020-10,2020-06,4,0,True,0.0,master,valid_observed_phase_at_origin,ABCD,selection,1,18,spectral_core,local_partition_rf,0,0.1,0,0.12
1670,2020-10,2020-06,4,0,True,0.0,master,valid_observed_phase_at_origin,ABCD,selection,1,2,spectral_core,local_partition_rf,0,0.16,0,0.12
1671,2020-10,2020-06,4,0,True,0.0,master,valid_observed_phase_at_origin,ABCD,selection,1,2,spectral_core,local_partition_rf,0,0.15,0,0.08
1672,2020-10,2020-06,4,1,True,1.0,master,valid_observed_phase_at_origin,ABCD,selection,1,2,spectral_core,local_partition_rf,0,0.42,0,0.5
1673,2020-10,2020-06,4,0,True,0.0,master,valid_observed_phase_at_origin,ABCD,selection,1,2,spectral_core,local_partition_rf,0,0.14,0,0.09
1674,2020-10,2020-06,4,0,True,0.0,master,valid_observed_phase_at_origin,ABCD,selection,1,18,spectral_core,local_partition_rf,0,0.08,0,0.11
1675,2020-10,2020-06,4,0,True,0.0,master,valid_observed_phase_at_origin,ABCD,selection,1,2,spectral_core,local_partition_rf,0,0.18,0,0.06
1676,2020-10,2020-06,4,0,True,0.0,master,valid_observed_phase_at_origin,ABCD,selection,1,2,spectral_core,local_partition_rf,0,0.22,0,0.19
1677,2020-10,2020-06,4,0,True,0.0,master,valid_observed_phase_at_origin,ABCD,selection,1,2,spectral_core,local_partition_rf,0,0.19,0,0.11
1678,2020-10,2020-06,4,0,True,0.0,master,valid_observed_phase_at_origin,ABCD,selection,1,2,spectral_core,local_partition_rf,0,0.09,0,0.03
1679,2020-10,2020-06,4,0,True,0.0,master,valid_observed_phase_at_origin,ABCD,selection,1,18,spectral_core,local_partition_rf,0,0.08,0,0.1
1680,2020-10,2020-06,4,0,True,0.0,master,valid_observed_phase_at_origin,ABCD,selection,1,18,spectral_core,local_partition_rf,0,0.04,0,0.1
1681,2020-10,2020-06,4,0,True,0.0,master,valid_observed_phase_at_origin,ABCD,selection,1,18,spectral_core,local_partition_rf,0,0.05,0,0.12
1682,2020-10,2020-06,4,0,True,0.0,master,valid_observed_phase_at_origin,ABCD,selection,1,2,spectral_core,local_partition_rf,0,0.15,0,0.1
1683,2020-10,2020-06,4,1,True,1.0,master,valid_observed_phase_at_origin,ABCD,selection,1,2,spectral_core,local_partition_rf,0,0.43,1,0.51
1684,2020-10,2020-06,4,0,True,0.0,master,valid_observed_phase_at_origin,ABCD,selection,1,2,spectral_core,local_partition_rf,0,0.08,0,0.03
1685,2020-10,2020-06,4,1,True,1.0,master,valid_observed_phase_at_origin,ABCD,selection,1,2,spectral_core,local_partition_rf,0,0.38,0,0.5
1686,2020-10,2020-06,4,0,True,0.0,master,valid_observed_phase_at_origin,ABCD,selection,1,2,spectral_core,local_partition_rf,0,0.07,0,0.07
1687,2020-10,2020-06,4,0,True,0.0,master,valid_observed_phase_at_origin,ABCD,selection,1,18,spectral_core,local_partition_rf,0,0.08,0,0.09
1688,2020-10,2020-06,4,0,True,0.0,master,valid_observed_phase_at_origin,ABCD,selection,1,2,spectral_core,local_partition_rf,0,0.2,0,0.03
1689,2020-10,2020-06,4,0,True,0.0,master,valid_observed_phase_at_origin,ABCD,selection,1,2,spectral_core,local_partition_rf,0,0.26,0,0.18
1690,2020-10,2020-06,4,0,True,0.0,master,valid_observed_phase_at_origin,ABCD,selection,1,18,spectral_core,local_partition_rf,0,0.07,0,0.04
1691,2020-10,2020-06,4,0,True,0.0,master,valid_observed_phase_at_origin,ABCD,selection,1,18,spectral_core,local_partition_rf,0,0.07,0,0.12
1692,2020-10,2020-06,4,0,True,0.0,master,valid_observed_phase_at_origin,ABCD,selection,1,2,spectral_core,local_partition_rf,0,0.09,0,0.07
1693,2020-10,2020-06,4,0,True,0.0,master,valid_observed_phase_at_origin,ABCD,selection,1,2,spectral_core,local_partition_rf,0,0.11,0,0.09
1694,2020-10,2020-06,4,0,True,0.0,master,valid_observed_phase_at_origin,ABCD,selection,1,2,spectral_core,local_partition_rf,0,0.11,0,0.06
1695,2020-10,2020-06,4,0,True,0.0,master,valid_observed_phase_at_origin,ABCD,selection,1,18,spectral_core,local_partition_rf,0,0.06,0,0.07
1696,2020-10,2020-06,4,0,True,0.0,master,valid_observed_phase_at_origin,ABCD,selection,1,2,spectral_core,local_partition_rf,0,0.13,0,0.08
1697,2020-10,2020-06,4,0,True,0.0,master,valid_observed_phase_at_origin,ABCD,selection,1,2,spectral_core,local_partition_rf,0,0.24,0,0.11
1698,2020-10,2020-06,4,0,True,0.0,master,valid_observed_phase_at_origin,ABCD,selection,1,18,spectral_core,local_partition_rf,0,0.03,0,0.14
1699,2020-10,2020-06,4,0,True,0.0,master,valid_observed_phase_at_origin,ABCD,selection,1,18,spectral_core,local_partition_rf,0,0.03,0,0.06
1700,2020-10,2020-06,4,0,True,0.0,master,valid_observed_phase_at_origin,ABCD,selection,1,11,spectral_core,local_partition_rf,0,0.14,0,0.11
1701,2020-10,2020-06,4,0,True,0.0,master,valid_observed_phase_at_origin,ABCD,selection,1,2,spectral_core,local_partition_rf,0,0.17,0,0.15
1702,2020-10,2020-06,4,0,True,0.0,master,valid_observed_phase_at_origin,ABCD,selection,1,18,spectral_core,local_partition_rf,0,0.1,0,0.21
1703,2020-10,2020-06,4,0,True,0.0,master,valid_observed_phase_at_origin,ABCD,selection,1,2,spectral_core,local_partition_rf,0,0.29,0,0.13
1704,2020-10,2020-06,4,0,True,0.0,master,valid_observed_phase_at_origin,ABCD,selection,1,18,spectral_core,local_partition_rf,0,0.04,0,0.1
1705,2020-10,2020-06,4,0,True,0.0,master,valid_observed_phase_at_origin,ABCD,selection,1,18,spectral_core,local_partition_rf,0,0.05,0,0.1
1706,2020-10,2020-06,4,0,True,0.0,master,valid_observed_phase_at_origin,ABCD,selection,1,18,spectral_core,local_partition_rf,0,0.03,0,0.05
1707,2020-10,2020-06,4,0,True,0.0,master,valid_observed_phase_at_origin,ABCD,selection,1,2,spectral_core,local_partition_rf,0,0.15,0,0.11
1708,2020-10,2020-06,4,0,True,0.0,master,valid_observed_phase_at_origin,ABCD,selection,1,2,spectral_core,local_partition_rf,0,0.23,0,0.16
1709,2020-10,2020-06,4,0,True,0.0,master,valid_observed_phase_at_origin,ABCD,selection,1,2,spectral_core,local_partition_rf,0,0.09,0,0.05
1710,2020-10,2020-06,4,0,True,0.0,master,valid_observed_phase_at_origin,ABCD,selection,1,2,spectral_core,local_partition_rf,0,0.09,0,0.06
1711,2020-10,2020-06,4,0,True,0.0,master,valid_observed_phase_at_origin,ABCD,selection,1,2,spectral_core,local_partition_rf,0,0.17,0,0.05
1712,2020-10,2020-06,4,0,True,0.0,master,valid_observed_phase_at_origin,ABCD,selection,1,2,spectral_core,local_partition_rf,0,0.23,0,0.2
1713,2020-10,2020-06,4,0,True,0.0,master,valid_observed_phase_at_origin,ABCD,selection,1,18,spectral_core,local_partition_rf,0,0.06,0,0.12
1714,2020-10,2020-06,4,0,True,0.0,master,valid_observed_phase_at_origin,ABCD,selection,1,2,spectral_core,local_partition_rf,0,0.21,0,0.18
1715,2020-10,2020-06,4,0,True,0.0,master,valid_observed_phase_at_origin,ABCD,selection,1,2,spectral_core,local_partition_rf,0,0.12,0,0.11
1716,2020-10,2020-06,4,0,True,0.0,master,valid_observed_phase_at_origin,ABCD,selection,1,2,spectral_core,local_partition_rf,0,0.16,0,0.11
1717,2020-10,2020-06,4,0,True,0.0,master,valid_observed_phase_at_origin,ABCD,selection,1,18,spectral_core,local_partition_rf,0,0.04,0,0.11
1718,2020-10,2020-06,4,0,True,0.0,master,valid_observed_phase_at_origin,ABCD,selection,1,2,spectral_core,local_partition_rf,0,0.09,0,0.08
1719,2020-10,2020-06,4,0,True,0.0,master,valid_observed_phase_at_origin,ABCD,selection,1,2,spectral_core,local_partition_rf,0,0.15,0,0.11
1720,2020-10,2020-06,4,0,True,0.0,master,valid_observed_phase_at_origin,ABCD,selection,1,2,spectral_core,local_partition_rf,0,0.18,0,0.08
1721,2020-10,2020-06,4,0,True,0.0,master,valid_observed_phase_at_origin,ABCD,selection,1,2,spectral_core,local_partition_rf,0,0.16,0,0.14
1722,2020-10,2020-06,4,0,True,0.0,master,valid_observed_phase_at_origin,ABCD,selection,1,18,spectral_core,local_partition_rf,0,0.03,0,0.1
1723,2020-10,2020-06,4,0,True,0.0,master,valid_observed_phase_at_origin,ABCD,selection,1,2,spectral_core,local_partition_rf,0,0.19,0,0.12
1724,2020-10,2020-06,4,0,True,0.0,master,valid_observed_phase_at_origin,ABCD,selection,1,2,spectral_core,local_partition_rf,0,0.23,0,0.12
1725,2020-10,2020-06,4,0,True,0.0,master,valid_observed_phase_at_origin,ABCD,selection,1,18,spectral_core,local_partition_rf,0,0.02,0,0.08
1726,2020-10,2020-06,4,0,True,0.0,master,valid_observed_phase_at_origin,ABCD,selection,1,2,spectral_core,local_partition_rf,0,0.2,0,0.12
1727,2020-10,2020-06,4,0,True,0.0,master,valid_observed_phase_at_origin,ABCD,selection,1,18,spectral_core,local_partition_rf,0,0.18,0,0.18
1728,2020-10,2020-06,4,0,True,1.0,master,valid_observed_phase_at_origin,ABCD,selection,1,2,spectral_core,local_partition_rf,0,0.47,1,0.54
1729,2020-10,2020-06,4,0,True,1.0,master,valid_observed_phase_at_origin,ABCD,selection,1,2,spectral_core,local_partition_rf,0,0.42,1,0.52
1730,2020-10,2020-06,4,0,True,0.0,master,valid_observed_phase_at_origin,ABCD,selection,1,2,spectral_core,local_partition_rf,0,0.23,0,0.15
1731,2020-10,2020-06,4,0,True,0.0,master,valid_observed_phase_at_origin,ABCD,selection,1,2,spectral_core,local_partition_rf,0,0.15,0,0.14
1732,2020-10,2020-06,4,0,True,0.0,master,valid_observed_phase_at_origin,ABCD,selection,1,2,spectral_core,local_partition_rf,0,0.08,0,0.05
1733,2020-10,2020-06,4,0,True,0.0,master,valid_observed_phase_at_origin,ABCD,selection,1,2,spectral_core,local_partition_rf,0,0.23,0,0.12
1734,2020-10,2020-06,4,0,True,0.0,master,valid_observed_phase_at_origin,ABCD,selection,1,2,spectral_core,local_partition_rf,0,0.25,0,0.2
1735,2020-10,2020-06,4,1,True,1.0,master,valid_observed_phase_at_origin,ABCD,selection,1,2,spectral_core,local_partition_rf,0,0.39,0,0.49
1736,2020-10,2020-06,4,0,True,1.0,master,valid_observed_phase_at_origin,ABCD,selection,1,2,spectral_core,local_partition_rf,0,0.4,1,0.51
1737,2020-10,2020-06,4,0,True,0.0,master,valid_observed_phase_at_origin,ABCD,selection,1,2,spectral_core,local_partition_rf,0,0.16,0,0.13
1738,2020-10,2020-06,4,1,True,1.0,master,valid_observed_phase_at_origin,ABCD,selection,1,2,spectral_core,local_partition_rf,0,0.39,0,0.49
1739,2020-10,2020-06,4,0,True,0.0,master,valid_observed_phase_at_origin,ABCD,selection,1,2,spectral_core,local_partition_rf,0,0.26,0,0.16
1740,2020-10,2020-06,4,0,True,0.0,master,valid_observed_phase_at_origin,ABCD,selection,1,18,spectral_core,local_partition_rf,0,0.07,0,0.12
1741,2020-10,2020-06,4,0,True,1.0,master,valid_observed_phase_at_origin,ABCD,selection,1,2,spectral_core,local_partition_rf,0,0.47,1,0.6
1742,2020-10,2020-06,4,0,True,1.0,master,valid_observed_phase_at_origin,ABCD,selection,1,2,spectral_core,local_partition_rf,0,0.47,0,0.5
1743,2020-10,2020-06,4,0,True,0.0,master,valid_observed_phase_at_origin,ABCD,selection,1,2,spectral_core,local_partition_rf,0,0.18,0,0.11
1744,2020-10,2020-06,4,0,True,1.0,master,valid_observed_phase_at_origin,ABCD,selection,1,2,spectral_core,local_partition_rf,0,0.41,0,0.5
1745,2020-10,2020-06,4,0,True,0.0,master,valid_observed_phase_at_origin,ABCD,selection,1,2,spectral_core,local_partition_rf,0,0.31,0,0.19
1746,2020-10,2020-06,4,0,True,0.0,master,valid_observed_phase_at_origin,ABCD,selection,1,2,spectral_core,local_partition_rf,0,0.21,0,0.11
1747,2020-10,2020-06,4,0,True,0.0,master,valid_observed_phase_at_origin,ABCD,selection,1,2,spectral_core,local_partition_rf,0,0.12,0,0.13
1748,2020-10,2020-06,4,0,True,0.0,master,valid_observed_phase_at_origin,ABCD,selection,1,2,spectral_core,local_partition_rf,0,0.09,0,0.05
1749,2020-10,2020-06,4,0,True,0.0,master,valid_observed_phase_at_origin,ABCD,selection,1,2,spectral_core,local_partition_rf,0,0.16,0,0.1
1750,2020-10,2020-06,4,0,True,0.0,master,valid_observed_phase_at_origin,ABCD,selection,1,18,spectral_core,local_partition_rf,0,0.07,0,0.13
1751,2020-10,2020-06,4,0,True,0.0,master,valid_observed_phase_at_origin,ABCD,selection,1,2,spectral_core,local_partition_rf,0,0.14,0,0.13
1752,2020-10,2020-06,4,0,True,0.0,master,valid_observed_phase_at_origin,ABCD,selection,1,18,spectral_core,local_partition_rf,0,0.08,0,0.07
1753,2020-10,2020-06,4,0,True,0.0,master,valid_observed_phase_at_origin,ABCD,selection,1,2,spectral_core,local_partition_rf,0,0.23,0,0.09
1754,2020-10,2020-06,4,0,True,0.0,master,valid_observed_phase_at_origin,ABCD,selection,1,2,spectral_core,local_partition_rf,0,0.24,0,0.13
1755,2020-10,2020-06,4,0,True,0.0,master,valid_observed_phase_at_origin,ABCD,selection,1,2,spectral_core,local_partition_rf,0,0.19,0,0.13
1756,2020-10,2020-06,4,0,True,0.0,master,valid_observed_phase_at_origin,ABCD,selection,1,18,spectral_core,local_partition_rf,0,0.09,0,0.14
1757,2020-10,2020-06,4,0,True,0.0,master,valid_observed_phase_at_origin,ABCD,selection,1,18,spectral_core,local_partition_rf,0,0.03,0,0.08
1758,2020-10,2020-06,4,0,True,0.0,master,valid_observed_phase_at_origin,ABCD,selection,1,2,spectral_core,local_partition_rf,0,0.13,0,0.1
1759,2020-10,2020-06,4,0,True,0.0,master,valid_observed_phase_at_origin,ABCD,selection,1,18,spectral_core,local_partition_rf,0,0.09,0,0.12
1760,2020-10,2020-06,4,0,True,0.0,master,valid_observed_phase_at_origin,ABCD,selection,1,2,spectral_core,local_partition_rf,0,0.26,0,0.2
1761,2020-10,2020-06,4,0,True,0.0,master,valid_observed_phase_at_origin,ABCD,selection,1,2,spectral_core,local_partition_rf,0,0.09,0,0.04
1762,2020-10,2020-06,4,1,True,0.0,master,valid_observed_phase_at_origin,ABCD,selection,1,2,spectral_core,local_partition_rf,0,0.24,0,0.22
1763,2020-10,2020-06,4,0,True,0.0,master,valid_observed_phase_at_origin,ABCD,selection,1,2,spectral_core,local_partition_rf,0,0.17,0,0.12
1764,2020-10,2020-06,4,0,True,0.0,master,valid_observed_phase_at_origin,ABCD,selection,1,18,spectral_core,local_partition_rf,0,0.06,0,0.18
1765,2020-10,2020-06,4,0,True,0.0,master,valid_observed_phase_at_origin,ABCD,selection,1,2,spectral_core,local_partition_rf,0,0.12,0,0.11
1766,2020-10,2020-06,4,0,True,0.0,master,valid_observed_phase_at_origin,ABCD,selection,1,2,spectral_core,local_partition_rf,0,0.24,0,0.12
1767,2020-10,2020-06,4,0,True,0.0,master,valid_observed_phase_at_origin,ABCD,selection,1,2,spectral_core,local_partition_rf,0,0.14,0,0.11
1768,2020-10,2020-06,4,0,True,0.0,master,valid_observed_phase_at_origin,ABCD,selection,1,2,spectral_core,local_partition_rf,0,0.22,0,0.09
1769,2020-10,2020-06,4,0,True,0.0,master,valid_observed_phase_at_origin,ABCD,selection,1,2,spectral_core,local_partition_rf,0,0.21,0,0.23
1770,2020-10,2020-06,4,0,True,0.0,master,valid_observed_phase_at_origin,ABCD,selection,1,18,spectral_core,local_partition_rf,0,0.03,0,0.09
1771,2020-10,2020-06,4,0,True,0.0,master,valid_observed_phase_at_origin,ABCD,selection,1,18,spectral_core,local_partition_rf,0,0.09,0,0.09
1772,2020-10,2020-06,4,0,True,0.0,master,valid_observed_phase_at_origin,ABCD,selection,1,2,spectral_core,local_partition_rf,0,0.13,0,0.04
1773,2020-10,2020-06,4,1,True,0.0,master,valid_observed_phase_at_origin,ABCD,selection,1,18,spectral_core,local_partition_rf,0,0.08,0,0.19
1774,2020-10,2020-06,4,0,True,0.0,master,valid_observed_phase_at_origin,ABCD,selection,1,2,spectral_core,local_partition_rf,0,0.22,0,0.12
1775,2020-10,2020-06,4,0,True,0.0,master,valid_observed_phase_at_origin,ABCD,selection,1,2,spectral_core,local_partition_rf,0,0.26,0,0.14
1776,2020-10,2020-06,4,0,True,0.0,master,valid_observed_phase_at_origin,ABCD,selection,1,2,spectral_core,local_partition_rf,0,0.16,0,0.07
1777,2020-10,2020-06,4,1,True,1.0,master,valid_observed_phase_at_origin,ABCD,selection,1,2,spectral_core,local_partition_rf,0,0.35,0,0.46
1778,2020-10,2020-06,4,0,True,0.0,master,valid_observed_phase_at_origin,ABCD,selection,1,2,spectral_core,local_partition_rf,0,0.2,0,0.11
1779,2020-10,2020-06,4,1,True,1.0,master,valid_observed_phase_at_origin,ABCD,selection,1,18,spectral_core,local_partition_rf,1,0.55,1,0.61
1780,2020-10,2020-06,4,0,True,0.0,master,valid_observed_phase_at_origin,ABCD,selection,1,2,spectral_core,local_partition_rf,0,0.2,0,0.09
1781,2020-10,2020-06,4,0,True,0.0,master,valid_observed_phase_at_origin,ABCD,selection,1,18,spectral_core,local_partition_rf,0,0.05,0,0.06
1782,2020-10,2020-06,4,0,True,0.0,master,valid_observed_phase_at_origin,ABCD,selection,1,2,spectral_core,local_partition_rf,0,0.23,0,0.14
1783,2020-10,2020-06,4,0,True,0.0,master,valid_observed_phase_at_origin,ABCD,selection,1,2,spectral_core,local_partition_rf,0,0.13,0,0.09
1784,2020-10,2020-06,4,0,True,0.0,master,valid_observed_phase_at_origin,ABCD,selection,1,18,spectral_core,local_partition_rf,0,0.07,0,0.09
1785,2020-10,2020-06,4,0,True,0.0,master,valid_observed_phase_at_origin,ABCD,selection,1,18,spectral_core,local_partition_rf,0,0.07,0,0.09
1786,2020-10,2020-06,4,1,True,1.0,master,valid_observed_phase_at_origin,ABCD,selection,1,2,spectral_core,local_partition_rf,1,0.59,0,0.47
1787,2020-10,2020-06,4,0,True,0.0,master,valid_observed_phase_at_origin,ABCD,selection,1,11,spectral_core,local_partition_rf,0,0.16,0,0.15
1788,2020-10,2020-06,4,0,True,0.0,master,valid_observed_phase_at_origin,ABCD,selection,1,18,spectral_core,local_partition_rf,0,0.07,0,0.09
1789,2020-10,2020-06,4,0,True,0.0,master,valid_observed_phase_at_origin,ABCD,selection,1,18,spectral_core,local_partition_rf,0,0.03,0,0.15
1790,2020-10,2020-06,4,0,True,0.0,master,valid_observed_phase_at_origin,ABCD,selection,1,2,spectral_core,local_partition_rf,0,0.08,0,0.11
1791,2020-10,2020-06,4,0,True,0.0,master,valid_observed_phase_at_origin,ABCD,selection,1,18,spectral_core,local_partition_rf,0,0.04,0,0.17
1792,2020-10,2020-06,4,1,True,0.0,master,valid_observed_phase_at_origin,ABCD,selection,1,2,spectral_core,local_partition_rf,0,0.29,0,0.25
1793,2020-10,2020-06,4,0,True,0.0,master,valid_observed_phase_at_origin,ABCD,selection,1,18,spectral_core,local_partition_rf,0,0.1,0,0.15
1794,2020-10,2020-06,4,0,True,0.0,master,valid_observed_phase_at_origin,ABCD,selection,1,18,spectral_core,local_partition_rf,0,0.06,0,0.04
1795,2020-10,2020-06,4,0,True,0.0,master,valid_observed_phase_at_origin,ABCD,selection,1,18,spectral_core,local_partition_rf,0,0.11,0,0.13
1796,2020-10,2020-06,4,0,True,1.0,master,valid_observed_phase_at_origin,ABCD,selection,1,2,spectral_core,local_partition_rf,0,0.46,0,0.5
1797,2020-10,2020-06,4,0,True,0.0,master,valid_observed_phase_at_origin,ABCD,selection,1,2,spectral_core,local_partition_rf,0,0.1,0,0.14
1798,2020-10,2020-06,4,0,True,0.0,master,valid_observed_phase_at_origin,ABCD,selection,1,2,spectral_core,local_partition_rf,0,0.17,0,0.1
1799,2020-10,2020-06,4,0,True,0.0,master,valid_observed_phase_at_origin,ABCD,selection,1,2,spectral_core,local_partition_rf,0,0.26,0,0.18
1800,2020-10,2020-06,4,0,True,0.0,master,valid_observed_phase_at_origin,ABCD,selection,1,2,spectral_core,local_partition_rf,0,0.11,0,0.09
1801,2020-10,2020-06,4,1,True,0.0,master,valid_observed_phase_at_origin,ABCD,selection,1,2,spectral_core,local_partition_rf,0,0.29,0,0.23
1802,2020-10,2020-06,4,0,True,0.0,master,valid_observed_phase_at_origin,ABCD,selection,1,18,spectral_core,local_partition_rf,0,0.05,0,0.11
1803,2020-10,2020-06,4,0,True,1.0,master,valid_observed_phase_at_origin,ABCD,selection,1,2,spectral_core,local_partition_rf,0,0.44,0,0.44
1804,2020-10,2020-06,4,0,True,0.0,master,valid_observed_phase_at_origin,ABCD,selection,1,2,spectral_core,local_partition_rf,0,0.12,0,0.08
1805,2020-10,2020-06,4,0,True,0.0,master,valid_observed_phase_at_origin,ABCD,selection,1,18,spectral_core,local_partition_rf,0,0.07,0,0.08
1806,2020-10,2020-06,4,0,True,0.0,master,valid_observed_phase_at_origin,ABCD,selection,1,2,spectral_core,local_partition_rf,0,0.08,0,0.04
1807,2020-10,2020-06,4,0,True,0.0,master,valid_observed_phase_at_origin,ABCD,selection,1,2,spectral_core,local_partition_rf,0,0.08,0,0.07
1808,2020-10,2020-06,4,0,True,0.0,master,valid_observed_phase_at_origin,ABCD,selection,1,2,spectral_core,local_partition_rf,0,0.21,0,0.18
1809,2020-10,2020-06,4,0,True,0.0,master,valid_observed_phase_at_origin,ABCD,selection,1,18,spectral_core,local_partition_rf,0,0.04,0,0.08
1810,2020-10,2020-06,4,0,True,0.0,master,valid_observed_phase_at_origin,ABCD,selection,1,2,spectral_core,local_partition_rf,0,0.1,0,0.08
1811,2020-10,2020-06,4,0,True,0.0,master,valid_observed_phase_at_origin,ABCD,selection,1,2,spectral_core,local_partition_rf,0,0.12,0,0.1
1812,2020-10,2020-06,4,0,True,0.0,master,valid_observed_phase_at_origin,ABCD,selection,1,2,spectral_core,local_partition_rf,0,0.12,0,0.1
1813,2020-10,2020-06,4,0,True,0.0,master,valid_observed_phase_at_origin,ABCD,selection,1,18,spectral_core,local_partition_rf,0,0.07,0,0.12
1814,2020-10,2020-06,4,0,True,0.0,master,valid_observed_phase_at_origin,ABCD,selection,1,2,spectral_core,local_partition_rf,0,0.11,0,0.1
1815,2020-10,2020-06,4,0,True,0.0,master,valid_observed_phase_at_origin,ABCD,selection,1,2,spectral_core,local_partition_rf,0,0.24,0,0.18
1816,2020-10,2020-06,4,0,True,0.0,master,valid_observed_phase_at_origin,ABCD,selection,1,2,spectral_core,local_partition_rf,0,0.23,0,0.13
1817,2020-10,2020-06,4,0,True,0.0,master,valid_observed_phase_at_origin,ABCD,selection,1,2,spectral_core,local_partition_rf,0,0.08,0,0.08
1818,2020-10,2020-06,4,0,True,0.0,master,valid_observed_phase_at_origin,ABCD,selection,1,2,spectral_core,local_partition_rf,0,0.18,0,0.03
1819,2020-10,2020-06,4,0,True,0.0,master,valid_observed_phase_at_origin,ABCD,selection,1,18,spectral_core,local_partition_rf,0,0.07,0,0.12
1820,2020-10,2020-06,4,0,True,0.0,master,valid_observed_phase_at_origin,ABCD,selection,1,18,spectral_core,local_partition_rf,0,0.07,0,0.07
1821,2020-10,2020-06,4,0,True,0.0,master,valid_observed_phase_at_origin,ABCD,selection,1,2,spectral_core,local_partition_rf,0,0.14,0,0.07
1822,2020-10,2020-06,4,0,True,0.0,master,valid_observed_phase_at_origin,ABCD,selection,1,18,spectral_core,local_partition_rf,0,0.04,0,0.13
1823,2020-10,2020-06,4,0,True,0.0,master,valid_observed_phase_at_origin,ABCD,selection,1,2,spectral_core,local_partition_rf,0,0.18,0,0.13
1824,2020-10,2020-06,4,0,True,0.0,master,valid_observed_phase_at_origin,ABCD,selection,1,2,spectral_core,local_partition_rf,0,0.25,0,0.19
1825,2020-10,2020-06,4,0,True,0.0,master,valid_observed_phase_at_origin,ABCD,selection,1,2,spectral_core,local_partition_rf,0,0.11,0,0.1
1826,2020-10,2020-06,4,0,True,0.0,master,valid_observed_phase_at_origin,ABCD,selection,1,18,spectral_core,local_partition_rf,0,0.07,0,0.1
1827,2020-10,2020-06,4,0,True,0.0,master,valid_observed_phase_at_origin,ABCD,selection,1,2,spectral_core,local_partition_rf,0,0.09,0,0.09
1828,2020-10,2020-06,4,0,True,0.0,master,valid_observed_phase_at_origin,ABCD,selection,1,18,spectral_core,local_partition_rf,0,0.04,0,0.11
1829,2020-10,2020-06,4,0,True,0.0,master,valid_observed_phase_at_origin,ABCD,selection,1,2,spectral_core,local_partition_rf,0,0.24,0,0.13
1830,2020-10,2020-06,4,0,True,0.0,master,valid_observed_phase_at_origin,ABCD,selection,1,2,spectral_core,local_partition_rf,0,0.12,0,0.11
1831,2020-10,2020-06,4,0,True,0.0,master,valid_observed_phase_at_origin,ABCD,selection,1,2,spectral_core,local_partition_rf,0,0.25,0,0.13
1832,2020-10,2020-06,4,1,True,0.0,master,valid_observed_phase_at_origin,ABCD,selection,1,2,spectral_core,local_partition_rf,0,0.35,0,0.18
1833,2020-10,2020-06,4,0,True,0.0,master,valid_observed_phase_at_origin,ABCD,selection,1,18,spectral_core,local_partition_rf,0,0.08,0,0.09
1834,2020-10,2020-06,4,0,True,0.0,master,valid_observed_phase_at_origin,ABCD,selection,1,18,spectral_core,local_partition_rf,0,0.06,0,0.11
1835,2020-10,2020-06,4,0,True,0.0,master,valid_observed_phase_at_origin,ABCD,selection,1,18,spectral_core,local_partition_rf,0,0.03,0,0.1
1836,2020-10,2020-06,4,0,True,0.0,master,valid_observed_phase_at_origin,ABCD,selection,1,18,spectral_core,local_partition_rf,0,0.01,0,0.07
1837,2020-10,2020-06,4,0,True,1.0,master,valid_observed_phase_at_origin,ABCD,selection,1,2,spectral_core,local_partition_rf,0,0.44,0,0.5
1838,2020-10,2020-06,4,0,True,0.0,master,valid_observed_phase_at_origin,ABCD,selection,1,18,spectral_core,local_partition_rf,0,0.04,0,0.07
1839,2020-10,2020-06,4,0,True,0.0,master,valid_observed_phase_at_origin,ABCD,selection,1,2,spectral_core,local_partition_rf,0,0.23,0,0.16
1840,2020-10,2020-06,4,0,True,0.0,master,valid_observed_phase_at_origin,ABCD,selection,1,18,spectral_core,local_partition_rf,0,0.17,0,0.2
1841,2020-10,2020-06,4,0,True,0.0,master,valid_observed_phase_at_origin,ABCD,selection,1,2,spectral_core,local_partition_rf,0,0.19,0,0.14
1842,2020-10,2020-06,4,0,True,1.0,master,valid_observed_phase_at_origin,ABCD,selection,1,18,spectral_core,local_partition_rf,0,0.4,1,0.52
1843,2020-10,2020-06,4,0,True,0.0,master,valid_observed_phase_at_origin,ABCD,selection,1,2,spectral_core,local_partition_rf,0,0.2,0,0.12
1844,2020-10,2020-06,4,0,True,0.0,master,valid_observed_phase_at_origin,ABCD,selection,1,18,spectral_core,local_partition_rf,0,0.05,0,0.05
1845,2020-10,2020-06,4,0,True,1.0,master,valid_observed_phase_at_origin,ABCD,selection,1,18,spectral_core,local_partition_rf,0,0.37,1,0.51
1846,2020-10,2020-06,4,0,True,1.0,master,valid_observed_phase_at_origin,ABCD,selection,1,18,spectral_core,local_partition_rf,0,0.38,0,0.47
1847,2020-10,2020-06,4,0,True,0.0,master,valid_observed_phase_at_origin,ABCD,selection,1,18,spectral_core,local_partition_rf,0,0.1,0,0.1
1848,2020-10,2020-06,4,0,True,0.0,master,valid_observed_phase_at_origin,ABCD,selection,1,2,spectral_core,local_partition_rf,0,0.18,0,0.11
1849,2020-10,2020-06,4,0,True,0.0,master,valid_observed_phase_at_origin,ABCD,selection,1,18,spectral_core,local_partition_rf,0,0.06,0,0.11
1850,2020-10,2020-06,4,0,True,0.0,master,valid_observed_phase_at_origin,ABCD,selection,1,2,spectral_core,local_partition_rf,0,0.2,0,0.1
1851,2020-10,2020-06,4,0,True,0.0,master,valid_observed_phase_at_origin,ABCD,selection,1,2,spectral_core,local_partition_rf,0,0.2,0,0.17
1852,2020-10,2020-06,4,0,True,0.0,master,valid_observed_phase_at_origin,ABCD,selection,1,2,spectral_core,local_partition_rf,0,0.23,0,0.18
1853,2020-10,2020-06,4,0,True,0.0,master,valid_observed_phase_at_origin,ABCD,selection,1,2,spectral_core,local_partition_rf,0,0.23,0,0.14
1854,2020-10,2020-06,4,0,True,1.0,master,valid_observed_phase_at_origin,ABCD,selection,1,2,spectral_core,local_partition_rf,0,0.31,0,0.46
1855,2020-10,2020-06,4,0,True,0.0,master,valid_observed_phase_at_origin,ABCD,selection,1,2,spectral_core,local_partition_rf,0,0.13,0,0.12
1856,2020-10,2020-06,4,0,True,1.0,master,valid_observed_phase_at_origin,ABCD,selection,1,18,spectral_core,local_partition_rf,0,0.31,0,0.49
1857,2020-10,2020-06,4,0,True,0.0,master,valid_observed_phase_at_origin,ABCD,selection,1,18,spectral_core,local_partition_rf,0,0.07,0,0.08
1858,2020-10,2020-06,4,0,True,0.0,master,valid_observed_phase_at_origin,ABCD,selection,1,18,spectral_core,local_partition_rf,0,0.03,0,0.06
1859,2020-10,2020-06,4,0,True,0.0,master,valid_observed_phase_at_origin,ABCD,selection,1,18,spectral_core,local_partition_rf,0,0.09,0,0.1
1860,2020-10,2020-06,4,0,True,0.0,master,valid_observed_phase_at_origin,ABCD,selection,1,2,spectral_core,local_partition_rf,0,0.13,0,0.1
1861,2020-10,2020-06,4,0,True,0.0,master,valid_observed_phase_at_origin,ABCD,selection,1,2,spectral_core,local_partition_rf,0,0.19,0,0.06
1862,2020-10,2020-06,4,0,True,0.0,master,valid_observed_phase_at_origin,ABCD,selection,1,2,spectral_core,local_partition_rf,0,0.22,0,0.11
1863,2020-10,2020-06,4,0,True,0.0,master,valid_observed_phase_at_origin,ABCD,selection,1,2,spectral_core,local_partition_rf,0,0.23,0,0.14
1864,2020-10,2020-06,4,0,True,0.0,master,valid_observed_phase_at_origin,ABCD,selection,1,2,spectral_core,local_partition_rf,0,0.2,0,0.13
1865,2020-10,2020-06,4,0,True,0.0,master,valid_observed_phase_at_origin,ABCD,selection,1,2,spectral_core,local_partition_rf,0,0.22,0,0.15
1866,2020-10,2020-06,4,0,True,0.0,master,valid_observed_phase_at_origin,ABCD,selection,1,18,spectral_core,local_partition_rf,0,0.06,0,0.08
1867,2020-10,2020-06,4,0,True,0.0,master,valid_observed_phase_at_origin,ABCD,selection,1,2,spectral_core,local_partition_rf,0,0.21,0,0.13
1868,2020-10,2020-06,4,0,True,0.0,master,valid_observed_phase_at_origin,ABCD,selection,1,18,spectral_core,local_partition_rf,0,0.1,0,0.13
1869,2020-10,2020-06,4,0,True,0.0,master,valid_observed_phase_at_origin,ABCD,selection,1,2,spectral_core,local_partition_rf,0,0.11,0,0.13
1870,2020-10,2020-06,4,0,True,0.0,master,valid_observed_phase_at_origin,ABCD,selection,1,2,spectral_core,local_partition_rf,0,0.19,0,0.13
1871,2020-10,2020-06,4,0,True,0.0,master,valid_observed_phase_at_origin,ABCD,selection,1,2,spectral_core,local_partition_rf,0,0.12,0,0.09
1872,2020-10,2020-06,4,0,True,0.0,master,valid_observed_phase_at_origin,ABCD,selection,1,2,spectral_core,local_partition_rf,0,0.19,0,0.11
1873,2020-10,2020-06,4,0,True,0.0,master,valid_observed_phase_at_origin,ABCD,selection,1,2,spectral_core,local_partition_rf,0,0.09,0,0.03
1874,2020-10,2020-06,4,0,True,0.0,master,valid_observed_phase_at_origin,ABCD,selection,1,2,spectral_core,local_partition_rf,0,0.14,0,0.04
1875,2020-10,2020-06,4,1,True,1.0,master,valid_observed_phase_at_origin,ABCD,selection,1,2,spectral_core,local_partition_rf,0,0.38,0,0.45
1876,2020-10,2020-06,4,0,True,0.0,master,valid_observed_phase_at_origin,ABCD,selection,1,18,spectral_core,local_partition_rf,0,0.01,0,0.1
1877,2020-10,2020-06,4,0,True,0.0,master,valid_observed_phase_at_origin,ABCD,selection,1,18,spectral_core,local_partition_rf,0,0.02,0,0.11
1878,2020-10,2020-06,4,0,True,0.0,master,valid_observed_phase_at_origin,ABCD,selection,1,18,spectral_core,local_partition_rf,0,0.05,0,0.04
1879,2020-10,2020-06,4,0,True,0.0,master,valid_observed_phase_at_origin,ABCD,selection,1,18,spectral_core,local_partition_rf,0,0.07,0,0.1
1880,2020-10,2020-06,4,1,True,1.0,master,valid_observed_phase_at_origin,ABCD,selection,1,2,spectral_core,local_partition_rf,0,0.36,0,0.45
1881,2020-10,2020-06,4,0,True,1.0,master,valid_observed_phase_at_origin,ABCD,selection,1,2,spectral_core,local_partition_rf,0,0.33,0,0.49
1882,2020-10,2020-06,4,0,True,0.0,master,valid_observed_phase_at_origin,ABCD,selection,1,18,spectral_core,local_partition_rf,0,0.05,0,0.07
1883,2020-10,2020-06,4,0,True,0.0,master,valid_observed_phase_at_origin,ABCD,selection,1,2,spectral_core,local_partition_rf,0,0.1,0,0.07
1884,2020-10,2020-06,4,0,True,0.0,master,valid_observed_phase_at_origin,ABCD,selection,1,2,spectral_core,local_partition_rf,0,0.2,0,0.09
1885,2020-10,2020-06,4,0,True,0.0,master,valid_observed_phase_at_origin,ABCD,selection,1,2,spectral_core,local_partition_rf,0,0.19,0,0.16
1886,2020-10,2020-06,4,0,True,0.0,master,valid_observed_phase_at_origin,ABCD,selection,1,18,spectral_core,local_partition_rf,0,0.02,0,0.08
1887,2020-10,2020-06,4,0,True,0.0,master,valid_observed_phase_at_origin,ABCD,selection,1,2,spectral_core,local_partition_rf,0,0.11,0,0.09
1888,2020-10,2020-06,4,0,True,0.0,master,valid_observed_phase_at_origin,ABCD,selection,1,2,spectral_core,local_partition_rf,0,0.2,0,0.12
1889,2020-10,2020-06,4,0,True,1.0,master,valid_observed_phase_at_origin,ABCD,selection,1,2,spectral_core,local_partition_rf,0,0.44,0,0.49
1890,2020-10,2020-06,4,0,True,0.0,master,valid_observed_phase_at_origin,ABCD,selection,1,2,spectral_core,local_partition_rf,0,0.19,0,0.21
1891,2020-10,2020-06,4,0,True,0.0,master,valid_observed_phase_at_origin,ABCD,selection,1,2,spectral_core,local_partition_rf,0,0.16,0,0.1
1892,2020-10,2020-06,4,0,True,0.0,master,valid_observed_phase_at_origin,ABCD,selection,1,2,spectral_core,local_partition_rf,0,0.28,0,0.18
1893,2020-10,2020-06,4,0,True,0.0,master,valid_observed_phase_at_origin,ABCD,selection,1,18,spectral_core,local_partition_rf,0,0.03,0,0.09
1894,2020-10,2020-06,4,0,True,1.0,master,valid_observed_phase_at_origin,ABCD,selection,1,2,spectral_core,local_partition_rf,0,0.49,0,0.5
1895,2020-10,2020-06,4,0,True,0.0,master,valid_observed_phase_at_origin,ABCD,selection,1,2,spectral_core,local_partition_rf,0,0.12,0,0.08
1896,2020-10,2020-06,4,0,True,0.0,master,valid_observed_phase_at_origin,ABCD,selection,1,2,spectral_core,local_partition_rf,0,0.15,0,0.1
1897,2020-10,2020-06,4,0,True,0.0,master,valid_observed_phase_at_origin,ABCD,selection,1,2,spectral_core,local_partition_rf,0,0.11,0,0.12
1898,2020-10,2020-06,4,0,True,0.0,master,valid_observed_phase_at_origin,ABCD,selection,1,2,spectral_core,local_partition_rf,0,0.09,0,0.08
1899,2020-10,2020-06,4,0,True,0.0,master,valid_observed_phase_at_origin,ABCD,selection,1,2,spectral_core,local_partition_rf,0,0.13,0,0.1
1900,2020-10,2020-06,4,0,True,0.0,master,valid_observed_phase_at_origin,ABCD,selection,1,2,spectral_core,local_partition_rf,0,0.13,0,0.14
1901,2020-10,2020-06,4,0,True,0.0,master,valid_observed_phase_at_origin,ABCD,selection,1,2,spectral_core,local_partition_rf,0,0.09,0,0.13
1902,2020-10,2020-06,4,0,True,0.0,master,valid_observed_phase_at_origin,ABCD,selection,1,2,spectral_core,local_partition_rf,0,0.14,0,0.15
1903,2020-10,2020-06,4,0,True,0.0,master,valid_observed_phase_at_origin,ABCD,selection,1,2,spectral_core,local_partition_rf,0,0.14,0,0.09
1904,2020-10,2020-06,4,0,True,0.0,master,valid_observed_phase_at_origin,ABCD,selection,1,18,spectral_core,local_partition_rf,0,0.18,0,0.17
1905,2020-10,2020-06,4,0,True,0.0,master,valid_observed_phase_at_origin,ABCD,selection,1,2,spectral_core,local_partition_rf,0,0.2,0,0.16
1906,2020-10,2020-06,4,0,True,0.0,master,valid_observed_phase_at_origin,ABCD,selection,1,2,spectral_core,local_partition_rf,0,0.03,0,0.06
1907,2020-10,2020-06,4,0,True,0.0,master,valid_observed_phase_at_origin,ABCD,selection,1,2,spectral_core,local_partition_rf,0,0.24,0,0.12
1908,2020-10,2020-06,4,0,True,0.0,master,valid_observed_phase_at_origin,ABCD,selection,1,18,spectral_core,local_partition_rf,0,0.08,0,0.05
1909,2020-10,2020-06,4,0,True,0.0,master,valid_observed_phase_at_origin,ABCD,selection,1,2,spectral_core,local_partition_rf,0,0.24,0,0.15
1910,2020-10,2020-06,4,1,True,1.0,master,valid_observed_phase_at_origin,ABCD,selection,1,2,spectral_core,local_partition_rf,0,0.39,1,0.55
1911,2020-10,2020-06,4,1,True,1.0,master,valid_observed_phase_at_origin,ABCD,selection,1,2,spectral_core,local_partition_rf,0,0.42,1,0.51
1912,2020-10,2020-06,4,0,True,0.0,master,valid_observed_phase_at_origin,ABCD,selection,1,2,spectral_core,local_partition_rf,0,0.09,0,0.05
1913,2020-10,2020-06,4,0,True,0.0,master,valid_observed_phase_at_origin,ABCD,selection,1,2,spectral_core,local_partition_rf,0,0.11,0,0.05
1914,2020-10,2020-06,4,0,True,0.0,master,valid_observed_phase_at_origin,ABCD,selection,1,2,spectral_core,local_partition_rf,0,0.16,0,0.03
1915,2020-10,2020-06,4,1,True,1.0,master,valid_observed_phase_at_origin,ABCD,selection,1,2,spectral_core,local_partition_rf,0,0.5,1,0.52
1916,2020-10,2020-06,4,0,True,0.0,master,valid_observed_phase_at_origin,ABCD,selection,1,18,spectral_core,local_partition_rf,0,0.07,0,0.09
1917,2020-10,2020-06,4,0,True,0.0,master,valid_observed_phase_at_origin,ABCD,selection,1,18,spectral_core,local_partition_rf,0,0.13,0,0.07
1918,2020-10,2020-06,4,0,True,0.0,master,valid_observed_phase_at_origin,ABCD,selection,1,2,spectral_core,local_partition_rf,0,0.12,0,0.06
1919,2020-10,2020-06,4,0,True,0.0,master,valid_observed_phase_at_origin,ABCD,selection,1,2,spectral_core,local_partition_rf,0,0.27,0,0.17
1920,2020-10,2020-06,4,0,True,0.0,master,valid_observed_phase_at_origin,ABCD,selection,1,18,spectral_core,local_partition_rf,0,0.08,0,0.04
1921,2020-10,2020-06,4,0,True,0.0,master,valid_observed_phase_at_origin,ABCD,selection,1,18,spectral_core,local_partition_rf,0,0.04,0,0.1
1922,2020-10,2020-06,4,0,True,0.0,master,valid_observed_phase_at_origin,ABCD,selection,1,18,spectral_core,local_partition_rf,0,0.07,0,0.06
1923,2020-10,2020-06,4,0,True,0.0,master,valid_observed_phase_at_origin,ABCD,selection,1,2,spectral_core,local_partition_rf,0,0.25,0,0.14
1924,2020-10,2020-06,4,0,True,0.0,master,valid_observed_phase_at_origin,ABCD,selection,1,18,spectral_core,local_partition_rf,0,0.06,0,0.12
1925,2020-10,2020-06,4,0,True,0.0,master,valid_observed_phase_at_origin,ABCD,selection,1,18,spectral_core,local_partition_rf,0,0.06,0,0.12
1926,2020-10,2020-06,4,0,True,0.0,master,valid_observed_phase_at_origin,ABCD,selection,1,2,spectral_core,local_partition_rf,0,0.11,0,0.06
1927,2020-10,2020-06,4,0,True,0.0,master,valid_observed_phase_at_origin,ABCD,selection,1,2,spectral_core,local_partition_rf,0,0.12,0,0.1
1928,2020-10,2020-06,4,0,True,0.0,master,valid_observed_phase_at_origin,ABCD,selection,1,2,spectral_core,local_partition_rf,0,0.26,0,0.16
1929,2020-10,2020-06,4,0,True,0.0,master,valid_observed_phase_at_origin,ABCD,selection,1,2,spectral_core,local_partition_rf,0,0.14,0,0.06
1930,2020-10,2020-06,4,0,True,1.0,master,valid_observed_phase_at_origin,ABCD,selection,1,2,spectral_core,local_partition_rf,0,0.42,1,0.55
1931,2020-10,2020-06,4,0,True,1.0,master,valid_observed_phase_at_origin,ABCD,selection,1,2,spectral_core,local_partition_rf,1,0.52,1,0.57
1932,2020-10,2020-06,4,0,True,0.0,master,valid_observed_phase_at_origin,ABCD,selection,1,2,spectral_core,local_partition_rf,0,0.23,0,0.13
1933,2020-10,2020-06,4,0,True,0.0,master,valid_observed_phase_at_origin,ABCD,selection,1,18,spectral_core,local_partition_rf,0,0.08,0,0.14
1934,2020-10,2020-06,4,0,True,0.0,master,valid_observed_phase_at_origin,ABCD,selection,1,2,spectral_core,local_partition_rf,0,0.12,0,0.08
1935,2020-10,2020-06,4,0,True,0.0,master,valid_observed_phase_at_origin,ABCD,selection,1,2,spectral_core,local_partition_rf,0,0.13,0,0.08
1936,2020-10,2020-06,4,0,True,0.0,master,valid_observed_phase_at_origin,ABCD,selection,1,2,spectral_core,local_partition_rf,0,0.17,0,0.19
1937,2020-10,2020-06,4,0,True,0.0,master,valid_observed_phase_at_origin,ABCD,selection,1,18,spectral_core,local_partition_rf,0,0.05,0,0.07
1938,2020-10,2020-06,4,0,True,0.0,master,valid_observed_phase_at_origin,ABCD,selection,1,2,spectral_core,local_partition_rf,0,0.19,0,0.12
1939,2020-10,2020-06,4,1,True,1.0,master,valid_observed_phase_at_origin,ABCD,selection,1,2,spectral_core,local_partition_rf,0,0.37,1,0.53
1940,2020-10,2020-06,4,0,True,0.0,master,valid_observed_phase_at_origin,ABCD,selection,1,18,spectral_core,local_partition_rf,0,0.0,0,0.1
1941,2020-10,2020-06,4,0,True,0.0,master,valid_observed_phase_at_origin,ABCD,selection,1,18,spectral_core,local_partition_rf,0,0.04,0,0.07
1942,2020-10,2020-06,4,0,True,1.0,master,valid_observed_phase_at_origin,ABCD,selection,1,2,spectral_core,local_partition_rf,1,0.61,0,0.48
1943,2020-10,2020-06,4,0,True,0.0,master,valid_observed_phase_at_origin,ABCD,selection,1,18,spectral_core,local_partition_rf,0,0.11,0,0.18
1944,2020-10,2020-06,4,0,True,1.0,master,valid_observed_phase_at_origin,ABCD,selection,1,2,spectral_core,local_partition_rf,1,0.59,1,0.55
1945,2020-10,2020-06,4,0,True,1.0,master,valid_observed_phase_at_origin,ABCD,selection,1,2,spectral_core,local_partition_rf,1,0.53,1,0.56
1946,2020-10,2020-06,4,0,True,1.0,master,valid_observed_phase_at_origin,ABCD,selection,1,18,spectral_core,local_partition_rf,0,0.32,0,0.47
1947,2020-10,2020-06,4,0,True,0.0,master,valid_observed_phase_at_origin,ABCD,selection,1,18,spectral_core,local_partition_rf,0,0.06,0,0.1
1948,2020-10,2020-06,4,0,True,0.0,master,valid_observed_phase_at_origin,ABCD,selection,1,18,spectral_core,local_partition_rf,0,0.07,0,0.11
1949,2020-10,2020-06,4,1,True,1.0,master,valid_observed_phase_at_origin,ABCD,selection,1,2,spectral_core,local_partition_rf,0,0.4,0,0.46
1950,2020-10,2020-06,4,0,True,0.0,master,valid_observed_phase_at_origin,ABCD,selection,1,2,spectral_core,local_partition_rf,0,0.09,0,0.08
1951,2020-10,2020-06,4,0,True,0.0,master,valid_observed_phase_at_origin,ABCD,selection,1,2,spectral_core,local_partition_rf,0,0.08,0,0.06
1952,2020-10,2020-06,4,0,True,1.0,master,valid_observed_phase_at_origin,ABCD,selection,1,2,spectral_core,local_partition_rf,0,0.36,1,0.54
1953,2020-10,2020-06,4,0,True,0.0,master,valid_observed_phase_at_origin,ABCD,selection,1,2,spectral_core,local_partition_rf,0,0.11,0,0.12
1954,2020-10,2020-06,4,0,True,1.0,master,valid_observed_phase_at_origin,ABCD,selection,1,18,spectral_core,local_partition_rf,0,0.34,1,0.53
1955,2020-10,2020-06,4,1,True,1.0,master,valid_observed_phase_at_origin,ABCD,selection,1,2,spectral_core,local_partition_rf,1,0.55,1,0.56
1956,2020-10,2020-06,4,0,True,0.0,master,valid_observed_phase_at_origin,ABCD,selection,1,18,spectral_core,local_partition_rf,0,0.06,0,0.12
1957,2020-10,2020-06,4,0,True,1.0,master,valid_observed_phase_at_origin,ABCD,selection,1,18,spectral_core,local_partition_rf,0,0.39,1,0.57
1958,2020-10,2020-06,4,0,True,1.0,master,valid_observed_phase_at_origin,ABCD,selection,1,2,spectral_core,local_partition_rf,1,0.6,1,0.54
1959,2020-10,2020-06,4,0,True,0.0,master,valid_observed_phase_at_origin,ABCD,selection,1,2,spectral_core,local_partition_rf,0,0.25,0,0.1
1960,2020-10,2020-06,4,0,True,0.0,master,valid_observed_phase_at_origin,ABCD,selection,1,18,spectral_core,local_partition_rf,0,0.08,0,0.07
1961,2020-10,2020-06,4,0,True,0.0,master,valid_observed_phase_at_origin,ABCD,selection,1,2,spectral_core,local_partition_rf,0,0.16,0,0.18
1962,2020-10,2020-06,4,0,True,0.0,master,valid_observed_phase_at_origin,ABCD,selection,1,18,spectral_core,local_partition_rf,0,0.05,0,0.11
1963,2020-10,2020-06,4,0,True,0.0,master,valid_observed_phase_at_origin,ABCD,selection,1,2,spectral_core,local_partition_rf,0,0.17,0,0.09
1964,2020-10,2020-06,4,0,True,0.0,master,valid_observed_phase_at_origin,ABCD,selection,1,2,spectral_core,local_partition_rf,0,0.16,0,0.14
1965,2020-10,2020-06,4,0,True,0.0,master,valid_observed_phase_at_origin,ABCD,selection,1,18,spectral_core,local_partition_rf,0,0.09,0,0.1
1966,2020-10,2020-06,4,0,True,0.0,master,valid_observed_phase_at_origin,ABCD,selection,1,2,spectral_core,local_partition_rf,0,0.14,0,0.07
1967,2020-10,2020-06,4,0,True,1.0,master,valid_observed_phase_at_origin,ABCD,selection,1,18,spectral_core,local_partition_rf,0,0.43,1,0.51
1968,2020-10,2020-06,4,0,True,0.0,master,valid_observed_phase_at_origin,ABCD,selection,1,2,spectral_core,local_partition_rf,0,0.13,0,0.07
1969,2020-10,2020-06,4,0,True,0.0,master,valid_observed_phase_at_origin,ABCD,selection,1,18,spectral_core,local_partition_rf,0,0.05,0,0.11
1970,2020-10,2020-06,4,0,True,0.0,master,valid_observed_phase_at_origin,ABCD,selection,1,18,spectral_core,local_partition_rf,0,0.06,0,0.12
1971,2020-10,2020-06,4,0,True,0.0,master,valid_observed_phase_at_origin,ABCD,selection,1,2,spectral_core,local_partition_rf,0,0.1,0,0.07
1972,2020-10,2020-06,4,0,True,0.0,master,valid_observed_phase_at_origin,ABCD,selection,1,2,spectral_core,local_partition_rf,0,0.13,0,0.07
1973,2020-10,2020-06,4,0,True,0.0,master,valid_observed_phase_at_origin,ABCD,selection,1,18,spectral_core,local_partition_rf,0,0.08,0,0.09
1974,2020-10,2020-06,4,0,True,0.0,master,valid_observed_phase_at_origin,ABCD,selection,1,18,spectral_core,local_partition_rf,0,0.03,0,0.1
1975,2020-10,2020-06,4,0,True,0.0,master,valid_observed_phase_at_origin,ABCD,selection,1,18,spectral_core,local_partition_rf,0,0.1,0,0.16
1976,2020-10,2020-06,4,0,True,0.0,master,valid_observed_phase_at_origin,ABCD,selection,1,2,spectral_core,local_partition_rf,0,0.1,0,0.1
1977,2020-10,2020-06,4,0,True,0.0,master,valid_observed_phase_at_origin,ABCD,selection,1,18,spectral_core,local_partition_rf,0,0.04,0,0.11
1978,2020-10,2020-06,4,0,True,1.0,master,valid_observed_phase_at_origin,ABCD,selection,1,2,spectral_core,local_partition_rf,0,0.42,1,0.53
1979,2020-10,2020-06,4,0,True,0.0,master,valid_observed_phase_at_origin,ABCD,selection,1,2,spectral_core,local_partition_rf,0,0.15,0,0.13
1980,2020-10,2020-06,4,0,True,0.0,master,valid_observed_phase_at_origin,ABCD,selection,1,18,spectral_core,local_partition_rf,0,0.05,0,0.12
1981,2020-10,2020-06,4,0,True,0.0,master,valid_observed_phase_at_origin,ABCD,selection,1,2,spectral_core,local_partition_rf,0,0.07,0,0.08
1982,2020-10,2020-06,4,0,True,0.0,master,valid_observed_phase_at_origin,ABCD,selection,1,18,spectral_core,local_partition_rf,0,0.06,0,0.1
1983,2020-10,2020-06,4,0,True,0.0,master,valid_observed_phase_at_origin,ABCD,selection,1,18,spectral_core,local_partition_rf,0,0.1,0,0.16
1984,2020-10,2020-06,4,0,True,0.0,master,valid_observed_phase_at_origin,ABCD,selection,1,2,spectral_core,local_partition_rf,0,0.15,0,0.19
1985,2020-10,2020-06,4,0,True,0.0,master,valid_observed_phase_at_origin,ABCD,selection,1,18,spectral_core,local_partition_rf,0,0.05,0,0.12
1986,2020-10,2020-06,4,0,True,1.0,master,valid_observed_phase_at_origin,ABCD,selection,1,18,spectral_core,local_partition_rf,0,0.39,1,0.51
1987,2020-10,2020-06,4,0,True,0.0,master,valid_observed_phase_at_origin,ABCD,selection,1,18,spectral_core,local_partition_rf,0,0.1,0,0.17
1988,2020-10,2020-06,4,0,True,0.0,master,valid_observed_phase_at_origin,ABCD,selection,1,18,spectral_core,local_partition_rf,0,0.03,0,0.06
1989,2020-10,2020-06,4,0,True,0.0,master,valid_observed_phase_at_origin,ABCD,selection,1,2,spectral_core,local_partition_rf,0,0.11,0,0.11
1990,2020-10,2020-06,4,0,True,0.0,master,valid_observed_phase_at_origin,ABCD,selection,1,18,spectral_core,local_partition_rf,0,0.06,0,0.11
1991,2020-10,2020-06,4,0,True,0.0,master,valid_observed_phase_at_origin,ABCD,selection,1,2,spectral_core,local_partition_rf,0,0.11,0,0.1
1992,2020-10,2020-06,4,0,True,0.0,master,valid_observed_phase_at_origin,ABCD,selection,1,2,spectral_core,local_partition_rf,0,0.2,0,0.1
1993,2020-10,2020-06,4,0,True,0.0,master,valid_observed_phase_at_origin,ABCD,selection,1,2,spectral_core,local_partition_rf,0,0.13,0,0.09
1994,2020-10,2020-06,4,0,True,0.0,master,valid_observed_phase_at_origin,ABCD,selection,1,18,spectral_core,local_partition_rf,0,0.08,0,0.07
1995,2020-10,2020-06,4,1,True,1.0,master,valid_observed_phase_at_origin,ABCD,selection,1,2,spectral_core,local_partition_rf,0,0.33,0,0.44
1996,2020-10,2020-06,4,0,True,0.0,master,valid_observed_phase_at_origin,ABCD,selection,1,18,spectral_core,local_partition_rf,0,0.09,0,0.12
1997,2020-10,2020-06,4,0,True,0.0,master,valid_observed_phase_at_origin,ABCD,selection,1,2,spectral_core,local_partition_rf,0,0.19,0,0.13
1998,2020-10,2020-06,4,0,True,0.0,master,valid_observed_phase_at_origin,ABCD,selection,1,2,spectral_core,local_partition_rf,0,0.21,0,0.12
1999,2020-10,2020-06,4,0,True,0.0,master,valid_observed_phase_at_origin,ABCD,selection,1,2,spectral_core,local_partition_rf,0,0.15,0,0.09
2000,2020-10,2020-06,4,0,True,0.0,master,valid_observed_phase_at_origin,ABCD,selection,1,2,spectral_core,local_partition_rf,0,0.17,0,0.13
2001,2020-10,2020-06,4,0,True,0.0,master,valid_observed_phase_at_origin,ABCD,selection,1,2,spectral_core,local_partition_rf,0,0.15,0,0.07
2002,2020-10,2020-06,4,1,True,1.0,master,valid_observed_phase_at_origin,ABCD,selection,1,2,spectral_core,local_partition_rf,0,0.43,0,0.42
2003,2020-10,2020-06,4,0,True,0.0,master,valid_observed_phase_at_origin,ABCD,selection,1,2,spectral_core,local_partition_rf,0,0.13,0,0.1
2004,2020-10,2020-06,4,0,True,1.0,master,valid_observed_phase_at_origin,ABCD,selection,1,2,spectral_core,local_partition_rf,0,0.41,0,0.43
2005,2020-10,2020-06,4,0,True,1.0,master,valid_observed_phase_at_origin,ABCD,selection,1,2,spectral_core,local_partition_rf,0,0.34,0,0.49
2006,2020-10,2020-06,4,0,True,0.0,master,valid_observed_phase_at_origin,ABCD,selection,1,2,spectral_core,local_partition_rf,0,0.11,0,0.11
2007,2020-10,2020-06,4,1,True,0.0,master,valid_observed_phase_at_origin,ABCD,selection,1,2,spectral_core,local_partition_rf,0,0.29,0,0.21
2008,2020-10,2020-06,4,0,True,1.0,master,valid_observed_phase_at_origin,ABCD,selection,1,2,spectral_core,local_partition_rf,0,0.48,0,0.42
2009,2020-10,2020-06,4,0,True,0.0,master,valid_observed_phase_at_origin,ABCD,selection,1,2,spectral_core,local_partition_rf,0,0.16,0,0.1
2010,2020-10,2020-06,4,0,True,0.0,master,valid_observed_phase_at_origin,ABCD,selection,1,2,spectral_core,local_partition_rf,0,0.11,0,0.1
2011,2020-10,2020-06,4,0,True,0.0,master,valid_observed_phase_at_origin,ABCD,selection,1,2,spectral_core,local_partition_rf,0,0.12,0,0.1
2012,2020-10,2020-06,4,0,True,0.0,master,valid_observed_phase_at_origin,ABCD,selection,1,2,spectral_core,local_partition_rf,0,0.25,0,0.17
2013,2020-10,2020-06,4,0,True,0.0,master,valid_observed_phase_at_origin,ABCD,selection,1,18,spectral_core,local_partition_rf,0,0.03,0,0.11
2014,2020-10,2020-06,4,0,True,0.0,master,valid_observed_phase_at_origin,ABCD,selection,1,18,spectral_core,local_partition_rf,0,0.06,0,0.11
2015,2020-10,2020-06,4,1,True,1.0,master,valid_observed_phase_at_origin,ABCD,selection,1,2,spectral_core,local_partition_rf,1,0.53,1,0.56
2016,2020-10,2020-06,4,0,True,0.0,master,valid_observed_phase_at_origin,ABCD,selection,1,2,spectral_core,local_partition_rf,0,0.18,0,0.12
2017,2020-10,2020-06,4,0,True,0.0,master,valid_observed_phase_at_origin,ABCD,selection,1,2,spectral_core,local_partition_rf,0,0.3,0,0.24
2018,2020-10,2020-06,4,0,True,0.0,master,valid_observed_phase_at_origin,ABCD,selection,1,18,spectral_core,local_partition_rf,0,0.05,0,0.07
2019,2020-10,2020-06,4,0,True,0.0,master,valid_observed_phase_at_origin,ABCD,selection,1,2,spectral_core,local_partition_rf,0,0.12,0,0.06
2020,2020-10,2020-06,4,0,True,0.0,master,valid_observed_phase_at_origin,ABCD,selection,1,2,spectral_core,local_partition_rf,0,0.13,0,0.09
2021,2020-10,2020-06,4,0,True,0.0,master,valid_observed_phase_at_origin,ABCD,selection,1,2,spectral_core,local_partition_rf,0,0.22,0,0.12
2022,2020-10,2020-06,4,0,True,0.0,master,valid_observed_phase_at_origin,ABCD,selection,1,2,spectral_core,local_partition_rf,0,0.33,0,0.27
2023,2020-10,2020-06,4,0,True,0.0,master,valid_observed_phase_at_origin,ABCD,selection,1,2,spectral_core,local_partition_rf,0,0.15,0,0.08
2024,2020-10,2020-06,4,0,True,0.0,master,valid_observed_phase_at_origin,ABCD,selection,1,2,spectral_core,local_partition_rf,0,0.13,0,0.08
2025,2020-10,2020-06,4,0,True,0.0,master,valid_observed_phase_at_origin,ABCD,selection,1,2,spectral_core,local_partition_rf,0,0.14,0,0.1
2026,2020-10,2020-06,4,0,True,0.0,master,valid_observed_phase_at_origin,ABCD,selection,1,2,spectral_core,local_partition_rf,0,0.14,0,0.11
2027,2020-10,2020-06,4,0,True,0.0,master,valid_observed_phase_at_origin,ABCD,selection,1,2,spectral_core,local_partition_rf,0,0.12,0,0.14
2028,2020-10,2020-06,4,0,True,0.0,master,valid_observed_phase_at_origin,ABCD,selection,1,2,spectral_core,local_partition_rf,0,0.25,0,0.14
2029,2020-10,2020-06,4,0,True,0.0,master,valid_observed_phase_at_origin,ABCD,selection,1,2,spectral_core,local_partition_rf,0,0.15,0,0.07
2030,2020-10,2020-06,4,0,True,0.0,master,valid_observed_phase_at_origin,ABCD,selection,1,2,spectral_core,local_partition_rf,0,0.22,0,0.1
2031,2020-10,2020-06,4,0,True,0.0,master,valid_observed_phase_at_origin,ABCD,selection,1,2,spectral_core,local_partition_rf,0,0.16,0,0.08
2032,2020-10,2020-06,4,0,True,0.0,master,valid_observed_phase_at_origin,ABCD,selection,1,2,spectral_core,local_partition_rf,0,0.06,0,0.07
2033,2020-10,2020-06,4,0,True,0.0,master,valid_observed_phase_at_origin,ABCD,selection,1,2,spectral_core,local_partition_rf,0,0.09,0,0.06
2034,2020-10,2020-06,4,0,True,0.0,master,valid_observed_phase_at_origin,ABCD,selection,1,2,spectral_core,local_partition_rf,0,0.19,0,0.1
2035,2020-10,2020-06,4,0,True,0.0,master,valid_observed_phase_at_origin,ABCD,selection,1,2,spectral_core,local_partition_rf,0,0.19,0,0.12
2036,2020-10,2020-06,4,0,True,0.0,master,valid_observed_phase_at_origin,ABCD,selection,1,2,spectral_core,local_partition_rf,0,0.16,0,0.11
2037,2020-10,2020-06,4,0,True,0.0,master,valid_observed_phase_at_origin,ABCD,selection,1,2,spectral_core,local_partition_rf,0,0.15,0,0.09
2038,2020-10,2020-06,4,0,True,1.0,master,valid_observed_phase_at_origin,ABCD,selection,1,2,spectral_core,local_partition_rf,0,0.42,1,0.61
2039,2020-10,2020-06,4,0,True,0.0,master,valid_observed_phase_at_origin,ABCD,selection,1,2,spectral_core,local_partition_rf,0,0.17,0,0.05
2040,2020-10,2020-06,4,0,True,0.0,master,valid_observed_phase_at_origin,ABCD,selection,1,2,spectral_core,local_partition_rf,0,0.09,0,0.03
2041,2020-10,2020-06,4,0,True,0.0,master,valid_observed_phase_at_origin,ABCD,selection,1,2,spectral_core,local_partition_rf,0,0.12,0,0.08
2042,2020-10,2020-06,4,0,True,0.0,master,valid_observed_phase_at_origin,ABCD,selection,1,2,spectral_core,local_partition_rf,0,0.18,0,0.06
2043,2020-10,2020-06,4,0,True,0.0,master,valid_observed_phase_at_origin,ABCD,selection,1,2,spectral_core,local_partition_rf,0,0.24,0,0.15
2044,2020-10,2020-06,4,0,True,0.0,master,valid_observed_phase_at_origin,ABCD,selection,1,18,spectral_core,local_partition_rf,0,0.02,0,0.08
2045,2020-10,2020-06,4,0,True,0.0,master,valid_observed_phase_at_origin,ABCD,selection,1,18,spectral_core,local_partition_rf,0,0.13,0,0.17
2046,2020-10,2020-06,4,0,True,0.0,master,valid_observed_phase_at_origin,ABCD,selection,1,18,spectral_core,local_partition_rf,0,0.05,0,0.08
2047,2020-10,2020-06,4,0,True,0.0,master,valid_observed_phase_at_origin,ABCD,selection,1,18,spectral_core,local_partition_rf,0,0.06,0,0.11
2048,2020-10,2020-06,4,0,True,0.0,master,valid_observed_phase_at_origin,ABCD,selection,1,18,spectral_core,local_partition_rf,0,0.06,0,0.09
2049,2020-10,2020-06,4,0,True,0.0,master,valid_observed_phase_at_origin,ABCD,selection,1,18,spectral_core,local_partition_rf,0,0.03,0,0.07
2050,2020-10,2020-06,4,0,True,1.0,master,valid_observed_phase_at_origin,ABCD,selection,1,18,spectral_core,local_partition_rf,0,0.39,1,0.52
2051,2020-10,2020-06,4,0,True,0.0,master,valid_observed_phase_at_origin,ABCD,selection,1,2,spectral_core,local_partition_rf,0,0.25,0,0.15
2052,2020-10,2020-06,4,0,True,0.0,master,valid_observed_phase_at_origin,ABCD,selection,1,11,spectral_core,local_partition_rf,0,0.2,0,0.19
2053,2020-10,2020-06,4,0,True,0.0,master,valid_observed_phase_at_origin,ABCD,selection,1,2,spectral_core,local_partition_rf,0,0.2,0,0.18
2054,2020-10,2020-06,4,0,True,1.0,master,valid_observed_phase_at_origin,ABCD,selection,1,18,spectral_core,local_partition_rf,0,0.44,1,0.57
2055,2020-10,2020-06,4,0,True,0.0,master,valid_observed_phase_at_origin,ABCD,selection,1,2,spectral_core,local_partition_rf,0,0.36,0,0.2
2056,2020-10,2020-06,4,0,True,0.0,master,valid_observed_phase_at_origin,ABCD,selection,1,2,spectral_core,local_partition_rf,0,0.16,0,0.15
2057,2020-10,2020-06,4,0,True,0.0,master,valid_observed_phase_at_origin,ABCD,selection,1,2,spectral_core,local_partition_rf,0,0.12,0,0.06
2058,2020-10,2020-06,4,0,True,1.0,master,valid_observed_phase_at_origin,ABCD,selection,1,2,spectral_core,local_partition_rf,0,0.45,0,0.5
2059,2020-10,2020-06,4,0,True,0.0,master,valid_observed_phase_at_origin,ABCD,selection,1,2,spectral_core,local_partition_rf,0,0.16,0,0.06
2060,2020-10,2020-06,4,0,True,0.0,master,valid_observed_phase_at_origin,ABCD,selection,1,2,spectral_core,local_partition_rf,0,0.19,0,0.14
2061,2020-10,2020-06,4,0,True,0.0,master,valid_observed_phase_at_origin,ABCD,selection,1,2,spectral_core,local_partition_rf,0,0.22,0,0.11
2062,2020-10,2020-06,4,0,True,1.0,master,valid_observed_phase_at_origin,ABCD,selection,1,18,spectral_core,local_partition_rf,0,0.43,1,0.62
2063,2020-10,2020-06,4,0,True,0.0,master,valid_observed_phase_at_origin,ABCD,selection,1,2,spectral_core,local_partition_rf,0,0.22,0,0.07
2064,2020-10,2020-06,4,0,True,0.0,master,valid_observed_phase_at_origin,ABCD,selection,1,2,spectral_core,local_partition_rf,0,0.2,0,0.14
2065,2020-10,2020-06,4,0,True,0.0,master,valid_observed_phase_at_origin,ABCD,selection,1,2,spectral_core,local_partition_rf,0,0.08,0,0.08
2066,2020-10,2020-06,4,0,True,0.0,master,valid_observed_phase_at_origin,ABCD,selection,1,2,spectral_core,local_partition_rf,0,0.14,0,0.08
2067,2020-10,2020-06,4,0,True,0.0,master,valid_observed_phase_at_origin,ABCD,selection,1,2,spectral_core,local_partition_rf,0,0.11,0,0.04
2068,2020-10,2020-06,4,0,True,0.0,master,valid_observed_phase_at_origin,ABCD,selection,1,2,spectral_core,local_partition_rf,0,0.17,0,0.09
2069,2020-10,2020-06,4,0,True,0.0,master,valid_observed_phase_at_origin,ABCD,selection,1,2,spectral_core,local_partition_rf,0,0.09,0,0.05
2070,2020-10,2020-06,4,0,True,0.0,master,valid_observed_phase_at_origin,ABCD,selection,1,2,spectral_core,local_partition_rf,0,0.09,0,0.08
2071,2020-10,2020-06,4,0,True,0.0,master,valid_observed_phase_at_origin,ABCD,selection,1,2,spectral_core,local_partition_rf,0,0.1,0,0.15
2072,2020-10,2020-06,4,0,True,1.0,master,valid_observed_phase_at_origin,ABCD,selection,1,18,spectral_core,local_partition_rf,0,0.29,0,0.5
2073,2020-10,2020-06,4,0,True,0.0,master,valid_observed_phase_at_origin,ABCD,selection,1,18,spectral_core,local_partition_rf,0,0.08,0,0.13
2074,2020-10,2020-06,4,0,True,0.0,master,valid_observed_phase_at_origin,ABCD,selection,1,18,spectral_core,local_partition_rf,0,0.04,0,0.05
2075,2020-10,2020-06,4,0,True,0.0,master,valid_observed_phase_at_origin,ABCD,selection,1,18,spectral_core,local_partition_rf,0,0.03,0,0.06
2076,2020-10,2020-06,4,0,True,1.0,master,valid_observed_phase_at_origin,ABCD,selection,1,18,spectral_core,local_partition_rf,0,0.44,0,0.5
2077,2020-10,2020-06,4,0,True,0.0,master,valid_observed_phase_at_origin,ABCD,selection,1,18,spectral_core,local_partition_rf,0,0.06,0,0.1
2078,2020-10,2020-06,4,0,True,1.0,master,valid_observed_phase_at_origin,ABCD,selection,1,2,spectral_core,local_partition_rf,0,0.42,0,0.42
2079,2020-10,2020-06,4,0,True,0.0,master,valid_observed_phase_at_origin,ABCD,selection,1,2,spectral_core,local_partition_rf,0,0.13,0,0.09
2080,2020-10,2020-06,4,0,True,0.0,master,valid_observed_phase_at_origin,ABCD,selection,1,2,spectral_core,local_partition_rf,0,0.2,0,0.13
2081,2020-10,2020-06,4,0,True,0.0,master,valid_observed_phase_at_origin,ABCD,selection,1,2,spectral_core,local_partition_rf,0,0.2,0,0.15
2082,2020-10,2020-06,4,0,True,0.0,master,valid_observed_phase_at_origin,ABCD,selection,1,18,spectral_core,local_partition_rf,0,0.05,0,0.09
2083,2020-10,2020-06,4,0,True,1.0,master,valid_observed_phase_at_origin,ABCD,selection,1,2,spectral_core,local_partition_rf,0,0.49,1,0.56
2084,2020-10,2020-06,4,0,True,0.0,master,valid_observed_phase_at_origin,ABCD,selection,1,2,spectral_core,local_partition_rf,0,0.13,0,0.09
2085,2020-10,2020-06,4,0,True,1.0,master,valid_observed_phase_at_origin,ABCD,selection,1,2,spectral_core,local_partition_rf,1,0.56,0,0.48
2086,2020-10,2020-06,4,0,True,1.0,master,valid_observed_phase_at_origin,ABCD,selection,1,2,spectral_core,local_partition_rf,0,0.44,1,0.54
2087,2020-10,2020-06,4,0,True,0.0,master,valid_observed_phase_at_origin,ABCD,selection,1,18,spectral_core,local_partition_rf,0,0.12,0,0.15
2088,2020-10,2020-06,4,0,True,0.0,master,valid_observed_phase_at_origin,ABCD,selection,1,2,spectral_core,local_partition_rf,0,0.08,0,0.11
2089,2020-10,2020-06,4,0,True,0.0,master,valid_observed_phase_at_origin,ABCD,selection,1,2,spectral_core,local_partition_rf,0,0.14,0,0.18
2090,2020-10,2020-06,4,0,True,0.0,master,valid_observed_phase_at_origin,ABCD,selection,1,18,spectral_core,local_partition_rf,0,0.08,0,0.12
2091,2020-10,2020-06,4,0,True,0.0,master,valid_observed_phase_at_origin,ABCD,selection,1,2,spectral_core,local_partition_rf,0,0.07,0,0.07
2092,2020-10,2020-06,4,0,True,0.0,master,valid_observed_phase_at_origin,ABCD,selection,1,2,spectral_core,local_partition_rf,0,0.14,0,0.05
2093,2020-10,2020-06,4,1,True,1.0,master,valid_observed_phase_at_origin,ABCD,selection,1,2,spectral_core,local_partition_rf,1,0.64,1,0.53
2094,2020-10,2020-06,4,0,True,0.0,master,valid_observed_phase_at_origin,ABCD,selection,1,18,spectral_core,local_partition_rf,0,0.06,0,0.14
2095,2020-10,2020-06,4,0,True,0.0,master,valid_observed_phase_at_origin,ABCD,selection,1,2,spectral_core,local_partition_rf,0,0.18,0,0.09
2096,2020-10,2020-06,4,1,True,1.0,master,valid_observed_phase_at_origin,ABCD,selection,1,2,spectral_core,local_partition_rf,0,0.39,1,0.53
2097,2020-10,2020-06,4,0,True,0.0,master,valid_observed_phase_at_origin,ABCD,selection,1,18,spectral_core,local_partition_rf,0,0.07,0,0.06
2098,2020-10,2020-06,4,0,True,1.0,master,valid_observed_phase_at_origin,ABCD,selection,1,2,spectral_core,local_partition_rf,0,0.42,1,0.51
2099,2020-10,2020-06,4,0,True,0.0,master,valid_observed_phase_at_origin,ABCD,selection,1,18,spectral_core,local_partition_rf,0,0.09,0,0.12
2100,2020-10,2020-06,4,0,True,0.0,master,valid_observed_phase_at_origin,ABCD,selection,1,18,spectral_core,local_partition_rf,0,0.03,0,0.05
2101,2020-10,2020-06,4,0,True,0.0,master,valid_observed_phase_at_origin,ABCD,selection,1,2,spectral_core,local_partition_rf,0,0.14,0,0.07
2102,2020-10,2020-06,4,0,True,0.0,master,valid_observed_phase_at_origin,ABCD,selection,1,2,spectral_core,local_partition_rf,0,0.09,0,0.04
2103,2020-10,2020-06,4,0,True,0.0,master,valid_observed_phase_at_origin,ABCD,selection,1,18,spectral_core,local_partition_rf,0,0.04,0,0.06
2104,2020-10,2020-06,4,0,True,0.0,master,valid_observed_phase_at_origin,ABCD,selection,1,2,spectral_core,local_partition_rf,0,0.31,0,0.19
2105,2020-10,2020-06,4,0,True,0.0,master,valid_observed_phase_at_origin,ABCD,selection,1,18,spectral_core,local_partition_rf,0,0.06,0,0.08
2106,2020-10,2020-06,4,0,True,0.0,master,valid_observed_phase_at_origin,ABCD,selection,1,2,spectral_core,local_partition_rf,0,0.09,0,0.08
2107,2020-10,2020-06,4,0,True,0.0,master,valid_observed_phase_at_origin,ABCD,selection,1,2,spectral_core,local_partition_rf,0,0.11,0,0.14
2108,2020-10,2020-06,4,0,True,0.0,master,valid_observed_phase_at_origin,ABCD,selection,1,2,spectral_core,local_partition_rf,0,0.15,0,0.07
2109,2020-10,2020-06,4,0,True,0.0,master,valid_observed_phase_at_origin,ABCD,selection,1,2,spectral_core,local_partition_rf,0,0.25,0,0.17
2110,2020-10,2020-06,4,0,True,0.0,master,valid_observed_phase_at_origin,ABCD,selection,1,2,spectral_core,local_partition_rf,0,0.24,0,0.09
2111,2020-10,2020-06,4,0,True,1.0,master,valid_observed_phase_at_origin,ABCD,selection,1,18,spectral_core,local_partition_rf,0,0.35,1,0.51
2112,2020-10,2020-06,4,0,True,0.0,master,valid_observed_phase_at_origin,ABCD,selection,1,18,spectral_core,local_partition_rf,0,0.06,0,0.03
2113,2020-10,2020-06,4,0,True,0.0,master,valid_observed_phase_at_origin,ABCD,selection,1,18,spectral_core,local_partition_rf,0,0.09,0,0.12
2114,2020-10,2020-06,4,1,True,1.0,master,valid_observed_phase_at_origin,ABCD,selection,1,2,spectral_core,local_partition_rf,0,0.41,0,0.5
2115,2020-10,2020-06,4,0,True,0.0,master,valid_observed_phase_at_origin,ABCD,selection,1,18,spectral_core,local_partition_rf,0,0.06,0,0.04
2116,2020-10,2020-06,4,0,True,0.0,master,valid_observed_phase_at_origin,ABCD,selection,1,2,spectral_core,local_partition_rf,0,0.13,0,0.06
2117,2020-10,2020-06,4,0,True,0.0,master,valid_observed_phase_at_origin,ABCD,selection,1,2,spectral_core,local_partition_rf,0,0.15,0,0.1
2118,2020-10,2020-06,4,0,True,0.0,master,valid_observed_phase_at_origin,ABCD,selection,1,2,spectral_core,local_partition_rf,0,0.11,0,0.11
2119,2020-10,2020-06,4,0,True,0.0,master,valid_observed_phase_at_origin,ABCD,selection,1,2,spectral_core,local_partition_rf,0,0.12,0,0.07
2120,2020-10,2020-06,4,0,True,0.0,master,valid_observed_phase_at_origin,ABCD,selection,1,2,spectral_core,local_partition_rf,0,0.26,0,0.07
2121,2020-10,2020-06,4,0,True,0.0,master,valid_observed_phase_at_origin,ABCD,selection,1,2,spectral_core,local_partition_rf,0,0.11,0,0.09
2122,2020-10,2020-06,4,0,True,0.0,master,valid_observed_phase_at_origin,ABCD,selection,1,2,spectral_core,local_partition_rf,0,0.25,0,0.15
2123,2020-10,2020-06,4,0,True,0.0,master,valid_observed_phase_at_origin,ABCD,selection,1,18,spectral_core,local_partition_rf,0,0.05,0,0.1
2124,2020-10,2020-06,4,0,True,1.0,master,valid_observed_phase_at_origin,ABCD,selection,1,2,spectral_core,local_partition_rf,1,0.56,1,0.59
2125,2020-10,2020-06,4,0,True,0.0,master,valid_observed_phase_at_origin,ABCD,selection,1,2,spectral_core,local_partition_rf,0,0.21,0,0.07
2126,2020-10,2020-06,4,0,True,0.0,master,valid_observed_phase_at_origin,ABCD,selection,1,18,spectral_core,local_partition_rf,0,0.08,0,0.08
2127,2020-10,2020-06,4,0,True,0.0,master,valid_observed_phase_at_origin,ABCD,selection,1,2,spectral_core,local_partition_rf,0,0.14,0,0.17
2128,2020-10,2020-06,4,0,True,0.0,master,valid_observed_phase_at_origin,ABCD,selection,1,2,spectral_core,local_partition_rf,0,0.1,0,0.12
2129,2020-10,2020-06,4,1,True,1.0,master,valid_observed_phase_at_origin,ABCD,selection,1,2,spectral_core,local_partition_rf,1,0.61,1,0.58
2130,2020-10,2020-06,4,0,True,1.0,master,valid_observed_phase_at_origin,ABCD,selection,1,18,spectral_core,local_partition_rf,0,0.37,1,0.55
2131,2020-10,2020-06,4,0,True,0.0,master,valid_observed_phase_at_origin,ABCD,selection,1,18,spectral_core,local_partition_rf,0,0.05,0,0.09
2132,2020-10,2020-06,4,0,True,0.0,master,valid_observed_phase_at_origin,ABCD,selection,1,2,spectral_core,local_partition_rf,0,0.13,0,0.07
2133,2020-10,2020-06,4,0,True,0.0,master,valid_observed_phase_at_origin,ABCD,selection,1,18,spectral_core,local_partition_rf,0,0.05,0,0.07
2134,2020-10,2020-06,4,0,True,0.0,master,valid_observed_phase_at_origin,ABCD,selection,1,2,spectral_core,local_partition_rf,0,0.12,0,0.11
2135,2020-10,2020-06,4,0,True,0.0,master,valid_observed_phase_at_origin,ABCD,selection,1,2,spectral_core,local_partition_rf,0,0.14,0,0.07
2136,2020-10,2020-06,4,0,True,0.0,master,valid_observed_phase_at_origin,ABCD,selection,1,2,spectral_core,local_partition_rf,0,0.09,0,0.08
2137,2020-10,2020-06,4,0,True,0.0,master,valid_observed_phase_at_origin,ABCD,selection,1,18,spectral_core,local_partition_rf,0,0.06,0,0.08
2138,2020-10,2020-06,4,0,True,0.0,master,valid_observed_phase_at_origin,ABCD,selection,1,2,spectral_core,local_partition_rf,0,0.26,0,0.18
2139,2020-10,2020-06,4,0,True,0.0,master,valid_observed_phase_at_origin,ABCD,selection,1,2,spectral_core,local_partition_rf,0,0.27,0,0.24
2140,2020-10,2020-06,4,0,True,0.0,master,valid_observed_phase_at_origin,ABCD,selection,1,2,spectral_core,local_partition_rf,0,0.15,0,0.12
2141,2020-10,2020-06,4,1,True,0.0,master,valid_observed_phase_at_origin,ABCD,selection,1,2,spectral_core,local_partition_rf,1,0.59,0,0.24
2142,2020-10,2020-06,4,0,True,0.0,master,valid_observed_phase_at_origin,ABCD,selection,1,18,spectral_core,local_partition_rf,0,0.07,0,0.11
2143,2020-10,2020-06,4,0,True,0.0,master,valid_observed_phase_at_origin,ABCD,selection,1,2,spectral_core,local_partition_rf,0,0.23,0,0.14
2144,2020-10,2020-06,4,0,True,0.0,master,valid_observed_phase_at_origin,ABCD,selection,1,18,spectral_core,local_partition_rf,0,0.16,0,0.19
2145,2020-10,2020-06,4,0,True,0.0,master,valid_observed_phase_at_origin,ABCD,selection,1,2,spectral_core,local_partition_rf,0,0.24,0,0.15
2146,2020-10,2020-06,4,0,True,0.0,master,valid_observed_phase_at_origin,ABCD,selection,1,18,spectral_core,local_partition_rf,0,0.06,0,0.15
2147,2020-10,2020-06,4,0,True,0.0,master,valid_observed_phase_at_origin,ABCD,selection,1,18,spectral_core,local_partition_rf,0,0.09,0,0.16
2148,2020-10,2020-06,4,0,True,0.0,master,valid_observed_phase_at_origin,ABCD,selection,1,18,spectral_core,local_partition_rf,0,0.04,0,0.12
2149,2020-10,2020-06,4,0,True,1.0,master,valid_observed_phase_at_origin,ABCD,selection,1,18,spectral_core,local_partition_rf,0,0.37,1,0.57
2150,2020-10,2020-06,4,0,True,0.0,master,valid_observed_phase_at_origin,ABCD,selection,1,18,spectral_core,local_partition_rf,0,0.07,0,0.13
2151,2020-10,2020-06,4,0,True,0.0,master,valid_observed_phase_at_origin,ABCD,selection,1,2,spectral_core,local_partition_rf,0,0.13,0,0.1
2152,2020-10,2020-06,4,1,True,0.0,master,valid_observed_phase_at_origin,ABCD,selection,1,-1,unassigned_nearest_donor_beyond_100km,pooled_unassigned_area,0,0.22,0,0.22
2153,2020-10,2020-06,4,1,True,0.0,master,valid_observed_phase_at_origin,ABCD,selection,1,-1,unassigned_nearest_donor_beyond_100km,pooled_unassigned_area,0,0.11,0,0.11
2154,2020-10,2020-06,4,1,True,0.0,master,valid_observed_phase_at_origin,ABCD,selection,1,-1,unassigned_nearest_donor_beyond_100km,pooled_unassigned_area,0,0.13,0,0.13
2155,2020-10,2020-06,4,1,True,0.0,master,valid_observed_phase_at_origin,ABCD,selection,1,-1,unassigned_nearest_donor_beyond_100km,pooled_unassigned_area,0,0.08,0,0.08
2156,2020-10,2020-06,4,1,True,0.0,master,valid_observed_phase_at_origin,ABCD,selection,1,-1,unassigned_nearest_donor_beyond_100km,pooled_unassigned_area,0,0.13,0,0.13
2157,2020-10,2020-06,4,1,True,0.0,master,valid_observed_phase_at_origin,ABCD,selection,1,-1,unassigned_nearest_donor_beyond_100km,pooled_unassigned_area,0,0.11,0,0.11
2158,2020-10,2020-06,4,1,True,0.0,master,valid_observed_phase_at_origin,ABCD,selection,1,-1,unassigned_nearest_donor_beyond_100km,pooled_unassigned_area,0,0.15,0,0.15
2159,2020-10,2020-06,4,1,True,0.0,master,valid_observed_phase_at_origin,ABCD,selection,1,-1,unassigned_nearest_donor_beyond_100km,pooled_unassigned_area,0,0.15,0,0.15
2160,2020-10,2020-06,4,0,True,0.0,master,valid_observed_phase_at_origin,ABCD,selection,1,-1,unassigned_nearest_donor_beyond_100km,pooled_unassigned_area,0,0.12,0,0.12
2161,2020-10,2020-06,4,1,True,0.0,master,valid_observed_phase_at_origin,ABCD,selection,1,-1,unassigned_nearest_donor_beyond_100km,pooled_unassigned_area,0,0.16,0,0.16
2162,2020-10,2020-06,4,1,True,0.0,master,valid_observed_phase_at_origin,ABCD,selection,1,-1,unassigned_nearest_donor_beyond_100km,pooled_unassigned_area,0,0.15,0,0.15
2163,2020-10,2020-06,4,1,True,0.0,master,valid_observed_phase_at_origin,ABCD,selection,1,-1,unassigned_nearest_donor_beyond_100km,pooled_unassigned_area,0,0.13,0,0.13
2164,2020-10,2020-06,4,1,True,0.0,master,valid_observed_phase_at_origin,ABCD,selection,1,-1,unassigned_nearest_donor_beyond_100km,pooled_unassigned_area,0,0.11,0,0.11
2165,2020-10,2020-06,4,1,True,0.0,master,valid_observed_phase_at_origin,ABCD,selection,1,-1,unassigned_nearest_donor_beyond_100km,pooled_unassigned_area,0,0.13,0,0.13
2166,2020-10,2020-06,4,1,True,0.0,master,valid_observed_phase_at_origin,ABCD,selection,1,-1,unassigned_nearest_donor_beyond_100km,pooled_unassigned_area,0,0.13,0,0.13
2167,2020-10,2020-06,4,1,True,0.0,master,valid_observed_phase_at_origin,ABCD,selection,1,-1,unassigned_nearest_donor_beyond_100km,pooled_unassigned_area,0,0.08,0,0.08
2168,2020-10,2020-06,4,1,True,0.0,master,valid_observed_phase_at_origin,ABCD,selection,1,-1,unassigned_nearest_donor_beyond_100km,pooled_unassigned_area,0,0.08,0,0.08
2169,2020-10,2020-06,4,1,True,0.0,master,valid_observed_phase_at_origin,ABCD,selection,1,-1,unassigned_nearest_donor_beyond_100km,pooled_unassigned_area,0,0.09,0,0.09
2170,2020-10,2020-06,4,1,True,0.0,master,valid_observed_phase_at_origin,ABCD,selection,1,-1,unassigned_nearest_donor_beyond_100km,pooled_unassigned_area,0,0.09,0,0.09
2171,2020-10,2020-06,4,1,True,0.0,master,valid_observed_phase_at_origin,ABCD,selection,1,-1,unassigned_nearest_donor_beyond_100km,pooled_unassigned_area,0,0.1,0,0.1
2172,2020-10,2020-06,4,0,True,0.0,master,valid_observed_phase_at_origin,ABCD,selection,1,-1,unassigned_nearest_donor_beyond_100km,pooled_unassigned_area,0,0.07,0,0.07
2173,2020-10,2020-06,4,0,True,0.0,master,valid_observed_phase_at_origin,ABCD,selection,1,-1,unassigned_nearest_donor_beyond_100km,pooled_unassigned_area,0,0.05,0,0.05
2174,2020-10,2020-06,4,0,True,0.0,master,valid_observed_phase_at_origin,ABCD,selection,1,-1,unassigned_nearest_donor_beyond_100km,pooled_unassigned_area,0,0.07,0,0.07
2175,2020-10,2020-06,4,0,True,0.0,master,valid_observed_phase_at_origin,ABCD,selection,1,-1,unassigned_nearest_donor_beyond_100km,pooled_unassigned_area,0,0.06,0,0.06
2176,2020-10,2020-06,4,0,True,0.0,master,valid_observed_phase_at_origin,ABCD,selection,1,-1,unassigned_nearest_donor_beyond_100km,pooled_unassigned_area,0,0.08,0,0.08
2177,2020-10,2020-06,4,0,True,0.0,master,valid_observed_phase_at_origin,ABCD,selection,1,-1,unassigned_nearest_donor_beyond_100km,pooled_unassigned_area,0,0.08,0,0.08
2178,2020-10,2020-06,4,0,True,0.0,master,valid_observed_phase_at_origin,ABCD,selection,1,-1,unassigned_nearest_donor_beyond_100km,pooled_unassigned_area,0,0.09,0,0.09
2179,2020-10,2020-06,4,0,True,0.0,master,valid_observed_phase_at_origin,ABCD,selection,1,-1,unassigned_nearest_donor_beyond_100km,pooled_unassigned_area,0,0.11,0,0.11
2180,2020-10,2020-06,4,0,True,0.0,master,valid_observed_phase_at_origin,ABCD,selection,1,-1,unassigned_nearest_donor_beyond_100km,pooled_unassigned_area,0,0.1,0,0.1
2181,2020-10,2020-06,4,0,True,0.0,master,valid_observed_phase_at_origin,ABCD,selection,1,-1,unassigned_nearest_donor_beyond_100km,pooled_unassigned_area,0,0.07,0,0.07
2182,2020-10,2020-06,4,0,True,0.0,master,valid_observed_phase_at_origin,ABCD,selection,1,-1,unassigned_nearest_donor_beyond_100km,pooled_unassigned_area,0,0.07,0,0.07
2183,2020-10,2020-06,4,1,True,0.0,master,valid_observed_phase_at_origin,ABCD,selection,1,-1,unassigned_nearest_donor_beyond_100km,pooled_unassigned_area,0,0.11,0,0.11
2184,2020-10,2020-06,4,1,True,0.0,master,valid_observed_phase_at_origin,ABCD,selection,1,-1,unassigned_nearest_donor_beyond_100km,pooled_unassigned_area,0,0.11,0,0.11
2185,2020-10,2020-06,4,0,True,0.0,master,valid_observed_phase_at_origin,ABCD,selection,1,-1,unassigned_nearest_donor_beyond_100km,pooled_unassigned_area,0,0.1,0,0.1
2186,2020-10,2020-06,4,1,True,0.0,master,valid_observed_phase_at_origin,ABCD,selection,1,-1,unassigned_nearest_donor_beyond_100km,pooled_unassigned_area,0,0.06,0,0.06
2187,2020-10,2020-06,4,0,True,0.0,master,valid_observed_phase_at_origin,ABCD,selection,1,-1,unassigned_nearest_donor_beyond_100km,pooled_unassigned_area,0,0.09,0,0.09
2188,2020-10,2020-06,4,0,True,0.0,master,valid_observed_phase_at_origin,ABCD,selection,1,-1,unassigned_nearest_donor_beyond_100km,pooled_unassigned_area,0,0.07,0,0.07
2189,2020-10,2020-06,4,1,True,0.0,master,valid_observed_phase_at_origin,ABCD,selection,1,-1,unassigned_nearest_donor_beyond_100km,pooled_unassigned_area,0,0.12,0,0.12
2190,2020-10,2020-06,4,0,True,0.0,master,valid_observed_phase_at_origin,ABCD,selection,1,-1,unassigned_nearest_donor_beyond_100km,pooled_unassigned_area,0,0.13,0,0.13
2191,2020-10,2020-06,4,0,True,0.0,master,valid_observed_phase_at_origin,ABCD,selection,1,-1,unassigned_nearest_donor_beyond_100km,pooled_unassigned_area,0,0.2,0,0.2
2192,2020-10,2020-06,4,1,True,0.0,master,valid_observed_phase_at_origin,ABCD,selection,1,-1,unassigned_nearest_donor_beyond_100km,pooled_unassigned_area,0,0.18,0,0.18
2193,2020-10,2020-06,4,0,True,0.0,master,valid_observed_phase_at_origin,ABCD,selection,1,-1,unassigned_nearest_donor_beyond_100km,pooled_unassigned_area,0,0.1,0,0.1
2194,2020-10,2020-06,4,1,True,0.0,master,valid_observed_phase_at_origin,ABCD,selection,1,-1,unassigned_nearest_donor_beyond_100km,pooled_unassigned_area,0,0.1,0,0.1
2195,2020-10,2020-06,4,0,True,0.0,master,valid_observed_phase_at_origin,ABCD,selection,1,-1,unassigned_nearest_donor_beyond_100km,pooled_unassigned_area,0,0.07,0,0.07
2196,2020-10,2020-06,4,0,True,0.0,master,valid_observed_phase_at_origin,ABCD,selection,1,-1,unassigned_nearest_donor_beyond_100km,pooled_unassigned_area,0,0.08,0,0.08
2197,2020-10,2020-06,4,0,True,0.0,master,valid_observed_phase_at_origin,ABCD,selection,1,-1,unassigned_nearest_donor_beyond_100km,pooled_unassigned_area,0,0.09,0,0.09
2198,2020-10,2020-06,4,0,True,0.0,master,valid_observed_phase_at_origin,ABCD,selection,1,-1,unassigned_nearest_donor_beyond_100km,pooled_unassigned_area,0,0.09,0,0.09
2199,2020-10,2020-06,4,0,True,0.0,master,valid_observed_phase_at_origin,ABCD,selection,1,-1,unassigned_nearest_donor_beyond_100km,pooled_unassigned_area,0,0.06,0,0.06
2200,2020-10,2020-06,4,0,True,0.0,master,valid_observed_phase_at_origin,ABCD,selection,1,-1,unassigned_nearest_donor_beyond_100km,pooled_unassigned_area,0,0.05,0,0.05
2201,2020-10,2020-06,4,1,True,0.0,master,valid_observed_phase_at_origin,ABCD,selection,1,-1,unassigned_nearest_donor_beyond_100km,pooled_unassigned_area,0,0.08,0,0.08
2202,2020-10,2020-06,4,0,True,0.0,master,valid_observed_phase_at_origin,ABCD,selection,1,-1,unassigned_nearest_donor_beyond_100km,pooled_unassigned_area,0,0.09,0,0.09
2203,2020-10,2020-06,4,0,True,0.0,master,valid_observed_phase_at_origin,ABCD,selection,1,-1,unassigned_nearest_donor_beyond_100km,pooled_unassigned_area,0,0.08,0,0.08
2204,2020-10,2020-06,4,0,True,0.0,master,valid_observed_phase_at_origin,ABCD,selection,1,-1,unassigned_nearest_donor_beyond_100km,pooled_unassigned_area,0,0.09,0,0.09
2205,2020-10,2020-06,4,0,True,0.0,master,valid_observed_phase_at_origin,ABCD,selection,1,-1,unassigned_nearest_donor_beyond_100km,pooled_unassigned_area,0,0.1,0,0.1
2206,2020-10,2020-06,4,0,True,0.0,master,valid_observed_phase_at_origin,ABCD,selection,1,-1,unassigned_nearest_donor_beyond_100km,pooled_unassigned_area,0,0.09,0,0.09
2207,2020-10,2020-06,4,0,True,0.0,master,valid_observed_phase_at_origin,ABCD,selection,1,-1,unassigned_nearest_donor_beyond_100km,pooled_unassigned_area,0,0.06,0,0.06
2208,2020-10,2020-06,4,1,True,0.0,master,valid_observed_phase_at_origin,ABCD,selection,1,-1,unassigned_nearest_donor_beyond_100km,pooled_unassigned_area,0,0.08,0,0.08
2209,2020-10,2020-06,4,1,True,0.0,master,valid_observed_phase_at_origin,ABCD,selection,1,-1,unassigned_nearest_donor_beyond_100km,pooled_unassigned_area,0,0.1,0,0.1
2210,2020-10,2020-06,4,1,True,0.0,master,valid_observed_phase_at_origin,ABCD,selection,1,-1,unassigned_nearest_donor_beyond_100km,pooled_unassigned_area,0,0.11,0,0.11
2211,2020-10,2020-06,4,0,True,0.0,master,valid_observed_phase_at_origin,ABCD,selection,1,-1,unassigned_nearest_donor_beyond_100km,pooled_unassigned_area,0,0.11,0,0.11
2212,2020-10,2020-06,4,0,True,0.0,master,valid_observed_phase_at_origin,ABCD,selection,1,-1,unassigned_nearest_donor_beyond_100km,pooled_unassigned_area,0,0.07,0,0.07
2213,2020-10,2020-06,4,1,True,0.0,master,valid_observed_phase_at_origin,ABCD,selection,1,-1,unassigned_nearest_donor_beyond_100km,pooled_unassigned_area,0,0.08,0,0.08
2214,2020-10,2020-06,4,0,True,0.0,master,valid_observed_phase_at_origin,ABCD,selection,1,-1,unassigned_nearest_donor_beyond_100km,pooled_unassigned_area,0,0.08,0,0.08
2215,2020-10,2020-06,4,0,True,0.0,master,valid_observed_phase_at_origin,ABCD,selection,1,-1,unassigned_nearest_donor_beyond_100km,pooled_unassigned_area,0,0.08,0,0.08
2216,2020-10,2020-06,4,1,True,0.0,master,valid_observed_phase_at_origin,ABCD,selection,1,-1,unassigned_nearest_donor_beyond_100km,pooled_unassigned_area,0,0.1,0,0.1
2217,2020-10,2020-06,4,0,True,0.0,master,valid_observed_phase_at_origin,ABCD,selection,1,-1,unassigned_nearest_donor_beyond_100km,pooled_unassigned_area,0,0.1,0,0.1
2218,2020-10,2020-06,4,0,True,0.0,master,valid_observed_phase_at_origin,ABCD,selection,1,-1,unassigned_nearest_donor_beyond_100km,pooled_unassigned_area,0,0.11,0,0.11
2219,2020-10,2020-06,4,0,True,0.0,master,valid_observed_phase_at_origin,ABCD,selection,1,-1,unassigned_nearest_donor_beyond_100km,pooled_unassigned_area,0,0.11,0,0.11
2220,2020-10,2020-06,4,0,True,0.0,master,valid_observed_phase_at_origin,ABCD,selection,1,-1,unassigned_nearest_donor_beyond_100km,pooled_unassigned_area,0,0.1,0,0.1
2221,2020-10,2020-06,4,0,True,0.0,master,valid_observed_phase_at_origin,ABCD,selection,1,-1,unassigned_nearest_donor_beyond_100km,pooled_unassigned_area,0,0.07,0,0.07
2222,2020-10,2020-06,4,1,True,0.0,master,valid_observed_phase_at_origin,ABCD,selection,1,-1,unassigned_nearest_donor_beyond_100km,pooled_unassigned_area,0,0.13,0,0.13
2223,2020-10,2020-06,4,0,True,0.0,master,valid_observed_phase_at_origin,ABCD,selection,1,-1,unassigned_nearest_donor_beyond_100km,pooled_unassigned_area,0,0.08,0,0.08
2224,2020-10,2020-06,4,1,True,0.0,master,valid_observed_phase_at_origin,ABCD,selection,1,-1,unassigned_nearest_donor_beyond_100km,pooled_unassigned_area,0,0.11,0,0.11
2225,2020-10,2020-06,4,0,True,0.0,master,valid_observed_phase_at_origin,ABCD,selection,1,-1,unassigned_nearest_donor_beyond_100km,pooled_unassigned_area,0,0.06,0,0.06
2226,2020-10,2020-06,4,0,True,0.0,master,valid_observed_phase_at_origin,ABCD,selection,1,-1,unassigned_nearest_donor_beyond_100km,pooled_unassigned_area,0,0.08,0,0.08
2227,2020-10,2020-06,4,1,True,0.0,master,valid_observed_phase_at_origin,ABCD,selection,1,-1,unassigned_nearest_donor_beyond_100km,pooled_unassigned_area,0,0.14,0,0.14
2228,2020-10,2020-06,4,0,True,0.0,master,valid_observed_phase_at_origin,ABCD,selection,1,-1,unassigned_nearest_donor_beyond_100km,pooled_unassigned_area,0,0.11,0,0.11
2229,2020-10,2020-06,4,0,True,0.0,master,valid_observed_phase_at_origin,ABCD,selection,1,-1,unassigned_nearest_donor_beyond_100km,pooled_unassigned_area,0,0.17,0,0.17
2230,2020-10,2020-06,4,1,True,0.0,master,valid_observed_phase_at_origin,ABCD,selection,1,-1,unassigned_nearest_donor_beyond_100km,pooled_unassigned_area,0,0.09,0,0.09
2231,2020-10,2020-06,4,0,True,0.0,master,valid_observed_phase_at_origin,ABCD,selection,1,-1,unassigned_nearest_donor_beyond_100km,pooled_unassigned_area,0,0.09,0,0.09
2232,2020-10,2020-06,4,0,True,0.0,master,valid_observed_phase_at_origin,ABCD,selection,1,-1,unassigned_nearest_donor_beyond_100km,pooled_unassigned_area,0,0.07,0,0.07
2233,2020-10,2020-06,4,0,True,0.0,master,valid_observed_phase_at_origin,ABCD,selection,1,-1,unassigned_nearest_donor_beyond_100km,pooled_unassigned_area,0,0.08,0,0.08
2234,2020-10,2020-06,4,0,True,0.0,master,valid_observed_phase_at_origin,ABCD,selection,1,-1,unassigned_nearest_donor_beyond_100km,pooled_unassigned_area,0,0.12,0,0.12
2235,2020-10,2020-06,4,0,True,0.0,master,valid_observed_phase_at_origin,ABCD,selection,1,-1,unassigned_nearest_donor_beyond_100km,pooled_unassigned_area,0,0.09,0,0.09
2236,2020-10,2020-06,4,1,True,0.0,master,valid_observed_phase_at_origin,ABCD,selection,1,-1,unassigned_nearest_donor_beyond_100km,pooled_unassigned_area,0,0.08,0,0.08
2237,2020-10,2020-06,4,1,True,0.0,master,valid_observed_phase_at_origin,ABCD,selection,1,-1,unassigned_nearest_donor_beyond_100km,pooled_unassigned_area,0,0.1,0,0.1
2238,2020-10,2020-06,4,1,True,0.0,master,valid_observed_phase_at_origin,ABCD,selection,1,-1,unassigned_nearest_donor_beyond_100km,pooled_unassigned_area,0,0.11,0,0.11
2239,2020-10,2020-06,4,0,True,0.0,master,valid_observed_phase_at_origin,ABCD,selection,1,-1,unassigned_nearest_donor_beyond_100km,pooled_unassigned_area,0,0.09,0,0.09
2240,2020-10,2020-06,4,1,True,0.0,master,valid_observed_phase_at_origin,ABCD,selection,1,-1,unassigned_nearest_donor_beyond_100km,pooled_unassigned_area,0,0.07,0,0.07
2241,2020-10,2020-06,4,0,True,0.0,master,valid_observed_phase_at_origin,ABCD,selection,1,-1,unassigned_nearest_donor_beyond_100km,pooled_unassigned_area,0,0.1,0,0.1
2242,2020-10,2020-06,4,0,True,0.0,master,valid_observed_phase_at_origin,ABCD,selection,1,-1,unassigned_nearest_donor_beyond_100km,pooled_unassigned_area,0,0.09,0,0.09
2243,2020-10,2020-06,4,0,True,0.0,master,valid_observed_phase_at_origin,ABCD,selection,1,-1,unassigned_nearest_donor_beyond_100km,pooled_unassigned_area,0,0.09,0,0.09
2244,2020-10,2020-06,4,1,True,0.0,master,valid_observed_phase_at_origin,ABCD,selection,1,-1,unassigned_nearest_donor_beyond_100km,pooled_unassigned_area,0,0.1,0,0.1
2245,2020-10,2020-06,4,1,True,0.0,master,valid_observed_phase_at_origin,ABCD,selection,1,-1,unassigned_nearest_donor_beyond_100km,pooled_unassigned_area,0,0.1,0,0.1
2246,2020-10,2020-06,4,1,True,0.0,master,valid_observed_phase_at_origin,ABCD,selection,1,-1,unassigned_nearest_donor_beyond_100km,pooled_unassigned_area,0,0.06,0,0.06
2247,2020-10,2020-06,4,0,True,0.0,master,valid_observed_phase_at_origin,ABCD,selection,1,-1,unassigned_nearest_donor_beyond_100km,pooled_unassigned_area,0,0.07,0,0.07
2248,2020-10,2020-06,4,0,True,0.0,master,valid_observed_phase_at_origin,ABCD,selection,1,-1,unassigned_nearest_donor_beyond_100km,pooled_unassigned_area,0,0.12,0,0.12
2249,2020-10,2020-06,4,1,True,0.0,master,valid_observed_phase_at_origin,ABCD,selection,1,-1,unassigned_nearest_donor_beyond_100km,pooled_unassigned_area,0,0.09,0,0.09
2250,2020-10,2020-06,4,1,True,0.0,master,valid_observed_phase_at_origin,ABCD,selection,1,-1,unassigned_nearest_donor_beyond_100km,pooled_unassigned_area,0,0.1,0,0.1
2251,2020-10,2020-06,4,1,True,0.0,master,valid_observed_phase_at_origin,ABCD,selection,1,-1,unassigned_nearest_donor_beyond_100km,pooled_unassigned_area,0,0.1,0,0.1
2252,2020-10,2020-06,4,1,True,0.0,master,valid_observed_phase_at_origin,ABCD,selection,1,-1,unassigned_nearest_donor_beyond_100km,pooled_unassigned_area,0,0.1,0,0.1
2253,2020-10,2020-06,4,1,True,0.0,master,valid_observed_phase_at_origin,ABCD,selection,1,-1,unassigned_nearest_donor_beyond_100km,pooled_unassigned_area,0,0.11,0,0.11
2254,2020-10,2020-06,4,0,True,0.0,master,valid_observed_phase_at_origin,ABCD,selection,1,-1,unassigned_nearest_donor_beyond_100km,pooled_unassigned_area,0,0.12,0,0.12
2255,2020-10,2020-06,4,0,True,0.0,master,valid_observed_phase_at_origin,ABCD,selection,1,-1,unassigned_nearest_donor_beyond_100km,pooled_unassigned_area,0,0.08,0,0.08
2256,2020-10,2020-06,4,1,True,0.0,master,valid_observed_phase_at_origin,ABCD,selection,1,-1,unassigned_nearest_donor_beyond_100km,pooled_unassigned_area,0,0.12,0,0.12
2257,2020-10,2020-06,4,1,True,0.0,master,valid_observed_phase_at_origin,ABCD,selection,1,-1,unassigned_nearest_donor_beyond_100km,pooled_unassigned_area,0,0.1,0,0.1
2258,2020-10,2020-06,4,1,True,0.0,master,valid_observed_phase_at_origin,ABCD,selection,1,-1,unassigned_nearest_donor_beyond_100km,pooled_unassigned_area,0,0.12,0,0.12
2259,2020-10,2020-06,4,1,True,0.0,master,valid_observed_phase_at_origin,ABCD,selection,1,-1,unassigned_nearest_donor_beyond_100km,pooled_unassigned_area,0,0.16,0,0.16
2260,2020-10,2020-06,4,1,True,0.0,master,valid_observed_phase_at_origin,ABCD,selection,1,-1,unassigned_nearest_donor_beyond_100km,pooled_unassigned_area,0,0.11,0,0.11
2261,2020-10,2020-06,4,1,True,0.0,master,valid_observed_phase_at_origin,ABCD,selection,1,-1,unassigned_nearest_donor_beyond_100km,pooled_unassigned_area,0,0.12,0,0.12
2262,2020-10,2020-06,4,1,True,0.0,master,valid_observed_phase_at_origin,ABCD,selection,1,-1,unassigned_nearest_donor_beyond_100km,pooled_unassigned_area,0,0.05,0,0.05
2263,2020-10,2020-06,4,1,True,0.0,master,valid_observed_phase_at_origin,ABCD,selection,1,-1,unassigned_nearest_donor_beyond_100km,pooled_unassigned_area,0,0.16,0,0.16
2264,2020-10,2020-06,4,1,True,0.0,master,valid_observed_phase_at_origin,ABCD,selection,1,-1,unassigned_nearest_donor_beyond_100km,pooled_unassigned_area,0,0.11,0,0.11
2265,2020-10,2020-06,4,0,True,0.0,master,valid_observed_phase_at_origin,ABCD,selection,1,-1,unassigned_nearest_donor_beyond_100km,pooled_unassigned_area,0,0.11,0,0.11
2266,2020-10,2020-06,4,1,True,0.0,master,valid_observed_phase_at_origin,ABCD,selection,1,-1,unassigned_nearest_donor_beyond_100km,pooled_unassigned_area,0,0.12,0,0.12
2267,2020-10,2020-06,4,1,True,0.0,master,valid_observed_phase_at_origin,ABCD,selection,1,-1,unassigned_nearest_donor_beyond_100km,pooled_unassigned_area,0,0.08,0,0.08
2268,2020-10,2020-06,4,0,True,0.0,master,valid_observed_phase_at_origin,ABCD,selection,1,-1,unassigned_nearest_donor_beyond_100km,pooled_unassigned_area,0,0.13,0,0.13
2269,2020-10,2020-06,4,0,True,0.0,master,valid_observed_phase_at_origin,ABCD,selection,1,-1,unassigned_nearest_donor_beyond_100km,pooled_unassigned_area,0,0.09,0,0.09
2270,2020-10,2020-06,4,0,True,0.0,master,valid_observed_phase_at_origin,ABCD,selection,1,-1,unassigned_nearest_donor_beyond_100km,pooled_unassigned_area,0,0.07,0,0.07
2271,2020-10,2020-06,4,1,True,0.0,master,valid_observed_phase_at_origin,ABCD,selection,1,-1,unassigned_nearest_donor_beyond_100km,pooled_unassigned_area,0,0.13,0,0.13
2272,2020-10,2020-06,4,0,True,0.0,master,valid_observed_phase_at_origin,ABCD,selection,1,-1,unassigned_nearest_donor_beyond_100km,pooled_unassigned_area,0,0.16,0,0.16
2273,2020-10,2020-06,4,0,True,0.0,master,valid_observed_phase_at_origin,ABCD,selection,1,-1,unassigned_nearest_donor_beyond_100km,pooled_unassigned_area,0,0.14,0,0.14
2274,2020-10,2020-06,4,1,True,0.0,master,valid_observed_phase_at_origin,ABCD,selection,1,-1,unassigned_nearest_donor_beyond_100km,pooled_unassigned_area,0,0.09,0,0.09
2275,2020-10,2020-06,4,1,True,0.0,master,valid_observed_phase_at_origin,ABCD,selection,1,-1,unassigned_nearest_donor_beyond_100km,pooled_unassigned_area,0,0.12,0,0.12
2276,2020-10,2020-06,4,1,True,0.0,master,valid_observed_phase_at_origin,ABCD,selection,1,-1,unassigned_nearest_donor_beyond_100km,pooled_unassigned_area,0,0.16,0,0.16
2277,2020-10,2020-06,4,0,True,0.0,master,valid_observed_phase_at_origin,ABCD,selection,1,-1,unassigned_nearest_donor_beyond_100km,pooled_unassigned_area,0,0.11,0,0.11
2278,2020-10,2020-06,4,1,True,0.0,master,valid_observed_phase_at_origin,ABCD,selection,1,-1,unassigned_nearest_donor_beyond_100km,pooled_unassigned_area,0,0.13,0,0.13
2279,2020-10,2020-06,4,1,True,0.0,master,valid_observed_phase_at_origin,ABCD,selection,1,-1,unassigned_nearest_donor_beyond_100km,pooled_unassigned_area,0,0.14,0,0.14
2280,2020-10,2020-06,4,1,True,0.0,master,valid_observed_phase_at_origin,ABCD,selection,1,-1,unassigned_nearest_donor_beyond_100km,pooled_unassigned_area,0,0.1,0,0.1
2281,2020-10,2020-06,4,1,True,0.0,master,valid_observed_phase_at_origin,ABCD,selection,1,-1,unassigned_nearest_donor_beyond_100km,pooled_unassigned_area,0,0.11,0,0.11
2282,2020-10,2020-06,4,1,True,0.0,master,valid_observed_phase_at_origin,ABCD,selection,1,-1,unassigned_nearest_donor_beyond_100km,pooled_unassigned_area,0,0.15,0,0.15
2283,2020-10,2020-06,4,1,True,0.0,master,valid_observed_phase_at_origin,ABCD,selection,1,-1,unassigned_nearest_donor_beyond_100km,pooled_unassigned_area,0,0.11,0,0.11
2284,2020-10,2020-06,4,1,True,0.0,master,valid_observed_phase_at_origin,ABCD,selection,1,-1,unassigned_nearest_donor_beyond_100km,pooled_unassigned_area,0,0.17,0,0.17
2285,2020-10,2020-06,4,0,True,0.0,master,valid_observed_phase_at_origin,ABCD,selection,1,-1,unassigned_nearest_donor_beyond_100km,pooled_unassigned_area,0,0.11,0,0.11
2286,2020-10,2020-06,4,1,True,0.0,master,valid_observed_phase_at_origin,ABCD,selection,1,-1,unassigned_nearest_donor_beyond_100km,pooled_unassigned_area,0,0.1,0,0.1
2287,2020-10,2020-06,4,0,True,0.0,master,valid_observed_phase_at_origin,ABCD,selection,1,-1,unassigned_nearest_donor_beyond_100km,pooled_unassigned_area,0,0.1,0,0.1
2288,2020-10,2020-06,4,0,True,0.0,master,valid_observed_phase_at_origin,ABCD,selection,1,-1,unassigned_nearest_donor_beyond_100km,pooled_unassigned_area,0,0.09,0,0.09
2289,2020-10,2020-06,4,0,True,0.0,master,valid_observed_phase_at_origin,ABCD,selection,1,-1,unassigned_nearest_donor_beyond_100km,pooled_unassigned_area,0,0.06,0,0.06
2290,2020-10,2020-06,4,0,True,0.0,master,valid_observed_phase_at_origin,ABCD,selection,1,-1,unassigned_nearest_donor_beyond_100km,pooled_unassigned_area,0,0.09,0,0.09
2291,2020-10,2020-06,4,0,True,0.0,master,valid_observed_phase_at_origin,ABCD,selection,1,-1,unassigned_nearest_donor_beyond_100km,pooled_unassigned_area,0,0.09,0,0.09
2292,2020-10,2020-06,4,0,True,0.0,master,valid_observed_phase_at_origin,ABCD,selection,1,-1,unassigned_nearest_donor_beyond_100km,pooled_unassigned_area,0,0.08,0,0.08
2293,2020-10,2020-06,4,0,True,0.0,master,valid_observed_phase_at_origin,ABCD,selection,1,-1,unassigned_nearest_donor_beyond_100km,pooled_unassigned_area,0,0.07,0,0.07
2294,2020-10,2020-06,4,0,True,0.0,master,valid_observed_phase_at_origin,ABCD,selection,1,-1,unassigned_nearest_donor_beyond_100km,pooled_unassigned_area,0,0.08,0,0.08
2295,2020-10,2020-06,4,0,True,0.0,master,valid_observed_phase_at_origin,ABCD,selection,1,-1,unassigned_nearest_donor_beyond_100km,pooled_unassigned_area,0,0.11,0,0.11
2296,2020-10,2020-06,4,0,True,0.0,master,valid_observed_phase_at_origin,ABCD,selection,1,-1,unassigned_nearest_donor_beyond_100km,pooled_unassigned_area,0,0.04,0,0.04
2297,2020-10,2020-06,4,0,True,0.0,master,valid_observed_phase_at_origin,ABCD,selection,1,-1,unassigned_nearest_donor_beyond_100km,pooled_unassigned_area,0,0.06,0,0.06
2298,2020-10,2020-06,4,0,True,0.0,master,valid_observed_phase_at_origin,ABCD,selection,1,-1,unassigned_nearest_donor_beyond_100km,pooled_unassigned_area,0,0.09,0,0.09
2299,2020-10,2020-06,4,0,True,0.0,master,valid_observed_phase_at_origin,ABCD,selection,1,-1,unassigned_nearest_donor_beyond_100km,pooled_unassigned_area,0,0.06,0,0.06
2300,2020-10,2020-06,4,0,True,0.0,master,valid_observed_phase_at_origin,ABCD,selection,1,-1,unassigned_nearest_donor_beyond_100km,pooled_unassigned_area,0,0.07,0,0.07
2301,2020-10,2020-06,4,0,True,0.0,master,valid_observed_phase_at_origin,ABCD,selection,1,-1,unassigned_nearest_donor_beyond_100km,pooled_unassigned_area,0,0.09,0,0.09
2302,2020-10,2020-06,4,0,True,0.0,master,valid_observed_phase_at_origin,ABCD,selection,1,-1,unassigned_nearest_donor_beyond_100km,pooled_unassigned_area,0,0.05,0,0.05
2303,2020-10,2020-06,4,0,True,0.0,master,valid_observed_phase_at_origin,ABCD,selection,1,-1,unassigned_nearest_donor_beyond_100km,pooled_unassigned_area,0,0.09,0,0.09
2304,2020-10,2020-06,4,0,True,0.0,master,valid_observed_phase_at_origin,ABCD,selection,1,-1,unassigned_nearest_donor_beyond_100km,pooled_unassigned_area,0,0.09,0,0.09
2305,2020-10,2020-06,4,0,True,0.0,master,valid_observed_phase_at_origin,ABCD,selection,1,-1,unassigned_nearest_donor_beyond_100km,pooled_unassigned_area,0,0.06,0,0.06
2306,2020-10,2020-06,4,0,True,0.0,master,valid_observed_phase_at_origin,ABCD,selection,1,-1,unassigned_nearest_donor_beyond_100km,pooled_unassigned_area,0,0.1,0,0.1
2307,2020-10,2020-06,4,0,True,0.0,master,valid_observed_phase_at_origin,ABCD,selection,1,-1,unassigned_nearest_donor_beyond_100km,pooled_unassigned_area,0,0.08,0,0.08
2308,2020-10,2020-06,4,0,True,0.0,master,valid_observed_phase_at_origin,ABCD,selection,1,-1,unassigned_nearest_donor_beyond_100km,pooled_unassigned_area,0,0.06,0,0.06
2309,2020-10,2020-06,4,0,True,0.0,master,valid_observed_phase_at_origin,ABCD,selection,1,-1,unassigned_nearest_donor_beyond_100km,pooled_unassigned_area,0,0.08,0,0.08
2310,2020-10,2020-06,4,0,True,0.0,master,valid_observed_phase_at_origin,ABCD,selection,1,-1,unassigned_nearest_donor_beyond_100km,pooled_unassigned_area,0,0.1,0,0.1
2311,2020-10,2020-06,4,0,True,0.0,master,valid_observed_phase_at_origin,ABCD,selection,1,-1,unassigned_nearest_donor_beyond_100km,pooled_unassigned_area,0,0.11,0,0.11
2312,2020-10,2020-06,4,0,True,0.0,master,valid_observed_phase_at_origin,ABCD,selection,1,-1,unassigned_nearest_donor_beyond_100km,pooled_unassigned_area,0,0.07,0,0.07
2313,2020-10,2020-06,4,0,True,0.0,master,valid_observed_phase_at_origin,ABCD,selection,1,-1,unassigned_nearest_donor_beyond_100km,pooled_unassigned_area,0,0.11,0,0.11
2314,2020-10,2020-06,4,0,True,0.0,master,valid_observed_phase_at_origin,ABCD,selection,1,-1,unassigned_nearest_donor_beyond_100km,pooled_unassigned_area,0,0.09,0,0.09
2315,2020-10,2020-06,4,0,True,0.0,master,valid_observed_phase_at_origin,ABCD,selection,1,-1,unassigned_nearest_donor_beyond_100km,pooled_unassigned_area,0,0.08,0,0.08
2316,2020-10,2020-06,4,0,True,0.0,master,valid_observed_phase_at_origin,ABCD,selection,1,-1,unassigned_nearest_donor_beyond_100km,pooled_unassigned_area,0,0.07,0,0.07
2317,2020-10,2020-06,4,0,True,0.0,master,valid_observed_phase_at_origin,ABCD,selection,1,-1,unassigned_nearest_donor_beyond_100km,pooled_unassigned_area,0,0.08,0,0.08
2318,2020-10,2020-06,4,0,True,0.0,master,valid_observed_phase_at_origin,ABCD,selection,1,-1,unassigned_nearest_donor_beyond_100km,pooled_unassigned_area,0,0.08,0,0.08
2319,2020-10,2020-06,4,0,True,0.0,master,valid_observed_phase_at_origin,ABCD,selection,1,-1,unassigned_nearest_donor_beyond_100km,pooled_unassigned_area,0,0.08,0,0.08
2320,2020-10,2020-06,4,0,True,0.0,master,valid_observed_phase_at_origin,ABCD,selection,1,-1,unassigned_nearest_donor_beyond_100km,pooled_unassigned_area,0,0.11,0,0.11
2321,2020-10,2020-06,4,0,True,0.0,master,valid_observed_phase_at_origin,ABCD,selection,1,-1,unassigned_nearest_donor_beyond_100km,pooled_unassigned_area,0,0.07,0,0.07
2322,2020-10,2020-06,4,0,True,0.0,master,valid_observed_phase_at_origin,ABCD,selection,1,-1,unassigned_nearest_donor_beyond_100km,pooled_unassigned_area,0,0.1,0,0.1
2323,2020-10,2020-06,4,1,True,0.0,master,valid_observed_phase_at_origin,ABCD,selection,1,-1,unassigned_nearest_donor_beyond_100km,pooled_unassigned_area,0,0.13,0,0.13
2324,2020-10,2020-06,4,0,True,0.0,master,valid_observed_phase_at_origin,ABCD,selection,1,-1,unassigned_nearest_donor_beyond_100km,pooled_unassigned_area,0,0.09,0,0.09
2325,2020-10,2020-06,4,1,True,0.0,master,valid_observed_phase_at_origin,ABCD,selection,1,-1,unassigned_nearest_donor_beyond_100km,pooled_unassigned_area,0,0.13,0,0.13
2326,2020-10,2020-06,4,0,True,0.0,master,valid_observed_phase_at_origin,ABCD,selection,1,-1,unassigned_nearest_donor_beyond_100km,pooled_unassigned_area,0,0.1,0,0.1
2327,2020-10,2020-06,4,0,True,0.0,master,valid_observed_phase_at_origin,ABCD,selection,1,-1,unassigned_nearest_donor_beyond_100km,pooled_unassigned_area,0,0.07,0,0.07
2328,2020-10,2020-06,4,1,True,0.0,master,valid_observed_phase_at_origin,ABCD,selection,1,-1,unassigned_nearest_donor_beyond_100km,pooled_unassigned_area,0,0.12,0,0.12
2329,2020-10,2020-06,4,0,True,0.0,master,valid_observed_phase_at_origin,ABCD,selection,1,-1,unassigned_nearest_donor_beyond_100km,pooled_unassigned_area,0,0.06,0,0.06
2330,2020-10,2020-06,4,0,True,0.0,master,valid_observed_phase_at_origin,ABCD,selection,1,-1,unassigned_nearest_donor_beyond_100km,pooled_unassigned_area,0,0.14,0,0.14
2331,2020-10,2020-06,4,1,True,0.0,master,valid_observed_phase_at_origin,ABCD,selection,1,-1,unassigned_nearest_donor_beyond_100km,pooled_unassigned_area,0,0.12,0,0.12
2332,2020-10,2020-06,4,0,True,0.0,master,valid_observed_phase_at_origin,ABCD,selection,1,-1,unassigned_nearest_donor_beyond_100km,pooled_unassigned_area,0,0.1,0,0.1
2333,2020-10,2020-06,4,0,True,0.0,master,valid_observed_phase_at_origin,ABCD,selection,1,-1,unassigned_nearest_donor_beyond_100km,pooled_unassigned_area,0,0.1,0,0.1
2334,2020-10,2020-06,4,0,True,0.0,master,valid_observed_phase_at_origin,ABCD,selection,1,-1,unassigned_nearest_donor_beyond_100km,pooled_unassigned_area,0,0.08,0,0.08
2335,2020-10,2020-06,4,0,True,0.0,master,valid_observed_phase_at_origin,ABCD,selection,1,-1,unassigned_nearest_donor_beyond_100km,pooled_unassigned_area,0,0.1,0,0.1
2336,2020-10,2020-06,4,0,True,0.0,master,valid_observed_phase_at_origin,ABCD,selection,1,-1,unassigned_nearest_donor_beyond_100km,pooled_unassigned_area,0,0.18,0,0.18
2337,2020-10,2020-06,4,0,True,0.0,master,valid_observed_phase_at_origin,ABCD,selection,1,-1,unassigned_nearest_donor_beyond_100km,pooled_unassigned_area,0,0.1,0,0.1
2338,2020-10,2020-06,4,0,True,0.0,master,valid_observed_phase_at_origin,ABCD,selection,1,-1,unassigned_nearest_donor_beyond_100km,pooled_unassigned_area,0,0.12,0,0.12
2339,2020-10,2020-06,4,0,True,0.0,master,valid_observed_phase_at_origin,ABCD,selection,1,-1,unassigned_nearest_donor_beyond_100km,pooled_unassigned_area,0,0.1,0,0.1
2340,2020-10,2020-06,4,0,True,0.0,master,valid_observed_phase_at_origin,ABCD,selection,1,-1,unassigned_nearest_donor_beyond_100km,pooled_unassigned_area,0,0.05,0,0.05
2341,2020-10,2020-06,4,0,True,0.0,master,valid_observed_phase_at_origin,ABCD,selection,1,-1,unassigned_nearest_donor_beyond_100km,pooled_unassigned_area,0,0.12,0,0.12
2342,2020-10,2020-06,4,0,True,0.0,master,valid_observed_phase_at_origin,ABCD,selection,1,-1,unassigned_nearest_donor_beyond_100km,pooled_unassigned_area,0,0.07,0,0.07
2343,2020-10,2020-06,4,0,True,0.0,master,valid_observed_phase_at_origin,ABCD,selection,1,-1,unassigned_nearest_donor_beyond_100km,pooled_unassigned_area,0,0.11,0,0.11
2344,2020-10,2020-06,4,1,True,0.0,master,valid_observed_phase_at_origin,ABCD,selection,1,-1,unassigned_nearest_donor_beyond_100km,pooled_unassigned_area,0,0.1,0,0.1
2345,2020-10,2020-06,4,0,True,0.0,master,valid_observed_phase_at_origin,ABCD,selection,1,-1,unassigned_nearest_donor_beyond_100km,pooled_unassigned_area,0,0.1,0,0.1
2346,2020-10,2020-06,4,0,True,0.0,master,valid_observed_phase_at_origin,ABCD,selection,1,-1,unassigned_nearest_donor_beyond_100km,pooled_unassigned_area,0,0.11,0,0.11
2347,2020-10,2020-06,4,0,True,0.0,master,valid_observed_phase_at_origin,ABCD,selection,1,-1,unassigned_nearest_donor_beyond_100km,pooled_unassigned_area,0,0.12,0,0.12
2348,2020-10,2020-06,4,0,True,0.0,master,valid_observed_phase_at_origin,ABCD,selection,1,-1,unassigned_nearest_donor_beyond_100km,pooled_unassigned_area,0,0.1,0,0.1
2349,2020-10,2020-06,4,0,True,0.0,master,valid_observed_phase_at_origin,ABCD,selection,1,-1,unassigned_nearest_donor_beyond_100km,pooled_unassigned_area,0,0.1,0,0.1
2350,2020-10,2020-06,4,0,True,0.0,master,valid_observed_phase_at_origin,ABCD,selection,1,-1,unassigned_nearest_donor_beyond_100km,pooled_unassigned_area,0,0.08,0,0.08
2351,2020-10,2020-06,4,0,True,0.0,master,valid_observed_phase_at_origin,ABCD,selection,1,-1,unassigned_nearest_donor_beyond_100km,pooled_unassigned_area,0,0.13,0,0.13
2352,2020-10,2020-06,4,0,True,0.0,master,valid_observed_phase_at_origin,ABCD,selection,1,-1,unassigned_nearest_donor_beyond_100km,pooled_unassigned_area,0,0.09,0,0.09
2353,2020-10,2020-06,4,0,True,0.0,master,valid_observed_phase_at_origin,ABCD,selection,1,-1,unassigned_nearest_donor_beyond_100km,pooled_unassigned_area,0,0.13,0,0.13
2354,2020-10,2020-06,4,0,True,0.0,master,valid_observed_phase_at_origin,ABCD,selection,1,-1,unassigned_nearest_donor_beyond_100km,pooled_unassigned_area,0,0.13,0,0.13
2355,2020-10,2020-06,4,0,True,0.0,master,valid_observed_phase_at_origin,ABCD,selection,1,-1,unassigned_nearest_donor_beyond_100km,pooled_unassigned_area,0,0.09,0,0.09
2356,2020-10,2020-06,4,0,True,0.0,master,valid_observed_phase_at_origin,ABCD,selection,1,-1,unassigned_nearest_donor_beyond_100km,pooled_unassigned_area,0,0.05,0,0.05
2357,2020-10,2020-06,4,0,True,0.0,master,valid_observed_phase_at_origin,ABCD,selection,1,-1,unassigned_nearest_donor_beyond_100km,pooled_unassigned_area,0,0.04,0,0.04
2358,2020-10,2020-06,4,0,True,0.0,master,valid_observed_phase_at_origin,ABCD,selection,1,-1,unassigned_nearest_donor_beyond_100km,pooled_unassigned_area,0,0.09,0,0.09
2359,2020-10,2020-06,4,0,True,0.0,master,valid_observed_phase_at_origin,ABCD,selection,1,-1,unassigned_nearest_donor_beyond_100km,pooled_unassigned_area,0,0.05,0,0.05
2360,2020-10,2020-06,4,0,True,0.0,master,valid_observed_phase_at_origin,ABCD,selection,1,-1,unassigned_nearest_donor_beyond_100km,pooled_unassigned_area,0,0.05,0,0.05
2361,2020-10,2020-06,4,0,True,0.0,master,valid_observed_phase_at_origin,ABCD,selection,1,-1,unassigned_nearest_donor_beyond_100km,pooled_unassigned_area,0,0.07,0,0.07
2362,2020-10,2020-06,4,0,True,0.0,master,valid_observed_phase_at_origin,ABCD,selection,1,-1,unassigned_nearest_donor_beyond_100km,pooled_unassigned_area,0,0.08,0,0.08
2363,2020-10,2020-06,4,0,True,0.0,master,valid_observed_phase_at_origin,ABCD,selection,1,-1,unassigned_nearest_donor_beyond_100km,pooled_unassigned_area,0,0.09,0,0.09
2364,2020-10,2020-06,4,0,True,0.0,master,valid_observed_phase_at_origin,ABCD,selection,1,-1,unassigned_nearest_donor_beyond_100km,pooled_unassigned_area,0,0.08,0,0.08
2365,2020-10,2020-06,4,0,True,0.0,master,valid_observed_phase_at_origin,ABCD,selection,1,-1,unassigned_nearest_donor_beyond_100km,pooled_unassigned_area,0,0.07,0,0.07
2366,2020-10,2020-06,4,0,True,0.0,master,valid_observed_phase_at_origin,ABCD,selection,1,-1,unassigned_nearest_donor_beyond_100km,pooled_unassigned_area,0,0.08,0,0.08
2367,2020-10,2020-06,4,0,True,0.0,master,valid_observed_phase_at_origin,ABCD,selection,1,-1,unassigned_nearest_donor_beyond_100km,pooled_unassigned_area,0,0.11,0,0.11
2368,2020-10,2020-06,4,0,True,0.0,master,valid_observed_phase_at_origin,ABCD,selection,1,-1,unassigned_nearest_donor_beyond_100km,pooled_unassigned_area,0,0.02,0,0.02
2369,2020-10,2020-06,4,0,True,0.0,master,valid_observed_phase_at_origin,ABCD,selection,1,-1,unassigned_nearest_donor_beyond_100km,pooled_unassigned_area,0,0.09,0,0.09
2370,2020-10,2020-06,4,0,True,0.0,master,valid_observed_phase_at_origin,ABCD,selection,1,-1,unassigned_nearest_donor_beyond_100km,pooled_unassigned_area,0,0.09,0,0.09
2371,2020-10,2020-06,4,0,True,0.0,master,valid_observed_phase_at_origin,ABCD,selection,1,-1,unassigned_nearest_donor_beyond_100km,pooled_unassigned_area,0,0.09,0,0.09
2372,2020-10,2020-06,4,1,True,0.0,master,valid_observed_phase_at_origin,ABCD,selection,1,-1,unassigned_nearest_donor_beyond_100km,pooled_unassigned_area,0,0.1,0,0.1
2373,2020-10,2020-06,4,0,True,0.0,master,valid_observed_phase_at_origin,ABCD,selection,1,-1,unassigned_nearest_donor_beyond_100km,pooled_unassigned_area,0,0.08,0,0.08
2374,2020-10,2020-06,4,0,True,0.0,master,valid_observed_phase_at_origin,ABCD,selection,1,-1,unassigned_nearest_donor_beyond_100km,pooled_unassigned_area,0,0.04,0,0.04
2375,2020-10,2020-06,4,0,True,0.0,master,valid_observed_phase_at_origin,ABCD,selection,1,-1,unassigned_nearest_donor_beyond_100km,pooled_unassigned_area,0,0.07,0,0.07
2376,2020-10,2020-06,4,1,True,0.0,master,valid_observed_phase_at_origin,ABCD,selection,1,-1,unassigned_nearest_donor_beyond_100km,pooled_unassigned_area,0,0.09,0,0.09
2377,2020-10,2020-06,4,0,True,0.0,master,valid_observed_phase_at_origin,ABCD,selection,1,-1,unassigned_nearest_donor_beyond_100km,pooled_unassigned_area,0,0.09,0,0.09
2378,2020-10,2020-06,4,0,True,0.0,master,valid_observed_phase_at_origin,ABCD,selection,1,-1,unassigned_nearest_donor_beyond_100km,pooled_unassigned_area,0,0.05,0,0.05
2379,2020-10,2020-06,4,0,True,0.0,master,valid_observed_phase_at_origin,ABCD,selection,1,-1,unassigned_nearest_donor_beyond_100km,pooled_unassigned_area,0,0.12,0,0.12
2380,2020-10,2020-06,4,0,True,0.0,master,valid_observed_phase_at_origin,ABCD,selection,1,-1,unassigned_nearest_donor_beyond_100km,pooled_unassigned_area,0,0.09,0,0.09
2381,2020-10,2020-06,4,0,True,0.0,master,valid_observed_phase_at_origin,ABCD,selection,1,-1,unassigned_nearest_donor_beyond_100km,pooled_unassigned_area,0,0.11,0,0.11
2382,2020-10,2020-06,4,0,True,0.0,master,valid_observed_phase_at_origin,ABCD,selection,1,-1,unassigned_nearest_donor_beyond_100km,pooled_unassigned_area,0,0.07,0,0.07
2383,2020-10,2020-06,4,0,True,0.0,master,valid_observed_phase_at_origin,ABCD,selection,1,-1,unassigned_nearest_donor_beyond_100km,pooled_unassigned_area,0,0.04,0,0.04
2384,2020-10,2020-06,4,0,True,0.0,master,valid_observed_phase_at_origin,ABCD,selection,1,-1,unassigned_nearest_donor_beyond_100km,pooled_unassigned_area,0,0.08,0,0.08
2385,2020-10,2020-06,4,0,True,0.0,master,valid_observed_phase_at_origin,ABCD,selection,1,-1,unassigned_nearest_donor_beyond_100km,pooled_unassigned_area,0,0.06,0,0.06
2386,2020-10,2020-06,4,0,True,0.0,master,valid_observed_phase_at_origin,ABCD,selection,1,-1,unassigned_nearest_donor_beyond_100km,pooled_unassigned_area,0,0.07,0,0.07
2387,2020-10,2020-06,4,0,True,0.0,master,valid_observed_phase_at_origin,ABCD,selection,1,-1,unassigned_nearest_donor_beyond_100km,pooled_unassigned_area,0,0.11,0,0.11
2388,2020-10,2020-06,4,0,True,0.0,master,valid_observed_phase_at_origin,ABCD,selection,1,-1,unassigned_nearest_donor_beyond_100km,pooled_unassigned_area,0,0.07,0,0.07
2389,2020-10,2020-06,4,0,True,0.0,master,valid_observed_phase_at_origin,ABCD,selection,1,-1,unassigned_nearest_donor_beyond_100km,pooled_unassigned_area,0,0.07,0,0.07
2390,2020-10,2020-06,4,0,True,0.0,master,valid_observed_phase_at_origin,ABCD,selection,1,-1,unassigned_nearest_donor_beyond_100km,pooled_unassigned_area,0,0.12,0,0.12
2391,2020-10,2020-06,4,0,True,0.0,master,valid_observed_phase_at_origin,ABCD,selection,1,-1,unassigned_nearest_donor_beyond_100km,pooled_unassigned_area,0,0.08,0,0.08
2392,2020-10,2020-06,4,0,True,0.0,master,valid_observed_phase_at_origin,ABCD,selection,1,-1,unassigned_nearest_donor_beyond_100km,pooled_unassigned_area,0,0.08,0,0.08
2393,2020-10,2020-06,4,0,True,0.0,master,valid_observed_phase_at_origin,ABCD,selection,1,-1,unassigned_nearest_donor_beyond_100km,pooled_unassigned_area,0,0.07,0,0.07
2394,2020-10,2020-06,4,0,True,0.0,master,valid_observed_phase_at_origin,ABCD,selection,1,-1,unassigned_nearest_donor_beyond_100km,pooled_unassigned_area,0,0.09,0,0.09
2395,2020-10,2020-06,4,0,True,0.0,master,valid_observed_phase_at_origin,ABCD,selection,1,-1,unassigned_nearest_donor_beyond_100km,pooled_unassigned_area,0,0.1,0,0.1
2396,2020-10,2020-06,4,0,True,0.0,master,valid_observed_phase_at_origin,ABCD,selection,1,-1,unassigned_nearest_donor_beyond_100km,pooled_unassigned_area,0,0.06,0,0.06
2397,2020-10,2020-06,4,0,True,0.0,master,valid_observed_phase_at_origin,ABCD,selection,1,-1,unassigned_nearest_donor_beyond_100km,pooled_unassigned_area,0,0.05,0,0.05
2398,2020-10,2020-06,4,0,True,0.0,master,valid_observed_phase_at_origin,ABCD,selection,1,-1,unassigned_nearest_donor_beyond_100km,pooled_unassigned_area,0,0.06,0,0.06
2399,2020-10,2020-06,4,0,True,0.0,master,valid_observed_phase_at_origin,ABCD,selection,1,-1,unassigned_nearest_donor_beyond_100km,pooled_unassigned_area,0,0.07,0,0.07
2400,2020-10,2020-06,4,0,True,0.0,master,valid_observed_phase_at_origin,ABCD,selection,1,-1,unassigned_nearest_donor_beyond_100km,pooled_unassigned_area,0,0.07,0,0.07
2401,2020-10,2020-06,4,0,True,0.0,master,valid_observed_phase_at_origin,ABCD,selection,1,-1,unassigned_nearest_donor_beyond_100km,pooled_unassigned_area,0,0.05,0,0.05
2402,2020-10,2020-06,4,0,True,0.0,master,valid_observed_phase_at_origin,ABCD,selection,1,-1,unassigned_nearest_donor_beyond_100km,pooled_unassigned_area,0,0.09,0,0.09
2403,2020-10,2020-06,4,0,True,0.0,master,valid_observed_phase_at_origin,ABCD,selection,1,-1,unassigned_nearest_donor_beyond_100km,pooled_unassigned_area,0,0.07,0,0.07
2404,2020-10,2020-06,4,0,True,0.0,master,valid_observed_phase_at_origin,ABCD,selection,1,-1,unassigned_nearest_donor_beyond_100km,pooled_unassigned_area,0,0.1,0,0.1
2405,2020-10,2020-06,4,1,True,0.0,master,valid_observed_phase_at_origin,ABCD,selection,1,-1,unassigned_nearest_donor_beyond_100km,pooled_unassigned_area,0,0.11,0,0.11
2406,2020-10,2020-06,4,0,True,0.0,master,valid_observed_phase_at_origin,ABCD,selection,1,-1,unassigned_nearest_donor_beyond_100km,pooled_unassigned_area,0,0.08,0,0.08
2407,2020-10,2020-06,4,0,True,0.0,master,valid_observed_phase_at_origin,ABCD,selection,1,-1,unassigned_nearest_donor_beyond_100km,pooled_unassigned_area,0,0.07,0,0.07
2408,2020-10,2020-06,4,0,True,0.0,master,valid_observed_phase_at_origin,ABCD,selection,1,-1,unassigned_nearest_donor_beyond_100km,pooled_unassigned_area,0,0.1,0,0.1
2409,2020-10,2020-06,4,0,True,0.0,master,valid_observed_phase_at_origin,ABCD,selection,1,-1,unassigned_nearest_donor_beyond_100km,pooled_unassigned_area,0,0.12,0,0.12
2410,2020-10,2020-06,4,1,True,0.0,master,valid_observed_phase_at_origin,ABCD,selection,1,-1,unassigned_nearest_donor_beyond_100km,pooled_unassigned_area,0,0.13,0,0.13
2411,2020-10,2020-06,4,0,True,0.0,master,valid_observed_phase_at_origin,ABCD,selection,1,-1,unassigned_nearest_donor_beyond_100km,pooled_unassigned_area,0,0.1,0,0.1
2412,2020-10,2020-06,4,1,True,0.0,master,valid_observed_phase_at_origin,ABCD,selection,1,-1,unassigned_nearest_donor_beyond_100km,pooled_unassigned_area,0,0.12,0,0.12
2413,2020-10,2020-06,4,0,True,0.0,master,valid_observed_phase_at_origin,ABCD,selection,1,-1,unassigned_nearest_donor_beyond_100km,pooled_unassigned_area,0,0.1,0,0.1
2414,2020-10,2020-06,4,1,True,0.0,master,valid_observed_phase_at_origin,ABCD,selection,1,-1,unassigned_nearest_donor_beyond_100km,pooled_unassigned_area,0,0.11,0,0.11
2415,2020-10,2020-06,4,1,True,0.0,master,valid_observed_phase_at_origin,ABCD,selection,1,-1,unassigned_nearest_donor_beyond_100km,pooled_unassigned_area,0,0.1,0,0.1
2416,2020-10,2020-06,4,1,True,0.0,master,valid_observed_phase_at_origin,ABCD,selection,1,-1,unassigned_nearest_donor_beyond_100km,pooled_unassigned_area,0,0.08,0,0.08
2417,2020-10,2020-06,4,0,True,0.0,master,valid_observed_phase_at_origin,ABCD,selection,1,-1,unassigned_nearest_donor_beyond_100km,pooled_unassigned_area,0,0.1,0,0.1
2418,2020-10,2020-06,4,0,True,0.0,master,valid_observed_phase_at_origin,ABCD,selection,1,-1,unassigned_nearest_donor_beyond_100km,pooled_unassigned_area,0,0.14,0,0.14
2419,2020-10,2020-06,4,1,True,0.0,master,valid_observed_phase_at_origin,ABCD,selection,1,-1,unassigned_nearest_donor_beyond_100km,pooled_unassigned_area,0,0.09,0,0.09
2420,2020-10,2020-06,4,1,True,0.0,master,valid_observed_phase_at_origin,ABCD,selection,1,-1,unassigned_nearest_donor_beyond_100km,pooled_unassigned_area,0,0.12,0,0.12
2421,2020-10,2020-06,4,1,True,0.0,master,valid_observed_phase_at_origin,ABCD,selection,1,-1,unassigned_nearest_donor_beyond_100km,pooled_unassigned_area,0,0.14,0,0.14
2422,2020-10,2020-06,4,1,True,0.0,master,valid_observed_phase_at_origin,ABCD,selection,1,-1,unassigned_nearest_donor_beyond_100km,pooled_unassigned_area,0,0.15,0,0.15
2423,2020-10,2020-06,4,1,True,0.0,master,valid_observed_phase_at_origin,ABCD,selection,1,-1,unassigned_nearest_donor_beyond_100km,pooled_unassigned_area,0,0.06,0,0.06
2424,2020-10,2020-06,4,0,True,0.0,master,valid_observed_phase_at_origin,ABCD,selection,1,-1,unassigned_nearest_donor_beyond_100km,pooled_unassigned_area,0,0.1,0,0.1
2425,2020-10,2020-06,4,0,True,0.0,master,valid_observed_phase_at_origin,ABCD,selection,1,-1,unassigned_nearest_donor_beyond_100km,pooled_unassigned_area,0,0.1,0,0.1
2426,2020-10,2020-06,4,1,True,0.0,master,valid_observed_phase_at_origin,ABCD,selection,1,-1,unassigned_nearest_donor_beyond_100km,pooled_unassigned_area,0,0.12,0,0.12
2427,2020-10,2020-06,4,0,True,0.0,master,valid_observed_phase_at_origin,ABCD,selection,1,-1,unassigned_nearest_donor_beyond_100km,pooled_unassigned_area,0,0.06,0,0.06
2428,2020-10,2020-06,4,1,True,0.0,master,valid_observed_phase_at_origin,ABCD,selection,1,-1,unassigned_nearest_donor_beyond_100km,pooled_unassigned_area,0,0.15,0,0.15
2429,2020-10,2020-06,4,1,True,0.0,master,valid_observed_phase_at_origin,ABCD,selection,1,-1,unassigned_nearest_donor_beyond_100km,pooled_unassigned_area,0,0.1,0,0.1
2430,2020-10,2020-06,4,1,True,0.0,master,valid_observed_phase_at_origin,ABCD,selection,1,-1,unassigned_nearest_donor_beyond_100km,pooled_unassigned_area,0,0.1,0,0.1
2431,2020-10,2020-06,4,1,True,0.0,master,valid_observed_phase_at_origin,ABCD,selection,1,-1,unassigned_nearest_donor_beyond_100km,pooled_unassigned_area,0,0.14,0,0.14
2432,2020-10,2020-06,4,1,True,0.0,master,valid_observed_phase_at_origin,ABCD,selection,1,-1,unassigned_nearest_donor_beyond_100km,pooled_unassigned_area,0,0.13,0,0.13
2433,2020-10,2020-06,4,0,True,0.0,master,valid_observed_phase_at_origin,ABCD,selection,1,-1,unassigned_nearest_donor_beyond_100km,pooled_unassigned_area,0,0.09,0,0.09
2434,2020-10,2020-06,4,0,True,0.0,master,valid_observed_phase_at_origin,ABCD,selection,1,-1,unassigned_nearest_donor_beyond_100km,pooled_unassigned_area,0,0.11,0,0.11
2435,2020-10,2020-06,4,1,True,0.0,master,valid_observed_phase_at_origin,ABCD,selection,1,-1,unassigned_nearest_donor_beyond_100km,pooled_unassigned_area,0,0.1,0,0.1
2436,2020-10,2020-06,4,0,True,0.0,master,valid_observed_phase_at_origin,ABCD,selection,1,-1,unassigned_nearest_donor_beyond_100km,pooled_unassigned_area,0,0.14,0,0.14
2437,2020-10,2020-06,4,1,True,0.0,master,valid_observed_phase_at_origin,ABCD,selection,1,-1,unassigned_nearest_donor_beyond_100km,pooled_unassigned_area,0,0.16,0,0.16
2438,2020-10,2020-06,4,0,True,0.0,master,valid_observed_phase_at_origin,ABCD,selection,1,-1,unassigned_nearest_donor_beyond_100km,pooled_unassigned_area,0,0.11,0,0.11
2439,2020-10,2020-06,4,0,True,0.0,master,valid_observed_phase_at_origin,ABCD,selection,1,-1,unassigned_nearest_donor_beyond_100km,pooled_unassigned_area,0,0.07,0,0.07
2440,2020-10,2020-06,4,0,True,0.0,master,valid_observed_phase_at_origin,ABCD,selection,1,-1,unassigned_nearest_donor_beyond_100km,pooled_unassigned_area,0,0.08,0,0.08
2441,2020-10,2020-06,4,0,True,0.0,master,valid_observed_phase_at_origin,ABCD,selection,1,-1,unassigned_nearest_donor_beyond_100km,pooled_unassigned_area,0,0.11,0,0.11
2442,2020-10,2020-06,4,1,True,0.0,master,valid_observed_phase_at_origin,ABCD,selection,1,-1,unassigned_nearest_donor_beyond_100km,pooled_unassigned_area,0,0.1,0,0.1
2443,2020-10,2020-06,4,1,True,0.0,master,valid_observed_phase_at_origin,ABCD,selection,1,-1,unassigned_nearest_donor_beyond_100km,pooled_unassigned_area,0,0.1,0,0.1
2444,2020-10,2020-06,4,1,True,0.0,master,valid_observed_phase_at_origin,ABCD,selection,1,-1,unassigned_nearest_donor_beyond_100km,pooled_unassigned_area,0,0.13,0,0.13
2445,2020-10,2020-06,4,1,True,0.0,master,valid_observed_phase_at_origin,ABCD,selection,1,-1,unassigned_nearest_donor_beyond_100km,pooled_unassigned_area,0,0.11,0,0.11
2446,2020-10,2020-06,4,0,True,0.0,master,valid_observed_phase_at_origin,ABCD,selection,1,-1,unassigned_nearest_donor_beyond_100km,pooled_unassigned_area,0,0.1,0,0.1
2447,2020-10,2020-06,4,1,True,0.0,master,valid_observed_phase_at_origin,ABCD,selection,1,-1,unassigned_nearest_donor_beyond_100km,pooled_unassigned_area,0,0.12,0,0.12
2448,2020-10,2020-06,4,0,True,0.0,master,valid_observed_phase_at_origin,ABCD,selection,1,-1,unassigned_nearest_donor_beyond_100km,pooled_unassigned_area,0,0.11,0,0.11
2449,2020-10,2020-06,4,0,True,0.0,master,valid_observed_phase_at_origin,ABCD,selection,1,-1,unassigned_nearest_donor_beyond_100km,pooled_unassigned_area,0,0.11,0,0.11
2450,2020-10,2020-06,4,0,True,0.0,master,valid_observed_phase_at_origin,ABCD,selection,1,-1,unassigned_nearest_donor_beyond_100km,pooled_unassigned_area,0,0.11,0,0.11
2451,2020-10,2020-06,4,1,True,0.0,master,valid_observed_phase_at_origin,ABCD,selection,1,-1,unassigned_nearest_donor_beyond_100km,pooled_unassigned_area,0,0.11,0,0.11
2452,2020-10,2020-06,4,0,True,0.0,master,valid_observed_phase_at_origin,ABCD,selection,1,-1,unassigned_nearest_donor_beyond_100km,pooled_unassigned_area,0,0.1,0,0.1
2453,2020-10,2020-06,4,1,True,0.0,master,valid_observed_phase_at_origin,ABCD,selection,1,-1,unassigned_nearest_donor_beyond_100km,pooled_unassigned_area,0,0.19,0,0.19
2454,2020-10,2020-06,4,1,True,0.0,master,valid_observed_phase_at_origin,ABCD,selection,1,-1,unassigned_nearest_donor_beyond_100km,pooled_unassigned_area,0,0.17,0,0.17
2455,2020-10,2020-06,4,1,True,0.0,master,valid_observed_phase_at_origin,ABCD,selection,1,-1,unassigned_nearest_donor_beyond_100km,pooled_unassigned_area,0,0.13,0,0.13
2456,2020-10,2020-06,4,1,True,0.0,master,valid_observed_phase_at_origin,ABCD,selection,1,-1,unassigned_nearest_donor_beyond_100km,pooled_unassigned_area,0,0.14,0,0.14
2457,2020-10,2020-06,4,1,True,0.0,master,valid_observed_phase_at_origin,ABCD,selection,1,-1,unassigned_nearest_donor_beyond_100km,pooled_unassigned_area,0,0.14,0,0.14
2458,2020-10,2020-06,4,1,True,0.0,master,valid_observed_phase_at_origin,ABCD,selection,1,-1,unassigned_nearest_donor_beyond_100km,pooled_unassigned_area,0,0.14,0,0.14
2459,2020-10,2020-06,4,1,True,0.0,master,valid_observed_phase_at_origin,ABCD,selection,1,-1,unassigned_nearest_donor_beyond_100km,pooled_unassigned_area,0,0.08,0,0.08
2460,2020-10,2020-06,4,1,True,0.0,master,valid_observed_phase_at_origin,ABCD,selection,1,-1,unassigned_nearest_donor_beyond_100km,pooled_unassigned_area,0,0.11,0,0.11
2461,2020-10,2020-06,4,0,True,0.0,master,valid_observed_phase_at_origin,ABCD,selection,1,-1,unassigned_nearest_donor_beyond_100km,pooled_unassigned_area,0,0.1,0,0.1
2462,2020-10,2020-06,4,0,True,0.0,master,valid_observed_phase_at_origin,ABCD,selection,1,-1,unassigned_nearest_donor_beyond_100km,pooled_unassigned_area,0,0.11,0,0.11
2463,2020-10,2020-06,4,1,True,0.0,master,valid_observed_phase_at_origin,ABCD,selection,1,-1,unassigned_nearest_donor_beyond_100km,pooled_unassigned_area,0,0.11,0,0.11
2464,2020-10,2020-06,4,0,True,0.0,master,valid_observed_phase_at_origin,ABCD,selection,1,-1,unassigned_nearest_donor_beyond_100km,pooled_unassigned_area,0,0.05,0,0.05
2465,2020-10,2020-06,4,0,True,0.0,master,valid_observed_phase_at_origin,ABCD,selection,1,-1,unassigned_nearest_donor_beyond_100km,pooled_unassigned_area,0,0.08,0,0.08
2466,2020-10,2020-06,4,1,True,0.0,master,valid_observed_phase_at_origin,ABCD,selection,1,-1,unassigned_nearest_donor_beyond_100km,pooled_unassigned_area,0,0.1,0,0.1
2467,2020-10,2020-06,4,0,True,0.0,master,valid_observed_phase_at_origin,ABCD,selection,1,-1,unassigned_nearest_donor_beyond_100km,pooled_unassigned_area,0,0.07,0,0.07
2468,2020-10,2020-06,4,1,True,0.0,master,valid_observed_phase_at_origin,ABCD,selection,1,-1,unassigned_nearest_donor_beyond_100km,pooled_unassigned_area,0,0.1,0,0.1
2469,2020-10,2020-06,4,1,True,0.0,master,valid_observed_phase_at_origin,ABCD,selection,1,-1,unassigned_nearest_donor_beyond_100km,pooled_unassigned_area,0,0.11,0,0.11
2470,2020-10,2020-06,4,0,True,0.0,master,valid_observed_phase_at_origin,ABCD,selection,1,-1,unassigned_nearest_donor_beyond_100km,pooled_unassigned_area,0,0.08,0,0.08
2471,2020-10,2020-06,4,1,True,0.0,master,valid_observed_phase_at_origin,ABCD,selection,1,-1,unassigned_nearest_donor_beyond_100km,pooled_unassigned_area,0,0.11,0,0.11
2472,2020-10,2020-06,4,0,True,0.0,master,valid_observed_phase_at_origin,ABCD,selection,1,-1,unassigned_nearest_donor_beyond_100km,pooled_unassigned_area,0,0.06,0,0.06
2473,2020-10,2020-06,4,1,True,0.0,master,valid_observed_phase_at_origin,ABCD,selection,1,-1,unassigned_nearest_donor_beyond_100km,pooled_unassigned_area,0,0.12,0,0.12
2474,2020-10,2020-06,4,1,True,0.0,master,valid_observed_phase_at_origin,ABCD,selection,1,-1,unassigned_nearest_donor_beyond_100km,pooled_unassigned_area,0,0.18,0,0.18
2475,2020-10,2020-06,4,1,True,0.0,master,valid_observed_phase_at_origin,ABCD,selection,1,-1,unassigned_nearest_donor_beyond_100km,pooled_unassigned_area,0,0.13,0,0.13
2476,2020-10,2020-06,4,1,True,0.0,master,valid_observed_phase_at_origin,ABCD,selection,1,-1,unassigned_nearest_donor_beyond_100km,pooled_unassigned_area,0,0.15,0,0.15
2477,2020-10,2020-06,4,1,True,0.0,master,valid_observed_phase_at_origin,ABCD,selection,1,-1,unassigned_nearest_donor_beyond_100km,pooled_unassigned_area,0,0.14,0,0.14
2478,2020-10,2020-06,4,0,True,0.0,master,valid_observed_phase_at_origin,ABCD,selection,1,-1,unassigned_nearest_donor_beyond_100km,pooled_unassigned_area,0,0.1,0,0.1
2479,2020-10,2020-06,4,0,True,0.0,master,valid_observed_phase_at_origin,ABCD,selection,1,-1,unassigned_nearest_donor_beyond_100km,pooled_unassigned_area,0,0.17,0,0.17
2480,2020-10,2020-06,4,1,True,0.0,master,valid_observed_phase_at_origin,ABCD,selection,1,-1,unassigned_nearest_donor_beyond_100km,pooled_unassigned_area,0,0.13,0,0.13
2481,2020-10,2020-06,4,1,True,0.0,master,valid_observed_phase_at_origin,ABCD,selection,1,-1,unassigned_nearest_donor_beyond_100km,pooled_unassigned_area,0,0.13,0,0.13
2482,2020-10,2020-06,4,1,True,0.0,master,valid_observed_phase_at_origin,ABCD,selection,1,-1,unassigned_nearest_donor_beyond_100km,pooled_unassigned_area,0,0.12,0,0.12
2483,2020-10,2020-06,4,1,True,0.0,master,valid_observed_phase_at_origin,ABCD,selection,1,-1,unassigned_nearest_donor_beyond_100km,pooled_unassigned_area,0,0.12,0,0.12
2484,2020-10,2020-06,4,0,True,0.0,master,valid_observed_phase_at_origin,ABCD,selection,1,-1,unassigned_nearest_donor_beyond_100km,pooled_unassigned_area,0,0.09,0,0.09
2485,2020-10,2020-06,4,0,True,0.0,master,valid_observed_phase_at_origin,ABCD,selection,1,-1,unassigned_nearest_donor_beyond_100km,pooled_unassigned_area,0,0.1,0,0.1
2486,2020-10,2020-06,4,1,True,0.0,master,valid_observed_phase_at_origin,ABCD,selection,1,-1,unassigned_nearest_donor_beyond_100km,pooled_unassigned_area,0,0.13,0,0.13
2487,2020-10,2020-06,4,1,True,0.0,master,valid_observed_phase_at_origin,ABCD,selection,1,-1,unassigned_nearest_donor_beyond_100km,pooled_unassigned_area,0,0.17,0,0.17
2488,2020-10,2020-06,4,1,True,0.0,master,valid_observed_phase_at_origin,ABCD,selection,1,-1,unassigned_nearest_donor_beyond_100km,pooled_unassigned_area,0,0.12,0,0.12
2489,2020-10,2020-06,4,1,True,0.0,master,valid_observed_phase_at_origin,ABCD,selection,1,-1,unassigned_nearest_donor_beyond_100km,pooled_unassigned_area,0,0.13,0,0.13
2490,2020-10,2020-06,4,1,True,0.0,master,valid_observed_phase_at_origin,ABCD,selection,1,-1,unassigned_nearest_donor_beyond_100km,pooled_unassigned_area,0,0.11,0,0.11
2491,2020-10,2020-06,4,1,True,0.0,master,valid_observed_phase_at_origin,ABCD,selection,1,-1,unassigned_nearest_donor_beyond_100km,pooled_unassigned_area,0,0.12,0,0.12
2492,2020-10,2020-06,4,0,True,0.0,master,valid_observed_phase_at_origin,ABCD,selection,1,-1,unassigned_nearest_donor_beyond_100km,pooled_unassigned_area,0,0.11,0,0.11
2493,2020-10,2020-06,4,0,True,0.0,master,valid_observed_phase_at_origin,ABCD,selection,1,-1,unassigned_nearest_donor_beyond_100km,pooled_unassigned_area,0,0.09,0,0.09
2494,2020-10,2020-06,4,1,True,0.0,master,valid_observed_phase_at_origin,ABCD,selection,1,-1,unassigned_nearest_donor_beyond_100km,pooled_unassigned_area,0,0.12,0,0.12
2495,2020-10,2020-06,4,0,True,0.0,master,valid_observed_phase_at_origin,ABCD,selection,1,-1,unassigned_nearest_donor_beyond_100km,pooled_unassigned_area,0,0.1,0,0.1
2496,2020-10,2020-06,4,1,True,0.0,master,valid_observed_phase_at_origin,ABCD,selection,1,-1,unassigned_nearest_donor_beyond_100km,pooled_unassigned_area,0,0.11,0,0.11
2497,2020-10,2020-06,4,0,True,0.0,master,valid_observed_phase_at_origin,ABCD,selection,1,-1,unassigned_nearest_donor_beyond_100km,pooled_unassigned_area,0,0.12,0,0.12
2498,2020-10,2020-06,4,1,True,0.0,master,valid_observed_phase_at_origin,ABCD,selection,1,-1,unassigned_nearest_donor_beyond_100km,pooled_unassigned_area,0,0.09,0,0.09
2499,2020-10,2020-06,4,0,True,0.0,master,valid_observed_phase_at_origin,ABCD,selection,1,-1,unassigned_nearest_donor_beyond_100km,pooled_unassigned_area,0,0.09,0,0.09
2500,2020-10,2020-06,4,0,True,0.0,master,valid_observed_phase_at_origin,ABCD,selection,1,-1,unassigned_nearest_donor_beyond_100km,pooled_unassigned_area,0,0.16,0,0.16
2501,2020-10,2020-06,4,0,True,0.0,master,valid_observed_phase_at_origin,ABCD,selection,1,-1,unassigned_nearest_donor_beyond_100km,pooled_unassigned_area,0,0.13,0,0.13
2502,2020-10,2020-06,4,0,True,0.0,master,valid_observed_phase_at_origin,ABCD,selection,1,-1,unassigned_nearest_donor_beyond_100km,pooled_unassigned_area,0,0.11,0,0.11
2503,2020-10,2020-06,4,0,True,0.0,master,valid_observed_phase_at_origin,ABCD,selection,1,-1,unassigned_nearest_donor_beyond_100km,pooled_unassigned_area,0,0.07,0,0.07
2504,2020-10,2020-06,4,0,True,0.0,master,valid_observed_phase_at_origin,ABCD,selection,1,-1,unassigned_nearest_donor_beyond_100km,pooled_unassigned_area,0,0.08,0,0.08
2505,2020-10,2020-06,4,1,True,1.0,master,valid_observed_phase_at_origin,ABCD,selection,1,-1,unassigned_nearest_donor_beyond_100km,pooled_unassigned_area,1,0.75,1,0.75
2506,2020-10,2020-06,4,0,True,0.0,master,valid_observed_phase_at_origin,ABCD,selection,1,-1,unassigned_nearest_donor_beyond_100km,pooled_unassigned_area,0,0.2,0,0.2
2507,2020-10,2020-06,4,1,True,1.0,master,valid_observed_phase_at_origin,ABCD,selection,1,-1,unassigned_nearest_donor_beyond_100km,pooled_unassigned_area,1,0.79,1,0.79
2508,2020-10,2020-06,4,1,True,1.0,master,valid_observed_phase_at_origin,ABCD,selection,1,-1,unassigned_nearest_donor_beyond_100km,pooled_unassigned_area,1,0.71,1,0.71
2509,2020-10,2020-06,4,0,True,1.0,master,valid_observed_phase_at_origin,ABCD,selection,1,-1,unassigned_nearest_donor_beyond_100km,pooled_unassigned_area,1,0.7,1,0.7
2510,2020-10,2020-06,4,1,True,1.0,master,valid_observed_phase_at_origin,ABCD,selection,1,-1,unassigned_nearest_donor_beyond_100km,pooled_unassigned_area,1,0.7,1,0.7
2511,2020-10,2020-06,4,0,True,0.0,master,valid_observed_phase_at_origin,ABCD,selection,1,-1,unassigned_nearest_donor_beyond_100km,pooled_unassigned_area,0,0.13,0,0.13
2512,2020-10,2020-06,4,0,True,1.0,master,valid_observed_phase_at_origin,ABCD,selection,1,-1,unassigned_nearest_donor_beyond_100km,pooled_unassigned_area,1,0.79,1,0.79
2513,2020-10,2020-06,4,0,True,1.0,master,valid_observed_phase_at_origin,ABCD,selection,1,-1,unassigned_nearest_donor_beyond_100km,pooled_unassigned_area,1,0.74,1,0.74
2514,2020-10,2020-06,4,0,True,0.0,master,valid_observed_phase_at_origin,ABCD,selection,1,-1,unassigned_nearest_donor_beyond_100km,pooled_unassigned_area,0,0.15,0,0.15
2515,2020-10,2020-06,4,0,True,1.0,master,valid_observed_phase_at_origin,ABCD,selection,1,-1,unassigned_nearest_donor_beyond_100km,pooled_unassigned_area,1,0.82,1,0.82
2516,2020-10,2020-06,4,0,True,0.0,master,valid_observed_phase_at_origin,ABCD,selection,1,-1,unassigned_nearest_donor_beyond_100km,pooled_unassigned_area,0,0.13,0,0.13
2517,2020-10,2020-06,4,0,True,0.0,master,valid_observed_phase_at_origin,ABCD,selection,1,-1,unassigned_nearest_donor_beyond_100km,pooled_unassigned_area,0,0.13,0,0.13
2518,2020-10,2020-06,4,1,True,1.0,master,valid_observed_phase_at_origin,ABCD,selection,1,-1,unassigned_nearest_donor_beyond_100km,pooled_unassigned_area,1,0.8,1,0.8
2519,2020-10,2020-06,4,0,True,1.0,master,valid_observed_phase_at_origin,ABCD,selection,1,-1,unassigned_nearest_donor_beyond_100km,pooled_unassigned_area,1,0.69,1,0.69
2520,2020-10,2020-06,4,0,True,1.0,master,valid_observed_phase_at_origin,ABCD,selection,1,-1,unassigned_nearest_donor_beyond_100km,pooled_unassigned_area,1,0.71,1,0.71
2521,2020-10,2020-06,4,0,True,0.0,master,valid_observed_phase_at_origin,ABCD,selection,1,-1,unassigned_nearest_donor_beyond_100km,pooled_unassigned_area,0,0.16,0,0.16
2522,2020-10,2020-06,4,1,True,1.0,master,valid_observed_phase_at_origin,ABCD,selection,1,-1,unassigned_nearest_donor_beyond_100km,pooled_unassigned_area,1,0.78,1,0.78
2523,2020-10,2020-06,4,1,True,1.0,master,valid_observed_phase_at_origin,ABCD,selection,1,-1,unassigned_nearest_donor_beyond_100km,pooled_unassigned_area,1,0.74,1,0.74
2524,2020-10,2020-06,4,1,True,1.0,master,valid_observed_phase_at_origin,ABCD,selection,1,-1,unassigned_nearest_donor_beyond_100km,pooled_unassigned_area,1,0.78,1,0.78
2525,2020-10,2020-06,4,0,True,0.0,master,valid_observed_phase_at_origin,ABCD,selection,1,-1,unassigned_nearest_donor_beyond_100km,pooled_unassigned_area,0,0.15,0,0.15
2526,2020-10,2020-06,4,0,True,1.0,master,valid_observed_phase_at_origin,ABCD,selection,1,-1,unassigned_nearest_donor_beyond_100km,pooled_unassigned_area,1,0.76,1,0.76
2527,2020-10,2020-06,4,0,True,0.0,master,valid_observed_phase_at_origin,ABCD,selection,1,-1,unassigned_nearest_donor_beyond_100km,pooled_unassigned_area,0,0.09,0,0.09
2528,2020-10,2020-06,4,1,True,1.0,master,valid_observed_phase_at_origin,ABCD,selection,1,-1,unassigned_nearest_donor_beyond_100km,pooled_unassigned_area,1,0.73,1,0.73
2529,2020-10,2020-06,4,0,True,0.0,master,valid_observed_phase_at_origin,ABCD,selection,1,-1,unassigned_nearest_donor_beyond_100km,pooled_unassigned_area,0,0.18,0,0.18
2530,2020-10,2020-06,4,1,True,1.0,master,valid_observed_phase_at_origin,ABCD,selection,1,-1,unassigned_nearest_donor_beyond_100km,pooled_unassigned_area,1,0.74,1,0.74
2531,2020-10,2020-06,4,0,True,1.0,master,valid_observed_phase_at_origin,ABCD,selection,1,-1,unassigned_nearest_donor_beyond_100km,pooled_unassigned_area,1,0.75,1,0.75
2532,2020-10,2020-06,4,1,True,1.0,master,valid_observed_phase_at_origin,ABCD,selection,1,-1,unassigned_nearest_donor_beyond_100km,pooled_unassigned_area,1,0.67,1,0.67
2533,2020-10,2020-06,4,1,True,1.0,master,valid_observed_phase_at_origin,ABCD,selection,1,-1,unassigned_nearest_donor_beyond_100km,pooled_unassigned_area,1,0.69,1,0.69
2534,2020-10,2020-06,4,1,True,1.0,master,valid_observed_phase_at_origin,ABCD,selection,1,-1,unassigned_nearest_donor_beyond_100km,pooled_unassigned_area,1,0.75,1,0.75
2535,2020-10,2020-06,4,1,True,1.0,master,valid_observed_phase_at_origin,ABCD,selection,1,-1,unassigned_nearest_donor_beyond_100km,pooled_unassigned_area,1,0.7,1,0.7
2536,2020-10,2020-06,4,0,True,1.0,master,valid_observed_phase_at_origin,ABCD,selection,1,-1,unassigned_nearest_donor_beyond_100km,pooled_unassigned_area,1,0.74,1,0.74
2537,2020-10,2020-06,4,1,True,1.0,master,valid_observed_phase_at_origin,ABCD,selection,1,-1,unassigned_nearest_donor_beyond_100km,pooled_unassigned_area,1,0.72,1,0.72
2538,2020-10,2020-06,4,1,True,1.0,master,valid_observed_phase_at_origin,ABCD,selection,1,-1,unassigned_nearest_donor_beyond_100km,pooled_unassigned_area,1,0.7,1,0.7
2539,2020-10,2020-06,4,0,True,0.0,master,valid_observed_phase_at_origin,ABCD,selection,1,-1,unassigned_nearest_donor_beyond_100km,pooled_unassigned_area,0,0.13,0,0.13
2540,2020-10,2020-06,4,0,True,0.0,master,valid_observed_phase_at_origin,ABCD,selection,1,-1,unassigned_nearest_donor_beyond_100km,pooled_unassigned_area,0,0.17,0,0.17
2541,2020-10,2020-06,4,1,True,1.0,master,valid_observed_phase_at_origin,ABCD,selection,1,-1,unassigned_nearest_donor_beyond_100km,pooled_unassigned_area,1,0.64,1,0.64
2542,2020-10,2020-06,4,0,True,0.0,master,valid_observed_phase_at_origin,ABCD,selection,1,-1,unassigned_nearest_donor_beyond_100km,pooled_unassigned_area,0,0.09,0,0.09
2543,2020-10,2020-06,4,0,True,0.0,master,valid_observed_phase_at_origin,ABCD,selection,1,-1,unassigned_nearest_donor_beyond_100km,pooled_unassigned_area,0,0.13,0,0.13
2544,2020-10,2020-06,4,0,True,1.0,master,valid_observed_phase_at_origin,ABCD,selection,1,-1,unassigned_nearest_donor_beyond_100km,pooled_unassigned_area,1,0.73,1,0.73
2545,2020-10,2020-06,4,0,True,1.0,master,valid_observed_phase_at_origin,ABCD,selection,1,-1,unassigned_nearest_donor_beyond_100km,pooled_unassigned_area,1,0.79,1,0.79
2546,2020-10,2020-06,4,0,True,0.0,master,valid_observed_phase_at_origin,ABCD,selection,1,-1,unassigned_nearest_donor_beyond_100km,pooled_unassigned_area,0,0.1,0,0.1
2547,2020-10,2020-06,4,1,True,1.0,master,valid_observed_phase_at_origin,ABCD,selection,1,-1,unassigned_nearest_donor_beyond_100km,pooled_unassigned_area,1,0.74,1,0.74
2548,2020-10,2020-06,4,0,True,0.0,master,valid_observed_phase_at_origin,ABCD,selection,1,-1,unassigned_nearest_donor_beyond_100km,pooled_unassigned_area,0,0.11,0,0.11
2549,2020-10,2020-06,4,0,True,1.0,master,valid_observed_phase_at_origin,ABCD,selection,1,-1,unassigned_nearest_donor_beyond_100km,pooled_unassigned_area,1,0.73,1,0.73
2550,2020-10,2020-06,4,0,True,0.0,master,valid_observed_phase_at_origin,ABCD,selection,1,-1,unassigned_nearest_donor_beyond_100km,pooled_unassigned_area,0,0.12,0,0.12
2551,2020-10,2020-06,4,0,True,0.0,master,valid_observed_phase_at_origin,ABCD,selection,1,-1,unassigned_nearest_donor_beyond_100km,pooled_unassigned_area,0,0.13,0,0.13
2552,2020-10,2020-06,4,0,True,0.0,master,valid_observed_phase_at_origin,ABCD,selection,1,-1,unassigned_nearest_donor_beyond_100km,pooled_unassigned_area,0,0.08,0,0.08
2553,2020-10,2020-06,4,1,True,1.0,master,valid_observed_phase_at_origin,ABCD,selection,1,-1,unassigned_nearest_donor_beyond_100km,pooled_unassigned_area,1,0.66,1,0.66
2554,2020-10,2020-06,4,1,True,1.0,master,valid_observed_phase_at_origin,ABCD,selection,1,-1,unassigned_nearest_donor_beyond_100km,pooled_unassigned_area,1,0.76,1,0.76
2555,2020-10,2020-06,4,0,True,1.0,master,valid_observed_phase_at_origin,ABCD,selection,1,-1,unassigned_nearest_donor_beyond_100km,pooled_unassigned_area,1,0.75,1,0.75
2556,2020-10,2020-06,4,1,True,1.0,master,valid_observed_phase_at_origin,ABCD,selection,1,-1,unassigned_nearest_donor_beyond_100km,pooled_unassigned_area,1,0.66,1,0.66
2557,2020-10,2020-06,4,1,True,0.0,master,valid_observed_phase_at_origin,ABCD,selection,1,-1,unassigned_nearest_donor_beyond_100km,pooled_unassigned_area,0,0.16,0,0.16
2558,2020-10,2020-06,4,0,True,0.0,master,valid_observed_phase_at_origin,ABCD,selection,1,-1,unassigned_nearest_donor_beyond_100km,pooled_unassigned_area,0,0.08,0,0.08
2559,2020-10,2020-06,4,1,True,1.0,master,valid_observed_phase_at_origin,ABCD,selection,1,-1,unassigned_nearest_donor_beyond_100km,pooled_unassigned_area,1,0.73,1,0.73
2560,2020-10,2020-06,4,1,True,1.0,master,valid_observed_phase_at_origin,ABCD,selection,1,-1,unassigned_nearest_donor_beyond_100km,pooled_unassigned_area,1,0.72,1,0.72
2561,2020-10,2020-06,4,0,True,0.0,master,valid_observed_phase_at_origin,ABCD,selection,1,-1,unassigned_nearest_donor_beyond_100km,pooled_unassigned_area,0,0.15,0,0.15
2562,2020-10,2020-06,4,0,True,0.0,master,valid_observed_phase_at_origin,ABCD,selection,1,-1,unassigned_nearest_donor_beyond_100km,pooled_unassigned_area,0,0.12,0,0.12
2563,2020-10,2020-06,4,1,True,0.0,master,valid_observed_phase_at_origin,ABCD,selection,1,-1,unassigned_nearest_donor_beyond_100km,pooled_unassigned_area,0,0.11,0,0.11
2564,2020-10,2020-06,4,0,True,0.0,master,valid_observed_phase_at_origin,ABCD,selection,1,-1,unassigned_nearest_donor_beyond_100km,pooled_unassigned_area,0,0.12,0,0.12
2565,2020-10,2020-06,4,0,True,0.0,master,valid_observed_phase_at_origin,ABCD,selection,1,-1,unassigned_nearest_donor_beyond_100km,pooled_unassigned_area,0,0.25,0,0.25
2566,2020-10,2020-06,4,0,True,0.0,master,valid_observed_phase_at_origin,ABCD,selection,1,-1,unassigned_nearest_donor_beyond_100km,pooled_unassigned_area,0,0.17,0,0.17
2567,2020-10,2020-06,4,0,True,0.0,master,valid_observed_phase_at_origin,ABCD,selection,1,-1,unassigned_nearest_donor_beyond_100km,pooled_unassigned_area,0,0.13,0,0.13
2568,2020-10,2020-06,4,0,True,0.0,master,valid_observed_phase_at_origin,ABCD,selection,1,-1,unassigned_nearest_donor_beyond_100km,pooled_unassigned_area,0,0.17,0,0.17
2569,2020-10,2020-06,4,1,True,1.0,master,valid_observed_phase_at_origin,ABCD,selection,1,-1,unassigned_nearest_donor_beyond_100km,pooled_unassigned_area,1,0.73,1,0.73
2570,2020-10,2020-06,4,1,True,1.0,master,valid_observed_phase_at_origin,ABCD,selection,1,-1,unassigned_nearest_donor_beyond_100km,pooled_unassigned_area,1,0.72,1,0.72
2571,2020-10,2020-06,4,0,True,0.0,master,valid_observed_phase_at_origin,ABCD,selection,1,-1,unassigned_nearest_donor_beyond_100km,pooled_unassigned_area,0,0.17,0,0.17
2572,2020-10,2020-06,4,1,True,1.0,master,valid_observed_phase_at_origin,ABCD,selection,1,-1,unassigned_nearest_donor_beyond_100km,pooled_unassigned_area,1,0.8,1,0.8
2573,2020-10,2020-06,4,1,True,1.0,master,valid_observed_phase_at_origin,ABCD,selection,1,-1,unassigned_nearest_donor_beyond_100km,pooled_unassigned_area,1,0.75,1,0.75
2574,2020-10,2020-06,4,1,True,1.0,master,valid_observed_phase_at_origin,ABCD,selection,1,-1,unassigned_nearest_donor_beyond_100km,pooled_unassigned_area,1,0.77,1,0.77
2575,2020-10,2020-06,4,0,True,0.0,master,valid_observed_phase_at_origin,ABCD,selection,1,-1,unassigned_nearest_donor_beyond_100km,pooled_unassigned_area,0,0.13,0,0.13
2576,2020-10,2020-06,4,1,True,1.0,master,valid_observed_phase_at_origin,ABCD,selection,1,-1,unassigned_nearest_donor_beyond_100km,pooled_unassigned_area,1,0.76,1,0.76
2577,2020-10,2020-06,4,0,True,0.0,master,valid_observed_phase_at_origin,ABCD,selection,1,-1,unassigned_nearest_donor_beyond_100km,pooled_unassigned_area,0,0.15,0,0.15
2578,2020-10,2020-06,4,0,True,0.0,master,valid_observed_phase_at_origin,ABCD,selection,1,-1,unassigned_nearest_donor_beyond_100km,pooled_unassigned_area,0,0.19,0,0.19
2579,2020-10,2020-06,4,0,True,0.0,master,valid_observed_phase_at_origin,ABCD,selection,1,-1,unassigned_nearest_donor_beyond_100km,pooled_unassigned_area,0,0.16,0,0.16
2580,2020-10,2020-06,4,1,True,1.0,master,valid_observed_phase_at_origin,ABCD,selection,1,-1,unassigned_nearest_donor_beyond_100km,pooled_unassigned_area,1,0.74,1,0.74
2581,2020-10,2020-06,4,0,True,1.0,master,valid_observed_phase_at_origin,ABCD,selection,1,-1,unassigned_nearest_donor_beyond_100km,pooled_unassigned_area,1,0.75,1,0.75
2582,2020-10,2020-06,4,0,True,0.0,master,valid_observed_phase_at_origin,ABCD,selection,1,-1,unassigned_nearest_donor_beyond_100km,pooled_unassigned_area,0,0.12,0,0.12
2583,2020-10,2020-06,4,0,True,1.0,master,valid_observed_phase_at_origin,ABCD,selection,1,-1,unassigned_nearest_donor_beyond_100km,pooled_unassigned_area,1,0.75,1,0.75
2584,2020-10,2020-06,4,0,True,0.0,master,valid_observed_phase_at_origin,ABCD,selection,1,-1,unassigned_nearest_donor_beyond_100km,pooled_unassigned_area,0,0.15,0,0.15
2585,2020-10,2020-06,4,0,True,0.0,master,valid_observed_phase_at_origin,ABCD,selection,1,-1,unassigned_nearest_donor_beyond_100km,pooled_unassigned_area,0,0.13,0,0.13
2586,2020-10,2020-06,4,1,True,1.0,master,valid_observed_phase_at_origin,ABCD,selection,1,-1,unassigned_nearest_donor_beyond_100km,pooled_unassigned_area,1,0.81,1,0.81
2587,2020-10,2020-06,4,0,True,0.0,master,valid_observed_phase_at_origin,ABCD,selection,1,-1,unassigned_nearest_donor_beyond_100km,pooled_unassigned_area,0,0.18,0,0.18
2588,2020-10,2020-06,4,1,True,1.0,master,valid_observed_phase_at_origin,ABCD,selection,1,-1,unassigned_nearest_donor_beyond_100km,pooled_unassigned_area,1,0.77,1,0.77
2589,2020-10,2020-06,4,1,True,1.0,master,valid_observed_phase_at_origin,ABCD,selection,1,-1,unassigned_nearest_donor_beyond_100km,pooled_unassigned_area,1,0.77,1,0.77
2590,2020-10,2020-06,4,0,True,0.0,master,valid_observed_phase_at_origin,ABCD,selection,1,-1,unassigned_nearest_donor_beyond_100km,pooled_unassigned_area,0,0.16,0,0.16
2591,2020-10,2020-06,4,0,True,1.0,master,valid_observed_phase_at_origin,ABCD,selection,1,-1,unassigned_nearest_donor_beyond_100km,pooled_unassigned_area,1,0.76,1,0.76
2592,2020-10,2020-06,4,0,True,0.0,master,valid_observed_phase_at_origin,ABCD,selection,1,-1,unassigned_nearest_donor_beyond_100km,pooled_unassigned_area,0,0.11,0,0.11
2593,2020-10,2020-06,4,0,True,0.0,master,valid_observed_phase_at_origin,ABCD,selection,1,-1,unassigned_nearest_donor_beyond_100km,pooled_unassigned_area,0,0.12,0,0.12
2594,2020-10,2020-06,4,0,True,0.0,master,valid_observed_phase_at_origin,ABCD,selection,1,-1,unassigned_nearest_donor_beyond_100km,pooled_unassigned_area,0,0.16,0,0.16
2595,2020-10,2020-06,4,0,True,0.0,master,valid_observed_phase_at_origin,ABCD,selection,1,-1,unassigned_nearest_donor_beyond_100km,pooled_unassigned_area,0,0.14,0,0.14
2596,2020-10,2020-06,4,0,True,0.0,master,valid_observed_phase_at_origin,ABCD,selection,1,-1,unassigned_nearest_donor_beyond_100km,pooled_unassigned_area,0,0.09,0,0.09
2597,2020-10,2020-06,4,0,True,0.0,master,valid_observed_phase_at_origin,ABCD,selection,1,-1,unassigned_nearest_donor_beyond_100km,pooled_unassigned_area,0,0.19,0,0.19
2598,2020-10,2020-06,4,1,True,1.0,master,valid_observed_phase_at_origin,ABCD,selection,1,-1,unassigned_nearest_donor_beyond_100km,pooled_unassigned_area,1,0.72,1,0.72
2599,2020-10,2020-06,4,0,True,0.0,master,valid_observed_phase_at_origin,ABCD,selection,1,-1,unassigned_nearest_donor_beyond_100km,pooled_unassigned_area,0,0.12,0,0.12
2600,2020-10,2020-06,4,1,True,1.0,master,valid_observed_phase_at_origin,ABCD,selection,1,-1,unassigned_nearest_donor_beyond_100km,pooled_unassigned_area,1,0.76,1,0.76
2601,2020-10,2020-06,4,0,True,0.0,master,valid_observed_phase_at_origin,ABCD,selection,1,-1,unassigned_nearest_donor_beyond_100km,pooled_unassigned_area,0,0.11,0,0.11
2602,2020-10,2020-06,4,0,True,1.0,master,valid_observed_phase_at_origin,ABCD,selection,1,-1,unassigned_nearest_donor_beyond_100km,pooled_unassigned_area,1,0.71,1,0.71
2603,2020-10,2020-06,4,0,True,0.0,master,valid_observed_phase_at_origin,ABCD,selection,1,-1,unassigned_nearest_donor_beyond_100km,pooled_unassigned_area,0,0.12,0,0.12
2604,2020-10,2020-06,4,1,True,1.0,master,valid_observed_phase_at_origin,ABCD,selection,1,-1,unassigned_nearest_donor_beyond_100km,pooled_unassigned_area,1,0.72,1,0.72
2605,2020-10,2020-06,4,0,True,0.0,master,valid_observed_phase_at_origin,ABCD,selection,1,-1,unassigned_nearest_donor_beyond_100km,pooled_unassigned_area,0,0.11,0,0.11
2606,2020-10,2020-06,4,0,True,0.0,master,valid_observed_phase_at_origin,ABCD,selection,1,-1,unassigned_nearest_donor_beyond_100km,pooled_unassigned_area,0,0.1,0,0.1
2607,2020-10,2020-06,4,0,True,0.0,master,valid_observed_phase_at_origin,ABCD,selection,1,-1,unassigned_nearest_donor_beyond_100km,pooled_unassigned_area,0,0.08,0,0.08
2608,2020-10,2020-06,4,0,True,0.0,master,valid_observed_phase_at_origin,ABCD,selection,1,-1,unassigned_nearest_donor_beyond_100km,pooled_unassigned_area,0,0.09,0,0.09
2609,2020-10,2020-06,4,0,True,0.0,master,valid_observed_phase_at_origin,ABCD,selection,1,-1,unassigned_nearest_donor_beyond_100km,pooled_unassigned_area,0,0.13,0,0.13
2610,2020-10,2020-06,4,0,True,0.0,master,valid_observed_phase_at_origin,ABCD,selection,1,-1,unassigned_nearest_donor_beyond_100km,pooled_unassigned_area,0,0.12,0,0.12
2611,2020-10,2020-06,4,1,True,0.0,master,valid_observed_phase_at_origin,ABCD,selection,1,-1,unassigned_nearest_donor_beyond_100km,pooled_unassigned_area,0,0.15,0,0.15
2612,2020-10,2020-06,4,1,True,1.0,master,valid_observed_phase_at_origin,ABCD,selection,1,-1,unassigned_nearest_donor_beyond_100km,pooled_unassigned_area,1,0.75,1,0.75
2613,2020-10,2020-06,4,1,True,1.0,master,valid_observed_phase_at_origin,ABCD,selection,1,-1,unassigned_nearest_donor_beyond_100km,pooled_unassigned_area,1,0.67,1,0.67
2614,2020-10,2020-06,4,1,True,1.0,master,valid_observed_phase_at_origin,ABCD,selection,1,-1,unassigned_nearest_donor_beyond_100km,pooled_unassigned_area,1,0.68,1,0.68
2615,2020-10,2020-06,4,0,True,0.0,master,valid_observed_phase_at_origin,ABCD,selection,1,-1,unassigned_nearest_donor_beyond_100km,pooled_unassigned_area,0,0.12,0,0.12
2616,2020-10,2020-06,4,1,True,1.0,master,valid_observed_phase_at_origin,ABCD,selection,1,-1,unassigned_nearest_donor_beyond_100km,pooled_unassigned_area,1,0.7,1,0.7
2617,2020-10,2020-06,4,0,True,1.0,master,valid_observed_phase_at_origin,ABCD,selection,1,-1,unassigned_nearest_donor_beyond_100km,pooled_unassigned_area,1,0.71,1,0.71
2618,2020-10,2020-06,4,0,True,0.0,master,valid_observed_phase_at_origin,ABCD,selection,1,-1,unassigned_nearest_donor_beyond_100km,pooled_unassigned_area,0,0.18,0,0.18
2619,2020-10,2020-06,4,1,True,0.0,master,valid_observed_phase_at_origin,ABCD,selection,1,-1,unassigned_nearest_donor_beyond_100km,pooled_unassigned_area,0,0.11,0,0.11
2620,2020-10,2020-06,4,1,True,1.0,master,valid_observed_phase_at_origin,ABCD,selection,1,-1,unassigned_nearest_donor_beyond_100km,pooled_unassigned_area,1,0.69,1,0.69
2621,2020-10,2020-06,4,0,True,0.0,master,valid_observed_phase_at_origin,ABCD,selection,1,-1,unassigned_nearest_donor_beyond_100km,pooled_unassigned_area,0,0.1,0,0.1
2622,2020-10,2020-06,4,0,True,0.0,master,valid_observed_phase_at_origin,ABCD,selection,1,-1,unassigned_nearest_donor_beyond_100km,pooled_unassigned_area,0,0.16,0,0.16
2623,2020-10,2020-06,4,0,True,0.0,master,valid_observed_phase_at_origin,ABCD,selection,1,-1,unassigned_nearest_donor_beyond_100km,pooled_unassigned_area,0,0.19,0,0.19
2624,2020-10,2020-06,4,0,True,1.0,master,valid_observed_phase_at_origin,ABCD,selection,1,-1,unassigned_nearest_donor_beyond_100km,pooled_unassigned_area,1,0.73,1,0.73
2625,2020-10,2020-06,4,0,True,0.0,master,valid_observed_phase_at_origin,ABCD,selection,1,-1,unassigned_nearest_donor_beyond_100km,pooled_unassigned_area,0,0.11,0,0.11
2626,2020-10,2020-06,4,0,True,0.0,master,valid_observed_phase_at_origin,ABCD,selection,1,-1,unassigned_nearest_donor_beyond_100km,pooled_unassigned_area,0,0.09,0,0.09
2627,2020-10,2020-06,4,0,True,0.0,master,valid_observed_phase_at_origin,ABCD,selection,1,-1,unassigned_nearest_donor_beyond_100km,pooled_unassigned_area,0,0.07,0,0.07
2628,2020-10,2020-06,4,0,True,0.0,master,valid_observed_phase_at_origin,ABCD,selection,1,-1,unassigned_nearest_donor_beyond_100km,pooled_unassigned_area,0,0.12,0,0.12
2629,2020-10,2020-06,4,1,True,1.0,master,valid_observed_phase_at_origin,ABCD,selection,1,-1,unassigned_nearest_donor_beyond_100km,pooled_unassigned_area,1,0.69,1,0.69
2630,2020-10,2020-06,4,0,True,0.0,master,valid_observed_phase_at_origin,ABCD,selection,1,-1,unassigned_nearest_donor_beyond_100km,pooled_unassigned_area,0,0.12,0,0.12
2631,2020-10,2020-06,4,0,True,0.0,master,valid_observed_phase_at_origin,ABCD,selection,1,-1,unassigned_nearest_donor_beyond_100km,pooled_unassigned_area,0,0.18,0,0.18
2632,2020-10,2020-06,4,0,True,1.0,master,valid_observed_phase_at_origin,ABCD,selection,1,-1,unassigned_nearest_donor_beyond_100km,pooled_unassigned_area,1,0.74,1,0.74
2633,2020-10,2020-06,4,1,True,1.0,master,valid_observed_phase_at_origin,ABCD,selection,1,-1,unassigned_nearest_donor_beyond_100km,pooled_unassigned_area,1,0.66,1,0.66
2634,2020-10,2020-06,4,0,True,0.0,master,valid_observed_phase_at_origin,ABCD,selection,1,-1,unassigned_nearest_donor_beyond_100km,pooled_unassigned_area,0,0.14,0,0.14
2635,2020-10,2020-06,4,1,True,1.0,master,valid_observed_phase_at_origin,ABCD,selection,1,-1,unassigned_nearest_donor_beyond_100km,pooled_unassigned_area,1,0.74,1,0.74
2636,2020-10,2020-06,4,0,True,1.0,master,valid_observed_phase_at_origin,ABCD,selection,1,-1,unassigned_nearest_donor_beyond_100km,pooled_unassigned_area,1,0.77,1,0.77
2637,2020-10,2020-06,4,0,True,1.0,master,valid_observed_phase_at_origin,ABCD,selection,1,-1,unassigned_nearest_donor_beyond_100km,pooled_unassigned_area,1,0.72,1,0.72
2638,2020-10,2020-06,4,0,True,0.0,master,valid_observed_phase_at_origin,ABCD,selection,1,-1,unassigned_nearest_donor_beyond_100km,pooled_unassigned_area,0,0.11,0,0.11
2639,2020-10,2020-06,4,0,True,1.0,master,valid_observed_phase_at_origin,ABCD,selection,1,-1,unassigned_nearest_donor_beyond_100km,pooled_unassigned_area,1,0.61,1,0.61
2640,2020-10,2020-06,4,0,True,0.0,master,valid_observed_phase_at_origin,ABCD,selection,1,-1,unassigned_nearest_donor_beyond_100km,pooled_unassigned_area,0,0.09,0,0.09
2641,2020-10,2020-06,4,1,True,1.0,master,valid_observed_phase_at_origin,ABCD,selection,1,-1,unassigned_nearest_donor_beyond_100km,pooled_unassigned_area,1,0.72,1,0.72
2642,2020-10,2020-06,4,0,True,0.0,master,valid_observed_phase_at_origin,ABCD,selection,1,-1,unassigned_nearest_donor_beyond_100km,pooled_unassigned_area,0,0.19,0,0.19
2643,2020-10,2020-06,4,1,True,1.0,master,valid_observed_phase_at_origin,ABCD,selection,1,-1,unassigned_nearest_donor_beyond_100km,pooled_unassigned_area,1,0.73,1,0.73
2644,2020-10,2020-06,4,0,True,0.0,master,valid_observed_phase_at_origin,ABCD,selection,1,-1,unassigned_nearest_donor_beyond_100km,pooled_unassigned_area,0,0.11,0,0.11
2645,2020-10,2020-06,4,1,True,1.0,master,valid_observed_phase_at_origin,ABCD,selection,1,-1,unassigned_nearest_donor_beyond_100km,pooled_unassigned_area,1,0.77,1,0.77
2646,2020-10,2020-06,4,1,True,1.0,master,valid_observed_phase_at_origin,ABCD,selection,1,-1,unassigned_nearest_donor_beyond_100km,pooled_unassigned_area,1,0.67,1,0.67
2647,2020-10,2020-06,4,0,True,0.0,master,valid_observed_phase_at_origin,ABCD,selection,1,-1,unassigned_nearest_donor_beyond_100km,pooled_unassigned_area,0,0.12,0,0.12
2648,2020-10,2020-06,4,0,True,1.0,master,valid_observed_phase_at_origin,ABCD,selection,1,-1,unassigned_nearest_donor_beyond_100km,pooled_unassigned_area,1,0.68,1,0.68
2649,2020-10,2020-06,4,0,True,0.0,master,valid_observed_phase_at_origin,ABCD,selection,1,-1,unassigned_nearest_donor_beyond_100km,pooled_unassigned_area,0,0.12,0,0.12
2650,2020-10,2020-06,4,1,True,1.0,master,valid_observed_phase_at_origin,ABCD,selection,1,-1,unassigned_nearest_donor_beyond_100km,pooled_unassigned_area,1,0.69,1,0.69
2651,2020-10,2020-06,4,1,True,1.0,master,valid_observed_phase_at_origin,ABCD,selection,1,-1,unassigned_nearest_donor_beyond_100km,pooled_unassigned_area,1,0.7,1,0.7
2652,2020-10,2020-06,4,1,True,1.0,master,valid_observed_phase_at_origin,ABCD,selection,1,-1,unassigned_nearest_donor_beyond_100km,pooled_unassigned_area,1,0.73,1,0.73
2653,2020-10,2020-06,4,0,True,0.0,master,valid_observed_phase_at_origin,ABCD,selection,1,-1,unassigned_nearest_donor_beyond_100km,pooled_unassigned_area,0,0.2,0,0.2
2654,2020-10,2020-06,4,1,True,1.0,master,valid_observed_phase_at_origin,ABCD,selection,1,-1,unassigned_nearest_donor_beyond_100km,pooled_unassigned_area,1,0.75,1,0.75
2655,2020-10,2020-06,4,1,True,0.0,master,valid_observed_phase_at_origin,ABCD,selection,1,-1,unassigned_nearest_donor_beyond_100km,pooled_unassigned_area,0,0.14,0,0.14
2656,2020-10,2020-06,4,0,True,0.0,master,valid_observed_phase_at_origin,ABCD,selection,1,-1,unassigned_nearest_donor_beyond_100km,pooled_unassigned_area,0,0.17,0,0.17
2657,2020-10,2020-06,4,0,True,0.0,master,valid_observed_phase_at_origin,ABCD,selection,1,-1,unassigned_nearest_donor_beyond_100km,pooled_unassigned_area,0,0.13,0,0.13
2658,2020-10,2020-06,4,1,True,1.0,master,valid_observed_phase_at_origin,ABCD,selection,1,-1,unassigned_nearest_donor_beyond_100km,pooled_unassigned_area,1,0.6,1,0.6
2659,2020-10,2020-06,4,0,True,0.0,master,valid_observed_phase_at_origin,ABCD,selection,1,-1,unassigned_nearest_donor_beyond_100km,pooled_unassigned_area,0,0.14,0,0.14
2660,2020-10,2020-06,4,1,True,1.0,master,valid_observed_phase_at_origin,ABCD,selection,1,-1,unassigned_nearest_donor_beyond_100km,pooled_unassigned_area,1,0.67,1,0.67
2661,2020-10,2020-06,4,1,True,1.0,master,valid_observed_phase_at_origin,ABCD,selection,1,-1,unassigned_nearest_donor_beyond_100km,pooled_unassigned_area,1,0.72,1,0.72
2662,2020-10,2020-06,4,0,True,0.0,master,valid_observed_phase_at_origin,ABCD,selection,1,-1,unassigned_nearest_donor_beyond_100km,pooled_unassigned_area,0,0.14,0,0.14
2663,2020-10,2020-06,4,1,True,1.0,master,valid_observed_phase_at_origin,ABCD,selection,1,-1,unassigned_nearest_donor_beyond_100km,pooled_unassigned_area,1,0.78,1,0.78
2664,2020-10,2020-06,4,0,True,1.0,master,valid_observed_phase_at_origin,ABCD,selection,1,-1,unassigned_nearest_donor_beyond_100km,pooled_unassigned_area,1,0.7,1,0.7
2665,2020-10,2020-06,4,0,True,0.0,master,valid_observed_phase_at_origin,ABCD,selection,1,-1,unassigned_nearest_donor_beyond_100km,pooled_unassigned_area,0,0.16,0,0.16
2666,2020-10,2020-06,4,1,True,1.0,master,valid_observed_phase_at_origin,ABCD,selection,1,-1,unassigned_nearest_donor_beyond_100km,pooled_unassigned_area,1,0.75,1,0.75
2667,2020-10,2020-06,4,0,True,0.0,master,valid_observed_phase_at_origin,ABCD,selection,1,-1,unassigned_nearest_donor_beyond_100km,pooled_unassigned_area,0,0.18,0,0.18
2668,2020-10,2020-06,4,0,True,0.0,master,valid_observed_phase_at_origin,ABCD,selection,1,-1,unassigned_nearest_donor_beyond_100km,pooled_unassigned_area,0,0.15,0,0.15
2669,2020-10,2020-06,4,0,True,0.0,master,valid_observed_phase_at_origin,ABCD,selection,1,-1,unassigned_nearest_donor_beyond_100km,pooled_unassigned_area,0,0.12,0,0.12
2670,2020-10,2020-06,4,0,True,0.0,master,valid_observed_phase_at_origin,ABCD,selection,1,-1,unassigned_nearest_donor_beyond_100km,pooled_unassigned_area,0,0.13,0,0.13
2671,2020-10,2020-06,4,0,True,0.0,master,valid_observed_phase_at_origin,ABCD,selection,1,-1,unassigned_nearest_donor_beyond_100km,pooled_unassigned_area,0,0.08,0,0.08
2672,2020-10,2020-06,4,0,True,0.0,master,valid_observed_phase_at_origin,ABCD,selection,1,-1,unassigned_nearest_donor_beyond_100km,pooled_unassigned_area,0,0.1,0,0.1
2673,2020-10,2020-06,4,0,True,0.0,master,valid_observed_phase_at_origin,ABCD,selection,1,-1,unassigned_nearest_donor_beyond_100km,pooled_unassigned_area,0,0.11,0,0.11
2674,2020-10,2020-06,4,1,True,1.0,master,valid_observed_phase_at_origin,ABCD,selection,1,-1,unassigned_nearest_donor_beyond_100km,pooled_unassigned_area,1,0.68,1,0.68
2675,2020-10,2020-06,4,0,True,0.0,master,valid_observed_phase_at_origin,ABCD,selection,1,-1,unassigned_nearest_donor_beyond_100km,pooled_unassigned_area,0,0.17,0,0.17
2676,2020-10,2020-06,4,1,True,1.0,master,valid_observed_phase_at_origin,ABCD,selection,1,-1,unassigned_nearest_donor_beyond_100km,pooled_unassigned_area,1,0.7,1,0.7
2677,2020-10,2020-06,4,0,True,0.0,master,valid_observed_phase_at_origin,ABCD,selection,1,-1,unassigned_nearest_donor_beyond_100km,pooled_unassigned_area,0,0.1,0,0.1
2678,2020-10,2020-06,4,0,True,0.0,master,valid_observed_phase_at_origin,ABCD,selection,1,-1,unassigned_nearest_donor_beyond_100km,pooled_unassigned_area,0,0.19,0,0.19
2679,2020-10,2020-06,4,0,True,0.0,master,valid_observed_phase_at_origin,ABCD,selection,1,2,spectral_core,local_partition_rf,0,0.08,0,0.03
2680,2020-10,2020-06,4,0,True,0.0,master,valid_observed_phase_at_origin,ABCD,selection,1,2,spectral_core,local_partition_rf,0,0.1,0,0.04
2681,2020-10,2020-06,4,0,True,0.0,master,valid_observed_phase_at_origin,ABCD,selection,1,2,spectral_core,local_partition_rf,0,0.04,0,0.03
2682,2020-10,2020-06,4,0,True,0.0,master,valid_observed_phase_at_origin,ABCD,selection,1,2,spectral_core,local_partition_rf,0,0.03,0,0.06
2683,2020-10,2020-06,4,0,True,0.0,master,valid_observed_phase_at_origin,ABCD,selection,1,2,spectral_core,local_partition_rf,0,0.02,0,0.05
2684,2020-10,2020-06,4,0,True,0.0,master,valid_observed_phase_at_origin,ABCD,selection,1,2,spectral_core,local_partition_rf,0,0.03,0,0.04
2685,2020-10,2020-06,4,0,True,0.0,master,valid_observed_phase_at_origin,ABCD,selection,1,2,spectral_core,local_partition_rf,0,0.07,0,0.04
2686,2020-10,2020-06,4,0,True,0.0,master,valid_observed_phase_at_origin,ABCD,selection,1,2,spectral_core,local_partition_rf,0,0.06,0,0.01
2687,2020-10,2020-06,4,0,True,0.0,master,valid_observed_phase_at_origin,ABCD,selection,1,2,spectral_core,local_partition_rf,0,0.06,0,0.06
2688,2020-10,2020-06,4,0,True,0.0,master,valid_observed_phase_at_origin,ABCD,selection,1,2,spectral_core,local_partition_rf,0,0.07,0,0.01
2689,2020-10,2020-06,4,0,True,0.0,master,valid_observed_phase_at_origin,ABCD,selection,1,2,spectral_core,local_partition_rf,0,0.05,0,0.03
2690,2020-10,2020-06,4,0,True,0.0,master,valid_observed_phase_at_origin,ABCD,selection,1,2,spectral_core,local_partition_rf,0,0.07,0,0.03
2691,2020-10,2020-06,4,0,True,0.0,master,valid_observed_phase_at_origin,ABCD,selection,1,2,spectral_core,local_partition_rf,0,0.08,0,0.01
2692,2020-10,2020-06,4,0,True,0.0,master,valid_observed_phase_at_origin,ABCD,selection,1,2,spectral_core,local_partition_rf,0,0.07,0,0.02
2693,2020-10,2020-06,4,0,True,0.0,master,valid_observed_phase_at_origin,ABCD,selection,1,2,spectral_core,local_partition_rf,0,0.06,0,0.01
2694,2020-10,2020-06,4,0,True,0.0,master,valid_observed_phase_at_origin,ABCD,selection,1,2,spectral_core,local_partition_rf,0,0.08,0,0.0
2695,2020-10,2020-06,4,0,True,0.0,master,valid_observed_phase_at_origin,ABCD,selection,1,2,spectral_core,local_partition_rf,0,0.02,0,0.02
2696,2020-10,2020-06,4,0,True,0.0,master,valid_observed_phase_at_origin,ABCD,selection,1,2,spectral_core,local_partition_rf,0,0.05,0,0.1
2697,2020-10,2020-06,4,0,True,0.0,master,valid_observed_phase_at_origin,ABCD,selection,1,2,spectral_core,local_partition_rf,0,0.05,0,0.01
2698,2020-10,2020-06,4,0,True,0.0,master,valid_observed_phase_at_origin,ABCD,selection,1,2,spectral_core,local_partition_rf,0,0.1,0,0.06
2699,2020-10,2020-06,4,0,True,0.0,master,valid_observed_phase_at_origin,ABCD,selection,1,2,spectral_core,local_partition_rf,0,0.08,0,0.02
2700,2020-10,2020-06,4,0,True,0.0,master,valid_observed_phase_at_origin,ABCD,selection,1,2,spectral_core,local_partition_rf,0,0.07,0,0.01
2701,2020-10,2020-06,4,0,True,0.0,master,valid_observed_phase_at_origin,ABCD,selection,1,2,spectral_core,local_partition_rf,0,0.06,0,0.0
2702,2020-10,2020-06,4,0,True,0.0,master,valid_observed_phase_at_origin,ABCD,selection,1,2,spectral_core,local_partition_rf,0,0.03,0,0.07
2703,2020-10,2020-06,4,0,True,0.0,master,valid_observed_phase_at_origin,ABCD,selection,1,2,spectral_core,local_partition_rf,0,0.07,0,0.01
2704,2020-10,2020-06,4,0,True,0.0,master,valid_observed_phase_at_origin,ABCD,selection,1,2,spectral_core,local_partition_rf,0,0.11,0,0.04
2705,2020-10,2020-06,4,0,True,0.0,master,valid_observed_phase_at_origin,ABCD,selection,1,2,spectral_core,local_partition_rf,0,0.06,0,0.03
2706,2020-10,2020-06,4,0,True,0.0,master,valid_observed_phase_at_origin,ABCD,selection,1,2,spectral_core,local_partition_rf,0,0.07,0,0.0
2707,2020-10,2020-06,4,0,True,0.0,master,valid_observed_phase_at_origin,ABCD,selection,1,2,spectral_core,local_partition_rf,0,0.11,0,0.04
2708,2020-10,2020-06,4,0,True,0.0,master,valid_observed_phase_at_origin,ABCD,selection,1,2,spectral_core,local_partition_rf,0,0.05,0,0.01
2709,2020-10,2020-06,4,0,True,0.0,master,valid_observed_phase_at_origin,ABCD,selection,1,2,spectral_core,local_partition_rf,0,0.07,0,0.03
2710,2020-10,2020-06,4,0,True,0.0,master,valid_observed_phase_at_origin,ABCD,selection,1,2,spectral_core,local_partition_rf,0,0.05,0,0.01
2711,2020-10,2020-06,4,0,True,0.0,master,valid_observed_phase_at_origin,ABCD,selection,1,2,spectral_core,local_partition_rf,0,0.08,0,0.02
2712,2020-10,2020-06,4,0,True,0.0,master,valid_observed_phase_at_origin,ABCD,selection,1,2,spectral_core,local_partition_rf,0,0.07,0,0.0
2713,2020-10,2020-06,4,0,True,0.0,master,valid_observed_phase_at_origin,ABCD,selection,1,2,spectral_core,local_partition_rf,0,0.09,0,0.05
2714,2020-10,2020-06,4,0,True,0.0,master,valid_observed_phase_at_origin,ABCD,selection,1,2,spectral_core,local_partition_rf,0,0.06,0,0.02
2715,2020-10,2020-06,4,0,True,0.0,master,valid_observed_phase_at_origin,ABCD,selection,1,2,spectral_core,local_partition_rf,0,0.03,0,0.05
2716,2020-10,2020-06,4,0,True,0.0,master,valid_observed_phase_at_origin,ABCD,selection,1,2,spectral_core,local_partition_rf,0,0.04,0,0.06
2717,2020-10,2020-06,4,0,True,0.0,master,valid_observed_phase_at_origin,ABCD,selection,1,2,spectral_core,local_partition_rf,0,0.13,0,0.02
2718,2020-10,2020-06,4,0,True,0.0,master,valid_observed_phase_at_origin,ABCD,selection,1,2,spectral_core,local_partition_rf,0,0.08,0,0.0
2719,2020-10,2020-06,4,0,True,0.0,master,valid_observed_phase_at_origin,ABCD,selection,1,2,spectral_core,local_partition_rf,0,0.04,0,0.02
2720,2020-10,2020-06,4,0,True,0.0,master,valid_observed_phase_at_origin,ABCD,selection,1,2,spectral_core,local_partition_rf,0,0.07,0,0.03
2721,2020-10,2020-06,4,0,True,0.0,master,valid_observed_phase_at_origin,ABCD,selection,1,2,spectral_core,local_partition_rf,0,0.09,0,0.03
2722,2020-10,2020-06,4,0,True,0.0,master,valid_observed_phase_at_origin,ABCD,selection,1,2,spectral_core,local_partition_rf,0,0.09,0,0.02
2723,2020-10,2020-06,4,0,True,0.0,master,valid_observed_phase_at_origin,ABCD,selection,1,2,spectral_core,local_partition_rf,0,0.04,0,0.03
2724,2020-10,2020-06,4,0,True,0.0,master,valid_observed_phase_at_origin,ABCD,selection,1,2,spectral_core,local_partition_rf,0,0.06,0,0.03
2725,2020-10,2020-06,4,0,True,0.0,master,valid_observed_phase_at_origin,ABCD,selection,1,2,spectral_core,local_partition_rf,0,0.06,0,0.01
2726,2020-10,2020-06,4,0,True,0.0,master,valid_observed_phase_at_origin,ABCD,selection,1,2,spectral_core,local_partition_rf,0,0.05,0,0.03
2727,2020-10,2020-06,4,0,True,0.0,master,valid_observed_phase_at_origin,ABCD,selection,1,2,spectral_core,local_partition_rf,0,0.07,0,0.03
2728,2020-10,2020-06,4,0,True,0.0,master,valid_observed_phase_at_origin,ABCD,selection,1,2,spectral_core,local_partition_rf,0,0.09,0,0.03
2729,2020-10,2020-06,4,0,True,0.0,master,valid_observed_phase_at_origin,ABCD,selection,1,2,spectral_core,local_partition_rf,0,0.05,0,0.01
2730,2020-10,2020-06,4,0,True,0.0,master,valid_observed_phase_at_origin,ABCD,selection,1,2,spectral_core,local_partition_rf,0,0.05,0,0.01
2731,2020-10,2020-06,4,0,True,0.0,master,valid_observed_phase_at_origin,ABCD,selection,1,2,spectral_core,local_partition_rf,0,0.04,0,0.0
2732,2020-10,2020-06,4,0,True,0.0,master,valid_observed_phase_at_origin,ABCD,selection,1,2,spectral_core,local_partition_rf,0,0.1,0,0.04
2733,2020-10,2020-06,4,0,True,0.0,master,valid_observed_phase_at_origin,ABCD,selection,1,2,spectral_core,local_partition_rf,0,0.07,0,0.01
2734,2020-10,2020-06,4,0,True,0.0,master,valid_observed_phase_at_origin,ABCD,selection,1,2,spectral_core,local_partition_rf,0,0.03,0,0.05
2735,2020-10,2020-06,4,0,True,0.0,master,valid_observed_phase_at_origin,ABCD,selection,1,2,spectral_core,local_partition_rf,0,0.09,0,0.0
2736,2020-10,2020-06,4,0,True,0.0,master,valid_observed_phase_at_origin,ABCD,selection,1,2,spectral_core,local_partition_rf,0,0.04,0,0.03
2737,2020-10,2020-06,4,0,True,0.0,master,valid_observed_phase_at_origin,ABCD,selection,1,2,spectral_core,local_partition_rf,0,0.11,0,0.07
2738,2020-10,2020-06,4,0,True,0.0,master,valid_observed_phase_at_origin,ABCD,selection,1,2,spectral_core,local_partition_rf,0,0.05,0,0.05
2739,2020-10,2020-06,4,0,True,0.0,master,valid_observed_phase_at_origin,ABCD,selection,1,2,spectral_core,local_partition_rf,0,0.09,0,0.03
2740,2020-10,2020-06,4,0,True,0.0,master,valid_observed_phase_at_origin,ABCD,selection,1,2,spectral_core,local_partition_rf,0,0.09,0,0.01
2741,2020-10,2020-06,4,0,True,0.0,master,valid_observed_phase_at_origin,ABCD,selection,1,2,spectral_core,local_partition_rf,0,0.08,0,0.04
2742,2020-10,2020-06,4,0,True,0.0,master,valid_observed_phase_at_origin,ABCD,selection,1,2,spectral_core,local_partition_rf,0,0.09,0,0.03
2743,2020-10,2020-06,4,0,True,0.0,master,valid_observed_phase_at_origin,ABCD,selection,1,2,spectral_core,local_partition_rf,0,0.08,0,0.02
2744,2020-10,2020-06,4,0,True,0.0,master,valid_observed_phase_at_origin,ABCD,selection,1,2,spectral_core,local_partition_rf,0,0.11,0,0.11
2745,2020-10,2020-06,4,0,True,0.0,master,valid_observed_phase_at_origin,ABCD,selection,1,2,spectral_core,local_partition_rf,0,0.08,0,0.04
2746,2020-10,2020-06,4,0,True,0.0,master,valid_observed_phase_at_origin,ABCD,selection,1,2,spectral_core,local_partition_rf,0,0.09,0,0.09
2747,2020-10,2020-06,4,0,True,0.0,master,valid_observed_phase_at_origin,ABCD,selection,1,2,spectral_core,local_partition_rf,0,0.13,0,0.1
2748,2020-10,2020-06,4,0,True,0.0,master,valid_observed_phase_at_origin,ABCD,selection,1,2,spectral_core,local_partition_rf,0,0.11,0,0.15
2749,2020-10,2020-06,4,0,True,0.0,master,valid_observed_phase_at_origin,ABCD,selection,1,2,spectral_core,local_partition_rf,0,0.05,0,0.02
2750,2020-10,2020-06,4,0,True,0.0,master,valid_observed_phase_at_origin,ABCD,selection,1,2,spectral_core,local_partition_rf,0,0.06,0,0.02
2751,2020-10,2020-06,4,0,True,0.0,master,valid_observed_phase_at_origin,ABCD,selection,1,2,spectral_core,local_partition_rf,0,0.05,0,0.04
2752,2020-10,2020-06,4,0,True,0.0,master,valid_observed_phase_at_origin,ABCD,selection,1,2,spectral_core,local_partition_rf,0,0.13,0,0.05
2753,2020-10,2020-06,4,0,True,0.0,master,valid_observed_phase_at_origin,ABCD,selection,1,2,spectral_core,local_partition_rf,0,0.05,0,0.05
2754,2020-10,2020-06,4,0,True,0.0,master,valid_observed_phase_at_origin,ABCD,selection,1,2,spectral_core,local_partition_rf,0,0.05,0,0.01
2755,2020-10,2020-06,4,0,True,0.0,master,valid_observed_phase_at_origin,ABCD,selection,1,2,spectral_core,local_partition_rf,0,0.07,0,0.09
2756,2020-10,2020-06,4,0,True,0.0,master,valid_observed_phase_at_origin,ABCD,selection,1,2,spectral_core,local_partition_rf,0,0.07,0,0.03
2757,2020-10,2020-06,4,0,True,0.0,master,valid_observed_phase_at_origin,ABCD,selection,1,2,spectral_core,local_partition_rf,0,0.04,0,0.01
2758,2020-10,2020-06,4,0,True,0.0,master,valid_observed_phase_at_origin,ABCD,selection,1,2,spectral_core,local_partition_rf,0,0.09,0,0.05
2759,2020-10,2020-06,4,0,True,0.0,master,valid_observed_phase_at_origin,ABCD,selection,1,2,spectral_core,local_partition_rf,0,0.08,0,0.05
2760,2020-10,2020-06,4,0,True,0.0,master,valid_observed_phase_at_origin,ABCD,selection,1,2,spectral_core,local_partition_rf,0,0.05,0,0.03
2761,2020-10,2020-06,4,0,True,0.0,master,valid_observed_phase_at_origin,ABCD,selection,1,2,spectral_core,local_partition_rf,0,0.06,0,0.05
2762,2020-10,2020-06,4,0,True,0.0,master,valid_observed_phase_at_origin,ABCD,selection,1,2,spectral_core,local_partition_rf,0,0.07,0,0.03
2763,2020-10,2020-06,4,0,True,0.0,master,valid_observed_phase_at_origin,ABCD,selection,1,2,spectral_core,local_partition_rf,0,0.06,0,0.07
2764,2020-10,2020-06,4,0,True,0.0,master,valid_observed_phase_at_origin,ABCD,selection,1,2,spectral_core,local_partition_rf,0,0.05,0,0.03
2765,2020-10,2020-06,4,0,True,0.0,master,valid_observed_phase_at_origin,ABCD,selection,1,2,spectral_core,local_partition_rf,0,0.09,0,0.04
2766,2020-10,2020-06,4,0,True,0.0,master,valid_observed_phase_at_origin,ABCD,selection,1,2,spectral_core,local_partition_rf,0,0.08,0,0.04
2767,2020-10,2020-06,4,0,True,0.0,master,valid_observed_phase_at_origin,ABCD,selection,1,2,spectral_core,local_partition_rf,0,0.1,0,0.05
2768,2020-10,2020-06,4,0,True,0.0,master,valid_observed_phase_at_origin,ABCD,selection,1,2,spectral_core,local_partition_rf,0,0.08,0,0.1
2769,2020-10,2020-06,4,0,True,0.0,master,valid_observed_phase_at_origin,ABCD,selection,1,2,spectral_core,local_partition_rf,0,0.09,0,0.04
2770,2020-10,2020-06,4,0,True,0.0,master,valid_observed_phase_at_origin,ABCD,selection,1,2,spectral_core,local_partition_rf,0,0.16,0,0.13
2771,2020-10,2020-06,4,0,True,0.0,master,valid_observed_phase_at_origin,ABCD,selection,1,2,spectral_core,local_partition_rf,0,0.07,0,0.04
2772,2020-10,2020-06,4,0,True,0.0,master,valid_observed_phase_at_origin,ABCD,selection,1,2,spectral_core,local_partition_rf,0,0.07,0,0.05
2773,2020-10,2020-06,4,0,True,0.0,master,valid_observed_phase_at_origin,ABCD,selection,1,2,spectral_core,local_partition_rf,0,0.05,0,0.05
2774,2020-10,2020-06,4,0,True,0.0,master,valid_observed_phase_at_origin,ABCD,selection,1,2,spectral_core,local_partition_rf,0,0.1,0,0.09
2775,2020-10,2020-06,4,0,True,0.0,master,valid_observed_phase_at_origin,ABCD,selection,1,2,spectral_core,local_partition_rf,0,0.08,0,0.08
2776,2020-10,2020-06,4,0,True,0.0,master,valid_observed_phase_at_origin,ABCD,selection,1,2,spectral_core,local_partition_rf,0,0.08,0,0.1
2777,2020-10,2020-06,4,0,True,0.0,master,valid_observed_phase_at_origin,ABCD,selection,1,2,spectral_core,local_partition_rf,0,0.07,0,0.06
2778,2020-10,2020-06,4,0,True,0.0,master,valid_observed_phase_at_origin,ABCD,selection,1,2,spectral_core,local_partition_rf,0,0.18,0,0.09
2779,2020-10,2020-06,4,0,True,0.0,master,valid_observed_phase_at_origin,ABCD,selection,1,2,spectral_core,local_partition_rf,0,0.08,0,0.1
2780,2020-10,2020-06,4,0,True,0.0,master,valid_observed_phase_at_origin,ABCD,selection,1,2,spectral_core,local_partition_rf,0,0.06,0,0.06
2781,2020-10,2020-06,4,0,True,0.0,master,valid_observed_phase_at_origin,ABCD,selection,1,2,spectral_core,local_partition_rf,0,0.07,0,0.09
2782,2020-10,2020-06,4,0,True,0.0,master,valid_observed_phase_at_origin,ABCD,selection,1,2,spectral_core,local_partition_rf,0,0.08,0,0.07
2783,2020-10,2020-06,4,0,True,0.0,master,valid_observed_phase_at_origin,ABCD,selection,1,2,spectral_core,local_partition_rf,0,0.07,0,0.06
2784,2020-10,2020-06,4,0,True,0.0,master,valid_observed_phase_at_origin,ABCD,selection,1,11,spectral_core,local_partition_rf,0,0.17,0,0.07
2785,2020-10,2020-06,4,0,True,0.0,master,valid_observed_phase_at_origin,ABCD,selection,1,2,spectral_core,local_partition_rf,0,0.04,0,0.06
2787,2020-10,2020-06,4,0,True,0.0,master,valid_observed_phase_at_origin,ABCD,selection,1,2,spectral_core,local_partition_rf,0,0.05,0,0.13
2788,2020-10,2020-06,4,0,True,0.0,master,valid_observed_phase_at_origin,ABCD,selection,1,2,spectral_core,local_partition_rf,0,0.06,0,0.07
2789,2020-10,2020-06,4,0,True,0.0,master,valid_observed_phase_at_origin,ABCD,selection,1,11,spectral_core,local_partition_rf,0,0.19,0,0.13
2790,2020-10,2020-06,4,0,True,0.0,master,valid_observed_phase_at_origin,ABCD,selection,1,2,spectral_core,local_partition_rf,0,0.2,0,0.15
2791,2020-10,2020-06,4,0,True,0.0,master,valid_observed_phase_at_origin,ABCD,selection,1,2,spectral_core,local_partition_rf,0,0.22,0,0.17
2792,2020-10,2020-06,4,0,True,0.0,master,valid_observed_phase_at_origin,ABCD,selection,1,2,spectral_core,local_partition_rf,0,0.2,0,0.18
2793,2020-10,2020-06,4,0,True,0.0,master,valid_observed_phase_at_origin,ABCD,selection,1,2,spectral_core,local_partition_rf,0,0.22,0,0.11
2794,2020-10,2020-06,4,0,True,0.0,master,valid_observed_phase_at_origin,ABCD,selection,1,2,spectral_core,local_partition_rf,0,0.13,0,0.13
2795,2020-10,2020-06,4,0,True,0.0,master,valid_observed_phase_at_origin,ABCD,selection,1,2,spectral_core,local_partition_rf,0,0.13,0,0.14
2796,2020-10,2020-06,4,0,True,0.0,master,valid_observed_phase_at_origin,ABCD,selection,1,11,spectral_core,local_partition_rf,0,0.32,0,0.15
2797,2020-10,2020-06,4,0,True,0.0,master,valid_observed_phase_at_origin,ABCD,selection,1,2,spectral_core,local_partition_rf,0,0.17,0,0.18
2798,2020-10,2020-06,4,0,True,0.0,master,valid_observed_phase_at_origin,ABCD,selection,1,2,spectral_core,local_partition_rf,0,0.17,0,0.08
2799,2020-10,2020-06,4,0,True,0.0,master,valid_observed_phase_at_origin,ABCD,selection,1,2,spectral_core,local_partition_rf,0,0.16,0,0.19
2800,2020-10,2020-06,4,0,True,0.0,master,valid_observed_phase_at_origin,ABCD,selection,1,2,spectral_core,local_partition_rf,0,0.15,0,0.07
2801,2020-10,2020-06,4,0,True,0.0,master,valid_observed_phase_at_origin,ABCD,selection,1,2,spectral_core,local_partition_rf,0,0.15,0,0.08
2802,2020-10,2020-06,4,0,True,0.0,master,valid_observed_phase_at_origin,ABCD,selection,1,2,spectral_core,local_partition_rf,0,0.18,0,0.12
2803,2020-10,2020-06,4,0,True,0.0,master,valid_observed_phase_at_origin,ABCD,selection,1,2,spectral_core,local_partition_rf,0,0.14,0,0.19
2804,2020-10,2020-06,4,0,True,0.0,master,valid_observed_phase_at_origin,ABCD,selection,1,2,spectral_core,local_partition_rf,0,0.16,0,0.11
2805,2020-10,2020-06,4,0,True,0.0,master,valid_observed_phase_at_origin,ABCD,selection,1,2,spectral_core,local_partition_rf,0,0.18,0,0.12
2806,2020-10,2020-06,4,0,True,0.0,master,valid_observed_phase_at_origin,ABCD,selection,1,11,spectral_core,local_partition_rf,0,0.26,0,0.11
2807,2020-10,2020-06,4,0,True,0.0,master,valid_observed_phase_at_origin,ABCD,selection,1,2,spectral_core,local_partition_rf,0,0.18,0,0.18
2808,2020-10,2020-06,4,0,True,0.0,master,valid_observed_phase_at_origin,ABCD,selection,1,2,spectral_core,local_partition_rf,0,0.2,0,0.19
2809,2020-10,2020-06,4,0,True,0.0,master,valid_observed_phase_at_origin,ABCD,selection,1,2,spectral_core,local_partition_rf,0,0.18,0,0.14
2810,2020-10,2020-06,4,0,True,0.0,master,valid_observed_phase_at_origin,ABCD,selection,1,2,spectral_core,local_partition_rf,0,0.23,0,0.11
2811,2020-10,2020-06,4,0,True,0.0,master,valid_observed_phase_at_origin,ABCD,selection,1,2,spectral_core,local_partition_rf,0,0.17,0,0.16
2812,2020-10,2020-06,4,0,True,0.0,master,valid_observed_phase_at_origin,ABCD,selection,1,2,spectral_core,local_partition_rf,0,0.12,0,0.1
2813,2020-10,2020-06,4,0,True,0.0,master,valid_observed_phase_at_origin,ABCD,selection,1,2,spectral_core,local_partition_rf,0,0.19,0,0.14
2814,2020-10,2020-06,4,0,True,0.0,master,valid_observed_phase_at_origin,ABCD,selection,1,11,spectral_core,local_partition_rf,0,0.28,0,0.12
2815,2020-10,2020-06,4,0,True,0.0,master,valid_observed_phase_at_origin,ABCD,selection,1,2,spectral_core,local_partition_rf,0,0.16,0,0.08
2816,2020-10,2020-06,4,0,True,0.0,master,valid_observed_phase_at_origin,ABCD,selection,1,2,spectral_core,local_partition_rf,0,0.15,0,0.12
2817,2020-10,2020-06,4,0,True,0.0,master,valid_observed_phase_at_origin,ABCD,selection,1,2,spectral_core,local_partition_rf,0,0.13,0,0.11
2818,2020-10,2020-06,4,0,True,0.0,master,valid_observed_phase_at_origin,ABCD,selection,1,2,spectral_core,local_partition_rf,0,0.23,0,0.16
2819,2020-10,2020-06,4,0,True,0.0,master,valid_observed_phase_at_origin,ABCD,selection,1,2,spectral_core,local_partition_rf,0,0.21,0,0.18
2820,2020-10,2020-06,4,0,True,0.0,master,valid_observed_phase_at_origin,ABCD,selection,1,2,spectral_core,local_partition_rf,0,0.15,0,0.1
2821,2020-10,2020-06,4,0,True,0.0,master,valid_observed_phase_at_origin,ABCD,selection,1,2,spectral_core,local_partition_rf,0,0.22,0,0.15
2822,2020-10,2020-06,4,0,True,0.0,master,valid_observed_phase_at_origin,ABCD,selection,1,2,spectral_core,local_partition_rf,0,0.15,0,0.16
2823,2020-10,2020-06,4,0,True,0.0,master,valid_observed_phase_at_origin,ABCD,selection,1,2,spectral_core,local_partition_rf,0,0.22,0,0.21
2824,2020-10,2020-06,4,0,True,0.0,master,valid_observed_phase_at_origin,ABCD,selection,1,2,spectral_core,local_partition_rf,0,0.2,0,0.1
2825,2020-10,2020-06,4,0,True,0.0,master,valid_observed_phase_at_origin,ABCD,selection,1,2,spectral_core,local_partition_rf,0,0.15,0,0.17
2826,2020-10,2020-06,4,0,True,0.0,master,valid_observed_phase_at_origin,ABCD,selection,1,2,spectral_core,local_partition_rf,0,0.2,0,0.15
2827,2020-10,2020-06,4,0,True,0.0,master,valid_observed_phase_at_origin,ABCD,selection,1,2,spectral_core,local_partition_rf,0,0.22,0,0.12
2828,2020-10,2020-06,4,0,True,0.0,master,valid_observed_phase_at_origin,ABCD,selection,1,2,spectral_core,local_partition_rf,0,0.2,0,0.22
2829,2020-10,2020-06,4,1,True,0.0,master,valid_observed_phase_at_origin,ABCD,selection,1,2,spectral_core,local_partition_rf,0,0.26,0,0.18
2830,2020-10,2020-06,4,1,True,0.0,master,valid_observed_phase_at_origin,ABCD,selection,1,2,spectral_core,local_partition_rf,0,0.22,0,0.23
2831,2020-10,2020-06,4,1,True,0.0,master,valid_observed_phase_at_origin,ABCD,selection,1,2,spectral_core,local_partition_rf,0,0.25,0,0.19
2832,2020-10,2020-06,4,1,True,0.0,master,valid_observed_phase_at_origin,ABCD,selection,1,2,spectral_core,local_partition_rf,0,0.26,0,0.21
2833,2020-10,2020-06,4,1,True,0.0,master,valid_observed_phase_at_origin,ABCD,selection,1,2,spectral_core,local_partition_rf,0,0.2,0,0.2
2834,2020-10,2020-06,4,1,True,0.0,master,valid_observed_phase_at_origin,ABCD,selection,1,14,spectral_core,local_partition_rf,0,0.33,0,0.2
2835,2020-10,2020-06,4,0,True,0.0,master,valid_observed_phase_at_origin,ABCD,selection,1,2,spectral_core,local_partition_rf,0,0.25,0,0.16
2836,2020-10,2020-06,4,0,True,0.0,master,valid_observed_phase_at_origin,ABCD,selection,1,2,spectral_core,local_partition_rf,0,0.22,0,0.2
2837,2020-10,2020-06,4,0,True,0.0,master,valid_observed_phase_at_origin,ABCD,selection,1,2,spectral_core,local_partition_rf,0,0.21,0,0.25
2838,2020-10,2020-06,4,0,True,0.0,master,valid_observed_phase_at_origin,ABCD,selection,1,14,spectral_core,local_partition_rf,0,0.07,0,0.03
2839,2020-10,2020-06,4,0,True,0.0,master,valid_observed_phase_at_origin,ABCD,selection,1,14,spectral_core,local_partition_rf,0,0.07,0,0.0
2840,2020-10,2020-06,4,0,True,0.0,master,valid_observed_phase_at_origin,ABCD,selection,1,14,spectral_core,local_partition_rf,0,0.05,0,0.01
2841,2020-10,2020-06,4,0,True,0.0,master,valid_observed_phase_at_origin,ABCD,selection,1,14,spectral_core,local_partition_rf,0,0.05,0,0.01
2842,2020-10,2020-06,4,0,True,0.0,master,valid_observed_phase_at_origin,ABCD,selection,1,14,spectral_core,local_partition_rf,0,0.04,0,0.0
2843,2020-10,2020-06,4,0,True,0.0,master,valid_observed_phase_at_origin,ABCD,selection,1,14,spectral_core,local_partition_rf,0,0.04,0,0.01
2844,2020-10,2020-06,4,0,True,0.0,master,valid_observed_phase_at_origin,ABCD,selection,1,14,spectral_core,local_partition_rf,0,0.06,0,0.01
2845,2020-10,2020-06,4,0,True,0.0,master,valid_observed_phase_at_origin,ABCD,selection,1,14,spectral_core,local_partition_rf,0,0.04,0,0.02
2846,2020-10,2020-06,4,0,True,0.0,master,valid_observed_phase_at_origin,ABCD,selection,1,14,spectral_core,local_partition_rf,0,0.07,0,0.0
2847,2020-10,2020-06,4,0,True,0.0,master,valid_observed_phase_at_origin,ABCD,selection,1,14,spectral_core,local_partition_rf,0,0.03,0,0.03
2848,2020-10,2020-06,4,0,True,0.0,master,valid_observed_phase_at_origin,ABCD,selection,1,14,spectral_core,local_partition_rf,0,0.06,0,0.01
2849,2020-10,2020-06,4,0,True,0.0,master,valid_observed_phase_at_origin,ABCD,selection,1,14,spectral_core,local_partition_rf,0,0.07,0,0.01
2850,2020-10,2020-06,4,0,True,0.0,master,valid_observed_phase_at_origin,ABCD,selection,1,14,spectral_core,local_partition_rf,0,0.08,0,0.03
2851,2020-10,2020-06,4,0,True,0.0,master,valid_observed_phase_at_origin,ABCD,selection,1,14,spectral_core,local_partition_rf,0,0.06,0,0.01
2852,2020-10,2020-06,4,0,True,0.0,master,valid_observed_phase_at_origin,ABCD,selection,1,14,spectral_core,local_partition_rf,0,0.07,0,0.02
2853,2020-10,2020-06,4,0,True,0.0,master,valid_observed_phase_at_origin,ABCD,selection,1,14,spectral_core,local_partition_rf,0,0.06,0,0.0
2854,2020-10,2020-06,4,0,True,1.0,master,valid_observed_phase_at_origin,ABCD,selection,1,2,spectral_core,local_partition_rf,0,0.23,0,0.37
2855,2020-10,2020-06,4,0,True,1.0,master,valid_observed_phase_at_origin,ABCD,selection,1,2,spectral_core,local_partition_rf,0,0.25,0,0.35
2856,2020-10,2020-06,4,0,True,1.0,master,valid_observed_phase_at_origin,ABCD,selection,1,2,spectral_core,local_partition_rf,0,0.22,0,0.39
2857,2020-10,2020-06,4,0,True,1.0,master,valid_observed_phase_at_origin,ABCD,selection,1,2,spectral_core,local_partition_rf,0,0.23,0,0.34
2858,2020-10,2020-06,4,0,True,1.0,master,valid_observed_phase_at_origin,ABCD,selection,1,2,spectral_core,local_partition_rf,0,0.22,0,0.37
2859,2020-10,2020-06,4,0,True,1.0,master,valid_observed_phase_at_origin,ABCD,selection,1,2,spectral_core,local_partition_rf,0,0.32,0,0.41
2860,2020-10,2020-06,4,0,True,1.0,master,valid_observed_phase_at_origin,ABCD,selection,1,2,spectral_core,local_partition_rf,0,0.29,0,0.33
2861,2020-10,2020-06,4,0,True,1.0,master,valid_observed_phase_at_origin,ABCD,selection,1,2,spectral_core,local_partition_rf,0,0.24,0,0.44
2862,2020-10,2020-06,4,0,True,0.0,master,valid_observed_phase_at_origin,ABCD,selection,1,2,spectral_core,local_partition_rf,0,0.17,0,0.13
2863,2020-10,2020-06,4,0,True,0.0,master,valid_observed_phase_at_origin,ABCD,selection,1,2,spectral_core,local_partition_rf,0,0.17,0,0.06
2864,2020-10,2020-06,4,0,True,0.0,master,valid_observed_phase_at_origin,ABCD,selection,1,2,spectral_core,local_partition_rf,0,0.22,0,0.07
2865,2020-10,2020-06,4,0,True,0.0,master,valid_observed_phase_at_origin,ABCD,selection,1,2,spectral_core,local_partition_rf,0,0.11,0,0.12
2866,2020-10,2020-06,4,0,True,0.0,master,valid_observed_phase_at_origin,ABCD,selection,1,2,spectral_core,local_partition_rf,0,0.15,0,0.14
2867,2020-10,2020-06,4,0,True,0.0,master,valid_observed_phase_at_origin,ABCD,selection,1,2,spectral_core,local_partition_rf,0,0.14,0,0.13
2868,2020-10,2020-06,4,0,True,0.0,master,valid_observed_phase_at_origin,ABCD,selection,1,2,spectral_core,local_partition_rf,0,0.11,0,0.14
2869,2020-10,2020-06,4,0,True,0.0,master,valid_observed_phase_at_origin,ABCD,selection,1,2,spectral_core,local_partition_rf,0,0.09,0,0.11
2870,2020-10,2020-06,4,0,True,0.0,master,valid_observed_phase_at_origin,ABCD,selection,1,2,spectral_core,local_partition_rf,0,0.12,0,0.14
2871,2020-10,2020-06,4,0,True,0.0,master,valid_observed_phase_at_origin,ABCD,selection,1,2,spectral_core,local_partition_rf,0,0.16,0,0.1
2872,2020-10,2020-06,4,0,True,0.0,master,valid_observed_phase_at_origin,ABCD,selection,1,2,spectral_core,local_partition_rf,0,0.11,0,0.12
2873,2020-10,2020-06,4,0,True,0.0,master,valid_observed_phase_at_origin,ABCD,selection,1,2,spectral_core,local_partition_rf,0,0.16,0,0.18
2874,2020-10,2020-06,4,0,True,0.0,master,valid_observed_phase_at_origin,ABCD,selection,1,2,spectral_core,local_partition_rf,0,0.13,0,0.12
2875,2020-10,2020-06,4,0,True,0.0,master,valid_observed_phase_at_origin,ABCD,selection,1,2,spectral_core,local_partition_rf,0,0.11,0,0.12
2876,2020-10,2020-06,4,0,True,0.0,master,valid_observed_phase_at_origin,ABCD,selection,1,2,spectral_core,local_partition_rf,0,0.17,0,0.12
2877,2020-10,2020-06,4,0,True,0.0,master,valid_observed_phase_at_origin,ABCD,selection,1,2,spectral_core,local_partition_rf,0,0.13,0,0.12
2878,2020-10,2020-06,4,0,True,0.0,master,valid_observed_phase_at_origin,ABCD,selection,1,2,spectral_core,local_partition_rf,0,0.13,0,0.11
2879,2020-10,2020-06,4,0,True,0.0,master,valid_observed_phase_at_origin,ABCD,selection,1,2,spectral_core,local_partition_rf,0,0.14,0,0.13
2880,2020-10,2020-06,4,0,True,0.0,master,valid_observed_phase_at_origin,ABCD,selection,1,2,spectral_core,local_partition_rf,0,0.13,0,0.09
2881,2020-10,2020-06,4,0,True,0.0,master,valid_observed_phase_at_origin,ABCD,selection,1,2,spectral_core,local_partition_rf,0,0.18,0,0.14
2882,2020-10,2020-06,4,0,True,1.0,master,valid_observed_phase_at_origin,ABCD,selection,1,2,spectral_core,local_partition_rf,0,0.47,1,0.54
2883,2020-10,2020-06,4,0,True,0.0,master,valid_observed_phase_at_origin,ABCD,selection,1,2,spectral_core,local_partition_rf,0,0.11,0,0.14
2884,2020-10,2020-06,4,0,True,0.0,master,valid_observed_phase_at_origin,ABCD,selection,1,2,spectral_core,local_partition_rf,0,0.25,0,0.17
2885,2020-10,2020-06,4,0,True,0.0,master,valid_observed_phase_at_origin,ABCD,selection,1,2,spectral_core,local_partition_rf,0,0.14,0,0.16
2886,2020-10,2020-06,4,0,True,0.0,master,valid_observed_phase_at_origin,ABCD,selection,1,2,spectral_core,local_partition_rf,0,0.19,0,0.16
2887,2020-10,2020-06,4,0,True,0.0,master,valid_observed_phase_at_origin,ABCD,selection,1,2,spectral_core,local_partition_rf,0,0.16,0,0.2
2888,2020-10,2020-06,4,0,True,0.0,master,valid_observed_phase_at_origin,ABCD,selection,1,2,spectral_core,local_partition_rf,0,0.16,0,0.14
2889,2020-10,2020-06,4,0,True,0.0,master,valid_observed_phase_at_origin,ABCD,selection,1,2,spectral_core,local_partition_rf,0,0.2,0,0.19
2890,2020-10,2020-06,4,0,True,0.0,master,valid_observed_phase_at_origin,ABCD,selection,1,2,spectral_core,local_partition_rf,0,0.13,0,0.13
2891,2020-10,2020-06,4,0,True,0.0,master,valid_observed_phase_at_origin,ABCD,selection,1,2,spectral_core,local_partition_rf,0,0.12,0,0.16
2892,2020-10,2020-06,4,0,True,0.0,master,valid_observed_phase_at_origin,ABCD,selection,1,2,spectral_core,local_partition_rf,0,0.12,0,0.13
2893,2020-10,2020-06,4,0,True,0.0,master,valid_observed_phase_at_origin,ABCD,selection,1,2,spectral_core,local_partition_rf,0,0.17,0,0.15
2894,2020-10,2020-06,4,0,True,0.0,master,valid_observed_phase_at_origin,ABCD,selection,1,2,spectral_core,local_partition_rf,0,0.13,0,0.14
2895,2020-10,2020-06,4,0,True,0.0,master,valid_observed_phase_at_origin,ABCD,selection,1,2,spectral_core,local_partition_rf,0,0.2,0,0.19
2896,2020-10,2020-06,4,0,True,0.0,master,valid_observed_phase_at_origin,ABCD,selection,1,2,spectral_core,local_partition_rf,0,0.14,0,0.18
2897,2020-10,2020-06,4,0,True,0.0,master,valid_observed_phase_at_origin,ABCD,selection,1,2,spectral_core,local_partition_rf,0,0.11,0,0.08
2898,2020-10,2020-06,4,0,True,0.0,master,valid_observed_phase_at_origin,ABCD,selection,1,2,spectral_core,local_partition_rf,0,0.22,0,0.16
2899,2020-10,2020-06,4,0,True,0.0,master,valid_observed_phase_at_origin,ABCD,selection,1,2,spectral_core,local_partition_rf,0,0.14,0,0.13
2900,2020-10,2020-06,4,0,True,0.0,master,valid_observed_phase_at_origin,ABCD,selection,1,2,spectral_core,local_partition_rf,0,0.13,0,0.14
2901,2020-10,2020-06,4,0,True,0.0,master,valid_observed_phase_at_origin,ABCD,selection,1,2,spectral_core,local_partition_rf,0,0.13,0,0.15
2902,2020-10,2020-06,4,0,True,0.0,master,valid_observed_phase_at_origin,ABCD,selection,1,2,spectral_core,local_partition_rf,0,0.14,0,0.17
2903,2020-10,2020-06,4,0,True,0.0,master,valid_observed_phase_at_origin,ABCD,selection,1,2,spectral_core,local_partition_rf,0,0.13,0,0.11
2904,2020-10,2020-06,4,0,True,0.0,master,valid_observed_phase_at_origin,ABCD,selection,1,2,spectral_core,local_partition_rf,0,0.15,0,0.14
2905,2020-10,2020-06,4,0,True,0.0,master,valid_observed_phase_at_origin,ABCD,selection,1,2,spectral_core,local_partition_rf,0,0.12,0,0.19
2906,2020-10,2020-06,4,0,True,0.0,master,valid_observed_phase_at_origin,ABCD,selection,1,2,spectral_core,local_partition_rf,0,0.15,0,0.17
2907,2020-10,2020-06,4,0,True,0.0,master,valid_observed_phase_at_origin,ABCD,selection,1,2,spectral_core,local_partition_rf,0,0.13,0,0.16
2908,2020-10,2020-06,4,0,True,0.0,master,valid_observed_phase_at_origin,ABCD,selection,1,2,spectral_core,local_partition_rf,0,0.24,0,0.14
2909,2020-10,2020-06,4,0,True,0.0,master,valid_observed_phase_at_origin,ABCD,selection,1,2,spectral_core,local_partition_rf,0,0.11,0,0.14
2910,2020-10,2020-06,4,0,True,0.0,master,valid_observed_phase_at_origin,ABCD,selection,1,2,spectral_core,local_partition_rf,0,0.09,0,0.13
2911,2020-10,2020-06,4,0,True,0.0,master,valid_observed_phase_at_origin,ABCD,selection,1,2,spectral_core,local_partition_rf,0,0.12,0,0.12
2912,2020-10,2020-06,4,0,True,0.0,master,valid_observed_phase_at_origin,ABCD,selection,1,2,spectral_core,local_partition_rf,0,0.13,0,0.14
2913,2020-10,2020-06,4,0,True,0.0,master,valid_observed_phase_at_origin,ABCD,selection,1,2,spectral_core,local_partition_rf,0,0.21,0,0.14
2914,2020-10,2020-06,4,0,True,0.0,master,valid_observed_phase_at_origin,ABCD,selection,1,2,spectral_core,local_partition_rf,0,0.15,0,0.15
2915,2020-10,2020-06,4,0,True,0.0,master,valid_observed_phase_at_origin,ABCD,selection,1,2,spectral_core,local_partition_rf,0,0.12,0,0.16
2916,2020-10,2020-06,4,0,True,0.0,master,valid_observed_phase_at_origin,ABCD,selection,1,2,spectral_core,local_partition_rf,0,0.18,0,0.17
2917,2020-10,2020-06,4,0,True,0.0,master,valid_observed_phase_at_origin,ABCD,selection,1,2,spectral_core,local_partition_rf,0,0.11,0,0.14
2918,2020-10,2020-06,4,0,True,0.0,master,valid_observed_phase_at_origin,ABCD,selection,1,14,spectral_core,local_partition_rf,0,0.15,0,0.09
2919,2020-10,2020-06,4,0,True,0.0,master,valid_observed_phase_at_origin,ABCD,selection,1,2,spectral_core,local_partition_rf,0,0.18,0,0.1
2920,2020-10,2020-06,4,0,True,0.0,master,valid_observed_phase_at_origin,ABCD,selection,1,2,spectral_core,local_partition_rf,0,0.12,0,0.17
2921,2020-10,2020-06,4,0,True,0.0,master,valid_observed_phase_at_origin,ABCD,selection,1,2,spectral_core,local_partition_rf,0,0.12,0,0.19
2922,2020-10,2020-06,4,0,True,0.0,master,valid_observed_phase_at_origin,ABCD,selection,1,2,spectral_core,local_partition_rf,0,0.14,0,0.15
2923,2020-10,2020-06,4,0,True,0.0,master,valid_observed_phase_at_origin,ABCD,selection,1,2,spectral_core,local_partition_rf,0,0.11,0,0.13
2924,2020-10,2020-06,4,0,True,0.0,master,valid_observed_phase_at_origin,ABCD,selection,1,2,spectral_core,local_partition_rf,0,0.19,0,0.14
2925,2020-10,2020-06,4,0,True,0.0,master,valid_observed_phase_at_origin,ABCD,selection,1,2,spectral_core,local_partition_rf,0,0.23,0,0.15
2926,2020-10,2020-06,4,0,True,0.0,master,valid_observed_phase_at_origin,ABCD,selection,1,2,spectral_core,local_partition_rf,0,0.17,0,0.17
2927,2020-10,2020-06,4,0,True,0.0,master,valid_observed_phase_at_origin,ABCD,selection,1,2,spectral_core,local_partition_rf,0,0.14,0,0.16
2928,2020-10,2020-06,4,0,True,0.0,master,valid_observed_phase_at_origin,ABCD,selection,1,2,spectral_core,local_partition_rf,0,0.14,0,0.2
2929,2020-10,2020-06,4,0,True,0.0,master,valid_observed_phase_at_origin,ABCD,selection,1,2,spectral_core,local_partition_rf,0,0.16,0,0.14
2930,2020-10,2020-06,4,0,True,0.0,master,valid_observed_phase_at_origin,ABCD,selection,1,2,spectral_core,local_partition_rf,0,0.16,0,0.17
2931,2020-10,2020-06,4,0,True,0.0,master,valid_observed_phase_at_origin,ABCD,selection,1,2,spectral_core,local_partition_rf,0,0.18,0,0.2
2932,2020-10,2020-06,4,0,True,0.0,master,valid_observed_phase_at_origin,ABCD,selection,1,2,spectral_core,local_partition_rf,0,0.11,0,0.16
2933,2020-10,2020-06,4,0,True,0.0,master,valid_observed_phase_at_origin,ABCD,selection,1,2,spectral_core,local_partition_rf,0,0.16,0,0.2
2934,2020-10,2020-06,4,0,True,0.0,master,valid_observed_phase_at_origin,ABCD,selection,1,2,spectral_core,local_partition_rf,0,0.1,0,0.18
2935,2020-10,2020-06,4,0,True,0.0,master,valid_observed_phase_at_origin,ABCD,selection,1,2,spectral_core,local_partition_rf,0,0.12,0,0.13
2936,2020-10,2020-06,4,0,True,0.0,master,valid_observed_phase_at_origin,ABCD,selection,1,14,spectral_core,local_partition_rf,0,0.16,0,0.15
2937,2020-10,2020-06,4,0,True,0.0,master,valid_observed_phase_at_origin,ABCD,selection,1,2,spectral_core,local_partition_rf,0,0.12,0,0.16
2938,2020-10,2020-06,4,0,True,0.0,master,valid_observed_phase_at_origin,ABCD,selection,1,2,spectral_core,local_partition_rf,0,0.14,0,0.22
2939,2020-10,2020-06,4,0,True,0.0,master,valid_observed_phase_at_origin,ABCD,selection,1,2,spectral_core,local_partition_rf,0,0.16,0,0.13
2940,2020-10,2020-06,4,0,True,0.0,master,valid_observed_phase_at_origin,ABCD,selection,1,2,spectral_core,local_partition_rf,0,0.13,0,0.19
2941,2020-10,2020-06,4,0,True,0.0,master,valid_observed_phase_at_origin,ABCD,selection,1,2,spectral_core,local_partition_rf,0,0.12,0,0.18
2942,2020-10,2020-06,4,0,True,0.0,master,valid_observed_phase_at_origin,ABCD,selection,1,2,spectral_core,local_partition_rf,0,0.12,0,0.12
2943,2020-10,2020-06,4,0,True,0.0,master,valid_observed_phase_at_origin,ABCD,selection,1,14,spectral_core,local_partition_rf,0,0.2,0,0.11
2944,2020-10,2020-06,4,0,True,0.0,master,valid_observed_phase_at_origin,ABCD,selection,1,14,spectral_core,local_partition_rf,0,0.13,0,0.01
2945,2020-10,2020-06,4,0,True,0.0,master,valid_observed_phase_at_origin,ABCD,selection,1,14,spectral_core,local_partition_rf,0,0.2,0,0.14
2946,2020-10,2020-06,4,0,True,0.0,master,valid_observed_phase_at_origin,ABCD,selection,1,14,spectral_core,local_partition_rf,0,0.18,0,0.11
2947,2020-10,2020-06,4,0,True,0.0,master,valid_observed_phase_at_origin,ABCD,selection,1,14,spectral_core,local_partition_rf,0,0.22,0,0.12
2948,2020-10,2020-06,4,0,True,0.0,master,valid_observed_phase_at_origin,ABCD,selection,1,2,spectral_core,local_partition_rf,0,0.17,0,0.15
2949,2020-10,2020-06,4,0,True,0.0,master,valid_observed_phase_at_origin,ABCD,selection,1,14,spectral_core,local_partition_rf,0,0.16,0,0.1
2950,2020-10,2020-06,4,0,True,0.0,master,valid_observed_phase_at_origin,ABCD,selection,1,2,spectral_core,local_partition_rf,0,0.1,0,0.13
2951,2020-10,2020-06,4,0,True,0.0,master,valid_observed_phase_at_origin,ABCD,selection,1,2,spectral_core,local_partition_rf,0,0.21,0,0.23
2952,2020-10,2020-06,4,0,True,0.0,master,valid_observed_phase_at_origin,ABCD,selection,1,14,spectral_core,local_partition_rf,0,0.19,0,0.09
2953,2020-10,2020-06,4,0,True,0.0,master,valid_observed_phase_at_origin,ABCD,selection,1,14,spectral_core,local_partition_rf,0,0.23,0,0.2
2954,2020-10,2020-06,4,0,True,0.0,master,valid_observed_phase_at_origin,ABCD,selection,1,14,spectral_core,local_partition_rf,0,0.16,0,0.17
2955,2020-10,2020-06,4,0,True,0.0,master,valid_observed_phase_at_origin,ABCD,selection,1,14,spectral_core,local_partition_rf,0,0.25,0,0.22
2956,2020-10,2020-06,4,0,True,0.0,master,valid_observed_phase_at_origin,ABCD,selection,1,14,spectral_core,local_partition_rf,0,0.22,0,0.1
2957,2020-10,2020-06,4,0,True,0.0,master,valid_observed_phase_at_origin,ABCD,selection,1,14,spectral_core,local_partition_rf,0,0.23,0,0.14
2958,2020-10,2020-06,4,0,True,0.0,master,valid_observed_phase_at_origin,ABCD,selection,1,14,spectral_core,local_partition_rf,0,0.25,0,0.18
2959,2020-10,2020-06,4,0,True,0.0,master,valid_observed_phase_at_origin,ABCD,selection,1,14,spectral_core,local_partition_rf,0,0.2,0,0.16
2960,2020-10,2020-06,4,0,True,0.0,master,valid_observed_phase_at_origin,ABCD,selection,1,14,spectral_core,local_partition_rf,0,0.19,0,0.14
2961,2020-10,2020-06,4,0,True,0.0,master,valid_observed_phase_at_origin,ABCD,selection,1,14,spectral_core,local_partition_rf,0,0.16,0,0.11
2962,2020-10,2020-06,4,0,True,0.0,master,valid_observed_phase_at_origin,ABCD,selection,1,14,spectral_core,local_partition_rf,0,0.18,0,0.06
2963,2020-10,2020-06,4,0,True,0.0,master,valid_observed_phase_at_origin,ABCD,selection,1,14,spectral_core,local_partition_rf,0,0.12,0,0.11
2964,2020-10,2020-06,4,0,True,0.0,master,valid_observed_phase_at_origin,ABCD,selection,1,2,spectral_core,local_partition_rf,0,0.28,0,0.2
2965,2020-10,2020-06,4,0,True,0.0,master,valid_observed_phase_at_origin,ABCD,selection,1,14,spectral_core,local_partition_rf,0,0.18,0,0.11
2966,2020-10,2020-06,4,0,True,0.0,master,valid_observed_phase_at_origin,ABCD,selection,1,14,spectral_core,local_partition_rf,0,0.21,0,0.16
2967,2020-10,2020-06,4,0,True,0.0,master,valid_observed_phase_at_origin,ABCD,selection,1,14,spectral_core,local_partition_rf,0,0.21,0,0.13
2968,2020-10,2020-06,4,0,True,0.0,master,valid_observed_phase_at_origin,ABCD,selection,1,14,spectral_core,local_partition_rf,0,0.19,0,0.07
2969,2020-10,2020-06,4,0,True,0.0,master,valid_observed_phase_at_origin,ABCD,selection,1,14,spectral_core,local_partition_rf,0,0.16,0,0.11
2970,2020-10,2020-06,4,0,True,0.0,master,valid_observed_phase_at_origin,ABCD,selection,1,14,spectral_core,local_partition_rf,0,0.11,0,0.02
2971,2020-10,2020-06,4,0,True,0.0,master,valid_observed_phase_at_origin,ABCD,selection,1,14,spectral_core,local_partition_rf,0,0.23,0,0.12
2972,2020-10,2020-06,4,0,True,0.0,master,valid_observed_phase_at_origin,ABCD,selection,1,14,spectral_core,local_partition_rf,0,0.19,0,0.16
2973,2020-10,2020-06,4,0,True,0.0,master,valid_observed_phase_at_origin,ABCD,selection,1,14,spectral_core,local_partition_rf,0,0.16,0,0.07
2974,2020-10,2020-06,4,0,True,0.0,master,valid_observed_phase_at_origin,ABCD,selection,1,14,spectral_core,local_partition_rf,0,0.19,0,0.03
2975,2020-10,2020-06,4,0,True,0.0,master,valid_observed_phase_at_origin,ABCD,selection,1,14,spectral_core,local_partition_rf,0,0.11,0,0.05
2976,2020-10,2020-06,4,0,True,0.0,master,valid_observed_phase_at_origin,ABCD,selection,1,14,spectral_core,local_partition_rf,0,0.14,0,0.07
2977,2020-10,2020-06,4,0,True,0.0,master,valid_observed_phase_at_origin,ABCD,selection,1,14,spectral_core,local_partition_rf,0,0.32,0,0.18
2978,2020-10,2020-06,4,0,True,0.0,master,valid_observed_phase_at_origin,ABCD,selection,1,14,spectral_core,local_partition_rf,0,0.3,0,0.2
2979,2020-10,2020-06,4,0,True,0.0,master,valid_observed_phase_at_origin,ABCD,selection,1,14,spectral_core,local_partition_rf,0,0.33,0,0.19
2980,2020-10,2020-06,4,0,True,0.0,master,valid_observed_phase_at_origin,ABCD,selection,1,14,spectral_core,local_partition_rf,0,0.3,0,0.2
2981,2020-10,2020-06,4,0,True,0.0,master,valid_observed_phase_at_origin,ABCD,selection,1,14,spectral_core,local_partition_rf,0,0.23,0,0.22
2982,2020-10,2020-06,4,0,True,0.0,master,valid_observed_phase_at_origin,ABCD,selection,1,14,spectral_core,local_partition_rf,0,0.08,0,0.02
2983,2020-10,2020-06,4,0,True,0.0,master,valid_observed_phase_at_origin,ABCD,selection,1,14,spectral_core,local_partition_rf,0,0.19,0,0.19
2984,2020-10,2020-06,4,0,True,0.0,master,valid_observed_phase_at_origin,ABCD,selection,1,14,spectral_core,local_partition_rf,0,0.13,0,0.17
2985,2020-10,2020-06,4,0,True,0.0,master,valid_observed_phase_at_origin,ABCD,selection,1,14,spectral_core,local_partition_rf,0,0.28,0,0.18
2986,2020-10,2020-06,4,0,True,0.0,master,valid_observed_phase_at_origin,ABCD,selection,1,14,spectral_core,local_partition_rf,0,0.12,0,0.17
2987,2020-10,2020-06,4,0,True,0.0,master,valid_observed_phase_at_origin,ABCD,selection,1,14,spectral_core,local_partition_rf,0,0.31,0,0.21
2988,2020-10,2020-06,4,0,True,0.0,master,valid_observed_phase_at_origin,ABCD,selection,1,14,spectral_core,local_partition_rf,0,0.24,0,0.19
2989,2020-10,2020-06,4,0,True,0.0,master,valid_observed_phase_at_origin,ABCD,selection,1,14,spectral_core,local_partition_rf,0,0.3,0,0.2
2990,2020-10,2020-06,4,0,True,0.0,master,valid_observed_phase_at_origin,ABCD,selection,1,14,spectral_core,local_partition_rf,0,0.22,0,0.18
2991,2020-10,2020-06,4,0,True,0.0,master,valid_observed_phase_at_origin,ABCD,selection,1,14,spectral_core,local_partition_rf,0,0.09,0,0.05
2992,2020-10,2020-06,4,0,True,0.0,master,valid_observed_phase_at_origin,ABCD,selection,1,14,spectral_core,local_partition_rf,0,0.12,0,0.08
2993,2020-10,2020-06,4,0,True,0.0,master,valid_observed_phase_at_origin,ABCD,selection,1,14,spectral_core,local_partition_rf,0,0.3,0,0.22
2994,2020-10,2020-06,4,0,True,0.0,master,valid_observed_phase_at_origin,ABCD,selection,1,14,spectral_core,local_partition_rf,0,0.12,0,0.1
2995,2020-10,2020-06,4,0,True,0.0,master,valid_observed_phase_at_origin,ABCD,selection,1,14,spectral_core,local_partition_rf,0,0.33,0,0.24
2996,2020-10,2020-06,4,0,True,1.0,master,valid_observed_phase_at_origin,ABCD,selection,1,14,spectral_core,local_partition_rf,1,0.83,1,0.72
2997,2020-10,2020-06,4,0,True,0.0,master,valid_observed_phase_at_origin,ABCD,selection,1,14,spectral_core,local_partition_rf,0,0.16,0,0.15
2998,2020-10,2020-06,4,0,True,0.0,master,valid_observed_phase_at_origin,ABCD,selection,1,14,spectral_core,local_partition_rf,0,0.24,0,0.21
2999,2020-10,2020-06,4,0,True,1.0,master,valid_observed_phase_at_origin,ABCD,selection,1,2,spectral_core,local_partition_rf,0,0.47,1,0.6
3000,2020-10,2020-06,4,0,True,0.0,master,valid_observed_phase_at_origin,ABCD,selection,1,14,spectral_core,local_partition_rf,0,0.14,0,0.15
3001,2020-10,2020-06,4,0,True,0.0,master,valid_observed_phase_at_origin,ABCD,selection,1,14,spectral_core,local_partition_rf,0,0.11,0,0.09
3002,2020-10,2020-06,4,0,True,0.0,master,valid_observed_phase_at_origin,ABCD,selection,1,14,spectral_core,local_partition_rf,0,0.21,0,0.22
3003,2020-10,2020-06,4,0,True,0.0,master,valid_observed_phase_at_origin,ABCD,selection,1,14,spectral_core,local_partition_rf,0,0.14,0,0.1
3004,2020-10,2020-06,4,0,True,0.0,master,valid_observed_phase_at_origin,ABCD,selection,1,14,spectral_core,local_partition_rf,0,0.22,0,0.2
3005,2020-10,2020-06,4,0,True,0.0,master,valid_observed_phase_at_origin,ABCD,selection,1,14,spectral_core,local_partition_rf,0,0.14,0,0.15
3006,2020-10,2020-06,4,0,True,0.0,master,valid_observed_phase_at_origin,ABCD,selection,1,14,spectral_core,local_partition_rf,0,0.1,0,0.11
3007,2020-10,2020-06,4,0,True,0.0,master,valid_observed_phase_at_origin,ABCD,selection,1,14,spectral_core,local_partition_rf,0,0.19,0,0.12
3008,2020-10,2020-06,4,0,True,0.0,master,valid_observed_phase_at_origin,ABCD,selection,1,14,spectral_core,local_partition_rf,0,0.15,0,0.21
3009,2020-10,2020-06,4,0,True,0.0,master,valid_observed_phase_at_origin,ABCD,selection,1,14,spectral_core,local_partition_rf,0,0.16,0,0.16
3010,2020-10,2020-06,4,0,True,0.0,master,valid_observed_phase_at_origin,ABCD,selection,1,14,spectral_core,local_partition_rf,0,0.21,0,0.2
3011,2020-10,2020-06,4,0,True,0.0,master,valid_observed_phase_at_origin,ABCD,selection,1,14,spectral_core,local_partition_rf,0,0.24,0,0.18
3012,2020-10,2020-06,4,0,True,0.0,master,valid_observed_phase_at_origin,ABCD,selection,1,14,spectral_core,local_partition_rf,0,0.26,0,0.17
3013,2020-10,2020-06,4,0,True,0.0,master,valid_observed_phase_at_origin,ABCD,selection,1,14,spectral_core,local_partition_rf,0,0.12,0,0.05
3014,2020-10,2020-06,4,0,True,0.0,master,valid_observed_phase_at_origin,ABCD,selection,1,14,spectral_core,local_partition_rf,0,0.22,0,0.19
3015,2020-10,2020-06,4,0,True,0.0,master,valid_observed_phase_at_origin,ABCD,selection,1,14,spectral_core,local_partition_rf,0,0.1,0,0.11
3016,2020-10,2020-06,4,0,True,0.0,master,valid_observed_phase_at_origin,ABCD,selection,1,14,spectral_core,local_partition_rf,0,0.16,0,0.18
3017,2020-10,2020-06,4,0,True,0.0,master,valid_observed_phase_at_origin,ABCD,selection,1,14,spectral_core,local_partition_rf,0,0.09,0,0.06
3018,2020-10,2020-06,4,0,True,0.0,master,valid_observed_phase_at_origin,ABCD,selection,1,14,spectral_core,local_partition_rf,0,0.06,0,0.06
3019,2020-10,2020-06,4,0,True,0.0,master,valid_observed_phase_at_origin,ABCD,selection,1,11,spectral_core,local_partition_rf,0,0.2,0,0.09
3020,2020-10,2020-06,4,0,True,0.0,master,valid_observed_phase_at_origin,ABCD,selection,1,14,spectral_core,local_partition_rf,0,0.14,0,0.05
3021,2020-10,2020-06,4,0,True,0.0,master,valid_observed_phase_at_origin,ABCD,selection,1,14,spectral_core,local_partition_rf,0,0.15,0,0.04
3022,2020-10,2020-06,4,0,True,0.0,master,valid_observed_phase_at_origin,ABCD,selection,1,14,spectral_core,local_partition_rf,0,0.13,0,0.1
3023,2020-10,2020-06,4,0,True,0.0,master,valid_observed_phase_at_origin,ABCD,selection,1,14,spectral_core,local_partition_rf,0,0.08,0,0.05
3024,2020-10,2020-06,4,0,True,0.0,master,valid_observed_phase_at_origin,ABCD,selection,1,14,spectral_core,local_partition_rf,0,0.08,0,0.07
3025,2020-10,2020-06,4,0,True,0.0,master,valid_observed_phase_at_origin,ABCD,selection,1,14,spectral_core,local_partition_rf,0,0.09,0,0.06
3026,2020-10,2020-06,4,0,True,0.0,master,valid_observed_phase_at_origin,ABCD,selection,1,14,spectral_core,local_partition_rf,0,0.08,0,0.03
3027,2020-10,2020-06,4,0,True,0.0,master,valid_observed_phase_at_origin,ABCD,selection,1,11,spectral_core,local_partition_rf,0,0.22,0,0.14
3028,2020-10,2020-06,4,0,True,0.0,master,valid_observed_phase_at_origin,ABCD,selection,1,14,spectral_core,local_partition_rf,0,0.09,0,0.01
3029,2020-10,2020-06,4,0,True,0.0,master,valid_observed_phase_at_origin,ABCD,selection,1,14,spectral_core,local_partition_rf,0,0.08,0,0.06
3030,2020-10,2020-06,4,0,True,0.0,master,valid_observed_phase_at_origin,ABCD,selection,1,14,spectral_core,local_partition_rf,0,0.09,0,0.01
3031,2020-10,2020-06,4,0,True,0.0,master,valid_observed_phase_at_origin,ABCD,selection,1,14,spectral_core,local_partition_rf,0,0.09,0,0.09
3032,2020-10,2020-06,4,0,True,0.0,master,valid_observed_phase_at_origin,ABCD,selection,1,14,spectral_core,local_partition_rf,0,0.08,0,0.0
3033,2020-10,2020-06,4,0,True,0.0,master,valid_observed_phase_at_origin,ABCD,selection,1,14,spectral_core,local_partition_rf,0,0.09,0,0.03
3034,2020-10,2020-06,4,0,True,0.0,master,valid_observed_phase_at_origin,ABCD,selection,1,14,spectral_core,local_partition_rf,0,0.05,0,0.03
3035,2020-10,2020-06,4,0,True,0.0,master,valid_observed_phase_at_origin,ABCD,selection,1,14,spectral_core,local_partition_rf,0,0.07,0,0.02
3036,2020-10,2020-06,4,0,True,0.0,master,valid_observed_phase_at_origin,ABCD,selection,1,14,spectral_core,local_partition_rf,0,0.06,0,0.02
3037,2020-10,2020-06,4,0,True,0.0,master,valid_observed_phase_at_origin,ABCD,selection,1,14,spectral_core,local_partition_rf,0,0.05,0,0.01
3038,2020-10,2020-06,4,0,True,0.0,master,valid_observed_phase_at_origin,ABCD,selection,1,14,spectral_core,local_partition_rf,0,0.06,0,0.01
3039,2020-10,2020-06,4,0,True,0.0,master,valid_observed_phase_at_origin,ABCD,selection,1,14,spectral_core,local_partition_rf,0,0.05,0,0.0
3040,2020-10,2020-06,4,0,True,0.0,master,valid_observed_phase_at_origin,ABCD,selection,1,14,spectral_core,local_partition_rf,0,0.04,0,0.01
3041,2020-10,2020-06,4,0,True,0.0,master,valid_observed_phase_at_origin,ABCD,selection,1,14,spectral_core,local_partition_rf,0,0.09,0,0.04
3042,2020-10,2020-06,4,0,True,0.0,master,valid_observed_phase_at_origin,ABCD,selection,1,14,spectral_core,local_partition_rf,0,0.09,0,0.04
3043,2020-10,2020-06,4,0,True,0.0,master,valid_observed_phase_at_origin,ABCD,selection,1,14,spectral_core,local_partition_rf,0,0.08,0,0.02
3044,2020-10,2020-06,4,0,True,0.0,master,valid_observed_phase_at_origin,ABCD,selection,1,14,spectral_core,local_partition_rf,0,0.15,0,0.03
3045,2020-10,2020-06,4,0,True,0.0,master,valid_observed_phase_at_origin,ABCD,selection,1,14,spectral_core,local_partition_rf,0,0.08,0,0.04
3046,2020-10,2020-06,4,0,True,0.0,master,valid_observed_phase_at_origin,ABCD,selection,1,14,spectral_core,local_partition_rf,0,0.11,0,0.1
3047,2020-10,2020-06,4,0,True,0.0,master,valid_observed_phase_at_origin,ABCD,selection,1,14,spectral_core,local_partition_rf,0,0.12,0,0.08
3048,2020-10,2020-06,4,0,True,0.0,master,valid_observed_phase_at_origin,ABCD,selection,1,14,spectral_core,local_partition_rf,0,0.05,0,0.01
3049,2020-10,2020-06,4,0,True,0.0,master,valid_observed_phase_at_origin,ABCD,selection,1,14,spectral_core,local_partition_rf,0,0.04,0,0.02
3050,2020-10,2020-06,4,0,True,0.0,master,valid_observed_phase_at_origin,ABCD,selection,1,14,spectral_core,local_partition_rf,0,0.04,0,0.01
3051,2020-10,2020-06,4,0,True,0.0,master,valid_observed_phase_at_origin,ABCD,selection,1,11,spectral_core,local_partition_rf,0,0.03,0,0.0
3052,2020-10,2020-06,4,0,True,0.0,master,valid_observed_phase_at_origin,ABCD,selection,1,14,spectral_core,local_partition_rf,0,0.06,0,0.0
3053,2020-10,2020-06,4,0,True,0.0,master,valid_observed_phase_at_origin,ABCD,selection,1,11,spectral_core,local_partition_rf,0,0.05,0,0.0
3054,2020-10,2020-06,4,0,True,0.0,master,valid_observed_phase_at_origin,ABCD,selection,1,14,spectral_core,local_partition_rf,0,0.05,0,0.01
3055,2020-10,2020-06,4,0,True,0.0,master,valid_observed_phase_at_origin,ABCD,selection,1,14,spectral_core,local_partition_rf,0,0.06,0,0.0
3056,2020-10,2020-06,4,0,True,0.0,master,valid_observed_phase_at_origin,ABCD,selection,1,14,spectral_core,local_partition_rf,0,0.05,0,0.02
3057,2020-10,2020-06,4,0,True,0.0,master,valid_observed_phase_at_origin,ABCD,selection,1,11,spectral_core,local_partition_rf,0,0.01,0,0.01
3058,2020-10,2020-06,4,0,True,0.0,master,valid_observed_phase_at_origin,ABCD,selection,1,11,spectral_core,local_partition_rf,0,0.01,0,0.0
3059,2020-10,2020-06,4,0,True,0.0,master,valid_observed_phase_at_origin,ABCD,selection,1,14,spectral_core,local_partition_rf,0,0.04,0,0.0
3060,2020-10,2020-06,4,0,True,0.0,master,valid_observed_phase_at_origin,ABCD,selection,1,11,spectral_core,local_partition_rf,0,0.04,0,0.0
3061,2020-10,2020-06,4,0,True,0.0,master,valid_observed_phase_at_origin,ABCD,selection,1,14,spectral_core,local_partition_rf,0,0.05,0,0.03
3062,2020-10,2020-06,4,0,True,0.0,master,valid_observed_phase_at_origin,ABCD,selection,1,11,spectral_core,local_partition_rf,0,0.26,0,0.05
3063,2020-10,2020-06,4,0,True,0.0,master,valid_observed_phase_at_origin,ABCD,selection,1,11,spectral_core,local_partition_rf,0,0.18,0,0.16
3064,2020-10,2020-06,4,0,True,0.0,master,valid_observed_phase_at_origin,ABCD,selection,1,11,spectral_core,local_partition_rf,0,0.3,0,0.12
3065,2020-10,2020-06,4,0,True,0.0,master,valid_observed_phase_at_origin,ABCD,selection,1,11,spectral_core,local_partition_rf,0,0.16,0,0.08
3066,2020-10,2020-06,4,0,True,0.0,master,valid_observed_phase_at_origin,ABCD,selection,1,11,spectral_core,local_partition_rf,0,0.23,0,0.13
3067,2020-10,2020-06,4,0,True,0.0,master,valid_observed_phase_at_origin,ABCD,selection,1,11,spectral_core,local_partition_rf,0,0.3,0,0.1
3068,2020-10,2020-06,4,0,True,0.0,master,valid_observed_phase_at_origin,ABCD,selection,1,11,spectral_core,local_partition_rf,0,0.3,0,0.08
3069,2020-10,2020-06,4,0,True,0.0,master,valid_observed_phase_at_origin,ABCD,selection,1,11,spectral_core,local_partition_rf,0,0.23,0,0.09
3070,2020-10,2020-06,4,0,True,0.0,master,valid_observed_phase_at_origin,ABCD,selection,1,14,spectral_core,local_partition_rf,0,0.15,0,0.1
3071,2020-10,2020-06,4,0,True,0.0,master,valid_observed_phase_at_origin,ABCD,selection,1,11,spectral_core,local_partition_rf,0,0.15,0,0.16
3072,2020-10,2020-06,4,0,True,0.0,master,valid_observed_phase_at_origin,ABCD,selection,1,11,spectral_core,local_partition_rf,0,0.31,0,0.07
3073,2020-10,2020-06,4,0,True,0.0,master,valid_observed_phase_at_origin,ABCD,selection,1,11,spectral_core,local_partition_rf,0,0.14,0,0.13
3074,2020-10,2020-06,4,0,True,0.0,master,valid_observed_phase_at_origin,ABCD,selection,1,11,spectral_core,local_partition_rf,0,0.19,0,0.06
3075,2020-10,2020-06,4,0,True,0.0,master,valid_observed_phase_at_origin,ABCD,selection,1,11,spectral_core,local_partition_rf,0,0.22,0,0.13
3076,2020-10,2020-06,4,0,True,0.0,master,valid_observed_phase_at_origin,ABCD,selection,1,11,spectral_core,local_partition_rf,0,0.29,0,0.12
3077,2020-10,2020-06,4,0,True,0.0,master,valid_observed_phase_at_origin,ABCD,selection,1,11,spectral_core,local_partition_rf,0,0.23,0,0.07
3078,2020-10,2020-06,4,0,True,0.0,master,valid_observed_phase_at_origin,ABCD,selection,1,11,spectral_core,local_partition_rf,0,0.3,0,0.11
3079,2020-10,2020-06,4,0,True,0.0,master,valid_observed_phase_at_origin,ABCD,selection,1,11,spectral_core,local_partition_rf,0,0.19,0,0.11
3080,2020-10,2020-06,4,0,True,0.0,master,valid_observed_phase_at_origin,ABCD,selection,1,11,spectral_core,local_partition_rf,0,0.17,0,0.08
3081,2020-10,2020-06,4,0,True,0.0,master,valid_observed_phase_at_origin,ABCD,selection,1,11,spectral_core,local_partition_rf,0,0.16,0,0.11
3082,2020-10,2020-06,4,0,True,0.0,master,valid_observed_phase_at_origin,ABCD,selection,1,11,spectral_core,local_partition_rf,0,0.17,0,0.06
3083,2020-10,2020-06,4,0,True,0.0,master,valid_observed_phase_at_origin,ABCD,selection,1,11,spectral_core,local_partition_rf,0,0.19,0,0.07
3084,2020-10,2020-06,4,0,True,0.0,master,valid_observed_phase_at_origin,ABCD,selection,1,11,spectral_core,local_partition_rf,0,0.27,0,0.19
3085,2020-10,2020-06,4,0,True,0.0,master,valid_observed_phase_at_origin,ABCD,selection,1,11,spectral_core,local_partition_rf,0,0.16,0,0.09
3086,2020-10,2020-06,4,0,True,0.0,master,valid_observed_phase_at_origin,ABCD,selection,1,11,spectral_core,local_partition_rf,0,0.24,0,0.06
3087,2020-10,2020-06,4,0,True,0.0,master,valid_observed_phase_at_origin,ABCD,selection,1,11,spectral_core,local_partition_rf,0,0.26,0,0.09
3088,2020-10,2020-06,4,0,True,0.0,master,valid_observed_phase_at_origin,ABCD,selection,1,11,spectral_core,local_partition_rf,0,0.26,0,0.16
3089,2020-10,2020-06,4,0,True,0.0,master,valid_observed_phase_at_origin,ABCD,selection,1,11,spectral_core,local_partition_rf,0,0.28,0,0.09
3090,2020-10,2020-06,4,0,True,0.0,master,valid_observed_phase_at_origin,ABCD,selection,1,11,spectral_core,local_partition_rf,0,0.19,0,0.14
3091,2020-10,2020-06,4,0,True,0.0,master,valid_observed_phase_at_origin,ABCD,selection,1,11,spectral_core,local_partition_rf,0,0.17,0,0.07
3092,2020-10,2020-06,4,0,True,0.0,master,valid_observed_phase_at_origin,ABCD,selection,1,11,spectral_core,local_partition_rf,0,0.0,0,0.04
3093,2020-10,2020-06,4,0,True,0.0,master,valid_observed_phase_at_origin,ABCD,selection,1,11,spectral_core,local_partition_rf,0,0.04,0,0.02
3094,2020-10,2020-06,4,0,True,0.0,master,valid_observed_phase_at_origin,ABCD,selection,1,11,spectral_core,local_partition_rf,0,0.01,0,0.02
3095,2020-10,2020-06,4,0,True,0.0,master,valid_observed_phase_at_origin,ABCD,selection,1,11,spectral_core,local_partition_rf,0,0.02,0,0.06
3096,2020-10,2020-06,4,0,True,0.0,master,valid_observed_phase_at_origin,ABCD,selection,1,11,spectral_core,local_partition_rf,0,0.02,0,0.02
3097,2020-10,2020-06,4,0,True,0.0,master,valid_observed_phase_at_origin,ABCD,selection,1,11,spectral_core,local_partition_rf,0,0.04,0,0.03
3098,2020-10,2020-06,4,0,True,0.0,master,valid_observed_phase_at_origin,ABCD,selection,1,11,spectral_core,local_partition_rf,0,0.01,0,0.03
3099,2020-10,2020-06,4,0,True,0.0,master,valid_observed_phase_at_origin,ABCD,selection,1,11,spectral_core,local_partition_rf,0,0.01,0,0.02
3100,2020-10,2020-06,4,0,True,0.0,master,valid_observed_phase_at_origin,ABCD,selection,1,11,spectral_core,local_partition_rf,0,0.02,0,0.02
3101,2020-10,2020-06,4,0,True,0.0,master,valid_observed_phase_at_origin,ABCD,selection,1,11,spectral_core,local_partition_rf,0,0.02,0,0.02
3102,2020-10,2020-06,4,0,True,0.0,master,valid_observed_phase_at_origin,ABCD,selection,1,11,spectral_core,local_partition_rf,0,0.05,0,0.04
3103,2020-10,2020-06,4,0,True,0.0,master,valid_observed_phase_at_origin,ABCD,selection,1,11,spectral_core,local_partition_rf,0,0.04,0,0.02
3104,2020-10,2020-06,4,0,True,0.0,master,valid_observed_phase_at_origin,ABCD,selection,1,11,spectral_core,local_partition_rf,0,0.05,0,0.04
3105,2020-10,2020-06,4,0,True,0.0,master,valid_observed_phase_at_origin,ABCD,selection,1,11,spectral_core,local_partition_rf,0,0.03,0,0.03
3106,2020-10,2020-06,4,0,True,0.0,master,valid_observed_phase_at_origin,ABCD,selection,1,11,spectral_core,local_partition_rf,0,0.02,0,0.01
3107,2020-10,2020-06,4,0,True,0.0,master,valid_observed_phase_at_origin,ABCD,selection,1,11,spectral_core,local_partition_rf,0,0.01,0,0.03
3108,2020-10,2020-06,4,0,True,0.0,master,valid_observed_phase_at_origin,ABCD,selection,1,11,spectral_core,local_partition_rf,0,0.05,0,0.02
3109,2020-10,2020-06,4,0,True,0.0,master,valid_observed_phase_at_origin,ABCD,selection,1,11,spectral_core,local_partition_rf,0,0.01,0,0.02
3110,2020-10,2020-06,4,0,True,0.0,master,valid_observed_phase_at_origin,ABCD,selection,1,11,spectral_core,local_partition_rf,0,0.05,0,0.06
3111,2020-10,2020-06,4,0,True,0.0,master,valid_observed_phase_at_origin,ABCD,selection,1,11,spectral_core,local_partition_rf,0,0.04,0,0.05
3112,2020-10,2020-06,4,0,True,0.0,master,valid_observed_phase_at_origin,ABCD,selection,1,11,spectral_core,local_partition_rf,0,0.06,0,0.07
3113,2020-10,2020-06,4,0,True,0.0,master,valid_observed_phase_at_origin,ABCD,selection,1,11,spectral_core,local_partition_rf,0,0.11,0,0.06
3114,2020-10,2020-06,4,0,True,0.0,master,valid_observed_phase_at_origin,ABCD,selection,1,11,spectral_core,local_partition_rf,0,0.13,0,0.02
3115,2020-10,2020-06,4,0,True,0.0,master,valid_observed_phase_at_origin,ABCD,selection,1,11,spectral_core,local_partition_rf,0,0.1,0,0.01
3116,2020-10,2020-06,4,0,True,0.0,master,valid_observed_phase_at_origin,ABCD,selection,1,11,spectral_core,local_partition_rf,0,0.0,0,0.01
3117,2020-10,2020-06,4,0,True,0.0,master,valid_observed_phase_at_origin,ABCD,selection,1,11,spectral_core,local_partition_rf,0,0.01,0,0.01
3118,2020-10,2020-06,4,0,True,0.0,master,valid_observed_phase_at_origin,ABCD,selection,1,11,spectral_core,local_partition_rf,0,0.02,0,0.06
3119,2020-10,2020-06,4,0,True,0.0,master,valid_observed_phase_at_origin,ABCD,selection,1,11,spectral_core,local_partition_rf,0,0.02,0,0.06
3120,2020-10,2020-06,4,0,True,0.0,master,valid_observed_phase_at_origin,ABCD,selection,1,11,spectral_core,local_partition_rf,0,0.01,0,0.04
3121,2020-10,2020-06,4,0,True,0.0,master,valid_observed_phase_at_origin,ABCD,selection,1,11,spectral_core,local_partition_rf,0,0.01,0,0.05
3122,2020-10,2020-06,4,0,True,0.0,master,valid_observed_phase_at_origin,ABCD,selection,1,11,spectral_core,local_partition_rf,0,0.06,0,0.02
3123,2020-10,2020-06,4,0,True,1.0,master,valid_observed_phase_at_origin,ABCD,selection,1,11,spectral_core,local_partition_rf,0,0.38,0,0.36
3124,2020-10,2020-06,4,0,True,1.0,master,valid_observed_phase_at_origin,ABCD,selection,1,11,spectral_core,local_partition_rf,0,0.17,0,0.41
3125,2020-10,2020-06,4,0,True,1.0,master,valid_observed_phase_at_origin,ABCD,selection,1,11,spectral_core,local_partition_rf,0,0.24,0,0.42
3126,2020-10,2020-06,4,0,True,0.0,master,valid_observed_phase_at_origin,ABCD,selection,1,11,spectral_core,local_partition_rf,0,0.28,0,0.11
3127,2020-10,2020-06,4,0,True,1.0,master,valid_observed_phase_at_origin,ABCD,selection,1,11,spectral_core,local_partition_rf,0,0.34,0,0.34
3128,2020-10,2020-06,4,0,True,1.0,master,valid_observed_phase_at_origin,ABCD,selection,1,11,spectral_core,local_partition_rf,0,0.24,0,0.41
3129,2020-10,2020-06,4,0,True,1.0,master,valid_observed_phase_at_origin,ABCD,selection,1,11,spectral_core,local_partition_rf,0,0.29,0,0.31
3130,2020-10,2020-06,4,0,True,1.0,master,valid_observed_phase_at_origin,ABCD,selection,1,11,spectral_core,local_partition_rf,0,0.29,0,0.44
3131,2020-10,2020-06,4,0,True,0.0,master,valid_observed_phase_at_origin,ABCD,selection,1,11,spectral_core,local_partition_rf,0,0.26,0,0.14
3132,2020-10,2020-06,4,0,True,0.0,master,valid_observed_phase_at_origin,ABCD,selection,1,11,spectral_core,local_partition_rf,0,0.25,0,0.1
3133,2020-10,2020-06,4,0,True,1.0,master,valid_observed_phase_at_origin,ABCD,selection,1,11,spectral_core,local_partition_rf,0,0.29,0,0.4
3134,2020-10,2020-06,4,0,True,1.0,master,valid_observed_phase_at_origin,ABCD,selection,1,11,spectral_core,local_partition_rf,0,0.22,0,0.45
3135,2020-10,2020-06,4,0,True,1.0,master,valid_observed_phase_at_origin,ABCD,selection,1,11,spectral_core,local_partition_rf,0,0.33,0,0.38
3136,2020-10,2020-06,4,0,True,0.0,master,valid_observed_phase_at_origin,ABCD,selection,1,11,spectral_core,local_partition_rf,0,0.31,0,0.14
3137,2020-10,2020-06,4,0,True,0.0,master,valid_observed_phase_at_origin,ABCD,selection,1,11,spectral_core,local_partition_rf,0,0.31,0,0.21
3138,2020-10,2020-06,4,0,True,0.0,master,valid_observed_phase_at_origin,ABCD,selection,1,11,spectral_core,local_partition_rf,0,0.28,0,0.23
3139,2020-10,2020-06,4,0,True,0.0,master,valid_observed_phase_at_origin,ABCD,selection,1,11,spectral_core,local_partition_rf,0,0.23,0,0.15
3140,2020-10,2020-06,4,0,True,0.0,master,valid_observed_phase_at_origin,ABCD,selection,1,11,spectral_core,local_partition_rf,0,0.29,0,0.15
3141,2020-10,2020-06,4,0,True,0.0,master,valid_observed_phase_at_origin,ABCD,selection,1,11,spectral_core,local_partition_rf,0,0.25,0,0.23
3142,2020-10,2020-06,4,0,True,0.0,master,valid_observed_phase_at_origin,ABCD,selection,1,11,spectral_core,local_partition_rf,0,0.02,0,0.03
3143,2020-10,2020-06,4,0,True,0.0,master,valid_observed_phase_at_origin,ABCD,selection,1,11,spectral_core,local_partition_rf,0,0.01,0,0.03
3144,2020-10,2020-06,4,0,True,0.0,master,valid_observed_phase_at_origin,ABCD,selection,1,11,spectral_core,local_partition_rf,0,0.01,0,0.0
3145,2020-10,2020-06,4,0,True,0.0,master,valid_observed_phase_at_origin,ABCD,selection,1,11,spectral_core,local_partition_rf,0,0.0,0,0.01
3146,2020-10,2020-06,4,0,True,0.0,master,valid_observed_phase_at_origin,ABCD,selection,1,11,spectral_core,local_partition_rf,0,0.02,0,0.01
3147,2020-10,2020-06,4,0,True,0.0,master,valid_observed_phase_at_origin,ABCD,selection,1,11,spectral_core,local_partition_rf,0,0.06,0,0.07
3148,2020-10,2020-06,4,0,True,0.0,master,valid_observed_phase_at_origin,ABCD,selection,1,11,spectral_core,local_partition_rf,0,0.02,0,0.02
3149,2020-10,2020-06,4,0,True,0.0,master,valid_observed_phase_at_origin,ABCD,selection,1,11,spectral_core,local_partition_rf,0,0.2,0,0.09
3150,2020-10,2020-06,4,0,True,0.0,master,valid_observed_phase_at_origin,ABCD,selection,1,11,spectral_core,local_partition_rf,0,0.02,0,0.03
3151,2020-10,2020-06,4,0,True,0.0,master,valid_observed_phase_at_origin,ABCD,selection,1,11,spectral_core,local_partition_rf,0,0.02,0,0.02
3152,2020-10,2020-06,4,0,True,0.0,master,valid_observed_phase_at_origin,ABCD,selection,1,2,spectral_core,local_partition_rf,0,0.04,0,0.02
3153,2020-10,2020-06,4,0,True,0.0,master,valid_observed_phase_at_origin,ABCD,selection,1,11,spectral_core,local_partition_rf,0,0.01,0,0.02
3154,2020-10,2020-06,4,0,True,0.0,master,valid_observed_phase_at_origin,ABCD,selection,1,11,spectral_core,local_partition_rf,0,0.01,0,0.01
3155,2020-10,2020-06,4,0,True,0.0,master,valid_observed_phase_at_origin,ABCD,selection,1,11,spectral_core,local_partition_rf,0,0.03,0,0.03
3156,2020-10,2020-06,4,0,True,0.0,master,valid_observed_phase_at_origin,ABCD,selection,1,11,spectral_core,local_partition_rf,0,0.01,0,0.03
3157,2020-10,2020-06,4,0,True,0.0,master,valid_observed_phase_at_origin,ABCD,selection,1,11,spectral_core,local_partition_rf,0,0.01,0,0.02
3158,2020-10,2020-06,4,0,True,0.0,master,valid_observed_phase_at_origin,ABCD,selection,1,11,spectral_core,local_partition_rf,0,0.01,0,0.02
3159,2020-10,2020-06,4,0,True,0.0,master,valid_observed_phase_at_origin,ABCD,selection,1,11,spectral_core,local_partition_rf,0,0.01,0,0.03
3160,2020-10,2020-06,4,0,True,0.0,master,valid_observed_phase_at_origin,ABCD,selection,1,11,spectral_core,local_partition_rf,0,0.06,0,0.07
3161,2020-10,2020-06,4,0,True,0.0,master,valid_observed_phase_at_origin,ABCD,selection,1,11,spectral_core,local_partition_rf,0,0.04,0,0.05
3162,2020-10,2020-06,4,0,True,0.0,master,valid_observed_phase_at_origin,ABCD,selection,1,11,spectral_core,local_partition_rf,0,0.03,0,0.03
3163,2020-10,2020-06,4,0,True,0.0,master,valid_observed_phase_at_origin,ABCD,selection,1,11,spectral_core,local_partition_rf,0,0.0,0,0.03
3164,2020-10,2020-06,4,0,True,0.0,master,valid_observed_phase_at_origin,ABCD,selection,1,11,spectral_core,local_partition_rf,0,0.05,0,0.06
3165,2020-10,2020-06,4,0,True,0.0,master,valid_observed_phase_at_origin,ABCD,selection,1,11,spectral_core,local_partition_rf,0,0.02,0,0.02
3166,2020-10,2020-06,4,0,True,0.0,master,valid_observed_phase_at_origin,ABCD,selection,1,11,spectral_core,local_partition_rf,0,0.09,0,0.07
3167,2020-10,2020-06,4,0,True,0.0,master,valid_observed_phase_at_origin,ABCD,selection,1,11,spectral_core,local_partition_rf,0,0.08,0,0.05
3168,2020-10,2020-06,4,0,True,0.0,master,valid_observed_phase_at_origin,ABCD,selection,1,11,spectral_core,local_partition_rf,0,0.05,0,0.09
3169,2020-10,2020-06,4,0,True,0.0,master,valid_observed_phase_at_origin,ABCD,selection,1,11,spectral_core,local_partition_rf,0,0.07,0,0.03
3170,2020-10,2020-06,4,0,True,0.0,master,valid_observed_phase_at_origin,ABCD,selection,1,11,spectral_core,local_partition_rf,0,0.11,0,0.07
3171,2020-10,2020-06,4,0,True,0.0,master,valid_observed_phase_at_origin,ABCD,selection,1,11,spectral_core,local_partition_rf,0,0.0,0,0.0
3172,2020-10,2020-06,4,0,True,0.0,master,valid_observed_phase_at_origin,ABCD,selection,1,11,spectral_core,local_partition_rf,0,0.01,0,0.01
3173,2020-10,2020-06,4,0,True,0.0,master,valid_observed_phase_at_origin,ABCD,selection,1,11,spectral_core,local_partition_rf,0,0.02,0,0.01
3174,2020-10,2020-06,4,0,True,0.0,master,valid_observed_phase_at_origin,ABCD,selection,1,11,spectral_core,local_partition_rf,0,0.02,0,0.03
3175,2020-10,2020-06,4,0,True,0.0,master,valid_observed_phase_at_origin,ABCD,selection,1,11,spectral_core,local_partition_rf,0,0.01,0,0.02
3176,2020-10,2020-06,4,0,True,0.0,master,valid_observed_phase_at_origin,ABCD,selection,1,11,spectral_core,local_partition_rf,0,0.02,0,0.01
3177,2020-10,2020-06,4,0,True,0.0,master,valid_observed_phase_at_origin,ABCD,selection,1,11,spectral_core,local_partition_rf,0,0.01,0,0.01
3178,2020-10,2020-06,4,0,True,0.0,master,valid_observed_phase_at_origin,ABCD,selection,1,11,spectral_core,local_partition_rf,0,0.02,0,0.01
3179,2020-10,2020-06,4,0,True,0.0,master,valid_observed_phase_at_origin,ABCD,selection,1,11,spectral_core,local_partition_rf,0,0.02,0,0.01
3180,2020-10,2020-06,4,0,True,0.0,master,valid_observed_phase_at_origin,ABCD,selection,1,11,spectral_core,local_partition_rf,0,0.01,0,0.01
3181,2020-10,2020-06,4,0,True,0.0,master,valid_observed_phase_at_origin,ABCD,selection,1,11,spectral_core,local_partition_rf,0,0.02,0,0.0
3182,2020-10,2020-06,4,0,True,0.0,master,valid_observed_phase_at_origin,ABCD,selection,1,11,spectral_core,local_partition_rf,0,0.01,0,0.01
3183,2020-10,2020-06,4,0,True,0.0,master,valid_observed_phase_at_origin,ABCD,selection,1,11,spectral_core,local_partition_rf,0,0.02,0,0.0
3184,2020-10,2020-06,4,0,True,0.0,master,valid_observed_phase_at_origin,ABCD,selection,1,11,spectral_core,local_partition_rf,0,0.02,0,0.01
3185,2020-10,2020-06,4,0,True,0.0,master,valid_observed_phase_at_origin,ABCD,selection,1,11,spectral_core,local_partition_rf,0,0.01,0,0.0
3186,2020-10,2020-06,4,0,True,0.0,master,valid_observed_phase_at_origin,ABCD,selection,1,11,spectral_core,local_partition_rf,0,0.02,0,0.01
3187,2020-10,2020-06,4,0,True,0.0,master,valid_observed_phase_at_origin,ABCD,selection,1,11,spectral_core,local_partition_rf,0,0.01,0,0.01
3188,2020-10,2020-06,4,0,True,0.0,master,valid_observed_phase_at_origin,ABCD,selection,1,11,spectral_core,local_partition_rf,0,0.01,0,0.01
3189,2020-10,2020-06,4,0,True,0.0,master,valid_observed_phase_at_origin,ABCD,selection,1,11,spectral_core,local_partition_rf,0,0.01,0,0.0
3190,2020-10,2020-06,4,0,True,0.0,master,valid_observed_phase_at_origin,ABCD,selection,1,11,spectral_core,local_partition_rf,0,0.0,0,0.01
3191,2020-10,2020-06,4,0,True,0.0,master,valid_observed_phase_at_origin,ABCD,selection,1,11,spectral_core,local_partition_rf,0,0.03,0,0.0
3192,2020-10,2020-06,4,0,True,0.0,master,valid_observed_phase_at_origin,ABCD,selection,1,11,spectral_core,local_partition_rf,0,0.01,0,0.02
3193,2020-10,2020-06,4,0,True,0.0,master,valid_observed_phase_at_origin,ABCD,selection,1,11,spectral_core,local_partition_rf,0,0.02,0,0.03
3194,2020-10,2020-06,4,0,True,0.0,master,valid_observed_phase_at_origin,ABCD,selection,1,11,spectral_core,local_partition_rf,0,0.01,0,0.03
3195,2020-10,2020-06,4,0,True,0.0,master,valid_observed_phase_at_origin,ABCD,selection,1,11,spectral_core,local_partition_rf,0,0.02,0,0.03
3196,2020-10,2020-06,4,0,True,0.0,master,valid_observed_phase_at_origin,ABCD,selection,1,11,spectral_core,local_partition_rf,0,0.02,0,0.0
3197,2020-10,2020-06,4,0,True,0.0,master,valid_observed_phase_at_origin,ABCD,selection,1,11,spectral_core,local_partition_rf,0,0.01,0,0.0
3198,2020-10,2020-06,4,0,True,0.0,master,valid_observed_phase_at_origin,ABCD,selection,1,11,spectral_core,local_partition_rf,0,0.01,0,0.0
3199,2020-10,2020-06,4,0,True,0.0,master,valid_observed_phase_at_origin,ABCD,selection,1,11,spectral_core,local_partition_rf,0,0.0,0,0.0
3200,2020-10,2020-06,4,0,True,0.0,master,valid_observed_phase_at_origin,ABCD,selection,1,11,spectral_core,local_partition_rf,0,0.01,0,0.0
3201,2020-10,2020-06,4,0,True,0.0,master,valid_observed_phase_at_origin,ABCD,selection,1,11,spectral_core,local_partition_rf,0,0.01,0,0.01
3202,2020-10,2020-06,4,0,True,0.0,master,valid_observed_phase_at_origin,ABCD,selection,1,11,spectral_core,local_partition_rf,0,0.04,0,0.0
3203,2020-10,2020-06,4,0,True,0.0,master,valid_observed_phase_at_origin,ABCD,selection,1,11,spectral_core,local_partition_rf,0,0.01,0,0.0
3204,2020-10,2020-06,4,0,True,0.0,master,valid_observed_phase_at_origin,ABCD,selection,1,11,spectral_core,local_partition_rf,0,0.01,0,0.01
3205,2020-10,2020-06,4,0,True,0.0,master,valid_observed_phase_at_origin,ABCD,selection,1,11,spectral_core,local_partition_rf,0,0.03,0,0.01
3206,2020-10,2020-06,4,0,True,0.0,master,valid_observed_phase_at_origin,ABCD,selection,1,11,spectral_core,local_partition_rf,0,0.0,0,0.0
3207,2020-10,2020-06,4,0,True,0.0,master,valid_observed_phase_at_origin,ABCD,selection,1,11,spectral_core,local_partition_rf,0,0.01,0,0.0
3208,2020-10,2020-06,4,0,True,0.0,master,valid_observed_phase_at_origin,ABCD,selection,1,11,spectral_core,local_partition_rf,0,0.0,0,0.01
3209,2020-10,2020-06,4,0,True,0.0,master,valid_observed_phase_at_origin,ABCD,selection,1,11,spectral_core,local_partition_rf,0,0.0,0,0.01
3210,2020-10,2020-06,4,0,True,0.0,master,valid_observed_phase_at_origin,ABCD,selection,1,11,spectral_core,local_partition_rf,0,0.03,0,0.01
3211,2020-10,2020-06,4,0,True,0.0,master,valid_observed_phase_at_origin,ABCD,selection,1,11,spectral_core,local_partition_rf,0,0.02,0,0.01
3212,2020-10,2020-06,4,0,True,0.0,master,valid_observed_phase_at_origin,ABCD,selection,1,11,spectral_core,local_partition_rf,0,0.02,0,0.01
3213,2020-10,2020-06,4,0,True,0.0,master,valid_observed_phase_at_origin,ABCD,selection,1,11,spectral_core,local_partition_rf,0,0.01,0,0.01
3214,2020-10,2020-06,4,0,True,0.0,master,valid_observed_phase_at_origin,ABCD,selection,1,11,spectral_core,local_partition_rf,0,0.0,0,0.03
3215,2020-10,2020-06,4,0,True,0.0,master,valid_observed_phase_at_origin,ABCD,selection,1,11,spectral_core,local_partition_rf,0,0.02,0,0.03
3216,2020-10,2020-06,4,0,True,0.0,master,valid_observed_phase_at_origin,ABCD,selection,1,11,spectral_core,local_partition_rf,0,0.0,0,0.0
3217,2020-10,2020-06,4,0,True,0.0,master,valid_observed_phase_at_origin,ABCD,selection,1,11,spectral_core,local_partition_rf,0,0.01,0,0.01
3218,2020-10,2020-06,4,0,True,0.0,master,valid_observed_phase_at_origin,ABCD,selection,1,11,spectral_core,local_partition_rf,0,0.01,0,0.0
3219,2020-10,2020-06,4,0,True,0.0,master,valid_observed_phase_at_origin,ABCD,selection,1,11,spectral_core,local_partition_rf,0,0.01,0,0.01
3220,2020-10,2020-06,4,0,True,0.0,master,valid_observed_phase_at_origin,ABCD,selection,1,11,spectral_core,local_partition_rf,0,0.01,0,0.01
3221,2020-10,2020-06,4,0,True,0.0,master,valid_observed_phase_at_origin,ABCD,selection,1,11,spectral_core,local_partition_rf,0,0.0,0,0.02
3222,2020-10,2020-06,4,0,True,0.0,master,valid_observed_phase_at_origin,ABCD,selection,1,11,spectral_core,local_partition_rf,0,0.03,0,0.0
3223,2020-10,2020-06,4,0,True,0.0,master,valid_observed_phase_at_origin,ABCD,selection,1,11,spectral_core,local_partition_rf,0,0.02,0,0.0
3224,2020-10,2020-06,4,0,True,0.0,master,valid_observed_phase_at_origin,ABCD,selection,1,11,spectral_core,local_partition_rf,0,0.0,0,0.0
3225,2020-10,2020-06,4,0,True,0.0,master,valid_observed_phase_at_origin,ABCD,selection,1,11,spectral_core,local_partition_rf,0,0.0,0,0.02
3226,2020-10,2020-06,4,0,True,0.0,master,valid_observed_phase_at_origin,ABCD,selection,1,11,spectral_core,local_partition_rf,0,0.0,0,0.0
3227,2020-10,2020-06,4,0,True,0.0,master,valid_observed_phase_at_origin,ABCD,selection,1,11,spectral_core,local_partition_rf,0,0.01,0,0.01
3228,2020-10,2020-06,4,0,True,0.0,master,valid_observed_phase_at_origin,ABCD,selection,1,11,spectral_core,local_partition_rf,0,0.02,0,0.0
3229,2020-10,2020-06,4,0,True,0.0,master,valid_observed_phase_at_origin,ABCD,selection,1,11,spectral_core,local_partition_rf,0,0.02,0,0.01
3230,2020-10,2020-06,4,0,True,0.0,master,valid_observed_phase_at_origin,ABCD,selection,1,11,spectral_core,local_partition_rf,0,0.03,0,0.0
3231,2020-10,2020-06,4,0,True,0.0,master,valid_observed_phase_at_origin,ABCD,selection,1,11,spectral_core,local_partition_rf,0,0.02,0,0.0
3232,2020-10,2020-06,4,0,True,0.0,master,valid_observed_phase_at_origin,ABCD,selection,1,11,spectral_core,local_partition_rf,0,0.01,0,0.0
3233,2020-10,2020-06,4,0,True,0.0,master,valid_observed_phase_at_origin,ABCD,selection,1,11,spectral_core,local_partition_rf,0,0.01,0,0.06
3234,2020-10,2020-06,4,0,True,0.0,master,valid_observed_phase_at_origin,ABCD,selection,1,11,spectral_core,local_partition_rf,0,0.03,0,0.07
3235,2020-10,2020-06,4,0,True,0.0,master,valid_observed_phase_at_origin,ABCD,selection,1,11,spectral_core,local_partition_rf,0,0.01,0,0.01
3236,2020-10,2020-06,4,0,True,0.0,master,valid_observed_phase_at_origin,ABCD,selection,1,11,spectral_core,local_partition_rf,0,0.01,0,0.01
3237,2020-10,2020-06,4,0,True,0.0,master,valid_observed_phase_at_origin,ABCD,selection,1,11,spectral_core,local_partition_rf,0,0.01,0,0.02
3238,2020-10,2020-06,4,0,True,0.0,master,valid_observed_phase_at_origin,ABCD,selection,1,11,spectral_core,local_partition_rf,0,0.01,0,0.01
3239,2020-10,2020-06,4,0,True,0.0,master,valid_observed_phase_at_origin,ABCD,selection,1,11,spectral_core,local_partition_rf,0,0.02,0,0.0
3240,2020-10,2020-06,4,0,True,0.0,master,valid_observed_phase_at_origin,ABCD,selection,1,11,spectral_core,local_partition_rf,0,0.05,0,0.0
3241,2020-10,2020-06,4,0,True,0.0,master,valid_observed_phase_at_origin,ABCD,selection,1,11,spectral_core,local_partition_rf,0,0.02,0,0.0
3242,2020-10,2020-06,4,0,True,0.0,master,valid_observed_phase_at_origin,ABCD,selection,1,11,spectral_core,local_partition_rf,0,0.02,0,0.0
3243,2020-10,2020-06,4,0,True,0.0,master,valid_observed_phase_at_origin,ABCD,selection,1,11,spectral_core,local_partition_rf,0,0.01,0,0.01
3244,2020-10,2020-06,4,0,True,0.0,master,valid_observed_phase_at_origin,ABCD,selection,1,11,spectral_core,local_partition_rf,0,0.01,0,0.02
3245,2020-10,2020-06,4,0,True,0.0,master,valid_observed_phase_at_origin,ABCD,selection,1,11,spectral_core,local_partition_rf,0,0.01,0,0.01
3246,2020-10,2020-06,4,0,True,0.0,master,valid_observed_phase_at_origin,ABCD,selection,1,11,spectral_core,local_partition_rf,0,0.0,0,0.0
3247,2020-10,2020-06,4,0,True,0.0,master,valid_observed_phase_at_origin,ABCD,selection,1,11,spectral_core,local_partition_rf,0,0.01,0,0.01
3248,2020-10,2020-06,4,0,True,0.0,master,valid_observed_phase_at_origin,ABCD,selection,1,11,spectral_core,local_partition_rf,0,0.02,0,0.0
3249,2020-10,2020-06,4,0,True,0.0,master,valid_observed_phase_at_origin,ABCD,selection,1,11,spectral_core,local_partition_rf,0,0.0,0,0.0
3250,2020-10,2020-06,4,0,True,0.0,master,valid_observed_phase_at_origin,ABCD,selection,1,11,spectral_core,local_partition_rf,0,0.01,0,0.0
3251,2020-10,2020-06,4,0,True,0.0,master,valid_observed_phase_at_origin,ABCD,selection,1,11,spectral_core,local_partition_rf,0,0.02,0,0.01
3252,2020-10,2020-06,4,0,True,0.0,master,valid_observed_phase_at_origin,ABCD,selection,1,11,spectral_core,local_partition_rf,0,0.01,0,0.01
3253,2020-10,2020-06,4,0,True,0.0,master,valid_observed_phase_at_origin,ABCD,selection,1,11,spectral_core,local_partition_rf,0,0.01,0,0.0
3254,2020-10,2020-06,4,0,True,0.0,master,valid_observed_phase_at_origin,ABCD,selection,1,11,spectral_core,local_partition_rf,0,0.01,0,0.0
3255,2020-10,2020-06,4,0,True,0.0,master,valid_observed_phase_at_origin,ABCD,selection,1,11,spectral_core,local_partition_rf,0,0.01,0,0.01
3256,2020-10,2020-06,4,0,True,0.0,master,valid_observed_phase_at_origin,ABCD,selection,1,11,spectral_core,local_partition_rf,0,0.01,0,0.0
3257,2020-10,2020-06,4,0,True,0.0,master,valid_observed_phase_at_origin,ABCD,selection,1,11,spectral_core,local_partition_rf,0,0.02,0,0.01
3258,2020-10,2020-06,4,0,True,0.0,master,valid_observed_phase_at_origin,ABCD,selection,1,11,spectral_core,local_partition_rf,0,0.02,0,0.03
3259,2020-10,2020-06,4,0,True,0.0,master,valid_observed_phase_at_origin,ABCD,selection,1,11,spectral_core,local_partition_rf,0,0.03,0,0.0
3260,2020-10,2020-06,4,0,True,0.0,master,valid_observed_phase_at_origin,ABCD,selection,1,11,spectral_core,local_partition_rf,0,0.0,0,0.0
3261,2020-10,2020-06,4,0,True,0.0,master,valid_observed_phase_at_origin,ABCD,selection,1,11,spectral_core,local_partition_rf,0,0.0,0,0.0
3262,2020-10,2020-06,4,0,True,0.0,master,valid_observed_phase_at_origin,ABCD,selection,1,11,spectral_core,local_partition_rf,0,0.09,0,0.03
3263,2020-10,2020-06,4,0,True,0.0,master,valid_observed_phase_at_origin,ABCD,selection,1,11,spectral_core,local_partition_rf,0,0.01,0,0.01
3264,2020-10,2020-06,4,0,True,0.0,master,valid_observed_phase_at_origin,ABCD,selection,1,11,spectral_core,local_partition_rf,0,0.01,0,0.0
3265,2020-10,2020-06,4,0,True,0.0,master,valid_observed_phase_at_origin,ABCD,selection,1,11,spectral_core,local_partition_rf,0,0.01,0,0.0
3266,2020-10,2020-06,4,0,True,0.0,master,valid_observed_phase_at_origin,ABCD,selection,1,11,spectral_core,local_partition_rf,0,0.03,0,0.02
3267,2020-10,2020-06,4,0,True,0.0,master,valid_observed_phase_at_origin,ABCD,selection,1,11,spectral_core,local_partition_rf,0,0.01,0,0.01
3268,2020-10,2020-06,4,0,True,0.0,master,valid_observed_phase_at_origin,ABCD,selection,1,11,spectral_core,local_partition_rf,0,0.0,0,0.01
3269,2020-10,2020-06,4,0,True,0.0,master,valid_observed_phase_at_origin,ABCD,selection,1,11,spectral_core,local_partition_rf,0,0.01,0,0.0
3270,2020-10,2020-06,4,0,True,0.0,master,valid_observed_phase_at_origin,ABCD,selection,1,11,spectral_core,local_partition_rf,0,0.01,0,0.01
3271,2020-10,2020-06,4,0,True,0.0,master,valid_observed_phase_at_origin,ABCD,selection,1,11,spectral_core,local_partition_rf,0,0.02,0,0.02
3272,2020-10,2020-06,4,0,True,0.0,master,valid_observed_phase_at_origin,ABCD,selection,1,11,spectral_core,local_partition_rf,0,0.01,0,0.01
3273,2020-10,2020-06,4,0,True,0.0,master,valid_observed_phase_at_origin,ABCD,selection,1,11,spectral_core,local_partition_rf,0,0.02,0,0.02
3274,2020-10,2020-06,4,0,True,0.0,master,valid_observed_phase_at_origin,ABCD,selection,1,11,spectral_core,local_partition_rf,0,0.02,0,0.0
3275,2020-10,2020-06,4,0,True,0.0,master,valid_observed_phase_at_origin,ABCD,selection,1,11,spectral_core,local_partition_rf,0,0.01,0,0.0
3276,2020-10,2020-06,4,0,True,0.0,master,valid_observed_phase_at_origin,ABCD,selection,1,11,spectral_core,local_partition_rf,0,0.01,0,0.0
3277,2020-10,2020-06,4,0,True,0.0,master,valid_observed_phase_at_origin,ABCD,selection,1,11,spectral_core,local_partition_rf,0,0.05,0,0.0
3278,2020-10,2020-06,4,0,True,0.0,master,valid_observed_phase_at_origin,ABCD,selection,1,11,spectral_core,local_partition_rf,0,0.0,0,0.0
3279,2020-10,2020-06,4,0,True,0.0,master,valid_observed_phase_at_origin,ABCD,selection,1,11,spectral_core,local_partition_rf,0,0.03,0,0.0
3280,2020-10,2020-06,4,0,True,0.0,master,valid_observed_phase_at_origin,ABCD,selection,1,11,spectral_core,local_partition_rf,0,0.03,0,0.01
3281,2020-10,2020-06,4,0,True,0.0,master,valid_observed_phase_at_origin,ABCD,selection,1,11,spectral_core,local_partition_rf,0,0.0,0,0.0
3282,2020-10,2020-06,4,0,True,0.0,master,valid_observed_phase_at_origin,ABCD,selection,1,11,spectral_core,local_partition_rf,0,0.01,0,0.01
3283,2020-10,2020-06,4,0,True,0.0,master,valid_observed_phase_at_origin,ABCD,selection,1,11,spectral_core,local_partition_rf,0,0.02,0,0.01
3284,2020-10,2020-06,4,0,True,0.0,master,valid_observed_phase_at_origin,ABCD,selection,1,11,spectral_core,local_partition_rf,0,0.02,0,0.01
3285,2020-10,2020-06,4,0,True,0.0,master,valid_observed_phase_at_origin,ABCD,selection,1,11,spectral_core,local_partition_rf,0,0.02,0,0.0
3286,2020-10,2020-06,4,0,True,0.0,master,valid_observed_phase_at_origin,ABCD,selection,1,11,spectral_core,local_partition_rf,0,0.03,0,0.01
3287,2020-10,2020-06,4,0,True,0.0,master,valid_observed_phase_at_origin,ABCD,selection,1,11,spectral_core,local_partition_rf,0,0.02,0,0.01
3288,2020-10,2020-06,4,0,True,0.0,master,valid_observed_phase_at_origin,ABCD,selection,1,11,spectral_core,local_partition_rf,0,0.02,0,0.01
3289,2020-10,2020-06,4,0,True,0.0,master,valid_observed_phase_at_origin,ABCD,selection,1,11,spectral_core,local_partition_rf,0,0.02,0,0.0
3290,2020-10,2020-06,4,0,True,0.0,master,valid_observed_phase_at_origin,ABCD,selection,1,11,spectral_core,local_partition_rf,0,0.04,0,0.0
3291,2020-10,2020-06,4,0,True,0.0,master,valid_observed_phase_at_origin,ABCD,selection,1,11,spectral_core,local_partition_rf,0,0.01,0,0.01
3292,2020-10,2020-06,4,0,True,0.0,master,valid_observed_phase_at_origin,ABCD,selection,1,11,spectral_core,local_partition_rf,0,0.0,0,0.0
3293,2020-10,2020-06,4,0,True,0.0,master,valid_observed_phase_at_origin,ABCD,selection,1,11,spectral_core,local_partition_rf,0,0.01,0,0.0
3294,2020-10,2020-06,4,0,True,0.0,master,valid_observed_phase_at_origin,ABCD,selection,1,11,spectral_core,local_partition_rf,0,0.01,0,0.03
3295,2020-10,2020-06,4,0,True,0.0,master,valid_observed_phase_at_origin,ABCD,selection,1,11,spectral_core,local_partition_rf,0,0.01,0,0.0
3296,2020-10,2020-06,4,0,True,0.0,master,valid_observed_phase_at_origin,ABCD,selection,1,11,spectral_core,local_partition_rf,0,0.01,0,0.01
3297,2020-10,2020-06,4,0,True,0.0,master,valid_observed_phase_at_origin,ABCD,selection,1,11,spectral_core,local_partition_rf,0,0.0,0,0.0
3298,2020-10,2020-06,4,0,True,0.0,master,valid_observed_phase_at_origin,ABCD,selection,1,11,spectral_core,local_partition_rf,0,0.01,0,0.01
3299,2020-10,2020-06,4,0,True,0.0,master,valid_observed_phase_at_origin,ABCD,selection,1,11,spectral_core,local_partition_rf,0,0.01,0,0.03
3300,2020-10,2020-06,4,0,True,0.0,master,valid_observed_phase_at_origin,ABCD,selection,1,11,spectral_core,local_partition_rf,0,0.0,0,0.03
3301,2020-10,2020-06,4,0,True,0.0,master,valid_observed_phase_at_origin,ABCD,selection,1,11,spectral_core,local_partition_rf,0,0.0,0,0.01
3302,2020-10,2020-06,4,0,True,0.0,master,valid_observed_phase_at_origin,ABCD,selection,1,11,spectral_core,local_partition_rf,0,0.03,0,0.0
3303,2020-10,2020-06,4,0,True,0.0,master,valid_observed_phase_at_origin,ABCD,selection,1,11,spectral_core,local_partition_rf,0,0.01,0,0.0
3304,2020-10,2020-06,4,0,True,0.0,master,valid_observed_phase_at_origin,ABCD,selection,1,11,spectral_core,local_partition_rf,0,0.03,0,0.04
3305,2020-10,2020-06,4,0,True,0.0,master,valid_observed_phase_at_origin,ABCD,selection,1,11,spectral_core,local_partition_rf,0,0.02,0,0.0
3306,2020-10,2020-06,4,0,True,0.0,master,valid_observed_phase_at_origin,ABCD,selection,1,11,spectral_core,local_partition_rf,0,0.01,0,0.0
3307,2020-10,2020-06,4,0,True,0.0,master,valid_observed_phase_at_origin,ABCD,selection,1,11,spectral_core,local_partition_rf,0,0.0,0,0.03
3308,2020-10,2020-06,4,0,True,0.0,master,valid_observed_phase_at_origin,ABCD,selection,1,11,spectral_core,local_partition_rf,0,0.02,0,0.02
3309,2020-10,2020-06,4,0,True,0.0,master,valid_observed_phase_at_origin,ABCD,selection,1,11,spectral_core,local_partition_rf,0,0.04,0,0.01
3310,2020-10,2020-06,4,0,True,0.0,master,valid_observed_phase_at_origin,ABCD,selection,1,11,spectral_core,local_partition_rf,0,0.01,0,0.0
3311,2020-10,2020-06,4,0,True,0.0,master,valid_observed_phase_at_origin,ABCD,selection,1,11,spectral_core,local_partition_rf,0,0.01,0,0.01
3312,2020-10,2020-06,4,0,True,0.0,master,valid_observed_phase_at_origin,ABCD,selection,1,11,spectral_core,local_partition_rf,0,0.06,0,0.02
3313,2020-10,2020-06,4,0,True,0.0,master,valid_observed_phase_at_origin,ABCD,selection,1,11,spectral_core,local_partition_rf,0,0.01,0,0.01
3314,2020-10,2020-06,4,0,True,0.0,master,valid_observed_phase_at_origin,ABCD,selection,1,11,spectral_core,local_partition_rf,0,0.0,0,0.02
3315,2020-10,2020-06,4,0,True,0.0,master,valid_observed_phase_at_origin,ABCD,selection,1,11,spectral_core,local_partition_rf,0,0.02,0,0.02
3316,2020-10,2020-06,4,0,True,0.0,master,valid_observed_phase_at_origin,ABCD,selection,1,11,spectral_core,local_partition_rf,0,0.0,0,0.02
3317,2020-10,2020-06,4,0,True,0.0,master,valid_observed_phase_at_origin,ABCD,selection,1,11,spectral_core,local_partition_rf,0,0.01,0,0.02
3318,2020-10,2020-06,4,0,True,0.0,master,valid_observed_phase_at_origin,ABCD,selection,1,11,spectral_core,local_partition_rf,0,0.0,0,0.0
3319,2020-10,2020-06,4,0,True,0.0,master,valid_observed_phase_at_origin,ABCD,selection,1,9,spectral_core,local_partition_rf,0,0.03,0,0.05
3320,2020-10,2020-06,4,0,True,0.0,master,valid_observed_phase_at_origin,ABCD,selection,1,9,spectral_core,local_partition_rf,0,0.02,0,0.03
3321,2020-10,2020-06,4,0,True,0.0,master,valid_observed_phase_at_origin,ABCD,selection,1,9,spectral_core,local_partition_rf,0,0.02,0,0.04
3322,2020-10,2020-06,4,0,True,0.0,master,valid_observed_phase_at_origin,ABCD,selection,1,9,spectral_core,local_partition_rf,0,0.02,0,0.05
3323,2020-10,2020-06,4,0,True,0.0,master,valid_observed_phase_at_origin,ABCD,selection,1,9,spectral_core,local_partition_rf,0,0.01,0,0.05
3324,2020-10,2020-06,4,0,True,0.0,master,valid_observed_phase_at_origin,ABCD,selection,1,9,spectral_core,local_partition_rf,0,0.01,0,0.03
3325,2020-10,2020-06,4,0,True,0.0,master,valid_observed_phase_at_origin,ABCD,selection,1,9,spectral_core,local_partition_rf,0,0.03,0,0.06
3326,2020-10,2020-06,4,0,True,0.0,master,valid_observed_phase_at_origin,ABCD,selection,1,9,spectral_core,local_partition_rf,0,0.01,0,0.06
3327,2020-10,2020-06,4,0,True,0.0,master,valid_observed_phase_at_origin,ABCD,selection,1,9,spectral_core,local_partition_rf,0,0.04,0,0.04
3328,2020-10,2020-06,4,0,True,0.0,master,valid_observed_phase_at_origin,ABCD,selection,1,9,spectral_core,local_partition_rf,0,0.0,0,0.06
3329,2020-10,2020-06,4,0,True,0.0,master,valid_observed_phase_at_origin,ABCD,selection,1,9,spectral_core,local_partition_rf,0,0.0,0,0.03
3330,2020-10,2020-06,4,0,True,0.0,master,valid_observed_phase_at_origin,ABCD,selection,1,9,spectral_core,local_partition_rf,0,0.0,0,0.04
3331,2020-10,2020-06,4,1,True,1.0,master,valid_observed_phase_at_origin,ABCD,selection,1,9,spectral_core,local_partition_rf,0,0.32,0,0.49
3332,2020-10,2020-06,4,1,True,1.0,master,valid_observed_phase_at_origin,ABCD,selection,1,9,spectral_core,local_partition_rf,0,0.43,1,0.52
3333,2020-10,2020-06,4,1,True,1.0,master,valid_observed_phase_at_origin,ABCD,selection,1,9,spectral_core,local_partition_rf,0,0.38,0,0.45
3334,2020-10,2020-06,4,1,True,1.0,master,valid_observed_phase_at_origin,ABCD,selection,1,9,spectral_core,local_partition_rf,0,0.5,0,0.5
3335,2020-10,2020-06,4,1,True,1.0,master,valid_observed_phase_at_origin,ABCD,selection,1,9,spectral_core,local_partition_rf,0,0.32,0,0.49
3336,2020-10,2020-06,4,1,True,1.0,master,valid_observed_phase_at_origin,ABCD,selection,1,9,spectral_core,local_partition_rf,0,0.45,1,0.52
3337,2020-10,2020-06,4,0,True,0.0,master,valid_observed_phase_at_origin,ABCD,selection,1,9,spectral_core,local_partition_rf,0,0.03,0,0.06
3338,2020-10,2020-06,4,0,True,0.0,master,valid_observed_phase_at_origin,ABCD,selection,1,9,spectral_core,local_partition_rf,0,0.0,0,0.02
3339,2020-10,2020-06,4,0,True,0.0,master,valid_observed_phase_at_origin,ABCD,selection,1,9,spectral_core,local_partition_rf,0,0.0,0,0.02
3340,2020-10,2020-06,4,0,True,0.0,master,valid_observed_phase_at_origin,ABCD,selection,1,9,spectral_core,local_partition_rf,0,0.0,0,0.03
3341,2020-10,2020-06,4,0,True,0.0,master,valid_observed_phase_at_origin,ABCD,selection,1,9,spectral_core,local_partition_rf,0,0.01,0,0.04
3342,2020-10,2020-06,4,0,True,0.0,master,valid_observed_phase_at_origin,ABCD,selection,1,9,spectral_core,local_partition_rf,0,0.04,0,0.03
3343,2020-10,2020-06,4,0,True,0.0,master,valid_observed_phase_at_origin,ABCD,selection,1,9,spectral_core,local_partition_rf,0,0.03,0,0.04
3344,2020-10,2020-06,4,0,True,0.0,master,valid_observed_phase_at_origin,ABCD,selection,1,9,spectral_core,local_partition_rf,0,0.01,0,0.04
3345,2020-10,2020-06,4,1,True,1.0,master,valid_observed_phase_at_origin,ABCD,selection,1,9,spectral_core,local_partition_rf,0,0.31,0,0.48
3346,2020-10,2020-06,4,0,True,0.0,master,valid_observed_phase_at_origin,ABCD,selection,1,9,spectral_core,local_partition_rf,0,0.07,0,0.15
3347,2020-10,2020-06,4,0,True,0.0,master,valid_observed_phase_at_origin,ABCD,selection,1,9,spectral_core,local_partition_rf,0,0.04,0,0.05
3348,2020-10,2020-06,4,0,True,0.0,master,valid_observed_phase_at_origin,ABCD,selection,1,9,spectral_core,local_partition_rf,0,0.07,0,0.17
3349,2020-10,2020-06,4,0,True,0.0,master,valid_observed_phase_at_origin,ABCD,selection,1,9,spectral_core,local_partition_rf,0,0.11,0,0.13
3350,2020-10,2020-06,4,0,True,0.0,master,valid_observed_phase_at_origin,ABCD,selection,1,9,spectral_core,local_partition_rf,0,0.02,0,0.03
3351,2020-10,2020-06,4,0,True,0.0,master,valid_observed_phase_at_origin,ABCD,selection,1,9,spectral_core,local_partition_rf,0,0.06,0,0.12
3352,2020-10,2020-06,4,0,True,0.0,master,valid_observed_phase_at_origin,ABCD,selection,1,9,spectral_core,local_partition_rf,0,0.02,0,0.01
3353,2020-10,2020-06,4,0,True,0.0,master,valid_observed_phase_at_origin,ABCD,selection,1,9,spectral_core,local_partition_rf,0,0.02,0,0.07
3354,2020-10,2020-06,4,0,True,0.0,master,valid_observed_phase_at_origin,ABCD,selection,1,9,spectral_core,local_partition_rf,0,0.02,0,0.05
3355,2020-10,2020-06,4,0,True,0.0,master,valid_observed_phase_at_origin,ABCD,selection,1,9,spectral_core,local_partition_rf,0,0.02,0,0.05
3356,2020-10,2020-06,4,0,True,0.0,master,valid_observed_phase_at_origin,ABCD,selection,1,9,spectral_core,local_partition_rf,0,0.0,0,0.05
3357,2020-10,2020-06,4,0,True,0.0,master,valid_observed_phase_at_origin,ABCD,selection,1,9,spectral_core,local_partition_rf,0,0.0,0,0.04
3358,2020-10,2020-06,4,0,True,0.0,master,valid_observed_phase_at_origin,ABCD,selection,1,9,spectral_core,local_partition_rf,0,0.01,0,0.0
3359,2020-10,2020-06,4,0,True,0.0,master,valid_observed_phase_at_origin,ABCD,selection,1,9,spectral_core,local_partition_rf,0,0.03,0,0.04
3360,2020-10,2020-06,4,0,True,0.0,master,valid_observed_phase_at_origin,ABCD,selection,1,9,spectral_core,local_partition_rf,0,0.04,0,0.04
3361,2020-10,2020-06,4,0,True,0.0,master,valid_observed_phase_at_origin,ABCD,selection,1,9,spectral_core,local_partition_rf,0,0.0,0,0.01
3362,2020-10,2020-06,4,0,True,0.0,master,valid_observed_phase_at_origin,ABCD,selection,1,9,spectral_core,local_partition_rf,0,0.01,0,0.04
3363,2020-10,2020-06,4,0,True,0.0,master,valid_observed_phase_at_origin,ABCD,selection,1,9,spectral_core,local_partition_rf,0,0.01,0,0.04
3364,2020-10,2020-06,4,0,True,0.0,master,valid_observed_phase_at_origin,ABCD,selection,1,9,spectral_core,local_partition_rf,0,0.02,0,0.06
3365,2020-10,2020-06,4,0,True,0.0,master,valid_observed_phase_at_origin,ABCD,selection,1,9,spectral_core,local_partition_rf,0,0.0,0,0.04
3366,2020-10,2020-06,4,0,True,0.0,master,valid_observed_phase_at_origin,ABCD,selection,1,9,spectral_core,local_partition_rf,0,0.01,0,0.03
3367,2020-10,2020-06,4,0,True,0.0,master,valid_observed_phase_at_origin,ABCD,selection,1,9,spectral_core,local_partition_rf,0,0.01,0,0.03
3368,2020-10,2020-06,4,0,True,0.0,master,valid_observed_phase_at_origin,ABCD,selection,1,9,spectral_core,local_partition_rf,0,0.0,0,0.03
3369,2020-10,2020-06,4,0,True,0.0,master,valid_observed_phase_at_origin,ABCD,selection,1,9,spectral_core,local_partition_rf,0,0.02,0,0.02
3370,2020-10,2020-06,4,0,True,0.0,master,valid_observed_phase_at_origin,ABCD,selection,1,9,spectral_core,local_partition_rf,0,0.02,0,0.04
3371,2020-10,2020-06,4,0,True,0.0,master,valid_observed_phase_at_origin,ABCD,selection,1,9,spectral_core,local_partition_rf,0,0.0,0,0.04
3372,2020-10,2020-06,4,0,True,0.0,master,valid_observed_phase_at_origin,ABCD,selection,1,9,spectral_core,local_partition_rf,0,0.03,0,0.08
3373,2020-10,2020-06,4,0,True,0.0,master,valid_observed_phase_at_origin,ABCD,selection,1,9,spectral_core,local_partition_rf,0,0.01,0,0.03
3374,2020-10,2020-06,4,0,True,0.0,master,valid_observed_phase_at_origin,ABCD,selection,1,9,spectral_core,local_partition_rf,0,0.01,0,0.02
3375,2020-10,2020-06,4,0,True,0.0,master,valid_observed_phase_at_origin,ABCD,selection,1,9,spectral_core,local_partition_rf,0,0.02,0,0.03
3376,2020-10,2020-06,4,0,True,0.0,master,valid_observed_phase_at_origin,ABCD,selection,1,9,spectral_core,local_partition_rf,0,0.0,0,0.06
3377,2020-10,2020-06,4,0,True,0.0,master,valid_observed_phase_at_origin,ABCD,selection,1,9,spectral_core,local_partition_rf,0,0.05,0,0.07
3378,2020-10,2020-06,4,0,True,0.0,master,valid_observed_phase_at_origin,ABCD,selection,1,9,spectral_core,local_partition_rf,0,0.04,0,0.04
3379,2020-10,2020-06,4,0,True,0.0,master,valid_observed_phase_at_origin,ABCD,selection,1,9,spectral_core,local_partition_rf,0,0.03,0,0.05
3380,2020-10,2020-06,4,0,True,0.0,master,valid_observed_phase_at_origin,ABCD,selection,1,9,spectral_core,local_partition_rf,0,0.0,0,0.02
3381,2020-10,2020-06,4,0,True,0.0,master,valid_observed_phase_at_origin,ABCD,selection,1,9,spectral_core,local_partition_rf,0,0.0,0,0.01
3382,2020-10,2020-06,4,0,True,0.0,master,valid_observed_phase_at_origin,ABCD,selection,1,9,spectral_core,local_partition_rf,0,0.04,0,0.04
3383,2020-10,2020-06,4,0,True,0.0,master,valid_observed_phase_at_origin,ABCD,selection,1,9,spectral_core,local_partition_rf,0,0.01,0,0.02
3384,2020-10,2020-06,4,0,True,0.0,master,valid_observed_phase_at_origin,ABCD,selection,1,9,spectral_core,local_partition_rf,0,0.0,0,0.05
3385,2020-10,2020-06,4,0,True,0.0,master,valid_observed_phase_at_origin,ABCD,selection,1,9,spectral_core,local_partition_rf,0,0.0,0,0.02
3386,2020-10,2020-06,4,0,True,0.0,master,valid_observed_phase_at_origin,ABCD,selection,1,9,spectral_core,local_partition_rf,0,0.01,0,0.04
3387,2020-10,2020-06,4,0,True,0.0,master,valid_observed_phase_at_origin,ABCD,selection,1,9,spectral_core,local_partition_rf,0,0.0,0,0.01
3388,2020-10,2020-06,4,0,True,0.0,master,valid_observed_phase_at_origin,ABCD,selection,1,9,spectral_core,local_partition_rf,0,0.0,0,0.06
3389,2020-10,2020-06,4,1,True,0.0,master,valid_observed_phase_at_origin,ABCD,selection,1,9,spectral_core,local_partition_rf,0,0.12,0,0.2
3390,2020-10,2020-06,4,1,True,1.0,master,valid_observed_phase_at_origin,ABCD,selection,1,9,spectral_core,local_partition_rf,0,0.35,0,0.5
3391,2020-10,2020-06,4,1,True,1.0,master,valid_observed_phase_at_origin,ABCD,selection,1,9,spectral_core,local_partition_rf,0,0.3,0,0.46
3392,2020-10,2020-06,4,0,True,0.0,master,valid_observed_phase_at_origin,ABCD,selection,1,9,spectral_core,local_partition_rf,0,0.06,0,0.06
3393,2020-10,2020-06,4,0,True,0.0,master,valid_observed_phase_at_origin,ABCD,selection,1,9,spectral_core,local_partition_rf,0,0.15,0,0.18
3394,2020-10,2020-06,4,0,True,0.0,master,valid_observed_phase_at_origin,ABCD,selection,1,9,spectral_core,local_partition_rf,0,0.07,0,0.08
3395,2020-10,2020-06,4,0,True,0.0,master,valid_observed_phase_at_origin,ABCD,selection,1,9,spectral_core,local_partition_rf,0,0.11,0,0.22
3396,2020-10,2020-06,4,0,True,0.0,master,valid_observed_phase_at_origin,ABCD,selection,1,9,spectral_core,local_partition_rf,0,0.12,0,0.18
3397,2020-10,2020-06,4,0,True,0.0,master,valid_observed_phase_at_origin,ABCD,selection,1,9,spectral_core,local_partition_rf,0,0.05,0,0.18
3398,2020-10,2020-06,4,1,True,1.0,master,valid_observed_phase_at_origin,ABCD,selection,1,9,spectral_core,local_partition_rf,0,0.38,0,0.46
3399,2020-10,2020-06,4,0,True,0.0,master,valid_observed_phase_at_origin,ABCD,selection,1,9,spectral_core,local_partition_rf,0,0.12,0,0.26
3400,2020-10,2020-06,4,0,True,0.0,master,valid_observed_phase_at_origin,ABCD,selection,1,9,spectral_core,local_partition_rf,0,0.26,0,0.29
3401,2020-10,2020-06,4,1,True,1.0,master,valid_observed_phase_at_origin,ABCD,selection,1,9,spectral_core,local_partition_rf,0,0.33,0,0.49
3402,2020-10,2020-06,4,1,True,1.0,master,valid_observed_phase_at_origin,ABCD,selection,1,9,spectral_core,local_partition_rf,0,0.45,0,0.46
3403,2020-10,2020-06,4,1,True,1.0,master,valid_observed_phase_at_origin,ABCD,selection,1,9,spectral_core,local_partition_rf,0,0.41,0,0.42
3404,2020-10,2020-06,4,1,True,1.0,master,valid_observed_phase_at_origin,ABCD,selection,1,9,spectral_core,local_partition_rf,0,0.43,1,0.57
3405,2020-10,2020-06,4,0,True,0.0,master,valid_observed_phase_at_origin,ABCD,selection,1,9,spectral_core,local_partition_rf,0,0.17,0,0.22
3406,2020-10,2020-06,4,0,True,0.0,master,valid_observed_phase_at_origin,ABCD,selection,1,9,spectral_core,local_partition_rf,0,0.27,0,0.21
3407,2020-10,2020-06,4,1,True,1.0,master,valid_observed_phase_at_origin,ABCD,selection,1,9,spectral_core,local_partition_rf,0,0.43,1,0.51
3408,2020-10,2020-06,4,0,True,0.0,master,valid_observed_phase_at_origin,ABCD,selection,1,9,spectral_core,local_partition_rf,0,0.03,0,0.06
3409,2020-10,2020-06,4,0,True,0.0,master,valid_observed_phase_at_origin,ABCD,selection,1,9,spectral_core,local_partition_rf,0,0.0,0,0.04
3410,2020-10,2020-06,4,0,True,0.0,master,valid_observed_phase_at_origin,ABCD,selection,1,9,spectral_core,local_partition_rf,0,0.0,0,0.02
3411,2020-10,2020-06,4,0,True,0.0,master,valid_observed_phase_at_origin,ABCD,selection,1,9,spectral_core,local_partition_rf,0,0.0,0,0.03
3412,2020-10,2020-06,4,0,True,0.0,master,valid_observed_phase_at_origin,ABCD,selection,1,9,spectral_core,local_partition_rf,0,0.01,0,0.02
3413,2020-10,2020-06,4,0,True,0.0,master,valid_observed_phase_at_origin,ABCD,selection,1,9,spectral_core,local_partition_rf,0,0.02,0,0.04
3414,2020-10,2020-06,4,0,True,0.0,master,valid_observed_phase_at_origin,ABCD,selection,1,9,spectral_core,local_partition_rf,0,0.0,0,0.01
3415,2020-10,2020-06,4,0,True,0.0,master,valid_observed_phase_at_origin,ABCD,selection,1,9,spectral_core,local_partition_rf,0,0.0,0,0.01
3416,2020-10,2020-06,4,0,True,0.0,master,valid_observed_phase_at_origin,ABCD,selection,1,9,spectral_core,local_partition_rf,0,0.0,0,0.01
3417,2020-10,2020-06,4,0,True,0.0,master,valid_observed_phase_at_origin,ABCD,selection,1,9,spectral_core,local_partition_rf,0,0.0,0,0.01
3418,2020-10,2020-06,4,0,True,0.0,master,valid_observed_phase_at_origin,ABCD,selection,1,9,spectral_core,local_partition_rf,0,0.01,0,0.0
3419,2020-10,2020-06,4,0,True,0.0,master,valid_observed_phase_at_origin,ABCD,selection,1,9,spectral_core,local_partition_rf,0,0.0,0,0.0
3420,2020-10,2020-06,4,0,True,0.0,master,valid_observed_phase_at_origin,ABCD,selection,1,9,spectral_core,local_partition_rf,0,0.04,0,0.1
3421,2020-10,2020-06,4,0,True,0.0,master,valid_observed_phase_at_origin,ABCD,selection,1,9,spectral_core,local_partition_rf,0,0.01,0,0.01
3422,2020-10,2020-06,4,0,True,0.0,master,valid_observed_phase_at_origin,ABCD,selection,1,9,spectral_core,local_partition_rf,0,0.0,0,0.02
3423,2020-10,2020-06,4,0,True,0.0,master,valid_observed_phase_at_origin,ABCD,selection,1,9,spectral_core,local_partition_rf,0,0.0,0,0.04
3424,2020-10,2020-06,4,0,True,0.0,master,valid_observed_phase_at_origin,ABCD,selection,1,9,spectral_core,local_partition_rf,0,0.01,0,0.04
3425,2020-10,2020-06,4,0,True,0.0,master,valid_observed_phase_at_origin,ABCD,selection,1,9,spectral_core,local_partition_rf,0,0.01,0,0.04
3426,2020-10,2020-06,4,0,True,0.0,master,valid_observed_phase_at_origin,ABCD,selection,1,9,spectral_core,local_partition_rf,0,0.09,0,0.11
3427,2020-10,2020-06,4,0,True,0.0,master,valid_observed_phase_at_origin,ABCD,selection,1,9,spectral_core,local_partition_rf,0,0.01,0,0.1
3428,2020-10,2020-06,4,0,True,0.0,master,valid_observed_phase_at_origin,ABCD,selection,1,9,spectral_core,local_partition_rf,0,0.02,0,0.06
3429,2020-10,2020-06,4,0,True,0.0,master,valid_observed_phase_at_origin,ABCD,selection,1,9,spectral_core,local_partition_rf,0,0.03,0,0.1
3430,2020-10,2020-06,4,0,True,0.0,master,valid_observed_phase_at_origin,ABCD,selection,1,9,spectral_core,local_partition_rf,0,0.01,0,0.08
3431,2020-10,2020-06,4,0,True,0.0,master,valid_observed_phase_at_origin,ABCD,selection,1,9,spectral_core,local_partition_rf,0,0.04,0,0.06
3432,2020-10,2020-06,4,0,True,0.0,master,valid_observed_phase_at_origin,ABCD,selection,1,9,spectral_core,local_partition_rf,0,0.01,0,0.05
3433,2020-10,2020-06,4,0,True,0.0,master,valid_observed_phase_at_origin,ABCD,selection,1,9,spectral_core,local_partition_rf,0,0.02,0,0.08
3434,2020-10,2020-06,4,0,True,0.0,master,valid_observed_phase_at_origin,ABCD,selection,1,9,spectral_core,local_partition_rf,0,0.05,0,0.05
3435,2020-10,2020-06,4,0,True,0.0,master,valid_observed_phase_at_origin,ABCD,selection,1,9,spectral_core,local_partition_rf,0,0.03,0,0.04
3436,2020-10,2020-06,4,0,True,0.0,master,valid_observed_phase_at_origin,ABCD,selection,1,9,spectral_core,local_partition_rf,0,0.04,0,0.07
3437,2020-10,2020-06,4,0,True,0.0,master,valid_observed_phase_at_origin,ABCD,selection,1,9,spectral_core,local_partition_rf,0,0.05,0,0.09
3438,2020-10,2020-06,4,0,True,0.0,master,valid_observed_phase_at_origin,ABCD,selection,1,9,spectral_core,local_partition_rf,0,0.02,0,0.06
3439,2020-10,2020-06,4,0,True,0.0,master,valid_observed_phase_at_origin,ABCD,selection,1,9,spectral_core,local_partition_rf,0,0.0,0,0.04
3440,2020-10,2020-06,4,0,True,0.0,master,valid_observed_phase_at_origin,ABCD,selection,1,9,spectral_core,local_partition_rf,0,0.0,0,0.04
3441,2020-10,2020-06,4,0,True,0.0,master,valid_observed_phase_at_origin,ABCD,selection,1,9,spectral_core,local_partition_rf,0,0.0,0,0.04
3442,2020-10,2020-06,4,0,True,0.0,master,valid_observed_phase_at_origin,ABCD,selection,1,9,spectral_core,local_partition_rf,0,0.05,0,0.09
3443,2020-10,2020-06,4,0,True,0.0,master,valid_observed_phase_at_origin,ABCD,selection,1,9,spectral_core,local_partition_rf,0,0.04,0,0.05
3444,2020-10,2020-06,4,0,True,0.0,master,valid_observed_phase_at_origin,ABCD,selection,1,9,spectral_core,local_partition_rf,0,0.01,0,0.03
3445,2020-10,2020-06,4,0,True,0.0,master,valid_observed_phase_at_origin,ABCD,selection,1,9,spectral_core,local_partition_rf,0,0.04,0,0.08
3446,2020-10,2020-06,4,0,True,0.0,master,valid_observed_phase_at_origin,ABCD,selection,1,9,spectral_core,local_partition_rf,0,0.01,0,0.02
3447,2020-10,2020-06,4,0,True,0.0,master,valid_observed_phase_at_origin,ABCD,selection,1,9,spectral_core,local_partition_rf,0,0.0,0,0.06
3448,2020-10,2020-06,4,0,True,0.0,master,valid_observed_phase_at_origin,ABCD,selection,1,9,spectral_core,local_partition_rf,0,0.02,0,0.14
3449,2020-10,2020-06,4,0,True,0.0,master,valid_observed_phase_at_origin,ABCD,selection,1,9,spectral_core,local_partition_rf,0,0.08,0,0.15
3450,2020-10,2020-06,4,0,True,0.0,master,valid_observed_phase_at_origin,ABCD,selection,1,9,spectral_core,local_partition_rf,0,0.07,0,0.11
3451,2020-10,2020-06,4,0,True,0.0,master,valid_observed_phase_at_origin,ABCD,selection,1,9,spectral_core,local_partition_rf,0,0.11,0,0.19
3452,2020-10,2020-06,4,0,True,0.0,master,valid_observed_phase_at_origin,ABCD,selection,1,9,spectral_core,local_partition_rf,0,0.05,0,0.18
3453,2020-10,2020-06,4,1,True,1.0,master,valid_observed_phase_at_origin,ABCD,selection,1,9,spectral_core,local_partition_rf,0,0.44,1,0.52
3454,2020-10,2020-06,4,1,True,1.0,master,valid_observed_phase_at_origin,ABCD,selection,1,9,spectral_core,local_partition_rf,0,0.37,0,0.49
3455,2020-10,2020-06,4,0,True,0.0,master,valid_observed_phase_at_origin,ABCD,selection,1,9,spectral_core,local_partition_rf,0,0.01,0,0.02
3456,2020-10,2020-06,4,0,True,0.0,master,valid_observed_phase_at_origin,ABCD,selection,1,9,spectral_core,local_partition_rf,0,0.0,0,0.0
3457,2020-10,2020-06,4,0,True,0.0,master,valid_observed_phase_at_origin,ABCD,selection,1,9,spectral_core,local_partition_rf,0,0.01,0,0.04
3458,2020-10,2020-06,4,0,True,0.0,master,valid_observed_phase_at_origin,ABCD,selection,1,9,spectral_core,local_partition_rf,0,0.0,0,0.02
3459,2020-10,2020-06,4,0,True,0.0,master,valid_observed_phase_at_origin,ABCD,selection,1,9,spectral_core,local_partition_rf,0,0.07,0,0.08
3460,2020-10,2020-06,4,0,True,0.0,master,valid_observed_phase_at_origin,ABCD,selection,1,9,spectral_core,local_partition_rf,0,0.03,0,0.04
3461,2020-10,2020-06,4,0,True,0.0,master,valid_observed_phase_at_origin,ABCD,selection,1,9,spectral_core,local_partition_rf,0,0.0,0,0.0
3462,2020-10,2020-06,4,0,True,0.0,master,valid_observed_phase_at_origin,ABCD,selection,1,9,spectral_core,local_partition_rf,0,0.01,0,0.06
3463,2020-10,2020-06,4,0,True,0.0,master,valid_observed_phase_at_origin,ABCD,selection,1,9,spectral_core,local_partition_rf,0,0.01,0,0.07
3464,2020-10,2020-06,4,0,True,0.0,master,valid_observed_phase_at_origin,ABCD,selection,1,9,spectral_core,local_partition_rf,0,0.08,0,0.1
3465,2020-10,2020-06,4,0,True,0.0,master,valid_observed_phase_at_origin,ABCD,selection,1,9,spectral_core,local_partition_rf,0,0.02,0,0.06
3466,2020-10,2020-06,4,0,True,0.0,master,valid_observed_phase_at_origin,ABCD,selection,1,9,spectral_core,local_partition_rf,0,0.03,0,0.06
3467,2020-10,2020-06,4,0,True,0.0,master,valid_observed_phase_at_origin,ABCD,selection,1,9,spectral_core,local_partition_rf,0,0.01,0,0.04
3468,2020-10,2020-06,4,0,True,0.0,master,valid_observed_phase_at_origin,ABCD,selection,1,9,spectral_core,local_partition_rf,0,0.03,0,0.01
3469,2020-10,2020-06,4,0,True,0.0,master,valid_observed_phase_at_origin,ABCD,selection,1,9,spectral_core,local_partition_rf,0,0.07,0,0.05
3470,2020-10,2020-06,4,0,True,0.0,master,valid_observed_phase_at_origin,ABCD,selection,1,9,spectral_core,local_partition_rf,0,0.0,0,0.04
3471,2020-10,2020-06,4,0,True,0.0,master,valid_observed_phase_at_origin,ABCD,selection,1,9,spectral_core,local_partition_rf,0,0.02,0,0.06
3472,2020-10,2020-06,4,0,True,0.0,master,valid_observed_phase_at_origin,ABCD,selection,1,9,spectral_core,local_partition_rf,0,0.02,0,0.04
3473,2020-10,2020-06,4,0,True,0.0,master,valid_observed_phase_at_origin,ABCD,selection,1,13,spectral_core,local_partition_rf,0,0.07,0,0.17
3474,2020-10,2020-06,4,1,True,1.0,master,valid_observed_phase_at_origin,ABCD,selection,1,13,spectral_core,local_partition_rf,0,0.39,0,0.38
3475,2020-10,2020-06,4,1,True,1.0,master,valid_observed_phase_at_origin,ABCD,selection,1,13,spectral_core,local_partition_rf,0,0.42,0,0.4
3476,2020-10,2020-06,4,0,True,0.0,master,valid_observed_phase_at_origin,ABCD,selection,1,13,spectral_core,local_partition_rf,0,0.12,0,0.14
3477,2020-10,2020-06,4,0,True,0.0,master,valid_observed_phase_at_origin,ABCD,selection,1,13,spectral_core,local_partition_rf,0,0.09,0,0.18
3478,2020-10,2020-06,4,1,True,1.0,master,valid_observed_phase_at_origin,ABCD,selection,1,13,spectral_core,local_partition_rf,0,0.46,0,0.35
3479,2020-10,2020-06,4,1,True,1.0,master,valid_observed_phase_at_origin,ABCD,selection,1,13,spectral_core,local_partition_rf,0,0.37,0,0.37
3480,2020-10,2020-06,4,0,True,0.0,master,valid_observed_phase_at_origin,ABCD,selection,1,13,spectral_core,local_partition_rf,0,0.08,0,0.15
3481,2020-10,2020-06,4,0,True,0.0,master,valid_observed_phase_at_origin,ABCD,selection,1,13,spectral_core,local_partition_rf,0,0.06,0,0.19
3482,2020-10,2020-06,4,0,True,0.0,master,valid_observed_phase_at_origin,ABCD,selection,1,13,spectral_core,local_partition_rf,0,0.14,0,0.2
3483,2020-10,2020-06,4,0,True,0.0,master,valid_observed_phase_at_origin,ABCD,selection,1,13,spectral_core,local_partition_rf,0,0.05,0,0.1
3484,2020-10,2020-06,4,0,True,0.0,master,valid_observed_phase_at_origin,ABCD,selection,1,13,spectral_core,local_partition_rf,0,0.07,0,0.16
3485,2020-10,2020-06,4,0,True,0.0,master,valid_observed_phase_at_origin,ABCD,selection,1,13,spectral_core,local_partition_rf,0,0.07,0,0.13
3486,2020-10,2020-06,4,0,True,0.0,master,valid_observed_phase_at_origin,ABCD,selection,1,13,spectral_core,local_partition_rf,0,0.16,0,0.28
3487,2020-10,2020-06,4,0,True,0.0,master,valid_observed_phase_at_origin,ABCD,selection,1,13,spectral_core,local_partition_rf,0,0.1,0,0.08
3488,2020-10,2020-06,4,0,True,0.0,master,valid_observed_phase_at_origin,ABCD,selection,1,13,spectral_core,local_partition_rf,0,0.19,0,0.19
3489,2020-10,2020-06,4,0,True,0.0,master,valid_observed_phase_at_origin,ABCD,selection,1,13,spectral_core,local_partition_rf,0,0.07,0,0.19
3490,2020-10,2020-06,4,0,True,0.0,master,valid_observed_phase_at_origin,ABCD,selection,1,13,spectral_core,local_partition_rf,0,0.06,0,0.12
3491,2020-10,2020-06,4,0,True,0.0,master,valid_observed_phase_at_origin,ABCD,selection,1,13,spectral_core,local_partition_rf,0,0.05,0,0.18
3492,2020-10,2020-06,4,0,True,0.0,master,valid_observed_phase_at_origin,ABCD,selection,1,13,spectral_core,local_partition_rf,0,0.06,0,0.05
3493,2020-10,2020-06,4,0,True,0.0,master,valid_observed_phase_at_origin,ABCD,selection,1,13,spectral_core,local_partition_rf,0,0.1,0,0.22
3494,2020-10,2020-06,4,0,True,0.0,master,valid_observed_phase_at_origin,ABCD,selection,1,13,spectral_core,local_partition_rf,0,0.07,0,0.15
3495,2020-10,2020-06,4,0,True,0.0,master,valid_observed_phase_at_origin,ABCD,selection,1,13,spectral_core,local_partition_rf,0,0.07,0,0.17
3496,2020-10,2020-06,4,0,True,0.0,master,valid_observed_phase_at_origin,ABCD,selection,1,13,spectral_core,local_partition_rf,0,0.13,0,0.2
3497,2020-10,2020-06,4,1,True,1.0,master,valid_observed_phase_at_origin,ABCD,selection,1,13,spectral_core,local_partition_rf,0,0.42,0,0.37
3498,2020-10,2020-06,4,0,True,0.0,master,valid_observed_phase_at_origin,ABCD,selection,1,13,spectral_core,local_partition_rf,0,0.06,0,0.19
3499,2020-10,2020-06,4,0,True,0.0,master,valid_observed_phase_at_origin,ABCD,selection,1,13,spectral_core,local_partition_rf,0,0.06,0,0.11
3500,2020-10,2020-06,4,0,True,0.0,master,valid_observed_phase_at_origin,ABCD,selection,1,13,spectral_core,local_partition_rf,0,0.06,0,0.17
3501,2020-10,2020-06,4,0,True,0.0,master,valid_observed_phase_at_origin,ABCD,selection,1,13,spectral_core,local_partition_rf,0,0.04,0,0.2
3502,2020-10,2020-06,4,1,True,1.0,master,valid_observed_phase_at_origin,ABCD,selection,1,13,spectral_core,local_partition_rf,0,0.35,0,0.42
3503,2020-10,2020-06,4,0,True,0.0,master,valid_observed_phase_at_origin,ABCD,selection,1,13,spectral_core,local_partition_rf,0,0.1,0,0.18
3504,2020-10,2020-06,4,0,True,0.0,master,valid_observed_phase_at_origin,ABCD,selection,1,13,spectral_core,local_partition_rf,0,0.23,0,0.24
3505,2020-10,2020-06,4,1,True,1.0,master,valid_observed_phase_at_origin,ABCD,selection,1,13,spectral_core,local_partition_rf,0,0.3,0,0.34
3506,2020-10,2020-06,4,0,True,0.0,master,valid_observed_phase_at_origin,ABCD,selection,1,13,spectral_core,local_partition_rf,0,0.04,0,0.18
3507,2020-10,2020-06,4,0,True,0.0,master,valid_observed_phase_at_origin,ABCD,selection,1,13,spectral_core,local_partition_rf,0,0.03,0,0.2
3508,2020-10,2020-06,4,0,True,0.0,master,valid_observed_phase_at_origin,ABCD,selection,1,13,spectral_core,local_partition_rf,0,0.16,0,0.2
3509,2020-10,2020-06,4,0,True,0.0,master,valid_observed_phase_at_origin,ABCD,selection,1,13,spectral_core,local_partition_rf,0,0.04,0,0.21
3510,2020-10,2020-06,4,0,True,0.0,master,valid_observed_phase_at_origin,ABCD,selection,1,13,spectral_core,local_partition_rf,0,0.11,0,0.21
3511,2020-10,2020-06,4,0,True,0.0,master,valid_observed_phase_at_origin,ABCD,selection,1,13,spectral_core,local_partition_rf,0,0.13,0,0.22
3512,2020-10,2020-06,4,0,True,0.0,master,valid_observed_phase_at_origin,ABCD,selection,1,13,spectral_core,local_partition_rf,0,0.11,0,0.17
3513,2020-10,2020-06,4,0,True,0.0,master,valid_observed_phase_at_origin,ABCD,selection,1,13,spectral_core,local_partition_rf,0,0.05,0,0.17
3514,2020-10,2020-06,4,0,True,0.0,master,valid_observed_phase_at_origin,ABCD,selection,1,13,spectral_core,local_partition_rf,0,0.17,0,0.17
3515,2020-10,2020-06,4,0,True,0.0,master,valid_observed_phase_at_origin,ABCD,selection,1,13,spectral_core,local_partition_rf,0,0.07,0,0.14
3516,2020-10,2020-06,4,0,True,0.0,master,valid_observed_phase_at_origin,ABCD,selection,1,13,spectral_core,local_partition_rf,0,0.09,0,0.14
3517,2020-10,2020-06,4,0,True,0.0,master,valid_observed_phase_at_origin,ABCD,selection,1,13,spectral_core,local_partition_rf,0,0.09,0,0.2
3518,2020-10,2020-06,4,0,True,0.0,master,valid_observed_phase_at_origin,ABCD,selection,1,13,spectral_core,local_partition_rf,0,0.05,0,0.19
3519,2020-10,2020-06,4,0,True,0.0,master,valid_observed_phase_at_origin,ABCD,selection,1,13,spectral_core,local_partition_rf,0,0.06,0,0.09
3520,2020-10,2020-06,4,0,True,0.0,master,valid_observed_phase_at_origin,ABCD,selection,1,13,spectral_core,local_partition_rf,0,0.03,0,0.2
3521,2020-10,2020-06,4,0,True,0.0,master,valid_observed_phase_at_origin,ABCD,selection,1,13,spectral_core,local_partition_rf,0,0.08,0,0.18
3522,2020-10,2020-06,4,0,True,0.0,master,valid_observed_phase_at_origin,ABCD,selection,1,13,spectral_core,local_partition_rf,0,0.07,0,0.16
3523,2020-10,2020-06,4,0,True,0.0,master,valid_observed_phase_at_origin,ABCD,selection,1,13,spectral_core,local_partition_rf,0,0.05,0,0.18
3524,2020-10,2020-06,4,0,True,0.0,master,valid_observed_phase_at_origin,ABCD,selection,1,13,spectral_core,local_partition_rf,0,0.03,0,0.2
3525,2020-10,2020-06,4,0,True,0.0,master,valid_observed_phase_at_origin,ABCD,selection,1,13,spectral_core,local_partition_rf,0,0.12,0,0.16
3526,2020-10,2020-06,4,0,True,0.0,master,valid_observed_phase_at_origin,ABCD,selection,1,13,spectral_core,local_partition_rf,0,0.03,0,0.1
3527,2020-10,2020-06,4,0,True,0.0,master,valid_observed_phase_at_origin,ABCD,selection,1,13,spectral_core,local_partition_rf,0,0.02,0,0.04
3528,2020-10,2020-06,4,0,True,0.0,master,valid_observed_phase_at_origin,ABCD,selection,1,13,spectral_core,local_partition_rf,0,0.06,0,0.02
3529,2020-10,2020-06,4,0,True,0.0,master,valid_observed_phase_at_origin,ABCD,selection,1,13,spectral_core,local_partition_rf,0,0.07,0,0.09
3530,2020-10,2020-06,4,0,True,0.0,master,valid_observed_phase_at_origin,ABCD,selection,1,13,spectral_core,local_partition_rf,0,0.03,0,0.05
3531,2020-10,2020-06,4,0,True,0.0,master,valid_observed_phase_at_origin,ABCD,selection,1,13,spectral_core,local_partition_rf,0,0.08,0,0.21
3532,2020-10,2020-06,4,0,True,0.0,master,valid_observed_phase_at_origin,ABCD,selection,1,13,spectral_core,local_partition_rf,0,0.04,0,0.07
3533,2020-10,2020-06,4,0,True,0.0,master,valid_observed_phase_at_origin,ABCD,selection,1,13,spectral_core,local_partition_rf,0,0.03,0,0.06
3534,2020-10,2020-06,4,0,True,0.0,master,valid_observed_phase_at_origin,ABCD,selection,1,13,spectral_core,local_partition_rf,0,0.25,0,0.25
3535,2020-10,2020-06,4,0,True,0.0,master,valid_observed_phase_at_origin,ABCD,selection,1,13,spectral_core,local_partition_rf,0,0.15,0,0.18
3536,2020-10,2020-06,4,0,True,0.0,master,valid_observed_phase_at_origin,ABCD,selection,1,13,spectral_core,local_partition_rf,0,0.09,0,0.19
3537,2020-10,2020-06,4,0,True,0.0,master,valid_observed_phase_at_origin,ABCD,selection,1,13,spectral_core,local_partition_rf,0,0.13,0,0.28
3538,2020-10,2020-06,4,0,True,0.0,master,valid_observed_phase_at_origin,ABCD,selection,1,13,spectral_core,local_partition_rf,0,0.14,0,0.25
3539,2020-10,2020-06,4,0,True,0.0,master,valid_observed_phase_at_origin,ABCD,selection,1,13,spectral_core,local_partition_rf,0,0.04,0,0.04
3540,2020-10,2020-06,4,0,True,0.0,master,valid_observed_phase_at_origin,ABCD,selection,1,13,spectral_core,local_partition_rf,0,0.01,0,0.05
3541,2020-10,2020-06,4,0,True,0.0,master,valid_observed_phase_at_origin,ABCD,selection,1,13,spectral_core,local_partition_rf,0,0.03,0,0.03
3542,2020-10,2020-06,4,0,True,0.0,master,valid_observed_phase_at_origin,ABCD,selection,1,13,spectral_core,local_partition_rf,0,0.17,0,0.17
3543,2020-10,2020-06,4,0,True,0.0,master,valid_observed_phase_at_origin,ABCD,selection,1,13,spectral_core,local_partition_rf,0,0.04,0,0.04
3544,2020-10,2020-06,4,0,True,0.0,master,valid_observed_phase_at_origin,ABCD,selection,1,13,spectral_core,local_partition_rf,0,0.0,0,0.04
3545,2020-10,2020-06,4,0,True,0.0,master,valid_observed_phase_at_origin,ABCD,selection,1,13,spectral_core,local_partition_rf,0,0.1,0,0.23
3546,2020-10,2020-06,4,0,True,0.0,master,valid_observed_phase_at_origin,ABCD,selection,1,13,spectral_core,local_partition_rf,0,0.06,0,0.09
3547,2020-10,2020-06,4,0,True,0.0,master,valid_observed_phase_at_origin,ABCD,selection,1,13,spectral_core,local_partition_rf,0,0.03,0,0.2
3548,2020-10,2020-06,4,0,True,0.0,master,valid_observed_phase_at_origin,ABCD,selection,1,13,spectral_core,local_partition_rf,0,0.02,0,0.16
3549,2020-10,2020-06,4,0,True,0.0,master,valid_observed_phase_at_origin,ABCD,selection,1,13,spectral_core,local_partition_rf,0,0.05,0,0.23
3550,2020-10,2020-06,4,0,True,0.0,master,valid_observed_phase_at_origin,ABCD,selection,1,13,spectral_core,local_partition_rf,0,0.03,0,0.2
3551,2020-10,2020-06,4,0,True,0.0,master,valid_observed_phase_at_origin,ABCD,selection,1,13,spectral_core,local_partition_rf,0,0.03,0,0.22
3552,2020-10,2020-06,4,0,True,0.0,master,valid_observed_phase_at_origin,ABCD,selection,1,13,spectral_core,local_partition_rf,0,0.07,0,0.25
3553,2020-10,2020-06,4,0,True,0.0,master,valid_observed_phase_at_origin,ABCD,selection,1,13,spectral_core,local_partition_rf,0,0.03,0,0.17
3554,2020-10,2020-06,4,0,True,0.0,master,valid_observed_phase_at_origin,ABCD,selection,1,13,spectral_core,local_partition_rf,0,0.04,0,0.1
3555,2020-10,2020-06,4,1,True,1.0,master,valid_observed_phase_at_origin,ABCD,selection,1,13,spectral_core,local_partition_rf,0,0.24,0,0.39
3556,2020-10,2020-06,4,0,True,0.0,master,valid_observed_phase_at_origin,ABCD,selection,1,13,spectral_core,local_partition_rf,0,0.09,0,0.21
3557,2020-10,2020-06,4,0,True,0.0,master,valid_observed_phase_at_origin,ABCD,selection,1,13,spectral_core,local_partition_rf,0,0.05,0,0.12
3558,2020-10,2020-06,4,0,True,0.0,master,valid_observed_phase_at_origin,ABCD,selection,1,13,spectral_core,local_partition_rf,0,0.06,0,0.23
3559,2020-10,2020-06,4,0,True,0.0,master,valid_observed_phase_at_origin,ABCD,selection,1,13,spectral_core,local_partition_rf,0,0.07,0,0.07
3560,2020-10,2020-06,4,0,True,0.0,master,valid_observed_phase_at_origin,ABCD,selection,1,13,spectral_core,local_partition_rf,0,0.09,0,0.19
3561,2020-10,2020-06,4,0,True,0.0,master,valid_observed_phase_at_origin,ABCD,selection,1,13,spectral_core,local_partition_rf,0,0.05,0,0.12
3562,2020-10,2020-06,4,1,True,1.0,master,valid_observed_phase_at_origin,ABCD,selection,1,13,spectral_core,local_partition_rf,0,0.39,0,0.39
3563,2020-10,2020-06,4,0,True,0.0,master,valid_observed_phase_at_origin,ABCD,selection,1,13,spectral_core,local_partition_rf,0,0.1,0,0.13
3564,2020-10,2020-06,4,0,True,0.0,master,valid_observed_phase_at_origin,ABCD,selection,1,13,spectral_core,local_partition_rf,0,0.04,0,0.02
3565,2020-10,2020-06,4,0,True,0.0,master,valid_observed_phase_at_origin,ABCD,selection,1,13,spectral_core,local_partition_rf,0,0.22,0,0.25
3566,2020-10,2020-06,4,0,True,0.0,master,valid_observed_phase_at_origin,ABCD,selection,1,13,spectral_core,local_partition_rf,0,0.03,0,0.17
3567,2020-10,2020-06,4,0,True,0.0,master,valid_observed_phase_at_origin,ABCD,selection,1,13,spectral_core,local_partition_rf,0,0.06,0,0.17
3568,2020-10,2020-06,4,0,True,0.0,master,valid_observed_phase_at_origin,ABCD,selection,1,13,spectral_core,local_partition_rf,0,0.07,0,0.2
3569,2020-10,2020-06,4,0,True,0.0,master,valid_observed_phase_at_origin,ABCD,selection,1,13,spectral_core,local_partition_rf,0,0.12,0,0.19
3570,2020-10,2020-06,4,0,True,0.0,master,valid_observed_phase_at_origin,ABCD,selection,1,13,spectral_core,local_partition_rf,0,0.02,0,0.02
3571,2020-10,2020-06,4,0,True,0.0,master,valid_observed_phase_at_origin,ABCD,selection,1,13,spectral_core,local_partition_rf,0,0.05,0,0.08
3572,2020-10,2020-06,4,0,True,0.0,master,valid_observed_phase_at_origin,ABCD,selection,1,13,spectral_core,local_partition_rf,0,0.04,0,0.08
3573,2020-10,2020-06,4,0,True,0.0,master,valid_observed_phase_at_origin,ABCD,selection,1,13,spectral_core,local_partition_rf,0,0.03,0,0.07
3574,2020-10,2020-06,4,0,True,0.0,master,valid_observed_phase_at_origin,ABCD,selection,1,13,spectral_core,local_partition_rf,0,0.0,0,0.04
3575,2020-10,2020-06,4,0,True,0.0,master,valid_observed_phase_at_origin,ABCD,selection,1,13,spectral_core,local_partition_rf,0,0.08,0,0.12
3576,2020-10,2020-06,4,0,True,0.0,master,valid_observed_phase_at_origin,ABCD,selection,1,13,spectral_core,local_partition_rf,0,0.14,0,0.07
3577,2020-10,2020-06,4,0,True,0.0,master,valid_observed_phase_at_origin,ABCD,selection,1,13,spectral_core,local_partition_rf,0,0.05,0,0.07
3578,2020-10,2020-06,4,0,True,0.0,master,valid_observed_phase_at_origin,ABCD,selection,1,13,spectral_core,local_partition_rf,0,0.05,0,0.25
3579,2020-10,2020-06,4,0,True,0.0,master,valid_observed_phase_at_origin,ABCD,selection,1,13,spectral_core,local_partition_rf,0,0.07,0,0.2
3580,2020-10,2020-06,4,0,True,0.0,master,valid_observed_phase_at_origin,ABCD,selection,1,13,spectral_core,local_partition_rf,0,0.05,0,0.16
3581,2020-10,2020-06,4,0,True,0.0,master,valid_observed_phase_at_origin,ABCD,selection,1,13,spectral_core,local_partition_rf,0,0.07,0,0.07
3582,2020-10,2020-06,4,0,True,0.0,master,valid_observed_phase_at_origin,ABCD,selection,1,13,spectral_core,local_partition_rf,0,0.08,0,0.16
3583,2020-10,2020-06,4,0,True,0.0,master,valid_observed_phase_at_origin,ABCD,selection,1,13,spectral_core,local_partition_rf,0,0.03,0,0.06
3584,2020-10,2020-06,4,0,True,0.0,master,valid_observed_phase_at_origin,ABCD,selection,1,13,spectral_core,local_partition_rf,0,0.03,0,0.15
3585,2020-10,2020-06,4,0,True,0.0,master,valid_observed_phase_at_origin,ABCD,selection,1,13,spectral_core,local_partition_rf,0,0.07,0,0.07
3586,2020-10,2020-06,4,0,True,0.0,master,valid_observed_phase_at_origin,ABCD,selection,1,13,spectral_core,local_partition_rf,0,0.03,0,0.07
3587,2020-10,2020-06,4,0,True,0.0,master,valid_observed_phase_at_origin,ABCD,selection,1,13,spectral_core,local_partition_rf,0,0.09,0,0.08
3588,2020-10,2020-06,4,0,True,0.0,master,valid_observed_phase_at_origin,ABCD,selection,1,13,spectral_core,local_partition_rf,0,0.05,0,0.07
3589,2020-10,2020-06,4,0,True,0.0,master,valid_observed_phase_at_origin,ABCD,selection,1,13,spectral_core,local_partition_rf,0,0.02,0,0.06
3590,2020-10,2020-06,4,0,True,0.0,master,valid_observed_phase_at_origin,ABCD,selection,1,13,spectral_core,local_partition_rf,0,0.09,0,0.18
3591,2020-10,2020-06,4,0,True,0.0,master,valid_observed_phase_at_origin,ABCD,selection,1,13,spectral_core,local_partition_rf,0,0.09,0,0.05
3592,2020-10,2020-06,4,0,True,0.0,master,valid_observed_phase_at_origin,ABCD,selection,1,13,spectral_core,local_partition_rf,0,0.07,0,0.16
3593,2020-10,2020-06,4,0,True,0.0,master,valid_observed_phase_at_origin,ABCD,selection,1,13,spectral_core,local_partition_rf,0,0.06,0,0.17
3594,2020-10,2020-06,4,0,True,1.0,master,valid_observed_phase_at_origin,ABCD,selection,1,13,spectral_core,local_partition_rf,0,0.26,0,0.33
3595,2020-10,2020-06,4,0,True,0.0,master,valid_observed_phase_at_origin,ABCD,selection,1,13,spectral_core,local_partition_rf,0,0.01,0,0.05
3596,2020-10,2020-06,4,0,True,0.0,master,valid_observed_phase_at_origin,ABCD,selection,1,13,spectral_core,local_partition_rf,0,0.02,0,0.19
3597,2020-10,2020-06,4,0,True,0.0,master,valid_observed_phase_at_origin,ABCD,selection,1,13,spectral_core,local_partition_rf,0,0.06,0,0.17
3598,2020-10,2020-06,4,1,True,0.0,master,valid_observed_phase_at_origin,ABCD,selection,1,13,spectral_core,local_partition_rf,0,0.18,0,0.19
3599,2020-10,2020-06,4,0,True,0.0,master,valid_observed_phase_at_origin,ABCD,selection,1,13,spectral_core,local_partition_rf,0,0.07,0,0.15
3600,2020-10,2020-06,4,0,True,0.0,master,valid_observed_phase_at_origin,ABCD,selection,1,13,spectral_core,local_partition_rf,0,0.06,0,0.08
3601,2020-10,2020-06,4,0,True,0.0,master,valid_observed_phase_at_origin,ABCD,selection,1,13,spectral_core,local_partition_rf,0,0.12,0,0.25
3602,2020-10,2020-06,4,0,True,0.0,master,valid_observed_phase_at_origin,ABCD,selection,1,13,spectral_core,local_partition_rf,0,0.03,0,0.08
3603,2020-10,2020-06,4,0,True,0.0,master,valid_observed_phase_at_origin,ABCD,selection,1,13,spectral_core,local_partition_rf,0,0.07,0,0.04
3604,2020-10,2020-06,4,0,True,0.0,master,valid_observed_phase_at_origin,ABCD,selection,1,13,spectral_core,local_partition_rf,0,0.05,0,0.17
3605,2020-10,2020-06,4,0,True,0.0,master,valid_observed_phase_at_origin,ABCD,selection,1,13,spectral_core,local_partition_rf,0,0.06,0,0.18
3606,2020-10,2020-06,4,0,True,0.0,master,valid_observed_phase_at_origin,ABCD,selection,1,13,spectral_core,local_partition_rf,0,0.06,0,0.19
3607,2020-10,2020-06,4,0,True,0.0,master,valid_observed_phase_at_origin,ABCD,selection,1,13,spectral_core,local_partition_rf,0,0.04,0,0.18
3608,2020-10,2020-06,4,0,True,0.0,master,valid_observed_phase_at_origin,ABCD,selection,1,13,spectral_core,local_partition_rf,0,0.07,0,0.24
3609,2020-10,2020-06,4,0,True,0.0,master,valid_observed_phase_at_origin,ABCD,selection,1,13,spectral_core,local_partition_rf,0,0.09,0,0.13
3610,2020-10,2020-06,4,0,True,0.0,master,valid_observed_phase_at_origin,ABCD,selection,1,13,spectral_core,local_partition_rf,0,0.03,0,0.21
3611,2020-10,2020-06,4,0,True,0.0,master,valid_observed_phase_at_origin,ABCD,selection,1,13,spectral_core,local_partition_rf,0,0.03,0,0.05
3612,2020-10,2020-06,4,0,True,0.0,master,valid_observed_phase_at_origin,ABCD,selection,1,13,spectral_core,local_partition_rf,0,0.05,0,0.06
3613,2020-10,2020-06,4,0,True,0.0,master,valid_observed_phase_at_origin,ABCD,selection,1,13,spectral_core,local_partition_rf,0,0.06,0,0.06
3614,2020-10,2020-06,4,0,True,0.0,master,valid_observed_phase_at_origin,ABCD,selection,1,13,spectral_core,local_partition_rf,0,0.02,0,0.06
3615,2020-10,2020-06,4,0,True,0.0,master,valid_observed_phase_at_origin,ABCD,selection,1,13,spectral_core,local_partition_rf,0,0.06,0,0.19
3616,2020-10,2020-06,4,0,True,0.0,master,valid_observed_phase_at_origin,ABCD,selection,1,13,spectral_core,local_partition_rf,0,0.07,0,0.08
3617,2020-10,2020-06,4,0,True,0.0,master,valid_observed_phase_at_origin,ABCD,selection,1,13,spectral_core,local_partition_rf,0,0.07,0,0.08
3618,2020-10,2020-06,4,0,True,0.0,master,valid_observed_phase_at_origin,ABCD,selection,1,13,spectral_core,local_partition_rf,0,0.02,0,0.05
3619,2020-10,2020-06,4,0,True,0.0,master,valid_observed_phase_at_origin,ABCD,selection,1,13,spectral_core,local_partition_rf,0,0.05,0,0.1
3620,2020-10,2020-06,4,0,True,0.0,master,valid_observed_phase_at_origin,ABCD,selection,1,13,spectral_core,local_partition_rf,0,0.07,0,0.19
3621,2020-10,2020-06,4,0,True,0.0,master,valid_observed_phase_at_origin,ABCD,selection,1,13,spectral_core,local_partition_rf,0,0.03,0,0.07
3622,2020-10,2020-06,4,0,True,0.0,master,valid_observed_phase_at_origin,ABCD,selection,1,13,spectral_core,local_partition_rf,0,0.05,0,0.07
3623,2020-10,2020-06,4,0,True,0.0,master,valid_observed_phase_at_origin,ABCD,selection,1,13,spectral_core,local_partition_rf,0,0.01,0,0.03
3624,2020-10,2020-06,4,0,True,0.0,master,valid_observed_phase_at_origin,ABCD,selection,1,13,spectral_core,local_partition_rf,0,0.02,0,0.03
3625,2020-10,2020-06,4,0,True,0.0,master,valid_observed_phase_at_origin,ABCD,selection,1,13,spectral_core,local_partition_rf,0,0.03,0,0.05
3626,2020-10,2020-06,4,0,True,0.0,master,valid_observed_phase_at_origin,ABCD,selection,1,13,spectral_core,local_partition_rf,0,0.14,0,0.22
3627,2020-10,2020-06,4,1,True,1.0,master,valid_observed_phase_at_origin,ABCD,selection,1,13,spectral_core,local_partition_rf,0,0.41,0,0.39
3628,2020-10,2020-06,4,0,True,0.0,master,valid_observed_phase_at_origin,ABCD,selection,1,13,spectral_core,local_partition_rf,0,0.07,0,0.17
3629,2020-10,2020-06,4,0,True,0.0,master,valid_observed_phase_at_origin,ABCD,selection,1,13,spectral_core,local_partition_rf,0,0.13,0,0.25
3630,2020-10,2020-06,4,1,True,1.0,master,valid_observed_phase_at_origin,ABCD,selection,1,13,spectral_core,local_partition_rf,0,0.45,0,0.44
3631,2020-10,2020-06,4,1,True,1.0,master,valid_observed_phase_at_origin,ABCD,selection,1,13,spectral_core,local_partition_rf,0,0.43,0,0.4
3632,2020-10,2020-06,4,0,True,0.0,master,valid_observed_phase_at_origin,ABCD,selection,1,13,spectral_core,local_partition_rf,0,0.12,0,0.19
3633,2020-10,2020-06,4,0,True,0.0,master,valid_observed_phase_at_origin,ABCD,selection,1,13,spectral_core,local_partition_rf,0,0.12,0,0.18
3634,2020-10,2020-06,4,0,True,0.0,master,valid_observed_phase_at_origin,ABCD,selection,1,13,spectral_core,local_partition_rf,0,0.07,0,0.24
3635,2020-10,2020-06,4,0,True,0.0,master,valid_observed_phase_at_origin,ABCD,selection,1,0,spectral_core,local_partition_rf,0,0.3,0,0.21
3636,2020-10,2020-06,4,0,True,0.0,master,valid_observed_phase_at_origin,ABCD,selection,1,13,spectral_core,local_partition_rf,0,0.02,0,0.15
3637,2020-10,2020-06,4,0,True,0.0,master,valid_observed_phase_at_origin,ABCD,selection,1,13,spectral_core,local_partition_rf,0,0.06,0,0.22
3638,2020-10,2020-06,4,0,True,0.0,master,valid_observed_phase_at_origin,ABCD,selection,1,13,spectral_core,local_partition_rf,0,0.1,0,0.21
3639,2020-10,2020-06,4,0,True,0.0,master,valid_observed_phase_at_origin,ABCD,selection,1,0,spectral_core,local_partition_rf,0,0.21,0,0.37
3640,2020-10,2020-06,4,0,True,0.0,master,valid_observed_phase_at_origin,ABCD,selection,1,13,spectral_core,local_partition_rf,0,0.06,0,0.25
3641,2020-10,2020-06,4,0,True,0.0,master,valid_observed_phase_at_origin,ABCD,selection,1,13,spectral_core,local_partition_rf,0,0.08,0,0.19
3642,2020-10,2020-06,4,0,True,0.0,master,valid_observed_phase_at_origin,ABCD,selection,1,13,spectral_core,local_partition_rf,0,0.17,0,0.22
3643,2020-10,2020-06,4,0,True,0.0,master,valid_observed_phase_at_origin,ABCD,selection,1,13,spectral_core,local_partition_rf,0,0.13,0,0.27
3644,2020-10,2020-06,4,0,True,0.0,master,valid_observed_phase_at_origin,ABCD,selection,1,13,spectral_core,local_partition_rf,0,0.1,0,0.25
3645,2020-10,2020-06,4,0,True,0.0,master,valid_observed_phase_at_origin,ABCD,selection,1,13,spectral_core,local_partition_rf,0,0.19,0,0.25
3646,2020-10,2020-06,4,1,True,1.0,master,valid_observed_phase_at_origin,ABCD,selection,1,13,spectral_core,local_partition_rf,0,0.42,0,0.45
3647,2020-10,2020-06,4,0,True,0.0,master,valid_observed_phase_at_origin,ABCD,selection,1,13,spectral_core,local_partition_rf,0,0.08,0,0.24
3648,2020-10,2020-06,4,0,True,0.0,master,valid_observed_phase_at_origin,ABCD,selection,1,13,spectral_core,local_partition_rf,0,0.1,0,0.14
3649,2020-10,2020-06,4,1,True,1.0,master,valid_observed_phase_at_origin,ABCD,selection,1,13,spectral_core,local_partition_rf,0,0.29,0,0.37
3650,2020-10,2020-06,4,0,True,0.0,master,valid_observed_phase_at_origin,ABCD,selection,1,13,spectral_core,local_partition_rf,0,0.13,0,0.28
3651,2020-10,2020-06,4,0,True,0.0,master,valid_observed_phase_at_origin,ABCD,selection,1,13,spectral_core,local_partition_rf,0,0.16,0,0.24
3652,2020-10,2020-06,4,1,True,1.0,master,valid_observed_phase_at_origin,ABCD,selection,1,13,spectral_core,local_partition_rf,0,0.35,0,0.4
3653,2020-10,2020-06,4,0,True,0.0,master,valid_observed_phase_at_origin,ABCD,selection,1,13,spectral_core,local_partition_rf,0,0.08,0,0.19
3654,2020-10,2020-06,4,1,True,1.0,master,valid_observed_phase_at_origin,ABCD,selection,1,13,spectral_core,local_partition_rf,0,0.35,0,0.35
3670,2020-10,2020-06,4,0,True,0.0,master,valid_observed_phase_at_origin,ABCD,selection,1,3,spectral_core,local_partition_rf,0,0.06,0,0.11
3671,2020-10,2020-06,4,0,True,0.0,master,valid_observed_phase_at_origin,ABCD,selection,1,3,spectral_core,local_partition_rf,0,0.08,0,0.07
3672,2020-10,2020-06,4,0,True,0.0,master,valid_observed_phase_at_origin,ABCD,selection,1,3,spectral_core,local_partition_rf,0,0.04,0,0.12
3673,2020-10,2020-06,4,0,True,0.0,master,valid_observed_phase_at_origin,ABCD,selection,1,3,spectral_core,local_partition_rf,0,0.03,0,0.09
3674,2020-10,2020-06,4,0,True,0.0,master,valid_observed_phase_at_origin,ABCD,selection,1,3,spectral_core,local_partition_rf,0,0.05,0,0.09
3675,2020-10,2020-06,4,0,True,0.0,master,valid_observed_phase_at_origin,ABCD,selection,1,3,spectral_core,local_partition_rf,0,0.01,0,0.07
3676,2020-10,2020-06,4,1,True,1.0,master,valid_observed_phase_at_origin,ABCD,selection,1,4,spectral_core,local_partition_rf,1,0.64,1,0.68
3678,2020-10,2020-06,4,1,True,0.0,master,valid_observed_phase_at_origin,ABCD,selection,1,3,spectral_core,local_partition_rf,0,0.18,0,0.29
3679,2020-10,2020-06,4,0,True,0.0,master,valid_observed_phase_at_origin,ABCD,selection,1,3,spectral_core,local_partition_rf,0,0.14,0,0.3
3680,2020-10,2020-06,4,0,True,0.0,master,valid_observed_phase_at_origin,ABCD,selection,1,3,spectral_core,local_partition_rf,0,0.27,0,0.39
3681,2020-10,2020-06,4,1,True,1.0,master,valid_observed_phase_at_origin,ABCD,selection,1,3,spectral_core,local_partition_rf,0,0.49,1,0.6
3683,2020-10,2020-06,4,0,True,0.0,master,valid_observed_phase_at_origin,ABCD,selection,1,3,spectral_core,local_partition_rf,0,0.16,0,0.29
3684,2020-10,2020-06,4,0,True,0.0,master,valid_observed_phase_at_origin,ABCD,selection,1,3,spectral_core,local_partition_rf,0,0.2,0,0.31
3685,2020-10,2020-06,4,0,True,0.0,master,valid_observed_phase_at_origin,ABCD,selection,1,3,spectral_core,local_partition_rf,0,0.05,0,0.07
3686,2020-10,2020-06,4,0,True,0.0,master,valid_observed_phase_at_origin,ABCD,selection,1,3,spectral_core,local_partition_rf,0,0.04,0,0.07
3692,2020-10,2020-06,4,0,True,0.0,master,valid_observed_phase_at_origin,ABCD,selection,1,3,spectral_core,local_partition_rf,0,0.08,0,0.08
3726,2020-10,2020-06,4,0,True,0.0,master,valid_observed_phase_at_origin,ABCD,selection,1,4,spectral_core,local_partition_rf,0,0.03,0,0.08
3727,2020-10,2020-06,4,0,True,0.0,master,valid_observed_phase_at_origin,ABCD,selection,1,4,spectral_core,local_partition_rf,0,0.05,0,0.07
3729,2020-10,2020-06,4,0,True,0.0,master,valid_observed_phase_at_origin,ABCD,selection,1,3,spectral_core,local_partition_rf,0,0.01,0,0.2
3730,2020-10,2020-06,4,0,True,0.0,master,valid_observed_phase_at_origin,ABCD,selection,1,3,spectral_core,local_partition_rf,0,0.04,0,0.24
3731,2020-10,2020-06,4,0,True,0.0,master,valid_observed_phase_at_origin,ABCD,selection,1,3,spectral_core,local_partition_rf,0,0.02,0,0.22
3732,2020-10,2020-06,4,0,True,0.0,master,valid_observed_phase_at_origin,ABCD,selection,1,3,spectral_core,local_partition_rf,0,0.03,0,0.18
3733,2020-10,2020-06,4,0,True,0.0,master,valid_observed_phase_at_origin,ABCD,selection,1,3,spectral_core,local_partition_rf,0,0.01,0,0.17
3734,2020-10,2020-06,4,0,True,0.0,master,valid_observed_phase_at_origin,ABCD,selection,1,3,spectral_core,local_partition_rf,0,0.03,0,0.14
3735,2020-10,2020-06,4,0,True,0.0,master,valid_observed_phase_at_origin,ABCD,selection,1,3,spectral_core,local_partition_rf,0,0.02,0,0.14
3736,2020-10,2020-06,4,0,True,0.0,master,valid_observed_phase_at_origin,ABCD,selection,1,3,spectral_core,local_partition_rf,0,0.03,0,0.13
3737,2020-10,2020-06,4,0,True,0.0,master,valid_observed_phase_at_origin,ABCD,selection,1,3,spectral_core,local_partition_rf,0,0.04,0,0.14
3753,2020-10,2020-06,4,0,True,0.0,master,valid_observed_phase_at_origin,ABCD,selection,1,3,spectral_core,local_partition_rf,0,0.44,0,0.4
3758,2020-10,2020-06,4,0,True,0.0,master,valid_observed_phase_at_origin,ABCD,selection,1,3,spectral_core,local_partition_rf,0,0.06,0,0.14
3760,2020-10,2020-06,4,0,True,0.0,master,valid_observed_phase_at_origin,ABCD,selection,1,3,spectral_core,local_partition_rf,0,0.1,0,0.13
3761,2020-10,2020-06,4,0,True,0.0,master,valid_observed_phase_at_origin,ABCD,selection,1,3,spectral_core,local_partition_rf,0,0.05,0,0.09
3762,2020-10,2020-06,4,0,True,0.0,master,valid_observed_phase_at_origin,ABCD,selection,1,3,spectral_core,local_partition_rf,0,0.04,0,0.09
3776,2020-10,2020-06,4,0,True,0.0,master,valid_observed_phase_at_origin,ABCD,selection,1,3,spectral_core,local_partition_rf,0,0.11,0,0.11
3783,2020-10,2020-06,4,0,True,0.0,master,valid_observed_phase_at_origin,ABCD,selection,1,3,spectral_core,local_partition_rf,0,0.39,0,0.41
3788,2020-10,2020-06,4,0,True,0.0,master,valid_observed_phase_at_origin,ABCD,selection,1,3,spectral_core,local_partition_rf,0,0.48,0,0.43
3792,2020-10,2020-06,4,0,True,0.0,master,valid_observed_phase_at_origin,ABCD,selection,1,3,spectral_core,local_partition_rf,0,0.18,0,0.15
3798,2020-10,2020-06,4,0,True,0.0,master,valid_observed_phase_at_origin,ABCD,selection,1,3,spectral_core,local_partition_rf,0,0.12,0,0.15
3799,2020-10,2020-06,4,0,True,0.0,master,valid_observed_phase_at_origin,ABCD,selection,1,3,spectral_core,local_partition_rf,0,0.08,0,0.1
3800,2020-10,2020-06,4,0,True,1.0,master,valid_observed_phase_at_origin,ABCD,selection,1,3,spectral_core,local_partition_rf,1,0.77,1,0.78
3801,2020-10,2020-06,4,0,True,0.0,master,valid_observed_phase_at_origin,ABCD,selection,1,3,spectral_core,local_partition_rf,0,0.21,0,0.22
3805,2020-10,2020-06,4,0,True,0.0,master,valid_observed_phase_at_origin,ABCD,selection,1,3,spectral_core,local_partition_rf,0,0.39,0,0.45
3808,2020-10,2020-06,4,0,True,0.0,master,valid_observed_phase_at_origin,ABCD,selection,1,3,spectral_core,local_partition_rf,0,0.02,0,0.08
3809,2020-10,2020-06,4,0,True,0.0,master,valid_observed_phase_at_origin,ABCD,selection,1,3,spectral_core,local_partition_rf,0,0.05,0,0.08
3810,2020-10,2020-06,4,0,True,0.0,master,valid_observed_phase_at_origin,ABCD,selection,1,3,spectral_core,local_partition_rf,0,0.06,0,0.07
3811,2020-10,2020-06,4,0,True,0.0,master,valid_observed_phase_at_origin,ABCD,selection,1,3,spectral_core,local_partition_rf,0,0.01,0,0.04
3812,2020-10,2020-06,4,0,True,0.0,master,valid_observed_phase_at_origin,ABCD,selection,1,3,spectral_core,local_partition_rf,0,0.04,0,0.11
3813,2020-10,2020-06,4,0,True,0.0,master,valid_observed_phase_at_origin,ABCD,selection,1,3,spectral_core,local_partition_rf,0,0.04,0,0.1
3814,2020-10,2020-06,4,0,True,0.0,master,valid_observed_phase_at_origin,ABCD,selection,1,3,spectral_core,local_partition_rf,0,0.05,0,0.05
3817,2020-10,2020-06,4,0,True,0.0,master,valid_observed_phase_at_origin,ABCD,selection,1,3,spectral_core,local_partition_rf,0,0.02,0,0.09
3818,2020-10,2020-06,4,0,True,0.0,master,valid_observed_phase_at_origin,ABCD,selection,1,3,spectral_core,local_partition_rf,0,0.03,0,0.09
3819,2020-10,2020-06,4,0,True,0.0,master,valid_observed_phase_at_origin,ABCD,selection,1,-1,unassigned_nearest_donor_beyond_100km,pooled_unassigned_area,0,0.12,0,0.12
3820,2020-10,2020-06,4,1,True,1.0,master,valid_observed_phase_at_origin,ABCD,selection,1,3,spectral_core,local_partition_rf,0,0.48,1,0.57
3821,2020-10,2020-06,4,0,True,0.0,master,valid_observed_phase_at_origin,ABCD,selection,1,3,spectral_core,local_partition_rf,0,0.09,0,0.07
3822,2020-10,2020-06,4,0,True,0.0,master,valid_observed_phase_at_origin,ABCD,selection,1,3,spectral_core,local_partition_rf,0,0.06,0,0.12
3823,2020-10,2020-06,4,1,True,0.0,master,valid_observed_phase_at_origin,ABCD,selection,1,3,spectral_core,local_partition_rf,0,0.26,0,0.35
3824,2020-10,2020-06,4,0,True,0.0,master,valid_observed_phase_at_origin,ABCD,selection,1,3,spectral_core,local_partition_rf,0,0.06,0,0.06
3825,2020-10,2020-06,4,0,True,0.0,master,valid_observed_phase_at_origin,ABCD,selection,1,3,spectral_core,local_partition_rf,0,0.06,0,0.13
3826,2020-10,2020-06,4,0,True,0.0,master,valid_observed_phase_at_origin,ABCD,selection,1,3,spectral_core,local_partition_rf,0,0.05,0,0.16
3827,2020-10,2020-06,4,0,True,0.0,master,valid_observed_phase_at_origin,ABCD,selection,1,3,spectral_core,local_partition_rf,0,0.09,0,0.17
3828,2020-10,2020-06,4,1,True,1.0,master,valid_observed_phase_at_origin,ABCD,selection,1,3,spectral_core,local_partition_rf,1,0.62,1,0.61
3829,2020-10,2020-06,4,0,True,0.0,master,valid_observed_phase_at_origin,ABCD,selection,1,3,spectral_core,local_partition_rf,0,0.03,0,0.09
3830,2020-10,2020-06,4,1,True,0.0,master,valid_observed_phase_at_origin,ABCD,selection,1,3,spectral_core,local_partition_rf,0,0.19,0,0.26
3831,2020-10,2020-06,4,0,True,0.0,master,valid_observed_phase_at_origin,ABCD,selection,1,3,spectral_core,local_partition_rf,0,0.02,0,0.08
3832,2020-10,2020-06,4,0,True,0.0,master,valid_observed_phase_at_origin,ABCD,selection,1,3,spectral_core,local_partition_rf,0,0.05,0,0.09
3833,2020-10,2020-06,4,0,True,0.0,master,valid_observed_phase_at_origin,ABCD,selection,1,3,spectral_core,local_partition_rf,0,0.03,0,0.07
3834,2020-10,2020-06,4,0,True,0.0,master,valid_observed_phase_at_origin,ABCD,selection,1,3,spectral_core,local_partition_rf,0,0.03,0,0.03
3835,2020-10,2020-06,4,0,True,0.0,master,valid_observed_phase_at_origin,ABCD,selection,1,3,spectral_core,local_partition_rf,0,0.06,0,0.12
3836,2020-10,2020-06,4,0,True,0.0,master,valid_observed_phase_at_origin,ABCD,selection,1,3,spectral_core,local_partition_rf,0,0.03,0,0.05
3837,2020-10,2020-06,4,0,True,0.0,master,valid_observed_phase_at_origin,ABCD,selection,1,3,spectral_core,local_partition_rf,0,0.02,0,0.1
3838,2020-10,2020-06,4,0,True,0.0,master,valid_observed_phase_at_origin,ABCD,selection,1,3,spectral_core,local_partition_rf,0,0.03,0,0.11
3839,2020-10,2020-06,4,1,True,1.0,master,valid_observed_phase_at_origin,ABCD,selection,1,3,spectral_core,local_partition_rf,1,0.57,1,0.64
3840,2020-10,2020-06,4,0,True,0.0,master,valid_observed_phase_at_origin,ABCD,selection,1,3,spectral_core,local_partition_rf,0,0.04,0,0.06
3841,2020-10,2020-06,4,0,True,0.0,master,valid_observed_phase_at_origin,ABCD,selection,1,3,spectral_core,local_partition_rf,0,0.02,0,0.06
3842,2020-10,2020-06,4,0,True,0.0,master,valid_observed_phase_at_origin,ABCD,selection,1,3,spectral_core,local_partition_rf,0,0.05,0,0.06
3848,2020-10,2020-06,4,0,True,0.0,master,valid_observed_phase_at_origin,ABCD,selection,1,3,spectral_core,local_partition_rf,0,0.37,1,0.53
3849,2020-10,2020-06,4,0,True,0.0,master,valid_observed_phase_at_origin,ABCD,selection,1,3,completed_nearest_donor,local_partition_rf,0,0.4,1,0.52
3850,2020-10,2020-06,4,0,True,0.0,master,valid_observed_phase_at_origin,ABCD,selection,1,3,spectral_core,local_partition_rf,0,0.44,0,0.44
3851,2020-10,2020-06,4,1,True,0.0,master,valid_observed_phase_at_origin,ABCD,selection,1,3,completed_nearest_donor,local_partition_rf,0,0.35,0,0.4
3852,2020-10,2020-06,4,0,True,0.0,master,valid_observed_phase_at_origin,ABCD,selection,1,3,spectral_core,local_partition_rf,0,0.44,0,0.47
3853,2020-10,2020-06,4,0,True,0.0,master,valid_observed_phase_at_origin,ABCD,selection,1,3,spectral_core,local_partition_rf,0,0.13,0,0.13
3854,2020-10,2020-06,4,1,True,1.0,master,valid_observed_phase_at_origin,ABCD,selection,1,3,spectral_core,local_partition_rf,1,0.6,1,0.72
3855,2020-10,2020-06,4,0,True,0.0,master,valid_observed_phase_at_origin,ABCD,selection,1,3,spectral_core,local_partition_rf,0,0.41,0,0.43
3856,2020-10,2020-06,4,1,True,0.0,master,valid_observed_phase_at_origin,ABCD,selection,1,3,completed_nearest_donor,local_partition_rf,0,0.35,1,0.51
3857,2020-10,2020-06,4,1,True,1.0,master,valid_observed_phase_at_origin,ABCD,selection,1,3,spectral_core,local_partition_rf,1,0.52,1,0.71
3858,2020-10,2020-06,4,1,True,0.0,master,valid_observed_phase_at_origin,ABCD,selection,1,3,spectral_core,local_partition_rf,0,0.36,0,0.43
3859,2020-10,2020-06,4,0,True,0.0,master,valid_observed_phase_at_origin,ABCD,selection,1,3,spectral_core,local_partition_rf,0,0.13,0,0.21
3860,2020-10,2020-06,4,1,True,0.0,master,valid_observed_phase_at_origin,ABCD,selection,1,3,spectral_core,local_partition_rf,0,0.38,0,0.43
3861,2020-10,2020-06,4,0,True,0.0,master,valid_observed_phase_at_origin,ABCD,selection,1,3,spectral_core,local_partition_rf,0,0.31,0,0.46
3862,2020-10,2020-06,4,1,True,0.0,master,valid_observed_phase_at_origin,ABCD,selection,1,3,spectral_core,local_partition_rf,0,0.23,0,0.27
3863,2020-10,2020-06,4,0,True,0.0,master,valid_observed_phase_at_origin,ABCD,selection,1,3,spectral_core,local_partition_rf,0,0.22,0,0.31
3864,2020-10,2020-06,4,0,True,0.0,master,valid_observed_phase_at_origin,ABCD,selection,1,3,spectral_core,local_partition_rf,0,0.18,0,0.31
3865,2020-10,2020-06,4,0,True,0.0,master,valid_observed_phase_at_origin,ABCD,selection,1,3,spectral_core,local_partition_rf,0,0.25,0,0.33
3866,2020-10,2020-06,4,0,True,0.0,master,valid_observed_phase_at_origin,ABCD,selection,1,3,spectral_core,local_partition_rf,0,0.09,0,0.18
3867,2020-10,2020-06,4,0,True,0.0,master,valid_observed_phase_at_origin,ABCD,selection,1,3,spectral_core,local_partition_rf,0,0.08,0,0.09
3868,2020-10,2020-06,4,0,True,0.0,master,valid_observed_phase_at_origin,ABCD,selection,1,3,spectral_core,local_partition_rf,0,0.36,0,0.41
3869,2020-10,2020-06,4,1,True,0.0,master,valid_observed_phase_at_origin,ABCD,selection,1,4,spectral_core,local_partition_rf,1,0.61,0,0.49
3870,2020-10,2020-06,4,0,True,0.0,master,valid_observed_phase_at_origin,ABCD,selection,1,4,spectral_core,local_partition_rf,0,0.17,0,0.18
3871,2020-10,2020-06,4,1,True,1.0,master,valid_observed_phase_at_origin,ABCD,selection,1,4,spectral_core,local_partition_rf,1,0.69,1,0.71
3872,2020-10,2020-06,4,0,True,0.0,master,valid_observed_phase_at_origin,ABCD,selection,1,3,spectral_core,local_partition_rf,0,0.12,0,0.15
3873,2020-10,2020-06,4,0,True,0.0,master,valid_observed_phase_at_origin,ABCD,selection,1,3,spectral_core,local_partition_rf,0,0.04,0,0.12
3874,2020-10,2020-06,4,0,True,0.0,master,valid_observed_phase_at_origin,ABCD,selection,1,3,spectral_core,local_partition_rf,0,0.06,0,0.19
3875,2020-10,2020-06,4,1,True,0.0,master,valid_observed_phase_at_origin,ABCD,selection,1,3,spectral_core,local_partition_rf,0,0.18,0,0.29
3878,2020-10,2020-06,4,0,True,0.0,master,valid_observed_phase_at_origin,ABCD,selection,1,3,spectral_core,local_partition_rf,0,0.37,0,0.43
3879,2020-10,2020-06,4,0,True,0.0,master,valid_observed_phase_at_origin,ABCD,selection,1,3,spectral_core,local_partition_rf,0,0.44,0,0.46
3880,2020-10,2020-06,4,1,True,0.0,master,valid_observed_phase_at_origin,ABCD,selection,1,3,spectral_core,local_partition_rf,0,0.4,0,0.43
3881,2020-10,2020-06,4,0,True,0.0,master,valid_observed_phase_at_origin,ABCD,selection,1,3,spectral_core,local_partition_rf,0,0.36,1,0.51
3882,2020-10,2020-06,4,1,True,1.0,master,valid_observed_phase_at_origin,ABCD,selection,1,3,spectral_core,local_partition_rf,1,0.55,1,0.66
3883,2020-10,2020-06,4,0,True,0.0,master,valid_observed_phase_at_origin,ABCD,selection,1,3,spectral_core,local_partition_rf,0,0.06,0,0.14
3884,2020-10,2020-06,4,0,True,0.0,master,valid_observed_phase_at_origin,ABCD,selection,1,3,spectral_core,local_partition_rf,0,0.14,0,0.17
3885,2020-10,2020-06,4,0,True,0.0,master,valid_observed_phase_at_origin,ABCD,selection,1,3,spectral_core,local_partition_rf,0,0.11,0,0.12
3886,2020-10,2020-06,4,0,True,0.0,master,valid_observed_phase_at_origin,ABCD,selection,1,3,spectral_core,local_partition_rf,0,0.09,0,0.09
3887,2020-10,2020-06,4,0,True,0.0,master,valid_observed_phase_at_origin,ABCD,selection,1,3,spectral_core,local_partition_rf,0,0.18,0,0.21
3888,2020-10,2020-06,4,0,True,0.0,master,valid_observed_phase_at_origin,ABCD,selection,1,3,spectral_core,local_partition_rf,0,0.36,0,0.49
3889,2020-10,2020-06,4,0,True,0.0,master,valid_observed_phase_at_origin,ABCD,selection,1,4,spectral_core,local_partition_rf,1,0.53,0,0.37
3890,2020-10,2020-06,4,0,True,0.0,master,valid_observed_phase_at_origin,ABCD,selection,1,4,spectral_core,local_partition_rf,1,0.54,0,0.42
3891,2020-10,2020-06,4,0,True,0.0,master,valid_observed_phase_at_origin,ABCD,selection,1,4,spectral_core,local_partition_rf,0,0.49,0,0.44
3894,2020-10,2020-06,4,0,True,0.0,master,valid_observed_phase_at_origin,ABCD,selection,1,4,completed_nearest_donor,local_partition_rf,0,0.2,0,0.16
3895,2020-10,2020-06,4,0,True,0.0,master,valid_observed_phase_at_origin,ABCD,selection,1,4,spectral_core,local_partition_rf,0,0.22,0,0.19
3896,2020-10,2020-06,4,0,True,0.0,master,valid_observed_phase_at_origin,ABCD,selection,1,4,spectral_core,local_partition_rf,0,0.11,0,0.16
3897,2020-10,2020-06,4,0,True,0.0,master,valid_observed_phase_at_origin,ABCD,selection,1,4,spectral_core,local_partition_rf,0,0.14,0,0.14
3898,2020-10,2020-06,4,0,True,0.0,master,valid_observed_phase_at_origin,ABCD,selection,1,4,spectral_core,local_partition_rf,0,0.24,0,0.24
3899,2020-10,2020-06,4,0,True,0.0,master,valid_observed_phase_at_origin,ABCD,selection,1,4,spectral_core,local_partition_rf,0,0.17,0,0.14
3900,2020-10,2020-06,4,1,True,1.0,master,valid_observed_phase_at_origin,ABCD,selection,1,3,spectral_core,local_partition_rf,0,0.49,1,0.61
3901,2020-10,2020-06,4,0,True,0.0,master,valid_observed_phase_at_origin,ABCD,selection,1,3,spectral_core,local_partition_rf,0,0.29,0,0.37
3902,2020-10,2020-06,4,1,True,1.0,master,valid_observed_phase_at_origin,ABCD,selection,1,3,spectral_core,local_partition_rf,1,0.66,1,0.7
3903,2020-10,2020-06,4,1,True,0.0,master,valid_observed_phase_at_origin,ABCD,selection,1,3,spectral_core,local_partition_rf,0,0.34,0,0.4
3904,2020-10,2020-06,4,0,True,0.0,master,valid_observed_phase_at_origin,ABCD,selection,1,4,spectral_core,local_partition_rf,0,0.42,0,0.4
3905,2020-10,2020-06,4,1,True,1.0,master,valid_observed_phase_at_origin,ABCD,selection,1,3,spectral_core,local_partition_rf,1,0.58,1,0.78
3906,2020-10,2020-06,4,1,True,1.0,master,valid_observed_phase_at_origin,ABCD,selection,1,3,spectral_core,local_partition_rf,1,0.66,1,0.62
3907,2020-10,2020-06,4,0,True,0.0,master,valid_observed_phase_at_origin,ABCD,selection,1,4,spectral_core,local_partition_rf,0,0.27,0,0.32
3908,2020-10,2020-06,4,0,True,0.0,master,valid_observed_phase_at_origin,ABCD,selection,1,4,spectral_core,local_partition_rf,0,0.27,0,0.27
3909,2020-10,2020-06,4,1,True,1.0,master,valid_observed_phase_at_origin,ABCD,selection,1,4,spectral_core,local_partition_rf,1,0.64,1,0.7
3910,2020-10,2020-06,4,0,True,0.0,master,valid_observed_phase_at_origin,ABCD,selection,1,4,spectral_core,local_partition_rf,0,0.15,0,0.08
3911,2020-10,2020-06,4,1,True,1.0,master,valid_observed_phase_at_origin,ABCD,selection,1,4,spectral_core,local_partition_rf,1,0.56,1,0.7
3912,2020-10,2020-06,4,1,True,1.0,master,valid_observed_phase_at_origin,ABCD,selection,1,4,spectral_core,local_partition_rf,1,0.61,1,0.63
3913,2020-10,2020-06,4,1,True,1.0,master,valid_observed_phase_at_origin,ABCD,selection,1,3,spectral_core,local_partition_rf,1,0.58,1,0.72
3914,2020-10,2020-06,4,0,True,0.0,master,valid_observed_phase_at_origin,ABCD,selection,1,4,spectral_core,local_partition_rf,0,0.22,0,0.12
3927,2020-10,2020-06,4,1,True,1.0,master,valid_observed_phase_at_origin,ABCD,selection,1,4,spectral_core,local_partition_rf,1,0.62,1,0.65
3928,2020-10,2020-06,4,1,True,1.0,master,valid_observed_phase_at_origin,ABCD,selection,1,4,spectral_core,local_partition_rf,1,0.54,1,0.64
3929,2020-10,2020-06,4,0,True,0.0,master,valid_observed_phase_at_origin,ABCD,selection,1,3,spectral_core,local_partition_rf,0,0.04,0,0.11
3930,2020-10,2020-06,4,0,True,0.0,master,valid_observed_phase_at_origin,ABCD,selection,1,3,spectral_core,local_partition_rf,0,0.0,0,0.05
3931,2020-10,2020-06,4,0,True,0.0,master,valid_observed_phase_at_origin,ABCD,selection,1,3,spectral_core,local_partition_rf,0,0.02,0,0.05
3932,2020-10,2020-06,4,0,True,0.0,master,valid_observed_phase_at_origin,ABCD,selection,1,3,spectral_core,local_partition_rf,0,0.06,0,0.11
3933,2020-10,2020-06,4,0,True,0.0,master,valid_observed_phase_at_origin,ABCD,selection,1,3,spectral_core,local_partition_rf,0,0.08,0,0.15
3934,2020-10,2020-06,4,0,True,0.0,master,valid_observed_phase_at_origin,ABCD,selection,1,4,spectral_core,local_partition_rf,0,0.13,0,0.06
3935,2020-10,2020-06,4,0,True,0.0,master,valid_observed_phase_at_origin,ABCD,selection,1,3,spectral_core,local_partition_rf,0,0.01,0,0.06
3936,2020-10,2020-06,4,0,True,0.0,master,valid_observed_phase_at_origin,ABCD,selection,1,-1,unassigned_nearest_donor_beyond_100km,pooled_unassigned_area,0,0.13,0,0.13
3937,2020-10,2020-06,4,1,True,1.0,master,valid_observed_phase_at_origin,ABCD,selection,1,4,spectral_core,local_partition_rf,1,0.61,1,0.68
3938,2020-10,2020-06,4,1,True,1.0,master,valid_observed_phase_at_origin,ABCD,selection,1,4,spectral_core,local_partition_rf,1,0.54,1,0.66
3939,2020-10,2020-06,4,0,True,0.0,master,valid_observed_phase_at_origin,ABCD,selection,1,3,spectral_core,local_partition_rf,0,0.04,0,0.1
3940,2020-10,2020-06,4,0,True,0.0,master,valid_observed_phase_at_origin,ABCD,selection,1,4,spectral_core,local_partition_rf,0,0.03,0,0.1
3941,2020-10,2020-06,4,0,True,0.0,master,valid_observed_phase_at_origin,ABCD,selection,1,4,spectral_core,local_partition_rf,0,0.04,0,0.17
3942,2020-10,2020-06,4,0,True,0.0,master,valid_observed_phase_at_origin,ABCD,selection,1,4,spectral_core,local_partition_rf,0,0.02,0,0.12
3943,2020-10,2020-06,4,0,True,0.0,master,valid_observed_phase_at_origin,ABCD,selection,1,4,spectral_core,local_partition_rf,0,0.02,0,0.12
3944,2020-10,2020-06,4,0,True,0.0,master,valid_observed_phase_at_origin,ABCD,selection,1,4,spectral_core,local_partition_rf,0,0.05,0,0.1
3945,2020-10,2020-06,4,1,True,0.0,master,valid_observed_phase_at_origin,ABCD,selection,1,4,spectral_core,local_partition_rf,1,0.52,0,0.46
3946,2020-10,2020-06,4,0,True,0.0,master,valid_observed_phase_at_origin,ABCD,selection,1,4,spectral_core,local_partition_rf,0,0.03,0,0.1
3947,2020-10,2020-06,4,0,True,0.0,master,valid_observed_phase_at_origin,ABCD,selection,1,3,spectral_core,local_partition_rf,0,0.04,0,0.04
3948,2020-10,2020-06,4,0,True,0.0,master,valid_observed_phase_at_origin,ABCD,selection,1,4,spectral_core,local_partition_rf,0,0.03,0,0.15
3949,2020-10,2020-06,4,0,True,0.0,master,valid_observed_phase_at_origin,ABCD,selection,1,3,spectral_core,local_partition_rf,0,0.09,0,0.08
3955,2020-10,2020-06,4,0,True,0.0,master,valid_observed_phase_at_origin,ABCD,selection,1,4,spectral_core,local_partition_rf,0,0.23,0,0.17
3956,2020-10,2020-06,4,0,True,0.0,master,valid_observed_phase_at_origin,ABCD,selection,1,4,spectral_core,local_partition_rf,0,0.1,0,0.13
3957,2020-10,2020-06,4,0,True,0.0,master,valid_observed_phase_at_origin,ABCD,selection,1,4,spectral_core,local_partition_rf,0,0.04,0,0.12
3958,2020-10,2020-06,4,0,True,0.0,master,valid_observed_phase_at_origin,ABCD,selection,1,4,spectral_core,local_partition_rf,0,0.04,0,0.12
3959,2020-10,2020-06,4,0,True,0.0,master,valid_observed_phase_at_origin,ABCD,selection,1,4,spectral_core,local_partition_rf,0,0.13,0,0.14
3960,2020-10,2020-06,4,0,True,0.0,master,valid_observed_phase_at_origin,ABCD,selection,1,4,spectral_core,local_partition_rf,0,0.01,0,0.02
3961,2020-10,2020-06,4,1,True,0.0,master,valid_observed_phase_at_origin,ABCD,selection,1,2,spectral_core,local_partition_rf,1,0.58,0,0.46
3962,2020-10,2020-06,4,0,True,0.0,master,valid_observed_phase_at_origin,ABCD,selection,1,4,spectral_core,local_partition_rf,0,0.03,0,0.05
3963,2020-10,2020-06,4,0,True,0.0,master,valid_observed_phase_at_origin,ABCD,selection,1,2,spectral_core,local_partition_rf,1,0.56,0,0.39
3964,2020-10,2020-06,4,0,True,0.0,master,valid_observed_phase_at_origin,ABCD,selection,1,4,spectral_core,local_partition_rf,0,0.11,0,0.11
3965,2020-10,2020-06,4,0,True,0.0,master,valid_observed_phase_at_origin,ABCD,selection,1,4,spectral_core,local_partition_rf,0,0.03,0,0.11
3966,2020-10,2020-06,4,0,True,0.0,master,valid_observed_phase_at_origin,ABCD,selection,1,4,spectral_core,local_partition_rf,0,0.34,0,0.39
3967,2020-10,2020-06,4,1,True,0.0,master,valid_observed_phase_at_origin,ABCD,selection,1,4,spectral_core,local_partition_rf,0,0.45,0,0.42
3968,2020-10,2020-06,4,0,True,0.0,master,valid_observed_phase_at_origin,ABCD,selection,1,4,spectral_core,local_partition_rf,0,0.1,0,0.18
3969,2020-10,2020-06,4,0,True,0.0,master,valid_observed_phase_at_origin,ABCD,selection,1,4,spectral_core,local_partition_rf,0,0.03,0,0.09
3970,2020-10,2020-06,4,1,True,0.0,master,valid_observed_phase_at_origin,ABCD,selection,1,2,spectral_core,local_partition_rf,1,0.64,0,0.36
3971,2020-10,2020-06,4,1,True,0.0,master,valid_observed_phase_at_origin,ABCD,selection,1,4,spectral_core,local_partition_rf,0,0.31,0,0.4
3972,2020-10,2020-06,4,1,True,0.0,master,valid_observed_phase_at_origin,ABCD,selection,1,12,spectral_core,local_partition_rf,0,0.44,0,0.39
3973,2020-10,2020-06,4,1,True,1.0,master,valid_observed_phase_at_origin,ABCD,selection,1,2,spectral_core,local_partition_rf,1,0.78,1,0.63
3974,2020-10,2020-06,4,1,True,0.0,master,valid_observed_phase_at_origin,ABCD,selection,1,4,spectral_core,local_partition_rf,0,0.36,0,0.38
3975,2020-10,2020-06,4,0,True,0.0,master,valid_observed_phase_at_origin,ABCD,selection,1,4,spectral_core,local_partition_rf,1,0.57,0,0.48
3976,2020-10,2020-06,4,0,True,0.0,master,valid_observed_phase_at_origin,ABCD,selection,1,3,spectral_core,local_partition_rf,0,0.38,0,0.43
3977,2020-10,2020-06,4,0,True,0.0,master,valid_observed_phase_at_origin,ABCD,selection,1,4,spectral_core,local_partition_rf,1,0.62,0,0.44
3978,2020-10,2020-06,4,0,True,0.0,master,valid_observed_phase_at_origin,ABCD,selection,1,4,spectral_core,local_partition_rf,1,0.59,0,0.47
3979,2020-10,2020-06,4,1,True,0.0,master,valid_observed_phase_at_origin,ABCD,selection,1,4,spectral_core,local_partition_rf,1,0.55,0,0.43
3980,2020-10,2020-06,4,0,True,0.0,master,valid_observed_phase_at_origin,ABCD,selection,1,4,spectral_core,local_partition_rf,1,0.53,1,0.54
3981,2020-10,2020-06,4,0,True,0.0,master,valid_observed_phase_at_origin,ABCD,selection,1,4,spectral_core,local_partition_rf,0,0.03,0,0.09
3982,2020-10,2020-06,4,0,True,0.0,master,valid_observed_phase_at_origin,ABCD,selection,1,4,spectral_core,local_partition_rf,0,0.15,0,0.23
3983,2020-10,2020-06,4,1,True,1.0,master,valid_observed_phase_at_origin,ABCD,selection,1,4,spectral_core,local_partition_rf,1,0.62,1,0.66
3984,2020-10,2020-06,4,0,True,0.0,master,valid_observed_phase_at_origin,ABCD,selection,1,4,spectral_core,local_partition_rf,0,0.03,0,0.11
3985,2020-10,2020-06,4,1,True,0.0,master,valid_observed_phase_at_origin,ABCD,selection,1,4,spectral_core,local_partition_rf,1,0.62,0,0.47
3986,2020-10,2020-06,4,0,True,0.0,master,valid_observed_phase_at_origin,ABCD,selection,1,3,spectral_core,local_partition_rf,0,0.05,0,0.09
3987,2020-10,2020-06,4,0,True,1.0,master,valid_observed_phase_at_origin,ABCD,selection,1,4,spectral_core,local_partition_rf,1,0.7,1,0.68
3988,2020-10,2020-06,4,0,True,0.0,master,valid_observed_phase_at_origin,ABCD,selection,1,4,spectral_core,local_partition_rf,0,0.17,0,0.22
3989,2020-10,2020-06,4,1,True,1.0,master,valid_observed_phase_at_origin,ABCD,selection,1,4,spectral_core,local_partition_rf,1,0.65,1,0.64
3990,2020-10,2020-06,4,0,True,0.0,master,valid_observed_phase_at_origin,ABCD,selection,1,4,spectral_core,local_partition_rf,0,0.19,0,0.18
3991,2020-10,2020-06,4,1,True,0.0,master,valid_observed_phase_at_origin,ABCD,selection,1,4,spectral_core,local_partition_rf,0,0.49,0,0.48
3992,2020-10,2020-06,4,0,True,0.0,master,valid_observed_phase_at_origin,ABCD,selection,1,4,spectral_core,local_partition_rf,1,0.59,0,0.46
3993,2020-10,2020-06,4,0,True,0.0,master,valid_observed_phase_at_origin,ABCD,selection,1,4,spectral_core,local_partition_rf,0,0.49,0,0.47
3994,2020-10,2020-06,4,0,True,0.0,master,valid_observed_phase_at_origin,ABCD,selection,1,4,spectral_core,local_partition_rf,0,0.47,0,0.37
3995,2020-10,2020-06,4,0,True,0.0,master,valid_observed_phase_at_origin,ABCD,selection,1,4,spectral_core,local_partition_rf,0,0.35,0,0.33
3996,2020-10,2020-06,4,1,True,0.0,master,valid_observed_phase_at_origin,ABCD,selection,1,4,spectral_core,local_partition_rf,1,0.51,0,0.39
3997,2020-10,2020-06,4,1,True,0.0,master,valid_observed_phase_at_origin,ABCD,selection,1,4,spectral_core,local_partition_rf,0,0.39,0,0.37
3998,2020-10,2020-06,4,1,True,0.0,master,valid_observed_phase_at_origin,ABCD,selection,1,4,spectral_core,local_partition_rf,0,0.31,0,0.38
3999,2020-10,2020-06,4,1,True,1.0,master,valid_observed_phase_at_origin,ABCD,selection,1,4,spectral_core,local_partition_rf,1,0.59,1,0.67
4000,2020-10,2020-06,4,0,True,0.0,master,valid_observed_phase_at_origin,ABCD,selection,1,7,spectral_core,local_partition_rf,0,0.07,0,0.17
4001,2020-10,2020-06,4,0,True,0.0,master,valid_observed_phase_at_origin,ABCD,selection,1,7,spectral_core,local_partition_rf,0,0.07,0,0.14
4002,2020-10,2020-06,4,0,True,0.0,master,valid_observed_phase_at_origin,ABCD,selection,1,2,spectral_core,local_partition_rf,0,0.11,0,0.13
4003,2020-10,2020-06,4,0,True,0.0,master,valid_observed_phase_at_origin,ABCD,selection,1,7,spectral_core,local_partition_rf,0,0.13,0,0.2
4004,2020-10,2020-06,4,0,True,0.0,master,valid_observed_phase_at_origin,ABCD,selection,1,7,spectral_core,local_partition_rf,0,0.04,0,0.08
4005,2020-10,2020-06,4,0,True,0.0,master,valid_observed_phase_at_origin,ABCD,selection,1,7,spectral_core,local_partition_rf,0,0.03,0,0.09
4006,2020-10,2020-06,4,0,True,0.0,master,valid_observed_phase_at_origin,ABCD,selection,1,8,spectral_core,local_partition_rf,0,0.18,0,0.06
4007,2020-10,2020-06,4,0,True,0.0,master,valid_observed_phase_at_origin,ABCD,selection,1,8,spectral_core,local_partition_rf,0,0.17,0,0.12
4008,2020-10,2020-06,4,0,True,0.0,master,valid_observed_phase_at_origin,ABCD,selection,1,7,spectral_core,local_partition_rf,0,0.04,0,0.05
4009,2020-10,2020-06,4,0,True,0.0,master,valid_observed_phase_at_origin,ABCD,selection,1,7,spectral_core,local_partition_rf,0,0.02,0,0.07
4010,2020-10,2020-06,4,0,True,0.0,master,valid_observed_phase_at_origin,ABCD,selection,1,8,spectral_core,local_partition_rf,0,0.17,0,0.09
4011,2020-10,2020-06,4,0,True,0.0,master,valid_observed_phase_at_origin,ABCD,selection,1,7,spectral_core,local_partition_rf,0,0.06,0,0.16
4012,2020-10,2020-06,4,0,True,0.0,master,valid_observed_phase_at_origin,ABCD,selection,1,7,spectral_core,local_partition_rf,0,0.09,0,0.18
4013,2020-10,2020-06,4,0,True,0.0,master,valid_observed_phase_at_origin,ABCD,selection,1,7,spectral_core,local_partition_rf,0,0.06,0,0.11
4014,2020-10,2020-06,4,0,True,0.0,master,valid_observed_phase_at_origin,ABCD,selection,1,7,spectral_core,local_partition_rf,0,0.04,0,0.07
4015,2020-10,2020-06,4,0,True,0.0,master,valid_observed_phase_at_origin,ABCD,selection,1,7,spectral_core,local_partition_rf,0,0.09,0,0.1
4016,2020-10,2020-06,4,0,True,0.0,master,valid_observed_phase_at_origin,ABCD,selection,1,7,spectral_core,local_partition_rf,0,0.06,0,0.13
4017,2020-10,2020-06,4,0,True,0.0,master,valid_observed_phase_at_origin,ABCD,selection,1,7,spectral_core,local_partition_rf,0,0.11,0,0.21
4018,2020-10,2020-06,4,0,True,0.0,master,valid_observed_phase_at_origin,ABCD,selection,1,8,spectral_core,local_partition_rf,0,0.18,0,0.15
4019,2020-10,2020-06,4,0,True,0.0,master,valid_observed_phase_at_origin,ABCD,selection,1,7,spectral_core,local_partition_rf,0,0.04,0,0.12
4020,2020-10,2020-06,4,0,True,0.0,master,valid_observed_phase_at_origin,ABCD,selection,1,7,spectral_core,local_partition_rf,0,0.1,0,0.06
4021,2020-10,2020-06,4,0,True,0.0,master,valid_observed_phase_at_origin,ABCD,selection,1,8,spectral_core,local_partition_rf,0,0.12,0,0.16
4022,2020-10,2020-06,4,0,True,0.0,master,valid_observed_phase_at_origin,ABCD,selection,1,7,spectral_core,local_partition_rf,0,0.06,0,0.16
4023,2020-10,2020-06,4,0,True,0.0,master,valid_observed_phase_at_origin,ABCD,selection,1,7,spectral_core,local_partition_rf,0,0.13,0,0.19
4024,2020-10,2020-06,4,0,True,0.0,master,valid_observed_phase_at_origin,ABCD,selection,1,7,spectral_core,local_partition_rf,0,0.08,0,0.14
4025,2020-10,2020-06,4,0,True,0.0,master,valid_observed_phase_at_origin,ABCD,selection,1,7,spectral_core,local_partition_rf,0,0.11,0,0.22
4026,2020-10,2020-06,4,0,True,0.0,master,valid_observed_phase_at_origin,ABCD,selection,1,8,spectral_core,local_partition_rf,0,0.15,0,0.14
4027,2020-10,2020-06,4,0,True,0.0,master,valid_observed_phase_at_origin,ABCD,selection,1,8,spectral_core,local_partition_rf,0,0.21,0,0.12
4028,2020-10,2020-06,4,1,True,1.0,master,valid_observed_phase_at_origin,ABCD,selection,1,8,spectral_core,local_partition_rf,0,0.34,0,0.32
4029,2020-10,2020-06,4,1,True,1.0,master,valid_observed_phase_at_origin,ABCD,selection,1,8,spectral_core,local_partition_rf,0,0.36,0,0.33
4030,2020-10,2020-06,4,0,True,0.0,master,valid_observed_phase_at_origin,ABCD,selection,1,2,spectral_core,local_partition_rf,0,0.06,0,0.07
4031,2020-10,2020-06,4,0,True,0.0,master,valid_observed_phase_at_origin,ABCD,selection,1,2,spectral_core,local_partition_rf,0,0.06,0,0.03
4032,2020-10,2020-06,4,0,True,0.0,master,valid_observed_phase_at_origin,ABCD,selection,1,7,spectral_core,local_partition_rf,0,0.04,0,0.1
4033,2020-10,2020-06,4,0,True,0.0,master,valid_observed_phase_at_origin,ABCD,selection,1,8,spectral_core,local_partition_rf,0,0.13,0,0.08
4034,2020-10,2020-06,4,0,True,0.0,master,valid_observed_phase_at_origin,ABCD,selection,1,7,spectral_core,local_partition_rf,0,0.08,0,0.06
4035,2020-10,2020-06,4,0,True,0.0,master,valid_observed_phase_at_origin,ABCD,selection,1,7,spectral_core,local_partition_rf,0,0.05,0,0.04
4036,2020-10,2020-06,4,0,True,0.0,master,valid_observed_phase_at_origin,ABCD,selection,1,7,spectral_core,local_partition_rf,0,0.05,0,0.04
4037,2020-10,2020-06,4,0,True,0.0,master,valid_observed_phase_at_origin,ABCD,selection,1,8,spectral_core,local_partition_rf,0,0.26,0,0.1
4038,2020-10,2020-06,4,0,True,0.0,master,valid_observed_phase_at_origin,ABCD,selection,1,7,spectral_core,local_partition_rf,0,0.02,0,0.01
4039,2020-10,2020-06,4,0,True,0.0,master,valid_observed_phase_at_origin,ABCD,selection,1,7,spectral_core,local_partition_rf,0,0.03,0,0.02
4040,2020-10,2020-06,4,0,True,0.0,master,valid_observed_phase_at_origin,ABCD,selection,1,7,spectral_core,local_partition_rf,0,0.04,0,0.0
4041,2020-10,2020-06,4,0,True,0.0,master,valid_observed_phase_at_origin,ABCD,selection,1,7,spectral_core,local_partition_rf,0,0.03,0,0.03
4042,2020-10,2020-06,4,1,True,1.0,master,valid_observed_phase_at_origin,ABCD,selection,1,15,spectral_core,local_partition_rf,0,0.35,0,0.37
4043,2020-10,2020-06,4,1,True,1.0,master,valid_observed_phase_at_origin,ABCD,selection,1,8,spectral_core,local_partition_rf,0,0.37,0,0.37
4044,2020-10,2020-06,4,0,True,0.0,master,valid_observed_phase_at_origin,ABCD,selection,1,2,spectral_core,local_partition_rf,0,0.05,0,0.13
4045,2020-10,2020-06,4,1,True,1.0,master,valid_observed_phase_at_origin,ABCD,selection,1,8,spectral_core,local_partition_rf,0,0.38,0,0.34
4046,2020-10,2020-06,4,1,True,1.0,master,valid_observed_phase_at_origin,ABCD,selection,1,8,spectral_core,local_partition_rf,0,0.4,0,0.33
4047,2020-10,2020-06,4,0,True,0.0,master,valid_observed_phase_at_origin,ABCD,selection,1,15,spectral_core,local_partition_rf,0,0.24,0,0.1
4048,2020-10,2020-06,4,1,True,1.0,master,valid_observed_phase_at_origin,ABCD,selection,1,8,spectral_core,local_partition_rf,0,0.42,0,0.31
4049,2020-10,2020-06,4,1,True,1.0,master,valid_observed_phase_at_origin,ABCD,selection,1,8,spectral_core,local_partition_rf,0,0.37,0,0.4
4050,2020-10,2020-06,4,0,True,0.0,master,valid_observed_phase_at_origin,ABCD,selection,1,7,spectral_core,local_partition_rf,0,0.07,0,0.03
4051,2020-10,2020-06,4,0,True,0.0,master,valid_observed_phase_at_origin,ABCD,selection,1,7,spectral_core,local_partition_rf,0,0.03,0,0.02
4052,2020-10,2020-06,4,0,True,0.0,master,valid_observed_phase_at_origin,ABCD,selection,1,2,spectral_core,local_partition_rf,0,0.09,0,0.07
4053,2020-10,2020-06,4,0,True,0.0,master,valid_observed_phase_at_origin,ABCD,selection,1,7,spectral_core,local_partition_rf,0,0.03,0,0.17
4054,2020-10,2020-06,4,0,True,0.0,master,valid_observed_phase_at_origin,ABCD,selection,1,7,spectral_core,local_partition_rf,0,0.02,0,0.13
4055,2020-10,2020-06,4,0,True,0.0,master,valid_observed_phase_at_origin,ABCD,selection,1,7,spectral_core,local_partition_rf,0,0.12,0,0.06
4056,2020-10,2020-06,4,0,True,0.0,master,valid_observed_phase_at_origin,ABCD,selection,1,7,spectral_core,local_partition_rf,0,0.13,0,0.03
4057,2020-10,2020-06,4,0,True,0.0,master,valid_observed_phase_at_origin,ABCD,selection,1,7,spectral_core,local_partition_rf,0,0.1,0,0.08
4058,2020-10,2020-06,4,1,True,0.0,master,valid_observed_phase_at_origin,ABCD,selection,1,7,spectral_core,local_partition_rf,0,0.07,0,0.12
4059,2020-10,2020-06,4,0,True,0.0,master,valid_observed_phase_at_origin,ABCD,selection,1,7,spectral_core,local_partition_rf,0,0.09,0,0.05
4060,2020-10,2020-06,4,1,True,1.0,master,valid_observed_phase_at_origin,ABCD,selection,1,7,spectral_core,local_partition_rf,0,0.27,0,0.37
4061,2020-10,2020-06,4,0,True,0.0,master,valid_observed_phase_at_origin,ABCD,selection,1,7,spectral_core,local_partition_rf,0,0.11,0,0.08
4062,2020-10,2020-06,4,0,True,0.0,master,valid_observed_phase_at_origin,ABCD,selection,1,7,spectral_core,local_partition_rf,0,0.06,0,0.07
4063,2020-10,2020-06,4,0,True,0.0,master,valid_observed_phase_at_origin,ABCD,selection,1,7,spectral_core,local_partition_rf,0,0.08,0,0.04
4064,2020-10,2020-06,4,0,True,0.0,master,valid_observed_phase_at_origin,ABCD,selection,1,7,spectral_core,local_partition_rf,0,0.1,0,0.07
4065,2020-10,2020-06,4,1,True,1.0,master,valid_observed_phase_at_origin,ABCD,selection,1,7,spectral_core,local_partition_rf,0,0.19,0,0.34
4066,2020-10,2020-06,4,0,True,0.0,master,valid_observed_phase_at_origin,ABCD,selection,1,7,spectral_core,local_partition_rf,0,0.06,0,0.07
4067,2020-10,2020-06,4,0,True,0.0,master,valid_observed_phase_at_origin,ABCD,selection,1,7,spectral_core,local_partition_rf,0,0.08,0,0.11
4068,2020-10,2020-06,4,0,True,0.0,master,valid_observed_phase_at_origin,ABCD,selection,1,7,spectral_core,local_partition_rf,0,0.09,0,0.06
4069,2020-10,2020-06,4,1,True,1.0,master,valid_observed_phase_at_origin,ABCD,selection,1,7,spectral_core,local_partition_rf,0,0.33,0,0.39
4070,2020-10,2020-06,4,0,True,0.0,master,valid_observed_phase_at_origin,ABCD,selection,1,7,spectral_core,local_partition_rf,0,0.03,0,0.02
4071,2020-10,2020-06,4,0,True,0.0,master,valid_observed_phase_at_origin,ABCD,selection,1,7,spectral_core,local_partition_rf,0,0.12,0,0.09
4072,2020-10,2020-06,4,0,True,0.0,master,valid_observed_phase_at_origin,ABCD,selection,1,7,spectral_core,local_partition_rf,0,0.04,0,0.04
4073,2020-10,2020-06,4,0,True,0.0,master,valid_observed_phase_at_origin,ABCD,selection,1,7,spectral_core,local_partition_rf,0,0.09,0,0.04
4074,2020-10,2020-06,4,0,True,0.0,master,valid_observed_phase_at_origin,ABCD,selection,1,7,spectral_core,local_partition_rf,0,0.08,0,0.11
4075,2020-10,2020-06,4,0,True,0.0,master,valid_observed_phase_at_origin,ABCD,selection,1,7,spectral_core,local_partition_rf,0,0.07,0,0.1
4076,2020-10,2020-06,4,0,True,0.0,master,valid_observed_phase_at_origin,ABCD,selection,1,7,spectral_core,local_partition_rf,0,0.04,0,0.03
4077,2020-10,2020-06,4,1,True,0.0,master,valid_observed_phase_at_origin,ABCD,selection,1,7,spectral_core,local_partition_rf,0,0.32,0,0.15
4078,2020-10,2020-06,4,0,True,0.0,master,valid_observed_phase_at_origin,ABCD,selection,1,7,spectral_core,local_partition_rf,0,0.02,0,0.04
4079,2020-10,2020-06,4,1,True,0.0,master,valid_observed_phase_at_origin,ABCD,selection,1,7,spectral_core,local_partition_rf,0,0.08,0,0.1
4080,2020-10,2020-06,4,0,True,0.0,master,valid_observed_phase_at_origin,ABCD,selection,1,7,spectral_core,local_partition_rf,0,0.06,0,0.05
4081,2020-10,2020-06,4,1,True,1.0,master,valid_observed_phase_at_origin,ABCD,selection,1,7,spectral_core,local_partition_rf,0,0.1,0,0.33
4082,2020-10,2020-06,4,0,True,0.0,master,valid_observed_phase_at_origin,ABCD,selection,1,7,spectral_core,local_partition_rf,0,0.07,0,0.02
4083,2020-10,2020-06,4,0,True,0.0,master,valid_observed_phase_at_origin,ABCD,selection,1,7,spectral_core,local_partition_rf,0,0.1,0,0.1
4084,2020-10,2020-06,4,0,True,0.0,master,valid_observed_phase_at_origin,ABCD,selection,1,7,spectral_core,local_partition_rf,0,0.08,0,0.06
4085,2020-10,2020-06,4,0,True,0.0,master,valid_observed_phase_at_origin,ABCD,selection,1,7,spectral_core,local_partition_rf,0,0.04,0,0.04
4086,2020-10,2020-06,4,0,True,0.0,master,valid_observed_phase_at_origin,ABCD,selection,1,7,spectral_core,local_partition_rf,0,0.05,0,0.02
4087,2020-10,2020-06,4,0,True,0.0,master,valid_observed_phase_at_origin,ABCD,selection,1,7,spectral_core,local_partition_rf,0,0.09,0,0.03
4088,2020-10,2020-06,4,1,True,1.0,master,valid_observed_phase_at_origin,ABCD,selection,1,7,spectral_core,local_partition_rf,0,0.12,0,0.3
4089,2020-10,2020-06,4,0,True,0.0,master,valid_observed_phase_at_origin,ABCD,selection,1,7,spectral_core,local_partition_rf,0,0.11,0,0.09
4090,2020-10,2020-06,4,0,True,0.0,master,valid_observed_phase_at_origin,ABCD,selection,1,7,spectral_core,local_partition_rf,0,0.11,0,0.09
4091,2020-10,2020-06,4,0,True,0.0,master,valid_observed_phase_at_origin,ABCD,selection,1,7,spectral_core,local_partition_rf,0,0.03,0,0.02
4092,2020-10,2020-06,4,0,True,0.0,master,valid_observed_phase_at_origin,ABCD,selection,1,7,spectral_core,local_partition_rf,0,0.09,0,0.03
4093,2020-10,2020-06,4,0,True,0.0,master,valid_observed_phase_at_origin,ABCD,selection,1,7,spectral_core,local_partition_rf,0,0.04,0,0.07
4094,2020-10,2020-06,4,0,True,0.0,master,valid_observed_phase_at_origin,ABCD,selection,1,7,spectral_core,local_partition_rf,0,0.03,0,0.07
4095,2020-10,2020-06,4,0,True,0.0,master,valid_observed_phase_at_origin,ABCD,selection,1,7,spectral_core,local_partition_rf,0,0.09,0,0.06
4096,2020-10,2020-06,4,0,True,0.0,master,valid_observed_phase_at_origin,ABCD,selection,1,7,spectral_core,local_partition_rf,0,0.12,0,0.07
4097,2020-10,2020-06,4,1,True,1.0,master,valid_observed_phase_at_origin,ABCD,selection,1,7,spectral_core,local_partition_rf,0,0.15,0,0.29
4098,2020-10,2020-06,4,0,True,0.0,master,valid_observed_phase_at_origin,ABCD,selection,1,7,spectral_core,local_partition_rf,0,0.1,0,0.07
4099,2020-10,2020-06,4,0,True,0.0,master,valid_observed_phase_at_origin,ABCD,selection,1,7,spectral_core,local_partition_rf,0,0.09,0,0.05
4100,2020-10,2020-06,4,0,True,0.0,master,valid_observed_phase_at_origin,ABCD,selection,1,7,spectral_core,local_partition_rf,0,0.03,0,0.02
4101,2020-10,2020-06,4,1,True,0.0,master,valid_observed_phase_at_origin,ABCD,selection,1,7,spectral_core,local_partition_rf,0,0.08,0,0.09
4102,2020-10,2020-06,4,1,True,1.0,master,valid_observed_phase_at_origin,ABCD,selection,1,7,spectral_core,local_partition_rf,0,0.11,0,0.28
4103,2020-10,2020-06,4,1,True,1.0,master,valid_observed_phase_at_origin,ABCD,selection,1,7,spectral_core,local_partition_rf,0,0.26,0,0.34
4104,2020-10,2020-06,4,0,True,0.0,master,valid_observed_phase_at_origin,ABCD,selection,1,7,spectral_core,local_partition_rf,0,0.25,0,0.14
4105,2020-10,2020-06,4,1,True,1.0,master,valid_observed_phase_at_origin,ABCD,selection,1,7,spectral_core,local_partition_rf,0,0.1,0,0.31
4106,2020-10,2020-06,4,0,True,0.0,master,valid_observed_phase_at_origin,ABCD,selection,1,7,spectral_core,local_partition_rf,0,0.14,0,0.06
4107,2020-10,2020-06,4,1,True,0.0,master,valid_observed_phase_at_origin,ABCD,selection,1,7,spectral_core,local_partition_rf,0,0.31,0,0.17
4108,2020-10,2020-06,4,0,True,0.0,master,valid_observed_phase_at_origin,ABCD,selection,1,7,spectral_core,local_partition_rf,0,0.04,0,0.04
4109,2020-10,2020-06,4,1,True,0.0,master,valid_observed_phase_at_origin,ABCD,selection,1,7,spectral_core,local_partition_rf,0,0.08,0,0.03
4110,2020-10,2020-06,4,0,True,0.0,master,valid_observed_phase_at_origin,ABCD,selection,1,7,spectral_core,local_partition_rf,0,0.07,0,0.07
4111,2020-10,2020-06,4,0,True,0.0,master,valid_observed_phase_at_origin,ABCD,selection,1,7,spectral_core,local_partition_rf,0,0.03,0,0.06
4112,2020-10,2020-06,4,0,True,0.0,master,valid_observed_phase_at_origin,ABCD,selection,1,7,spectral_core,local_partition_rf,0,0.05,0,0.02
4113,2020-10,2020-06,4,1,True,1.0,master,valid_observed_phase_at_origin,ABCD,selection,1,7,spectral_core,local_partition_rf,0,0.13,0,0.27
4114,2020-10,2020-06,4,0,True,0.0,master,valid_observed_phase_at_origin,ABCD,selection,1,7,spectral_core,local_partition_rf,0,0.06,0,0.03
4115,2020-10,2020-06,4,0,True,0.0,master,valid_observed_phase_at_origin,ABCD,selection,1,7,spectral_core,local_partition_rf,0,0.07,0,0.13
4116,2020-10,2020-06,4,0,True,0.0,master,valid_observed_phase_at_origin,ABCD,selection,1,15,spectral_core,local_partition_rf,0,0.12,0,0.06
4117,2020-10,2020-06,4,0,True,0.0,master,valid_observed_phase_at_origin,ABCD,selection,1,15,spectral_core,local_partition_rf,0,0.12,0,0.06
4118,2020-10,2020-06,4,0,True,0.0,master,valid_observed_phase_at_origin,ABCD,selection,1,15,spectral_core,local_partition_rf,0,0.16,0,0.09
4119,2020-10,2020-06,4,0,True,0.0,master,valid_observed_phase_at_origin,ABCD,selection,1,15,spectral_core,local_partition_rf,0,0.14,0,0.02
4120,2020-10,2020-06,4,0,True,0.0,master,valid_observed_phase_at_origin,ABCD,selection,1,15,spectral_core,local_partition_rf,0,0.13,0,0.03
4121,2020-10,2020-06,4,0,True,0.0,master,valid_observed_phase_at_origin,ABCD,selection,1,15,spectral_core,local_partition_rf,0,0.14,0,0.04
4122,2020-10,2020-06,4,0,True,0.0,master,valid_observed_phase_at_origin,ABCD,selection,1,15,spectral_core,local_partition_rf,0,0.1,0,0.06
4123,2020-10,2020-06,4,0,True,0.0,master,valid_observed_phase_at_origin,ABCD,selection,1,15,spectral_core,local_partition_rf,0,0.07,0,0.02
4124,2020-10,2020-06,4,0,True,0.0,master,valid_observed_phase_at_origin,ABCD,selection,1,15,spectral_core,local_partition_rf,0,0.1,0,0.08
4125,2020-10,2020-06,4,0,True,0.0,master,valid_observed_phase_at_origin,ABCD,selection,1,7,spectral_core,local_partition_rf,0,0.09,0,0.17
4126,2020-10,2020-06,4,0,True,0.0,master,valid_observed_phase_at_origin,ABCD,selection,1,7,spectral_core,local_partition_rf,0,0.25,0,0.19
4127,2020-10,2020-06,4,0,True,0.0,master,valid_observed_phase_at_origin,ABCD,selection,1,7,spectral_core,local_partition_rf,0,0.02,0,0.03
4128,2020-10,2020-06,4,0,True,0.0,master,valid_observed_phase_at_origin,ABCD,selection,1,7,spectral_core,local_partition_rf,0,0.03,0,0.04
4129,2020-10,2020-06,4,0,True,0.0,master,valid_observed_phase_at_origin,ABCD,selection,1,7,spectral_core,local_partition_rf,0,0.05,0,0.05
4130,2020-10,2020-06,4,0,True,0.0,master,valid_observed_phase_at_origin,ABCD,selection,1,15,spectral_core,local_partition_rf,0,0.1,0,0.12
4131,2020-10,2020-06,4,0,True,0.0,master,valid_observed_phase_at_origin,ABCD,selection,1,2,spectral_core,local_partition_rf,0,0.06,0,0.03
4132,2020-10,2020-06,4,0,True,0.0,master,valid_observed_phase_at_origin,ABCD,selection,1,15,spectral_core,local_partition_rf,0,0.16,0,0.04
4133,2020-10,2020-06,4,0,True,0.0,master,valid_observed_phase_at_origin,ABCD,selection,1,15,spectral_core,local_partition_rf,0,0.16,0,0.09
4134,2020-10,2020-06,4,0,True,0.0,master,valid_observed_phase_at_origin,ABCD,selection,1,15,spectral_core,local_partition_rf,0,0.15,0,0.05
4135,2020-10,2020-06,4,0,True,0.0,master,valid_observed_phase_at_origin,ABCD,selection,1,15,spectral_core,local_partition_rf,0,0.13,0,0.09
4136,2020-10,2020-06,4,0,True,0.0,master,valid_observed_phase_at_origin,ABCD,selection,1,15,spectral_core,local_partition_rf,0,0.15,0,0.04
4137,2020-10,2020-06,4,0,True,0.0,master,valid_observed_phase_at_origin,ABCD,selection,1,15,spectral_core,local_partition_rf,0,0.12,0,0.08
4138,2020-10,2020-06,4,0,True,0.0,master,valid_observed_phase_at_origin,ABCD,selection,1,15,spectral_core,local_partition_rf,0,0.15,0,0.04
4139,2020-10,2020-06,4,0,True,0.0,master,valid_observed_phase_at_origin,ABCD,selection,1,15,spectral_core,local_partition_rf,0,0.13,0,0.02
4140,2020-10,2020-06,4,0,True,0.0,master,valid_observed_phase_at_origin,ABCD,selection,1,15,spectral_core,local_partition_rf,0,0.15,0,0.03
4141,2020-10,2020-06,4,0,True,0.0,master,valid_observed_phase_at_origin,ABCD,selection,1,7,spectral_core,local_partition_rf,0,0.02,0,0.07
4142,2020-10,2020-06,4,0,True,0.0,master,valid_observed_phase_at_origin,ABCD,selection,1,7,spectral_core,local_partition_rf,0,0.02,0,0.02
4143,2020-10,2020-06,4,0,True,0.0,master,valid_observed_phase_at_origin,ABCD,selection,1,7,spectral_core,local_partition_rf,0,0.04,0,0.1
4144,2020-10,2020-06,4,0,True,0.0,master,valid_observed_phase_at_origin,ABCD,selection,1,7,spectral_core,local_partition_rf,0,0.03,0,0.05
4145,2020-10,2020-06,4,0,True,0.0,master,valid_observed_phase_at_origin,ABCD,selection,1,7,spectral_core,local_partition_rf,0,0.06,0,0.02
4146,2020-10,2020-06,4,0,True,0.0,master,valid_observed_phase_at_origin,ABCD,selection,1,15,spectral_core,local_partition_rf,0,0.15,0,0.04
4147,2020-10,2020-06,4,0,True,0.0,master,valid_observed_phase_at_origin,ABCD,selection,1,15,spectral_core,local_partition_rf,0,0.2,0,0.03
4148,2020-10,2020-06,4,0,True,0.0,master,valid_observed_phase_at_origin,ABCD,selection,1,15,spectral_core,local_partition_rf,0,0.15,0,0.06
4149,2020-10,2020-06,4,0,True,0.0,master,valid_observed_phase_at_origin,ABCD,selection,1,15,spectral_core,local_partition_rf,0,0.09,0,0.04
4150,2020-10,2020-06,4,0,True,0.0,master,valid_observed_phase_at_origin,ABCD,selection,1,15,spectral_core,local_partition_rf,0,0.1,0,0.04
4151,2020-10,2020-06,4,0,True,0.0,master,valid_observed_phase_at_origin,ABCD,selection,1,15,spectral_core,local_partition_rf,0,0.13,0,0.01
4152,2020-10,2020-06,4,0,True,0.0,master,valid_observed_phase_at_origin,ABCD,selection,1,15,spectral_core,local_partition_rf,0,0.15,0,0.05
4153,2020-10,2020-06,4,0,True,0.0,master,valid_observed_phase_at_origin,ABCD,selection,1,15,spectral_core,local_partition_rf,0,0.1,0,0.03
4154,2020-10,2020-06,4,0,True,0.0,master,valid_observed_phase_at_origin,ABCD,selection,1,15,spectral_core,local_partition_rf,0,0.13,0,0.01
4155,2020-10,2020-06,4,0,True,0.0,master,valid_observed_phase_at_origin,ABCD,selection,1,15,spectral_core,local_partition_rf,0,0.14,0,0.04
4156,2020-10,2020-06,4,0,True,0.0,master,valid_observed_phase_at_origin,ABCD,selection,1,15,spectral_core,local_partition_rf,0,0.16,0,0.06
4157,2020-10,2020-06,4,0,True,0.0,master,valid_observed_phase_at_origin,ABCD,selection,1,15,spectral_core,local_partition_rf,0,0.11,0,0.03
4158,2020-10,2020-06,4,0,True,0.0,master,valid_observed_phase_at_origin,ABCD,selection,1,15,spectral_core,local_partition_rf,0,0.11,0,0.03
4159,2020-10,2020-06,4,0,True,0.0,master,valid_observed_phase_at_origin,ABCD,selection,1,15,spectral_core,local_partition_rf,0,0.11,0,0.02
4160,2020-10,2020-06,4,0,True,0.0,master,valid_observed_phase_at_origin,ABCD,selection,1,15,spectral_core,local_partition_rf,0,0.09,0,0.02
4161,2020-10,2020-06,4,0,True,0.0,master,valid_observed_phase_at_origin,ABCD,selection,1,15,spectral_core,local_partition_rf,0,0.11,0,0.01
4162,2020-10,2020-06,4,0,True,0.0,master,valid_observed_phase_at_origin,ABCD,selection,1,15,spectral_core,local_partition_rf,0,0.1,0,0.04
4163,2020-10,2020-06,4,0,True,0.0,master,valid_observed_phase_at_origin,ABCD,selection,1,15,spectral_core,local_partition_rf,0,0.13,0,0.02
4164,2020-10,2020-06,4,0,True,0.0,master,valid_observed_phase_at_origin,ABCD,selection,1,15,spectral_core,local_partition_rf,0,0.08,0,0.03
4165,2020-10,2020-06,4,0,True,0.0,master,valid_observed_phase_at_origin,ABCD,selection,1,15,spectral_core,local_partition_rf,0,0.11,0,0.03
4166,2020-10,2020-06,4,0,True,0.0,master,valid_observed_phase_at_origin,ABCD,selection,1,15,spectral_core,local_partition_rf,0,0.2,0,0.1
4167,2020-10,2020-06,4,0,True,0.0,master,valid_observed_phase_at_origin,ABCD,selection,1,15,spectral_core,local_partition_rf,0,0.16,0,0.09
4168,2020-10,2020-06,4,0,True,0.0,master,valid_observed_phase_at_origin,ABCD,selection,1,8,spectral_core,local_partition_rf,0,0.16,0,0.07
4169,2020-10,2020-06,4,0,True,0.0,master,valid_observed_phase_at_origin,ABCD,selection,1,15,spectral_core,local_partition_rf,0,0.14,0,0.04
4170,2020-10,2020-06,4,0,True,0.0,master,valid_observed_phase_at_origin,ABCD,selection,1,15,spectral_core,local_partition_rf,0,0.17,0,0.05
4171,2020-10,2020-06,4,0,True,0.0,master,valid_observed_phase_at_origin,ABCD,selection,1,15,spectral_core,local_partition_rf,0,0.16,0,0.13
4172,2020-10,2020-06,4,0,True,0.0,master,valid_observed_phase_at_origin,ABCD,selection,1,15,spectral_core,local_partition_rf,0,0.13,0,0.06
4173,2020-10,2020-06,4,0,True,1.0,master,valid_observed_phase_at_origin,ABCD,selection,1,15,spectral_core,local_partition_rf,0,0.39,0,0.33
4174,2020-10,2020-06,4,0,True,0.0,master,valid_observed_phase_at_origin,ABCD,selection,1,8,spectral_core,local_partition_rf,0,0.18,0,0.1
4175,2020-10,2020-06,4,0,True,1.0,master,valid_observed_phase_at_origin,ABCD,selection,1,15,spectral_core,local_partition_rf,0,0.37,0,0.41
4176,2020-10,2020-06,4,0,True,0.0,master,valid_observed_phase_at_origin,ABCD,selection,1,15,spectral_core,local_partition_rf,0,0.09,0,0.05
4177,2020-10,2020-06,4,1,True,1.0,master,valid_observed_phase_at_origin,ABCD,selection,1,8,spectral_core,local_partition_rf,0,0.37,0,0.3
4178,2020-10,2020-06,4,0,True,0.0,master,valid_observed_phase_at_origin,ABCD,selection,1,15,spectral_core,local_partition_rf,0,0.14,0,0.13
4179,2020-10,2020-06,4,0,True,0.0,master,valid_observed_phase_at_origin,ABCD,selection,1,15,spectral_core,local_partition_rf,0,0.15,0,0.08
4180,2020-10,2020-06,4,0,True,0.0,master,valid_observed_phase_at_origin,ABCD,selection,1,8,spectral_core,local_partition_rf,0,0.18,0,0.07
4181,2020-10,2020-06,4,0,True,0.0,master,valid_observed_phase_at_origin,ABCD,selection,1,15,spectral_core,local_partition_rf,0,0.15,0,0.07
4182,2020-10,2020-06,4,0,True,0.0,master,valid_observed_phase_at_origin,ABCD,selection,1,15,spectral_core,local_partition_rf,0,0.15,0,0.12
4183,2020-10,2020-06,4,0,True,0.0,master,valid_observed_phase_at_origin,ABCD,selection,1,15,spectral_core,local_partition_rf,0,0.11,0,0.03
4184,2020-10,2020-06,4,0,True,0.0,master,valid_observed_phase_at_origin,ABCD,selection,1,15,spectral_core,local_partition_rf,0,0.11,0,0.09
4185,2020-10,2020-06,4,0,True,0.0,master,valid_observed_phase_at_origin,ABCD,selection,1,15,spectral_core,local_partition_rf,0,0.11,0,0.06
4186,2020-10,2020-06,4,0,True,0.0,master,valid_observed_phase_at_origin,ABCD,selection,1,15,spectral_core,local_partition_rf,0,0.14,0,0.06
4187,2020-10,2020-06,4,0,True,0.0,master,valid_observed_phase_at_origin,ABCD,selection,1,15,spectral_core,local_partition_rf,0,0.14,0,0.06
4188,2020-10,2020-06,4,0,True,0.0,master,valid_observed_phase_at_origin,ABCD,selection,1,15,spectral_core,local_partition_rf,0,0.18,0,0.12
4189,2020-10,2020-06,4,1,True,1.0,master,valid_observed_phase_at_origin,ABCD,selection,1,15,spectral_core,local_partition_rf,0,0.39,0,0.36
4190,2020-10,2020-06,4,0,True,0.0,master,valid_observed_phase_at_origin,ABCD,selection,1,15,spectral_core,local_partition_rf,0,0.14,0,0.09
4191,2020-10,2020-06,4,0,True,0.0,master,valid_observed_phase_at_origin,ABCD,selection,1,15,spectral_core,local_partition_rf,0,0.09,0,0.08
4192,2020-10,2020-06,4,0,True,0.0,master,valid_observed_phase_at_origin,ABCD,selection,1,15,spectral_core,local_partition_rf,0,0.1,0,0.07
4193,2020-10,2020-06,4,0,True,0.0,master,valid_observed_phase_at_origin,ABCD,selection,1,15,spectral_core,local_partition_rf,0,0.12,0,0.08
4194,2020-10,2020-06,4,0,True,0.0,master,valid_observed_phase_at_origin,ABCD,selection,1,15,spectral_core,local_partition_rf,0,0.11,0,0.08
4195,2020-10,2020-06,4,0,True,0.0,master,valid_observed_phase_at_origin,ABCD,selection,1,15,spectral_core,local_partition_rf,0,0.16,0,0.08
4196,2020-10,2020-06,4,0,True,0.0,master,valid_observed_phase_at_origin,ABCD,selection,1,15,spectral_core,local_partition_rf,0,0.13,0,0.09
4197,2020-10,2020-06,4,0,True,0.0,master,valid_observed_phase_at_origin,ABCD,selection,1,15,spectral_core,local_partition_rf,0,0.11,0,0.1
4198,2020-10,2020-06,4,0,True,0.0,master,valid_observed_phase_at_origin,ABCD,selection,1,15,spectral_core,local_partition_rf,0,0.11,0,0.11
4199,2020-10,2020-06,4,0,True,0.0,master,valid_observed_phase_at_origin,ABCD,selection,1,15,spectral_core,local_partition_rf,0,0.18,0,0.11
4200,2020-10,2020-06,4,0,True,0.0,master,valid_observed_phase_at_origin,ABCD,selection,1,8,spectral_core,local_partition_rf,0,0.24,0,0.16
4201,2020-10,2020-06,4,1,True,1.0,master,valid_observed_phase_at_origin,ABCD,selection,1,15,spectral_core,local_partition_rf,0,0.38,0,0.38
4202,2020-10,2020-06,4,0,True,0.0,master,valid_observed_phase_at_origin,ABCD,selection,1,15,spectral_core,local_partition_rf,0,0.17,0,0.12
4203,2020-10,2020-06,4,0,True,0.0,master,valid_observed_phase_at_origin,ABCD,selection,1,15,spectral_core,local_partition_rf,0,0.17,0,0.19
4204,2020-10,2020-06,4,0,True,0.0,master,valid_observed_phase_at_origin,ABCD,selection,1,15,spectral_core,local_partition_rf,0,0.17,0,0.11
4205,2020-10,2020-06,4,1,True,1.0,master,valid_observed_phase_at_origin,ABCD,selection,1,8,spectral_core,local_partition_rf,0,0.35,0,0.29
4206,2020-10,2020-06,4,0,True,0.0,master,valid_observed_phase_at_origin,ABCD,selection,1,15,spectral_core,local_partition_rf,0,0.25,0,0.17
4207,2020-10,2020-06,4,1,True,1.0,master,valid_observed_phase_at_origin,ABCD,selection,1,8,spectral_core,local_partition_rf,0,0.37,0,0.36
4208,2020-10,2020-06,4,0,True,0.0,master,valid_observed_phase_at_origin,ABCD,selection,1,2,spectral_core,local_partition_rf,0,0.09,0,0.11
4209,2020-10,2020-06,4,0,True,0.0,master,valid_observed_phase_at_origin,ABCD,selection,1,15,spectral_core,local_partition_rf,0,0.23,0,0.14
4210,2020-10,2020-06,4,1,True,1.0,master,valid_observed_phase_at_origin,ABCD,selection,1,15,spectral_core,local_partition_rf,0,0.43,0,0.39
4211,2020-10,2020-06,4,1,True,1.0,master,valid_observed_phase_at_origin,ABCD,selection,1,8,spectral_core,local_partition_rf,0,0.39,0,0.36
4212,2020-10,2020-06,4,1,True,1.0,master,valid_observed_phase_at_origin,ABCD,selection,1,8,spectral_core,local_partition_rf,0,0.4,0,0.32
4213,2020-10,2020-06,4,1,True,1.0,master,valid_observed_phase_at_origin,ABCD,selection,1,15,spectral_core,local_partition_rf,0,0.46,0,0.35
4214,2020-10,2020-06,4,1,True,1.0,master,valid_observed_phase_at_origin,ABCD,selection,1,8,spectral_core,local_partition_rf,0,0.38,0,0.34
4215,2020-10,2020-06,4,1,True,1.0,master,valid_observed_phase_at_origin,ABCD,selection,1,15,spectral_core,local_partition_rf,0,0.36,0,0.32
4216,2020-10,2020-06,4,0,True,1.0,master,valid_observed_phase_at_origin,ABCD,selection,1,15,spectral_core,local_partition_rf,0,0.41,0,0.38
4217,2020-10,2020-06,4,1,True,1.0,master,valid_observed_phase_at_origin,ABCD,selection,1,8,spectral_core,local_partition_rf,0,0.42,0,0.36
4218,2020-10,2020-06,4,1,True,1.0,master,valid_observed_phase_at_origin,ABCD,selection,1,8,spectral_core,local_partition_rf,0,0.44,0,0.38
4219,2020-10,2020-06,4,1,True,1.0,master,valid_observed_phase_at_origin,ABCD,selection,1,8,spectral_core,local_partition_rf,0,0.46,0,0.35
4220,2020-10,2020-06,4,1,True,1.0,master,valid_observed_phase_at_origin,ABCD,selection,1,8,spectral_core,local_partition_rf,0,0.4,0,0.38
4221,2020-10,2020-06,4,1,True,1.0,master,valid_observed_phase_at_origin,ABCD,selection,1,8,spectral_core,local_partition_rf,0,0.45,0,0.46
4222,2020-10,2020-06,4,1,True,1.0,master,valid_observed_phase_at_origin,ABCD,selection,1,15,spectral_core,local_partition_rf,0,0.47,0,0.41
4223,2020-10,2020-06,4,0,True,0.0,master,valid_observed_phase_at_origin,ABCD,selection,1,15,spectral_core,local_partition_rf,0,0.14,0,0.03
4224,2020-10,2020-06,4,0,True,0.0,master,valid_observed_phase_at_origin,ABCD,selection,1,15,spectral_core,local_partition_rf,0,0.22,0,0.1
4225,2020-10,2020-06,4,0,True,0.0,master,valid_observed_phase_at_origin,ABCD,selection,1,15,spectral_core,local_partition_rf,0,0.18,0,0.12
4226,2020-10,2020-06,4,0,True,0.0,master,valid_observed_phase_at_origin,ABCD,selection,1,15,spectral_core,local_partition_rf,0,0.16,0,0.1
4227,2020-10,2020-06,4,0,True,0.0,master,valid_observed_phase_at_origin,ABCD,selection,1,15,spectral_core,local_partition_rf,0,0.17,0,0.14
4228,2020-10,2020-06,4,0,True,0.0,master,valid_observed_phase_at_origin,ABCD,selection,1,15,spectral_core,local_partition_rf,0,0.16,0,0.12
4229,2020-10,2020-06,4,0,True,0.0,master,valid_observed_phase_at_origin,ABCD,selection,1,15,spectral_core,local_partition_rf,0,0.13,0,0.02
4230,2020-10,2020-06,4,0,True,0.0,master,valid_observed_phase_at_origin,ABCD,selection,1,15,spectral_core,local_partition_rf,0,0.13,0,0.07
4231,2020-10,2020-06,4,0,True,0.0,master,valid_observed_phase_at_origin,ABCD,selection,1,15,spectral_core,local_partition_rf,0,0.17,0,0.03
4232,2020-10,2020-06,4,0,True,0.0,master,valid_observed_phase_at_origin,ABCD,selection,1,15,spectral_core,local_partition_rf,0,0.16,0,0.06
4233,2020-10,2020-06,4,1,True,1.0,master,valid_observed_phase_at_origin,ABCD,selection,1,15,spectral_core,local_partition_rf,0,0.47,1,0.62
4234,2020-10,2020-06,4,1,True,1.0,master,valid_observed_phase_at_origin,ABCD,selection,1,15,spectral_core,local_partition_rf,1,0.55,1,0.67
4235,2020-10,2020-06,4,1,True,1.0,master,valid_observed_phase_at_origin,ABCD,selection,1,15,spectral_core,local_partition_rf,0,0.5,1,0.62
4236,2020-10,2020-06,4,1,True,1.0,master,valid_observed_phase_at_origin,ABCD,selection,1,15,spectral_core,local_partition_rf,0,0.29,1,0.56
4237,2020-10,2020-06,4,0,True,1.0,master,valid_observed_phase_at_origin,ABCD,selection,1,8,spectral_core,local_partition_rf,1,0.72,1,0.66
4238,2020-10,2020-06,4,0,True,0.0,master,valid_observed_phase_at_origin,ABCD,selection,1,8,spectral_core,local_partition_rf,0,0.47,1,0.56
4239,2020-10,2020-06,4,1,True,0.0,master,valid_observed_phase_at_origin,ABCD,selection,1,8,spectral_core,local_partition_rf,1,0.65,0,0.45
4240,2020-10,2020-06,4,0,True,0.0,master,valid_observed_phase_at_origin,ABCD,selection,1,8,spectral_core,local_partition_rf,1,0.56,0,0.47
4241,2020-10,2020-06,4,0,True,1.0,master,valid_observed_phase_at_origin,ABCD,selection,1,8,spectral_core,local_partition_rf,1,0.76,1,0.63
4242,2020-10,2020-06,4,0,True,0.0,master,valid_observed_phase_at_origin,ABCD,selection,1,8,spectral_core,local_partition_rf,0,0.38,1,0.61
4243,2020-10,2020-06,4,0,True,0.0,master,valid_observed_phase_at_origin,ABCD,selection,1,8,spectral_core,local_partition_rf,0,0.36,1,0.56
4244,2020-10,2020-06,4,0,True,0.0,master,valid_observed_phase_at_origin,ABCD,selection,1,8,spectral_core,local_partition_rf,0,0.42,1,0.57
4245,2020-10,2020-06,4,0,True,0.0,master,valid_observed_phase_at_origin,ABCD,selection,1,8,spectral_core,local_partition_rf,0,0.4,1,0.58
4246,2020-10,2020-06,4,0,True,0.0,master,valid_observed_phase_at_origin,ABCD,selection,1,15,spectral_core,local_partition_rf,0,0.49,1,0.57
4247,2020-10,2020-06,4,1,True,0.0,master,valid_observed_phase_at_origin,ABCD,selection,1,8,spectral_core,local_partition_rf,1,0.57,1,0.57
4248,2020-10,2020-06,4,1,True,0.0,master,valid_observed_phase_at_origin,ABCD,selection,1,8,spectral_core,local_partition_rf,1,0.54,1,0.57
4249,2020-10,2020-06,4,1,True,0.0,master,valid_observed_phase_at_origin,ABCD,selection,1,8,spectral_core,local_partition_rf,1,0.54,1,0.55
4250,2020-10,2020-06,4,1,True,0.0,master,valid_observed_phase_at_origin,ABCD,selection,1,15,spectral_core,local_partition_rf,0,0.42,0,0.43
4251,2020-10,2020-06,4,1,True,0.0,master,valid_observed_phase_at_origin,ABCD,selection,1,15,spectral_core,local_partition_rf,0,0.4,1,0.59
4252,2020-10,2020-06,4,0,True,0.0,master,valid_observed_phase_at_origin,ABCD,selection,1,15,spectral_core,local_partition_rf,0,0.46,0,0.5
4253,2020-10,2020-06,4,1,True,0.0,master,valid_observed_phase_at_origin,ABCD,selection,1,15,spectral_core,local_partition_rf,0,0.38,1,0.58
4254,2020-10,2020-06,4,1,True,0.0,master,valid_observed_phase_at_origin,ABCD,selection,1,15,spectral_core,local_partition_rf,0,0.48,1,0.62
4255,2020-10,2020-06,4,1,True,0.0,master,valid_observed_phase_at_origin,ABCD,selection,1,15,spectral_core,local_partition_rf,0,0.41,1,0.55
4256,2020-10,2020-06,4,1,True,0.0,master,valid_observed_phase_at_origin,ABCD,selection,1,15,spectral_core,local_partition_rf,0,0.49,1,0.58
4257,2020-10,2020-06,4,1,True,0.0,master,valid_observed_phase_at_origin,ABCD,selection,1,15,spectral_core,local_partition_rf,0,0.47,1,0.55
4258,2020-10,2020-06,4,1,True,0.0,master,valid_observed_phase_at_origin,ABCD,selection,1,15,spectral_core,local_partition_rf,1,0.52,1,0.55
4259,2020-10,2020-06,4,0,True,0.0,master,valid_observed_phase_at_origin,ABCD,selection,1,15,spectral_core,local_partition_rf,0,0.29,0,0.46
4260,2020-10,2020-06,4,1,True,0.0,master,valid_observed_phase_at_origin,ABCD,selection,1,8,spectral_core,local_partition_rf,0,0.49,1,0.6
4261,2020-10,2020-06,4,1,True,0.0,master,valid_observed_phase_at_origin,ABCD,selection,1,15,spectral_core,local_partition_rf,0,0.4,1,0.63
4262,2020-10,2020-06,4,0,True,0.0,master,valid_observed_phase_at_origin,ABCD,selection,1,15,spectral_core,local_partition_rf,0,0.36,1,0.56
4263,2020-10,2020-06,4,0,True,0.0,master,valid_observed_phase_at_origin,ABCD,selection,1,15,spectral_core,local_partition_rf,0,0.33,1,0.56
4264,2020-10,2020-06,4,0,True,0.0,master,valid_observed_phase_at_origin,ABCD,selection,1,15,spectral_core,local_partition_rf,1,0.53,1,0.56
4265,2020-10,2020-06,4,1,True,0.0,master,valid_observed_phase_at_origin,ABCD,selection,1,15,spectral_core,local_partition_rf,0,0.42,1,0.52
4266,2020-10,2020-06,4,1,True,0.0,master,valid_observed_phase_at_origin,ABCD,selection,1,15,spectral_core,local_partition_rf,0,0.35,1,0.52
4267,2020-10,2020-06,4,0,True,0.0,master,valid_observed_phase_at_origin,ABCD,selection,1,15,spectral_core,local_partition_rf,0,0.44,1,0.57
4268,2020-10,2020-06,4,1,True,0.0,master,valid_observed_phase_at_origin,ABCD,selection,1,15,spectral_core,local_partition_rf,0,0.36,1,0.55
4269,2020-10,2020-06,4,1,True,1.0,master,valid_observed_phase_at_origin,ABCD,selection,1,15,spectral_core,local_partition_rf,0,0.47,1,0.61
4270,2020-10,2020-06,4,1,True,0.0,master,valid_observed_phase_at_origin,ABCD,selection,1,8,spectral_core,local_partition_rf,0,0.31,0,0.5
4271,2020-10,2020-06,4,0,True,0.0,master,valid_observed_phase_at_origin,ABCD,selection,1,15,spectral_core,local_partition_rf,0,0.4,1,0.53
4272,2020-10,2020-06,4,1,True,1.0,master,valid_observed_phase_at_origin,ABCD,selection,1,15,spectral_core,local_partition_rf,0,0.49,1,0.71
4273,2020-10,2020-06,4,1,True,1.0,master,valid_observed_phase_at_origin,ABCD,selection,1,15,spectral_core,local_partition_rf,1,0.63,1,0.64
4274,2020-10,2020-06,4,0,True,0.0,master,valid_observed_phase_at_origin,ABCD,selection,1,8,spectral_core,local_partition_rf,0,0.31,0,0.42
4275,2020-10,2020-06,4,0,True,0.0,master,valid_observed_phase_at_origin,ABCD,selection,1,8,spectral_core,local_partition_rf,0,0.34,0,0.5
4276,2020-10,2020-06,4,0,True,0.0,master,valid_observed_phase_at_origin,ABCD,selection,1,15,spectral_core,local_partition_rf,0,0.46,1,0.55
4277,2020-10,2020-06,4,0,True,0.0,master,valid_observed_phase_at_origin,ABCD,selection,1,15,spectral_core,local_partition_rf,0,0.47,1,0.53
4278,2020-10,2020-06,4,0,True,0.0,master,valid_observed_phase_at_origin,ABCD,selection,1,15,spectral_core,local_partition_rf,0,0.47,1,0.64
4279,2020-10,2020-06,4,1,True,1.0,master,valid_observed_phase_at_origin,ABCD,selection,1,15,spectral_core,local_partition_rf,1,0.51,1,0.69
4280,2020-10,2020-06,4,1,True,0.0,master,valid_observed_phase_at_origin,ABCD,selection,1,15,spectral_core,local_partition_rf,0,0.43,1,0.52
4281,2020-10,2020-06,4,1,True,1.0,master,valid_observed_phase_at_origin,ABCD,selection,1,15,spectral_core,local_partition_rf,0,0.47,1,0.68
4282,2020-10,2020-06,4,1,True,1.0,master,valid_observed_phase_at_origin,ABCD,selection,1,15,spectral_core,local_partition_rf,1,0.54,1,0.71
4283,2020-10,2020-06,4,0,True,1.0,master,valid_observed_phase_at_origin,ABCD,selection,1,15,spectral_core,local_partition_rf,1,0.56,1,0.63
4284,2020-10,2020-06,4,1,True,1.0,master,valid_observed_phase_at_origin,ABCD,selection,1,15,spectral_core,local_partition_rf,1,0.51,1,0.74
4285,2020-10,2020-06,4,0,True,0.0,master,valid_observed_phase_at_origin,ABCD,selection,1,15,spectral_core,local_partition_rf,0,0.38,1,0.58
4286,2020-10,2020-06,4,1,True,1.0,master,valid_observed_phase_at_origin,ABCD,selection,1,15,spectral_core,local_partition_rf,1,0.52,1,0.77
4287,2020-10,2020-06,4,1,True,1.0,master,valid_observed_phase_at_origin,ABCD,selection,1,15,spectral_core,local_partition_rf,1,0.57,1,0.71
4288,2020-10,2020-06,4,0,True,1.0,master,valid_observed_phase_at_origin,ABCD,selection,1,15,spectral_core,local_partition_rf,0,0.41,1,0.66
4289,2020-10,2020-06,4,1,True,0.0,master,valid_observed_phase_at_origin,ABCD,selection,1,15,spectral_core,local_partition_rf,0,0.4,1,0.57
4290,2020-10,2020-06,4,0,True,0.0,master,valid_observed_phase_at_origin,ABCD,selection,1,15,spectral_core,local_partition_rf,0,0.39,0,0.47
4291,2020-10,2020-06,4,0,True,0.0,master,valid_observed_phase_at_origin,ABCD,selection,1,15,spectral_core,local_partition_rf,0,0.47,1,0.54
4292,2020-10,2020-06,4,0,True,0.0,master,valid_observed_phase_at_origin,ABCD,selection,1,15,spectral_core,local_partition_rf,0,0.38,1,0.58
4293,2020-10,2020-06,4,0,True,0.0,master,valid_observed_phase_at_origin,ABCD,selection,1,15,spectral_core,local_partition_rf,0,0.4,1,0.57
4294,2020-10,2020-06,4,0,True,0.0,master,valid_observed_phase_at_origin,ABCD,selection,1,15,spectral_core,local_partition_rf,0,0.41,0,0.49
4295,2020-10,2020-06,4,0,True,0.0,master,valid_observed_phase_at_origin,ABCD,selection,1,15,spectral_core,local_partition_rf,0,0.32,0,0.43
4296,2020-10,2020-06,4,0,True,0.0,master,valid_observed_phase_at_origin,ABCD,selection,1,15,spectral_core,local_partition_rf,0,0.42,1,0.54
4297,2020-10,2020-06,4,0,True,0.0,master,valid_observed_phase_at_origin,ABCD,selection,1,15,spectral_core,local_partition_rf,0,0.37,1,0.52
4298,2020-10,2020-06,4,0,True,0.0,master,valid_observed_phase_at_origin,ABCD,selection,1,15,spectral_core,local_partition_rf,0,0.47,1,0.6
4299,2020-10,2020-06,4,0,True,0.0,master,valid_observed_phase_at_origin,ABCD,selection,1,15,spectral_core,local_partition_rf,0,0.46,1,0.63
4300,2020-10,2020-06,4,0,True,0.0,master,valid_observed_phase_at_origin,ABCD,selection,1,15,spectral_core,local_partition_rf,0,0.43,1,0.52
4301,2020-10,2020-06,4,0,True,0.0,master,valid_observed_phase_at_origin,ABCD,selection,1,15,spectral_core,local_partition_rf,0,0.36,1,0.62
4302,2020-10,2020-06,4,0,True,0.0,master,valid_observed_phase_at_origin,ABCD,selection,1,15,spectral_core,local_partition_rf,0,0.32,1,0.52
4303,2020-10,2020-06,4,0,True,0.0,master,valid_observed_phase_at_origin,ABCD,selection,1,15,spectral_core,local_partition_rf,0,0.45,1,0.62
4304,2020-10,2020-06,4,0,True,0.0,master,valid_observed_phase_at_origin,ABCD,selection,1,15,spectral_core,local_partition_rf,0,0.44,1,0.61
4305,2020-10,2020-06,4,0,True,0.0,master,valid_observed_phase_at_origin,ABCD,selection,1,15,spectral_core,local_partition_rf,0,0.36,1,0.6
4306,2020-10,2020-06,4,0,True,0.0,master,valid_observed_phase_at_origin,ABCD,selection,1,15,spectral_core,local_partition_rf,0,0.37,1,0.58
4307,2020-10,2020-06,4,0,True,0.0,master,valid_observed_phase_at_origin,ABCD,selection,1,15,spectral_core,local_partition_rf,0,0.37,1,0.57
4308,2020-10,2020-06,4,0,True,0.0,master,valid_observed_phase_at_origin,ABCD,selection,1,15,spectral_core,local_partition_rf,0,0.44,1,0.52
4309,2020-10,2020-06,4,0,True,0.0,master,valid_observed_phase_at_origin,ABCD,selection,1,15,spectral_core,local_partition_rf,0,0.34,1,0.52
4310,2020-10,2020-06,4,0,True,0.0,master,valid_observed_phase_at_origin,ABCD,selection,1,15,spectral_core,local_partition_rf,0,0.43,0,0.48
4311,2020-10,2020-06,4,0,True,0.0,master,valid_observed_phase_at_origin,ABCD,selection,1,15,spectral_core,local_partition_rf,0,0.34,0,0.5
4312,2020-10,2020-06,4,0,True,0.0,master,valid_observed_phase_at_origin,ABCD,selection,1,15,spectral_core,local_partition_rf,0,0.39,1,0.57
4313,2020-10,2020-06,4,0,True,0.0,master,valid_observed_phase_at_origin,ABCD,selection,1,15,spectral_core,local_partition_rf,0,0.44,1,0.56
4314,2020-10,2020-06,4,0,True,0.0,master,valid_observed_phase_at_origin,ABCD,selection,1,15,spectral_core,local_partition_rf,0,0.42,1,0.54
4315,2020-10,2020-06,4,0,True,0.0,master,valid_observed_phase_at_origin,ABCD,selection,1,15,spectral_core,local_partition_rf,0,0.35,1,0.52
4316,2020-10,2020-06,4,0,True,0.0,master,valid_observed_phase_at_origin,ABCD,selection,1,15,spectral_core,local_partition_rf,0,0.49,1,0.61
4317,2020-10,2020-06,4,0,True,0.0,master,valid_observed_phase_at_origin,ABCD,selection,1,15,spectral_core,local_partition_rf,0,0.5,1,0.65
4318,2020-10,2020-06,4,0,True,0.0,master,valid_observed_phase_at_origin,ABCD,selection,1,15,spectral_core,local_partition_rf,0,0.42,1,0.65
4319,2020-10,2020-06,4,0,True,0.0,master,valid_observed_phase_at_origin,ABCD,selection,1,15,spectral_core,local_partition_rf,0,0.41,1,0.53
4320,2020-10,2020-06,4,0,True,0.0,master,valid_observed_phase_at_origin,ABCD,selection,1,15,spectral_core,local_partition_rf,0,0.41,1,0.53
4321,2020-10,2020-06,4,0,True,0.0,master,valid_observed_phase_at_origin,ABCD,selection,1,15,spectral_core,local_partition_rf,0,0.36,1,0.52
4322,2020-10,2020-06,4,0,True,0.0,master,valid_observed_phase_at_origin,ABCD,selection,1,15,spectral_core,local_partition_rf,0,0.49,1,0.6
4323,2020-10,2020-06,4,0,True,0.0,master,valid_observed_phase_at_origin,ABCD,selection,1,15,spectral_core,local_partition_rf,0,0.45,1,0.55
4324,2020-10,2020-06,4,0,True,0.0,master,valid_observed_phase_at_origin,ABCD,selection,1,15,spectral_core,local_partition_rf,0,0.42,1,0.63
4325,2020-10,2020-06,4,0,True,0.0,master,valid_observed_phase_at_origin,ABCD,selection,1,15,spectral_core,local_partition_rf,0,0.41,1,0.54
4326,2020-10,2020-06,4,0,True,0.0,master,valid_observed_phase_at_origin,ABCD,selection,1,15,spectral_core,local_partition_rf,0,0.38,1,0.52
4327,2020-10,2020-06,4,0,True,0.0,master,valid_observed_phase_at_origin,ABCD,selection,1,8,spectral_core,local_partition_rf,0,0.28,1,0.52
4328,2020-10,2020-06,4,0,True,0.0,master,valid_observed_phase_at_origin,ABCD,selection,1,15,spectral_core,local_partition_rf,1,0.51,1,0.6
4329,2020-10,2020-06,4,0,True,0.0,master,valid_observed_phase_at_origin,ABCD,selection,1,15,spectral_core,local_partition_rf,1,0.55,1,0.62
4330,2020-10,2020-06,4,0,True,0.0,master,valid_observed_phase_at_origin,ABCD,selection,1,15,spectral_core,local_partition_rf,1,0.52,1,0.56
4331,2020-10,2020-06,4,1,True,1.0,master,valid_observed_phase_at_origin,ABCD,selection,1,8,spectral_core,local_partition_rf,1,0.56,1,0.64
4332,2020-10,2020-06,4,1,True,1.0,master,valid_observed_phase_at_origin,ABCD,selection,1,15,spectral_core,local_partition_rf,1,0.57,1,0.71
4333,2020-10,2020-06,4,0,True,1.0,master,valid_observed_phase_at_origin,ABCD,selection,1,15,spectral_core,local_partition_rf,1,0.57,1,0.63
4334,2020-10,2020-06,4,0,True,0.0,master,valid_observed_phase_at_origin,ABCD,selection,1,15,spectral_core,local_partition_rf,0,0.43,1,0.61
4335,2020-10,2020-06,4,0,True,0.0,master,valid_observed_phase_at_origin,ABCD,selection,1,15,spectral_core,local_partition_rf,0,0.3,0,0.5
4336,2020-10,2020-06,4,0,True,0.0,master,valid_observed_phase_at_origin,ABCD,selection,1,15,spectral_core,local_partition_rf,0,0.4,1,0.64
4337,2020-10,2020-06,4,0,True,0.0,master,valid_observed_phase_at_origin,ABCD,selection,1,15,spectral_core,local_partition_rf,0,0.4,1,0.61
4338,2020-10,2020-06,4,0,True,0.0,master,valid_observed_phase_at_origin,ABCD,selection,1,15,spectral_core,local_partition_rf,0,0.42,1,0.62
4339,2020-10,2020-06,4,0,True,0.0,master,valid_observed_phase_at_origin,ABCD,selection,1,15,spectral_core,local_partition_rf,0,0.32,1,0.61
4340,2020-10,2020-06,4,0,True,1.0,master,valid_observed_phase_at_origin,ABCD,selection,1,8,spectral_core,local_partition_rf,0,0.5,1,0.66
4341,2020-10,2020-06,4,0,True,0.0,master,valid_observed_phase_at_origin,ABCD,selection,1,15,spectral_core,local_partition_rf,0,0.44,1,0.53
4342,2020-10,2020-06,4,1,True,1.0,master,valid_observed_phase_at_origin,ABCD,selection,1,15,spectral_core,local_partition_rf,0,0.46,1,0.66
4343,2020-10,2020-06,4,1,True,1.0,master,valid_observed_phase_at_origin,ABCD,selection,1,8,spectral_core,local_partition_rf,1,0.66,1,0.63
4344,2020-10,2020-06,4,0,True,1.0,master,valid_observed_phase_at_origin,ABCD,selection,1,8,spectral_core,local_partition_rf,0,0.43,1,0.7
4345,2020-10,2020-06,4,1,True,1.0,master,valid_observed_phase_at_origin,ABCD,selection,1,8,spectral_core,local_partition_rf,1,0.64,1,0.71
4346,2020-10,2020-06,4,1,True,1.0,master,valid_observed_phase_at_origin,ABCD,selection,1,8,spectral_core,local_partition_rf,1,0.53,1,0.64
4347,2020-10,2020-06,4,1,True,0.0,master,valid_observed_phase_at_origin,ABCD,selection,1,15,spectral_core,local_partition_rf,0,0.43,1,0.58
4348,2020-10,2020-06,4,1,True,1.0,master,valid_observed_phase_at_origin,ABCD,selection,1,8,spectral_core,local_partition_rf,1,0.67,1,0.65
4349,2020-10,2020-06,4,1,True,0.0,master,valid_observed_phase_at_origin,ABCD,selection,1,8,spectral_core,local_partition_rf,0,0.41,1,0.6
4350,2020-10,2020-06,4,0,True,0.0,master,valid_observed_phase_at_origin,ABCD,selection,1,8,spectral_core,local_partition_rf,1,0.55,1,0.58
4351,2020-10,2020-06,4,1,True,0.0,master,valid_observed_phase_at_origin,ABCD,selection,1,8,spectral_core,local_partition_rf,1,0.59,0,0.5
4352,2020-10,2020-06,4,0,True,1.0,master,valid_observed_phase_at_origin,ABCD,selection,1,8,spectral_core,local_partition_rf,1,0.67,1,0.64
4353,2020-10,2020-06,4,0,True,1.0,master,valid_observed_phase_at_origin,ABCD,selection,1,8,spectral_core,local_partition_rf,1,0.64,1,0.65
4354,2020-10,2020-06,4,1,True,1.0,master,valid_observed_phase_at_origin,ABCD,selection,1,8,spectral_core,local_partition_rf,1,0.63,1,0.65
4355,2020-10,2020-06,4,1,True,1.0,master,valid_observed_phase_at_origin,ABCD,selection,1,8,spectral_core,local_partition_rf,1,0.61,1,0.7
4356,2020-10,2020-06,4,1,True,1.0,master,valid_observed_phase_at_origin,ABCD,selection,1,8,spectral_core,local_partition_rf,1,0.61,1,0.66
4357,2020-10,2020-06,4,1,True,1.0,master,valid_observed_phase_at_origin,ABCD,selection,1,15,spectral_core,local_partition_rf,0,0.45,1,0.65
4358,2020-10,2020-06,4,0,True,1.0,master,valid_observed_phase_at_origin,ABCD,selection,1,8,spectral_core,local_partition_rf,1,0.66,1,0.64
4359,2020-10,2020-06,4,1,True,1.0,master,valid_observed_phase_at_origin,ABCD,selection,1,8,spectral_core,local_partition_rf,1,0.56,1,0.62
4360,2020-10,2020-06,4,1,True,1.0,master,valid_observed_phase_at_origin,ABCD,selection,1,8,spectral_core,local_partition_rf,1,0.65,1,0.67
4361,2020-10,2020-06,4,0,True,0.0,master,valid_observed_phase_at_origin,ABCD,selection,1,8,spectral_core,local_partition_rf,0,0.47,1,0.58
4362,2020-10,2020-06,4,0,True,0.0,master,valid_observed_phase_at_origin,ABCD,selection,1,15,spectral_core,local_partition_rf,0,0.46,1,0.6
4363,2020-10,2020-06,4,1,True,0.0,master,valid_observed_phase_at_origin,ABCD,selection,1,8,spectral_core,local_partition_rf,1,0.51,1,0.54
4364,2020-10,2020-06,4,1,True,0.0,master,valid_observed_phase_at_origin,ABCD,selection,1,15,spectral_core,local_partition_rf,0,0.35,1,0.56
4365,2020-10,2020-06,4,0,True,0.0,master,valid_observed_phase_at_origin,ABCD,selection,1,8,spectral_core,local_partition_rf,0,0.5,1,0.6
4366,2020-10,2020-06,4,1,True,0.0,master,valid_observed_phase_at_origin,ABCD,selection,1,15,spectral_core,local_partition_rf,0,0.45,1,0.58
4367,2020-10,2020-06,4,1,True,0.0,master,valid_observed_phase_at_origin,ABCD,selection,1,15,spectral_core,local_partition_rf,0,0.4,1,0.53
4368,2020-10,2020-06,4,1,True,0.0,master,valid_observed_phase_at_origin,ABCD,selection,1,15,spectral_core,local_partition_rf,0,0.34,1,0.55
4369,2020-10,2020-06,4,1,True,0.0,master,valid_observed_phase_at_origin,ABCD,selection,1,15,spectral_core,local_partition_rf,0,0.38,1,0.53
4370,2020-10,2020-06,4,1,True,0.0,master,valid_observed_phase_at_origin,ABCD,selection,1,8,spectral_core,local_partition_rf,0,0.46,1,0.6
4371,2020-10,2020-06,4,0,True,0.0,master,valid_observed_phase_at_origin,ABCD,selection,1,8,spectral_core,local_partition_rf,1,0.55,1,0.57
4372,2020-10,2020-06,4,0,True,1.0,master,valid_observed_phase_at_origin,ABCD,selection,1,8,spectral_core,local_partition_rf,1,0.54,1,0.65
4373,2020-10,2020-06,4,0,True,0.0,master,valid_observed_phase_at_origin,ABCD,selection,1,15,spectral_core,local_partition_rf,0,0.4,0,0.47
4374,2020-10,2020-06,4,1,True,1.0,master,valid_observed_phase_at_origin,ABCD,selection,1,8,spectral_core,local_partition_rf,1,0.55,1,0.67
4375,2020-10,2020-06,4,0,True,0.0,master,valid_observed_phase_at_origin,ABCD,selection,1,2,spectral_core,local_partition_rf,0,0.42,1,0.63
4376,2020-10,2020-06,4,0,True,1.0,master,valid_observed_phase_at_origin,ABCD,selection,1,8,spectral_core,local_partition_rf,0,0.49,1,0.73
4377,2020-10,2020-06,4,0,True,0.0,master,valid_observed_phase_at_origin,ABCD,selection,1,8,spectral_core,local_partition_rf,0,0.36,1,0.52
4378,2020-10,2020-06,4,0,True,0.0,master,valid_observed_phase_at_origin,ABCD,selection,1,8,spectral_core,local_partition_rf,0,0.41,0,0.46
4379,2020-10,2020-06,4,0,True,1.0,master,valid_observed_phase_at_origin,ABCD,selection,1,8,spectral_core,local_partition_rf,1,0.66,1,0.71
4380,2020-10,2020-06,4,1,True,1.0,master,valid_observed_phase_at_origin,ABCD,selection,1,8,spectral_core,local_partition_rf,1,0.61,1,0.73
4381,2020-10,2020-06,4,1,True,1.0,master,valid_observed_phase_at_origin,ABCD,selection,1,15,spectral_core,local_partition_rf,1,0.57,1,0.65
4382,2020-10,2020-06,4,0,True,0.0,master,valid_observed_phase_at_origin,ABCD,selection,1,8,spectral_core,local_partition_rf,0,0.31,1,0.56
4383,2020-10,2020-06,4,1,True,0.0,master,valid_observed_phase_at_origin,ABCD,selection,1,8,spectral_core,local_partition_rf,1,0.63,1,0.56
4384,2020-10,2020-06,4,1,True,0.0,master,valid_observed_phase_at_origin,ABCD,selection,1,15,spectral_core,local_partition_rf,0,0.45,1,0.53
4385,2020-10,2020-06,4,0,True,1.0,master,valid_observed_phase_at_origin,ABCD,selection,1,8,spectral_core,local_partition_rf,1,0.59,1,0.66
4386,2020-10,2020-06,4,1,True,1.0,master,valid_observed_phase_at_origin,ABCD,selection,1,15,spectral_core,local_partition_rf,1,0.55,1,0.7
4387,2020-10,2020-06,4,0,True,0.0,master,valid_observed_phase_at_origin,ABCD,selection,1,8,spectral_core,local_partition_rf,0,0.49,1,0.52
4388,2020-10,2020-06,4,0,True,1.0,master,valid_observed_phase_at_origin,ABCD,selection,1,8,spectral_core,local_partition_rf,1,0.65,1,0.65
4389,2020-10,2020-06,4,1,True,1.0,master,valid_observed_phase_at_origin,ABCD,selection,1,8,spectral_core,local_partition_rf,1,0.57,1,0.69
4390,2020-10,2020-06,4,0,True,0.0,master,valid_observed_phase_at_origin,ABCD,selection,1,8,spectral_core,local_partition_rf,0,0.44,1,0.51
4391,2020-10,2020-06,4,0,True,0.0,master,valid_observed_phase_at_origin,ABCD,selection,1,8,spectral_core,local_partition_rf,1,0.53,1,0.52
4392,2020-10,2020-06,4,1,True,1.0,master,valid_observed_phase_at_origin,ABCD,selection,1,8,spectral_core,local_partition_rf,1,0.6,1,0.69
4393,2020-10,2020-06,4,1,True,1.0,master,valid_observed_phase_at_origin,ABCD,selection,1,8,spectral_core,local_partition_rf,1,0.62,1,0.67
4394,2020-10,2020-06,4,0,True,1.0,master,valid_observed_phase_at_origin,ABCD,selection,1,15,spectral_core,local_partition_rf,0,0.44,1,0.63
4395,2020-10,2020-06,4,0,True,1.0,master,valid_observed_phase_at_origin,ABCD,selection,1,8,spectral_core,local_partition_rf,1,0.54,1,0.73
4396,2020-10,2020-06,4,0,True,0.0,master,valid_observed_phase_at_origin,ABCD,selection,1,15,spectral_core,local_partition_rf,0,0.33,1,0.56
4397,2020-10,2020-06,4,0,True,1.0,master,valid_observed_phase_at_origin,ABCD,selection,1,8,spectral_core,local_partition_rf,1,0.53,1,0.73
4398,2020-10,2020-06,4,0,True,1.0,master,valid_observed_phase_at_origin,ABCD,selection,1,15,spectral_core,local_partition_rf,0,0.47,1,0.62
4399,2020-10,2020-06,4,0,True,1.0,master,valid_observed_phase_at_origin,ABCD,selection,1,15,spectral_core,local_partition_rf,0,0.41,1,0.57
4400,2020-10,2020-06,4,0,True,1.0,master,valid_observed_phase_at_origin,ABCD,selection,1,15,spectral_core,local_partition_rf,0,0.43,1,0.66
4401,2020-10,2020-06,4,0,True,1.0,master,valid_observed_phase_at_origin,ABCD,selection,1,15,spectral_core,local_partition_rf,0,0.42,1,0.59
4402,2020-10,2020-06,4,1,True,0.0,master,valid_observed_phase_at_origin,ABCD,selection,1,15,spectral_core,local_partition_rf,0,0.35,1,0.54
4403,2020-10,2020-06,4,0,True,0.0,master,valid_observed_phase_at_origin,ABCD,selection,1,8,spectral_core,local_partition_rf,0,0.29,0,0.49
4404,2020-10,2020-06,4,0,True,1.0,master,valid_observed_phase_at_origin,ABCD,selection,1,15,spectral_core,local_partition_rf,0,0.3,1,0.65
4405,2020-10,2020-06,4,0,True,1.0,master,valid_observed_phase_at_origin,ABCD,selection,1,15,spectral_core,local_partition_rf,0,0.35,1,0.62
4406,2020-10,2020-06,4,0,True,1.0,master,valid_observed_phase_at_origin,ABCD,selection,1,15,spectral_core,local_partition_rf,0,0.39,1,0.72
4407,2020-10,2020-06,4,0,True,1.0,master,valid_observed_phase_at_origin,ABCD,selection,1,15,spectral_core,local_partition_rf,0,0.41,1,0.61
4408,2020-10,2020-06,4,0,True,1.0,master,valid_observed_phase_at_origin,ABCD,selection,1,15,spectral_core,local_partition_rf,0,0.41,1,0.65
4409,2020-10,2020-06,4,0,True,1.0,master,valid_observed_phase_at_origin,ABCD,selection,1,15,spectral_core,local_partition_rf,0,0.38,1,0.61
4410,2020-10,2020-06,4,0,True,1.0,master,valid_observed_phase_at_origin,ABCD,selection,1,15,spectral_core,local_partition_rf,0,0.48,1,0.64
4411,2020-10,2020-06,4,0,True,0.0,master,valid_observed_phase_at_origin,ABCD,selection,1,15,spectral_core,local_partition_rf,0,0.2,0,0.44
4412,2020-10,2020-06,4,0,True,1.0,master,valid_observed_phase_at_origin,ABCD,selection,1,15,spectral_core,local_partition_rf,0,0.3,1,0.56
4413,2020-10,2020-06,4,0,True,1.0,master,valid_observed_phase_at_origin,ABCD,selection,1,15,spectral_core,local_partition_rf,0,0.42,1,0.68
4414,2020-10,2020-06,4,0,True,1.0,master,valid_observed_phase_at_origin,ABCD,selection,1,15,spectral_core,local_partition_rf,0,0.38,1,0.56
4415,2020-10,2020-06,4,0,True,0.0,master,valid_observed_phase_at_origin,ABCD,selection,1,15,spectral_core,local_partition_rf,0,0.43,1,0.6
4416,2020-10,2020-06,4,0,True,1.0,master,valid_observed_phase_at_origin,ABCD,selection,1,15,spectral_core,local_partition_rf,0,0.49,1,0.65
4417,2020-10,2020-06,4,0,True,1.0,master,valid_observed_phase_at_origin,ABCD,selection,1,8,spectral_core,local_partition_rf,0,0.49,1,0.61
4418,2020-10,2020-06,4,0,True,1.0,master,valid_observed_phase_at_origin,ABCD,selection,1,15,spectral_core,local_partition_rf,0,0.4,1,0.58
4419,2020-10,2020-06,4,0,True,1.0,master,valid_observed_phase_at_origin,ABCD,selection,1,15,spectral_core,local_partition_rf,0,0.35,1,0.66
4420,2020-10,2020-06,4,0,True,1.0,master,valid_observed_phase_at_origin,ABCD,selection,1,15,spectral_core,local_partition_rf,0,0.45,1,0.65
4421,2020-10,2020-06,4,1,True,1.0,master,valid_observed_phase_at_origin,ABCD,selection,1,15,spectral_core,local_partition_rf,0,0.34,1,0.7
4422,2020-10,2020-06,4,0,True,1.0,master,valid_observed_phase_at_origin,ABCD,selection,1,15,spectral_core,local_partition_rf,0,0.38,1,0.61
4423,2020-10,2020-06,4,0,True,1.0,master,valid_observed_phase_at_origin,ABCD,selection,1,15,spectral_core,local_partition_rf,0,0.36,1,0.61
4424,2020-10,2020-06,4,0,True,1.0,master,valid_observed_phase_at_origin,ABCD,selection,1,15,spectral_core,local_partition_rf,0,0.39,1,0.64
4425,2020-10,2020-06,4,0,True,0.0,master,valid_observed_phase_at_origin,ABCD,selection,1,15,spectral_core,local_partition_rf,0,0.45,1,0.6
4426,2020-10,2020-06,4,0,True,0.0,master,valid_observed_phase_at_origin,ABCD,selection,1,15,spectral_core,local_partition_rf,0,0.23,0,0.49
4427,2020-10,2020-06,4,0,True,1.0,master,valid_observed_phase_at_origin,ABCD,selection,1,15,spectral_core,local_partition_rf,0,0.36,1,0.58
4428,2020-10,2020-06,4,0,True,0.0,master,valid_observed_phase_at_origin,ABCD,selection,1,15,spectral_core,local_partition_rf,0,0.27,1,0.53
4429,2020-10,2020-06,4,0,True,1.0,master,valid_observed_phase_at_origin,ABCD,selection,1,15,spectral_core,local_partition_rf,0,0.39,1,0.62
4430,2020-10,2020-06,4,1,True,1.0,master,valid_observed_phase_at_origin,ABCD,selection,1,15,spectral_core,local_partition_rf,0,0.36,1,0.58
4431,2020-10,2020-06,4,0,True,1.0,master,valid_observed_phase_at_origin,ABCD,selection,1,15,spectral_core,local_partition_rf,0,0.27,1,0.56
4432,2020-10,2020-06,4,0,True,1.0,master,valid_observed_phase_at_origin,ABCD,selection,1,8,spectral_core,local_partition_rf,0,0.47,1,0.54
4433,2020-10,2020-06,4,1,True,1.0,master,valid_observed_phase_at_origin,ABCD,selection,1,15,spectral_core,local_partition_rf,1,0.51,1,0.61
4434,2020-10,2020-06,4,0,True,0.0,master,valid_observed_phase_at_origin,ABCD,selection,1,15,spectral_core,local_partition_rf,1,0.58,1,0.6
4435,2020-10,2020-06,4,1,True,1.0,master,valid_observed_phase_at_origin,ABCD,selection,1,8,spectral_core,local_partition_rf,1,0.69,1,0.7
4436,2020-10,2020-06,4,0,True,0.0,master,valid_observed_phase_at_origin,ABCD,selection,1,15,spectral_core,local_partition_rf,1,0.53,1,0.59
4437,2020-10,2020-06,4,0,True,0.0,master,valid_observed_phase_at_origin,ABCD,selection,1,4,completed_nearest_donor,local_partition_rf,0,0.06,0,0.05
4438,2020-10,2020-06,4,0,True,0.0,master,valid_observed_phase_at_origin,ABCD,selection,1,-1,unassigned_nearest_donor_beyond_100km,pooled_unassigned_area,0,0.03,0,0.03
4439,2020-10,2020-06,4,0,True,0.0,master,valid_observed_phase_at_origin,ABCD,selection,1,4,completed_nearest_donor,local_partition_rf,0,0.04,0,0.04
4440,2020-10,2020-06,4,0,True,0.0,master,valid_observed_phase_at_origin,ABCD,selection,1,4,completed_nearest_donor,local_partition_rf,0,0.08,0,0.05
4441,2020-10,2020-06,4,0,True,0.0,master,valid_observed_phase_at_origin,ABCD,selection,1,4,completed_nearest_donor,local_partition_rf,0,0.07,0,0.03
4442,2020-10,2020-06,4,0,True,0.0,master,valid_observed_phase_at_origin,ABCD,selection,1,4,completed_nearest_donor,local_partition_rf,0,0.08,0,0.05
4443,2020-10,2020-06,4,0,True,0.0,master,valid_observed_phase_at_origin,ABCD,selection,1,4,completed_nearest_donor,local_partition_rf,0,0.1,0,0.04
4444,2020-10,2020-06,4,0,True,0.0,master,valid_observed_phase_at_origin,ABCD,selection,1,4,completed_nearest_donor,local_partition_rf,0,0.09,0,0.06
4445,2020-10,2020-06,4,0,True,0.0,master,valid_observed_phase_at_origin,ABCD,selection,1,4,completed_nearest_donor,local_partition_rf,0,0.08,0,0.05
4446,2020-10,2020-06,4,0,True,0.0,master,valid_observed_phase_at_origin,ABCD,selection,1,-1,unassigned_nearest_donor_beyond_100km,pooled_unassigned_area,0,0.03,0,0.03
4447,2020-10,2020-06,4,0,True,0.0,master,valid_observed_phase_at_origin,ABCD,selection,1,4,completed_nearest_donor,local_partition_rf,0,0.1,0,0.03
4448,2020-10,2020-06,4,0,True,0.0,master,valid_observed_phase_at_origin,ABCD,selection,1,4,completed_nearest_donor,local_partition_rf,0,0.12,0,0.03
4449,2020-10,2020-06,4,0,True,0.0,master,valid_observed_phase_at_origin,ABCD,selection,1,4,completed_nearest_donor,local_partition_rf,0,0.08,0,0.02
4450,2020-10,2020-06,4,0,True,0.0,master,valid_observed_phase_at_origin,ABCD,selection,1,4,completed_nearest_donor,local_partition_rf,0,0.08,0,0.03
4451,2020-10,2020-06,4,0,True,0.0,master,valid_observed_phase_at_origin,ABCD,selection,1,-1,unassigned_nearest_donor_beyond_100km,pooled_unassigned_area,0,0.04,0,0.04
4452,2020-10,2020-06,4,0,True,0.0,master,valid_observed_phase_at_origin,ABCD,selection,1,-1,unassigned_nearest_donor_beyond_100km,pooled_unassigned_area,0,0.03,0,0.03
4453,2020-10,2020-06,4,0,True,0.0,master,valid_observed_phase_at_origin,ABCD,selection,1,4,completed_nearest_donor,local_partition_rf,0,0.08,0,0.03
4454,2020-10,2020-06,4,0,True,0.0,master,valid_observed_phase_at_origin,ABCD,selection,1,-1,unassigned_nearest_donor_beyond_100km,pooled_unassigned_area,0,0.03,0,0.03
4455,2020-10,2020-06,4,0,True,0.0,master,valid_observed_phase_at_origin,ABCD,selection,1,-1,unassigned_nearest_donor_beyond_100km,pooled_unassigned_area,0,0.06,0,0.06
4456,2020-10,2020-06,4,0,True,0.0,master,valid_observed_phase_at_origin,ABCD,selection,1,-1,unassigned_nearest_donor_beyond_100km,pooled_unassigned_area,0,0.03,0,0.03
4457,2020-10,2020-06,4,0,True,0.0,master,valid_observed_phase_at_origin,ABCD,selection,1,-1,unassigned_nearest_donor_beyond_100km,pooled_unassigned_area,0,0.05,0,0.05
4458,2020-10,2020-06,4,0,True,0.0,master,valid_observed_phase_at_origin,ABCD,selection,1,4,completed_nearest_donor,local_partition_rf,0,0.09,0,0.06
4459,2020-10,2020-06,4,0,True,0.0,master,valid_observed_phase_at_origin,ABCD,selection,1,4,completed_nearest_donor,local_partition_rf,0,0.07,0,0.04
4460,2020-10,2020-06,4,0,True,0.0,master,valid_observed_phase_at_origin,ABCD,selection,1,4,completed_nearest_donor,local_partition_rf,0,0.07,0,0.04
4461,2020-10,2020-06,4,0,True,0.0,master,valid_observed_phase_at_origin,ABCD,selection,1,4,completed_nearest_donor,local_partition_rf,0,0.09,0,0.04
4462,2020-10,2020-06,4,0,True,0.0,master,valid_observed_phase_at_origin,ABCD,selection,1,4,completed_nearest_donor,local_partition_rf,0,0.07,0,0.03
4463,2020-10,2020-06,4,0,True,0.0,master,valid_observed_phase_at_origin,ABCD,selection,1,4,completed_nearest_donor,local_partition_rf,0,0.08,0,0.04
4464,2020-10,2020-06,4,0,True,0.0,master,valid_observed_phase_at_origin,ABCD,selection,1,4,completed_nearest_donor,local_partition_rf,0,0.05,0,0.03
4465,2020-10,2020-06,4,0,True,0.0,master,valid_observed_phase_at_origin,ABCD,selection,1,4,completed_nearest_donor,local_partition_rf,0,0.06,0,0.01
4466,2020-10,2020-06,4,0,True,0.0,master,valid_observed_phase_at_origin,ABCD,selection,1,4,completed_nearest_donor,local_partition_rf,0,0.02,0,0.06
4467,2020-10,2020-06,4,0,True,0.0,master,valid_observed_phase_at_origin,ABCD,selection,1,4,completed_nearest_donor,local_partition_rf,0,0.06,0,0.04
4468,2020-10,2020-06,4,0,True,0.0,master,valid_observed_phase_at_origin,ABCD,selection,1,4,completed_nearest_donor,local_partition_rf,0,0.01,0,0.04
4469,2020-10,2020-06,4,0,True,0.0,master,valid_observed_phase_at_origin,ABCD,selection,1,4,completed_nearest_donor,local_partition_rf,0,0.1,0,0.05
4470,2020-10,2020-06,4,0,True,0.0,master,valid_observed_phase_at_origin,ABCD,selection,1,4,completed_nearest_donor,local_partition_rf,0,0.04,0,0.05
4471,2020-10,2020-06,4,0,True,0.0,master,valid_observed_phase_at_origin,ABCD,selection,1,4,completed_nearest_donor,local_partition_rf,0,0.08,0,0.05
4472,2020-10,2020-06,4,0,True,0.0,master,valid_observed_phase_at_origin,ABCD,selection,1,4,completed_nearest_donor,local_partition_rf,0,0.05,0,0.03
4473,2020-10,2020-06,4,0,True,0.0,master,valid_observed_phase_at_origin,ABCD,selection,1,4,completed_nearest_donor,local_partition_rf,0,0.09,0,0.04
4474,2020-10,2020-06,4,0,True,0.0,master,valid_observed_phase_at_origin,ABCD,selection,1,4,spectral_core,local_partition_rf,0,0.06,0,0.04
4475,2020-10,2020-06,4,0,True,0.0,master,valid_observed_phase_at_origin,ABCD,selection,1,4,completed_nearest_donor,local_partition_rf,0,0.08,0,0.04
4476,2020-10,2020-06,4,0,True,0.0,master,valid_observed_phase_at_origin,ABCD,selection,1,4,completed_nearest_donor,local_partition_rf,0,0.09,0,0.03
4477,2020-10,2020-06,4,0,True,0.0,master,valid_observed_phase_at_origin,ABCD,selection,1,-1,unassigned_nearest_donor_beyond_100km,pooled_unassigned_area,0,0.03,0,0.03
4478,2020-10,2020-06,4,0,True,0.0,master,valid_observed_phase_at_origin,ABCD,selection,1,4,completed_nearest_donor,local_partition_rf,0,0.06,0,0.04
4479,2020-10,2020-06,4,0,True,0.0,master,valid_observed_phase_at_origin,ABCD,selection,1,4,completed_nearest_donor,local_partition_rf,0,0.09,0,0.04
4480,2020-10,2020-06,4,0,True,0.0,master,valid_observed_phase_at_origin,ABCD,selection,1,4,completed_nearest_donor,local_partition_rf,0,0.09,0,0.02
4481,2020-10,2020-06,4,0,True,0.0,master,valid_observed_phase_at_origin,ABCD,selection,1,4,completed_nearest_donor,local_partition_rf,0,0.07,0,0.04
4482,2020-10,2020-06,4,0,True,0.0,master,valid_observed_phase_at_origin,ABCD,selection,1,-1,unassigned_nearest_donor_beyond_100km,pooled_unassigned_area,0,0.05,0,0.05
4483,2020-10,2020-06,4,0,True,0.0,master,valid_observed_phase_at_origin,ABCD,selection,1,12,spectral_core,local_partition_rf,0,0.09,0,0.15
4484,2020-10,2020-06,4,0,True,0.0,master,valid_observed_phase_at_origin,ABCD,selection,1,12,spectral_core,local_partition_rf,0,0.17,0,0.11
4485,2020-10,2020-06,4,0,True,0.0,master,valid_observed_phase_at_origin,ABCD,selection,1,12,spectral_core,local_partition_rf,0,0.09,0,0.09
4486,2020-10,2020-06,4,0,True,0.0,master,valid_observed_phase_at_origin,ABCD,selection,1,12,spectral_core,local_partition_rf,0,0.09,0,0.11
4487,2020-10,2020-06,4,0,True,0.0,master,valid_observed_phase_at_origin,ABCD,selection,1,12,spectral_core,local_partition_rf,0,0.24,0,0.24
4488,2020-10,2020-06,4,0,True,0.0,master,valid_observed_phase_at_origin,ABCD,selection,1,12,spectral_core,local_partition_rf,0,0.05,0,0.07
4489,2020-10,2020-06,4,0,True,0.0,master,valid_observed_phase_at_origin,ABCD,selection,1,12,spectral_core,local_partition_rf,0,0.11,0,0.09
4490,2020-10,2020-06,4,0,True,0.0,master,valid_observed_phase_at_origin,ABCD,selection,1,12,spectral_core,local_partition_rf,0,0.12,0,0.08
4491,2020-10,2020-06,4,0,True,0.0,master,valid_observed_phase_at_origin,ABCD,selection,1,12,spectral_core,local_partition_rf,0,0.1,0,0.09
4492,2020-10,2020-06,4,0,True,0.0,master,valid_observed_phase_at_origin,ABCD,selection,1,12,spectral_core,local_partition_rf,0,0.15,0,0.11
4493,2020-10,2020-06,4,0,True,0.0,master,valid_observed_phase_at_origin,ABCD,selection,1,12,spectral_core,local_partition_rf,0,0.13,0,0.14
4494,2020-10,2020-06,4,0,True,0.0,master,valid_observed_phase_at_origin,ABCD,selection,1,12,spectral_core,local_partition_rf,0,0.04,0,0.06
4495,2020-10,2020-06,4,0,True,0.0,master,valid_observed_phase_at_origin,ABCD,selection,1,12,spectral_core,local_partition_rf,0,0.12,0,0.09
4496,2020-10,2020-06,4,0,True,0.0,master,valid_observed_phase_at_origin,ABCD,selection,1,12,spectral_core,local_partition_rf,0,0.2,0,0.14
4497,2020-10,2020-06,4,0,True,0.0,master,valid_observed_phase_at_origin,ABCD,selection,1,12,spectral_core,local_partition_rf,0,0.24,0,0.2
4498,2020-10,2020-06,4,0,True,0.0,master,valid_observed_phase_at_origin,ABCD,selection,1,12,spectral_core,local_partition_rf,0,0.24,0,0.19
4499,2020-10,2020-06,4,0,True,0.0,master,valid_observed_phase_at_origin,ABCD,selection,1,12,spectral_core,local_partition_rf,0,0.23,0,0.2
4500,2020-10,2020-06,4,0,True,0.0,master,valid_observed_phase_at_origin,ABCD,selection,1,12,spectral_core,local_partition_rf,0,0.24,0,0.18
4501,2020-10,2020-06,4,0,True,0.0,master,valid_observed_phase_at_origin,ABCD,selection,1,12,spectral_core,local_partition_rf,0,0.3,0,0.2
4502,2020-10,2020-06,4,0,True,0.0,master,valid_observed_phase_at_origin,ABCD,selection,1,12,spectral_core,local_partition_rf,0,0.26,0,0.18
4503,2020-10,2020-06,4,0,True,0.0,master,valid_observed_phase_at_origin,ABCD,selection,1,12,spectral_core,local_partition_rf,0,0.24,0,0.21
4504,2020-10,2020-06,4,0,True,0.0,master,valid_observed_phase_at_origin,ABCD,selection,1,12,spectral_core,local_partition_rf,0,0.26,0,0.21
4505,2020-10,2020-06,4,0,True,0.0,master,valid_observed_phase_at_origin,ABCD,selection,1,12,spectral_core,local_partition_rf,0,0.24,0,0.2
4506,2020-10,2020-06,4,0,True,0.0,master,valid_observed_phase_at_origin,ABCD,selection,1,12,spectral_core,local_partition_rf,0,0.25,0,0.23
4507,2020-10,2020-06,4,0,True,0.0,master,valid_observed_phase_at_origin,ABCD,selection,1,12,spectral_core,local_partition_rf,0,0.26,0,0.26
4508,2020-10,2020-06,4,0,True,0.0,master,valid_observed_phase_at_origin,ABCD,selection,1,12,spectral_core,local_partition_rf,0,0.27,0,0.21
4509,2020-10,2020-06,4,0,True,0.0,master,valid_observed_phase_at_origin,ABCD,selection,1,12,spectral_core,local_partition_rf,0,0.08,0,0.09
4510,2020-10,2020-06,4,0,True,0.0,master,valid_observed_phase_at_origin,ABCD,selection,1,12,spectral_core,local_partition_rf,0,0.06,0,0.08
4512,2020-10,2020-06,4,0,True,0.0,master,valid_observed_phase_at_origin,ABCD,selection,1,12,spectral_core,local_partition_rf,0,0.19,0,0.2
4513,2020-10,2020-06,4,0,True,0.0,master,valid_observed_phase_at_origin,ABCD,selection,1,12,spectral_core,local_partition_rf,0,0.04,0,0.08
4514,2020-10,2020-06,4,0,True,0.0,master,valid_observed_phase_at_origin,ABCD,selection,1,12,spectral_core,local_partition_rf,0,0.05,0,0.07
4515,2020-10,2020-06,4,0,True,0.0,master,valid_observed_phase_at_origin,ABCD,selection,1,12,spectral_core,local_partition_rf,0,0.1,0,0.05
4516,2020-10,2020-06,4,0,True,0.0,master,valid_observed_phase_at_origin,ABCD,selection,1,12,spectral_core,local_partition_rf,0,0.05,0,0.07
4517,2020-10,2020-06,4,0,True,0.0,master,valid_observed_phase_at_origin,ABCD,selection,1,12,spectral_core,local_partition_rf,0,0.17,0,0.13
4518,2020-10,2020-06,4,0,True,0.0,master,valid_observed_phase_at_origin,ABCD,selection,1,12,spectral_core,local_partition_rf,0,0.15,0,0.13
4519,2020-10,2020-06,4,0,True,0.0,master,valid_observed_phase_at_origin,ABCD,selection,1,12,spectral_core,local_partition_rf,0,0.12,0,0.09
4520,2020-10,2020-06,4,0,True,0.0,master,valid_observed_phase_at_origin,ABCD,selection,1,12,spectral_core,local_partition_rf,0,0.12,0,0.1
4521,2020-10,2020-06,4,0,True,0.0,master,valid_observed_phase_at_origin,ABCD,selection,1,12,spectral_core,local_partition_rf,0,0.06,0,0.06
4522,2020-10,2020-06,4,0,True,0.0,master,valid_observed_phase_at_origin,ABCD,selection,1,12,spectral_core,local_partition_rf,0,0.15,0,0.16
4523,2020-10,2020-06,4,0,True,0.0,master,valid_observed_phase_at_origin,ABCD,selection,1,12,spectral_core,local_partition_rf,0,0.16,0,0.19
4524,2020-10,2020-06,4,0,True,0.0,master,valid_observed_phase_at_origin,ABCD,selection,1,12,spectral_core,local_partition_rf,0,0.19,0,0.14
4525,2020-10,2020-06,4,0,True,0.0,master,valid_observed_phase_at_origin,ABCD,selection,1,12,spectral_core,local_partition_rf,0,0.17,0,0.17
4526,2020-10,2020-06,4,0,True,0.0,master,valid_observed_phase_at_origin,ABCD,selection,1,12,spectral_core,local_partition_rf,0,0.17,0,0.09
4527,2020-10,2020-06,4,0,True,0.0,master,valid_observed_phase_at_origin,ABCD,selection,1,12,spectral_core,local_partition_rf,0,0.13,0,0.17
4528,2020-10,2020-06,4,0,True,0.0,master,valid_observed_phase_at_origin,ABCD,selection,1,12,spectral_core,local_partition_rf,0,0.19,0,0.2
4529,2020-10,2020-06,4,0,True,0.0,master,valid_observed_phase_at_origin,ABCD,selection,1,12,spectral_core,local_partition_rf,0,0.19,0,0.19
4530,2020-10,2020-06,4,0,True,0.0,master,valid_observed_phase_at_origin,ABCD,selection,1,12,spectral_core,local_partition_rf,0,0.13,0,0.09
4531,2020-10,2020-06,4,0,True,0.0,master,valid_observed_phase_at_origin,ABCD,selection,1,12,spectral_core,local_partition_rf,0,0.2,0,0.09
4532,2020-10,2020-06,4,0,True,0.0,master,valid_observed_phase_at_origin,ABCD,selection,1,12,spectral_core,local_partition_rf,0,0.1,0,0.11
4533,2020-10,2020-06,4,0,True,0.0,master,valid_observed_phase_at_origin,ABCD,selection,1,12,spectral_core,local_partition_rf,0,0.15,0,0.1
4534,2020-10,2020-06,4,0,True,0.0,master,valid_observed_phase_at_origin,ABCD,selection,1,12,spectral_core,local_partition_rf,0,0.11,0,0.12
4535,2020-10,2020-06,4,0,True,0.0,master,valid_observed_phase_at_origin,ABCD,selection,1,12,spectral_core,local_partition_rf,0,0.19,0,0.15
4536,2020-10,2020-06,4,0,True,0.0,master,valid_observed_phase_at_origin,ABCD,selection,1,12,spectral_core,local_partition_rf,0,0.24,0,0.23
4537,2020-10,2020-06,4,0,True,0.0,master,valid_observed_phase_at_origin,ABCD,selection,1,12,spectral_core,local_partition_rf,0,0.22,0,0.1
4538,2020-10,2020-06,4,0,True,0.0,master,valid_observed_phase_at_origin,ABCD,selection,1,12,spectral_core,local_partition_rf,0,0.14,0,0.11
4539,2020-10,2020-06,4,0,True,0.0,master,valid_observed_phase_at_origin,ABCD,selection,1,12,spectral_core,local_partition_rf,0,0.2,0,0.14
4540,2020-10,2020-06,4,0,True,0.0,master,valid_observed_phase_at_origin,ABCD,selection,1,12,spectral_core,local_partition_rf,0,0.24,0,0.18
4541,2020-10,2020-06,4,1,True,1.0,master,valid_observed_phase_at_origin,ABCD,selection,1,12,spectral_core,local_partition_rf,0,0.26,0,0.47
4542,2020-10,2020-06,4,0,True,0.0,master,valid_observed_phase_at_origin,ABCD,selection,1,12,spectral_core,local_partition_rf,0,0.21,0,0.15
4544,2020-10,2020-06,4,0,True,0.0,master,valid_observed_phase_at_origin,ABCD,selection,1,12,spectral_core,local_partition_rf,0,0.06,0,0.07
4545,2020-10,2020-06,4,0,True,0.0,master,valid_observed_phase_at_origin,ABCD,selection,1,12,spectral_core,local_partition_rf,0,0.09,0,0.08
4546,2020-10,2020-06,4,0,True,0.0,master,valid_observed_phase_at_origin,ABCD,selection,1,12,spectral_core,local_partition_rf,0,0.16,0,0.13
4547,2020-10,2020-06,4,0,True,0.0,master,valid_observed_phase_at_origin,ABCD,selection,1,12,spectral_core,local_partition_rf,0,0.17,0,0.19
4548,2020-10,2020-06,4,0,True,0.0,master,valid_observed_phase_at_origin,ABCD,selection,1,12,spectral_core,local_partition_rf,0,0.13,0,0.14
4549,2020-10,2020-06,4,1,True,1.0,master,valid_observed_phase_at_origin,ABCD,selection,1,12,spectral_core,local_partition_rf,0,0.35,1,0.53
4550,2020-10,2020-06,4,0,True,0.0,master,valid_observed_phase_at_origin,ABCD,selection,1,12,spectral_core,local_partition_rf,0,0.24,0,0.21
4551,2020-10,2020-06,4,0,True,0.0,master,valid_observed_phase_at_origin,ABCD,selection,1,12,spectral_core,local_partition_rf,0,0.21,0,0.17
4552,2020-10,2020-06,4,0,True,0.0,master,valid_observed_phase_at_origin,ABCD,selection,1,12,spectral_core,local_partition_rf,0,0.08,0,0.09
4553,2020-10,2020-06,4,0,True,0.0,master,valid_observed_phase_at_origin,ABCD,selection,1,12,spectral_core,local_partition_rf,0,0.15,0,0.09
4554,2020-10,2020-06,4,0,True,0.0,master,valid_observed_phase_at_origin,ABCD,selection,1,12,spectral_core,local_partition_rf,0,0.2,0,0.17
4555,2020-10,2020-06,4,1,True,1.0,master,valid_observed_phase_at_origin,ABCD,selection,1,12,spectral_core,local_partition_rf,0,0.15,0,0.38
4556,2020-10,2020-06,4,1,True,1.0,master,valid_observed_phase_at_origin,ABCD,selection,1,12,spectral_core,local_partition_rf,0,0.3,1,0.51
4557,2020-10,2020-06,4,0,True,0.0,master,valid_observed_phase_at_origin,ABCD,selection,1,12,spectral_core,local_partition_rf,0,0.1,0,0.07
4558,2020-10,2020-06,4,0,True,0.0,master,valid_observed_phase_at_origin,ABCD,selection,1,12,spectral_core,local_partition_rf,0,0.23,0,0.14
4559,2020-10,2020-06,4,0,True,0.0,master,valid_observed_phase_at_origin,ABCD,selection,1,12,spectral_core,local_partition_rf,0,0.1,0,0.09
4560,2020-10,2020-06,4,0,True,0.0,master,valid_observed_phase_at_origin,ABCD,selection,1,12,spectral_core,local_partition_rf,0,0.17,0,0.08
4562,2020-10,2020-06,4,0,True,0.0,master,valid_observed_phase_at_origin,ABCD,selection,1,12,spectral_core,local_partition_rf,0,0.16,0,0.1
4563,2020-10,2020-06,4,1,True,1.0,master,valid_observed_phase_at_origin,ABCD,selection,1,12,spectral_core,local_partition_rf,0,0.17,0,0.46
4564,2020-10,2020-06,4,0,True,0.0,master,valid_observed_phase_at_origin,ABCD,selection,1,12,spectral_core,local_partition_rf,0,0.07,0,0.05
4565,2020-10,2020-06,4,0,True,0.0,master,valid_observed_phase_at_origin,ABCD,selection,1,12,spectral_core,local_partition_rf,0,0.04,0,0.05
4566,2020-10,2020-06,4,1,True,1.0,master,valid_observed_phase_at_origin,ABCD,selection,1,1,spectral_core,local_partition_rf,1,0.97,1,0.97
4567,2020-10,2020-06,4,1,True,1.0,master,valid_observed_phase_at_origin,ABCD,selection,1,1,spectral_core,local_partition_rf,1,0.93,1,0.92
4568,2020-10,2020-06,4,0,True,0.0,master,valid_observed_phase_at_origin,ABCD,selection,1,1,spectral_core,local_partition_rf,0,0.14,0,0.13
4569,2020-10,2020-06,4,1,True,0.0,master,valid_observed_phase_at_origin,ABCD,selection,1,1,spectral_core,local_partition_rf,0,0.41,0,0.34
4570,2020-10,2020-06,4,1,True,1.0,master,valid_observed_phase_at_origin,ABCD,selection,1,1,spectral_core,local_partition_rf,1,0.92,1,0.89
4571,2020-10,2020-06,4,1,True,1.0,master,valid_observed_phase_at_origin,ABCD,selection,1,1,spectral_core,local_partition_rf,1,0.94,1,0.9
4572,2020-10,2020-06,4,1,True,1.0,master,valid_observed_phase_at_origin,ABCD,selection,1,1,spectral_core,local_partition_rf,1,0.95,1,0.91
4573,2020-10,2020-06,4,0,True,0.0,master,valid_observed_phase_at_origin,ABCD,selection,1,1,spectral_core,local_partition_rf,0,0.04,0,0.07
4574,2020-10,2020-06,4,1,True,0.0,master,valid_observed_phase_at_origin,ABCD,selection,1,1,spectral_core,local_partition_rf,1,0.64,1,0.55
4575,2020-10,2020-06,4,1,True,1.0,master,valid_observed_phase_at_origin,ABCD,selection,1,1,spectral_core,local_partition_rf,1,0.96,1,0.88
4576,2020-10,2020-06,4,1,True,1.0,master,valid_observed_phase_at_origin,ABCD,selection,1,1,spectral_core,local_partition_rf,1,0.92,1,0.96
4577,2020-10,2020-06,4,0,True,0.0,master,valid_observed_phase_at_origin,ABCD,selection,1,1,spectral_core,local_partition_rf,0,0.04,0,0.06
4578,2020-10,2020-06,4,1,True,0.0,master,valid_observed_phase_at_origin,ABCD,selection,1,1,spectral_core,local_partition_rf,1,0.63,0,0.48
4579,2020-10,2020-06,4,1,True,1.0,master,valid_observed_phase_at_origin,ABCD,selection,1,1,spectral_core,local_partition_rf,1,0.96,1,0.9
4580,2020-10,2020-06,4,1,True,1.0,master,valid_observed_phase_at_origin,ABCD,selection,1,1,spectral_core,local_partition_rf,1,0.95,1,0.91
4581,2020-10,2020-06,4,1,True,1.0,master,valid_observed_phase_at_origin,ABCD,selection,1,1,spectral_core,local_partition_rf,1,0.99,1,0.93
4582,2020-10,2020-06,4,1,True,1.0,master,valid_observed_phase_at_origin,ABCD,selection,1,1,spectral_core,local_partition_rf,1,0.99,1,0.94
4583,2020-10,2020-06,4,1,True,1.0,master,valid_observed_phase_at_origin,ABCD,selection,1,1,spectral_core,local_partition_rf,1,0.96,1,0.92
4584,2020-10,2020-06,4,1,True,1.0,master,valid_observed_phase_at_origin,ABCD,selection,1,1,spectral_core,local_partition_rf,1,0.92,1,0.84
4585,2020-10,2020-06,4,0,True,1.0,master,valid_observed_phase_at_origin,ABCD,selection,1,1,spectral_core,local_partition_rf,1,0.96,1,0.89
4586,2020-10,2020-06,4,1,True,1.0,master,valid_observed_phase_at_origin,ABCD,selection,1,1,spectral_core,local_partition_rf,1,1.0,1,0.97
4587,2020-10,2020-06,4,1,True,1.0,master,valid_observed_phase_at_origin,ABCD,selection,1,1,spectral_core,local_partition_rf,1,1.0,1,0.95
4588,2020-10,2020-06,4,1,True,1.0,master,valid_observed_phase_at_origin,ABCD,selection,1,1,spectral_core,local_partition_rf,1,1.0,1,0.98
4589,2020-10,2020-06,4,1,True,1.0,master,valid_observed_phase_at_origin,ABCD,selection,1,1,spectral_core,local_partition_rf,1,0.95,1,0.87
4590,2020-10,2020-06,4,1,True,1.0,master,valid_observed_phase_at_origin,ABCD,selection,1,1,spectral_core,local_partition_rf,1,0.96,1,0.93
4591,2020-10,2020-06,4,0,True,0.0,master,valid_observed_phase_at_origin,ABCD,selection,1,1,spectral_core,local_partition_rf,0,0.1,0,0.09
4592,2020-10,2020-06,4,1,True,1.0,master,valid_observed_phase_at_origin,ABCD,selection,1,1,spectral_core,local_partition_rf,1,0.99,1,0.96
4593,2020-10,2020-06,4,1,True,1.0,master,valid_observed_phase_at_origin,ABCD,selection,1,1,spectral_core,local_partition_rf,1,0.98,1,0.93
4594,2020-10,2020-06,4,1,True,1.0,master,valid_observed_phase_at_origin,ABCD,selection,1,1,spectral_core,local_partition_rf,1,0.99,1,0.97
4595,2020-10,2020-06,4,1,True,1.0,master,valid_observed_phase_at_origin,ABCD,selection,1,1,spectral_core,local_partition_rf,1,0.99,1,0.96
4596,2020-10,2020-06,4,1,True,1.0,master,valid_observed_phase_at_origin,ABCD,selection,1,1,spectral_core,local_partition_rf,1,0.98,1,0.95
4597,2020-10,2020-06,4,1,True,1.0,master,valid_observed_phase_at_origin,ABCD,selection,1,1,spectral_core,local_partition_rf,1,1.0,1,0.97
4598,2020-10,2020-06,4,1,True,1.0,master,valid_observed_phase_at_origin,ABCD,selection,1,1,spectral_core,local_partition_rf,1,1.0,1,0.96
4599,2020-10,2020-06,4,1,True,1.0,master,valid_observed_phase_at_origin,ABCD,selection,1,1,spectral_core,local_partition_rf,1,0.96,1,0.94
4600,2020-10,2020-06,4,1,True,0.0,master,valid_observed_phase_at_origin,ABCD,selection,1,1,spectral_core,local_partition_rf,1,0.57,0,0.4
4601,2020-10,2020-06,4,1,True,1.0,master,valid_observed_phase_at_origin,ABCD,selection,1,1,spectral_core,local_partition_rf,1,0.95,1,0.86
4602,2020-10,2020-06,4,1,True,1.0,master,valid_observed_phase_at_origin,ABCD,selection,1,1,spectral_core,local_partition_rf,1,0.98,1,0.96
4603,2020-10,2020-06,4,1,True,1.0,master,valid_observed_phase_at_origin,ABCD,selection,1,1,spectral_core,local_partition_rf,1,0.95,1,0.92
4604,2020-10,2020-06,4,1,True,1.0,master,valid_observed_phase_at_origin,ABCD,selection,1,1,spectral_core,local_partition_rf,1,0.97,1,0.87
4605,2020-10,2020-06,4,1,True,1.0,master,valid_observed_phase_at_origin,ABCD,selection,1,-1,unassigned_nearest_donor_beyond_100km,pooled_unassigned_area,1,0.96,1,0.96
4606,2020-10,2020-06,4,1,True,1.0,master,valid_observed_phase_at_origin,ABCD,selection,1,1,spectral_core,local_partition_rf,1,0.95,1,0.94
4607,2020-10,2020-06,4,0,True,0.0,master,valid_observed_phase_at_origin,ABCD,selection,1,1,spectral_core,local_partition_rf,0,0.08,0,0.07
4608,2020-10,2020-06,4,1,True,0.0,master,valid_observed_phase_at_origin,ABCD,selection,1,1,spectral_core,local_partition_rf,0,0.45,0,0.46
4609,2020-10,2020-06,4,1,True,1.0,master,valid_observed_phase_at_origin,ABCD,selection,1,1,spectral_core,local_partition_rf,1,0.95,1,0.92
4610,2020-10,2020-06,4,1,True,1.0,master,valid_observed_phase_at_origin,ABCD,selection,1,1,spectral_core,local_partition_rf,1,0.94,1,0.92
4611,2020-10,2020-06,4,1,True,1.0,master,valid_observed_phase_at_origin,ABCD,selection,1,1,spectral_core,local_partition_rf,1,0.97,1,0.95
4612,2020-10,2020-06,4,1,True,1.0,master,valid_observed_phase_at_origin,ABCD,selection,1,1,spectral_core,local_partition_rf,1,0.98,1,0.96
4613,2020-10,2020-06,4,1,True,1.0,master,valid_observed_phase_at_origin,ABCD,selection,1,1,spectral_core,local_partition_rf,1,0.99,1,0.94
4614,2020-10,2020-06,4,1,True,1.0,master,valid_observed_phase_at_origin,ABCD,selection,1,1,spectral_core,local_partition_rf,1,0.95,1,0.92
4615,2020-10,2020-06,4,1,True,1.0,master,valid_observed_phase_at_origin,ABCD,selection,1,1,spectral_core,local_partition_rf,1,0.95,1,0.88
4616,2020-10,2020-06,4,1,True,1.0,master,valid_observed_phase_at_origin,ABCD,selection,1,1,spectral_core,local_partition_rf,1,0.96,1,0.95
4617,2020-10,2020-06,4,1,True,1.0,master,valid_observed_phase_at_origin,ABCD,selection,1,1,spectral_core,local_partition_rf,1,0.98,1,0.93
4618,2020-10,2020-06,4,1,True,1.0,master,valid_observed_phase_at_origin,ABCD,selection,1,1,spectral_core,local_partition_rf,1,0.98,1,0.93
4619,2020-10,2020-06,4,1,True,1.0,master,valid_observed_phase_at_origin,ABCD,selection,1,1,spectral_core,local_partition_rf,1,0.98,1,0.94
4620,2020-10,2020-06,4,1,True,1.0,master,valid_observed_phase_at_origin,ABCD,selection,1,1,spectral_core,local_partition_rf,1,0.98,1,0.97
4621,2020-10,2020-06,4,1,True,1.0,master,valid_observed_phase_at_origin,ABCD,selection,1,1,spectral_core,local_partition_rf,1,0.98,1,0.96
4622,2020-10,2020-06,4,1,True,1.0,master,valid_observed_phase_at_origin,ABCD,selection,1,1,spectral_core,local_partition_rf,1,0.98,1,0.87
4623,2020-10,2020-06,4,1,True,1.0,master,valid_observed_phase_at_origin,ABCD,selection,1,1,spectral_core,local_partition_rf,1,0.96,1,0.91
4624,2020-10,2020-06,4,1,True,1.0,master,valid_observed_phase_at_origin,ABCD,selection,1,1,spectral_core,local_partition_rf,1,0.98,1,0.93
4625,2020-10,2020-06,4,1,True,1.0,master,valid_observed_phase_at_origin,ABCD,selection,1,1,spectral_core,local_partition_rf,1,0.98,1,0.96
4626,2020-10,2020-06,4,1,True,1.0,master,valid_observed_phase_at_origin,ABCD,selection,1,1,spectral_core,local_partition_rf,1,0.98,1,0.97
4627,2020-10,2020-06,4,1,True,1.0,master,valid_observed_phase_at_origin,ABCD,selection,1,1,spectral_core,local_partition_rf,1,0.98,1,0.94
4628,2020-10,2020-06,4,1,True,1.0,master,valid_observed_phase_at_origin,ABCD,selection,1,1,spectral_core,local_partition_rf,1,0.98,1,0.95
4629,2020-10,2020-06,4,1,True,1.0,master,valid_observed_phase_at_origin,ABCD,selection,1,1,spectral_core,local_partition_rf,1,0.98,1,0.94
4630,2020-10,2020-06,4,1,True,1.0,master,valid_observed_phase_at_origin,ABCD,selection,1,1,spectral_core,local_partition_rf,1,0.96,1,0.88
4631,2020-10,2020-06,4,1,True,1.0,master,valid_observed_phase_at_origin,ABCD,selection,1,1,spectral_core,local_partition_rf,1,1.0,1,0.96
4632,2020-10,2020-06,4,1,True,1.0,master,valid_observed_phase_at_origin,ABCD,selection,1,1,spectral_core,local_partition_rf,1,1.0,1,0.97
4633,2020-10,2020-06,4,1,True,1.0,master,valid_observed_phase_at_origin,ABCD,selection,1,1,spectral_core,local_partition_rf,1,0.97,1,0.92
4634,2020-10,2020-06,4,1,True,1.0,master,valid_observed_phase_at_origin,ABCD,selection,1,1,spectral_core,local_partition_rf,1,1.0,1,0.93
4635,2020-10,2020-06,4,1,True,1.0,master,valid_observed_phase_at_origin,ABCD,selection,1,1,spectral_core,local_partition_rf,1,1.0,1,0.98
4636,2020-10,2020-06,4,1,True,1.0,master,valid_observed_phase_at_origin,ABCD,selection,1,1,spectral_core,local_partition_rf,1,0.98,1,0.92
4637,2020-10,2020-06,4,1,True,1.0,master,valid_observed_phase_at_origin,ABCD,selection,1,1,spectral_core,local_partition_rf,1,1.0,1,0.97
4638,2020-10,2020-06,4,1,True,1.0,master,valid_observed_phase_at_origin,ABCD,selection,1,1,spectral_core,local_partition_rf,1,1.0,1,0.97
4639,2020-10,2020-06,4,1,True,1.0,master,valid_observed_phase_at_origin,ABCD,selection,1,1,spectral_core,local_partition_rf,1,1.0,1,0.96
4640,2020-10,2020-06,4,1,True,1.0,master,valid_observed_phase_at_origin,ABCD,selection,1,1,spectral_core,local_partition_rf,1,0.98,1,0.95
4641,2020-10,2020-06,4,1,True,1.0,master,valid_observed_phase_at_origin,ABCD,selection,1,1,spectral_core,local_partition_rf,1,1.0,1,0.95
4642,2020-10,2020-06,4,1,True,1.0,master,valid_observed_phase_at_origin,ABCD,selection,1,1,spectral_core,local_partition_rf,1,0.98,1,0.94
4643,2020-10,2020-06,4,1,True,1.0,master,valid_observed_phase_at_origin,ABCD,selection,1,1,spectral_core,local_partition_rf,1,0.98,1,0.96
4644,2020-10,2020-06,4,1,True,1.0,master,valid_observed_phase_at_origin,ABCD,selection,1,1,spectral_core,local_partition_rf,1,1.0,1,0.95
4645,2020-10,2020-06,4,1,True,1.0,master,valid_observed_phase_at_origin,ABCD,selection,1,1,spectral_core,local_partition_rf,1,1.0,1,0.95
4646,2020-10,2020-06,4,1,True,1.0,master,valid_observed_phase_at_origin,ABCD,selection,1,1,spectral_core,local_partition_rf,1,0.97,1,0.9
4647,2020-10,2020-06,4,1,True,1.0,master,valid_observed_phase_at_origin,ABCD,selection,1,1,spectral_core,local_partition_rf,1,1.0,1,0.93
4648,2020-10,2020-06,4,1,True,1.0,master,valid_observed_phase_at_origin,ABCD,selection,1,1,spectral_core,local_partition_rf,1,1.0,1,0.95
4649,2020-10,2020-06,4,1,True,1.0,master,valid_observed_phase_at_origin,ABCD,selection,1,1,spectral_core,local_partition_rf,1,1.0,1,0.92
4650,2020-10,2020-06,4,1,True,1.0,master,valid_observed_phase_at_origin,ABCD,selection,1,1,spectral_core,local_partition_rf,1,0.98,1,0.94
4651,2020-10,2020-06,4,1,True,1.0,master,valid_observed_phase_at_origin,ABCD,selection,1,1,spectral_core,local_partition_rf,1,0.96,1,0.93
4652,2020-10,2020-06,4,1,True,1.0,master,valid_observed_phase_at_origin,ABCD,selection,1,1,spectral_core,local_partition_rf,1,0.99,1,0.94
4653,2020-10,2020-06,4,1,True,1.0,master,valid_observed_phase_at_origin,ABCD,selection,1,1,spectral_core,local_partition_rf,1,0.85,1,0.83
4654,2020-10,2020-06,4,1,True,1.0,master,valid_observed_phase_at_origin,ABCD,selection,1,1,spectral_core,local_partition_rf,1,0.99,1,0.9
4655,2020-10,2020-06,4,1,True,1.0,master,valid_observed_phase_at_origin,ABCD,selection,1,1,spectral_core,local_partition_rf,1,0.98,1,0.89
4656,2020-10,2020-06,4,1,True,1.0,master,valid_observed_phase_at_origin,ABCD,selection,1,1,spectral_core,local_partition_rf,1,0.99,1,0.91
4657,2020-10,2020-06,4,1,True,1.0,master,valid_observed_phase_at_origin,ABCD,selection,1,1,spectral_core,local_partition_rf,1,1.0,1,0.99
4658,2020-10,2020-06,4,1,True,1.0,master,valid_observed_phase_at_origin,ABCD,selection,1,1,spectral_core,local_partition_rf,1,0.93,1,0.92
4659,2020-10,2020-06,4,1,True,1.0,master,valid_observed_phase_at_origin,ABCD,selection,1,1,spectral_core,local_partition_rf,1,1.0,1,0.97
4660,2020-10,2020-06,4,1,True,1.0,master,valid_observed_phase_at_origin,ABCD,selection,1,1,spectral_core,local_partition_rf,1,1.0,1,0.98
4661,2020-10,2020-06,4,1,True,1.0,master,valid_observed_phase_at_origin,ABCD,selection,1,1,spectral_core,local_partition_rf,1,0.99,1,0.91
4662,2020-10,2020-06,4,1,True,1.0,master,valid_observed_phase_at_origin,ABCD,selection,1,1,spectral_core,local_partition_rf,1,0.96,1,0.99
4663,2020-10,2020-06,4,1,True,1.0,master,valid_observed_phase_at_origin,ABCD,selection,1,1,spectral_core,local_partition_rf,1,1.0,1,0.97
4664,2020-10,2020-06,4,1,True,1.0,master,valid_observed_phase_at_origin,ABCD,selection,1,1,spectral_core,local_partition_rf,1,0.98,1,0.95
4665,2020-10,2020-06,4,1,True,1.0,master,valid_observed_phase_at_origin,ABCD,selection,1,1,spectral_core,local_partition_rf,1,0.98,1,0.99
4666,2020-10,2020-06,4,1,True,1.0,master,valid_observed_phase_at_origin,ABCD,selection,1,1,spectral_core,local_partition_rf,1,0.99,1,0.92
4667,2020-10,2020-06,4,1,True,1.0,master,valid_observed_phase_at_origin,ABCD,selection,1,1,spectral_core,local_partition_rf,1,0.97,1,0.97
4668,2020-10,2020-06,4,1,True,1.0,master,valid_observed_phase_at_origin,ABCD,selection,1,1,spectral_core,local_partition_rf,1,0.97,1,0.98
4669,2020-10,2020-06,4,1,True,1.0,master,valid_observed_phase_at_origin,ABCD,selection,1,1,spectral_core,local_partition_rf,1,0.96,1,0.95
4670,2020-10,2020-06,4,1,True,1.0,master,valid_observed_phase_at_origin,ABCD,selection,1,1,spectral_core,local_partition_rf,1,0.93,1,0.9
4671,2020-10,2020-06,4,1,True,1.0,master,valid_observed_phase_at_origin,ABCD,selection,1,1,spectral_core,local_partition_rf,1,0.99,1,0.94
4672,2020-10,2020-06,4,1,True,1.0,master,valid_observed_phase_at_origin,ABCD,selection,1,1,spectral_core,local_partition_rf,1,0.97,1,0.89
4673,2020-10,2020-06,4,1,True,1.0,master,valid_observed_phase_at_origin,ABCD,selection,1,1,spectral_core,local_partition_rf,1,0.95,1,0.99
4674,2020-10,2020-06,4,1,True,1.0,master,valid_observed_phase_at_origin,ABCD,selection,1,1,spectral_core,local_partition_rf,1,0.97,1,0.89
4675,2020-10,2020-06,4,1,True,1.0,master,valid_observed_phase_at_origin,ABCD,selection,1,1,spectral_core,local_partition_rf,1,1.0,1,0.96
4676,2020-10,2020-06,4,1,True,1.0,master,valid_observed_phase_at_origin,ABCD,selection,1,1,spectral_core,local_partition_rf,1,1.0,1,0.94
4677,2020-10,2020-06,4,1,True,1.0,master,valid_observed_phase_at_origin,ABCD,selection,1,1,spectral_core,local_partition_rf,1,1.0,1,0.93
4678,2020-10,2020-06,4,1,True,1.0,master,valid_observed_phase_at_origin,ABCD,selection,1,1,spectral_core,local_partition_rf,1,1.0,1,0.97
4679,2020-10,2020-06,4,1,True,1.0,master,valid_observed_phase_at_origin,ABCD,selection,1,1,spectral_core,local_partition_rf,1,1.0,1,0.98
4680,2020-10,2020-06,4,1,True,1.0,master,valid_observed_phase_at_origin,ABCD,selection,1,1,spectral_core,local_partition_rf,1,1.0,1,0.96
4681,2020-10,2020-06,4,1,True,1.0,master,valid_observed_phase_at_origin,ABCD,selection,1,1,spectral_core,local_partition_rf,1,0.98,1,0.95
4682,2020-10,2020-06,4,1,True,1.0,master,valid_observed_phase_at_origin,ABCD,selection,1,1,spectral_core,local_partition_rf,1,1.0,1,0.98
4683,2020-10,2020-06,4,1,True,1.0,master,valid_observed_phase_at_origin,ABCD,selection,1,1,spectral_core,local_partition_rf,1,0.98,1,0.97
4684,2020-10,2020-06,4,1,True,1.0,master,valid_observed_phase_at_origin,ABCD,selection,1,1,spectral_core,local_partition_rf,1,1.0,1,0.95
4685,2020-10,2020-06,4,1,True,1.0,master,valid_observed_phase_at_origin,ABCD,selection,1,1,spectral_core,local_partition_rf,1,1.0,1,0.97
4686,2020-10,2020-06,4,1,True,1.0,master,valid_observed_phase_at_origin,ABCD,selection,1,1,spectral_core,local_partition_rf,1,0.99,1,0.94
4687,2020-10,2020-06,4,1,True,1.0,master,valid_observed_phase_at_origin,ABCD,selection,1,1,spectral_core,local_partition_rf,1,0.97,1,0.93
4688,2020-10,2020-06,4,1,True,1.0,master,valid_observed_phase_at_origin,ABCD,selection,1,1,spectral_core,local_partition_rf,1,1.0,1,0.96
4689,2020-10,2020-06,4,1,True,1.0,master,valid_observed_phase_at_origin,ABCD,selection,1,1,spectral_core,local_partition_rf,1,1.0,1,0.97
4690,2020-10,2020-06,4,1,True,1.0,master,valid_observed_phase_at_origin,ABCD,selection,1,1,spectral_core,local_partition_rf,1,0.98,1,0.97
4691,2020-10,2020-06,4,1,True,1.0,master,valid_observed_phase_at_origin,ABCD,selection,1,1,spectral_core,local_partition_rf,1,0.98,1,0.98
4692,2020-10,2020-06,4,1,True,1.0,master,valid_observed_phase_at_origin,ABCD,selection,1,1,spectral_core,local_partition_rf,1,0.98,1,0.96
4693,2020-10,2020-06,4,1,True,1.0,master,valid_observed_phase_at_origin,ABCD,selection,1,1,spectral_core,local_partition_rf,1,1.0,1,0.96
4694,2020-10,2020-06,4,1,True,1.0,master,valid_observed_phase_at_origin,ABCD,selection,1,1,spectral_core,local_partition_rf,1,1.0,1,0.96
4695,2020-10,2020-06,4,1,True,1.0,master,valid_observed_phase_at_origin,ABCD,selection,1,1,spectral_core,local_partition_rf,1,1.0,1,0.95
4696,2020-10,2020-06,4,1,True,1.0,master,valid_observed_phase_at_origin,ABCD,selection,1,1,spectral_core,local_partition_rf,1,1.0,1,0.96
4697,2020-10,2020-06,4,1,True,1.0,master,valid_observed_phase_at_origin,ABCD,selection,1,1,spectral_core,local_partition_rf,1,1.0,1,0.93
4698,2020-10,2020-06,4,1,True,1.0,master,valid_observed_phase_at_origin,ABCD,selection,1,1,spectral_core,local_partition_rf,1,0.96,1,0.95
4699,2020-10,2020-06,4,1,True,1.0,master,valid_observed_phase_at_origin,ABCD,selection,1,1,spectral_core,local_partition_rf,1,0.98,1,0.95
4700,2020-10,2020-06,4,1,True,1.0,master,valid_observed_phase_at_origin,ABCD,selection,1,1,spectral_core,local_partition_rf,1,0.96,1,0.87
4701,2020-10,2020-06,4,1,True,1.0,master,valid_observed_phase_at_origin,ABCD,selection,1,1,spectral_core,local_partition_rf,1,0.98,1,0.96
4702,2020-10,2020-06,4,1,True,1.0,master,valid_observed_phase_at_origin,ABCD,selection,1,1,spectral_core,local_partition_rf,1,0.98,1,0.95
4703,2020-10,2020-06,4,1,True,1.0,master,valid_observed_phase_at_origin,ABCD,selection,1,1,spectral_core,local_partition_rf,1,0.98,1,0.94
4704,2020-10,2020-06,4,1,True,1.0,master,valid_observed_phase_at_origin,ABCD,selection,1,1,spectral_core,local_partition_rf,1,0.98,1,0.97
4705,2020-10,2020-06,4,1,True,1.0,master,valid_observed_phase_at_origin,ABCD,selection,1,1,spectral_core,local_partition_rf,1,1.0,1,0.91
4706,2020-10,2020-06,4,1,True,1.0,master,valid_observed_phase_at_origin,ABCD,selection,1,1,spectral_core,local_partition_rf,1,0.97,1,0.97
4707,2020-10,2020-06,4,1,True,1.0,master,valid_observed_phase_at_origin,ABCD,selection,1,1,spectral_core,local_partition_rf,1,0.98,1,0.95
4708,2020-10,2020-06,4,1,True,1.0,master,valid_observed_phase_at_origin,ABCD,selection,1,1,spectral_core,local_partition_rf,1,0.98,1,0.95
4709,2020-10,2020-06,4,1,True,1.0,master,valid_observed_phase_at_origin,ABCD,selection,1,1,spectral_core,local_partition_rf,1,0.94,1,0.92
4710,2020-10,2020-06,4,1,True,1.0,master,valid_observed_phase_at_origin,ABCD,selection,1,1,spectral_core,local_partition_rf,1,1.0,1,0.93
4711,2020-10,2020-06,4,0,True,0.0,master,valid_observed_phase_at_origin,ABCD,selection,1,10,spectral_core,local_partition_rf,0,0.24,0,0.23
4712,2020-10,2020-06,4,0,True,0.0,master,valid_observed_phase_at_origin,ABCD,selection,1,10,spectral_core,local_partition_rf,0,0.49,0,0.27
4713,2020-10,2020-06,4,0,True,0.0,master,valid_observed_phase_at_origin,ABCD,selection,1,10,spectral_core,local_partition_rf,0,0.41,0,0.26
4714,2020-10,2020-06,4,0,True,0.0,master,valid_observed_phase_at_origin,ABCD,selection,1,16,spectral_core,local_partition_rf,0,0.27,0,0.13
4715,2020-10,2020-06,4,0,True,0.0,master,valid_observed_phase_at_origin,ABCD,selection,1,10,spectral_core,local_partition_rf,0,0.3,0,0.2
4716,2020-10,2020-06,4,0,True,0.0,master,valid_observed_phase_at_origin,ABCD,selection,1,16,spectral_core,local_partition_rf,1,0.51,0,0.28
4717,2020-10,2020-06,4,0,True,1.0,master,valid_observed_phase_at_origin,ABCD,selection,1,16,spectral_core,local_partition_rf,1,0.6,1,0.54
4718,2020-10,2020-06,4,0,True,0.0,master,valid_observed_phase_at_origin,ABCD,selection,1,16,spectral_core,local_partition_rf,0,0.33,0,0.19
4719,2020-10,2020-06,4,0,True,0.0,master,valid_observed_phase_at_origin,ABCD,selection,1,16,spectral_core,local_partition_rf,0,0.48,0,0.26
4720,2020-10,2020-06,4,0,True,0.0,master,valid_observed_phase_at_origin,ABCD,selection,1,16,spectral_core,local_partition_rf,0,0.35,0,0.21
4721,2020-10,2020-06,4,0,True,0.0,master,valid_observed_phase_at_origin,ABCD,selection,1,16,spectral_core,local_partition_rf,0,0.46,0,0.24
4722,2020-10,2020-06,4,0,True,0.0,master,valid_observed_phase_at_origin,ABCD,selection,1,16,spectral_core,local_partition_rf,0,0.27,0,0.15
4723,2020-10,2020-06,4,0,True,0.0,master,valid_observed_phase_at_origin,ABCD,selection,1,16,spectral_core,local_partition_rf,0,0.44,0,0.29
4724,2020-10,2020-06,4,0,True,0.0,master,valid_observed_phase_at_origin,ABCD,selection,1,16,spectral_core,local_partition_rf,0,0.28,0,0.19
4725,2020-10,2020-06,4,0,True,0.0,master,valid_observed_phase_at_origin,ABCD,selection,1,16,spectral_core,local_partition_rf,0,0.5,0,0.38
4726,2020-10,2020-06,4,0,True,0.0,master,valid_observed_phase_at_origin,ABCD,selection,1,16,spectral_core,local_partition_rf,0,0.48,0,0.27
4727,2020-10,2020-06,4,0,True,0.0,master,valid_observed_phase_at_origin,ABCD,selection,1,16,spectral_core,local_partition_rf,0,0.49,0,0.26
4728,2020-10,2020-06,4,0,True,1.0,master,valid_observed_phase_at_origin,ABCD,selection,1,16,spectral_core,local_partition_rf,1,0.65,0,0.5
4729,2020-10,2020-06,4,0,True,0.0,master,valid_observed_phase_at_origin,ABCD,selection,1,16,spectral_core,local_partition_rf,0,0.28,0,0.22
4730,2020-10,2020-06,4,0,True,0.0,master,valid_observed_phase_at_origin,ABCD,selection,1,16,spectral_core,local_partition_rf,0,0.25,0,0.17
4731,2020-10,2020-06,4,0,True,0.0,master,valid_observed_phase_at_origin,ABCD,selection,1,17,spectral_core,local_partition_rf,0,0.49,0,0.29
4732,2020-10,2020-06,4,0,True,0.0,master,valid_observed_phase_at_origin,ABCD,selection,1,16,spectral_core,local_partition_rf,1,0.51,0,0.28
4733,2020-10,2020-06,4,0,True,0.0,master,valid_observed_phase_at_origin,ABCD,selection,1,16,spectral_core,local_partition_rf,0,0.46,0,0.26
4734,2020-10,2020-06,4,0,True,0.0,master,valid_observed_phase_at_origin,ABCD,selection,1,16,spectral_core,local_partition_rf,0,0.49,0,0.24
4735,2020-10,2020-06,4,0,True,0.0,master,valid_observed_phase_at_origin,ABCD,selection,1,16,spectral_core,local_partition_rf,0,0.28,0,0.17
4736,2020-10,2020-06,4,0,True,1.0,master,valid_observed_phase_at_origin,ABCD,selection,1,16,spectral_core,local_partition_rf,1,0.58,1,0.54
4737,2020-10,2020-06,4,0,True,0.0,master,valid_observed_phase_at_origin,ABCD,selection,1,10,spectral_core,local_partition_rf,0,0.3,0,0.22
4738,2020-10,2020-06,4,0,True,0.0,master,valid_observed_phase_at_origin,ABCD,selection,1,16,spectral_core,local_partition_rf,0,0.45,0,0.21
4739,2020-10,2020-06,4,0,True,0.0,master,valid_observed_phase_at_origin,ABCD,selection,1,16,spectral_core,local_partition_rf,0,0.34,0,0.22
4740,2020-10,2020-06,4,0,True,0.0,master,valid_observed_phase_at_origin,ABCD,selection,1,16,spectral_core,local_partition_rf,0,0.26,0,0.19
4741,2020-10,2020-06,4,0,True,1.0,master,valid_observed_phase_at_origin,ABCD,selection,1,16,spectral_core,local_partition_rf,1,0.64,1,0.53
4742,2020-10,2020-06,4,0,True,0.0,master,valid_observed_phase_at_origin,ABCD,selection,1,16,spectral_core,local_partition_rf,0,0.27,0,0.2
4743,2020-10,2020-06,4,0,True,1.0,master,valid_observed_phase_at_origin,ABCD,selection,1,16,spectral_core,local_partition_rf,1,0.62,1,0.56
4744,2020-10,2020-06,4,0,True,0.0,master,valid_observed_phase_at_origin,ABCD,selection,1,16,spectral_core,local_partition_rf,0,0.27,0,0.13
4745,2020-10,2020-06,4,0,True,0.0,master,valid_observed_phase_at_origin,ABCD,selection,1,16,spectral_core,local_partition_rf,0,0.31,0,0.18
4746,2020-10,2020-06,4,0,True,0.0,master,valid_observed_phase_at_origin,ABCD,selection,1,16,spectral_core,local_partition_rf,0,0.3,0,0.18
4747,2020-10,2020-06,4,0,True,0.0,master,valid_observed_phase_at_origin,ABCD,selection,1,16,spectral_core,local_partition_rf,0,0.38,0,0.19
4748,2020-10,2020-06,4,0,True,0.0,master,valid_observed_phase_at_origin,ABCD,selection,1,16,spectral_core,local_partition_rf,0,0.45,0,0.29
4749,2020-10,2020-06,4,0,True,1.0,master,valid_observed_phase_at_origin,ABCD,selection,1,16,spectral_core,local_partition_rf,1,0.56,1,0.53
4750,2020-10,2020-06,4,0,True,1.0,master,valid_observed_phase_at_origin,ABCD,selection,1,16,spectral_core,local_partition_rf,1,0.61,1,0.61
4751,2020-10,2020-06,4,0,True,0.0,master,valid_observed_phase_at_origin,ABCD,selection,1,16,spectral_core,local_partition_rf,1,0.51,0,0.25
4752,2020-10,2020-06,4,0,True,0.0,master,valid_observed_phase_at_origin,ABCD,selection,1,16,spectral_core,local_partition_rf,1,0.52,0,0.26
4753,2020-10,2020-06,4,0,True,0.0,master,valid_observed_phase_at_origin,ABCD,selection,1,16,spectral_core,local_partition_rf,1,0.56,0,0.31
4754,2020-10,2020-06,4,0,True,1.0,master,valid_observed_phase_at_origin,ABCD,selection,1,16,spectral_core,local_partition_rf,1,0.53,0,0.47
4755,2020-10,2020-06,4,0,True,0.0,master,valid_observed_phase_at_origin,ABCD,selection,1,16,spectral_core,local_partition_rf,0,0.5,0,0.22
4756,2020-10,2020-06,4,0,True,0.0,master,valid_observed_phase_at_origin,ABCD,selection,1,16,spectral_core,local_partition_rf,1,0.53,0,0.25
4757,2020-10,2020-06,4,0,True,0.0,master,valid_observed_phase_at_origin,ABCD,selection,1,16,spectral_core,local_partition_rf,0,0.31,0,0.13
4758,2020-10,2020-06,4,0,True,0.0,master,valid_observed_phase_at_origin,ABCD,selection,1,16,spectral_core,local_partition_rf,0,0.42,0,0.22
4759,2020-10,2020-06,4,0,True,0.0,master,valid_observed_phase_at_origin,ABCD,selection,1,16,spectral_core,local_partition_rf,0,0.26,0,0.16
4760,2020-10,2020-06,4,0,True,0.0,master,valid_observed_phase_at_origin,ABCD,selection,1,16,spectral_core,local_partition_rf,0,0.23,0,0.16
4761,2020-10,2020-06,4,0,True,0.0,master,valid_observed_phase_at_origin,ABCD,selection,1,16,spectral_core,local_partition_rf,0,0.45,0,0.2
4762,2020-10,2020-06,4,0,True,0.0,master,valid_observed_phase_at_origin,ABCD,selection,1,16,spectral_core,local_partition_rf,0,0.28,0,0.13
4763,2020-10,2020-06,4,0,True,0.0,master,valid_observed_phase_at_origin,ABCD,selection,1,16,spectral_core,local_partition_rf,0,0.23,0,0.18
4764,2020-10,2020-06,4,0,True,0.0,master,valid_observed_phase_at_origin,ABCD,selection,1,16,spectral_core,local_partition_rf,0,0.27,0,0.18
4765,2020-10,2020-06,4,0,True,0.0,master,valid_observed_phase_at_origin,ABCD,selection,1,16,spectral_core,local_partition_rf,0,0.25,0,0.21
4766,2020-10,2020-06,4,0,True,0.0,master,valid_observed_phase_at_origin,ABCD,selection,1,16,spectral_core,local_partition_rf,0,0.24,0,0.15
4767,2020-10,2020-06,4,0,True,0.0,master,valid_observed_phase_at_origin,ABCD,selection,1,16,spectral_core,local_partition_rf,0,0.48,0,0.17
4768,2020-10,2020-06,4,0,True,0.0,master,valid_observed_phase_at_origin,ABCD,selection,1,16,spectral_core,local_partition_rf,0,0.41,0,0.28
4769,2020-10,2020-06,4,0,True,0.0,master,valid_observed_phase_at_origin,ABCD,selection,1,16,spectral_core,local_partition_rf,0,0.26,0,0.16
4770,2020-10,2020-06,4,0,True,1.0,master,valid_observed_phase_at_origin,ABCD,selection,1,16,spectral_core,local_partition_rf,1,0.56,0,0.49
4771,2020-10,2020-06,4,0,True,0.0,master,valid_observed_phase_at_origin,ABCD,selection,1,16,spectral_core,local_partition_rf,0,0.28,0,0.17
4772,2020-10,2020-06,4,0,True,0.0,master,valid_observed_phase_at_origin,ABCD,selection,1,16,spectral_core,local_partition_rf,0,0.3,0,0.13
4773,2020-10,2020-06,4,0,True,0.0,master,valid_observed_phase_at_origin,ABCD,selection,1,16,spectral_core,local_partition_rf,0,0.48,0,0.21
4774,2020-10,2020-06,4,0,True,0.0,master,valid_observed_phase_at_origin,ABCD,selection,1,16,spectral_core,local_partition_rf,0,0.27,0,0.19
4775,2020-10,2020-06,4,0,True,0.0,master,valid_observed_phase_at_origin,ABCD,selection,1,16,spectral_core,local_partition_rf,0,0.45,0,0.19
4776,2020-10,2020-06,4,0,True,0.0,master,valid_observed_phase_at_origin,ABCD,selection,1,16,spectral_core,local_partition_rf,0,0.32,0,0.15
4777,2020-10,2020-06,4,0,True,0.0,master,valid_observed_phase_at_origin,ABCD,selection,1,16,spectral_core,local_partition_rf,0,0.44,0,0.26
4778,2020-10,2020-06,4,0,True,0.0,master,valid_observed_phase_at_origin,ABCD,selection,1,16,spectral_core,local_partition_rf,0,0.47,0,0.26
4779,2020-10,2020-06,4,0,True,0.0,master,valid_observed_phase_at_origin,ABCD,selection,1,16,spectral_core,local_partition_rf,0,0.46,0,0.22
4780,2020-10,2020-06,4,0,True,0.0,master,valid_observed_phase_at_origin,ABCD,selection,1,16,spectral_core,local_partition_rf,0,0.21,0,0.18
4781,2020-10,2020-06,4,0,True,0.0,master,valid_observed_phase_at_origin,ABCD,selection,1,16,spectral_core,local_partition_rf,0,0.25,0,0.21
4782,2020-10,2020-06,4,0,True,0.0,master,valid_observed_phase_at_origin,ABCD,selection,1,16,spectral_core,local_partition_rf,0,0.31,0,0.17
4783,2020-10,2020-06,4,0,True,0.0,master,valid_observed_phase_at_origin,ABCD,selection,1,16,spectral_core,local_partition_rf,0,0.31,0,0.14
4784,2020-10,2020-06,4,0,True,0.0,master,valid_observed_phase_at_origin,ABCD,selection,1,16,spectral_core,local_partition_rf,0,0.27,0,0.16
4785,2020-10,2020-06,4,0,True,0.0,master,valid_observed_phase_at_origin,ABCD,selection,1,16,spectral_core,local_partition_rf,0,0.39,0,0.23
4786,2020-10,2020-06,4,0,True,0.0,master,valid_observed_phase_at_origin,ABCD,selection,1,16,spectral_core,local_partition_rf,0,0.4,0,0.21
4787,2020-10,2020-06,4,0,True,0.0,master,valid_observed_phase_at_origin,ABCD,selection,1,16,spectral_core,local_partition_rf,1,0.52,0,0.27
4788,2020-10,2020-06,4,0,True,0.0,master,valid_observed_phase_at_origin,ABCD,selection,1,16,spectral_core,local_partition_rf,0,0.34,0,0.24
4789,2020-10,2020-06,4,0,True,0.0,master,valid_observed_phase_at_origin,ABCD,selection,1,16,spectral_core,local_partition_rf,0,0.47,0,0.25
4790,2020-10,2020-06,4,0,True,0.0,master,valid_observed_phase_at_origin,ABCD,selection,1,16,spectral_core,local_partition_rf,0,0.42,0,0.26
4791,2020-10,2020-06,4,0,True,0.0,master,valid_observed_phase_at_origin,ABCD,selection,1,16,spectral_core,local_partition_rf,0,0.44,0,0.3
4792,2020-10,2020-06,4,0,True,0.0,master,valid_observed_phase_at_origin,ABCD,selection,1,16,spectral_core,local_partition_rf,1,0.55,0,0.24
4793,2020-10,2020-06,4,0,True,0.0,master,valid_observed_phase_at_origin,ABCD,selection,1,16,spectral_core,local_partition_rf,1,0.58,0,0.29
4794,2020-10,2020-06,4,0,True,0.0,master,valid_observed_phase_at_origin,ABCD,selection,1,16,spectral_core,local_partition_rf,1,0.6,0,0.26
4795,2020-10,2020-06,4,0,True,0.0,master,valid_observed_phase_at_origin,ABCD,selection,1,16,spectral_core,local_partition_rf,1,0.62,0,0.35
4796,2020-10,2020-06,4,0,True,0.0,master,valid_observed_phase_at_origin,ABCD,selection,1,16,spectral_core,local_partition_rf,0,0.49,0,0.25
4797,2020-10,2020-06,4,0,True,0.0,master,valid_observed_phase_at_origin,ABCD,selection,1,16,spectral_core,local_partition_rf,1,0.54,0,0.22
4798,2020-10,2020-06,4,0,True,0.0,master,valid_observed_phase_at_origin,ABCD,selection,1,16,spectral_core,local_partition_rf,0,0.5,0,0.28
4799,2020-10,2020-06,4,0,True,0.0,master,valid_observed_phase_at_origin,ABCD,selection,1,16,spectral_core,local_partition_rf,1,0.54,0,0.31
4800,2020-10,2020-06,4,0,True,0.0,master,valid_observed_phase_at_origin,ABCD,selection,1,16,spectral_core,local_partition_rf,0,0.5,0,0.25
4801,2020-10,2020-06,4,0,True,0.0,master,valid_observed_phase_at_origin,ABCD,selection,1,16,spectral_core,local_partition_rf,0,0.47,0,0.26
4802,2020-10,2020-06,4,0,True,0.0,master,valid_observed_phase_at_origin,ABCD,selection,1,16,spectral_core,local_partition_rf,0,0.28,0,0.17
4803,2020-10,2020-06,4,0,True,0.0,master,valid_observed_phase_at_origin,ABCD,selection,1,16,spectral_core,local_partition_rf,0,0.35,0,0.19
4804,2020-10,2020-06,4,0,True,0.0,master,valid_observed_phase_at_origin,ABCD,selection,1,16,spectral_core,local_partition_rf,1,0.59,0,0.29
4805,2020-10,2020-06,4,0,True,0.0,master,valid_observed_phase_at_origin,ABCD,selection,1,16,spectral_core,local_partition_rf,0,0.47,0,0.32
4806,2020-10,2020-06,4,0,True,0.0,master,valid_observed_phase_at_origin,ABCD,selection,1,16,spectral_core,local_partition_rf,0,0.27,0,0.18
4807,2020-10,2020-06,4,0,True,0.0,master,valid_observed_phase_at_origin,ABCD,selection,1,16,spectral_core,local_partition_rf,1,0.53,0,0.2
4808,2020-10,2020-06,4,0,True,0.0,master,valid_observed_phase_at_origin,ABCD,selection,1,16,spectral_core,local_partition_rf,0,0.19,0,0.18
4809,2020-10,2020-06,4,0,True,0.0,master,valid_observed_phase_at_origin,ABCD,selection,1,16,spectral_core,local_partition_rf,1,0.54,0,0.25
4810,2020-10,2020-06,4,0,True,0.0,master,valid_observed_phase_at_origin,ABCD,selection,1,16,spectral_core,local_partition_rf,0,0.5,0,0.21
4811,2020-10,2020-06,4,0,True,0.0,master,valid_observed_phase_at_origin,ABCD,selection,1,16,spectral_core,local_partition_rf,0,0.46,0,0.26
4812,2020-10,2020-06,4,0,True,0.0,master,valid_observed_phase_at_origin,ABCD,selection,1,16,spectral_core,local_partition_rf,0,0.34,0,0.15
4813,2020-10,2020-06,4,0,True,0.0,master,valid_observed_phase_at_origin,ABCD,selection,1,16,spectral_core,local_partition_rf,0,0.38,0,0.16
4814,2020-10,2020-06,4,0,True,0.0,master,valid_observed_phase_at_origin,ABCD,selection,1,16,spectral_core,local_partition_rf,0,0.28,0,0.13
4815,2020-10,2020-06,4,0,True,0.0,master,valid_observed_phase_at_origin,ABCD,selection,1,16,spectral_core,local_partition_rf,0,0.27,0,0.18
4816,2020-10,2020-06,4,0,True,0.0,master,valid_observed_phase_at_origin,ABCD,selection,1,16,spectral_core,local_partition_rf,0,0.39,0,0.13
4817,2020-10,2020-06,4,0,True,0.0,master,valid_observed_phase_at_origin,ABCD,selection,1,16,spectral_core,local_partition_rf,0,0.38,0,0.16
4818,2020-10,2020-06,4,0,True,0.0,master,valid_observed_phase_at_origin,ABCD,selection,1,16,spectral_core,local_partition_rf,0,0.38,0,0.18
4819,2020-10,2020-06,4,0,True,0.0,master,valid_observed_phase_at_origin,ABCD,selection,1,16,spectral_core,local_partition_rf,0,0.32,0,0.19
4820,2020-10,2020-06,4,0,True,0.0,master,valid_observed_phase_at_origin,ABCD,selection,1,16,spectral_core,local_partition_rf,0,0.38,0,0.2
4821,2020-10,2020-06,4,0,True,0.0,master,valid_observed_phase_at_origin,ABCD,selection,1,16,spectral_core,local_partition_rf,0,0.39,0,0.18
4822,2020-10,2020-06,4,0,True,0.0,master,valid_observed_phase_at_origin,ABCD,selection,1,16,spectral_core,local_partition_rf,0,0.48,0,0.27
4823,2020-10,2020-06,4,0,True,0.0,master,valid_observed_phase_at_origin,ABCD,selection,1,10,spectral_core,local_partition_rf,0,0.13,0,0.11
4824,2020-10,2020-06,4,0,True,1.0,master,valid_observed_phase_at_origin,ABCD,selection,1,16,spectral_core,local_partition_rf,0,0.5,1,0.52
4825,2020-10,2020-06,4,0,True,0.0,master,valid_observed_phase_at_origin,ABCD,selection,1,16,spectral_core,local_partition_rf,0,0.5,0,0.21
4826,2020-10,2020-06,4,0,True,0.0,master,valid_observed_phase_at_origin,ABCD,selection,1,16,spectral_core,local_partition_rf,0,0.49,0,0.2
4827,2020-10,2020-06,4,0,True,0.0,master,valid_observed_phase_at_origin,ABCD,selection,1,16,spectral_core,local_partition_rf,0,0.29,0,0.19
4828,2020-10,2020-06,4,0,True,0.0,master,valid_observed_phase_at_origin,ABCD,selection,1,16,spectral_core,local_partition_rf,0,0.12,0,0.11
4829,2020-10,2020-06,4,1,True,1.0,master,valid_observed_phase_at_origin,ABCD,selection,1,16,spectral_core,local_partition_rf,1,0.54,1,0.54
4830,2020-10,2020-06,4,0,True,0.0,master,valid_observed_phase_at_origin,ABCD,selection,1,10,spectral_core,local_partition_rf,0,0.2,0,0.1
4831,2020-10,2020-06,4,0,True,0.0,master,valid_observed_phase_at_origin,ABCD,selection,1,16,spectral_core,local_partition_rf,0,0.29,0,0.22
4832,2020-10,2020-06,4,0,True,0.0,master,valid_observed_phase_at_origin,ABCD,selection,1,16,spectral_core,local_partition_rf,0,0.47,0,0.23
4833,2020-10,2020-06,4,0,True,0.0,master,valid_observed_phase_at_origin,ABCD,selection,1,16,spectral_core,local_partition_rf,0,0.16,0,0.13
4834,2020-10,2020-06,4,0,True,0.0,master,valid_observed_phase_at_origin,ABCD,selection,1,16,spectral_core,local_partition_rf,0,0.4,0,0.25
4835,2020-10,2020-06,4,0,True,0.0,master,valid_observed_phase_at_origin,ABCD,selection,1,16,spectral_core,local_partition_rf,0,0.3,0,0.21
4836,2020-10,2020-06,4,0,True,0.0,master,valid_observed_phase_at_origin,ABCD,selection,1,16,spectral_core,local_partition_rf,0,0.29,0,0.21
4837,2020-10,2020-06,4,0,True,0.0,master,valid_observed_phase_at_origin,ABCD,selection,1,16,spectral_core,local_partition_rf,0,0.19,0,0.12
4838,2020-10,2020-06,4,0,True,0.0,master,valid_observed_phase_at_origin,ABCD,selection,1,16,spectral_core,local_partition_rf,0,0.49,0,0.2
4839,2020-10,2020-06,4,0,True,0.0,master,valid_observed_phase_at_origin,ABCD,selection,1,16,spectral_core,local_partition_rf,0,0.39,0,0.21
4840,2020-10,2020-06,4,0,True,0.0,master,valid_observed_phase_at_origin,ABCD,selection,1,16,spectral_core,local_partition_rf,0,0.19,0,0.14
4841,2020-10,2020-06,4,0,True,0.0,master,valid_observed_phase_at_origin,ABCD,selection,1,16,spectral_core,local_partition_rf,0,0.19,0,0.14
4842,2020-10,2020-06,4,0,True,0.0,master,valid_observed_phase_at_origin,ABCD,selection,1,16,spectral_core,local_partition_rf,0,0.47,0,0.22
4843,2020-10,2020-06,4,0,True,0.0,master,valid_observed_phase_at_origin,ABCD,selection,1,16,spectral_core,local_partition_rf,0,0.43,0,0.25
4844,2020-10,2020-06,4,0,True,0.0,master,valid_observed_phase_at_origin,ABCD,selection,1,16,spectral_core,local_partition_rf,0,0.26,0,0.18
4845,2020-10,2020-06,4,0,True,0.0,master,valid_observed_phase_at_origin,ABCD,selection,1,10,spectral_core,local_partition_rf,0,0.16,0,0.1
4846,2020-10,2020-06,4,0,True,0.0,master,valid_observed_phase_at_origin,ABCD,selection,1,16,spectral_core,local_partition_rf,0,0.38,0,0.19
4847,2020-10,2020-06,4,0,True,0.0,master,valid_observed_phase_at_origin,ABCD,selection,1,16,spectral_core,local_partition_rf,0,0.19,0,0.13
4848,2020-10,2020-06,4,0,True,0.0,master,valid_observed_phase_at_origin,ABCD,selection,1,10,spectral_core,local_partition_rf,0,0.15,0,0.16
4849,2020-10,2020-06,4,0,True,0.0,master,valid_observed_phase_at_origin,ABCD,selection,1,16,spectral_core,local_partition_rf,0,0.48,0,0.22
4850,2020-10,2020-06,4,0,True,0.0,master,valid_observed_phase_at_origin,ABCD,selection,1,16,spectral_core,local_partition_rf,0,0.26,0,0.18
4851,2020-10,2020-06,4,0,True,0.0,master,valid_observed_phase_at_origin,ABCD,selection,1,16,spectral_core,local_partition_rf,0,0.38,0,0.15
4852,2020-10,2020-06,4,0,True,0.0,master,valid_observed_phase_at_origin,ABCD,selection,1,16,spectral_core,local_partition_rf,0,0.44,0,0.29
4853,2020-10,2020-06,4,0,True,0.0,master,valid_observed_phase_at_origin,ABCD,selection,1,16,spectral_core,local_partition_rf,0,0.19,0,0.14
4854,2020-10,2020-06,4,0,True,0.0,master,valid_observed_phase_at_origin,ABCD,selection,1,16,spectral_core,local_partition_rf,0,0.26,0,0.24
4855,2020-10,2020-06,4,0,True,0.0,master,valid_observed_phase_at_origin,ABCD,selection,1,16,spectral_core,local_partition_rf,0,0.35,0,0.16
4856,2020-10,2020-06,4,0,True,0.0,master,valid_observed_phase_at_origin,ABCD,selection,1,16,spectral_core,local_partition_rf,0,0.23,0,0.11
4857,2020-10,2020-06,4,0,True,0.0,master,valid_observed_phase_at_origin,ABCD,selection,1,16,spectral_core,local_partition_rf,0,0.31,0,0.23
4858,2020-10,2020-06,4,0,True,0.0,master,valid_observed_phase_at_origin,ABCD,selection,1,16,spectral_core,local_partition_rf,0,0.36,0,0.17
4859,2020-10,2020-06,4,0,True,0.0,master,valid_observed_phase_at_origin,ABCD,selection,1,16,spectral_core,local_partition_rf,0,0.25,0,0.18
4860,2020-10,2020-06,4,0,True,0.0,master,valid_observed_phase_at_origin,ABCD,selection,1,10,spectral_core,local_partition_rf,0,0.22,0,0.18
4861,2020-10,2020-06,4,0,True,0.0,master,valid_observed_phase_at_origin,ABCD,selection,1,16,spectral_core,local_partition_rf,0,0.31,0,0.17
4862,2020-10,2020-06,4,0,True,0.0,master,valid_observed_phase_at_origin,ABCD,selection,1,17,spectral_core,local_partition_rf,0,0.34,0,0.18
4863,2020-10,2020-06,4,0,True,0.0,master,valid_observed_phase_at_origin,ABCD,selection,1,16,spectral_core,local_partition_rf,0,0.29,0,0.17
4864,2020-10,2020-06,4,0,True,0.0,master,valid_observed_phase_at_origin,ABCD,selection,1,16,spectral_core,local_partition_rf,0,0.36,0,0.18
4865,2020-10,2020-06,4,0,True,0.0,master,valid_observed_phase_at_origin,ABCD,selection,1,16,spectral_core,local_partition_rf,0,0.2,0,0.1
4866,2020-10,2020-06,4,0,True,0.0,master,valid_observed_phase_at_origin,ABCD,selection,1,16,spectral_core,local_partition_rf,0,0.38,0,0.17
4867,2020-10,2020-06,4,0,True,0.0,master,valid_observed_phase_at_origin,ABCD,selection,1,16,spectral_core,local_partition_rf,0,0.25,0,0.19
4868,2020-10,2020-06,4,0,True,0.0,master,valid_observed_phase_at_origin,ABCD,selection,1,16,spectral_core,local_partition_rf,0,0.21,0,0.1
4869,2020-10,2020-06,4,0,True,0.0,master,valid_observed_phase_at_origin,ABCD,selection,1,16,spectral_core,local_partition_rf,0,0.36,0,0.14
4870,2020-10,2020-06,4,0,True,0.0,master,valid_observed_phase_at_origin,ABCD,selection,1,17,spectral_core,local_partition_rf,0,0.31,0,0.17
4871,2020-10,2020-06,4,0,True,0.0,master,valid_observed_phase_at_origin,ABCD,selection,1,10,spectral_core,local_partition_rf,0,0.22,0,0.2
4872,2020-10,2020-06,4,0,True,0.0,master,valid_observed_phase_at_origin,ABCD,selection,1,16,spectral_core,local_partition_rf,0,0.22,0,0.18
4873,2020-10,2020-06,4,0,True,0.0,master,valid_observed_phase_at_origin,ABCD,selection,1,10,spectral_core,local_partition_rf,0,0.2,0,0.23
4874,2020-10,2020-06,4,0,True,0.0,master,valid_observed_phase_at_origin,ABCD,selection,1,10,spectral_core,local_partition_rf,0,0.18,0,0.27
4875,2020-10,2020-06,4,0,True,0.0,master,valid_observed_phase_at_origin,ABCD,selection,1,10,spectral_core,local_partition_rf,0,0.12,0,0.15
4876,2020-10,2020-06,4,0,True,0.0,master,valid_observed_phase_at_origin,ABCD,selection,1,10,spectral_core,local_partition_rf,0,0.23,0,0.16
4877,2020-10,2020-06,4,0,True,0.0,master,valid_observed_phase_at_origin,ABCD,selection,1,10,spectral_core,local_partition_rf,0,0.13,0,0.12
4878,2020-10,2020-06,4,0,True,0.0,master,valid_observed_phase_at_origin,ABCD,selection,1,10,spectral_core,local_partition_rf,0,0.13,0,0.1
4879,2020-10,2020-06,4,0,True,0.0,master,valid_observed_phase_at_origin,ABCD,selection,1,10,spectral_core,local_partition_rf,0,0.14,0,0.12
4880,2020-10,2020-06,4,0,True,0.0,master,valid_observed_phase_at_origin,ABCD,selection,1,10,spectral_core,local_partition_rf,0,0.17,0,0.16
4881,2020-10,2020-06,4,0,True,0.0,master,valid_observed_phase_at_origin,ABCD,selection,1,10,spectral_core,local_partition_rf,0,0.18,0,0.11
4882,2020-10,2020-06,4,0,True,0.0,master,valid_observed_phase_at_origin,ABCD,selection,1,10,spectral_core,local_partition_rf,0,0.24,0,0.21
4883,2020-10,2020-06,4,0,True,0.0,master,valid_observed_phase_at_origin,ABCD,selection,1,10,spectral_core,local_partition_rf,0,0.14,0,0.19
4884,2020-10,2020-06,4,0,True,0.0,master,valid_observed_phase_at_origin,ABCD,selection,1,10,spectral_core,local_partition_rf,0,0.17,0,0.11
4885,2020-10,2020-06,4,0,True,0.0,master,valid_observed_phase_at_origin,ABCD,selection,1,10,spectral_core,local_partition_rf,0,0.23,0,0.12
4886,2020-10,2020-06,4,0,True,0.0,master,valid_observed_phase_at_origin,ABCD,selection,1,10,spectral_core,local_partition_rf,0,0.2,0,0.12
4887,2020-10,2020-06,4,0,True,0.0,master,valid_observed_phase_at_origin,ABCD,selection,1,10,spectral_core,local_partition_rf,0,0.2,0,0.19
4888,2020-10,2020-06,4,0,True,0.0,master,valid_observed_phase_at_origin,ABCD,selection,1,16,spectral_core,local_partition_rf,0,0.28,0,0.13
4889,2020-10,2020-06,4,0,True,0.0,master,valid_observed_phase_at_origin,ABCD,selection,1,10,spectral_core,local_partition_rf,0,0.22,0,0.27
4890,2020-10,2020-06,4,0,True,1.0,master,valid_observed_phase_at_origin,ABCD,selection,1,10,spectral_core,local_partition_rf,0,0.31,1,0.51
4891,2020-10,2020-06,4,0,True,0.0,master,valid_observed_phase_at_origin,ABCD,selection,1,10,spectral_core,local_partition_rf,0,0.14,0,0.12
4892,2020-10,2020-06,4,0,True,0.0,master,valid_observed_phase_at_origin,ABCD,selection,1,10,spectral_core,local_partition_rf,0,0.13,0,0.12
4893,2020-10,2020-06,4,0,True,0.0,master,valid_observed_phase_at_origin,ABCD,selection,1,10,spectral_core,local_partition_rf,0,0.48,0,0.3
4894,2020-10,2020-06,4,0,True,0.0,master,valid_observed_phase_at_origin,ABCD,selection,1,10,spectral_core,local_partition_rf,0,0.35,0,0.18
4895,2020-10,2020-06,4,0,True,0.0,master,valid_observed_phase_at_origin,ABCD,selection,1,10,spectral_core,local_partition_rf,0,0.38,0,0.16
4896,2020-10,2020-06,4,0,True,0.0,master,valid_observed_phase_at_origin,ABCD,selection,1,10,spectral_core,local_partition_rf,0,0.36,0,0.2
4897,2020-10,2020-06,4,1,True,0.0,master,valid_observed_phase_at_origin,ABCD,selection,1,10,spectral_core,local_partition_rf,0,0.37,0,0.21
4898,2020-10,2020-06,4,0,True,1.0,master,valid_observed_phase_at_origin,ABCD,selection,1,10,spectral_core,local_partition_rf,1,0.51,0,0.4
4899,2020-10,2020-06,4,0,True,0.0,master,valid_observed_phase_at_origin,ABCD,selection,1,10,spectral_core,local_partition_rf,0,0.29,0,0.18
4900,2020-10,2020-06,4,0,True,0.0,master,valid_observed_phase_at_origin,ABCD,selection,1,10,spectral_core,local_partition_rf,0,0.31,0,0.22
4901,2020-10,2020-06,4,0,True,0.0,master,valid_observed_phase_at_origin,ABCD,selection,1,10,spectral_core,local_partition_rf,0,0.29,0,0.23
4902,2020-10,2020-06,4,0,True,0.0,master,valid_observed_phase_at_origin,ABCD,selection,1,10,spectral_core,local_partition_rf,0,0.38,0,0.17
4903,2020-10,2020-06,4,0,True,0.0,master,valid_observed_phase_at_origin,ABCD,selection,1,10,spectral_core,local_partition_rf,0,0.31,0,0.21
4904,2020-10,2020-06,4,0,True,0.0,master,valid_observed_phase_at_origin,ABCD,selection,1,10,spectral_core,local_partition_rf,0,0.18,0,0.13
4905,2020-10,2020-06,4,0,True,0.0,master,valid_observed_phase_at_origin,ABCD,selection,1,16,spectral_core,local_partition_rf,0,0.48,0,0.18
4906,2020-10,2020-06,4,0,True,0.0,master,valid_observed_phase_at_origin,ABCD,selection,1,10,spectral_core,local_partition_rf,0,0.2,0,0.14
4907,2020-10,2020-06,4,0,True,1.0,master,valid_observed_phase_at_origin,ABCD,selection,1,16,spectral_core,local_partition_rf,1,0.6,0,0.46
4908,2020-10,2020-06,4,0,True,0.0,master,valid_observed_phase_at_origin,ABCD,selection,1,10,spectral_core,local_partition_rf,0,0.25,0,0.19
4909,2020-10,2020-06,4,0,True,0.0,master,valid_observed_phase_at_origin,ABCD,selection,1,16,spectral_core,local_partition_rf,0,0.47,0,0.18
4910,2020-10,2020-06,4,0,True,0.0,master,valid_observed_phase_at_origin,ABCD,selection,1,16,spectral_core,local_partition_rf,0,0.48,0,0.21
4911,2020-10,2020-06,4,0,True,0.0,master,valid_observed_phase_at_origin,ABCD,selection,1,10,spectral_core,local_partition_rf,0,0.29,0,0.16
4912,2020-10,2020-06,4,0,True,0.0,master,valid_observed_phase_at_origin,ABCD,selection,1,10,spectral_core,local_partition_rf,0,0.26,0,0.17
4913,2020-10,2020-06,4,0,True,0.0,master,valid_observed_phase_at_origin,ABCD,selection,1,16,spectral_core,local_partition_rf,0,0.45,0,0.2
4914,2020-10,2020-06,4,0,True,0.0,master,valid_observed_phase_at_origin,ABCD,selection,1,16,spectral_core,local_partition_rf,0,0.29,0,0.2
4915,2020-10,2020-06,4,0,True,0.0,master,valid_observed_phase_at_origin,ABCD,selection,1,10,spectral_core,local_partition_rf,0,0.31,0,0.23
4916,2020-10,2020-06,4,0,True,0.0,master,valid_observed_phase_at_origin,ABCD,selection,1,10,spectral_core,local_partition_rf,0,0.36,0,0.26
4917,2020-10,2020-06,4,0,True,0.0,master,valid_observed_phase_at_origin,ABCD,selection,1,10,spectral_core,local_partition_rf,0,0.28,0,0.24
4918,2020-10,2020-06,4,0,True,0.0,master,valid_observed_phase_at_origin,ABCD,selection,1,10,spectral_core,local_partition_rf,0,0.32,0,0.22
4919,2020-10,2020-06,4,0,True,0.0,master,valid_observed_phase_at_origin,ABCD,selection,1,10,spectral_core,local_partition_rf,0,0.28,0,0.21
4920,2020-10,2020-06,4,0,True,0.0,master,valid_observed_phase_at_origin,ABCD,selection,1,10,spectral_core,local_partition_rf,0,0.32,0,0.31
4921,2020-10,2020-06,4,0,True,0.0,master,valid_observed_phase_at_origin,ABCD,selection,1,10,spectral_core,local_partition_rf,0,0.27,0,0.26
4922,2020-10,2020-06,4,0,True,0.0,master,valid_observed_phase_at_origin,ABCD,selection,1,10,spectral_core,local_partition_rf,0,0.32,0,0.26
4923,2020-10,2020-06,4,0,True,0.0,master,valid_observed_phase_at_origin,ABCD,selection,1,10,spectral_core,local_partition_rf,0,0.26,0,0.21
4924,2020-10,2020-06,4,0,True,0.0,master,valid_observed_phase_at_origin,ABCD,selection,1,10,spectral_core,local_partition_rf,0,0.25,0,0.23
4925,2020-10,2020-06,4,0,True,0.0,master,valid_observed_phase_at_origin,ABCD,selection,1,10,spectral_core,local_partition_rf,0,0.28,0,0.26
4926,2020-10,2020-06,4,0,True,0.0,master,valid_observed_phase_at_origin,ABCD,selection,1,10,spectral_core,local_partition_rf,0,0.24,0,0.25
4927,2020-10,2020-06,4,0,True,0.0,master,valid_observed_phase_at_origin,ABCD,selection,1,10,spectral_core,local_partition_rf,0,0.28,0,0.22
4928,2020-10,2020-06,4,0,True,0.0,master,valid_observed_phase_at_origin,ABCD,selection,1,10,spectral_core,local_partition_rf,0,0.3,0,0.26
4929,2020-10,2020-06,4,0,True,0.0,master,valid_observed_phase_at_origin,ABCD,selection,1,10,spectral_core,local_partition_rf,0,0.27,0,0.17
4930,2020-10,2020-06,4,0,True,0.0,master,valid_observed_phase_at_origin,ABCD,selection,1,10,spectral_core,local_partition_rf,0,0.35,0,0.24
4931,2020-10,2020-06,4,0,True,0.0,master,valid_observed_phase_at_origin,ABCD,selection,1,10,spectral_core,local_partition_rf,0,0.27,0,0.24
4932,2020-10,2020-06,4,0,True,0.0,master,valid_observed_phase_at_origin,ABCD,selection,1,10,spectral_core,local_partition_rf,0,0.27,0,0.24
4933,2020-10,2020-06,4,0,True,0.0,master,valid_observed_phase_at_origin,ABCD,selection,1,10,spectral_core,local_partition_rf,0,0.27,0,0.27
4934,2020-10,2020-06,4,0,True,0.0,master,valid_observed_phase_at_origin,ABCD,selection,1,10,spectral_core,local_partition_rf,0,0.27,0,0.21
4935,2020-10,2020-06,4,0,True,0.0,master,valid_observed_phase_at_origin,ABCD,selection,1,10,spectral_core,local_partition_rf,0,0.3,0,0.22
4936,2020-10,2020-06,4,0,True,0.0,master,valid_observed_phase_at_origin,ABCD,selection,1,10,spectral_core,local_partition_rf,0,0.36,0,0.37
4937,2020-10,2020-06,4,0,True,0.0,master,valid_observed_phase_at_origin,ABCD,selection,1,10,spectral_core,local_partition_rf,0,0.2,0,0.15
4938,2020-10,2020-06,4,0,True,0.0,master,valid_observed_phase_at_origin,ABCD,selection,1,10,spectral_core,local_partition_rf,0,0.34,0,0.24
4939,2020-10,2020-06,4,0,True,0.0,master,valid_observed_phase_at_origin,ABCD,selection,1,10,spectral_core,local_partition_rf,0,0.35,0,0.23
4940,2020-10,2020-06,4,0,True,1.0,master,valid_observed_phase_at_origin,ABCD,selection,1,10,spectral_core,local_partition_rf,1,0.62,1,0.52
4941,2020-10,2020-06,4,0,True,0.0,master,valid_observed_phase_at_origin,ABCD,selection,1,10,spectral_core,local_partition_rf,1,0.52,0,0.39
4942,2020-10,2020-06,4,0,True,1.0,master,valid_observed_phase_at_origin,ABCD,selection,1,10,spectral_core,local_partition_rf,1,0.81,1,0.71
4943,2020-10,2020-06,4,0,True,1.0,master,valid_observed_phase_at_origin,ABCD,selection,1,10,spectral_core,local_partition_rf,1,0.77,1,0.7
4944,2020-10,2020-06,4,0,True,0.0,master,valid_observed_phase_at_origin,ABCD,selection,1,10,spectral_core,local_partition_rf,0,0.36,0,0.32
4945,2020-10,2020-06,4,0,True,0.0,master,valid_observed_phase_at_origin,ABCD,selection,1,10,spectral_core,local_partition_rf,0,0.34,0,0.26
4946,2020-10,2020-06,4,0,True,1.0,master,valid_observed_phase_at_origin,ABCD,selection,1,10,spectral_core,local_partition_rf,1,0.67,1,0.62
4947,2020-10,2020-06,4,0,True,0.0,master,valid_observed_phase_at_origin,ABCD,selection,1,10,spectral_core,local_partition_rf,0,0.37,0,0.3
4948,2020-10,2020-06,4,0,True,1.0,master,valid_observed_phase_at_origin,ABCD,selection,1,10,spectral_core,local_partition_rf,1,0.6,1,0.51
4949,2020-10,2020-06,4,0,True,1.0,master,valid_observed_phase_at_origin,ABCD,selection,1,10,spectral_core,local_partition_rf,1,0.64,1,0.52
4950,2020-10,2020-06,4,0,True,1.0,master,valid_observed_phase_at_origin,ABCD,selection,1,10,spectral_core,local_partition_rf,1,0.59,1,0.51
4951,2020-10,2020-06,4,0,True,1.0,master,valid_observed_phase_at_origin,ABCD,selection,1,10,spectral_core,local_partition_rf,1,0.59,1,0.56
4952,2020-10,2020-06,4,0,True,0.0,master,valid_observed_phase_at_origin,ABCD,selection,1,16,spectral_core,local_partition_rf,1,0.57,0,0.45
4953,2020-10,2020-06,4,0,True,0.0,master,valid_observed_phase_at_origin,ABCD,selection,1,10,spectral_core,local_partition_rf,0,0.49,0,0.42
4954,2020-10,2020-06,4,0,True,1.0,master,valid_observed_phase_at_origin,ABCD,selection,1,10,spectral_core,local_partition_rf,1,0.64,0,0.48
4955,2020-10,2020-06,4,0,True,1.0,master,valid_observed_phase_at_origin,ABCD,selection,1,10,spectral_core,local_partition_rf,1,0.78,1,0.67
4956,2020-10,2020-06,4,0,True,1.0,master,valid_observed_phase_at_origin,ABCD,selection,1,10,spectral_core,local_partition_rf,1,0.65,1,0.62
4957,2020-10,2020-06,4,0,True,1.0,master,valid_observed_phase_at_origin,ABCD,selection,1,10,spectral_core,local_partition_rf,1,0.66,1,0.58
4958,2020-10,2020-06,4,0,True,1.0,master,valid_observed_phase_at_origin,ABCD,selection,1,10,spectral_core,local_partition_rf,1,0.6,1,0.6
4959,2020-10,2020-06,4,0,True,1.0,master,valid_observed_phase_at_origin,ABCD,selection,1,10,spectral_core,local_partition_rf,1,0.54,1,0.51
4960,2020-10,2020-06,4,0,True,1.0,master,valid_observed_phase_at_origin,ABCD,selection,1,10,spectral_core,local_partition_rf,1,0.66,1,0.68
4961,2020-10,2020-06,4,0,True,0.0,master,valid_observed_phase_at_origin,ABCD,selection,1,10,spectral_core,local_partition_rf,0,0.4,0,0.33
4962,2020-10,2020-06,4,0,True,1.0,master,valid_observed_phase_at_origin,ABCD,selection,1,10,spectral_core,local_partition_rf,1,0.66,1,0.6
4963,2020-10,2020-06,4,0,True,1.0,master,valid_observed_phase_at_origin,ABCD,selection,1,10,spectral_core,local_partition_rf,1,0.56,1,0.55
4964,2020-10,2020-06,4,0,True,1.0,master,valid_observed_phase_at_origin,ABCD,selection,1,10,spectral_core,local_partition_rf,1,0.75,1,0.64
4965,2020-10,2020-06,4,0,True,0.0,master,valid_observed_phase_at_origin,ABCD,selection,1,17,spectral_core,local_partition_rf,0,0.44,0,0.35
4966,2020-10,2020-06,4,1,True,0.0,master,valid_observed_phase_at_origin,ABCD,selection,1,10,spectral_core,local_partition_rf,0,0.39,0,0.28
4967,2020-10,2020-06,4,1,True,0.0,master,valid_observed_phase_at_origin,ABCD,selection,1,10,spectral_core,local_partition_rf,0,0.39,0,0.2
4968,2020-10,2020-06,4,0,True,1.0,master,valid_observed_phase_at_origin,ABCD,selection,1,10,spectral_core,local_partition_rf,0,0.34,1,0.51
4969,2020-10,2020-06,4,0,True,0.0,master,valid_observed_phase_at_origin,ABCD,selection,1,10,spectral_core,local_partition_rf,0,0.33,0,0.21
4970,2020-10,2020-06,4,0,True,0.0,master,valid_observed_phase_at_origin,ABCD,selection,1,10,spectral_core,local_partition_rf,0,0.33,0,0.24
4971,2020-10,2020-06,4,0,True,0.0,master,valid_observed_phase_at_origin,ABCD,selection,1,10,spectral_core,local_partition_rf,0,0.32,0,0.22
4972,2020-10,2020-06,4,0,True,0.0,master,valid_observed_phase_at_origin,ABCD,selection,1,10,spectral_core,local_partition_rf,0,0.34,0,0.28
4973,2020-10,2020-06,4,0,True,0.0,master,valid_observed_phase_at_origin,ABCD,selection,1,10,spectral_core,local_partition_rf,0,0.2,0,0.15
4974,2020-10,2020-06,4,0,True,0.0,master,valid_observed_phase_at_origin,ABCD,selection,1,10,spectral_core,local_partition_rf,0,0.38,0,0.26
4975,2020-10,2020-06,4,0,True,0.0,master,valid_observed_phase_at_origin,ABCD,selection,1,10,spectral_core,local_partition_rf,0,0.39,0,0.25
4976,2020-10,2020-06,4,0,True,0.0,master,valid_observed_phase_at_origin,ABCD,selection,1,10,spectral_core,local_partition_rf,0,0.4,0,0.31
4977,2020-10,2020-06,4,0,True,0.0,master,valid_observed_phase_at_origin,ABCD,selection,1,10,spectral_core,local_partition_rf,0,0.35,0,0.23
4978,2020-10,2020-06,4,0,True,0.0,master,valid_observed_phase_at_origin,ABCD,selection,1,10,spectral_core,local_partition_rf,0,0.4,0,0.33
4979,2020-10,2020-06,4,0,True,0.0,master,valid_observed_phase_at_origin,ABCD,selection,1,10,spectral_core,local_partition_rf,0,0.31,0,0.28
4980,2020-10,2020-06,4,0,True,0.0,master,valid_observed_phase_at_origin,ABCD,selection,1,10,spectral_core,local_partition_rf,0,0.37,0,0.26
4981,2020-10,2020-06,4,1,True,0.0,master,valid_observed_phase_at_origin,ABCD,selection,1,10,spectral_core,local_partition_rf,0,0.31,0,0.31
4982,2020-10,2020-06,4,1,True,1.0,master,valid_observed_phase_at_origin,ABCD,selection,1,10,spectral_core,local_partition_rf,0,0.37,0,0.46
4983,2020-10,2020-06,4,0,True,0.0,master,valid_observed_phase_at_origin,ABCD,selection,1,10,spectral_core,local_partition_rf,0,0.41,0,0.29
4984,2020-10,2020-06,4,0,True,0.0,master,valid_observed_phase_at_origin,ABCD,selection,1,10,spectral_core,local_partition_rf,0,0.23,0,0.18
4985,2020-10,2020-06,4,0,True,0.0,master,valid_observed_phase_at_origin,ABCD,selection,1,17,spectral_core,local_partition_rf,0,0.36,0,0.36
4986,2020-10,2020-06,4,0,True,0.0,master,valid_observed_phase_at_origin,ABCD,selection,1,10,spectral_core,local_partition_rf,0,0.38,0,0.3
4987,2020-10,2020-06,4,0,True,0.0,master,valid_observed_phase_at_origin,ABCD,selection,1,17,spectral_core,local_partition_rf,0,0.38,0,0.32
4988,2020-10,2020-06,4,0,True,0.0,master,valid_observed_phase_at_origin,ABCD,selection,1,10,spectral_core,local_partition_rf,0,0.42,0,0.35
4989,2020-10,2020-06,4,0,True,0.0,master,valid_observed_phase_at_origin,ABCD,selection,1,10,spectral_core,local_partition_rf,0,0.33,0,0.23
4990,2020-10,2020-06,4,0,True,0.0,master,valid_observed_phase_at_origin,ABCD,selection,1,10,spectral_core,local_partition_rf,0,0.37,0,0.26
4991,2020-10,2020-06,4,1,True,0.0,master,valid_observed_phase_at_origin,ABCD,selection,1,10,spectral_core,local_partition_rf,0,0.36,0,0.26
4992,2020-10,2020-06,4,0,True,0.0,master,valid_observed_phase_at_origin,ABCD,selection,1,10,spectral_core,local_partition_rf,0,0.32,0,0.24
4993,2020-10,2020-06,4,0,True,0.0,master,valid_observed_phase_at_origin,ABCD,selection,1,10,spectral_core,local_partition_rf,0,0.34,0,0.2
4994,2020-10,2020-06,4,0,True,0.0,master,valid_observed_phase_at_origin,ABCD,selection,1,10,spectral_core,local_partition_rf,0,0.33,0,0.2
4995,2020-10,2020-06,4,0,True,0.0,master,valid_observed_phase_at_origin,ABCD,selection,1,17,spectral_core,local_partition_rf,0,0.35,0,0.2
4996,2020-10,2020-06,4,0,True,0.0,master,valid_observed_phase_at_origin,ABCD,selection,1,10,spectral_core,local_partition_rf,0,0.32,0,0.21
4997,2020-10,2020-06,4,0,True,0.0,master,valid_observed_phase_at_origin,ABCD,selection,1,10,spectral_core,local_partition_rf,0,0.35,0,0.17
4998,2020-10,2020-06,4,0,True,0.0,master,valid_observed_phase_at_origin,ABCD,selection,1,17,spectral_core,local_partition_rf,0,0.32,0,0.23
4999,2020-10,2020-06,4,1,True,1.0,master,valid_observed_phase_at_origin,ABCD,selection,1,10,spectral_core,local_partition_rf,0,0.44,0,0.42
5000,2020-10,2020-06,4,0,True,0.0,master,valid_observed_phase_at_origin,ABCD,selection,1,17,spectral_core,local_partition_rf,0,0.44,0,0.35
5001,2020-10,2020-06,4,0,True,0.0,master,valid_observed_phase_at_origin,ABCD,selection,1,10,spectral_core,local_partition_rf,0,0.28,0,0.26
5002,2020-10,2020-06,4,0,True,0.0,master,valid_observed_phase_at_origin,ABCD,selection,1,10,spectral_core,local_partition_rf,0,0.29,0,0.21
5003,2020-10,2020-06,4,0,True,0.0,master,valid_observed_phase_at_origin,ABCD,selection,1,10,spectral_core,local_partition_rf,0,0.29,0,0.17
5004,2020-10,2020-06,4,0,True,0.0,master,valid_observed_phase_at_origin,ABCD,selection,1,10,spectral_core,local_partition_rf,0,0.3,0,0.18
5005,2020-10,2020-06,4,0,True,0.0,master,valid_observed_phase_at_origin,ABCD,selection,1,17,spectral_core,local_partition_rf,0,0.34,0,0.27
5006,2020-10,2020-06,4,0,True,0.0,master,valid_observed_phase_at_origin,ABCD,selection,1,10,spectral_core,local_partition_rf,0,0.37,0,0.26
5007,2020-10,2020-06,4,0,True,0.0,master,valid_observed_phase_at_origin,ABCD,selection,1,10,spectral_core,local_partition_rf,0,0.41,0,0.29
5008,2020-10,2020-06,4,0,True,0.0,master,valid_observed_phase_at_origin,ABCD,selection,1,10,spectral_core,local_partition_rf,0,0.36,0,0.28
5009,2020-10,2020-06,4,0,True,0.0,master,valid_observed_phase_at_origin,ABCD,selection,1,10,spectral_core,local_partition_rf,0,0.39,0,0.24
5010,2020-10,2020-06,4,0,True,0.0,master,valid_observed_phase_at_origin,ABCD,selection,1,10,spectral_core,local_partition_rf,0,0.24,0,0.28
5011,2020-10,2020-06,4,0,True,0.0,master,valid_observed_phase_at_origin,ABCD,selection,1,10,spectral_core,local_partition_rf,0,0.29,0,0.24
5012,2020-10,2020-06,4,0,True,0.0,master,valid_observed_phase_at_origin,ABCD,selection,1,10,spectral_core,local_partition_rf,0,0.36,0,0.3
5013,2020-10,2020-06,4,0,True,0.0,master,valid_observed_phase_at_origin,ABCD,selection,1,10,spectral_core,local_partition_rf,0,0.43,0,0.24
5014,2020-10,2020-06,4,0,True,0.0,master,valid_observed_phase_at_origin,ABCD,selection,1,10,spectral_core,local_partition_rf,0,0.31,0,0.22
5015,2020-10,2020-06,4,0,True,1.0,master,valid_observed_phase_at_origin,ABCD,selection,1,10,spectral_core,local_partition_rf,0,0.35,0,0.41
5016,2020-10,2020-06,4,0,True,0.0,master,valid_observed_phase_at_origin,ABCD,selection,1,17,spectral_core,local_partition_rf,0,0.37,0,0.29
5017,2020-10,2020-06,4,0,True,0.0,master,valid_observed_phase_at_origin,ABCD,selection,1,10,spectral_core,local_partition_rf,0,0.35,0,0.31
5018,2020-10,2020-06,4,0,True,0.0,master,valid_observed_phase_at_origin,ABCD,selection,1,10,spectral_core,local_partition_rf,0,0.32,0,0.27
5019,2020-10,2020-06,4,0,True,0.0,master,valid_observed_phase_at_origin,ABCD,selection,1,10,spectral_core,local_partition_rf,0,0.38,0,0.26
5020,2020-10,2020-06,4,0,True,0.0,master,valid_observed_phase_at_origin,ABCD,selection,1,10,spectral_core,local_partition_rf,0,0.36,0,0.27
5021,2020-10,2020-06,4,0,True,0.0,master,valid_observed_phase_at_origin,ABCD,selection,1,10,spectral_core,local_partition_rf,0,0.36,0,0.26
5022,2020-10,2020-06,4,0,True,0.0,master,valid_observed_phase_at_origin,ABCD,selection,1,10,spectral_core,local_partition_rf,0,0.29,0,0.19
5023,2020-10,2020-06,4,0,True,0.0,master,valid_observed_phase_at_origin,ABCD,selection,1,10,spectral_core,local_partition_rf,0,0.3,0,0.25
5024,2020-10,2020-06,4,0,True,0.0,master,valid_observed_phase_at_origin,ABCD,selection,1,17,spectral_core,local_partition_rf,0,0.34,0,0.24
5025,2020-10,2020-06,4,0,True,0.0,master,valid_observed_phase_at_origin,ABCD,selection,1,17,spectral_core,local_partition_rf,0,0.46,0,0.3
5026,2020-10,2020-06,4,0,True,0.0,master,valid_observed_phase_at_origin,ABCD,selection,1,17,spectral_core,local_partition_rf,0,0.4,0,0.27
5027,2020-10,2020-06,4,0,True,0.0,master,valid_observed_phase_at_origin,ABCD,selection,1,17,spectral_core,local_partition_rf,0,0.35,0,0.17
5028,2020-10,2020-06,4,1,True,1.0,master,valid_observed_phase_at_origin,ABCD,selection,1,17,spectral_core,local_partition_rf,0,0.49,1,0.55
5029,2020-10,2020-06,4,0,True,0.0,master,valid_observed_phase_at_origin,ABCD,selection,1,17,spectral_core,local_partition_rf,0,0.36,0,0.34
5030,2020-10,2020-06,4,0,True,0.0,master,valid_observed_phase_at_origin,ABCD,selection,1,17,spectral_core,local_partition_rf,0,0.36,0,0.28
5031,2020-10,2020-06,4,1,True,1.0,master,valid_observed_phase_at_origin,ABCD,selection,1,17,spectral_core,local_partition_rf,1,0.52,1,0.6
5032,2020-10,2020-06,4,0,True,0.0,master,valid_observed_phase_at_origin,ABCD,selection,1,17,spectral_core,local_partition_rf,0,0.43,0,0.32
5033,2020-10,2020-06,4,0,True,0.0,master,valid_observed_phase_at_origin,ABCD,selection,1,17,spectral_core,local_partition_rf,0,0.37,0,0.27
5034,2020-10,2020-06,4,0,True,0.0,master,valid_observed_phase_at_origin,ABCD,selection,1,17,spectral_core,local_partition_rf,0,0.4,0,0.33
5035,2020-10,2020-06,4,0,True,0.0,master,valid_observed_phase_at_origin,ABCD,selection,1,17,spectral_core,local_partition_rf,0,0.33,0,0.23
5036,2020-10,2020-06,4,0,True,0.0,master,valid_observed_phase_at_origin,ABCD,selection,1,10,spectral_core,local_partition_rf,0,0.5,0,0.34
5037,2020-10,2020-06,4,0,True,0.0,master,valid_observed_phase_at_origin,ABCD,selection,1,17,spectral_core,local_partition_rf,0,0.3,0,0.34
5038,2020-10,2020-06,4,0,True,0.0,master,valid_observed_phase_at_origin,ABCD,selection,1,17,spectral_core,local_partition_rf,0,0.27,0,0.2
5039,2020-10,2020-06,4,0,True,0.0,master,valid_observed_phase_at_origin,ABCD,selection,1,17,spectral_core,local_partition_rf,0,0.23,0,0.22
5040,2020-10,2020-06,4,0,True,0.0,master,valid_observed_phase_at_origin,ABCD,selection,1,17,spectral_core,local_partition_rf,0,0.33,0,0.22
5041,2020-10,2020-06,4,0,True,0.0,master,valid_observed_phase_at_origin,ABCD,selection,1,17,spectral_core,local_partition_rf,0,0.43,0,0.26
5042,2020-10,2020-06,4,0,True,0.0,master,valid_observed_phase_at_origin,ABCD,selection,1,17,spectral_core,local_partition_rf,0,0.43,0,0.31
5043,2020-10,2020-06,4,0,True,0.0,master,valid_observed_phase_at_origin,ABCD,selection,1,17,spectral_core,local_partition_rf,0,0.36,0,0.25
5044,2020-10,2020-06,4,0,True,0.0,master,valid_observed_phase_at_origin,ABCD,selection,1,17,spectral_core,local_partition_rf,0,0.4,0,0.27
5045,2020-10,2020-06,4,0,True,0.0,master,valid_observed_phase_at_origin,ABCD,selection,1,17,spectral_core,local_partition_rf,0,0.4,0,0.24
5046,2020-10,2020-06,4,0,True,0.0,master,valid_observed_phase_at_origin,ABCD,selection,1,17,spectral_core,local_partition_rf,0,0.3,0,0.29
5047,2020-10,2020-06,4,0,True,0.0,master,valid_observed_phase_at_origin,ABCD,selection,1,10,spectral_core,local_partition_rf,0,0.39,0,0.27
5048,2020-10,2020-06,4,0,True,0.0,master,valid_observed_phase_at_origin,ABCD,selection,1,17,spectral_core,local_partition_rf,0,0.38,0,0.22
5049,2020-10,2020-06,4,0,True,1.0,master,valid_observed_phase_at_origin,ABCD,selection,1,17,spectral_core,local_partition_rf,0,0.49,0,0.48
5050,2020-10,2020-06,4,0,True,0.0,master,valid_observed_phase_at_origin,ABCD,selection,1,17,spectral_core,local_partition_rf,0,0.36,0,0.27
5051,2020-10,2020-06,4,0,True,0.0,master,valid_observed_phase_at_origin,ABCD,selection,1,17,spectral_core,local_partition_rf,0,0.36,0,0.27
5052,2020-10,2020-06,4,0,True,0.0,master,valid_observed_phase_at_origin,ABCD,selection,1,10,spectral_core,local_partition_rf,0,0.42,0,0.25
5053,2020-10,2020-06,4,0,True,0.0,master,valid_observed_phase_at_origin,ABCD,selection,1,10,spectral_core,local_partition_rf,0,0.37,0,0.21
5054,2020-10,2020-06,4,0,True,0.0,master,valid_observed_phase_at_origin,ABCD,selection,1,17,spectral_core,local_partition_rf,0,0.33,0,0.23
5055,2020-10,2020-06,4,0,True,0.0,master,valid_observed_phase_at_origin,ABCD,selection,1,10,spectral_core,local_partition_rf,0,0.36,0,0.15
5056,2020-10,2020-06,4,0,True,0.0,master,valid_observed_phase_at_origin,ABCD,selection,1,17,spectral_core,local_partition_rf,0,0.25,0,0.18
5057,2020-10,2020-06,4,0,True,0.0,master,valid_observed_phase_at_origin,ABCD,selection,1,10,spectral_core,local_partition_rf,0,0.37,0,0.22
5058,2020-10,2020-06,4,0,True,0.0,master,valid_observed_phase_at_origin,ABCD,selection,1,10,spectral_core,local_partition_rf,0,0.43,0,0.3
5059,2020-10,2020-06,4,0,True,0.0,master,valid_observed_phase_at_origin,ABCD,selection,1,17,spectral_core,local_partition_rf,0,0.25,0,0.21
5060,2020-10,2020-06,4,0,True,0.0,master,valid_observed_phase_at_origin,ABCD,selection,1,17,spectral_core,local_partition_rf,1,0.52,0,0.29
5061,2020-10,2020-06,4,0,True,0.0,master,valid_observed_phase_at_origin,ABCD,selection,1,17,spectral_core,local_partition_rf,0,0.36,0,0.28
5062,2020-10,2020-06,4,1,True,1.0,master,valid_observed_phase_at_origin,ABCD,selection,1,17,spectral_core,local_partition_rf,0,0.46,0,0.44
5063,2020-10,2020-06,4,1,True,1.0,master,valid_observed_phase_at_origin,ABCD,selection,1,17,spectral_core,local_partition_rf,0,0.46,0,0.46
5064,2020-10,2020-06,4,1,True,1.0,master,valid_observed_phase_at_origin,ABCD,selection,1,10,spectral_core,local_partition_rf,0,0.44,0,0.46
5065,2020-10,2020-06,4,1,True,1.0,master,valid_observed_phase_at_origin,ABCD,selection,1,17,spectral_core,local_partition_rf,1,0.57,0,0.5
5066,2020-10,2020-06,4,0,True,0.0,master,valid_observed_phase_at_origin,ABCD,selection,1,10,spectral_core,local_partition_rf,0,0.26,0,0.29
5067,2020-10,2020-06,4,0,True,0.0,master,valid_observed_phase_at_origin,ABCD,selection,1,17,spectral_core,local_partition_rf,0,0.44,0,0.27
5068,2020-10,2020-06,4,0,True,0.0,master,valid_observed_phase_at_origin,ABCD,selection,1,17,spectral_core,local_partition_rf,1,0.52,0,0.24
5069,2020-10,2020-06,4,1,True,1.0,master,valid_observed_phase_at_origin,ABCD,selection,1,17,spectral_core,local_partition_rf,0,0.47,1,0.51
5070,2020-10,2020-06,4,0,True,0.0,master,valid_observed_phase_at_origin,ABCD,selection,1,17,spectral_core,local_partition_rf,0,0.36,0,0.31
5071,2020-10,2020-06,4,1,True,1.0,master,valid_observed_phase_at_origin,ABCD,selection,1,17,spectral_core,local_partition_rf,0,0.5,1,0.52
5072,2020-10,2020-06,4,1,True,1.0,master,valid_observed_phase_at_origin,ABCD,selection,1,10,spectral_core,local_partition_rf,0,0.48,0,0.46
5073,2020-10,2020-06,4,1,True,1.0,master,valid_observed_phase_at_origin,ABCD,selection,1,17,spectral_core,local_partition_rf,1,0.52,1,0.51
5074,2020-10,2020-06,4,1,True,1.0,master,valid_observed_phase_at_origin,ABCD,selection,1,17,spectral_core,local_partition_rf,1,0.56,0,0.47
5075,2020-10,2020-06,4,1,True,1.0,master,valid_observed_phase_at_origin,ABCD,selection,1,17,spectral_core,local_partition_rf,0,0.5,0,0.48
5076,2020-10,2020-06,4,1,True,1.0,master,valid_observed_phase_at_origin,ABCD,selection,1,17,spectral_core,local_partition_rf,0,0.49,1,0.52
5077,2020-10,2020-06,4,0,True,0.0,master,valid_observed_phase_at_origin,ABCD,selection,1,17,spectral_core,local_partition_rf,0,0.42,0,0.18
5078,2020-10,2020-06,4,1,True,1.0,master,valid_observed_phase_at_origin,ABCD,selection,1,17,spectral_core,local_partition_rf,0,0.48,0,0.49
5079,2020-10,2020-06,4,1,True,1.0,master,valid_observed_phase_at_origin,ABCD,selection,1,17,spectral_core,local_partition_rf,1,0.57,0,0.47
5080,2020-10,2020-06,4,1,True,1.0,master,valid_observed_phase_at_origin,ABCD,selection,1,17,spectral_core,local_partition_rf,0,0.39,0,0.45
5081,2020-10,2020-06,4,0,True,0.0,master,valid_observed_phase_at_origin,ABCD,selection,1,17,spectral_core,local_partition_rf,0,0.45,0,0.2
5082,2020-10,2020-06,4,0,True,1.0,master,valid_observed_phase_at_origin,ABCD,selection,1,17,spectral_core,local_partition_rf,1,0.56,0,0.48
5083,2020-10,2020-06,4,0,True,0.0,master,valid_observed_phase_at_origin,ABCD,selection,1,17,spectral_core,local_partition_rf,0,0.31,0,0.2
5084,2020-10,2020-06,4,0,True,0.0,master,valid_observed_phase_at_origin,ABCD,selection,1,17,spectral_core,local_partition_rf,0,0.3,0,0.15
5085,2020-10,2020-06,4,0,True,0.0,master,valid_observed_phase_at_origin,ABCD,selection,1,17,spectral_core,local_partition_rf,0,0.31,0,0.16
5086,2020-10,2020-06,4,0,True,0.0,master,valid_observed_phase_at_origin,ABCD,selection,1,17,spectral_core,local_partition_rf,0,0.34,0,0.19
5087,2020-10,2020-06,4,0,True,0.0,master,valid_observed_phase_at_origin,ABCD,selection,1,17,spectral_core,local_partition_rf,0,0.26,0,0.19
5088,2020-10,2020-06,4,0,True,0.0,master,valid_observed_phase_at_origin,ABCD,selection,1,17,spectral_core,local_partition_rf,0,0.25,0,0.21
5089,2020-10,2020-06,4,0,True,0.0,master,valid_observed_phase_at_origin,ABCD,selection,1,17,spectral_core,local_partition_rf,0,0.38,0,0.32
5090,2020-10,2020-06,4,0,True,0.0,master,valid_observed_phase_at_origin,ABCD,selection,1,17,spectral_core,local_partition_rf,0,0.32,0,0.16
5091,2020-10,2020-06,4,0,True,0.0,master,valid_observed_phase_at_origin,ABCD,selection,1,17,spectral_core,local_partition_rf,0,0.27,0,0.16
5092,2020-10,2020-06,4,0,True,0.0,master,valid_observed_phase_at_origin,ABCD,selection,1,17,spectral_core,local_partition_rf,0,0.32,0,0.18
5093,2020-10,2020-06,4,0,True,0.0,master,valid_observed_phase_at_origin,ABCD,selection,1,17,spectral_core,local_partition_rf,0,0.29,0,0.17
5094,2020-10,2020-06,4,0,True,0.0,master,valid_observed_phase_at_origin,ABCD,selection,1,17,spectral_core,local_partition_rf,0,0.24,0,0.21
5095,2020-10,2020-06,4,0,True,0.0,master,valid_observed_phase_at_origin,ABCD,selection,1,17,spectral_core,local_partition_rf,0,0.3,0,0.24
5096,2020-10,2020-06,4,0,True,0.0,master,valid_observed_phase_at_origin,ABCD,selection,1,17,spectral_core,local_partition_rf,0,0.34,0,0.28
5097,2020-10,2020-06,4,0,True,0.0,master,valid_observed_phase_at_origin,ABCD,selection,1,17,spectral_core,local_partition_rf,0,0.28,0,0.29
5098,2020-10,2020-06,4,0,True,0.0,master,valid_observed_phase_at_origin,ABCD,selection,1,17,spectral_core,local_partition_rf,0,0.35,0,0.21
5099,2020-10,2020-06,4,0,True,0.0,master,valid_observed_phase_at_origin,ABCD,selection,1,17,spectral_core,local_partition_rf,0,0.35,0,0.27
5100,2020-10,2020-06,4,0,True,0.0,master,valid_observed_phase_at_origin,ABCD,selection,1,17,spectral_core,local_partition_rf,0,0.32,0,0.31
5101,2020-10,2020-06,4,0,True,0.0,master,valid_observed_phase_at_origin,ABCD,selection,1,17,spectral_core,local_partition_rf,0,0.37,0,0.31
5102,2020-10,2020-06,4,0,True,0.0,master,valid_observed_phase_at_origin,ABCD,selection,1,17,spectral_core,local_partition_rf,0,0.42,0,0.24
5103,2020-10,2020-06,4,0,True,0.0,master,valid_observed_phase_at_origin,ABCD,selection,1,17,spectral_core,local_partition_rf,0,0.43,0,0.18
5104,2020-10,2020-06,4,0,True,1.0,master,valid_observed_phase_at_origin,ABCD,selection,1,17,spectral_core,local_partition_rf,0,0.39,0,0.45
5105,2020-10,2020-06,4,0,True,0.0,master,valid_observed_phase_at_origin,ABCD,selection,1,17,spectral_core,local_partition_rf,0,0.38,0,0.25
5106,2020-10,2020-06,4,0,True,0.0,master,valid_observed_phase_at_origin,ABCD,selection,1,17,spectral_core,local_partition_rf,0,0.32,0,0.17
5107,2020-10,2020-06,4,0,True,1.0,master,valid_observed_phase_at_origin,ABCD,selection,1,17,spectral_core,local_partition_rf,0,0.39,0,0.36
5108,2020-10,2020-06,4,0,True,0.0,master,valid_observed_phase_at_origin,ABCD,selection,1,17,spectral_core,local_partition_rf,0,0.39,0,0.28
5109,2020-10,2020-06,4,0,True,0.0,master,valid_observed_phase_at_origin,ABCD,selection,1,17,spectral_core,local_partition_rf,0,0.41,0,0.23
5110,2020-10,2020-06,4,0,True,0.0,master,valid_observed_phase_at_origin,ABCD,selection,1,17,spectral_core,local_partition_rf,0,0.45,0,0.21
5111,2020-10,2020-06,4,0,True,0.0,master,valid_observed_phase_at_origin,ABCD,selection,1,17,spectral_core,local_partition_rf,0,0.46,0,0.26
5112,2020-10,2020-06,4,0,True,0.0,master,valid_observed_phase_at_origin,ABCD,selection,1,16,spectral_core,local_partition_rf,0,0.47,0,0.21
5113,2020-10,2020-06,4,1,True,1.0,master,valid_observed_phase_at_origin,ABCD,selection,1,17,spectral_core,local_partition_rf,0,0.4,0,0.39
5114,2020-10,2020-06,4,0,True,0.0,master,valid_observed_phase_at_origin,ABCD,selection,1,17,spectral_core,local_partition_rf,0,0.45,0,0.24
5115,2020-10,2020-06,4,0,True,1.0,master,valid_observed_phase_at_origin,ABCD,selection,1,10,spectral_core,local_partition_rf,1,0.52,0,0.36
5116,2020-10,2020-06,4,0,True,0.0,master,valid_observed_phase_at_origin,ABCD,selection,1,17,spectral_core,local_partition_rf,0,0.36,0,0.29
5117,2020-10,2020-06,4,0,True,0.0,master,valid_observed_phase_at_origin,ABCD,selection,1,17,spectral_core,local_partition_rf,0,0.4,0,0.24
5118,2020-10,2020-06,4,0,True,1.0,master,valid_observed_phase_at_origin,ABCD,selection,1,17,spectral_core,local_partition_rf,0,0.43,0,0.37
5119,2020-10,2020-06,4,0,True,0.0,master,valid_observed_phase_at_origin,ABCD,selection,1,17,spectral_core,local_partition_rf,0,0.38,0,0.28
5120,2020-10,2020-06,4,0,True,0.0,master,valid_observed_phase_at_origin,ABCD,selection,1,17,spectral_core,local_partition_rf,0,0.37,0,0.29
5121,2020-10,2020-06,4,0,True,0.0,master,valid_observed_phase_at_origin,ABCD,selection,1,17,spectral_core,local_partition_rf,0,0.3,0,0.19
5122,2020-10,2020-06,4,0,True,0.0,master,valid_observed_phase_at_origin,ABCD,selection,1,17,spectral_core,local_partition_rf,0,0.35,0,0.29
5123,2020-10,2020-06,4,0,True,0.0,master,valid_observed_phase_at_origin,ABCD,selection,1,17,spectral_core,local_partition_rf,0,0.38,0,0.24
5124,2020-10,2020-06,4,0,True,0.0,master,valid_observed_phase_at_origin,ABCD,selection,1,17,spectral_core,local_partition_rf,0,0.42,0,0.24
5125,2020-10,2020-06,4,0,True,0.0,master,valid_observed_phase_at_origin,ABCD,selection,1,17,spectral_core,local_partition_rf,0,0.3,0,0.19
5126,2020-10,2020-06,4,0,True,0.0,master,valid_observed_phase_at_origin,ABCD,selection,1,17,spectral_core,local_partition_rf,0,0.37,0,0.34
5127,2020-10,2020-06,4,0,True,0.0,master,valid_observed_phase_at_origin,ABCD,selection,1,17,spectral_core,local_partition_rf,0,0.38,0,0.34
5128,2020-10,2020-06,4,0,True,1.0,master,valid_observed_phase_at_origin,ABCD,selection,1,17,spectral_core,local_partition_rf,0,0.42,0,0.42
5129,2020-10,2020-06,4,0,True,0.0,master,valid_observed_phase_at_origin,ABCD,selection,1,17,spectral_core,local_partition_rf,0,0.21,0,0.19
5130,2020-10,2020-06,4,0,True,0.0,master,valid_observed_phase_at_origin,ABCD,selection,1,17,spectral_core,local_partition_rf,0,0.26,0,0.17
5131,2020-10,2020-06,4,0,True,0.0,master,valid_observed_phase_at_origin,ABCD,selection,1,17,spectral_core,local_partition_rf,0,0.33,0,0.22
5132,2020-10,2020-06,4,0,True,0.0,master,valid_observed_phase_at_origin,ABCD,selection,1,17,spectral_core,local_partition_rf,0,0.23,0,0.18
5133,2020-10,2020-06,4,0,True,0.0,master,valid_observed_phase_at_origin,ABCD,selection,1,17,spectral_core,local_partition_rf,0,0.24,0,0.15
5134,2020-10,2020-06,4,0,True,0.0,master,valid_observed_phase_at_origin,ABCD,selection,1,17,spectral_core,local_partition_rf,0,0.31,0,0.18
5135,2020-10,2020-06,4,0,True,0.0,master,valid_observed_phase_at_origin,ABCD,selection,1,17,spectral_core,local_partition_rf,0,0.28,0,0.17
5136,2020-10,2020-06,4,0,True,0.0,master,valid_observed_phase_at_origin,ABCD,selection,1,17,spectral_core,local_partition_rf,0,0.27,0,0.2
5137,2020-10,2020-06,4,0,True,0.0,master,valid_observed_phase_at_origin,ABCD,selection,1,10,spectral_core,local_partition_rf,0,0.44,0,0.32
5138,2020-10,2020-06,4,0,True,0.0,master,valid_observed_phase_at_origin,ABCD,selection,1,10,spectral_core,local_partition_rf,0,0.39,0,0.32
5139,2020-10,2020-06,4,0,True,0.0,master,valid_observed_phase_at_origin,ABCD,selection,1,10,spectral_core,local_partition_rf,0,0.41,0,0.31
5140,2020-10,2020-06,4,0,True,0.0,master,valid_observed_phase_at_origin,ABCD,selection,1,10,spectral_core,local_partition_rf,0,0.26,0,0.21
5141,2020-10,2020-06,4,0,True,0.0,master,valid_observed_phase_at_origin,ABCD,selection,1,10,spectral_core,local_partition_rf,0,0.32,0,0.22
5142,2020-10,2020-06,4,0,True,0.0,master,valid_observed_phase_at_origin,ABCD,selection,1,10,spectral_core,local_partition_rf,0,0.36,0,0.21
5143,2020-10,2020-06,4,0,True,0.0,master,valid_observed_phase_at_origin,ABCD,selection,1,10,spectral_core,local_partition_rf,0,0.25,0,0.23
5144,2020-10,2020-06,4,0,True,0.0,master,valid_observed_phase_at_origin,ABCD,selection,1,10,spectral_core,local_partition_rf,0,0.49,0,0.33
5145,2020-10,2020-06,4,0,True,0.0,master,valid_observed_phase_at_origin,ABCD,selection,1,10,spectral_core,local_partition_rf,0,0.46,0,0.27
5146,2020-10,2020-06,4,0,True,0.0,master,valid_observed_phase_at_origin,ABCD,selection,1,10,spectral_core,local_partition_rf,0,0.41,0,0.35
5147,2020-10,2020-06,4,0,True,0.0,master,valid_observed_phase_at_origin,ABCD,selection,1,10,spectral_core,local_partition_rf,0,0.32,0,0.26
5148,2020-10,2020-06,4,0,True,0.0,master,valid_observed_phase_at_origin,ABCD,selection,1,10,spectral_core,local_partition_rf,0,0.22,0,0.25
5149,2020-10,2020-06,4,0,True,0.0,master,valid_observed_phase_at_origin,ABCD,selection,1,10,spectral_core,local_partition_rf,1,0.51,0,0.4
5150,2020-10,2020-06,4,0,True,0.0,master,valid_observed_phase_at_origin,ABCD,selection,1,10,spectral_core,local_partition_rf,1,0.54,0,0.34
5151,2020-10,2020-06,4,0,True,0.0,master,valid_observed_phase_at_origin,ABCD,selection,1,10,spectral_core,local_partition_rf,0,0.31,0,0.23
5152,2020-10,2020-06,4,0,True,0.0,master,valid_observed_phase_at_origin,ABCD,selection,1,10,spectral_core,local_partition_rf,0,0.31,0,0.27
5153,2020-10,2020-06,4,0,True,0.0,master,valid_observed_phase_at_origin,ABCD,selection,1,10,spectral_core,local_partition_rf,0,0.5,0,0.34
5154,2020-10,2020-06,4,0,True,0.0,master,valid_observed_phase_at_origin,ABCD,selection,1,10,spectral_core,local_partition_rf,0,0.36,0,0.31
5155,2020-10,2020-06,4,0,True,0.0,master,valid_observed_phase_at_origin,ABCD,selection,1,10,spectral_core,local_partition_rf,0,0.3,0,0.25
5156,2020-10,2020-06,4,0,True,0.0,master,valid_observed_phase_at_origin,ABCD,selection,1,10,spectral_core,local_partition_rf,0,0.31,0,0.25
5157,2020-10,2020-06,4,1,True,0.0,master,valid_observed_phase_at_origin,ABCD,selection,1,10,spectral_core,local_partition_rf,0,0.28,0,0.26
5158,2020-10,2020-06,4,0,True,0.0,master,valid_observed_phase_at_origin,ABCD,selection,1,10,spectral_core,local_partition_rf,1,0.54,0,0.38
5159,2020-10,2020-06,4,0,True,0.0,master,valid_observed_phase_at_origin,ABCD,selection,1,10,spectral_core,local_partition_rf,0,0.38,0,0.27
5160,2020-10,2020-06,4,1,True,1.0,master,valid_observed_phase_at_origin,ABCD,selection,1,17,spectral_core,local_partition_rf,1,0.54,0,0.48
5161,2020-10,2020-06,4,1,True,1.0,master,valid_observed_phase_at_origin,ABCD,selection,1,10,spectral_core,local_partition_rf,0,0.48,1,0.59
5162,2020-10,2020-06,4,1,True,1.0,master,valid_observed_phase_at_origin,ABCD,selection,1,10,spectral_core,local_partition_rf,1,0.55,1,0.58
5163,2020-10,2020-06,4,1,True,1.0,master,valid_observed_phase_at_origin,ABCD,selection,1,10,spectral_core,local_partition_rf,0,0.5,1,0.6
5164,2020-10,2020-06,4,0,True,0.0,master,valid_observed_phase_at_origin,ABCD,selection,1,10,spectral_core,local_partition_rf,0,0.41,0,0.28
5165,2020-10,2020-06,4,1,True,1.0,master,valid_observed_phase_at_origin,ABCD,selection,1,10,spectral_core,local_partition_rf,1,0.54,0,0.5
5166,2020-10,2020-06,4,0,True,0.0,master,valid_observed_phase_at_origin,ABCD,selection,1,10,spectral_core,local_partition_rf,0,0.38,0,0.27
5167,2020-10,2020-06,4,0,True,1.0,master,valid_observed_phase_at_origin,ABCD,selection,1,16,spectral_core,local_partition_rf,1,0.55,1,0.52
5168,2020-10,2020-06,4,1,True,1.0,master,valid_observed_phase_at_origin,ABCD,selection,1,10,spectral_core,local_partition_rf,1,0.61,1,0.54
5169,2020-10,2020-06,4,0,True,0.0,master,valid_observed_phase_at_origin,ABCD,selection,1,10,spectral_core,local_partition_rf,0,0.39,0,0.26
5170,2020-10,2020-06,4,1,True,1.0,master,valid_observed_phase_at_origin,ABCD,selection,1,10,spectral_core,local_partition_rf,1,0.57,0,0.5
5171,2020-10,2020-06,4,1,True,1.0,master,valid_observed_phase_at_origin,ABCD,selection,1,10,spectral_core,local_partition_rf,1,0.62,0,0.49
5172,2020-10,2020-06,4,1,True,1.0,master,valid_observed_phase_at_origin,ABCD,selection,1,10,spectral_core,local_partition_rf,1,0.56,1,0.57
5173,2020-10,2020-06,4,1,True,1.0,master,valid_observed_phase_at_origin,ABCD,selection,1,10,spectral_core,local_partition_rf,1,0.58,1,0.53
5174,2020-10,2020-06,4,1,True,1.0,master,valid_observed_phase_at_origin,ABCD,selection,1,10,spectral_core,local_partition_rf,1,0.6,1,0.52
5175,2020-10,2020-06,4,0,True,1.0,master,valid_observed_phase_at_origin,ABCD,selection,1,16,spectral_core,local_partition_rf,1,0.56,0,0.5
5176,2020-10,2020-06,4,0,True,0.0,master,valid_observed_phase_at_origin,ABCD,selection,1,10,spectral_core,local_partition_rf,0,0.4,0,0.25
5177,2020-10,2020-06,4,0,True,0.0,master,valid_observed_phase_at_origin,ABCD,selection,1,10,spectral_core,local_partition_rf,0,0.4,0,0.31
5178,2020-10,2020-06,4,0,True,0.0,master,valid_observed_phase_at_origin,ABCD,selection,1,10,spectral_core,local_partition_rf,0,0.42,0,0.27
5179,2020-10,2020-06,4,0,True,0.0,master,valid_observed_phase_at_origin,ABCD,selection,1,10,spectral_core,local_partition_rf,0,0.39,0,0.25
5180,2020-10,2020-06,4,0,True,0.0,master,valid_observed_phase_at_origin,ABCD,selection,1,10,spectral_core,local_partition_rf,0,0.38,0,0.26
5181,2020-10,2020-06,4,0,True,0.0,master,valid_observed_phase_at_origin,ABCD,selection,1,17,spectral_core,local_partition_rf,0,0.27,0,0.21
5182,2020-10,2020-06,4,0,True,0.0,master,valid_observed_phase_at_origin,ABCD,selection,1,10,spectral_core,local_partition_rf,0,0.38,0,0.26
5183,2020-10,2020-06,4,0,True,0.0,master,valid_observed_phase_at_origin,ABCD,selection,1,10,spectral_core,local_partition_rf,0,0.39,0,0.3
5184,2020-10,2020-06,4,0,True,0.0,master,valid_observed_phase_at_origin,ABCD,selection,1,10,spectral_core,local_partition_rf,0,0.44,0,0.25
5185,2020-10,2020-06,4,0,True,0.0,master,valid_observed_phase_at_origin,ABCD,selection,1,17,spectral_core,local_partition_rf,0,0.25,0,0.19
5186,2020-10,2020-06,4,0,True,0.0,master,valid_observed_phase_at_origin,ABCD,selection,1,10,spectral_core,local_partition_rf,0,0.44,0,0.31
5187,2020-10,2020-06,4,0,True,0.0,master,valid_observed_phase_at_origin,ABCD,selection,1,10,spectral_core,local_partition_rf,0,0.4,0,0.23
5188,2020-10,2020-06,4,0,True,0.0,master,valid_observed_phase_at_origin,ABCD,selection,1,10,spectral_core,local_partition_rf,0,0.37,0,0.24
5189,2020-10,2020-06,4,0,True,0.0,master,valid_observed_phase_at_origin,ABCD,selection,1,10,spectral_core,local_partition_rf,0,0.4,0,0.26
5190,2020-10,2020-06,4,0,True,1.0,master,valid_observed_phase_at_origin,ABCD,selection,1,10,spectral_core,local_partition_rf,0,0.42,0,0.46
5191,2020-10,2020-06,4,1,True,0.0,master,valid_observed_phase_at_origin,ABCD,selection,1,10,spectral_core,local_partition_rf,0,0.4,0,0.3
5192,2020-10,2020-06,4,0,True,1.0,master,valid_observed_phase_at_origin,ABCD,selection,1,10,spectral_core,local_partition_rf,0,0.37,0,0.48
5193,2020-10,2020-06,4,0,True,1.0,master,valid_observed_phase_at_origin,ABCD,selection,1,10,spectral_core,local_partition_rf,0,0.4,0,0.43
5194,2020-10,2020-06,4,0,True,0.0,master,valid_observed_phase_at_origin,ABCD,selection,1,10,spectral_core,local_partition_rf,0,0.36,0,0.27
5195,2020-10,2020-06,4,0,True,0.0,master,valid_observed_phase_at_origin,ABCD,selection,1,17,spectral_core,local_partition_rf,0,0.28,0,0.24
5196,2020-10,2020-06,4,0,True,0.0,master,valid_observed_phase_at_origin,ABCD,selection,1,10,spectral_core,local_partition_rf,0,0.37,0,0.26
5197,2020-10,2020-06,4,0,True,0.0,master,valid_observed_phase_at_origin,ABCD,selection,1,10,spectral_core,local_partition_rf,0,0.38,0,0.21
5198,2020-10,2020-06,4,0,True,0.0,master,valid_observed_phase_at_origin,ABCD,selection,1,10,spectral_core,local_partition_rf,0,0.37,0,0.22
5199,2020-10,2020-06,4,1,True,1.0,master,valid_observed_phase_at_origin,ABCD,selection,1,10,spectral_core,local_partition_rf,0,0.44,0,0.49
5200,2020-10,2020-06,4,1,True,1.0,master,valid_observed_phase_at_origin,ABCD,selection,1,10,spectral_core,local_partition_rf,1,0.52,1,0.53
5201,2020-10,2020-06,4,0,True,1.0,master,valid_observed_phase_at_origin,ABCD,selection,1,10,spectral_core,local_partition_rf,0,0.44,0,0.42
5202,2020-10,2020-06,4,0,True,0.0,master,valid_observed_phase_at_origin,ABCD,selection,1,10,spectral_core,local_partition_rf,0,0.38,0,0.29
5203,2020-10,2020-06,4,0,True,0.0,master,valid_observed_phase_at_origin,ABCD,selection,1,10,spectral_core,local_partition_rf,0,0.45,0,0.26
5204,2020-10,2020-06,4,0,True,0.0,master,valid_observed_phase_at_origin,ABCD,selection,1,17,spectral_core,local_partition_rf,0,0.31,0,0.21
5205,2020-10,2020-06,4,0,True,0.0,master,valid_observed_phase_at_origin,ABCD,selection,1,10,spectral_core,local_partition_rf,0,0.42,0,0.22
5206,2020-10,2020-06,4,0,True,0.0,master,valid_observed_phase_at_origin,ABCD,selection,1,10,spectral_core,local_partition_rf,0,0.42,0,0.35
5207,2020-10,2020-06,4,0,True,0.0,master,valid_observed_phase_at_origin,ABCD,selection,1,10,spectral_core,local_partition_rf,0,0.4,0,0.27
5208,2020-10,2020-06,4,0,True,0.0,master,valid_observed_phase_at_origin,ABCD,selection,1,10,spectral_core,local_partition_rf,0,0.45,0,0.26
5209,2020-10,2020-06,4,0,True,0.0,master,valid_observed_phase_at_origin,ABCD,selection,1,10,spectral_core,local_partition_rf,0,0.41,0,0.27
5210,2020-10,2020-06,4,0,True,0.0,master,valid_observed_phase_at_origin,ABCD,selection,1,10,spectral_core,local_partition_rf,0,0.39,0,0.26
5211,2020-10,2020-06,4,0,True,0.0,master,valid_observed_phase_at_origin,ABCD,selection,1,10,spectral_core,local_partition_rf,0,0.47,0,0.28
5212,2020-10,2020-06,4,0,True,0.0,master,valid_observed_phase_at_origin,ABCD,selection,1,10,spectral_core,local_partition_rf,0,0.46,0,0.24
5213,2020-10,2020-06,4,0,True,0.0,master,valid_observed_phase_at_origin,ABCD,selection,1,10,spectral_core,local_partition_rf,0,0.37,0,0.31
5214,2020-10,2020-06,4,0,True,0.0,master,valid_observed_phase_at_origin,ABCD,selection,1,10,spectral_core,local_partition_rf,0,0.45,0,0.27
5215,2020-10,2020-06,4,0,True,0.0,master,valid_observed_phase_at_origin,ABCD,selection,1,10,spectral_core,local_partition_rf,0,0.31,0,0.26
5216,2020-10,2020-06,4,0,True,0.0,master,valid_observed_phase_at_origin,ABCD,selection,1,10,spectral_core,local_partition_rf,0,0.38,0,0.29
5217,2020-10,2020-06,4,0,True,0.0,master,valid_observed_phase_at_origin,ABCD,selection,1,10,spectral_core,local_partition_rf,0,0.35,0,0.33
5218,2020-10,2020-06,4,0,True,0.0,master,valid_observed_phase_at_origin,ABCD,selection,1,10,spectral_core,local_partition_rf,0,0.41,0,0.21
5219,2020-10,2020-06,4,1,True,1.0,master,valid_observed_phase_at_origin,ABCD,selection,1,10,spectral_core,local_partition_rf,1,0.59,1,0.56
5220,2020-10,2020-06,4,0,True,0.0,master,valid_observed_phase_at_origin,ABCD,selection,1,6,spectral_core,pooled_partition_below_support_gate,0,0.05,0,0.05
5221,2020-10,2020-06,4,0,True,0.0,master,valid_observed_phase_at_origin,ABCD,selection,1,6,spectral_core,pooled_partition_below_support_gate,0,0.06,0,0.06
5222,2020-10,2020-06,4,0,True,1.0,master,valid_observed_phase_at_origin,ABCD,selection,1,6,spectral_core,pooled_partition_below_support_gate,0,0.28,0,0.28
5223,2020-10,2020-06,4,0,True,1.0,master,valid_observed_phase_at_origin,ABCD,selection,1,6,spectral_core,pooled_partition_below_support_gate,0,0.36,0,0.36
5224,2020-10,2020-06,4,0,True,0.0,master,valid_observed_phase_at_origin,ABCD,selection,1,6,spectral_core,pooled_partition_below_support_gate,0,0.06,0,0.06
5225,2020-10,2020-06,4,0,True,0.0,master,valid_observed_phase_at_origin,ABCD,selection,1,6,spectral_core,pooled_partition_below_support_gate,0,0.04,0,0.04
5226,2020-10,2020-06,4,0,True,0.0,master,valid_observed_phase_at_origin,ABCD,selection,1,6,spectral_core,pooled_partition_below_support_gate,0,0.1,0,0.1
5227,2020-10,2020-06,4,0,True,0.0,master,valid_observed_phase_at_origin,ABCD,selection,1,6,spectral_core,pooled_partition_below_support_gate,0,0.07,0,0.07
5228,2020-10,2020-06,4,0,True,0.0,master,valid_observed_phase_at_origin,ABCD,selection,1,6,spectral_core,pooled_partition_below_support_gate,0,0.04,0,0.04
5229,2020-10,2020-06,4,0,True,0.0,master,valid_observed_phase_at_origin,ABCD,selection,1,6,spectral_core,pooled_partition_below_support_gate,0,0.08,0,0.08
5230,2020-10,2020-06,4,0,True,0.0,master,valid_observed_phase_at_origin,ABCD,selection,1,6,spectral_core,pooled_partition_below_support_gate,0,0.12,0,0.12
5231,2020-10,2020-06,4,0,True,0.0,master,valid_observed_phase_at_origin,ABCD,selection,1,6,spectral_core,pooled_partition_below_support_gate,0,0.16,0,0.16
5232,2020-10,2020-06,4,0,True,0.0,master,valid_observed_phase_at_origin,ABCD,selection,1,6,spectral_core,pooled_partition_below_support_gate,0,0.18,0,0.18
5233,2020-10,2020-06,4,0,True,1.0,master,valid_observed_phase_at_origin,ABCD,selection,1,6,spectral_core,pooled_partition_below_support_gate,0,0.35,0,0.35
5234,2020-10,2020-06,4,0,True,0.0,master,valid_observed_phase_at_origin,ABCD,selection,1,6,spectral_core,pooled_partition_below_support_gate,0,0.14,0,0.14
5235,2020-10,2020-06,4,0,True,0.0,master,valid_observed_phase_at_origin,ABCD,selection,1,6,spectral_core,pooled_partition_below_support_gate,0,0.11,0,0.11
5236,2020-10,2020-06,4,0,True,0.0,master,valid_observed_phase_at_origin,ABCD,selection,1,6,spectral_core,pooled_partition_below_support_gate,0,0.09,0,0.09
5237,2020-10,2020-06,4,0,True,0.0,master,valid_observed_phase_at_origin,ABCD,selection,1,6,spectral_core,pooled_partition_below_support_gate,0,0.08,0,0.08
5238,2020-10,2020-06,4,0,True,0.0,master,valid_observed_phase_at_origin,ABCD,selection,1,6,spectral_core,pooled_partition_below_support_gate,0,0.02,0,0.02
5239,2020-10,2020-06,4,0,True,1.0,master,valid_observed_phase_at_origin,ABCD,selection,1,6,spectral_core,pooled_partition_below_support_gate,0,0.34,0,0.34
5240,2020-10,2020-06,4,0,True,1.0,master,valid_observed_phase_at_origin,ABCD,selection,1,6,spectral_core,pooled_partition_below_support_gate,0,0.3,0,0.3
5241,2020-10,2020-06,4,0,True,0.0,master,valid_observed_phase_at_origin,ABCD,selection,1,6,spectral_core,pooled_partition_below_support_gate,0,0.02,0,0.02
5242,2020-10,2020-06,4,0,True,0.0,master,valid_observed_phase_at_origin,ABCD,selection,1,6,spectral_core,pooled_partition_below_support_gate,0,0.03,0,0.03
5243,2020-10,2020-06,4,0,True,0.0,master,valid_observed_phase_at_origin,ABCD,selection,1,6,spectral_core,pooled_partition_below_support_gate,0,0.05,0,0.05
5244,2020-10,2020-06,4,0,True,0.0,master,valid_observed_phase_at_origin,ABCD,selection,1,6,spectral_core,pooled_partition_below_support_gate,0,0.03,0,0.03
5245,2020-10,2020-06,4,0,True,0.0,master,valid_observed_phase_at_origin,ABCD,selection,1,6,spectral_core,pooled_partition_below_support_gate,0,0.01,0,0.01
5246,2020-10,2020-06,4,0,True,1.0,master,valid_observed_phase_at_origin,ABCD,selection,1,6,spectral_core,pooled_partition_below_support_gate,0,0.35,0,0.35
5247,2020-10,2020-06,4,0,True,0.0,master,valid_observed_phase_at_origin,ABCD,selection,1,6,spectral_core,pooled_partition_below_support_gate,0,0.01,0,0.01
5248,2020-10,2020-06,4,0,True,0.0,master,valid_observed_phase_at_origin,ABCD,selection,1,6,spectral_core,pooled_partition_below_support_gate,0,0.05,0,0.05
5249,2020-10,2020-06,4,0,True,0.0,master,valid_observed_phase_at_origin,ABCD,selection,1,6,spectral_core,pooled_partition_below_support_gate,0,0.06,0,0.06
5250,2020-10,2020-06,4,0,True,0.0,master,valid_observed_phase_at_origin,ABCD,selection,1,6,spectral_core,pooled_partition_below_support_gate,0,0.05,0,0.05
5251,2020-10,2020-06,4,0,True,0.0,master,valid_observed_phase_at_origin,ABCD,selection,1,6,spectral_core,pooled_partition_below_support_gate,0,0.04,0,0.04
5252,2020-10,2020-06,4,0,True,0.0,master,valid_observed_phase_at_origin,ABCD,selection,1,6,spectral_core,pooled_partition_below_support_gate,0,0.04,0,0.04
5253,2020-10,2020-06,4,0,True,0.0,master,valid_observed_phase_at_origin,ABCD,selection,1,6,spectral_core,pooled_partition_below_support_gate,0,0.06,0,0.06
5254,2020-10,2020-06,4,0,True,0.0,master,valid_observed_phase_at_origin,ABCD,selection,1,6,spectral_core,pooled_partition_below_support_gate,0,0.05,0,0.05
5255,2020-10,2020-06,4,0,True,0.0,master,valid_observed_phase_at_origin,ABCD,selection,1,6,spectral_core,pooled_partition_below_support_gate,0,0.11,0,0.11
5256,2020-10,2020-06,4,0,True,0.0,master,valid_observed_phase_at_origin,ABCD,selection,1,6,spectral_core,pooled_partition_below_support_gate,0,0.11,0,0.11
5257,2020-10,2020-06,4,0,True,0.0,master,valid_observed_phase_at_origin,ABCD,selection,1,6,spectral_core,pooled_partition_below_support_gate,0,0.14,0,0.14
5258,2020-10,2020-06,4,0,True,0.0,master,valid_observed_phase_at_origin,ABCD,selection,1,6,spectral_core,pooled_partition_below_support_gate,0,0.08,0,0.08
5259,2020-10,2020-06,4,0,True,0.0,master,valid_observed_phase_at_origin,ABCD,selection,1,6,spectral_core,pooled_partition_below_support_gate,0,0.12,0,0.12
5260,2020-10,2020-06,4,0,True,0.0,master,valid_observed_phase_at_origin,ABCD,selection,1,6,spectral_core,pooled_partition_below_support_gate,0,0.11,0,0.11
5261,2020-10,2020-06,4,0,True,0.0,master,valid_observed_phase_at_origin,ABCD,selection,1,6,spectral_core,pooled_partition_below_support_gate,0,0.1,0,0.1
5262,2020-10,2020-06,4,0,True,0.0,master,valid_observed_phase_at_origin,ABCD,selection,1,6,spectral_core,pooled_partition_below_support_gate,0,0.16,0,0.16
5263,2020-10,2020-06,4,0,True,0.0,master,valid_observed_phase_at_origin,ABCD,selection,1,6,spectral_core,pooled_partition_below_support_gate,0,0.12,0,0.12
5264,2020-10,2020-06,4,0,True,0.0,master,valid_observed_phase_at_origin,ABCD,selection,1,6,spectral_core,pooled_partition_below_support_gate,0,0.06,0,0.06
5265,2020-10,2020-06,4,0,True,0.0,master,valid_observed_phase_at_origin,ABCD,selection,1,6,spectral_core,pooled_partition_below_support_gate,0,0.1,0,0.1
5266,2020-10,2020-06,4,0,True,0.0,master,valid_observed_phase_at_origin,ABCD,selection,1,6,spectral_core,pooled_partition_below_support_gate,0,0.1,0,0.1
5267,2020-10,2020-06,4,0,True,0.0,master,valid_observed_phase_at_origin,ABCD,selection,1,6,spectral_core,pooled_partition_below_support_gate,0,0.1,0,0.1
5268,2020-10,2020-06,4,0,True,0.0,master,valid_observed_phase_at_origin,ABCD,selection,1,6,spectral_core,pooled_partition_below_support_gate,0,0.14,0,0.14
5269,2020-10,2020-06,4,0,True,0.0,master,valid_observed_phase_at_origin,ABCD,selection,1,6,spectral_core,pooled_partition_below_support_gate,0,0.21,0,0.21
5270,2020-10,2020-06,4,0,True,0.0,master,valid_observed_phase_at_origin,ABCD,selection,1,6,spectral_core,pooled_partition_below_support_gate,0,0.12,0,0.12
5271,2020-10,2020-06,4,0,True,0.0,master,valid_observed_phase_at_origin,ABCD,selection,1,6,spectral_core,pooled_partition_below_support_gate,0,0.1,0,0.1
5272,2020-10,2020-06,4,0,True,0.0,master,valid_observed_phase_at_origin,ABCD,selection,1,6,spectral_core,pooled_partition_below_support_gate,0,0.12,0,0.12
5273,2020-10,2020-06,4,0,True,0.0,master,valid_observed_phase_at_origin,ABCD,selection,1,6,spectral_core,pooled_partition_below_support_gate,0,0.1,0,0.1
5274,2020-10,2020-06,4,0,True,0.0,master,valid_observed_phase_at_origin,ABCD,selection,1,6,spectral_core,pooled_partition_below_support_gate,0,0.1,0,0.1
5275,2020-10,2020-06,4,0,True,0.0,master,valid_observed_phase_at_origin,ABCD,selection,1,6,spectral_core,pooled_partition_below_support_gate,0,0.07,0,0.07
5276,2020-10,2020-06,4,0,True,0.0,master,valid_observed_phase_at_origin,ABCD,selection,1,6,spectral_core,pooled_partition_below_support_gate,0,0.08,0,0.08
5277,2020-10,2020-06,4,0,True,0.0,master,valid_observed_phase_at_origin,ABCD,selection,1,6,spectral_core,pooled_partition_below_support_gate,0,0.1,0,0.1
5278,2020-10,2020-06,4,0,True,0.0,master,valid_observed_phase_at_origin,ABCD,selection,1,6,spectral_core,pooled_partition_below_support_gate,0,0.09,0,0.09
5279,2020-10,2020-06,4,0,True,0.0,master,valid_observed_phase_at_origin,ABCD,selection,1,6,spectral_core,pooled_partition_below_support_gate,0,0.1,0,0.1
5280,2020-10,2020-06,4,0,True,0.0,master,valid_observed_phase_at_origin,ABCD,selection,1,6,spectral_core,pooled_partition_below_support_gate,0,0.08,0,0.08
5281,2020-10,2020-06,4,0,True,0.0,master,valid_observed_phase_at_origin,ABCD,selection,1,6,spectral_core,pooled_partition_below_support_gate,0,0.13,0,0.13
5282,2020-10,2020-06,4,0,True,0.0,master,valid_observed_phase_at_origin,ABCD,selection,1,6,spectral_core,pooled_partition_below_support_gate,0,0.12,0,0.12
5283,2020-10,2020-06,4,0,True,0.0,master,valid_observed_phase_at_origin,ABCD,selection,1,6,spectral_core,pooled_partition_below_support_gate,0,0.16,0,0.16
5284,2020-10,2020-06,4,0,True,0.0,master,valid_observed_phase_at_origin,ABCD,selection,1,6,spectral_core,pooled_partition_below_support_gate,0,0.12,0,0.12
5285,2020-10,2020-06,4,0,True,0.0,master,valid_observed_phase_at_origin,ABCD,selection,1,6,spectral_core,pooled_partition_below_support_gate,0,0.07,0,0.07
5286,2020-10,2020-06,4,0,True,0.0,master,valid_observed_phase_at_origin,ABCD,selection,1,6,spectral_core,pooled_partition_below_support_gate,0,0.08,0,0.08
5287,2020-10,2020-06,4,0,True,0.0,master,valid_observed_phase_at_origin,ABCD,selection,1,6,spectral_core,pooled_partition_below_support_gate,0,0.04,0,0.04
5288,2020-10,2020-06,4,0,True,0.0,master,valid_observed_phase_at_origin,ABCD,selection,1,6,spectral_core,pooled_partition_below_support_gate,0,0.13,0,0.13
5289,2020-10,2020-06,4,0,True,1.0,master,valid_observed_phase_at_origin,ABCD,selection,1,6,spectral_core,pooled_partition_below_support_gate,0,0.34,0,0.34
5290,2020-10,2020-06,4,0,True,0.0,master,valid_observed_phase_at_origin,ABCD,selection,1,6,spectral_core,pooled_partition_below_support_gate,0,0.07,0,0.07
5291,2020-10,2020-06,4,0,True,0.0,master,valid_observed_phase_at_origin,ABCD,selection,1,6,spectral_core,pooled_partition_below_support_gate,0,0.07,0,0.07
5292,2020-10,2020-06,4,0,True,0.0,master,valid_observed_phase_at_origin,ABCD,selection,1,6,spectral_core,pooled_partition_below_support_gate,0,0.07,0,0.07
5293,2020-10,2020-06,4,0,True,0.0,master,valid_observed_phase_at_origin,ABCD,selection,1,6,spectral_core,pooled_partition_below_support_gate,0,0.05,0,0.05
5294,2020-10,2020-06,4,0,True,0.0,master,valid_observed_phase_at_origin,ABCD,selection,1,6,spectral_core,pooled_partition_below_support_gate,0,0.07,0,0.07
5295,2020-10,2020-06,4,0,True,0.0,master,valid_observed_phase_at_origin,ABCD,selection,1,6,spectral_core,pooled_partition_below_support_gate,0,0.05,0,0.05
5296,2020-10,2020-06,4,0,True,0.0,master,valid_observed_phase_at_origin,ABCD,selection,1,6,spectral_core,pooled_partition_below_support_gate,0,0.03,0,0.03
5297,2020-10,2020-06,4,0,True,0.0,master,valid_observed_phase_at_origin,ABCD,selection,1,6,spectral_core,pooled_partition_below_support_gate,0,0.08,0,0.08
5298,2020-10,2020-06,4,0,True,0.0,master,valid_observed_phase_at_origin,ABCD,selection,1,6,spectral_core,pooled_partition_below_support_gate,0,0.05,0,0.05
5299,2020-10,2020-06,4,0,True,0.0,master,valid_observed_phase_at_origin,ABCD,selection,1,6,spectral_core,pooled_partition_below_support_gate,0,0.06,0,0.06
5300,2020-10,2020-06,4,0,True,0.0,master,valid_observed_phase_at_origin,ABCD,selection,1,6,spectral_core,pooled_partition_below_support_gate,0,0.04,0,0.04
5301,2020-10,2020-06,4,0,True,0.0,master,valid_observed_phase_at_origin,ABCD,selection,1,6,spectral_core,pooled_partition_below_support_gate,0,0.05,0,0.05
5302,2020-10,2020-06,4,0,True,0.0,master,valid_observed_phase_at_origin,ABCD,selection,1,6,spectral_core,pooled_partition_below_support_gate,0,0.04,0,0.04
5303,2020-10,2020-06,4,0,True,0.0,master,valid_observed_phase_at_origin,ABCD,selection,1,6,spectral_core,pooled_partition_below_support_gate,0,0.03,0,0.03
5304,2020-10,2020-06,4,0,True,0.0,master,valid_observed_phase_at_origin,ABCD,selection,1,6,spectral_core,pooled_partition_below_support_gate,0,0.02,0,0.02
5305,2020-10,2020-06,4,0,True,0.0,master,valid_observed_phase_at_origin,ABCD,selection,1,6,spectral_core,pooled_partition_below_support_gate,0,0.03,0,0.03
5306,2020-10,2020-06,4,0,True,0.0,master,valid_observed_phase_at_origin,ABCD,selection,1,6,spectral_core,pooled_partition_below_support_gate,0,0.04,0,0.04
5307,2020-10,2020-06,4,0,True,0.0,master,valid_observed_phase_at_origin,ABCD,selection,1,6,spectral_core,pooled_partition_below_support_gate,0,0.03,0,0.03
5308,2020-10,2020-06,4,0,True,0.0,master,valid_observed_phase_at_origin,ABCD,selection,1,6,spectral_core,pooled_partition_below_support_gate,0,0.01,0,0.01
5309,2020-10,2020-06,4,0,True,0.0,master,valid_observed_phase_at_origin,ABCD,selection,1,6,spectral_core,pooled_partition_below_support_gate,0,0.02,0,0.02
5310,2020-10,2020-06,4,0,True,0.0,master,valid_observed_phase_at_origin,ABCD,selection,1,6,spectral_core,pooled_partition_below_support_gate,0,0.01,0,0.01
5311,2020-10,2020-06,4,0,True,0.0,master,valid_observed_phase_at_origin,ABCD,selection,1,6,spectral_core,pooled_partition_below_support_gate,0,0.02,0,0.02
5312,2020-10,2020-06,4,0,True,0.0,master,valid_observed_phase_at_origin,ABCD,selection,1,6,spectral_core,pooled_partition_below_support_gate,0,0.04,0,0.04
5313,2020-10,2020-06,4,0,True,0.0,master,valid_observed_phase_at_origin,ABCD,selection,1,6,spectral_core,pooled_partition_below_support_gate,0,0.0,0,0.0
5314,2020-10,2020-06,4,0,True,0.0,master,valid_observed_phase_at_origin,ABCD,selection,1,6,spectral_core,pooled_partition_below_support_gate,0,0.01,0,0.01
5315,2020-10,2020-06,4,0,True,0.0,master,valid_observed_phase_at_origin,ABCD,selection,1,6,spectral_core,pooled_partition_below_support_gate,0,0.01,0,0.01
5316,2020-10,2020-06,4,0,True,0.0,master,valid_observed_phase_at_origin,ABCD,selection,1,6,spectral_core,pooled_partition_below_support_gate,0,0.01,0,0.01
5317,2020-10,2020-06,4,0,True,0.0,master,valid_observed_phase_at_origin,ABCD,selection,1,6,spectral_core,pooled_partition_below_support_gate,0,0.06,0,0.06
5318,2020-10,2020-06,4,0,True,0.0,master,valid_observed_phase_at_origin,ABCD,selection,1,6,spectral_core,pooled_partition_below_support_gate,0,0.06,0,0.06
5319,2020-10,2020-06,4,0,True,0.0,master,valid_observed_phase_at_origin,ABCD,selection,1,6,spectral_core,pooled_partition_below_support_gate,0,0.01,0,0.01
5320,2020-10,2020-06,4,0,True,0.0,master,valid_observed_phase_at_origin,ABCD,selection,1,6,spectral_core,pooled_partition_below_support_gate,0,0.01,0,0.01
5321,2020-10,2020-06,4,0,True,0.0,master,valid_observed_phase_at_origin,ABCD,selection,1,6,spectral_core,pooled_partition_below_support_gate,0,0.02,0,0.02
5322,2020-10,2020-06,4,0,True,0.0,master,valid_observed_phase_at_origin,ABCD,selection,1,6,spectral_core,pooled_partition_below_support_gate,0,0.07,0,0.07
5323,2020-10,2020-06,4,0,True,0.0,master,valid_observed_phase_at_origin,ABCD,selection,1,6,spectral_core,pooled_partition_below_support_gate,0,0.12,0,0.12
5324,2020-10,2020-06,4,0,True,0.0,master,valid_observed_phase_at_origin,ABCD,selection,1,6,spectral_core,pooled_partition_below_support_gate,0,0.02,0,0.02
5325,2020-10,2020-06,4,0,True,0.0,master,valid_observed_phase_at_origin,ABCD,selection,1,6,spectral_core,pooled_partition_below_support_gate,0,0.08,0,0.08
5326,2020-10,2020-06,4,0,True,0.0,master,valid_observed_phase_at_origin,ABCD,selection,1,6,spectral_core,pooled_partition_below_support_gate,0,0.08,0,0.08
5327,2020-10,2020-06,4,0,True,0.0,master,valid_observed_phase_at_origin,ABCD,selection,1,6,spectral_core,pooled_partition_below_support_gate,0,0.08,0,0.08
5328,2020-10,2020-06,4,0,True,0.0,master,valid_observed_phase_at_origin,ABCD,selection,1,6,spectral_core,pooled_partition_below_support_gate,0,0.08,0,0.08
5329,2020-10,2020-06,4,0,True,0.0,master,valid_observed_phase_at_origin,ABCD,selection,1,6,spectral_core,pooled_partition_below_support_gate,0,0.05,0,0.05
5330,2020-10,2020-06,4,0,True,0.0,master,valid_observed_phase_at_origin,ABCD,selection,1,6,spectral_core,pooled_partition_below_support_gate,0,0.02,0,0.02
5331,2020-10,2020-06,4,0,True,0.0,master,valid_observed_phase_at_origin,ABCD,selection,1,6,spectral_core,pooled_partition_below_support_gate,0,0.06,0,0.06
5332,2020-10,2020-06,4,0,True,0.0,master,valid_observed_phase_at_origin,ABCD,selection,1,6,spectral_core,pooled_partition_below_support_gate,0,0.04,0,0.04
5333,2020-10,2020-06,4,0,True,0.0,master,valid_observed_phase_at_origin,ABCD,selection,1,6,spectral_core,pooled_partition_below_support_gate,0,0.05,0,0.05
5334,2020-10,2020-06,4,0,True,0.0,master,valid_observed_phase_at_origin,ABCD,selection,1,6,spectral_core,pooled_partition_below_support_gate,0,0.02,0,0.02
5335,2020-10,2020-06,4,0,True,0.0,master,valid_observed_phase_at_origin,ABCD,selection,1,4,spectral_core,local_partition_rf,0,0.0,0,0.02
5336,2020-10,2020-06,4,0,True,0.0,master,valid_observed_phase_at_origin,ABCD,selection,1,4,spectral_core,local_partition_rf,0,0.0,0,0.04
5337,2020-10,2020-06,4,0,True,0.0,master,valid_observed_phase_at_origin,ABCD,selection,1,4,spectral_core,local_partition_rf,0,0.02,0,0.01
5338,2020-10,2020-06,4,0,True,0.0,master,valid_observed_phase_at_origin,ABCD,selection,1,4,spectral_core,local_partition_rf,0,0.01,0,0.02
5339,2020-10,2020-06,4,0,True,0.0,master,valid_observed_phase_at_origin,ABCD,selection,1,4,spectral_core,local_partition_rf,0,0.0,0,0.03
5340,2020-10,2020-06,4,0,True,0.0,master,valid_observed_phase_at_origin,ABCD,selection,1,4,spectral_core,local_partition_rf,0,0.03,0,0.01
5341,2020-10,2020-06,4,0,True,0.0,master,valid_observed_phase_at_origin,ABCD,selection,1,4,spectral_core,local_partition_rf,0,0.0,0,0.02
5342,2020-10,2020-06,4,0,True,0.0,master,valid_observed_phase_at_origin,ABCD,selection,1,4,spectral_core,local_partition_rf,0,0.0,0,0.03
5343,2020-10,2020-06,4,0,True,0.0,master,valid_observed_phase_at_origin,ABCD,selection,1,4,spectral_core,local_partition_rf,0,0.02,0,0.03
5344,2020-10,2020-06,4,0,True,0.0,master,valid_observed_phase_at_origin,ABCD,selection,1,4,spectral_core,local_partition_rf,0,0.02,0,0.01
5345,2020-10,2020-06,4,0,True,0.0,master,valid_observed_phase_at_origin,ABCD,selection,1,4,spectral_core,local_partition_rf,0,0.02,0,0.03
5346,2020-10,2020-06,4,0,True,0.0,master,valid_observed_phase_at_origin,ABCD,selection,1,4,spectral_core,local_partition_rf,0,0.02,0,0.03
5347,2020-10,2020-06,4,0,True,0.0,master,valid_observed_phase_at_origin,ABCD,selection,1,4,spectral_core,local_partition_rf,0,0.03,0,0.04
5348,2020-10,2020-06,4,0,True,0.0,master,valid_observed_phase_at_origin,ABCD,selection,1,4,spectral_core,local_partition_rf,0,0.01,0,0.05
5349,2020-10,2020-06,4,0,True,0.0,master,valid_observed_phase_at_origin,ABCD,selection,1,4,spectral_core,local_partition_rf,0,0.0,0,0.01
5350,2020-10,2020-06,4,0,True,0.0,master,valid_observed_phase_at_origin,ABCD,selection,1,4,spectral_core,local_partition_rf,0,0.03,0,0.01
5351,2020-10,2020-06,4,0,True,0.0,master,valid_observed_phase_at_origin,ABCD,selection,1,4,spectral_core,local_partition_rf,0,0.03,0,0.02
5352,2020-10,2020-06,4,0,True,0.0,master,valid_observed_phase_at_origin,ABCD,selection,1,4,spectral_core,local_partition_rf,0,0.0,0,0.01
5353,2020-10,2020-06,4,0,True,0.0,master,valid_observed_phase_at_origin,ABCD,selection,1,4,spectral_core,local_partition_rf,0,0.0,0,0.02
5354,2020-10,2020-06,4,0,True,0.0,master,valid_observed_phase_at_origin,ABCD,selection,1,4,spectral_core,local_partition_rf,0,0.0,0,0.01
5355,2020-10,2020-06,4,0,True,0.0,master,valid_observed_phase_at_origin,ABCD,selection,1,14,spectral_core,local_partition_rf,0,0.0,0,0.02
5356,2020-10,2020-06,4,0,True,0.0,master,valid_observed_phase_at_origin,ABCD,selection,1,4,spectral_core,local_partition_rf,0,0.02,0,0.03
5357,2020-10,2020-06,4,0,True,0.0,master,valid_observed_phase_at_origin,ABCD,selection,1,4,spectral_core,local_partition_rf,0,0.03,0,0.02
5358,2020-10,2020-06,4,0,True,0.0,master,valid_observed_phase_at_origin,ABCD,selection,1,14,spectral_core,local_partition_rf,0,0.01,0,0.01
5359,2020-10,2020-06,4,0,True,0.0,master,valid_observed_phase_at_origin,ABCD,selection,1,4,spectral_core,local_partition_rf,0,0.0,0,0.04
5360,2020-10,2020-06,4,0,True,0.0,master,valid_observed_phase_at_origin,ABCD,selection,1,14,spectral_core,local_partition_rf,0,0.0,0,0.01
5361,2020-10,2020-06,4,0,True,0.0,master,valid_observed_phase_at_origin,ABCD,selection,1,4,spectral_core,local_partition_rf,0,0.0,0,0.0
5362,2020-10,2020-06,4,0,True,0.0,master,valid_observed_phase_at_origin,ABCD,selection,1,4,spectral_core,local_partition_rf,0,0.01,0,0.02
5363,2020-10,2020-06,4,0,True,0.0,master,valid_observed_phase_at_origin,ABCD,selection,1,4,spectral_core,local_partition_rf,0,0.0,0,0.01
5364,2020-10,2020-06,4,0,True,0.0,master,valid_observed_phase_at_origin,ABCD,selection,1,4,spectral_core,local_partition_rf,0,0.01,0,0.0
5365,2020-10,2020-06,4,0,True,0.0,master,valid_observed_phase_at_origin,ABCD,selection,1,4,spectral_core,local_partition_rf,0,0.0,0,0.01
5366,2020-10,2020-06,4,0,True,0.0,master,valid_observed_phase_at_origin,ABCD,selection,1,4,spectral_core,local_partition_rf,0,0.01,0,0.02
5367,2020-10,2020-06,4,0,True,0.0,master,valid_observed_phase_at_origin,ABCD,selection,1,4,spectral_core,local_partition_rf,0,0.04,0,0.02
5368,2020-10,2020-06,4,0,True,0.0,master,valid_observed_phase_at_origin,ABCD,selection,1,4,spectral_core,local_partition_rf,0,0.0,0,0.02
5369,2020-10,2020-06,4,0,True,0.0,master,valid_observed_phase_at_origin,ABCD,selection,1,4,spectral_core,local_partition_rf,0,0.01,0,0.03
5370,2020-10,2020-06,4,0,True,0.0,master,valid_observed_phase_at_origin,ABCD,selection,1,4,spectral_core,local_partition_rf,0,0.01,0,0.01
5371,2020-10,2020-06,4,0,True,0.0,master,valid_observed_phase_at_origin,ABCD,selection,1,4,spectral_core,local_partition_rf,0,0.0,0,0.01
5372,2020-10,2020-06,4,0,True,0.0,master,valid_observed_phase_at_origin,ABCD,selection,1,4,spectral_core,local_partition_rf,0,0.0,0,0.04
5373,2020-10,2020-06,4,0,True,0.0,master,valid_observed_phase_at_origin,ABCD,selection,1,4,spectral_core,local_partition_rf,0,0.01,0,0.02
5374,2020-10,2020-06,4,0,True,0.0,master,valid_observed_phase_at_origin,ABCD,selection,1,4,spectral_core,local_partition_rf,0,0.01,0,0.01
5375,2020-10,2020-06,4,0,True,1.0,master,valid_observed_phase_at_origin,ABCD,selection,1,2,spectral_core,local_partition_rf,0,0.32,0,0.37
5376,2020-10,2020-06,4,0,True,1.0,master,valid_observed_phase_at_origin,ABCD,selection,1,2,spectral_core,local_partition_rf,0,0.29,0,0.41
5377,2020-10,2020-06,4,0,True,1.0,master,valid_observed_phase_at_origin,ABCD,selection,1,2,spectral_core,local_partition_rf,0,0.29,0,0.37
5378,2020-10,2020-06,4,0,True,1.0,master,valid_observed_phase_at_origin,ABCD,selection,1,2,spectral_core,local_partition_rf,0,0.29,0,0.4
5379,2020-10,2020-06,4,0,True,1.0,master,valid_observed_phase_at_origin,ABCD,selection,1,4,spectral_core,local_partition_rf,0,0.13,0,0.39
5380,2020-10,2020-06,4,0,True,1.0,master,valid_observed_phase_at_origin,ABCD,selection,1,4,spectral_core,local_partition_rf,0,0.13,0,0.39
5381,2020-10,2020-06,4,0,True,1.0,master,valid_observed_phase_at_origin,ABCD,selection,1,4,spectral_core,local_partition_rf,0,0.13,0,0.4
5382,2020-10,2020-06,4,0,True,1.0,master,valid_observed_phase_at_origin,ABCD,selection,1,4,spectral_core,local_partition_rf,0,0.12,0,0.39
5383,2020-10,2020-06,4,0,True,0.0,master,valid_observed_phase_at_origin,ABCD,selection,1,14,spectral_core,local_partition_rf,0,0.0,0,0.0
5384,2020-10,2020-06,4,0,True,0.0,master,valid_observed_phase_at_origin,ABCD,selection,1,14,spectral_core,local_partition_rf,0,0.01,0,0.01
5385,2020-10,2020-06,4,0,True,0.0,master,valid_observed_phase_at_origin,ABCD,selection,1,4,spectral_core,local_partition_rf,0,0.0,0,0.01
5386,2020-10,2020-06,4,0,True,0.0,master,valid_observed_phase_at_origin,ABCD,selection,1,4,spectral_core,local_partition_rf,0,0.0,0,0.02
5387,2020-10,2020-06,4,0,True,0.0,master,valid_observed_phase_at_origin,ABCD,selection,1,4,spectral_core,local_partition_rf,0,0.0,0,0.0
5388,2020-10,2020-06,4,0,True,0.0,master,valid_observed_phase_at_origin,ABCD,selection,1,4,spectral_core,local_partition_rf,0,0.0,0,0.02
5389,2020-10,2020-06,4,0,True,0.0,master,valid_observed_phase_at_origin,ABCD,selection,1,4,spectral_core,local_partition_rf,0,0.01,0,0.0
5390,2020-10,2020-06,4,0,True,0.0,master,valid_observed_phase_at_origin,ABCD,selection,1,4,spectral_core,local_partition_rf,0,0.0,0,0.01
5391,2020-10,2020-06,4,0,True,0.0,master,valid_observed_phase_at_origin,ABCD,selection,1,4,spectral_core,local_partition_rf,0,0.0,0,0.04
5392,2020-10,2020-06,4,0,True,0.0,master,valid_observed_phase_at_origin,ABCD,selection,1,4,spectral_core,local_partition_rf,0,0.0,0,0.01
5393,2020-10,2020-06,4,0,True,0.0,master,valid_observed_phase_at_origin,ABCD,selection,1,4,spectral_core,local_partition_rf,0,0.01,0,0.02
5394,2020-10,2020-06,4,0,True,0.0,master,valid_observed_phase_at_origin,ABCD,selection,1,4,spectral_core,local_partition_rf,0,0.02,0,0.03
5395,2020-10,2020-06,4,0,True,0.0,master,valid_observed_phase_at_origin,ABCD,selection,1,4,spectral_core,local_partition_rf,0,0.02,0,0.03
5396,2020-10,2020-06,4,0,True,0.0,master,valid_observed_phase_at_origin,ABCD,selection,1,4,spectral_core,local_partition_rf,0,0.0,0,0.01
5397,2020-10,2020-06,4,0,True,0.0,master,valid_observed_phase_at_origin,ABCD,selection,1,4,spectral_core,local_partition_rf,0,0.0,0,0.03
5398,2020-10,2020-06,4,0,True,0.0,master,valid_observed_phase_at_origin,ABCD,selection,1,4,spectral_core,local_partition_rf,0,0.0,0,0.03
5399,2020-10,2020-06,4,0,True,0.0,master,valid_observed_phase_at_origin,ABCD,selection,1,4,spectral_core,local_partition_rf,0,0.01,0,0.02
5400,2020-10,2020-06,4,0,True,0.0,master,valid_observed_phase_at_origin,ABCD,selection,1,4,spectral_core,local_partition_rf,0,0.01,0,0.01
5401,2020-10,2020-06,4,0,True,0.0,master,valid_observed_phase_at_origin,ABCD,selection,1,4,spectral_core,local_partition_rf,0,0.01,0,0.02
5402,2020-10,2020-06,4,0,True,0.0,master,valid_observed_phase_at_origin,ABCD,selection,1,11,spectral_core,local_partition_rf,0,0.0,0,0.01
5403,2020-10,2020-06,4,0,True,0.0,master,valid_observed_phase_at_origin,ABCD,selection,1,11,spectral_core,local_partition_rf,0,0.0,0,0.02
5404,2020-10,2020-06,4,0,True,0.0,master,valid_observed_phase_at_origin,ABCD,selection,1,11,spectral_core,local_partition_rf,0,0.02,0,0.03
5405,2020-10,2020-06,4,0,True,0.0,master,valid_observed_phase_at_origin,ABCD,selection,1,11,spectral_core,local_partition_rf,0,0.0,0,0.02
5406,2020-10,2020-06,4,0,True,0.0,master,valid_observed_phase_at_origin,ABCD,selection,1,11,spectral_core,local_partition_rf,0,0.01,0,0.02
5407,2020-10,2020-06,4,0,True,0.0,master,valid_observed_phase_at_origin,ABCD,selection,1,11,spectral_core,local_partition_rf,0,0.05,0,0.01
5408,2020-10,2020-06,4,0,True,0.0,master,valid_observed_phase_at_origin,ABCD,selection,1,11,spectral_core,local_partition_rf,0,0.02,0,0.01
5409,2020-10,2020-06,4,0,True,0.0,master,valid_observed_phase_at_origin,ABCD,selection,1,11,spectral_core,local_partition_rf,0,0.03,0,0.03
5410,2020-10,2020-06,4,0,True,0.0,master,valid_observed_phase_at_origin,ABCD,selection,1,11,spectral_core,local_partition_rf,0,0.03,0,0.06
5411,2020-10,2020-06,4,0,True,0.0,master,valid_observed_phase_at_origin,ABCD,selection,1,11,spectral_core,local_partition_rf,0,0.03,0,0.04
5412,2020-10,2020-06,4,0,True,0.0,master,valid_observed_phase_at_origin,ABCD,selection,1,4,spectral_core,local_partition_rf,0,0.0,0,0.04
5413,2020-10,2020-06,4,0,True,0.0,master,valid_observed_phase_at_origin,ABCD,selection,1,14,spectral_core,local_partition_rf,0,0.01,0,0.05
5414,2020-10,2020-06,4,0,True,0.0,master,valid_observed_phase_at_origin,ABCD,selection,1,14,spectral_core,local_partition_rf,0,0.0,0,0.02
5415,2020-10,2020-06,4,0,True,0.0,master,valid_observed_phase_at_origin,ABCD,selection,1,14,spectral_core,local_partition_rf,0,0.01,0,0.01
5416,2020-10,2020-06,4,0,True,0.0,master,valid_observed_phase_at_origin,ABCD,selection,1,14,spectral_core,local_partition_rf,0,0.02,0,0.04
5417,2020-10,2020-06,4,0,True,0.0,master,valid_observed_phase_at_origin,ABCD,selection,1,14,spectral_core,local_partition_rf,0,0.02,0,0.03
5418,2020-10,2020-06,4,0,True,0.0,master,valid_observed_phase_at_origin,ABCD,selection,1,14,spectral_core,local_partition_rf,0,0.04,0,0.02
5419,2020-10,2020-06,4,0,True,1.0,master,valid_observed_phase_at_origin,ABCD,selection,1,4,spectral_core,local_partition_rf,0,0.12,0,0.37
5420,2020-10,2020-06,4,0,True,1.0,master,valid_observed_phase_at_origin,ABCD,selection,1,4,spectral_core,local_partition_rf,0,0.13,0,0.41
5421,2020-10,2020-06,4,0,True,0.0,master,valid_observed_phase_at_origin,ABCD,selection,1,14,spectral_core,local_partition_rf,0,0.02,0,0.01
5422,2020-10,2020-06,4,0,True,0.0,master,valid_observed_phase_at_origin,ABCD,selection,1,14,spectral_core,local_partition_rf,0,0.01,0,0.0
5423,2020-10,2020-06,4,0,True,0.0,master,valid_observed_phase_at_origin,ABCD,selection,1,14,spectral_core,local_partition_rf,0,0.02,0,0.0
5424,2020-10,2020-06,4,0,True,0.0,master,valid_observed_phase_at_origin,ABCD,selection,1,4,spectral_core,local_partition_rf,0,0.01,0,0.0
5425,2020-10,2020-06,4,0,True,0.0,master,valid_observed_phase_at_origin,ABCD,selection,1,4,spectral_core,local_partition_rf,0,0.02,0,0.01
5426,2020-10,2020-06,4,0,True,0.0,master,valid_observed_phase_at_origin,ABCD,selection,1,14,spectral_core,local_partition_rf,0,0.0,0,0.04
5427,2020-10,2020-06,4,0,True,0.0,master,valid_observed_phase_at_origin,ABCD,selection,1,14,spectral_core,local_partition_rf,0,0.04,0,0.04
5428,2020-10,2020-06,4,0,True,0.0,master,valid_observed_phase_at_origin,ABCD,selection,1,14,spectral_core,local_partition_rf,0,0.02,0,0.01
5429,2020-10,2020-06,4,0,True,0.0,master,valid_observed_phase_at_origin,ABCD,selection,1,14,spectral_core,local_partition_rf,0,0.03,0,0.03
5430,2020-10,2020-06,4,0,True,0.0,master,valid_observed_phase_at_origin,ABCD,selection,1,14,spectral_core,local_partition_rf,0,0.0,0,0.0
5431,2020-10,2020-06,4,0,True,0.0,master,valid_observed_phase_at_origin,ABCD,selection,1,14,spectral_core,local_partition_rf,0,0.03,0,0.04
5432,2020-10,2020-06,4,0,True,0.0,master,valid_observed_phase_at_origin,ABCD,selection,1,14,spectral_core,local_partition_rf,0,0.0,0,0.02
5433,2020-10,2020-06,4,0,True,0.0,master,valid_observed_phase_at_origin,ABCD,selection,1,14,spectral_core,local_partition_rf,0,0.02,0,0.01
5434,2020-10,2020-06,4,0,True,0.0,master,valid_observed_phase_at_origin,ABCD,selection,1,14,spectral_core,local_partition_rf,0,0.02,0,0.03
5435,2020-10,2020-06,4,0,True,0.0,master,valid_observed_phase_at_origin,ABCD,selection,1,14,spectral_core,local_partition_rf,0,0.01,0,0.04
5436,2020-10,2020-06,4,0,True,0.0,master,valid_observed_phase_at_origin,ABCD,selection,1,14,spectral_core,local_partition_rf,0,0.03,0,0.0
5437,2020-10,2020-06,4,0,True,0.0,master,valid_observed_phase_at_origin,ABCD,selection,1,14,spectral_core,local_partition_rf,0,0.01,0,0.04
5438,2020-10,2020-06,4,0,True,0.0,master,valid_observed_phase_at_origin,ABCD,selection,1,14,spectral_core,local_partition_rf,0,0.01,0,0.02
5439,2020-10,2020-06,4,0,True,0.0,master,valid_observed_phase_at_origin,ABCD,selection,1,14,spectral_core,local_partition_rf,0,0.04,0,0.03
5440,2020-10,2020-06,4,0,True,0.0,master,valid_observed_phase_at_origin,ABCD,selection,1,14,spectral_core,local_partition_rf,0,0.03,0,0.07
5441,2020-10,2020-06,4,0,True,0.0,master,valid_observed_phase_at_origin,ABCD,selection,1,14,spectral_core,local_partition_rf,0,0.03,0,0.02
5442,2020-10,2020-06,4,0,True,0.0,master,valid_observed_phase_at_origin,ABCD,selection,1,14,spectral_core,local_partition_rf,0,0.01,0,0.01
5443,2020-10,2020-06,4,0,True,0.0,master,valid_observed_phase_at_origin,ABCD,selection,1,14,spectral_core,local_partition_rf,0,0.02,0,0.01
5444,2020-10,2020-06,4,0,True,0.0,master,valid_observed_phase_at_origin,ABCD,selection,1,14,spectral_core,local_partition_rf,0,0.01,0,0.04
5445,2020-10,2020-06,4,0,True,0.0,master,valid_observed_phase_at_origin,ABCD,selection,1,14,spectral_core,local_partition_rf,0,0.02,0,0.02
5446,2020-10,2020-06,4,0,True,0.0,master,valid_observed_phase_at_origin,ABCD,selection,1,14,spectral_core,local_partition_rf,0,0.04,0,0.04
5447,2020-10,2020-06,4,0,True,0.0,master,valid_observed_phase_at_origin,ABCD,selection,1,14,spectral_core,local_partition_rf,0,0.06,0,0.06
5448,2020-10,2020-06,4,0,True,0.0,master,valid_observed_phase_at_origin,ABCD,selection,1,14,spectral_core,local_partition_rf,0,0.06,0,0.02
5449,2020-10,2020-06,4,0,True,0.0,master,valid_observed_phase_at_origin,ABCD,selection,1,14,spectral_core,local_partition_rf,0,0.01,0,0.01
5450,2020-10,2020-06,4,0,True,0.0,master,valid_observed_phase_at_origin,ABCD,selection,1,14,spectral_core,local_partition_rf,0,0.01,0,0.01
5451,2020-10,2020-06,4,0,True,0.0,master,valid_observed_phase_at_origin,ABCD,selection,1,14,spectral_core,local_partition_rf,0,0.0,0,0.02
5452,2020-10,2020-06,4,0,True,0.0,master,valid_observed_phase_at_origin,ABCD,selection,1,14,spectral_core,local_partition_rf,0,0.01,0,0.02
5453,2020-10,2020-06,4,0,True,0.0,master,valid_observed_phase_at_origin,ABCD,selection,1,14,spectral_core,local_partition_rf,0,0.01,0,0.03
5454,2020-10,2020-06,4,0,True,0.0,master,valid_observed_phase_at_origin,ABCD,selection,1,14,spectral_core,local_partition_rf,0,0.01,0,0.0
5455,2020-10,2020-06,4,0,True,0.0,master,valid_observed_phase_at_origin,ABCD,selection,1,14,spectral_core,local_partition_rf,0,0.0,0,0.04
5456,2020-10,2020-06,4,0,True,0.0,master,valid_observed_phase_at_origin,ABCD,selection,1,14,spectral_core,local_partition_rf,0,0.01,0,0.04
5457,2020-10,2020-06,4,0,True,0.0,master,valid_observed_phase_at_origin,ABCD,selection,1,14,spectral_core,local_partition_rf,0,0.02,0,0.03
5458,2020-10,2020-06,4,0,True,0.0,master,valid_observed_phase_at_origin,ABCD,selection,1,14,spectral_core,local_partition_rf,0,0.02,0,0.04
5459,2020-10,2020-06,4,0,True,0.0,master,valid_observed_phase_at_origin,ABCD,selection,1,14,spectral_core,local_partition_rf,0,0.03,0,0.01
5460,2020-10,2020-06,4,0,True,0.0,master,valid_observed_phase_at_origin,ABCD,selection,1,14,spectral_core,local_partition_rf,0,0.0,0,0.01
5461,2020-10,2020-06,4,0,True,0.0,master,valid_observed_phase_at_origin,ABCD,selection,1,14,spectral_core,local_partition_rf,0,0.02,0,0.03
5462,2020-10,2020-06,4,0,True,0.0,master,valid_observed_phase_at_origin,ABCD,selection,1,14,spectral_core,local_partition_rf,0,0.02,0,0.05
5463,2020-10,2020-06,4,0,True,0.0,master,valid_observed_phase_at_origin,ABCD,selection,1,14,spectral_core,local_partition_rf,0,0.02,0,0.01
5464,2020-10,2020-06,4,0,True,0.0,master,valid_observed_phase_at_origin,ABCD,selection,1,14,spectral_core,local_partition_rf,0,0.02,0,0.02
5465,2020-10,2020-06,4,0,True,0.0,master,valid_observed_phase_at_origin,ABCD,selection,1,14,spectral_core,local_partition_rf,0,0.02,0,0.03
5466,2020-10,2020-06,4,0,True,0.0,master,valid_observed_phase_at_origin,ABCD,selection,1,14,spectral_core,local_partition_rf,0,0.02,0,0.01
5467,2020-10,2020-06,4,0,True,0.0,master,valid_observed_phase_at_origin,ABCD,selection,1,14,spectral_core,local_partition_rf,0,0.01,0,0.01
5468,2020-10,2020-06,4,0,True,0.0,master,valid_observed_phase_at_origin,ABCD,selection,1,14,spectral_core,local_partition_rf,0,0.02,0,0.02
5469,2020-10,2020-06,4,0,True,0.0,master,valid_observed_phase_at_origin,ABCD,selection,1,14,spectral_core,local_partition_rf,0,0.02,0,0.01
5470,2020-10,2020-06,4,0,True,0.0,master,valid_observed_phase_at_origin,ABCD,selection,1,14,spectral_core,local_partition_rf,0,0.01,0,0.02
5471,2020-10,2020-06,4,0,True,0.0,master,valid_observed_phase_at_origin,ABCD,selection,1,14,spectral_core,local_partition_rf,0,0.0,0,0.0
5472,2020-10,2020-06,4,0,True,0.0,master,valid_observed_phase_at_origin,ABCD,selection,1,14,spectral_core,local_partition_rf,0,0.01,0,0.02
5473,2020-10,2020-06,4,0,True,0.0,master,valid_observed_phase_at_origin,ABCD,selection,1,14,spectral_core,local_partition_rf,0,0.01,0,0.03
5474,2020-10,2020-06,4,0,True,0.0,master,valid_observed_phase_at_origin,ABCD,selection,1,14,spectral_core,local_partition_rf,0,0.01,0,0.03
5475,2020-10,2020-06,4,0,True,0.0,master,valid_observed_phase_at_origin,ABCD,selection,1,14,spectral_core,local_partition_rf,0,0.0,0,0.04
5476,2020-10,2020-06,4,0,True,0.0,master,valid_observed_phase_at_origin,ABCD,selection,1,14,spectral_core,local_partition_rf,0,0.0,0,0.01
5477,2020-10,2020-06,4,0,True,0.0,master,valid_observed_phase_at_origin,ABCD,selection,1,14,spectral_core,local_partition_rf,0,0.0,0,0.04
5478,2020-10,2020-06,4,0,True,0.0,master,valid_observed_phase_at_origin,ABCD,selection,1,14,spectral_core,local_partition_rf,0,0.0,0,0.02
5479,2020-10,2020-06,4,0,True,0.0,master,valid_observed_phase_at_origin,ABCD,selection,1,14,spectral_core,local_partition_rf,0,0.01,0,0.05
5480,2020-10,2020-06,4,0,True,0.0,master,valid_observed_phase_at_origin,ABCD,selection,1,14,spectral_core,local_partition_rf,0,0.0,0,0.02
5481,2020-10,2020-06,4,0,True,0.0,master,valid_observed_phase_at_origin,ABCD,selection,1,14,spectral_core,local_partition_rf,0,0.0,0,0.01
5482,2020-10,2020-06,4,0,True,0.0,master,valid_observed_phase_at_origin,ABCD,selection,1,14,spectral_core,local_partition_rf,0,0.01,0,0.0
5483,2020-10,2020-06,4,0,True,0.0,master,valid_observed_phase_at_origin,ABCD,selection,1,14,spectral_core,local_partition_rf,0,0.01,0,0.03
5484,2020-10,2020-06,4,0,True,0.0,master,valid_observed_phase_at_origin,ABCD,selection,1,14,spectral_core,local_partition_rf,0,0.01,0,0.04
5485,2020-10,2020-06,4,0,True,0.0,master,valid_observed_phase_at_origin,ABCD,selection,1,14,spectral_core,local_partition_rf,0,0.0,0,0.01
5486,2020-10,2020-06,4,0,True,0.0,master,valid_observed_phase_at_origin,ABCD,selection,1,14,spectral_core,local_partition_rf,0,0.01,0,0.0
5487,2020-10,2020-06,4,0,True,0.0,master,valid_observed_phase_at_origin,ABCD,selection,1,14,spectral_core,local_partition_rf,0,0.01,0,0.02
5488,2020-10,2020-06,4,0,True,0.0,master,valid_observed_phase_at_origin,ABCD,selection,1,14,spectral_core,local_partition_rf,0,0.0,0,0.01
5489,2020-10,2020-06,4,0,True,0.0,master,valid_observed_phase_at_origin,ABCD,selection,1,14,spectral_core,local_partition_rf,0,0.0,0,0.01
5490,2020-10,2020-06,4,0,True,0.0,master,valid_observed_phase_at_origin,ABCD,selection,1,14,spectral_core,local_partition_rf,0,0.01,0,0.03
5491,2020-10,2020-06,4,0,True,0.0,master,valid_observed_phase_at_origin,ABCD,selection,1,14,spectral_core,local_partition_rf,0,0.01,0,0.01
5492,2020-10,2020-06,4,0,True,0.0,master,valid_observed_phase_at_origin,ABCD,selection,1,14,spectral_core,local_partition_rf,0,0.03,0,0.0
5493,2020-10,2020-06,4,0,True,0.0,master,valid_observed_phase_at_origin,ABCD,selection,1,14,spectral_core,local_partition_rf,0,0.01,0,0.02
5494,2020-10,2020-06,4,0,True,0.0,master,valid_observed_phase_at_origin,ABCD,selection,1,14,spectral_core,local_partition_rf,0,0.0,0,0.02
5495,2020-10,2020-06,4,0,True,0.0,master,valid_observed_phase_at_origin,ABCD,selection,1,14,spectral_core,local_partition_rf,0,0.01,0,0.01
5496,2020-10,2020-06,4,0,True,0.0,master,valid_observed_phase_at_origin,ABCD,selection,1,14,spectral_core,local_partition_rf,0,0.03,0,0.02
5497,2020-10,2020-06,4,0,True,0.0,master,valid_observed_phase_at_origin,ABCD,selection,1,14,spectral_core,local_partition_rf,0,0.02,0,0.01
5498,2020-10,2020-06,4,0,True,0.0,master,valid_observed_phase_at_origin,ABCD,selection,1,14,spectral_core,local_partition_rf,0,0.03,0,0.04
5499,2020-10,2020-06,4,0,True,0.0,master,valid_observed_phase_at_origin,ABCD,selection,1,14,spectral_core,local_partition_rf,0,0.02,0,0.02
5501,2020-10,2020-06,4,0,True,0.0,master,valid_observed_phase_at_origin,ABCD,selection,1,14,spectral_core,local_partition_rf,0,0.03,0,0.04
5502,2020-10,2020-06,4,0,True,0.0,master,valid_observed_phase_at_origin,ABCD,selection,1,14,spectral_core,local_partition_rf,0,0.03,0,0.02
5503,2020-10,2020-06,4,0,True,0.0,master,valid_observed_phase_at_origin,ABCD,selection,1,14,spectral_core,local_partition_rf,0,0.02,0,0.05
5504,2020-10,2020-06,4,0,True,0.0,master,valid_observed_phase_at_origin,ABCD,selection,1,14,spectral_core,local_partition_rf,0,0.03,0,0.03
5505,2020-10,2020-06,4,0,True,0.0,master,valid_observed_phase_at_origin,ABCD,selection,1,14,spectral_core,local_partition_rf,0,0.02,0,0.06
5506,2020-10,2020-06,4,0,True,0.0,master,valid_observed_phase_at_origin,ABCD,selection,1,14,spectral_core,local_partition_rf,0,0.02,0,0.0
5507,2020-10,2020-06,4,0,True,0.0,master,valid_observed_phase_at_origin,ABCD,selection,1,14,spectral_core,local_partition_rf,0,0.03,0,0.03
5508,2020-10,2020-06,4,0,True,0.0,master,valid_observed_phase_at_origin,ABCD,selection,1,14,spectral_core,local_partition_rf,0,0.04,0,0.04
5509,2020-10,2020-06,4,0,True,0.0,master,valid_observed_phase_at_origin,ABCD,selection,1,14,spectral_core,local_partition_rf,0,0.02,0,0.03
5510,2020-10,2020-06,4,0,True,0.0,master,valid_observed_phase_at_origin,ABCD,selection,1,14,spectral_core,local_partition_rf,0,0.03,0,0.05
5511,2020-10,2020-06,4,0,True,0.0,master,valid_observed_phase_at_origin,ABCD,selection,1,14,spectral_core,local_partition_rf,0,0.03,0,0.03
5512,2020-10,2020-06,4,0,True,0.0,master,valid_observed_phase_at_origin,ABCD,selection,1,14,spectral_core,local_partition_rf,0,0.04,0,0.05
5513,2020-10,2020-06,4,0,True,0.0,master,valid_observed_phase_at_origin,ABCD,selection,1,14,spectral_core,local_partition_rf,0,0.02,0,0.04
5514,2020-10,2020-06,4,0,True,0.0,master,valid_observed_phase_at_origin,ABCD,selection,1,14,spectral_core,local_partition_rf,0,0.03,0,0.03
5515,2020-10,2020-06,4,0,True,0.0,master,valid_observed_phase_at_origin,ABCD,selection,1,14,spectral_core,local_partition_rf,0,0.02,0,0.03
5516,2020-10,2020-06,4,0,True,0.0,master,valid_observed_phase_at_origin,ABCD,selection,1,14,spectral_core,local_partition_rf,0,0.0,0,0.02
5517,2020-10,2020-06,4,0,True,0.0,master,valid_observed_phase_at_origin,ABCD,selection,1,14,spectral_core,local_partition_rf,0,0.01,0,0.01
5518,2020-10,2020-06,4,0,True,0.0,master,valid_observed_phase_at_origin,ABCD,selection,1,14,spectral_core,local_partition_rf,0,0.0,0,0.01
5519,2020-10,2020-06,4,0,True,0.0,master,valid_observed_phase_at_origin,ABCD,selection,1,14,spectral_core,local_partition_rf,0,0.01,0,0.04
5520,2020-10,2020-06,4,0,True,0.0,master,valid_observed_phase_at_origin,ABCD,selection,1,14,spectral_core,local_partition_rf,0,0.0,0,0.02
5521,2020-10,2020-06,4,0,True,0.0,master,valid_observed_phase_at_origin,ABCD,selection,1,14,spectral_core,local_partition_rf,0,0.02,0,0.02
5522,2020-10,2020-06,4,0,True,0.0,master,valid_observed_phase_at_origin,ABCD,selection,1,14,spectral_core,local_partition_rf,0,0.01,0,0.02
5523,2020-10,2020-06,4,0,True,0.0,master,valid_observed_phase_at_origin,ABCD,selection,1,14,spectral_core,local_partition_rf,0,0.02,0,0.04
5524,2020-10,2020-06,4,0,True,0.0,master,valid_observed_phase_at_origin,ABCD,selection,1,14,spectral_core,local_partition_rf,0,0.01,0,0.02
5525,2020-10,2020-06,4,0,True,0.0,master,valid_observed_phase_at_origin,ABCD,selection,1,14,spectral_core,local_partition_rf,0,0.03,0,0.05
5526,2020-10,2020-06,4,0,True,0.0,master,valid_observed_phase_at_origin,ABCD,selection,1,14,spectral_core,local_partition_rf,0,0.01,0,0.02
5527,2020-10,2020-06,4,0,True,0.0,master,valid_observed_phase_at_origin,ABCD,selection,1,11,spectral_core,local_partition_rf,0,0.0,0,0.0
5528,2020-10,2020-06,4,0,True,0.0,master,valid_observed_phase_at_origin,ABCD,selection,1,14,spectral_core,local_partition_rf,0,0.01,0,0.02
5529,2020-10,2020-06,4,0,True,0.0,master,valid_observed_phase_at_origin,ABCD,selection,1,14,spectral_core,local_partition_rf,0,0.02,0,0.01
5530,2020-10,2020-06,4,0,True,0.0,master,valid_observed_phase_at_origin,ABCD,selection,1,14,spectral_core,local_partition_rf,0,0.02,0,0.02
5531,2020-10,2020-06,4,0,True,0.0,master,valid_observed_phase_at_origin,ABCD,selection,1,14,spectral_core,local_partition_rf,0,0.02,0,0.02
5532,2020-10,2020-06,4,0,True,0.0,master,valid_observed_phase_at_origin,ABCD,selection,1,14,spectral_core,local_partition_rf,0,0.02,0,0.04
5533,2020-10,2020-06,4,0,True,0.0,master,valid_observed_phase_at_origin,ABCD,selection,1,14,spectral_core,local_partition_rf,0,0.02,0,0.02
5534,2020-10,2020-06,4,0,True,0.0,master,valid_observed_phase_at_origin,ABCD,selection,1,14,spectral_core,local_partition_rf,0,0.02,0,0.03
5535,2020-10,2020-06,4,0,True,0.0,master,valid_observed_phase_at_origin,ABCD,selection,1,4,spectral_core,local_partition_rf,0,0.02,0,0.03
5536,2020-10,2020-06,4,0,True,0.0,master,valid_observed_phase_at_origin,ABCD,selection,1,14,spectral_core,local_partition_rf,0,0.02,0,0.02
5537,2020-10,2020-06,4,0,True,0.0,master,valid_observed_phase_at_origin,ABCD,selection,1,14,spectral_core,local_partition_rf,0,0.01,0,0.01
5538,2020-10,2020-06,4,0,True,0.0,master,valid_observed_phase_at_origin,ABCD,selection,1,14,spectral_core,local_partition_rf,0,0.0,0,0.03
5539,2020-10,2020-06,4,0,True,0.0,master,valid_observed_phase_at_origin,ABCD,selection,1,14,spectral_core,local_partition_rf,0,0.0,0,0.01
5540,2020-10,2020-06,4,0,True,0.0,master,valid_observed_phase_at_origin,ABCD,selection,1,14,spectral_core,local_partition_rf,0,0.01,0,0.0
5541,2020-10,2020-06,4,0,True,0.0,master,valid_observed_phase_at_origin,ABCD,selection,1,14,spectral_core,local_partition_rf,0,0.0,0,0.0
5542,2020-10,2020-06,4,0,True,0.0,master,valid_observed_phase_at_origin,ABCD,selection,1,14,spectral_core,local_partition_rf,0,0.0,0,0.01
5543,2020-10,2020-06,4,0,True,0.0,master,valid_observed_phase_at_origin,ABCD,selection,1,14,spectral_core,local_partition_rf,0,0.01,0,0.01
5544,2020-10,2020-06,4,0,True,0.0,master,valid_observed_phase_at_origin,ABCD,selection,1,14,spectral_core,local_partition_rf,0,0.03,0,0.01
5545,2020-10,2020-06,4,0,True,0.0,master,valid_observed_phase_at_origin,ABCD,selection,1,14,spectral_core,local_partition_rf,0,0.01,0,0.02
5546,2020-10,2020-06,4,0,True,0.0,master,valid_observed_phase_at_origin,ABCD,selection,1,14,spectral_core,local_partition_rf,0,0.02,0,0.01
5547,2020-10,2020-06,4,0,True,0.0,master,valid_observed_phase_at_origin,ABCD,selection,1,14,spectral_core,local_partition_rf,0,0.01,0,0.02
5548,2020-10,2020-06,4,0,True,0.0,master,valid_observed_phase_at_origin,ABCD,selection,1,14,spectral_core,local_partition_rf,0,0.02,0,0.01
5549,2020-10,2020-06,4,0,True,0.0,master,valid_observed_phase_at_origin,ABCD,selection,1,14,spectral_core,local_partition_rf,0,0.02,0,0.02
5550,2020-10,2020-06,4,0,True,0.0,master,valid_observed_phase_at_origin,ABCD,selection,1,14,spectral_core,local_partition_rf,0,0.01,0,0.02
5551,2020-10,2020-06,4,0,True,0.0,master,valid_observed_phase_at_origin,ABCD,selection,1,14,spectral_core,local_partition_rf,0,0.01,0,0.02
5552,2020-10,2020-06,4,0,True,0.0,master,valid_observed_phase_at_origin,ABCD,selection,1,14,spectral_core,local_partition_rf,0,0.01,0,0.01
5553,2020-10,2020-06,4,0,True,0.0,master,valid_observed_phase_at_origin,ABCD,selection,1,14,spectral_core,local_partition_rf,0,0.03,0,0.02
5554,2020-10,2020-06,4,0,True,0.0,master,valid_observed_phase_at_origin,ABCD,selection,1,14,spectral_core,local_partition_rf,0,0.02,0,0.01
5555,2020-10,2020-06,4,0,True,0.0,master,valid_observed_phase_at_origin,ABCD,selection,1,14,spectral_core,local_partition_rf,0,0.02,0,0.01
5556,2020-10,2020-06,4,0,True,0.0,master,valid_observed_phase_at_origin,ABCD,selection,1,14,spectral_core,local_partition_rf,0,0.03,0,0.02
5557,2020-10,2020-06,4,0,True,0.0,master,valid_observed_phase_at_origin,ABCD,selection,1,14,spectral_core,local_partition_rf,0,0.0,0,0.01
5558,2020-10,2020-06,4,0,True,0.0,master,valid_observed_phase_at_origin,ABCD,selection,1,14,spectral_core,local_partition_rf,0,0.0,0,0.02
5559,2020-10,2020-06,4,0,True,0.0,master,valid_observed_phase_at_origin,ABCD,selection,1,14,spectral_core,local_partition_rf,0,0.01,0,0.02
5560,2020-10,2020-06,4,0,True,0.0,master,valid_observed_phase_at_origin,ABCD,selection,1,14,spectral_core,local_partition_rf,0,0.01,0,0.0
5561,2020-10,2020-06,4,0,True,0.0,master,valid_observed_phase_at_origin,ABCD,selection,1,14,spectral_core,local_partition_rf,0,0.0,0,0.04
5562,2020-10,2020-06,4,0,True,0.0,master,valid_observed_phase_at_origin,ABCD,selection,1,14,spectral_core,local_partition_rf,0,0.01,0,0.01
5563,2020-10,2020-06,4,0,True,0.0,master,valid_observed_phase_at_origin,ABCD,selection,1,14,spectral_core,local_partition_rf,0,0.0,0,0.02
5564,2020-10,2020-06,4,0,True,0.0,master,valid_observed_phase_at_origin,ABCD,selection,1,14,spectral_core,local_partition_rf,0,0.01,0,0.0
5565,2020-10,2020-06,4,0,True,0.0,master,valid_observed_phase_at_origin,ABCD,selection,1,14,spectral_core,local_partition_rf,0,0.0,0,0.02
5566,2020-10,2020-06,4,0,True,0.0,master,valid_observed_phase_at_origin,ABCD,selection,1,14,spectral_core,local_partition_rf,0,0.01,0,0.01
5567,2020-10,2020-06,4,0,True,0.0,master,valid_observed_phase_at_origin,ABCD,selection,1,14,spectral_core,local_partition_rf,0,0.0,0,0.01
5568,2020-10,2020-06,4,0,True,0.0,master,valid_observed_phase_at_origin,ABCD,selection,1,14,spectral_core,local_partition_rf,0,0.0,0,0.0
5569,2020-10,2020-06,4,0,True,0.0,master,valid_observed_phase_at_origin,ABCD,selection,1,14,spectral_core,local_partition_rf,0,0.0,0,0.03
5570,2020-10,2020-06,4,0,True,0.0,master,valid_observed_phase_at_origin,ABCD,selection,1,14,spectral_core,local_partition_rf,0,0.0,0,0.02
5571,2020-10,2020-06,4,0,True,0.0,master,valid_observed_phase_at_origin,ABCD,selection,1,14,spectral_core,local_partition_rf,0,0.0,0,0.02
5572,2020-10,2020-06,4,0,True,0.0,master,valid_observed_phase_at_origin,ABCD,selection,1,14,spectral_core,local_partition_rf,0,0.02,0,0.0
5573,2020-10,2020-06,4,0,True,0.0,master,valid_observed_phase_at_origin,ABCD,selection,1,14,spectral_core,local_partition_rf,0,0.03,0,0.01
5574,2020-10,2020-06,4,0,True,0.0,master,valid_observed_phase_at_origin,ABCD,selection,1,14,spectral_core,local_partition_rf,0,0.03,0,0.0
5575,2020-10,2020-06,4,0,True,0.0,master,valid_observed_phase_at_origin,ABCD,selection,1,14,spectral_core,local_partition_rf,0,0.01,0,0.03
5576,2020-10,2020-06,4,0,True,0.0,master,valid_observed_phase_at_origin,ABCD,selection,1,14,spectral_core,local_partition_rf,0,0.01,0,0.03
5577,2020-10,2020-06,4,0,True,0.0,master,valid_observed_phase_at_origin,ABCD,selection,1,14,spectral_core,local_partition_rf,0,0.01,0,0.01
5578,2020-10,2020-06,4,0,True,0.0,master,valid_observed_phase_at_origin,ABCD,selection,1,14,spectral_core,local_partition_rf,0,0.01,0,0.02
5579,2020-10,2020-06,4,0,True,0.0,master,valid_observed_phase_at_origin,ABCD,selection,1,14,spectral_core,local_partition_rf,0,0.0,0,0.02
5580,2020-10,2020-06,4,0,True,0.0,master,valid_observed_phase_at_origin,ABCD,selection,1,14,spectral_core,local_partition_rf,0,0.0,0,0.01
5581,2020-10,2020-06,4,0,True,0.0,master,valid_observed_phase_at_origin,ABCD,selection,1,14,spectral_core,local_partition_rf,0,0.0,0,0.03
5582,2020-10,2020-06,4,0,True,0.0,master,valid_observed_phase_at_origin,ABCD,selection,1,14,spectral_core,local_partition_rf,0,0.01,0,0.04
5583,2020-10,2020-06,4,0,True,0.0,master,valid_observed_phase_at_origin,ABCD,selection,1,14,spectral_core,local_partition_rf,0,0.01,0,0.01
5584,2020-10,2020-06,4,0,True,0.0,master,valid_observed_phase_at_origin,ABCD,selection,1,14,spectral_core,local_partition_rf,0,0.04,0,0.02
5585,2020-10,2020-06,4,0,True,0.0,master,valid_observed_phase_at_origin,ABCD,selection,1,14,spectral_core,local_partition_rf,0,0.04,0,0.01
5586,2020-10,2020-06,4,0,True,0.0,master,valid_observed_phase_at_origin,ABCD,selection,1,14,spectral_core,local_partition_rf,0,0.01,0,0.0
5587,2020-10,2020-06,4,0,True,0.0,master,valid_observed_phase_at_origin,ABCD,selection,1,14,spectral_core,local_partition_rf,0,0.02,0,0.06
5588,2020-10,2020-06,4,0,True,0.0,master,valid_observed_phase_at_origin,ABCD,selection,1,14,spectral_core,local_partition_rf,0,0.0,0,0.02
5589,2020-10,2020-06,4,0,True,0.0,master,valid_observed_phase_at_origin,ABCD,selection,1,14,spectral_core,local_partition_rf,0,0.03,0,0.02
5590,2020-10,2020-06,4,0,True,0.0,master,valid_observed_phase_at_origin,ABCD,selection,1,14,spectral_core,local_partition_rf,0,0.04,0,0.04
5591,2020-10,2020-06,4,0,True,0.0,master,valid_observed_phase_at_origin,ABCD,selection,1,14,spectral_core,local_partition_rf,0,0.02,0,0.05
5592,2020-10,2020-06,4,0,True,0.0,master,valid_observed_phase_at_origin,ABCD,selection,1,14,spectral_core,local_partition_rf,0,0.02,0,0.06
5593,2020-10,2020-06,4,0,True,0.0,master,valid_observed_phase_at_origin,ABCD,selection,1,14,spectral_core,local_partition_rf,0,0.01,0,0.01
5594,2020-10,2020-06,4,0,True,0.0,master,valid_observed_phase_at_origin,ABCD,selection,1,14,spectral_core,local_partition_rf,0,0.02,0,0.06
5595,2020-10,2020-06,4,0,True,0.0,master,valid_observed_phase_at_origin,ABCD,selection,1,14,spectral_core,local_partition_rf,0,0.02,0,0.02
5596,2020-10,2020-06,4,0,True,0.0,master,valid_observed_phase_at_origin,ABCD,selection,1,14,spectral_core,local_partition_rf,0,0.05,0,0.08
5597,2020-10,2020-06,4,0,True,0.0,master,valid_observed_phase_at_origin,ABCD,selection,1,14,spectral_core,local_partition_rf,0,0.02,0,0.01
5598,2020-10,2020-06,4,0,True,0.0,master,valid_observed_phase_at_origin,ABCD,selection,1,14,spectral_core,local_partition_rf,0,0.02,0,0.05
5599,2020-10,2020-06,4,0,True,0.0,master,valid_observed_phase_at_origin,ABCD,selection,1,14,spectral_core,local_partition_rf,0,0.01,0,0.04
5601,2020-10,2020-06,4,0,True,0.0,master,valid_observed_phase_at_origin,ABCD,selection,1,14,spectral_core,local_partition_rf,0,0.01,0,0.04
5602,2020-10,2020-06,4,0,True,0.0,master,valid_observed_phase_at_origin,ABCD,selection,1,14,spectral_core,local_partition_rf,0,0.01,0,0.05
5603,2020-10,2020-06,4,0,True,0.0,master,valid_observed_phase_at_origin,ABCD,selection,1,14,spectral_core,local_partition_rf,0,0.0,0,0.06
5604,2020-10,2020-06,4,0,True,0.0,master,valid_observed_phase_at_origin,ABCD,selection,1,14,spectral_core,local_partition_rf,0,0.0,0,0.04
5605,2020-10,2020-06,4,0,True,0.0,master,valid_observed_phase_at_origin,ABCD,selection,1,14,spectral_core,local_partition_rf,0,0.01,0,0.03
5606,2020-10,2020-06,4,0,True,0.0,master,valid_observed_phase_at_origin,ABCD,selection,1,14,spectral_core,local_partition_rf,0,0.03,0,0.01
5607,2020-10,2020-06,4,0,True,0.0,master,valid_observed_phase_at_origin,ABCD,selection,1,14,spectral_core,local_partition_rf,0,0.02,0,0.04
5608,2020-10,2020-06,4,0,True,0.0,master,valid_observed_phase_at_origin,ABCD,selection,1,14,spectral_core,local_partition_rf,0,0.02,0,0.03
5609,2020-10,2020-06,4,0,True,0.0,master,valid_observed_phase_at_origin,ABCD,selection,1,14,spectral_core,local_partition_rf,0,0.02,0,0.03
5610,2020-10,2020-06,4,0,True,0.0,master,valid_observed_phase_at_origin,ABCD,selection,1,14,spectral_core,local_partition_rf,0,0.02,0,0.03
5611,2020-10,2020-06,4,0,True,0.0,master,valid_observed_phase_at_origin,ABCD,selection,1,11,spectral_core,local_partition_rf,0,0.05,0,0.03
5612,2020-10,2020-06,4,0,True,0.0,master,valid_observed_phase_at_origin,ABCD,selection,1,11,spectral_core,local_partition_rf,0,0.01,0,0.01
5613,2020-10,2020-06,4,0,True,1.0,master,valid_observed_phase_at_origin,ABCD,selection,1,11,spectral_core,local_partition_rf,0,0.23,0,0.43
5614,2020-10,2020-06,4,0,True,0.0,master,valid_observed_phase_at_origin,ABCD,selection,1,11,spectral_core,local_partition_rf,0,0.05,0,0.03
5615,2020-10,2020-06,4,0,True,0.0,master,valid_observed_phase_at_origin,ABCD,selection,1,11,spectral_core,local_partition_rf,0,0.02,0,0.04
5616,2020-10,2020-06,4,0,True,0.0,master,valid_observed_phase_at_origin,ABCD,selection,1,11,spectral_core,local_partition_rf,0,0.02,0,0.01
5617,2020-10,2020-06,4,0,True,0.0,master,valid_observed_phase_at_origin,ABCD,selection,1,11,spectral_core,local_partition_rf,0,0.01,0,0.03
5618,2020-10,2020-06,4,0,True,0.0,master,valid_observed_phase_at_origin,ABCD,selection,1,14,spectral_core,local_partition_rf,0,0.02,0,0.02
5619,2020-10,2020-06,4,0,True,0.0,master,valid_observed_phase_at_origin,ABCD,selection,1,14,spectral_core,local_partition_rf,0,0.01,0,0.03
5620,2020-10,2020-06,4,0,True,0.0,master,valid_observed_phase_at_origin,ABCD,selection,1,14,spectral_core,local_partition_rf,0,0.02,0,0.01
5621,2020-10,2020-06,4,0,True,0.0,master,valid_observed_phase_at_origin,ABCD,selection,1,14,spectral_core,local_partition_rf,0,0.02,0,0.0
5622,2020-10,2020-06,4,0,True,0.0,master,valid_observed_phase_at_origin,ABCD,selection,1,14,spectral_core,local_partition_rf,0,0.04,0,0.02
5623,2020-10,2020-06,4,0,True,0.0,master,valid_observed_phase_at_origin,ABCD,selection,1,14,spectral_core,local_partition_rf,0,0.02,0,0.01
5624,2020-10,2020-06,4,0,True,0.0,master,valid_observed_phase_at_origin,ABCD,selection,1,14,spectral_core,local_partition_rf,0,0.03,0,0.02
5625,2020-10,2020-06,4,0,True,1.0,master,valid_observed_phase_at_origin,ABCD,selection,1,2,spectral_core,local_partition_rf,0,0.34,0,0.39
5626,2020-10,2020-06,4,0,True,0.0,master,valid_observed_phase_at_origin,ABCD,selection,1,14,spectral_core,local_partition_rf,0,0.04,0,0.02
5627,2020-10,2020-06,4,0,True,0.0,master,valid_observed_phase_at_origin,ABCD,selection,1,14,spectral_core,local_partition_rf,0,0.02,0,0.01
5628,2020-10,2020-06,4,0,True,0.0,master,valid_observed_phase_at_origin,ABCD,selection,1,14,spectral_core,local_partition_rf,0,0.02,0,0.03
5629,2020-10,2020-06,4,0,True,0.0,master,valid_observed_phase_at_origin,ABCD,selection,1,14,spectral_core,local_partition_rf,0,0.02,0,0.02
5630,2020-10,2020-06,4,0,True,1.0,master,valid_observed_phase_at_origin,ABCD,selection,1,14,spectral_core,local_partition_rf,0,0.08,0,0.39
5631,2020-10,2020-06,4,0,True,0.0,master,valid_observed_phase_at_origin,ABCD,selection,1,11,spectral_core,local_partition_rf,0,0.07,0,0.09
5632,2020-10,2020-06,4,0,True,0.0,master,valid_observed_phase_at_origin,ABCD,selection,1,11,spectral_core,local_partition_rf,0,0.01,0,0.0
5633,2020-10,2020-06,4,0,True,0.0,master,valid_observed_phase_at_origin,ABCD,selection,1,11,spectral_core,local_partition_rf,0,0.04,0,0.04
5634,2020-10,2020-06,4,0,True,0.0,master,valid_observed_phase_at_origin,ABCD,selection,1,11,spectral_core,local_partition_rf,0,0.01,0,0.02
5635,2020-10,2020-06,4,0,True,0.0,master,valid_observed_phase_at_origin,ABCD,selection,1,11,spectral_core,local_partition_rf,0,0.01,0,0.02
5636,2020-10,2020-06,4,0,True,0.0,master,valid_observed_phase_at_origin,ABCD,selection,1,11,spectral_core,local_partition_rf,0,0.02,0,0.0
5637,2020-10,2020-06,4,0,True,0.0,master,valid_observed_phase_at_origin,ABCD,selection,1,11,spectral_core,local_partition_rf,0,0.04,0,0.03
5638,2020-10,2020-06,4,0,True,0.0,master,valid_observed_phase_at_origin,ABCD,selection,1,14,spectral_core,local_partition_rf,0,0.02,0,0.03
5639,2020-10,2020-06,4,0,True,0.0,master,valid_observed_phase_at_origin,ABCD,selection,1,14,spectral_core,local_partition_rf,0,0.02,0,0.07
5640,2020-10,2020-06,4,0,True,0.0,master,valid_observed_phase_at_origin,ABCD,selection,1,14,spectral_core,local_partition_rf,0,0.02,0,0.02
5641,2020-10,2020-06,4,0,True,0.0,master,valid_observed_phase_at_origin,ABCD,selection,1,14,spectral_core,local_partition_rf,0,0.02,0,0.02
5642,2020-10,2020-06,4,0,True,0.0,master,valid_observed_phase_at_origin,ABCD,selection,1,14,spectral_core,local_partition_rf,0,0.03,0,0.04
5643,2020-10,2020-06,4,0,True,1.0,master,valid_observed_phase_at_origin,ABCD,selection,1,4,spectral_core,local_partition_rf,0,0.13,0,0.38
5644,2020-10,2020-06,4,0,True,1.0,master,valid_observed_phase_at_origin,ABCD,selection,1,4,spectral_core,local_partition_rf,0,0.12,0,0.39
5645,2020-10,2020-06,4,0,True,0.0,master,valid_observed_phase_at_origin,ABCD,selection,1,4,spectral_core,local_partition_rf,0,0.02,0,0.03
5646,2020-10,2020-06,4,0,True,0.0,master,valid_observed_phase_at_origin,ABCD,selection,1,14,spectral_core,local_partition_rf,0,0.05,0,0.06
5647,2020-10,2020-06,4,0,True,0.0,master,valid_observed_phase_at_origin,ABCD,selection,1,11,spectral_core,local_partition_rf,0,0.09,0,0.07
5648,2020-10,2020-06,4,0,True,0.0,master,valid_observed_phase_at_origin,ABCD,selection,1,14,spectral_core,local_partition_rf,0,0.02,0,0.04
5649,2020-10,2020-06,4,0,True,0.0,master,valid_observed_phase_at_origin,ABCD,selection,1,14,spectral_core,local_partition_rf,0,0.02,0,0.07
5650,2020-10,2020-06,4,0,True,0.0,master,valid_observed_phase_at_origin,ABCD,selection,1,14,spectral_core,local_partition_rf,0,0.03,0,0.05
5651,2020-10,2020-06,4,0,True,0.0,master,valid_observed_phase_at_origin,ABCD,selection,1,14,spectral_core,local_partition_rf,0,0.03,0,0.02
5652,2020-10,2020-06,4,0,True,0.0,master,valid_observed_phase_at_origin,ABCD,selection,1,14,spectral_core,local_partition_rf,0,0.02,0,0.05
