FEWSNET_admin_code,target_month,origin_month,horizon_months,target_label,persistence_available,persistence,persistence_source,persistence_reason,arm,map_role,forecasting_scope,partition_id,map_assignment_source,model_route,rf_hard_prediction,rf_prob_class1,pooled_hard_prediction,pooled_prob_class1
0,2018-10,2018-06,4,1,True,1.0,master,valid_observed_phase_at_origin,BASE,calibration,1,2,spectral_core,local_partition_rf,1,0.62,1,0.53
1,2018-10,2018-06,4,0,True,1.0,master,valid_observed_phase_at_origin,BASE,calibration,1,2,spectral_core,local_partition_rf,0,0.25,0,0.37
2,2018-10,2018-06,4,1,True,1.0,master,valid_observed_phase_at_origin,BASE,calibration,1,2,spectral_core,local_partition_rf,1,0.55,1,0.62
3,2018-10,2018-06,4,0,True,1.0,master,valid_observed_phase_at_origin,BASE,calibration,1,2,spectral_core,local_partition_rf,1,0.58,1,0.63
4,2018-10,2018-06,4,1,True,1.0,master,valid_observed_phase_at_origin,BASE,calibration,1,2,spectral_core,local_partition_rf,1,0.64,1,0.59
5,2018-10,2018-06,4,1,True,1.0,master,valid_observed_phase_at_origin,BASE,calibration,1,2,spectral_core,local_partition_rf,1,0.62,1,0.57
6,2018-10,2018-06,4,0,True,1.0,master,valid_observed_phase_at_origin,BASE,calibration,1,2,spectral_core,local_partition_rf,1,0.67,1,0.6
7,2018-10,2018-06,4,1,True,1.0,master,valid_observed_phase_at_origin,BASE,calibration,1,2,spectral_core,local_partition_rf,1,0.6,1,0.63
8,2018-10,2018-06,4,1,True,1.0,master,valid_observed_phase_at_origin,BASE,calibration,1,2,spectral_core,local_partition_rf,0,0.48,1,0.53
9,2018-10,2018-06,4,1,True,1.0,master,valid_observed_phase_at_origin,BASE,calibration,1,2,spectral_core,local_partition_rf,1,0.87,1,0.79
10,2018-10,2018-06,4,1,True,1.0,master,valid_observed_phase_at_origin,BASE,calibration,1,2,spectral_core,local_partition_rf,1,0.81,1,0.77
11,2018-10,2018-06,4,1,True,1.0,master,valid_observed_phase_at_origin,BASE,calibration,1,2,spectral_core,local_partition_rf,0,0.5,1,0.54
12,2018-10,2018-06,4,1,True,0.0,master,valid_observed_phase_at_origin,BASE,calibration,1,11,spectral_core,local_partition_rf,0,0.45,0,0.47
13,2018-10,2018-06,4,1,True,1.0,master,valid_observed_phase_at_origin,BASE,calibration,1,2,spectral_core,local_partition_rf,1,0.84,1,0.78
14,2018-10,2018-06,4,1,True,1.0,master,valid_observed_phase_at_origin,BASE,calibration,1,2,spectral_core,local_partition_rf,1,0.56,0,0.5
15,2018-10,2018-06,4,1,True,1.0,master,valid_observed_phase_at_origin,BASE,calibration,1,2,spectral_core,local_partition_rf,1,0.8,1,0.71
16,2018-10,2018-06,4,0,True,1.0,master,valid_observed_phase_at_origin,BASE,calibration,1,2,spectral_core,local_partition_rf,0,0.3,0,0.27
17,2018-10,2018-06,4,1,True,1.0,master,valid_observed_phase_at_origin,BASE,calibration,1,2,spectral_core,local_partition_rf,1,0.92,1,0.81
18,2018-10,2018-06,4,1,True,1.0,master,valid_observed_phase_at_origin,BASE,calibration,1,2,spectral_core,local_partition_rf,1,0.89,1,0.82
19,2018-10,2018-06,4,0,True,1.0,master,valid_observed_phase_at_origin,BASE,calibration,1,9,spectral_core,local_partition_rf,1,0.6,1,0.54
20,2018-10,2018-06,4,0,True,1.0,master,valid_observed_phase_at_origin,BASE,calibration,1,9,spectral_core,local_partition_rf,1,0.56,0,0.5
21,2018-10,2018-06,4,1,True,1.0,master,valid_observed_phase_at_origin,BASE,calibration,1,2,spectral_core,local_partition_rf,1,0.95,1,0.74
22,2018-10,2018-06,4,0,True,0.0,master,valid_observed_phase_at_origin,BASE,calibration,1,2,spectral_core,local_partition_rf,0,0.2,0,0.16
23,2018-10,2018-06,4,1,True,0.0,master,valid_observed_phase_at_origin,BASE,calibration,1,11,spectral_core,local_partition_rf,1,0.54,1,0.53
24,2018-10,2018-06,4,1,True,1.0,master,valid_observed_phase_at_origin,BASE,calibration,1,2,spectral_core,local_partition_rf,1,0.59,1,0.61
25,2018-10,2018-06,4,0,True,1.0,master,valid_observed_phase_at_origin,BASE,calibration,1,2,spectral_core,local_partition_rf,0,0.41,1,0.55
26,2018-10,2018-06,4,1,True,1.0,master,valid_observed_phase_at_origin,BASE,calibration,1,11,spectral_core,local_partition_rf,0,0.48,1,0.54
27,2018-10,2018-06,4,1,True,1.0,master,valid_observed_phase_at_origin,BASE,calibration,1,3,spectral_core,local_partition_rf,0,0.47,1,0.54
28,2018-10,2018-06,4,1,True,1.0,master,valid_observed_phase_at_origin,BASE,calibration,1,3,spectral_core,local_partition_rf,1,0.54,1,0.64
29,2018-10,2018-06,4,1,True,1.0,master,valid_observed_phase_at_origin,BASE,calibration,1,11,spectral_core,local_partition_rf,1,0.54,1,0.6
30,2018-10,2018-06,4,1,True,1.0,master,valid_observed_phase_at_origin,BASE,calibration,1,2,spectral_core,local_partition_rf,1,0.93,1,0.77
31,2018-10,2018-06,4,1,True,1.0,master,valid_observed_phase_at_origin,BASE,calibration,1,2,spectral_core,local_partition_rf,1,0.52,1,0.65
32,2018-10,2018-06,4,1,True,1.0,master,valid_observed_phase_at_origin,BASE,calibration,1,2,spectral_core,local_partition_rf,1,0.85,1,0.75
33,2018-10,2018-06,4,1,True,1.0,master,valid_observed_phase_at_origin,BASE,calibration,1,2,spectral_core,local_partition_rf,1,0.71,1,0.65
34,2018-10,2018-06,4,1,True,1.0,master,valid_observed_phase_at_origin,BASE,calibration,1,2,spectral_core,local_partition_rf,0,0.49,1,0.62
35,2018-10,2018-06,4,1,True,1.0,master,valid_observed_phase_at_origin,BASE,calibration,1,2,spectral_core,local_partition_rf,1,0.85,1,0.78
36,2018-10,2018-06,4,1,True,1.0,master,valid_observed_phase_at_origin,BASE,calibration,1,2,spectral_core,local_partition_rf,0,0.36,0,0.47
37,2018-10,2018-06,4,0,True,0.0,master,valid_observed_phase_at_origin,BASE,calibration,1,11,spectral_core,local_partition_rf,0,0.49,1,0.55
38,2018-10,2018-06,4,1,True,1.0,master,valid_observed_phase_at_origin,BASE,calibration,1,2,spectral_core,local_partition_rf,1,0.59,1,0.55
39,2018-10,2018-06,4,1,True,1.0,master,valid_observed_phase_at_origin,BASE,calibration,1,2,spectral_core,local_partition_rf,1,0.85,1,0.73
40,2018-10,2018-06,4,1,True,1.0,master,valid_observed_phase_at_origin,BASE,calibration,1,2,spectral_core,local_partition_rf,1,0.93,1,0.73
41,2018-10,2018-06,4,0,True,0.0,master,valid_observed_phase_at_origin,BASE,calibration,1,2,spectral_core,local_partition_rf,0,0.17,0,0.21
42,2018-10,2018-06,4,1,True,1.0,master,valid_observed_phase_at_origin,BASE,calibration,1,13,spectral_core,local_partition_rf,1,0.94,1,0.79
43,2018-10,2018-06,4,1,True,1.0,master,valid_observed_phase_at_origin,BASE,calibration,1,2,spectral_core,local_partition_rf,1,0.72,1,0.6
44,2018-10,2018-06,4,0,True,1.0,master,valid_observed_phase_at_origin,BASE,calibration,1,2,spectral_core,local_partition_rf,0,0.44,0,0.49
45,2018-10,2018-06,4,1,True,1.0,master,valid_observed_phase_at_origin,BASE,calibration,1,2,spectral_core,local_partition_rf,1,0.54,0,0.46
46,2018-10,2018-06,4,1,True,1.0,master,valid_observed_phase_at_origin,BASE,calibration,1,2,spectral_core,local_partition_rf,0,0.43,0,0.48
47,2018-10,2018-06,4,1,True,1.0,master,valid_observed_phase_at_origin,BASE,calibration,1,2,spectral_core,local_partition_rf,0,0.47,1,0.52
48,2018-10,2018-06,4,1,True,1.0,master,valid_observed_phase_at_origin,BASE,calibration,1,2,spectral_core,local_partition_rf,0,0.36,0,0.45
49,2018-10,2018-06,4,1,True,0.0,master,valid_observed_phase_at_origin,BASE,calibration,1,2,spectral_core,local_partition_rf,0,0.2,0,0.28
50,2018-10,2018-06,4,1,True,1.0,master,valid_observed_phase_at_origin,BASE,calibration,1,2,spectral_core,local_partition_rf,1,0.72,1,0.73
51,2018-10,2018-06,4,0,True,0.0,master,valid_observed_phase_at_origin,BASE,calibration,1,2,spectral_core,local_partition_rf,0,0.15,0,0.24
52,2018-10,2018-06,4,1,True,1.0,master,valid_observed_phase_at_origin,BASE,calibration,1,2,spectral_core,local_partition_rf,1,0.8,1,0.68
53,2018-10,2018-06,4,1,True,1.0,master,valid_observed_phase_at_origin,BASE,calibration,1,2,spectral_core,local_partition_rf,1,0.77,1,0.74
54,2018-10,2018-06,4,0,True,1.0,master,valid_observed_phase_at_origin,BASE,calibration,1,2,spectral_core,local_partition_rf,1,0.57,1,0.59
55,2018-10,2018-06,4,1,True,1.0,master,valid_observed_phase_at_origin,BASE,calibration,1,2,spectral_core,local_partition_rf,1,0.62,1,0.56
56,2018-10,2018-06,4,0,True,1.0,master,valid_observed_phase_at_origin,BASE,calibration,1,2,spectral_core,local_partition_rf,0,0.36,0,0.35
57,2018-10,2018-06,4,1,True,1.0,master,valid_observed_phase_at_origin,BASE,calibration,1,2,spectral_core,local_partition_rf,1,0.55,1,0.56
58,2018-10,2018-06,4,0,True,1.0,master,valid_observed_phase_at_origin,BASE,calibration,1,2,spectral_core,local_partition_rf,0,0.27,0,0.41
59,2018-10,2018-06,4,1,True,1.0,master,valid_observed_phase_at_origin,BASE,calibration,1,2,spectral_core,local_partition_rf,1,0.83,1,0.6
60,2018-10,2018-06,4,1,True,1.0,master,valid_observed_phase_at_origin,BASE,calibration,1,2,spectral_core,local_partition_rf,1,0.53,1,0.61
61,2018-10,2018-06,4,1,True,1.0,master,valid_observed_phase_at_origin,BASE,calibration,1,2,spectral_core,local_partition_rf,0,0.49,0,0.5
62,2018-10,2018-06,4,1,True,1.0,master,valid_observed_phase_at_origin,BASE,calibration,1,2,spectral_core,local_partition_rf,1,0.61,0,0.48
63,2018-10,2018-06,4,0,True,0.0,master,valid_observed_phase_at_origin,BASE,calibration,1,2,spectral_core,local_partition_rf,0,0.07,0,0.19
64,2018-10,2018-06,4,0,True,1.0,master,valid_observed_phase_at_origin,BASE,calibration,1,2,spectral_core,local_partition_rf,0,0.49,0,0.47
65,2018-10,2018-06,4,0,True,1.0,master,valid_observed_phase_at_origin,BASE,calibration,1,2,spectral_core,local_partition_rf,1,0.57,0,0.39
66,2018-10,2018-06,4,0,True,1.0,master,valid_observed_phase_at_origin,BASE,calibration,1,2,spectral_core,local_partition_rf,1,0.62,1,0.51
67,2018-10,2018-06,4,0,True,1.0,master,valid_observed_phase_at_origin,BASE,calibration,1,2,spectral_core,local_partition_rf,0,0.48,0,0.45
68,2018-10,2018-06,4,0,True,1.0,master,valid_observed_phase_at_origin,BASE,calibration,1,2,spectral_core,local_partition_rf,1,0.53,1,0.59
69,2018-10,2018-06,4,1,True,1.0,master,valid_observed_phase_at_origin,BASE,calibration,1,2,spectral_core,local_partition_rf,1,0.66,1,0.67
70,2018-10,2018-06,4,0,True,1.0,master,valid_observed_phase_at_origin,BASE,calibration,1,9,spectral_core,local_partition_rf,1,0.56,1,0.58
71,2018-10,2018-06,4,1,True,1.0,master,valid_observed_phase_at_origin,BASE,calibration,1,2,spectral_core,local_partition_rf,1,0.76,1,0.69
72,2018-10,2018-06,4,1,True,1.0,master,valid_observed_phase_at_origin,BASE,calibration,1,2,spectral_core,local_partition_rf,1,0.73,1,0.66
73,2018-10,2018-06,4,1,True,1.0,master,valid_observed_phase_at_origin,BASE,calibration,1,2,spectral_core,local_partition_rf,1,0.54,0,0.49
74,2018-10,2018-06,4,1,True,1.0,master,valid_observed_phase_at_origin,BASE,calibration,1,2,spectral_core,local_partition_rf,0,0.3,0,0.38
75,2018-10,2018-06,4,0,True,1.0,master,valid_observed_phase_at_origin,BASE,calibration,1,2,spectral_core,local_partition_rf,0,0.28,0,0.35
76,2018-10,2018-06,4,1,True,1.0,master,valid_observed_phase_at_origin,BASE,calibration,1,2,spectral_core,local_partition_rf,1,0.51,1,0.57
77,2018-10,2018-06,4,1,True,1.0,master,valid_observed_phase_at_origin,BASE,calibration,1,2,spectral_core,local_partition_rf,1,0.58,1,0.54
78,2018-10,2018-06,4,1,True,1.0,master,valid_observed_phase_at_origin,BASE,calibration,1,2,spectral_core,local_partition_rf,1,0.56,0,0.49
79,2018-10,2018-06,4,0,True,0.0,master,valid_observed_phase_at_origin,BASE,calibration,1,8,spectral_core,local_partition_rf,0,0.01,0,0.15
80,2018-10,2018-06,4,0,True,0.0,master,valid_observed_phase_at_origin,BASE,calibration,1,8,spectral_core,local_partition_rf,0,0.01,0,0.09
81,2018-10,2018-06,4,0,True,1.0,master,valid_observed_phase_at_origin,BASE,calibration,1,8,spectral_core,local_partition_rf,0,0.1,0,0.14
82,2018-10,2018-06,4,0,True,1.0,master,valid_observed_phase_at_origin,BASE,calibration,1,8,spectral_core,local_partition_rf,0,0.09,0,0.17
83,2018-10,2018-06,4,0,True,0.0,master,valid_observed_phase_at_origin,BASE,calibration,1,8,spectral_core,local_partition_rf,0,0.01,0,0.08
84,2018-10,2018-06,4,0,True,1.0,master,valid_observed_phase_at_origin,BASE,calibration,1,8,spectral_core,local_partition_rf,0,0.02,0,0.04
85,2018-10,2018-06,4,0,True,1.0,master,valid_observed_phase_at_origin,BASE,calibration,1,8,spectral_core,local_partition_rf,0,0.01,0,0.06
86,2018-10,2018-06,4,0,True,0.0,master,valid_observed_phase_at_origin,BASE,calibration,1,8,spectral_core,local_partition_rf,0,0.03,0,0.08
87,2018-10,2018-06,4,0,True,0.0,master,valid_observed_phase_at_origin,BASE,calibration,1,8,spectral_core,local_partition_rf,0,0.01,0,0.07
88,2018-10,2018-06,4,0,True,1.0,master,valid_observed_phase_at_origin,BASE,calibration,1,8,spectral_core,local_partition_rf,0,0.01,0,0.1
89,2018-10,2018-06,4,0,True,1.0,master,valid_observed_phase_at_origin,BASE,calibration,1,8,spectral_core,local_partition_rf,0,0.01,0,0.06
90,2018-10,2018-06,4,0,True,0.0,master,valid_observed_phase_at_origin,BASE,calibration,1,8,spectral_core,local_partition_rf,0,0.01,0,0.08
91,2018-10,2018-06,4,0,True,0.0,master,valid_observed_phase_at_origin,BASE,calibration,1,8,spectral_core,local_partition_rf,0,0.03,0,0.15
92,2018-10,2018-06,4,0,True,0.0,master,valid_observed_phase_at_origin,BASE,calibration,1,8,spectral_core,local_partition_rf,0,0.03,0,0.12
93,2018-10,2018-06,4,0,True,1.0,master,valid_observed_phase_at_origin,BASE,calibration,1,8,spectral_core,local_partition_rf,0,0.03,0,0.06
94,2018-10,2018-06,4,0,True,0.0,master,valid_observed_phase_at_origin,BASE,calibration,1,8,spectral_core,local_partition_rf,0,0.02,0,0.07
95,2018-10,2018-06,4,0,True,0.0,master,valid_observed_phase_at_origin,BASE,calibration,1,8,spectral_core,local_partition_rf,0,0.04,0,0.14
96,2018-10,2018-06,4,0,True,1.0,master,valid_observed_phase_at_origin,BASE,calibration,1,8,spectral_core,local_partition_rf,0,0.16,0,0.14
97,2018-10,2018-06,4,0,True,0.0,master,valid_observed_phase_at_origin,BASE,calibration,1,8,spectral_core,local_partition_rf,0,0.32,0,0.26
98,2018-10,2018-06,4,0,True,0.0,master,valid_observed_phase_at_origin,BASE,calibration,1,8,spectral_core,local_partition_rf,0,0.01,0,0.05
99,2018-10,2018-06,4,0,True,0.0,master,valid_observed_phase_at_origin,BASE,calibration,1,8,spectral_core,local_partition_rf,0,0.06,0,0.11
100,2018-10,2018-06,4,0,True,1.0,master,valid_observed_phase_at_origin,BASE,calibration,1,8,spectral_core,local_partition_rf,0,0.01,0,0.07
101,2018-10,2018-06,4,0,True,1.0,master,valid_observed_phase_at_origin,BASE,calibration,1,9,spectral_core,local_partition_rf,0,0.0,0,0.06
102,2018-10,2018-06,4,0,True,0.0,master,valid_observed_phase_at_origin,BASE,calibration,1,8,spectral_core,local_partition_rf,0,0.02,0,0.03
103,2018-10,2018-06,4,0,True,0.0,master,valid_observed_phase_at_origin,BASE,calibration,1,8,spectral_core,local_partition_rf,0,0.01,0,0.02
104,2018-10,2018-06,4,0,True,1.0,master,valid_observed_phase_at_origin,BASE,calibration,1,9,spectral_core,local_partition_rf,0,0.02,0,0.1
105,2018-10,2018-06,4,0,True,1.0,master,valid_observed_phase_at_origin,BASE,calibration,1,9,spectral_core,local_partition_rf,0,0.04,0,0.08
106,2018-10,2018-06,4,0,True,0.0,master,valid_observed_phase_at_origin,BASE,calibration,1,8,spectral_core,local_partition_rf,0,0.03,0,0.04
107,2018-10,2018-06,4,0,True,0.0,master,valid_observed_phase_at_origin,BASE,calibration,1,8,spectral_core,local_partition_rf,0,0.01,0,0.07
108,2018-10,2018-06,4,0,True,1.0,master,valid_observed_phase_at_origin,BASE,calibration,1,8,spectral_core,local_partition_rf,0,0.04,0,0.14
109,2018-10,2018-06,4,0,True,1.0,master,valid_observed_phase_at_origin,BASE,calibration,1,8,spectral_core,local_partition_rf,0,0.01,0,0.05
110,2018-10,2018-06,4,0,True,1.0,master,valid_observed_phase_at_origin,BASE,calibration,1,8,spectral_core,local_partition_rf,0,0.02,0,0.04
111,2018-10,2018-06,4,0,True,1.0,master,valid_observed_phase_at_origin,BASE,calibration,1,8,spectral_core,local_partition_rf,0,0.02,0,0.05
112,2018-10,2018-06,4,0,True,0.0,master,valid_observed_phase_at_origin,BASE,calibration,1,8,spectral_core,local_partition_rf,0,0.03,0,0.05
113,2018-10,2018-06,4,0,True,0.0,master,valid_observed_phase_at_origin,BASE,calibration,1,8,spectral_core,local_partition_rf,0,0.06,0,0.08
114,2018-10,2018-06,4,0,True,0.0,master,valid_observed_phase_at_origin,BASE,calibration,1,8,spectral_core,local_partition_rf,0,0.02,0,0.06
115,2018-10,2018-06,4,0,True,0.0,master,valid_observed_phase_at_origin,BASE,calibration,1,8,spectral_core,local_partition_rf,0,0.0,0,0.03
116,2018-10,2018-06,4,0,True,1.0,master,valid_observed_phase_at_origin,BASE,calibration,1,8,spectral_core,local_partition_rf,0,0.05,0,0.08
117,2018-10,2018-06,4,0,True,0.0,master,valid_observed_phase_at_origin,BASE,calibration,1,8,spectral_core,local_partition_rf,0,0.06,0,0.12
118,2018-10,2018-06,4,1,True,0.0,master,valid_observed_phase_at_origin,BASE,calibration,1,8,spectral_core,local_partition_rf,0,0.0,0,0.06
119,2018-10,2018-06,4,0,True,0.0,master,valid_observed_phase_at_origin,BASE,calibration,1,8,spectral_core,local_partition_rf,0,0.0,0,0.03
120,2018-10,2018-06,4,0,True,0.0,master,valid_observed_phase_at_origin,BASE,calibration,1,8,spectral_core,local_partition_rf,0,0.01,0,0.04
121,2018-10,2018-06,4,0,True,0.0,master,valid_observed_phase_at_origin,BASE,calibration,1,8,spectral_core,local_partition_rf,0,0.0,0,0.02
122,2018-10,2018-06,4,0,True,0.0,master,valid_observed_phase_at_origin,BASE,calibration,1,8,spectral_core,local_partition_rf,0,0.01,0,0.04
123,2018-10,2018-06,4,0,True,0.0,master,valid_observed_phase_at_origin,BASE,calibration,1,8,spectral_core,local_partition_rf,0,0.01,0,0.0
124,2018-10,2018-06,4,0,True,0.0,master,valid_observed_phase_at_origin,BASE,calibration,1,8,spectral_core,local_partition_rf,0,0.01,0,0.05
125,2018-10,2018-06,4,0,True,0.0,master,valid_observed_phase_at_origin,BASE,calibration,1,8,spectral_core,local_partition_rf,0,0.01,0,0.05
126,2018-10,2018-06,4,0,True,0.0,master,valid_observed_phase_at_origin,BASE,calibration,1,8,spectral_core,local_partition_rf,0,0.01,0,0.03
127,2018-10,2018-06,4,0,True,0.0,master,valid_observed_phase_at_origin,BASE,calibration,1,8,spectral_core,local_partition_rf,0,0.02,0,0.04
128,2018-10,2018-06,4,0,True,0.0,master,valid_observed_phase_at_origin,BASE,calibration,1,8,spectral_core,local_partition_rf,0,0.01,0,0.03
129,2018-10,2018-06,4,0,True,0.0,master,valid_observed_phase_at_origin,BASE,calibration,1,8,spectral_core,local_partition_rf,0,0.01,0,0.01
130,2018-10,2018-06,4,0,True,0.0,master,valid_observed_phase_at_origin,BASE,calibration,1,8,spectral_core,local_partition_rf,0,0.01,0,0.02
131,2018-10,2018-06,4,0,True,0.0,master,valid_observed_phase_at_origin,BASE,calibration,1,8,spectral_core,local_partition_rf,0,0.01,0,0.01
132,2018-10,2018-06,4,0,True,0.0,master,valid_observed_phase_at_origin,BASE,calibration,1,8,spectral_core,local_partition_rf,0,0.01,0,0.02
133,2018-10,2018-06,4,0,True,0.0,master,valid_observed_phase_at_origin,BASE,calibration,1,8,spectral_core,local_partition_rf,0,0.01,0,0.02
134,2018-10,2018-06,4,0,True,0.0,master,valid_observed_phase_at_origin,BASE,calibration,1,8,spectral_core,local_partition_rf,0,0.01,0,0.02
135,2018-10,2018-06,4,0,True,0.0,master,valid_observed_phase_at_origin,BASE,calibration,1,8,spectral_core,local_partition_rf,0,0.02,0,0.01
136,2018-10,2018-06,4,0,True,0.0,master,valid_observed_phase_at_origin,BASE,calibration,1,8,spectral_core,local_partition_rf,0,0.01,0,0.01
137,2018-10,2018-06,4,0,True,0.0,master,valid_observed_phase_at_origin,BASE,calibration,1,8,spectral_core,local_partition_rf,0,0.01,0,0.02
138,2018-10,2018-06,4,0,True,0.0,master,valid_observed_phase_at_origin,BASE,calibration,1,8,spectral_core,local_partition_rf,0,0.01,0,0.02
139,2018-10,2018-06,4,0,True,0.0,master,valid_observed_phase_at_origin,BASE,calibration,1,8,spectral_core,local_partition_rf,0,0.01,0,0.02
140,2018-10,2018-06,4,0,True,0.0,master,valid_observed_phase_at_origin,BASE,calibration,1,8,spectral_core,local_partition_rf,0,0.04,0,0.04
141,2018-10,2018-06,4,0,True,0.0,master,valid_observed_phase_at_origin,BASE,calibration,1,8,spectral_core,local_partition_rf,0,0.01,0,0.01
142,2018-10,2018-06,4,0,True,0.0,master,valid_observed_phase_at_origin,BASE,calibration,1,8,spectral_core,local_partition_rf,0,0.01,0,0.04
143,2018-10,2018-06,4,0,True,0.0,master,valid_observed_phase_at_origin,BASE,calibration,1,8,spectral_core,local_partition_rf,0,0.01,0,0.07
144,2018-10,2018-06,4,0,True,0.0,master,valid_observed_phase_at_origin,BASE,calibration,1,8,spectral_core,local_partition_rf,0,0.01,0,0.02
145,2018-10,2018-06,4,0,True,0.0,master,valid_observed_phase_at_origin,BASE,calibration,1,8,spectral_core,local_partition_rf,0,0.01,0,0.01
146,2018-10,2018-06,4,0,True,0.0,master,valid_observed_phase_at_origin,BASE,calibration,1,8,spectral_core,local_partition_rf,0,0.01,0,0.03
147,2018-10,2018-06,4,0,True,0.0,master,valid_observed_phase_at_origin,BASE,calibration,1,8,spectral_core,local_partition_rf,0,0.01,0,0.04
148,2018-10,2018-06,4,0,True,0.0,master,valid_observed_phase_at_origin,BASE,calibration,1,8,spectral_core,local_partition_rf,0,0.01,0,0.01
149,2018-10,2018-06,4,0,True,0.0,master,valid_observed_phase_at_origin,BASE,calibration,1,8,spectral_core,local_partition_rf,0,0.01,0,0.01
150,2018-10,2018-06,4,0,True,0.0,master,valid_observed_phase_at_origin,BASE,calibration,1,8,spectral_core,local_partition_rf,0,0.01,0,0.04
151,2018-10,2018-06,4,0,True,0.0,master,valid_observed_phase_at_origin,BASE,calibration,1,8,spectral_core,local_partition_rf,0,0.01,0,0.01
152,2018-10,2018-06,4,0,True,0.0,master,valid_observed_phase_at_origin,BASE,calibration,1,8,spectral_core,local_partition_rf,0,0.01,0,0.03
153,2018-10,2018-06,4,0,True,0.0,master,valid_observed_phase_at_origin,BASE,calibration,1,8,spectral_core,local_partition_rf,0,0.03,0,0.01
154,2018-10,2018-06,4,0,True,0.0,master,valid_observed_phase_at_origin,BASE,calibration,1,8,spectral_core,local_partition_rf,0,0.01,0,0.04
155,2018-10,2018-06,4,0,True,0.0,master,valid_observed_phase_at_origin,BASE,calibration,1,8,spectral_core,local_partition_rf,0,0.01,0,0.07
156,2018-10,2018-06,4,0,True,0.0,master,valid_observed_phase_at_origin,BASE,calibration,1,8,spectral_core,local_partition_rf,0,0.01,0,0.01
157,2018-10,2018-06,4,0,True,0.0,master,valid_observed_phase_at_origin,BASE,calibration,1,8,spectral_core,local_partition_rf,0,0.01,0,0.03
158,2018-10,2018-06,4,0,True,0.0,master,valid_observed_phase_at_origin,BASE,calibration,1,8,spectral_core,local_partition_rf,0,0.03,0,0.05
159,2018-10,2018-06,4,0,True,0.0,master,valid_observed_phase_at_origin,BASE,calibration,1,8,spectral_core,local_partition_rf,0,0.01,0,0.03
160,2018-10,2018-06,4,0,True,1.0,master,valid_observed_phase_at_origin,BASE,calibration,1,8,spectral_core,local_partition_rf,0,0.1,0,0.12
161,2018-10,2018-06,4,0,True,1.0,master,valid_observed_phase_at_origin,BASE,calibration,1,8,spectral_core,local_partition_rf,0,0.11,0,0.16
162,2018-10,2018-06,4,0,True,1.0,master,valid_observed_phase_at_origin,BASE,calibration,1,8,spectral_core,local_partition_rf,0,0.01,0,0.05
163,2018-10,2018-06,4,0,True,1.0,master,valid_observed_phase_at_origin,BASE,calibration,1,8,spectral_core,local_partition_rf,0,0.03,0,0.11
164,2018-10,2018-06,4,0,True,1.0,master,valid_observed_phase_at_origin,BASE,calibration,1,8,spectral_core,local_partition_rf,0,0.01,0,0.09
165,2018-10,2018-06,4,0,True,1.0,master,valid_observed_phase_at_origin,BASE,calibration,1,8,spectral_core,local_partition_rf,0,0.06,0,0.12
166,2018-10,2018-06,4,0,True,1.0,master,valid_observed_phase_at_origin,BASE,calibration,1,9,spectral_core,local_partition_rf,0,0.02,0,0.09
167,2018-10,2018-06,4,0,True,1.0,master,valid_observed_phase_at_origin,BASE,calibration,1,8,spectral_core,local_partition_rf,0,0.06,0,0.11
168,2018-10,2018-06,4,0,True,1.0,master,valid_observed_phase_at_origin,BASE,calibration,1,8,spectral_core,local_partition_rf,0,0.06,0,0.18
169,2018-10,2018-06,4,0,True,0.0,master,valid_observed_phase_at_origin,BASE,calibration,1,8,spectral_core,local_partition_rf,0,0.31,0,0.25
170,2018-10,2018-06,4,0,True,0.0,master,valid_observed_phase_at_origin,BASE,calibration,1,8,spectral_core,local_partition_rf,0,0.37,0,0.31
171,2018-10,2018-06,4,0,True,0.0,master,valid_observed_phase_at_origin,BASE,calibration,1,8,spectral_core,local_partition_rf,0,0.39,0,0.35
172,2018-10,2018-06,4,0,True,0.0,master,valid_observed_phase_at_origin,BASE,calibration,1,12,spectral_core,local_partition_rf,0,0.44,0,0.47
173,2018-10,2018-06,4,0,True,1.0,master,valid_observed_phase_at_origin,BASE,calibration,1,12,spectral_core,local_partition_rf,0,0.36,0,0.38
174,2018-10,2018-06,4,0,True,0.0,master,valid_observed_phase_at_origin,BASE,calibration,1,12,spectral_core,local_partition_rf,0,0.47,0,0.48
175,2018-10,2018-06,4,0,True,0.0,master,valid_observed_phase_at_origin,BASE,calibration,1,12,spectral_core,local_partition_rf,0,0.5,1,0.59
176,2018-10,2018-06,4,0,True,0.0,master,valid_observed_phase_at_origin,BASE,calibration,1,12,spectral_core,local_partition_rf,0,0.45,1,0.55
177,2018-10,2018-06,4,0,True,0.0,master,valid_observed_phase_at_origin,BASE,calibration,1,12,spectral_core,local_partition_rf,1,0.51,0,0.48
178,2018-10,2018-06,4,0,True,0.0,master,valid_observed_phase_at_origin,BASE,calibration,1,12,spectral_core,local_partition_rf,0,0.49,1,0.51
179,2018-10,2018-06,4,0,True,0.0,master,valid_observed_phase_at_origin,BASE,calibration,1,12,spectral_core,local_partition_rf,0,0.48,0,0.48
180,2018-10,2018-06,4,0,True,0.0,master,valid_observed_phase_at_origin,BASE,calibration,1,12,spectral_core,local_partition_rf,0,0.44,0,0.43
181,2018-10,2018-06,4,0,True,0.0,master,valid_observed_phase_at_origin,BASE,calibration,1,12,spectral_core,local_partition_rf,0,0.48,1,0.51
182,2018-10,2018-06,4,0,True,0.0,master,valid_observed_phase_at_origin,BASE,calibration,1,12,spectral_core,local_partition_rf,0,0.49,0,0.49
183,2018-10,2018-06,4,0,True,0.0,master,valid_observed_phase_at_origin,BASE,calibration,1,12,spectral_core,local_partition_rf,1,0.54,0,0.49
184,2018-10,2018-06,4,0,True,0.0,master,valid_observed_phase_at_origin,BASE,calibration,1,12,spectral_core,local_partition_rf,1,0.51,0,0.47
185,2018-10,2018-06,4,0,True,0.0,master,valid_observed_phase_at_origin,BASE,calibration,1,12,spectral_core,local_partition_rf,0,0.46,0,0.43
186,2018-10,2018-06,4,0,True,0.0,master,valid_observed_phase_at_origin,BASE,calibration,1,12,spectral_core,local_partition_rf,1,0.52,0,0.44
187,2018-10,2018-06,4,0,True,0.0,master,valid_observed_phase_at_origin,BASE,calibration,1,12,spectral_core,local_partition_rf,0,0.47,0,0.39
188,2018-10,2018-06,4,0,True,0.0,master,valid_observed_phase_at_origin,BASE,calibration,1,12,spectral_core,local_partition_rf,0,0.4,0,0.35
189,2018-10,2018-06,4,0,True,0.0,master,valid_observed_phase_at_origin,BASE,calibration,1,12,spectral_core,local_partition_rf,0,0.36,0,0.27
190,2018-10,2018-06,4,0,True,0.0,master,valid_observed_phase_at_origin,BASE,calibration,1,12,spectral_core,local_partition_rf,0,0.45,1,0.57
191,2018-10,2018-06,4,0,True,0.0,master,valid_observed_phase_at_origin,BASE,calibration,1,12,spectral_core,local_partition_rf,0,0.39,0,0.4
192,2018-10,2018-06,4,0,True,1.0,master,valid_observed_phase_at_origin,BASE,calibration,1,16,spectral_core,local_partition_rf,1,0.51,1,0.51
193,2018-10,2018-06,4,0,True,0.0,master,valid_observed_phase_at_origin,BASE,calibration,1,12,spectral_core,local_partition_rf,0,0.47,1,0.55
194,2018-10,2018-06,4,0,True,0.0,master,valid_observed_phase_at_origin,BASE,calibration,1,12,spectral_core,local_partition_rf,0,0.4,1,0.55
195,2018-10,2018-06,4,0,True,0.0,master,valid_observed_phase_at_origin,BASE,calibration,1,12,spectral_core,local_partition_rf,0,0.42,1,0.52
196,2018-10,2018-06,4,0,True,0.0,master,valid_observed_phase_at_origin,BASE,calibration,1,12,spectral_core,local_partition_rf,0,0.4,1,0.56
197,2018-10,2018-06,4,0,True,0.0,master,valid_observed_phase_at_origin,BASE,calibration,1,12,spectral_core,local_partition_rf,0,0.44,0,0.34
198,2018-10,2018-06,4,0,True,0.0,master,valid_observed_phase_at_origin,BASE,calibration,1,16,spectral_core,local_partition_rf,0,0.44,0,0.47
199,2018-10,2018-06,4,0,True,0.0,master,valid_observed_phase_at_origin,BASE,calibration,1,12,spectral_core,local_partition_rf,0,0.38,0,0.38
200,2018-10,2018-06,4,0,True,0.0,master,valid_observed_phase_at_origin,BASE,calibration,1,12,spectral_core,local_partition_rf,0,0.36,0,0.32
201,2018-10,2018-06,4,0,True,0.0,master,valid_observed_phase_at_origin,BASE,calibration,1,12,spectral_core,local_partition_rf,0,0.35,0,0.35
202,2018-10,2018-06,4,0,True,0.0,master,valid_observed_phase_at_origin,BASE,calibration,1,12,spectral_core,local_partition_rf,0,0.47,0,0.36
203,2018-10,2018-06,4,0,True,0.0,master,valid_observed_phase_at_origin,BASE,calibration,1,12,spectral_core,local_partition_rf,0,0.42,0,0.42
204,2018-10,2018-06,4,0,True,0.0,master,valid_observed_phase_at_origin,BASE,calibration,1,12,spectral_core,local_partition_rf,0,0.46,0,0.45
205,2018-10,2018-06,4,0,True,0.0,master,valid_observed_phase_at_origin,BASE,calibration,1,12,spectral_core,local_partition_rf,1,0.52,0,0.43
206,2018-10,2018-06,4,0,True,0.0,master,valid_observed_phase_at_origin,BASE,calibration,1,12,spectral_core,local_partition_rf,0,0.49,0,0.44
207,2018-10,2018-06,4,0,True,0.0,master,valid_observed_phase_at_origin,BASE,calibration,1,12,spectral_core,local_partition_rf,0,0.37,0,0.35
208,2018-10,2018-06,4,0,True,0.0,master,valid_observed_phase_at_origin,BASE,calibration,1,12,spectral_core,local_partition_rf,0,0.47,0,0.49
209,2018-10,2018-06,4,0,True,0.0,master,valid_observed_phase_at_origin,BASE,calibration,1,12,spectral_core,local_partition_rf,0,0.42,1,0.58
210,2018-10,2018-06,4,0,True,0.0,master,valid_observed_phase_at_origin,BASE,calibration,1,12,spectral_core,local_partition_rf,0,0.4,1,0.55
211,2018-10,2018-06,4,0,True,0.0,master,valid_observed_phase_at_origin,BASE,calibration,1,12,spectral_core,local_partition_rf,1,0.54,1,0.65
212,2018-10,2018-06,4,0,True,0.0,master,valid_observed_phase_at_origin,BASE,calibration,1,12,spectral_core,local_partition_rf,0,0.41,1,0.54
213,2018-10,2018-06,4,0,True,0.0,master,valid_observed_phase_at_origin,BASE,calibration,1,12,spectral_core,local_partition_rf,1,0.51,1,0.54
214,2018-10,2018-06,4,0,True,0.0,master,valid_observed_phase_at_origin,BASE,calibration,1,12,spectral_core,local_partition_rf,0,0.48,1,0.54
215,2018-10,2018-06,4,0,True,0.0,master,valid_observed_phase_at_origin,BASE,calibration,1,12,spectral_core,local_partition_rf,0,0.43,1,0.56
217,2018-10,2018-06,4,1,True,1.0,master,valid_observed_phase_at_origin,BASE,calibration,1,12,spectral_core,local_partition_rf,1,0.72,1,0.76
218,2018-10,2018-06,4,1,True,1.0,master,valid_observed_phase_at_origin,BASE,calibration,1,12,spectral_core,local_partition_rf,1,0.77,1,0.78
219,2018-10,2018-06,4,1,True,1.0,master,valid_observed_phase_at_origin,BASE,calibration,1,12,spectral_core,local_partition_rf,1,0.53,1,0.56
220,2018-10,2018-06,4,1,True,1.0,master,valid_observed_phase_at_origin,BASE,calibration,1,12,spectral_core,local_partition_rf,1,0.75,1,0.83
221,2018-10,2018-06,4,1,True,1.0,master,valid_observed_phase_at_origin,BASE,calibration,1,12,spectral_core,local_partition_rf,1,0.71,1,0.68
222,2018-10,2018-06,4,1,True,1.0,master,valid_observed_phase_at_origin,BASE,calibration,1,12,spectral_core,local_partition_rf,1,0.62,1,0.71
223,2018-10,2018-06,4,0,True,0.0,master,valid_observed_phase_at_origin,BASE,calibration,1,12,spectral_core,local_partition_rf,0,0.42,0,0.46
224,2018-10,2018-06,4,0,True,0.0,master,valid_observed_phase_at_origin,BASE,calibration,1,12,spectral_core,local_partition_rf,0,0.3,0,0.37
225,2018-10,2018-06,4,0,True,0.0,master,valid_observed_phase_at_origin,BASE,calibration,1,12,spectral_core,local_partition_rf,0,0.5,0,0.46
226,2018-10,2018-06,4,0,True,0.0,master,valid_observed_phase_at_origin,BASE,calibration,1,12,spectral_core,local_partition_rf,0,0.41,1,0.58
227,2018-10,2018-06,4,0,True,0.0,master,valid_observed_phase_at_origin,BASE,calibration,1,12,spectral_core,local_partition_rf,0,0.49,1,0.56
228,2018-10,2018-06,4,0,True,0.0,master,valid_observed_phase_at_origin,BASE,calibration,1,12,spectral_core,local_partition_rf,0,0.38,0,0.45
229,2018-10,2018-06,4,0,True,0.0,master,valid_observed_phase_at_origin,BASE,calibration,1,12,spectral_core,local_partition_rf,0,0.41,0,0.48
230,2018-10,2018-06,4,0,True,0.0,master,valid_observed_phase_at_origin,BASE,calibration,1,12,spectral_core,local_partition_rf,0,0.46,0,0.47
231,2018-10,2018-06,4,0,True,0.0,master,valid_observed_phase_at_origin,BASE,calibration,1,12,spectral_core,local_partition_rf,0,0.35,0,0.35
232,2018-10,2018-06,4,0,True,0.0,master,valid_observed_phase_at_origin,BASE,calibration,1,12,spectral_core,local_partition_rf,0,0.41,0,0.44
233,2018-10,2018-06,4,0,True,0.0,master,valid_observed_phase_at_origin,BASE,calibration,1,12,spectral_core,local_partition_rf,0,0.45,0,0.5
234,2018-10,2018-06,4,0,True,0.0,master,valid_observed_phase_at_origin,BASE,calibration,1,12,spectral_core,local_partition_rf,0,0.44,1,0.51
235,2018-10,2018-06,4,0,True,0.0,master,valid_observed_phase_at_origin,BASE,calibration,1,12,spectral_core,local_partition_rf,0,0.42,1,0.55
236,2018-10,2018-06,4,0,True,0.0,master,valid_observed_phase_at_origin,BASE,calibration,1,12,spectral_core,local_partition_rf,0,0.41,0,0.5
237,2018-10,2018-06,4,0,True,0.0,master,valid_observed_phase_at_origin,BASE,calibration,1,12,spectral_core,local_partition_rf,0,0.37,0,0.48
238,2018-10,2018-06,4,0,True,0.0,master,valid_observed_phase_at_origin,BASE,calibration,1,12,spectral_core,local_partition_rf,0,0.46,0,0.49
239,2018-10,2018-06,4,0,True,0.0,master,valid_observed_phase_at_origin,BASE,calibration,1,12,spectral_core,local_partition_rf,0,0.45,1,0.54
240,2018-10,2018-06,4,0,True,0.0,master,valid_observed_phase_at_origin,BASE,calibration,1,12,spectral_core,local_partition_rf,0,0.42,0,0.5
241,2018-10,2018-06,4,0,True,0.0,master,valid_observed_phase_at_origin,BASE,calibration,1,12,spectral_core,local_partition_rf,0,0.14,0,0.17
242,2018-10,2018-06,4,0,True,0.0,master,valid_observed_phase_at_origin,BASE,calibration,1,12,spectral_core,local_partition_rf,0,0.22,0,0.21
243,2018-10,2018-06,4,0,True,0.0,master,valid_observed_phase_at_origin,BASE,calibration,1,12,spectral_core,local_partition_rf,0,0.15,0,0.23
244,2018-10,2018-06,4,0,True,0.0,master,valid_observed_phase_at_origin,BASE,calibration,1,12,spectral_core,local_partition_rf,0,0.2,0,0.18
245,2018-10,2018-06,4,0,True,0.0,master,valid_observed_phase_at_origin,BASE,calibration,1,12,spectral_core,local_partition_rf,0,0.2,0,0.21
246,2018-10,2018-06,4,0,True,0.0,master,valid_observed_phase_at_origin,BASE,calibration,1,12,spectral_core,local_partition_rf,1,0.52,1,0.7
247,2018-10,2018-06,4,0,True,0.0,master,valid_observed_phase_at_origin,BASE,calibration,1,12,spectral_core,local_partition_rf,0,0.47,1,0.57
248,2018-10,2018-06,4,0,True,0.0,master,valid_observed_phase_at_origin,BASE,calibration,1,12,spectral_core,local_partition_rf,0,0.5,0,0.46
249,2018-10,2018-06,4,0,True,0.0,master,valid_observed_phase_at_origin,BASE,calibration,1,12,spectral_core,local_partition_rf,1,0.51,1,0.57
250,2018-10,2018-06,4,0,True,0.0,master,valid_observed_phase_at_origin,BASE,calibration,1,12,spectral_core,local_partition_rf,0,0.46,1,0.59
251,2018-10,2018-06,4,0,True,0.0,master,valid_observed_phase_at_origin,BASE,calibration,1,12,spectral_core,local_partition_rf,1,0.58,1,0.67
252,2018-10,2018-06,4,0,True,0.0,master,valid_observed_phase_at_origin,BASE,calibration,1,12,spectral_core,local_partition_rf,0,0.47,1,0.56
253,2018-10,2018-06,4,0,True,0.0,master,valid_observed_phase_at_origin,BASE,calibration,1,12,spectral_core,local_partition_rf,1,0.53,1,0.54
254,2018-10,2018-06,4,0,True,0.0,master,valid_observed_phase_at_origin,BASE,calibration,1,12,spectral_core,local_partition_rf,1,0.53,0,0.44
255,2018-10,2018-06,4,0,True,0.0,master,valid_observed_phase_at_origin,BASE,calibration,1,12,spectral_core,local_partition_rf,1,0.52,1,0.61
256,2018-10,2018-06,4,0,True,0.0,master,valid_observed_phase_at_origin,BASE,calibration,1,12,spectral_core,local_partition_rf,1,0.51,1,0.56
257,2018-10,2018-06,4,0,True,0.0,master,valid_observed_phase_at_origin,BASE,calibration,1,12,spectral_core,local_partition_rf,0,0.49,1,0.56
258,2018-10,2018-06,4,0,True,0.0,master,valid_observed_phase_at_origin,BASE,calibration,1,12,spectral_core,local_partition_rf,1,0.62,1,0.67
259,2018-10,2018-06,4,0,True,0.0,master,valid_observed_phase_at_origin,BASE,calibration,1,12,spectral_core,local_partition_rf,1,0.55,1,0.67
260,2018-10,2018-06,4,1,True,1.0,master,valid_observed_phase_at_origin,BASE,calibration,1,12,spectral_core,local_partition_rf,0,0.38,1,0.53
261,2018-10,2018-06,4,1,True,1.0,master,valid_observed_phase_at_origin,BASE,calibration,1,12,spectral_core,local_partition_rf,0,0.41,1,0.55
262,2018-10,2018-06,4,1,True,1.0,master,valid_observed_phase_at_origin,BASE,calibration,1,12,spectral_core,local_partition_rf,0,0.3,0,0.4
263,2018-10,2018-06,4,1,True,1.0,master,valid_observed_phase_at_origin,BASE,calibration,1,12,spectral_core,local_partition_rf,0,0.5,0,0.46
264,2018-10,2018-06,4,0,True,0.0,master,valid_observed_phase_at_origin,BASE,calibration,1,12,spectral_core,local_partition_rf,0,0.23,0,0.26
265,2018-10,2018-06,4,0,True,1.0,master,valid_observed_phase_at_origin,BASE,calibration,1,12,spectral_core,local_partition_rf,0,0.18,0,0.19
266,2018-10,2018-06,4,0,True,1.0,master,valid_observed_phase_at_origin,BASE,calibration,1,12,spectral_core,local_partition_rf,0,0.14,0,0.17
267,2018-10,2018-06,4,0,True,0.0,master,valid_observed_phase_at_origin,BASE,calibration,1,12,spectral_core,local_partition_rf,0,0.24,0,0.22
268,2018-10,2018-06,4,0,True,1.0,master,valid_observed_phase_at_origin,BASE,calibration,1,12,spectral_core,local_partition_rf,0,0.18,0,0.18
269,2018-10,2018-06,4,0,True,1.0,master,valid_observed_phase_at_origin,BASE,calibration,1,12,spectral_core,local_partition_rf,0,0.25,0,0.23
270,2018-10,2018-06,4,0,True,1.0,master,valid_observed_phase_at_origin,BASE,calibration,1,12,spectral_core,local_partition_rf,0,0.14,0,0.2
271,2018-10,2018-06,4,0,True,1.0,master,valid_observed_phase_at_origin,BASE,calibration,1,12,spectral_core,local_partition_rf,0,0.15,0,0.18
272,2018-10,2018-06,4,0,True,1.0,master,valid_observed_phase_at_origin,BASE,calibration,1,12,spectral_core,local_partition_rf,0,0.24,0,0.4
273,2018-10,2018-06,4,0,True,1.0,master,valid_observed_phase_at_origin,BASE,calibration,1,12,spectral_core,local_partition_rf,0,0.21,0,0.26
274,2018-10,2018-06,4,0,True,0.0,master,valid_observed_phase_at_origin,BASE,calibration,1,12,spectral_core,local_partition_rf,0,0.2,0,0.27
275,2018-10,2018-06,4,0,True,0.0,master,valid_observed_phase_at_origin,BASE,calibration,1,12,spectral_core,local_partition_rf,0,0.27,0,0.25
276,2018-10,2018-06,4,0,True,0.0,master,valid_observed_phase_at_origin,BASE,calibration,1,12,spectral_core,local_partition_rf,0,0.2,0,0.22
277,2018-10,2018-06,4,0,True,0.0,master,valid_observed_phase_at_origin,BASE,calibration,1,12,spectral_core,local_partition_rf,0,0.13,0,0.23
278,2018-10,2018-06,4,0,True,1.0,master,valid_observed_phase_at_origin,BASE,calibration,1,12,spectral_core,local_partition_rf,0,0.19,0,0.32
279,2018-10,2018-06,4,0,True,0.0,master,valid_observed_phase_at_origin,BASE,calibration,1,12,spectral_core,local_partition_rf,0,0.35,0,0.39
280,2018-10,2018-06,4,0,True,1.0,master,valid_observed_phase_at_origin,BASE,calibration,1,12,spectral_core,local_partition_rf,0,0.22,0,0.25
281,2018-10,2018-06,4,0,True,0.0,master,valid_observed_phase_at_origin,BASE,calibration,1,12,spectral_core,local_partition_rf,0,0.25,0,0.32
282,2018-10,2018-06,4,0,True,1.0,master,valid_observed_phase_at_origin,BASE,calibration,1,12,spectral_core,local_partition_rf,0,0.32,0,0.31
283,2018-10,2018-06,4,0,True,1.0,master,valid_observed_phase_at_origin,BASE,calibration,1,12,spectral_core,local_partition_rf,0,0.33,0,0.34
284,2018-10,2018-06,4,0,True,0.0,master,valid_observed_phase_at_origin,BASE,calibration,1,12,spectral_core,local_partition_rf,0,0.35,0,0.31
285,2018-10,2018-06,4,0,True,1.0,master,valid_observed_phase_at_origin,BASE,calibration,1,12,spectral_core,local_partition_rf,0,0.39,0,0.28
286,2018-10,2018-06,4,0,True,1.0,master,valid_observed_phase_at_origin,BASE,calibration,1,12,spectral_core,local_partition_rf,0,0.23,0,0.29
287,2018-10,2018-06,4,0,True,1.0,master,valid_observed_phase_at_origin,BASE,calibration,1,12,spectral_core,local_partition_rf,0,0.21,0,0.28
288,2018-10,2018-06,4,0,True,0.0,master,valid_observed_phase_at_origin,BASE,calibration,1,12,spectral_core,local_partition_rf,0,0.14,0,0.29
289,2018-10,2018-06,4,0,True,0.0,master,valid_observed_phase_at_origin,BASE,calibration,1,12,spectral_core,local_partition_rf,0,0.33,0,0.38
290,2018-10,2018-06,4,0,True,0.0,master,valid_observed_phase_at_origin,BASE,calibration,1,12,spectral_core,local_partition_rf,0,0.22,0,0.27
291,2018-10,2018-06,4,0,True,0.0,master,valid_observed_phase_at_origin,BASE,calibration,1,12,spectral_core,local_partition_rf,0,0.43,0,0.5
292,2018-10,2018-06,4,0,True,0.0,master,valid_observed_phase_at_origin,BASE,calibration,1,12,spectral_core,local_partition_rf,0,0.22,0,0.29
293,2018-10,2018-06,4,0,True,0.0,master,valid_observed_phase_at_origin,BASE,calibration,1,12,spectral_core,local_partition_rf,0,0.42,0,0.47
294,2018-10,2018-06,4,0,True,0.0,master,valid_observed_phase_at_origin,BASE,calibration,1,12,spectral_core,local_partition_rf,0,0.37,0,0.47
295,2018-10,2018-06,4,0,True,0.0,master,valid_observed_phase_at_origin,BASE,calibration,1,12,spectral_core,local_partition_rf,0,0.4,0,0.43
296,2018-10,2018-06,4,0,True,0.0,master,valid_observed_phase_at_origin,BASE,calibration,1,12,spectral_core,local_partition_rf,0,0.17,0,0.28
297,2018-10,2018-06,4,0,True,0.0,master,valid_observed_phase_at_origin,BASE,calibration,1,12,spectral_core,local_partition_rf,0,0.25,0,0.3
298,2018-10,2018-06,4,0,True,0.0,master,valid_observed_phase_at_origin,BASE,calibration,1,12,spectral_core,local_partition_rf,0,0.38,0,0.45
299,2018-10,2018-06,4,0,True,0.0,master,valid_observed_phase_at_origin,BASE,calibration,1,12,spectral_core,local_partition_rf,0,0.13,0,0.24
300,2018-10,2018-06,4,0,True,0.0,master,valid_observed_phase_at_origin,BASE,calibration,1,12,spectral_core,local_partition_rf,0,0.27,0,0.32
301,2018-10,2018-06,4,0,True,0.0,master,valid_observed_phase_at_origin,BASE,calibration,1,12,spectral_core,local_partition_rf,0,0.15,0,0.29
302,2018-10,2018-06,4,0,True,0.0,master,valid_observed_phase_at_origin,BASE,calibration,1,12,spectral_core,local_partition_rf,0,0.21,0,0.22
303,2018-10,2018-06,4,0,True,0.0,master,valid_observed_phase_at_origin,BASE,calibration,1,12,spectral_core,local_partition_rf,0,0.29,0,0.38
304,2018-10,2018-06,4,0,True,0.0,master,valid_observed_phase_at_origin,BASE,calibration,1,12,spectral_core,local_partition_rf,0,0.43,0,0.45
305,2018-10,2018-06,4,0,True,0.0,master,valid_observed_phase_at_origin,BASE,calibration,1,12,spectral_core,local_partition_rf,0,0.36,0,0.41
306,2018-10,2018-06,4,0,True,0.0,master,valid_observed_phase_at_origin,BASE,calibration,1,12,spectral_core,local_partition_rf,0,0.24,0,0.28
307,2018-10,2018-06,4,0,True,0.0,master,valid_observed_phase_at_origin,BASE,calibration,1,12,spectral_core,local_partition_rf,0,0.38,0,0.4
308,2018-10,2018-06,4,0,True,0.0,master,valid_observed_phase_at_origin,BASE,calibration,1,12,spectral_core,local_partition_rf,0,0.32,0,0.31
309,2018-10,2018-06,4,0,True,0.0,master,valid_observed_phase_at_origin,BASE,calibration,1,12,spectral_core,local_partition_rf,0,0.4,0,0.35
310,2018-10,2018-06,4,0,True,0.0,master,valid_observed_phase_at_origin,BASE,calibration,1,12,spectral_core,local_partition_rf,0,0.38,0,0.39
311,2018-10,2018-06,4,0,True,0.0,master,valid_observed_phase_at_origin,BASE,calibration,1,12,spectral_core,local_partition_rf,0,0.41,0,0.48
312,2018-10,2018-06,4,0,True,0.0,master,valid_observed_phase_at_origin,BASE,calibration,1,12,spectral_core,local_partition_rf,0,0.36,0,0.38
313,2018-10,2018-06,4,0,True,0.0,master,valid_observed_phase_at_origin,BASE,calibration,1,12,spectral_core,local_partition_rf,0,0.42,0,0.43
314,2018-10,2018-06,4,0,True,0.0,master,valid_observed_phase_at_origin,BASE,calibration,1,12,spectral_core,local_partition_rf,0,0.16,0,0.31
315,2018-10,2018-06,4,0,True,0.0,master,valid_observed_phase_at_origin,BASE,calibration,1,12,spectral_core,local_partition_rf,0,0.38,0,0.47
316,2018-10,2018-06,4,0,True,0.0,master,valid_observed_phase_at_origin,BASE,calibration,1,12,spectral_core,local_partition_rf,0,0.34,0,0.43
317,2018-10,2018-06,4,0,True,0.0,master,valid_observed_phase_at_origin,BASE,calibration,1,12,spectral_core,local_partition_rf,0,0.41,0,0.42
318,2018-10,2018-06,4,0,True,0.0,master,valid_observed_phase_at_origin,BASE,calibration,1,12,spectral_core,local_partition_rf,0,0.19,0,0.29
319,2018-10,2018-06,4,0,True,0.0,master,valid_observed_phase_at_origin,BASE,calibration,1,12,spectral_core,local_partition_rf,0,0.14,0,0.15
320,2018-10,2018-06,4,0,True,0.0,master,valid_observed_phase_at_origin,BASE,calibration,1,12,spectral_core,local_partition_rf,0,0.16,0,0.33
321,2018-10,2018-06,4,0,True,0.0,master,valid_observed_phase_at_origin,BASE,calibration,1,12,spectral_core,local_partition_rf,0,0.15,0,0.21
322,2018-10,2018-06,4,0,True,0.0,master,valid_observed_phase_at_origin,BASE,calibration,1,12,spectral_core,local_partition_rf,0,0.33,0,0.37
323,2018-10,2018-06,4,0,True,0.0,master,valid_observed_phase_at_origin,BASE,calibration,1,12,spectral_core,local_partition_rf,0,0.29,0,0.33
324,2018-10,2018-06,4,0,True,0.0,master,valid_observed_phase_at_origin,BASE,calibration,1,12,spectral_core,local_partition_rf,0,0.22,0,0.29
325,2018-10,2018-06,4,0,True,0.0,master,valid_observed_phase_at_origin,BASE,calibration,1,12,spectral_core,local_partition_rf,0,0.21,0,0.25
326,2018-10,2018-06,4,0,True,0.0,master,valid_observed_phase_at_origin,BASE,calibration,1,12,spectral_core,local_partition_rf,0,0.1,0,0.21
327,2018-10,2018-06,4,0,True,0.0,master,valid_observed_phase_at_origin,BASE,calibration,1,12,spectral_core,local_partition_rf,0,0.16,0,0.24
328,2018-10,2018-06,4,0,True,0.0,master,valid_observed_phase_at_origin,BASE,calibration,1,12,spectral_core,local_partition_rf,0,0.36,0,0.32
329,2018-10,2018-06,4,0,True,0.0,master,valid_observed_phase_at_origin,BASE,calibration,1,12,spectral_core,local_partition_rf,0,0.21,0,0.28
330,2018-10,2018-06,4,0,True,0.0,master,valid_observed_phase_at_origin,BASE,calibration,1,12,spectral_core,local_partition_rf,0,0.22,0,0.25
331,2018-10,2018-06,4,0,True,0.0,master,valid_observed_phase_at_origin,BASE,calibration,1,12,spectral_core,local_partition_rf,0,0.24,0,0.3
332,2018-10,2018-06,4,0,True,0.0,master,valid_observed_phase_at_origin,BASE,calibration,1,12,spectral_core,local_partition_rf,0,0.35,0,0.3
333,2018-10,2018-06,4,0,True,0.0,master,valid_observed_phase_at_origin,BASE,calibration,1,12,spectral_core,local_partition_rf,0,0.33,0,0.33
334,2018-10,2018-06,4,0,True,0.0,master,valid_observed_phase_at_origin,BASE,calibration,1,12,spectral_core,local_partition_rf,0,0.16,0,0.24
335,2018-10,2018-06,4,0,True,0.0,master,valid_observed_phase_at_origin,BASE,calibration,1,12,spectral_core,local_partition_rf,0,0.15,0,0.17
336,2018-10,2018-06,4,0,True,0.0,master,valid_observed_phase_at_origin,BASE,calibration,1,12,spectral_core,local_partition_rf,0,0.15,0,0.28
337,2018-10,2018-06,4,0,True,0.0,master,valid_observed_phase_at_origin,BASE,calibration,1,12,spectral_core,local_partition_rf,0,0.09,0,0.19
338,2018-10,2018-06,4,0,True,0.0,master,valid_observed_phase_at_origin,BASE,calibration,1,12,spectral_core,local_partition_rf,0,0.11,0,0.18
339,2018-10,2018-06,4,0,True,0.0,master,valid_observed_phase_at_origin,BASE,calibration,1,12,spectral_core,local_partition_rf,0,0.39,0,0.36
340,2018-10,2018-06,4,0,True,0.0,master,valid_observed_phase_at_origin,BASE,calibration,1,12,spectral_core,local_partition_rf,0,0.14,0,0.21
341,2018-10,2018-06,4,0,True,0.0,master,valid_observed_phase_at_origin,BASE,calibration,1,12,spectral_core,local_partition_rf,0,0.42,0,0.43
342,2018-10,2018-06,4,0,True,0.0,master,valid_observed_phase_at_origin,BASE,calibration,1,12,spectral_core,local_partition_rf,0,0.17,0,0.27
343,2018-10,2018-06,4,0,True,0.0,master,valid_observed_phase_at_origin,BASE,calibration,1,12,spectral_core,local_partition_rf,0,0.12,0,0.23
344,2018-10,2018-06,4,0,True,0.0,master,valid_observed_phase_at_origin,BASE,calibration,1,12,spectral_core,local_partition_rf,0,0.43,0,0.37
345,2018-10,2018-06,4,0,True,0.0,master,valid_observed_phase_at_origin,BASE,calibration,1,12,spectral_core,local_partition_rf,0,0.21,0,0.27
346,2018-10,2018-06,4,0,True,0.0,master,valid_observed_phase_at_origin,BASE,calibration,1,12,spectral_core,local_partition_rf,0,0.5,0,0.38
347,2018-10,2018-06,4,0,True,0.0,master,valid_observed_phase_at_origin,BASE,calibration,1,12,spectral_core,local_partition_rf,0,0.43,0,0.44
348,2018-10,2018-06,4,0,True,0.0,master,valid_observed_phase_at_origin,BASE,calibration,1,12,spectral_core,local_partition_rf,0,0.44,0,0.39
349,2018-10,2018-06,4,0,True,0.0,master,valid_observed_phase_at_origin,BASE,calibration,1,12,spectral_core,local_partition_rf,0,0.43,0,0.38
350,2018-10,2018-06,4,0,True,0.0,master,valid_observed_phase_at_origin,BASE,calibration,1,12,spectral_core,local_partition_rf,0,0.32,0,0.35
351,2018-10,2018-06,4,0,True,0.0,master,valid_observed_phase_at_origin,BASE,calibration,1,12,spectral_core,local_partition_rf,0,0.37,0,0.37
352,2018-10,2018-06,4,0,True,0.0,master,valid_observed_phase_at_origin,BASE,calibration,1,12,spectral_core,local_partition_rf,0,0.47,1,0.53
353,2018-10,2018-06,4,0,True,0.0,master,valid_observed_phase_at_origin,BASE,calibration,1,12,spectral_core,local_partition_rf,0,0.42,0,0.37
354,2018-10,2018-06,4,0,True,0.0,master,valid_observed_phase_at_origin,BASE,calibration,1,12,spectral_core,local_partition_rf,0,0.42,1,0.53
355,2018-10,2018-06,4,0,True,0.0,master,valid_observed_phase_at_origin,BASE,calibration,1,12,spectral_core,local_partition_rf,0,0.45,1,0.52
356,2018-10,2018-06,4,0,True,0.0,master,valid_observed_phase_at_origin,BASE,calibration,1,12,spectral_core,local_partition_rf,0,0.4,0,0.48
357,2018-10,2018-06,4,0,True,0.0,master,valid_observed_phase_at_origin,BASE,calibration,1,12,spectral_core,local_partition_rf,0,0.2,0,0.24
358,2018-10,2018-06,4,0,True,0.0,master,valid_observed_phase_at_origin,BASE,calibration,1,12,spectral_core,local_partition_rf,0,0.19,0,0.22
359,2018-10,2018-06,4,0,True,0.0,master,valid_observed_phase_at_origin,BASE,calibration,1,12,spectral_core,local_partition_rf,0,0.27,0,0.39
360,2018-10,2018-06,4,0,True,0.0,master,valid_observed_phase_at_origin,BASE,calibration,1,12,spectral_core,local_partition_rf,0,0.41,0,0.48
361,2018-10,2018-06,4,0,True,0.0,master,valid_observed_phase_at_origin,BASE,calibration,1,12,spectral_core,local_partition_rf,0,0.32,0,0.45
362,2018-10,2018-06,4,0,True,0.0,master,valid_observed_phase_at_origin,BASE,calibration,1,12,spectral_core,local_partition_rf,0,0.39,0,0.48
363,2018-10,2018-06,4,0,True,0.0,master,valid_observed_phase_at_origin,BASE,calibration,1,12,spectral_core,local_partition_rf,0,0.34,0,0.48
364,2018-10,2018-06,4,0,True,0.0,master,valid_observed_phase_at_origin,BASE,calibration,1,12,spectral_core,local_partition_rf,0,0.39,1,0.53
365,2018-10,2018-06,4,0,True,0.0,master,valid_observed_phase_at_origin,BASE,calibration,1,12,spectral_core,local_partition_rf,0,0.29,0,0.42
366,2018-10,2018-06,4,0,True,0.0,master,valid_observed_phase_at_origin,BASE,calibration,1,12,spectral_core,local_partition_rf,0,0.27,0,0.47
367,2018-10,2018-06,4,0,True,0.0,master,valid_observed_phase_at_origin,BASE,calibration,1,12,spectral_core,local_partition_rf,0,0.44,1,0.51
368,2018-10,2018-06,4,0,True,0.0,master,valid_observed_phase_at_origin,BASE,calibration,1,12,spectral_core,local_partition_rf,0,0.33,0,0.35
369,2018-10,2018-06,4,0,True,0.0,master,valid_observed_phase_at_origin,BASE,calibration,1,12,spectral_core,local_partition_rf,0,0.34,0,0.46
370,2018-10,2018-06,4,0,True,0.0,master,valid_observed_phase_at_origin,BASE,calibration,1,12,spectral_core,local_partition_rf,0,0.34,0,0.39
371,2018-10,2018-06,4,0,True,0.0,master,valid_observed_phase_at_origin,BASE,calibration,1,13,spectral_core,local_partition_rf,0,0.09,0,0.24
372,2018-10,2018-06,4,0,True,0.0,master,valid_observed_phase_at_origin,BASE,calibration,1,9,spectral_core,local_partition_rf,0,0.05,0,0.2
373,2018-10,2018-06,4,0,True,0.0,master,valid_observed_phase_at_origin,BASE,calibration,1,13,spectral_core,local_partition_rf,0,0.1,0,0.3
374,2018-10,2018-06,4,0,True,0.0,master,valid_observed_phase_at_origin,BASE,calibration,1,9,spectral_core,local_partition_rf,0,0.05,0,0.21
375,2018-10,2018-06,4,0,True,0.0,master,valid_observed_phase_at_origin,BASE,calibration,1,9,spectral_core,local_partition_rf,0,0.05,0,0.2
376,2018-10,2018-06,4,0,True,0.0,master,valid_observed_phase_at_origin,BASE,calibration,1,9,spectral_core,local_partition_rf,0,0.05,0,0.21
377,2018-10,2018-06,4,0,True,0.0,master,valid_observed_phase_at_origin,BASE,calibration,1,9,spectral_core,local_partition_rf,0,0.05,0,0.25
378,2018-10,2018-06,4,0,True,0.0,master,valid_observed_phase_at_origin,BASE,calibration,1,9,spectral_core,local_partition_rf,0,0.05,0,0.21
379,2018-10,2018-06,4,0,True,0.0,master,valid_observed_phase_at_origin,BASE,calibration,1,13,spectral_core,local_partition_rf,0,0.06,0,0.27
380,2018-10,2018-06,4,0,True,0.0,master,valid_observed_phase_at_origin,BASE,calibration,1,9,spectral_core,local_partition_rf,0,0.05,0,0.25
381,2018-10,2018-06,4,0,True,0.0,master,valid_observed_phase_at_origin,BASE,calibration,1,9,spectral_core,local_partition_rf,0,0.05,0,0.2
382,2018-10,2018-06,4,0,True,0.0,master,valid_observed_phase_at_origin,BASE,calibration,1,13,spectral_core,local_partition_rf,0,0.08,0,0.23
383,2018-10,2018-06,4,0,True,0.0,master,valid_observed_phase_at_origin,BASE,calibration,1,9,spectral_core,local_partition_rf,0,0.05,0,0.19
384,2018-10,2018-06,4,0,True,0.0,master,valid_observed_phase_at_origin,BASE,calibration,1,9,spectral_core,local_partition_rf,0,0.05,0,0.22
385,2018-10,2018-06,4,0,True,0.0,master,valid_observed_phase_at_origin,BASE,calibration,1,9,spectral_core,local_partition_rf,0,0.05,0,0.22
386,2018-10,2018-06,4,0,True,0.0,master,valid_observed_phase_at_origin,BASE,calibration,1,13,spectral_core,local_partition_rf,0,0.06,0,0.27
387,2018-10,2018-06,4,0,True,0.0,master,valid_observed_phase_at_origin,BASE,calibration,1,13,spectral_core,local_partition_rf,0,0.07,0,0.28
388,2018-10,2018-06,4,0,True,0.0,master,valid_observed_phase_at_origin,BASE,calibration,1,13,spectral_core,local_partition_rf,0,0.07,0,0.28
389,2018-10,2018-06,4,0,True,0.0,master,valid_observed_phase_at_origin,BASE,calibration,1,13,spectral_core,local_partition_rf,0,0.07,0,0.26
390,2018-10,2018-06,4,0,True,0.0,master,valid_observed_phase_at_origin,BASE,calibration,1,13,spectral_core,local_partition_rf,0,0.08,0,0.25
391,2018-10,2018-06,4,0,True,0.0,master,valid_observed_phase_at_origin,BASE,calibration,1,13,spectral_core,local_partition_rf,0,0.07,0,0.25
392,2018-10,2018-06,4,0,True,0.0,master,valid_observed_phase_at_origin,BASE,calibration,1,13,spectral_core,local_partition_rf,0,0.07,0,0.25
393,2018-10,2018-06,4,0,True,0.0,master,valid_observed_phase_at_origin,BASE,calibration,1,13,spectral_core,local_partition_rf,0,0.07,0,0.29
394,2018-10,2018-06,4,0,True,0.0,master,valid_observed_phase_at_origin,BASE,calibration,1,13,spectral_core,local_partition_rf,0,0.07,0,0.24
395,2018-10,2018-06,4,0,True,0.0,master,valid_observed_phase_at_origin,BASE,calibration,1,13,spectral_core,local_partition_rf,0,0.08,0,0.27
396,2018-10,2018-06,4,0,True,0.0,master,valid_observed_phase_at_origin,BASE,calibration,1,13,spectral_core,local_partition_rf,0,0.07,0,0.27
397,2018-10,2018-06,4,0,True,0.0,master,valid_observed_phase_at_origin,BASE,calibration,1,13,spectral_core,local_partition_rf,0,0.07,0,0.27
398,2018-10,2018-06,4,0,True,0.0,master,valid_observed_phase_at_origin,BASE,calibration,1,13,spectral_core,local_partition_rf,0,0.07,0,0.27
399,2018-10,2018-06,4,0,True,0.0,master,valid_observed_phase_at_origin,BASE,calibration,1,13,spectral_core,local_partition_rf,0,0.11,0,0.27
400,2018-10,2018-06,4,0,True,0.0,master,valid_observed_phase_at_origin,BASE,calibration,1,13,spectral_core,local_partition_rf,0,0.07,0,0.27
401,2018-10,2018-06,4,0,True,0.0,master,valid_observed_phase_at_origin,BASE,calibration,1,13,spectral_core,local_partition_rf,0,0.08,0,0.29
402,2018-10,2018-06,4,0,True,0.0,master,valid_observed_phase_at_origin,BASE,calibration,1,13,spectral_core,local_partition_rf,0,0.07,0,0.27
403,2018-10,2018-06,4,0,True,0.0,master,valid_observed_phase_at_origin,BASE,calibration,1,13,spectral_core,local_partition_rf,0,0.07,0,0.32
404,2018-10,2018-06,4,0,True,0.0,master,valid_observed_phase_at_origin,BASE,calibration,1,13,spectral_core,local_partition_rf,0,0.08,0,0.36
405,2018-10,2018-06,4,0,True,0.0,master,valid_observed_phase_at_origin,BASE,calibration,1,13,spectral_core,local_partition_rf,0,0.07,0,0.29
406,2018-10,2018-06,4,0,True,0.0,master,valid_observed_phase_at_origin,BASE,calibration,1,13,spectral_core,local_partition_rf,0,0.07,0,0.27
407,2018-10,2018-06,4,0,True,0.0,master,valid_observed_phase_at_origin,BASE,calibration,1,13,spectral_core,local_partition_rf,0,0.07,0,0.3
408,2018-10,2018-06,4,0,True,0.0,master,valid_observed_phase_at_origin,BASE,calibration,1,13,spectral_core,local_partition_rf,0,0.2,0,0.38
409,2018-10,2018-06,4,1,True,1.0,master,valid_observed_phase_at_origin,BASE,calibration,1,13,spectral_core,local_partition_rf,1,0.61,1,0.61
410,2018-10,2018-06,4,0,True,0.0,master,valid_observed_phase_at_origin,BASE,calibration,1,13,spectral_core,local_partition_rf,0,0.06,0,0.35
411,2018-10,2018-06,4,0,True,0.0,master,valid_observed_phase_at_origin,BASE,calibration,1,13,spectral_core,local_partition_rf,0,0.13,0,0.25
412,2018-10,2018-06,4,0,True,0.0,master,valid_observed_phase_at_origin,BASE,calibration,1,13,spectral_core,local_partition_rf,0,0.11,0,0.27
413,2018-10,2018-06,4,0,True,0.0,master,valid_observed_phase_at_origin,BASE,calibration,1,13,spectral_core,local_partition_rf,0,0.17,0,0.33
414,2018-10,2018-06,4,0,True,0.0,master,valid_observed_phase_at_origin,BASE,calibration,1,13,spectral_core,local_partition_rf,0,0.07,0,0.26
415,2018-10,2018-06,4,0,True,0.0,master,valid_observed_phase_at_origin,BASE,calibration,1,13,spectral_core,local_partition_rf,0,0.07,0,0.28
416,2018-10,2018-06,4,0,True,0.0,master,valid_observed_phase_at_origin,BASE,calibration,1,13,spectral_core,local_partition_rf,0,0.07,0,0.26
417,2018-10,2018-06,4,0,True,0.0,master,valid_observed_phase_at_origin,BASE,calibration,1,13,spectral_core,local_partition_rf,0,0.07,0,0.28
418,2018-10,2018-06,4,0,True,0.0,master,valid_observed_phase_at_origin,BASE,calibration,1,13,spectral_core,local_partition_rf,0,0.07,0,0.31
419,2018-10,2018-06,4,0,True,0.0,master,valid_observed_phase_at_origin,BASE,calibration,1,13,spectral_core,local_partition_rf,0,0.08,0,0.23
420,2018-10,2018-06,4,0,True,0.0,master,valid_observed_phase_at_origin,BASE,calibration,1,13,spectral_core,local_partition_rf,0,0.09,0,0.21
421,2018-10,2018-06,4,0,True,0.0,master,valid_observed_phase_at_origin,BASE,calibration,1,13,spectral_core,local_partition_rf,0,0.08,0,0.24
422,2018-10,2018-06,4,0,True,0.0,master,valid_observed_phase_at_origin,BASE,calibration,1,13,spectral_core,local_partition_rf,0,0.07,0,0.25
423,2018-10,2018-06,4,0,True,0.0,master,valid_observed_phase_at_origin,BASE,calibration,1,13,spectral_core,local_partition_rf,0,0.08,0,0.28
424,2018-10,2018-06,4,0,True,0.0,master,valid_observed_phase_at_origin,BASE,calibration,1,13,spectral_core,local_partition_rf,0,0.14,0,0.33
425,2018-10,2018-06,4,1,True,1.0,master,valid_observed_phase_at_origin,BASE,calibration,1,13,spectral_core,local_partition_rf,0,0.44,0,0.43
426,2018-10,2018-06,4,0,True,0.0,master,valid_observed_phase_at_origin,BASE,calibration,1,13,spectral_core,local_partition_rf,0,0.07,0,0.26
427,2018-10,2018-06,4,0,True,0.0,master,valid_observed_phase_at_origin,BASE,calibration,1,13,spectral_core,local_partition_rf,0,0.07,0,0.2
428,2018-10,2018-06,4,0,True,0.0,master,valid_observed_phase_at_origin,BASE,calibration,1,13,spectral_core,local_partition_rf,0,0.07,0,0.25
429,2018-10,2018-06,4,0,True,0.0,master,valid_observed_phase_at_origin,BASE,calibration,1,13,spectral_core,local_partition_rf,0,0.07,0,0.23
430,2018-10,2018-06,4,1,True,1.0,master,valid_observed_phase_at_origin,BASE,calibration,1,13,spectral_core,local_partition_rf,1,0.6,1,0.53
431,2018-10,2018-06,4,0,True,0.0,master,valid_observed_phase_at_origin,BASE,calibration,1,13,spectral_core,local_partition_rf,0,0.26,0,0.4
432,2018-10,2018-06,4,0,True,0.0,master,valid_observed_phase_at_origin,BASE,calibration,1,13,spectral_core,local_partition_rf,0,0.1,0,0.24
433,2018-10,2018-06,4,0,True,0.0,master,valid_observed_phase_at_origin,BASE,calibration,1,13,spectral_core,local_partition_rf,0,0.32,0,0.39
434,2018-10,2018-06,4,1,True,1.0,master,valid_observed_phase_at_origin,BASE,calibration,1,13,spectral_core,local_partition_rf,1,0.54,1,0.57
435,2018-10,2018-06,4,0,True,0.0,master,valid_observed_phase_at_origin,BASE,calibration,1,13,spectral_core,local_partition_rf,0,0.09,0,0.25
436,2018-10,2018-06,4,0,True,0.0,master,valid_observed_phase_at_origin,BASE,calibration,1,13,spectral_core,local_partition_rf,0,0.08,0,0.2
437,2018-10,2018-06,4,0,True,0.0,master,valid_observed_phase_at_origin,BASE,calibration,1,13,spectral_core,local_partition_rf,0,0.08,0,0.25
438,2018-10,2018-06,4,0,True,0.0,master,valid_observed_phase_at_origin,BASE,calibration,1,13,spectral_core,local_partition_rf,0,0.19,0,0.36
439,2018-10,2018-06,4,0,True,0.0,master,valid_observed_phase_at_origin,BASE,calibration,1,13,spectral_core,local_partition_rf,0,0.17,0,0.35
440,2018-10,2018-06,4,0,True,0.0,master,valid_observed_phase_at_origin,BASE,calibration,1,13,spectral_core,local_partition_rf,0,0.08,0,0.26
441,2018-10,2018-06,4,0,True,0.0,master,valid_observed_phase_at_origin,BASE,calibration,1,13,spectral_core,local_partition_rf,0,0.08,0,0.25
442,2018-10,2018-06,4,0,True,0.0,master,valid_observed_phase_at_origin,BASE,calibration,1,13,spectral_core,local_partition_rf,0,0.13,0,0.36
443,2018-10,2018-06,4,0,True,0.0,master,valid_observed_phase_at_origin,BASE,calibration,1,13,spectral_core,local_partition_rf,0,0.11,0,0.25
444,2018-10,2018-06,4,1,True,1.0,master,valid_observed_phase_at_origin,BASE,calibration,1,13,spectral_core,local_partition_rf,0,0.47,0,0.47
445,2018-10,2018-06,4,0,True,0.0,master,valid_observed_phase_at_origin,BASE,calibration,1,13,spectral_core,local_partition_rf,0,0.09,0,0.29
446,2018-10,2018-06,4,0,True,0.0,master,valid_observed_phase_at_origin,BASE,calibration,1,13,spectral_core,local_partition_rf,0,0.17,0,0.32
447,2018-10,2018-06,4,1,True,1.0,master,valid_observed_phase_at_origin,BASE,calibration,1,13,spectral_core,local_partition_rf,0,0.44,0,0.49
448,2018-10,2018-06,4,0,True,0.0,master,valid_observed_phase_at_origin,BASE,calibration,1,13,spectral_core,local_partition_rf,0,0.14,0,0.31
449,2018-10,2018-06,4,0,True,0.0,master,valid_observed_phase_at_origin,BASE,calibration,1,13,spectral_core,local_partition_rf,0,0.07,0,0.22
450,2018-10,2018-06,4,0,True,0.0,master,valid_observed_phase_at_origin,BASE,calibration,1,13,spectral_core,local_partition_rf,0,0.07,0,0.2
451,2018-10,2018-06,4,0,True,0.0,master,valid_observed_phase_at_origin,BASE,calibration,1,13,spectral_core,local_partition_rf,0,0.2,0,0.39
452,2018-10,2018-06,4,0,True,0.0,master,valid_observed_phase_at_origin,BASE,calibration,1,13,spectral_core,local_partition_rf,0,0.24,0,0.41
453,2018-10,2018-06,4,0,True,0.0,master,valid_observed_phase_at_origin,BASE,calibration,1,13,spectral_core,local_partition_rf,0,0.2,0,0.37
454,2018-10,2018-06,4,0,True,0.0,master,valid_observed_phase_at_origin,BASE,calibration,1,13,spectral_core,local_partition_rf,0,0.07,0,0.26
455,2018-10,2018-06,4,0,True,0.0,master,valid_observed_phase_at_origin,BASE,calibration,1,13,spectral_core,local_partition_rf,0,0.07,0,0.26
456,2018-10,2018-06,4,0,True,0.0,master,valid_observed_phase_at_origin,BASE,calibration,1,13,spectral_core,local_partition_rf,0,0.08,0,0.25
457,2018-10,2018-06,4,0,True,0.0,master,valid_observed_phase_at_origin,BASE,calibration,1,13,spectral_core,local_partition_rf,0,0.18,0,0.38
458,2018-10,2018-06,4,0,True,0.0,master,valid_observed_phase_at_origin,BASE,calibration,1,13,spectral_core,local_partition_rf,0,0.19,0,0.41
459,2018-10,2018-06,4,0,True,0.0,master,valid_observed_phase_at_origin,BASE,calibration,1,13,spectral_core,local_partition_rf,0,0.08,0,0.24
460,2018-10,2018-06,4,0,True,0.0,master,valid_observed_phase_at_origin,BASE,calibration,1,13,spectral_core,local_partition_rf,0,0.07,0,0.27
461,2018-10,2018-06,4,0,True,0.0,master,valid_observed_phase_at_origin,BASE,calibration,1,13,spectral_core,local_partition_rf,0,0.07,0,0.23
462,2018-10,2018-06,4,1,True,1.0,master,valid_observed_phase_at_origin,BASE,calibration,1,9,spectral_core,local_partition_rf,0,0.04,0,0.19
463,2018-10,2018-06,4,0,True,1.0,master,valid_observed_phase_at_origin,BASE,calibration,1,9,spectral_core,local_partition_rf,0,0.05,0,0.26
464,2018-10,2018-06,4,1,True,1.0,master,valid_observed_phase_at_origin,BASE,calibration,1,9,spectral_core,local_partition_rf,1,0.86,0,0.43
465,2018-10,2018-06,4,1,True,1.0,master,valid_observed_phase_at_origin,BASE,calibration,1,9,spectral_core,local_partition_rf,1,0.93,0,0.44
466,2018-10,2018-06,4,1,True,1.0,master,valid_observed_phase_at_origin,BASE,calibration,1,9,spectral_core,local_partition_rf,1,0.71,0,0.42
467,2018-10,2018-06,4,0,True,1.0,master,valid_observed_phase_at_origin,BASE,calibration,1,9,spectral_core,local_partition_rf,0,0.05,0,0.25
468,2018-10,2018-06,4,0,True,1.0,master,valid_observed_phase_at_origin,BASE,calibration,1,9,spectral_core,local_partition_rf,0,0.04,0,0.3
469,2018-10,2018-06,4,0,True,1.0,master,valid_observed_phase_at_origin,BASE,calibration,1,9,spectral_core,local_partition_rf,0,0.05,0,0.28
470,2018-10,2018-06,4,0,True,1.0,master,valid_observed_phase_at_origin,BASE,calibration,1,9,spectral_core,local_partition_rf,0,0.04,0,0.29
471,2018-10,2018-06,4,0,True,0.0,master,valid_observed_phase_at_origin,BASE,calibration,1,13,spectral_core,local_partition_rf,0,0.08,0,0.23
472,2018-10,2018-06,4,0,True,0.0,master,valid_observed_phase_at_origin,BASE,calibration,1,13,spectral_core,local_partition_rf,0,0.1,0,0.24
473,2018-10,2018-06,4,0,True,0.0,master,valid_observed_phase_at_origin,BASE,calibration,1,13,spectral_core,local_partition_rf,0,0.09,0,0.28
474,2018-10,2018-06,4,0,True,0.0,master,valid_observed_phase_at_origin,BASE,calibration,1,13,spectral_core,local_partition_rf,0,0.08,0,0.24
475,2018-10,2018-06,4,0,True,0.0,master,valid_observed_phase_at_origin,BASE,calibration,1,13,spectral_core,local_partition_rf,0,0.07,0,0.2
476,2018-10,2018-06,4,0,True,0.0,master,valid_observed_phase_at_origin,BASE,calibration,1,13,spectral_core,local_partition_rf,0,0.06,0,0.21
477,2018-10,2018-06,4,0,True,0.0,master,valid_observed_phase_at_origin,BASE,calibration,1,13,spectral_core,local_partition_rf,0,0.07,0,0.25
478,2018-10,2018-06,4,0,True,0.0,master,valid_observed_phase_at_origin,BASE,calibration,1,13,spectral_core,local_partition_rf,0,0.09,0,0.25
479,2018-10,2018-06,4,0,True,0.0,master,valid_observed_phase_at_origin,BASE,calibration,1,13,spectral_core,local_partition_rf,0,0.07,0,0.27
480,2018-10,2018-06,4,0,True,0.0,master,valid_observed_phase_at_origin,BASE,calibration,1,13,spectral_core,local_partition_rf,0,0.08,0,0.23
481,2018-10,2018-06,4,0,True,0.0,master,valid_observed_phase_at_origin,BASE,calibration,1,13,spectral_core,local_partition_rf,0,0.07,0,0.23
482,2018-10,2018-06,4,0,True,1.0,master,valid_observed_phase_at_origin,BASE,calibration,1,9,spectral_core,local_partition_rf,0,0.05,0,0.22
483,2018-10,2018-06,4,0,True,0.0,master,valid_observed_phase_at_origin,BASE,calibration,1,13,spectral_core,local_partition_rf,0,0.09,0,0.25
484,2018-10,2018-06,4,0,True,1.0,master,valid_observed_phase_at_origin,BASE,calibration,1,9,spectral_core,local_partition_rf,0,0.05,0,0.22
485,2018-10,2018-06,4,0,True,0.0,master,valid_observed_phase_at_origin,BASE,calibration,1,9,spectral_core,local_partition_rf,0,0.05,0,0.24
486,2018-10,2018-06,4,0,True,0.0,master,valid_observed_phase_at_origin,BASE,calibration,1,13,spectral_core,local_partition_rf,0,0.09,0,0.24
487,2018-10,2018-06,4,0,True,0.0,master,valid_observed_phase_at_origin,BASE,calibration,1,9,spectral_core,local_partition_rf,0,0.05,0,0.22
488,2018-10,2018-06,4,0,True,0.0,master,valid_observed_phase_at_origin,BASE,calibration,1,2,spectral_core,local_partition_rf,0,0.2,0,0.26
489,2018-10,2018-06,4,0,True,0.0,master,valid_observed_phase_at_origin,BASE,calibration,1,9,spectral_core,local_partition_rf,0,0.05,0,0.24
490,2018-10,2018-06,4,0,True,0.0,master,valid_observed_phase_at_origin,BASE,calibration,1,9,spectral_core,local_partition_rf,0,0.05,0,0.24
491,2018-10,2018-06,4,0,True,0.0,master,valid_observed_phase_at_origin,BASE,calibration,1,9,spectral_core,local_partition_rf,0,0.05,0,0.25
492,2018-10,2018-06,4,0,True,0.0,master,valid_observed_phase_at_origin,BASE,calibration,1,9,spectral_core,local_partition_rf,0,0.06,0,0.3
493,2018-10,2018-06,4,0,True,0.0,master,valid_observed_phase_at_origin,BASE,calibration,1,13,spectral_core,local_partition_rf,0,0.1,0,0.27
494,2018-10,2018-06,4,0,True,0.0,master,valid_observed_phase_at_origin,BASE,calibration,1,9,spectral_core,local_partition_rf,0,0.05,0,0.24
495,2018-10,2018-06,4,0,True,0.0,master,valid_observed_phase_at_origin,BASE,calibration,1,13,spectral_core,local_partition_rf,0,0.08,0,0.29
496,2018-10,2018-06,4,0,True,0.0,master,valid_observed_phase_at_origin,BASE,calibration,1,9,spectral_core,local_partition_rf,0,0.07,0,0.24
497,2018-10,2018-06,4,0,True,0.0,master,valid_observed_phase_at_origin,BASE,calibration,1,13,spectral_core,local_partition_rf,0,0.14,0,0.25
498,2018-10,2018-06,4,0,True,0.0,master,valid_observed_phase_at_origin,BASE,calibration,1,13,spectral_core,local_partition_rf,0,0.07,0,0.24
499,2018-10,2018-06,4,0,True,0.0,master,valid_observed_phase_at_origin,BASE,calibration,1,13,spectral_core,local_partition_rf,0,0.12,0,0.28
500,2018-10,2018-06,4,0,True,0.0,master,valid_observed_phase_at_origin,BASE,calibration,1,13,spectral_core,local_partition_rf,0,0.12,0,0.23
501,2018-10,2018-06,4,1,True,1.0,master,valid_observed_phase_at_origin,BASE,calibration,1,13,spectral_core,local_partition_rf,1,0.6,1,0.61
502,2018-10,2018-06,4,0,True,0.0,master,valid_observed_phase_at_origin,BASE,calibration,1,13,spectral_core,local_partition_rf,0,0.11,0,0.21
503,2018-10,2018-06,4,0,True,1.0,master,valid_observed_phase_at_origin,BASE,calibration,1,8,spectral_core,local_partition_rf,0,0.41,0,0.31
504,2018-10,2018-06,4,0,True,0.0,master,valid_observed_phase_at_origin,BASE,calibration,1,13,spectral_core,local_partition_rf,0,0.12,0,0.25
505,2018-10,2018-06,4,0,True,0.0,master,valid_observed_phase_at_origin,BASE,calibration,1,13,spectral_core,local_partition_rf,0,0.12,0,0.27
506,2018-10,2018-06,4,0,True,0.0,master,valid_observed_phase_at_origin,BASE,calibration,1,13,spectral_core,local_partition_rf,0,0.11,0,0.25
507,2018-10,2018-06,4,0,True,0.0,master,valid_observed_phase_at_origin,BASE,calibration,1,13,spectral_core,local_partition_rf,0,0.1,0,0.23
508,2018-10,2018-06,4,1,True,1.0,master,valid_observed_phase_at_origin,BASE,calibration,1,13,spectral_core,local_partition_rf,1,0.6,1,0.59
509,2018-10,2018-06,4,0,True,0.0,master,valid_observed_phase_at_origin,BASE,calibration,1,13,spectral_core,local_partition_rf,0,0.07,0,0.24
510,2018-10,2018-06,4,1,True,1.0,master,valid_observed_phase_at_origin,BASE,calibration,1,13,spectral_core,local_partition_rf,1,0.58,1,0.61
511,2018-10,2018-06,4,0,True,0.0,master,valid_observed_phase_at_origin,BASE,calibration,1,13,spectral_core,local_partition_rf,0,0.07,0,0.25
512,2018-10,2018-06,4,0,True,0.0,master,valid_observed_phase_at_origin,BASE,calibration,1,13,spectral_core,local_partition_rf,0,0.11,0,0.32
513,2018-10,2018-06,4,0,True,0.0,master,valid_observed_phase_at_origin,BASE,calibration,1,13,spectral_core,local_partition_rf,0,0.09,0,0.29
514,2018-10,2018-06,4,0,True,1.0,master,valid_observed_phase_at_origin,BASE,calibration,1,9,spectral_core,local_partition_rf,0,0.05,0,0.3
515,2018-10,2018-06,4,0,True,0.0,master,valid_observed_phase_at_origin,BASE,calibration,1,9,spectral_core,local_partition_rf,0,0.04,0,0.25
516,2018-10,2018-06,4,1,True,1.0,master,valid_observed_phase_at_origin,BASE,calibration,1,13,spectral_core,local_partition_rf,1,0.88,1,0.55
517,2018-10,2018-06,4,0,True,0.0,master,valid_observed_phase_at_origin,BASE,calibration,1,9,spectral_core,local_partition_rf,0,0.07,0,0.26
518,2018-10,2018-06,4,0,True,0.0,master,valid_observed_phase_at_origin,BASE,calibration,1,13,spectral_core,local_partition_rf,0,0.17,0,0.25
519,2018-10,2018-06,4,0,True,0.0,master,valid_observed_phase_at_origin,BASE,calibration,1,13,spectral_core,local_partition_rf,1,0.53,0,0.4
520,2018-10,2018-06,4,0,True,0.0,master,valid_observed_phase_at_origin,BASE,calibration,1,9,spectral_core,local_partition_rf,0,0.05,0,0.24
521,2018-10,2018-06,4,0,True,0.0,master,valid_observed_phase_at_origin,BASE,calibration,1,13,spectral_core,local_partition_rf,0,0.09,0,0.24
522,2018-10,2018-06,4,0,True,0.0,master,valid_observed_phase_at_origin,BASE,calibration,1,9,spectral_core,local_partition_rf,0,0.04,0,0.18
523,2018-10,2018-06,4,0,True,0.0,master,valid_observed_phase_at_origin,BASE,calibration,1,13,spectral_core,local_partition_rf,0,0.09,0,0.33
524,2018-10,2018-06,4,0,True,0.0,master,valid_observed_phase_at_origin,BASE,calibration,1,13,spectral_core,local_partition_rf,0,0.09,0,0.28
525,2018-10,2018-06,4,0,True,0.0,master,valid_observed_phase_at_origin,BASE,calibration,1,13,spectral_core,local_partition_rf,0,0.17,0,0.24
526,2018-10,2018-06,4,0,True,0.0,master,valid_observed_phase_at_origin,BASE,calibration,1,9,spectral_core,local_partition_rf,0,0.05,0,0.19
527,2018-10,2018-06,4,0,True,0.0,master,valid_observed_phase_at_origin,BASE,calibration,1,9,spectral_core,local_partition_rf,0,0.05,0,0.22
528,2018-10,2018-06,4,0,True,0.0,master,valid_observed_phase_at_origin,BASE,calibration,1,9,spectral_core,local_partition_rf,0,0.05,0,0.24
529,2018-10,2018-06,4,0,True,0.0,master,valid_observed_phase_at_origin,BASE,calibration,1,9,spectral_core,local_partition_rf,0,0.05,0,0.29
530,2018-10,2018-06,4,0,True,0.0,master,valid_observed_phase_at_origin,BASE,calibration,1,9,spectral_core,local_partition_rf,0,0.05,0,0.24
531,2018-10,2018-06,4,0,True,0.0,master,valid_observed_phase_at_origin,BASE,calibration,1,9,spectral_core,local_partition_rf,0,0.05,0,0.22
532,2018-10,2018-06,4,0,True,0.0,master,valid_observed_phase_at_origin,BASE,calibration,1,9,spectral_core,local_partition_rf,0,0.05,0,0.28
533,2018-10,2018-06,4,0,True,0.0,master,valid_observed_phase_at_origin,BASE,calibration,1,13,spectral_core,local_partition_rf,1,0.57,0,0.43
534,2018-10,2018-06,4,1,True,1.0,master,valid_observed_phase_at_origin,BASE,calibration,1,13,spectral_core,local_partition_rf,1,0.86,1,0.51
535,2018-10,2018-06,4,0,True,0.0,master,valid_observed_phase_at_origin,BASE,calibration,1,9,spectral_core,local_partition_rf,0,0.05,0,0.25
536,2018-10,2018-06,4,0,True,0.0,master,valid_observed_phase_at_origin,BASE,calibration,1,2,spectral_core,local_partition_rf,1,0.61,0,0.31
537,2018-10,2018-06,4,0,True,0.0,master,valid_observed_phase_at_origin,BASE,calibration,1,13,spectral_core,local_partition_rf,0,0.11,0,0.23
538,2018-10,2018-06,4,0,True,0.0,master,valid_observed_phase_at_origin,BASE,calibration,1,9,spectral_core,local_partition_rf,0,0.05,0,0.29
539,2018-10,2018-06,4,1,True,1.0,master,valid_observed_phase_at_origin,BASE,calibration,1,13,spectral_core,local_partition_rf,1,0.84,1,0.56
540,2018-10,2018-06,4,0,True,0.0,master,valid_observed_phase_at_origin,BASE,calibration,1,13,spectral_core,local_partition_rf,0,0.18,0,0.3
541,2018-10,2018-06,4,0,True,0.0,master,valid_observed_phase_at_origin,BASE,calibration,1,9,spectral_core,local_partition_rf,0,0.05,0,0.23
542,2018-10,2018-06,4,0,True,0.0,master,valid_observed_phase_at_origin,BASE,calibration,1,2,spectral_core,local_partition_rf,0,0.35,0,0.26
543,2018-10,2018-06,4,0,True,0.0,master,valid_observed_phase_at_origin,BASE,calibration,1,9,spectral_core,local_partition_rf,0,0.04,0,0.25
544,2018-10,2018-06,4,0,True,0.0,master,valid_observed_phase_at_origin,BASE,calibration,1,9,spectral_core,local_partition_rf,0,0.05,0,0.22
545,2018-10,2018-06,4,0,True,0.0,master,valid_observed_phase_at_origin,BASE,calibration,1,9,spectral_core,local_partition_rf,0,0.05,0,0.21
546,2018-10,2018-06,4,0,True,0.0,master,valid_observed_phase_at_origin,BASE,calibration,1,13,spectral_core,local_partition_rf,0,0.24,0,0.31
547,2018-10,2018-06,4,0,True,0.0,master,valid_observed_phase_at_origin,BASE,calibration,1,9,spectral_core,local_partition_rf,0,0.05,0,0.22
548,2018-10,2018-06,4,0,True,0.0,master,valid_observed_phase_at_origin,BASE,calibration,1,9,spectral_core,local_partition_rf,0,0.05,0,0.22
549,2018-10,2018-06,4,0,True,0.0,master,valid_observed_phase_at_origin,BASE,calibration,1,9,spectral_core,local_partition_rf,0,0.05,0,0.26
550,2018-10,2018-06,4,0,True,0.0,master,valid_observed_phase_at_origin,BASE,calibration,1,13,spectral_core,local_partition_rf,0,0.07,0,0.25
551,2018-10,2018-06,4,0,True,0.0,master,valid_observed_phase_at_origin,BASE,calibration,1,13,spectral_core,local_partition_rf,0,0.08,0,0.3
552,2018-10,2018-06,4,0,True,0.0,master,valid_observed_phase_at_origin,BASE,calibration,1,13,spectral_core,local_partition_rf,0,0.07,0,0.24
553,2018-10,2018-06,4,0,True,0.0,master,valid_observed_phase_at_origin,BASE,calibration,1,13,spectral_core,local_partition_rf,0,0.11,0,0.27
554,2018-10,2018-06,4,0,True,0.0,master,valid_observed_phase_at_origin,BASE,calibration,1,13,spectral_core,local_partition_rf,0,0.09,0,0.3
555,2018-10,2018-06,4,0,True,0.0,master,valid_observed_phase_at_origin,BASE,calibration,1,13,spectral_core,local_partition_rf,0,0.09,0,0.28
556,2018-10,2018-06,4,0,True,0.0,master,valid_observed_phase_at_origin,BASE,calibration,1,13,spectral_core,local_partition_rf,0,0.1,0,0.26
557,2018-10,2018-06,4,0,True,0.0,master,valid_observed_phase_at_origin,BASE,calibration,1,13,spectral_core,local_partition_rf,0,0.07,0,0.24
558,2018-10,2018-06,4,1,True,1.0,master,valid_observed_phase_at_origin,BASE,calibration,1,13,spectral_core,local_partition_rf,1,0.87,1,0.53
559,2018-10,2018-06,4,0,True,0.0,master,valid_observed_phase_at_origin,BASE,calibration,1,13,spectral_core,local_partition_rf,0,0.07,0,0.3
560,2018-10,2018-06,4,0,True,0.0,master,valid_observed_phase_at_origin,BASE,calibration,1,13,spectral_core,local_partition_rf,0,0.11,0,0.27
561,2018-10,2018-06,4,0,True,0.0,master,valid_observed_phase_at_origin,BASE,calibration,1,13,spectral_core,local_partition_rf,0,0.12,0,0.3
562,2018-10,2018-06,4,1,True,1.0,master,valid_observed_phase_at_origin,BASE,calibration,1,3,spectral_core,local_partition_rf,0,0.16,0,0.23
563,2018-10,2018-06,4,0,True,0.0,master,valid_observed_phase_at_origin,BASE,calibration,1,13,spectral_core,local_partition_rf,0,0.49,0,0.39
564,2018-10,2018-06,4,0,True,0.0,master,valid_observed_phase_at_origin,BASE,calibration,1,13,spectral_core,local_partition_rf,0,0.07,0,0.29
565,2018-10,2018-06,4,0,True,0.0,master,valid_observed_phase_at_origin,BASE,calibration,1,13,spectral_core,local_partition_rf,0,0.14,0,0.26
566,2018-10,2018-06,4,0,True,0.0,master,valid_observed_phase_at_origin,BASE,calibration,1,13,spectral_core,local_partition_rf,0,0.09,0,0.28
567,2018-10,2018-06,4,0,True,0.0,master,valid_observed_phase_at_origin,BASE,calibration,1,13,spectral_core,local_partition_rf,0,0.06,0,0.29
568,2018-10,2018-06,4,0,True,0.0,master,valid_observed_phase_at_origin,BASE,calibration,1,13,spectral_core,local_partition_rf,0,0.15,0,0.31
569,2018-10,2018-06,4,0,True,0.0,master,valid_observed_phase_at_origin,BASE,calibration,1,13,spectral_core,local_partition_rf,0,0.12,0,0.21
570,2018-10,2018-06,4,0,True,0.0,master,valid_observed_phase_at_origin,BASE,calibration,1,13,spectral_core,local_partition_rf,0,0.1,0,0.26
571,2018-10,2018-06,4,0,True,0.0,master,valid_observed_phase_at_origin,BASE,calibration,1,13,spectral_core,local_partition_rf,0,0.09,0,0.26
572,2018-10,2018-06,4,0,True,0.0,master,valid_observed_phase_at_origin,BASE,calibration,1,13,spectral_core,local_partition_rf,0,0.11,0,0.3
573,2018-10,2018-06,4,0,True,0.0,master,valid_observed_phase_at_origin,BASE,calibration,1,13,spectral_core,local_partition_rf,0,0.1,0,0.27
574,2018-10,2018-06,4,0,True,0.0,master,valid_observed_phase_at_origin,BASE,calibration,1,13,spectral_core,local_partition_rf,0,0.17,0,0.26
575,2018-10,2018-06,4,0,True,0.0,master,valid_observed_phase_at_origin,BASE,calibration,1,13,spectral_core,local_partition_rf,0,0.12,0,0.32
576,2018-10,2018-06,4,0,True,0.0,master,valid_observed_phase_at_origin,BASE,calibration,1,13,spectral_core,local_partition_rf,1,0.52,0,0.41
577,2018-10,2018-06,4,0,True,0.0,master,valid_observed_phase_at_origin,BASE,calibration,1,13,spectral_core,local_partition_rf,0,0.1,0,0.25
578,2018-10,2018-06,4,0,True,0.0,master,valid_observed_phase_at_origin,BASE,calibration,1,13,spectral_core,local_partition_rf,0,0.11,0,0.3
579,2018-10,2018-06,4,0,True,0.0,master,valid_observed_phase_at_origin,BASE,calibration,1,13,spectral_core,local_partition_rf,0,0.14,0,0.27
580,2018-10,2018-06,4,1,True,1.0,master,valid_observed_phase_at_origin,BASE,calibration,1,3,spectral_core,local_partition_rf,0,0.15,0,0.25
581,2018-10,2018-06,4,0,True,0.0,master,valid_observed_phase_at_origin,BASE,calibration,1,13,spectral_core,local_partition_rf,0,0.07,0,0.34
582,2018-10,2018-06,4,0,True,0.0,master,valid_observed_phase_at_origin,BASE,calibration,1,13,spectral_core,local_partition_rf,0,0.09,0,0.27
583,2018-10,2018-06,4,1,True,1.0,master,valid_observed_phase_at_origin,BASE,calibration,1,13,spectral_core,local_partition_rf,1,0.89,1,0.56
584,2018-10,2018-06,4,0,True,0.0,master,valid_observed_phase_at_origin,BASE,calibration,1,13,spectral_core,local_partition_rf,0,0.07,0,0.24
585,2018-10,2018-06,4,0,True,0.0,master,valid_observed_phase_at_origin,BASE,calibration,1,13,spectral_core,local_partition_rf,0,0.2,0,0.37
586,2018-10,2018-06,4,0,True,0.0,master,valid_observed_phase_at_origin,BASE,calibration,1,13,spectral_core,local_partition_rf,0,0.07,0,0.34
587,2018-10,2018-06,4,0,True,0.0,master,valid_observed_phase_at_origin,BASE,calibration,1,13,spectral_core,local_partition_rf,0,0.11,0,0.3
588,2018-10,2018-06,4,0,True,0.0,master,valid_observed_phase_at_origin,BASE,calibration,1,13,spectral_core,local_partition_rf,0,0.07,0,0.24
589,2018-10,2018-06,4,0,True,0.0,master,valid_observed_phase_at_origin,BASE,calibration,1,13,spectral_core,local_partition_rf,0,0.07,0,0.26
590,2018-10,2018-06,4,0,True,0.0,master,valid_observed_phase_at_origin,BASE,calibration,1,13,spectral_core,local_partition_rf,0,0.09,0,0.28
591,2018-10,2018-06,4,0,True,0.0,master,valid_observed_phase_at_origin,BASE,calibration,1,13,spectral_core,local_partition_rf,0,0.09,0,0.27
592,2018-10,2018-06,4,0,True,0.0,master,valid_observed_phase_at_origin,BASE,calibration,1,13,spectral_core,local_partition_rf,0,0.07,0,0.26
593,2018-10,2018-06,4,0,True,0.0,master,valid_observed_phase_at_origin,BASE,calibration,1,13,spectral_core,local_partition_rf,0,0.07,0,0.21
594,2018-10,2018-06,4,0,True,0.0,master,valid_observed_phase_at_origin,BASE,calibration,1,13,spectral_core,local_partition_rf,0,0.07,0,0.28
595,2018-10,2018-06,4,0,True,0.0,master,valid_observed_phase_at_origin,BASE,calibration,1,13,spectral_core,local_partition_rf,0,0.25,0,0.33
596,2018-10,2018-06,4,0,True,0.0,master,valid_observed_phase_at_origin,BASE,calibration,1,13,spectral_core,local_partition_rf,0,0.07,0,0.25
597,2018-10,2018-06,4,1,True,1.0,master,valid_observed_phase_at_origin,BASE,calibration,1,13,spectral_core,local_partition_rf,1,0.86,0,0.5
598,2018-10,2018-06,4,0,True,0.0,master,valid_observed_phase_at_origin,BASE,calibration,1,13,spectral_core,local_partition_rf,0,0.07,0,0.25
599,2018-10,2018-06,4,0,True,0.0,master,valid_observed_phase_at_origin,BASE,calibration,1,13,spectral_core,local_partition_rf,0,0.1,0,0.25
600,2018-10,2018-06,4,0,True,0.0,master,valid_observed_phase_at_origin,BASE,calibration,1,13,spectral_core,local_partition_rf,0,0.11,0,0.24
601,2018-10,2018-06,4,0,True,0.0,master,valid_observed_phase_at_origin,BASE,calibration,1,13,spectral_core,local_partition_rf,0,0.09,0,0.29
602,2018-10,2018-06,4,0,True,0.0,master,valid_observed_phase_at_origin,BASE,calibration,1,13,spectral_core,local_partition_rf,0,0.07,0,0.29
603,2018-10,2018-06,4,0,True,0.0,master,valid_observed_phase_at_origin,BASE,calibration,1,13,spectral_core,local_partition_rf,0,0.08,0,0.27
604,2018-10,2018-06,4,0,True,0.0,master,valid_observed_phase_at_origin,BASE,calibration,1,13,spectral_core,local_partition_rf,0,0.07,0,0.3
605,2018-10,2018-06,4,0,True,0.0,master,valid_observed_phase_at_origin,BASE,calibration,1,13,spectral_core,local_partition_rf,0,0.07,0,0.25
606,2018-10,2018-06,4,0,True,0.0,master,valid_observed_phase_at_origin,BASE,calibration,1,13,spectral_core,local_partition_rf,0,0.07,0,0.3
607,2018-10,2018-06,4,0,True,0.0,master,valid_observed_phase_at_origin,BASE,calibration,1,13,spectral_core,local_partition_rf,0,0.08,0,0.29
608,2018-10,2018-06,4,0,True,0.0,master,valid_observed_phase_at_origin,BASE,calibration,1,13,spectral_core,local_partition_rf,0,0.07,0,0.31
609,2018-10,2018-06,4,0,True,0.0,master,valid_observed_phase_at_origin,BASE,calibration,1,13,spectral_core,local_partition_rf,0,0.11,0,0.26
610,2018-10,2018-06,4,0,True,0.0,master,valid_observed_phase_at_origin,BASE,calibration,1,13,spectral_core,local_partition_rf,0,0.09,0,0.28
611,2018-10,2018-06,4,0,True,0.0,master,valid_observed_phase_at_origin,BASE,calibration,1,13,spectral_core,local_partition_rf,0,0.08,0,0.25
612,2018-10,2018-06,4,0,True,0.0,master,valid_observed_phase_at_origin,BASE,calibration,1,13,spectral_core,local_partition_rf,0,0.13,0,0.34
613,2018-10,2018-06,4,1,True,1.0,master,valid_observed_phase_at_origin,BASE,calibration,1,13,spectral_core,local_partition_rf,0,0.16,0,0.29
614,2018-10,2018-06,4,0,True,0.0,master,valid_observed_phase_at_origin,BASE,calibration,1,13,spectral_core,local_partition_rf,0,0.07,0,0.27
615,2018-10,2018-06,4,0,True,0.0,master,valid_observed_phase_at_origin,BASE,calibration,1,13,spectral_core,local_partition_rf,0,0.07,0,0.28
616,2018-10,2018-06,4,0,True,0.0,master,valid_observed_phase_at_origin,BASE,calibration,1,13,spectral_core,local_partition_rf,0,0.08,0,0.26
617,2018-10,2018-06,4,0,True,0.0,master,valid_observed_phase_at_origin,BASE,calibration,1,13,spectral_core,local_partition_rf,0,0.08,0,0.26
618,2018-10,2018-06,4,0,True,0.0,master,valid_observed_phase_at_origin,BASE,calibration,1,13,spectral_core,local_partition_rf,0,0.09,0,0.29
619,2018-10,2018-06,4,0,True,0.0,master,valid_observed_phase_at_origin,BASE,calibration,1,13,spectral_core,local_partition_rf,0,0.07,0,0.34
620,2018-10,2018-06,4,0,True,0.0,master,valid_observed_phase_at_origin,BASE,calibration,1,13,spectral_core,local_partition_rf,0,0.09,0,0.3
621,2018-10,2018-06,4,0,True,0.0,master,valid_observed_phase_at_origin,BASE,calibration,1,13,spectral_core,local_partition_rf,0,0.07,0,0.33
622,2018-10,2018-06,4,0,True,0.0,master,valid_observed_phase_at_origin,BASE,calibration,1,13,spectral_core,local_partition_rf,0,0.07,0,0.35
623,2018-10,2018-06,4,0,True,0.0,master,valid_observed_phase_at_origin,BASE,calibration,1,13,spectral_core,local_partition_rf,0,0.09,0,0.27
624,2018-10,2018-06,4,0,True,0.0,master,valid_observed_phase_at_origin,BASE,calibration,1,13,spectral_core,local_partition_rf,0,0.1,0,0.27
625,2018-10,2018-06,4,0,True,0.0,master,valid_observed_phase_at_origin,BASE,calibration,1,13,spectral_core,local_partition_rf,0,0.15,0,0.32
626,2018-10,2018-06,4,0,True,0.0,master,valid_observed_phase_at_origin,BASE,calibration,1,13,spectral_core,local_partition_rf,0,0.07,0,0.27
627,2018-10,2018-06,4,0,True,0.0,master,valid_observed_phase_at_origin,BASE,calibration,1,13,spectral_core,local_partition_rf,0,0.07,0,0.25
628,2018-10,2018-06,4,0,True,0.0,master,valid_observed_phase_at_origin,BASE,calibration,1,13,spectral_core,local_partition_rf,0,0.07,0,0.32
629,2018-10,2018-06,4,0,True,0.0,master,valid_observed_phase_at_origin,BASE,calibration,1,13,spectral_core,local_partition_rf,0,0.07,0,0.28
630,2018-10,2018-06,4,0,True,0.0,master,valid_observed_phase_at_origin,BASE,calibration,1,13,spectral_core,local_partition_rf,0,0.08,0,0.23
631,2018-10,2018-06,4,0,True,0.0,master,valid_observed_phase_at_origin,BASE,calibration,1,3,spectral_core,local_partition_rf,0,0.13,0,0.23
632,2018-10,2018-06,4,0,True,0.0,master,valid_observed_phase_at_origin,BASE,calibration,1,13,spectral_core,local_partition_rf,0,0.09,0,0.18
633,2018-10,2018-06,4,0,True,0.0,master,valid_observed_phase_at_origin,BASE,calibration,1,13,spectral_core,local_partition_rf,0,0.07,0,0.17
634,2018-10,2018-06,4,0,True,0.0,master,valid_observed_phase_at_origin,BASE,calibration,1,13,spectral_core,local_partition_rf,0,0.08,0,0.2
635,2018-10,2018-06,4,0,True,0.0,master,valid_observed_phase_at_origin,BASE,calibration,1,13,spectral_core,local_partition_rf,0,0.07,0,0.17
636,2018-10,2018-06,4,0,True,1.0,master,valid_observed_phase_at_origin,BASE,calibration,1,9,spectral_core,local_partition_rf,0,0.22,0,0.26
637,2018-10,2018-06,4,0,True,0.0,master,valid_observed_phase_at_origin,BASE,calibration,1,13,spectral_core,local_partition_rf,0,0.08,0,0.17
638,2018-10,2018-06,4,0,True,0.0,master,valid_observed_phase_at_origin,BASE,calibration,1,13,spectral_core,local_partition_rf,0,0.08,0,0.21
639,2018-10,2018-06,4,0,True,1.0,master,valid_observed_phase_at_origin,BASE,calibration,1,9,spectral_core,local_partition_rf,0,0.06,0,0.3
640,2018-10,2018-06,4,0,True,0.0,master,valid_observed_phase_at_origin,BASE,calibration,1,13,spectral_core,local_partition_rf,0,0.09,0,0.24
641,2018-10,2018-06,4,0,True,1.0,master,valid_observed_phase_at_origin,BASE,calibration,1,13,spectral_core,local_partition_rf,0,0.08,0,0.22
642,2018-10,2018-06,4,0,True,0.0,master,valid_observed_phase_at_origin,BASE,calibration,1,13,spectral_core,local_partition_rf,0,0.08,0,0.19
643,2018-10,2018-06,4,0,True,1.0,master,valid_observed_phase_at_origin,BASE,calibration,1,9,spectral_core,local_partition_rf,0,0.06,0,0.22
644,2018-10,2018-06,4,0,True,0.0,master,valid_observed_phase_at_origin,BASE,calibration,1,13,spectral_core,local_partition_rf,0,0.07,0,0.26
645,2018-10,2018-06,4,0,True,1.0,master,valid_observed_phase_at_origin,BASE,calibration,1,13,spectral_core,local_partition_rf,0,0.09,0,0.21
646,2018-10,2018-06,4,0,True,0.0,master,valid_observed_phase_at_origin,BASE,calibration,1,13,spectral_core,local_partition_rf,0,0.08,0,0.23
647,2018-10,2018-06,4,0,True,1.0,master,valid_observed_phase_at_origin,BASE,calibration,1,9,spectral_core,local_partition_rf,0,0.08,0,0.27
648,2018-10,2018-06,4,0,True,0.0,master,valid_observed_phase_at_origin,BASE,calibration,1,13,spectral_core,local_partition_rf,0,0.08,0,0.22
649,2018-10,2018-06,4,0,True,0.0,master,valid_observed_phase_at_origin,BASE,calibration,1,13,spectral_core,local_partition_rf,0,0.07,0,0.24
650,2018-10,2018-06,4,0,True,0.0,master,valid_observed_phase_at_origin,BASE,calibration,1,13,spectral_core,local_partition_rf,0,0.07,0,0.27
651,2018-10,2018-06,4,0,True,0.0,master,valid_observed_phase_at_origin,BASE,calibration,1,9,spectral_core,local_partition_rf,0,0.06,0,0.36
652,2018-10,2018-06,4,0,True,1.0,master,valid_observed_phase_at_origin,BASE,calibration,1,9,spectral_core,local_partition_rf,0,0.05,0,0.25
653,2018-10,2018-06,4,0,True,0.0,master,valid_observed_phase_at_origin,BASE,calibration,1,13,spectral_core,local_partition_rf,0,0.09,0,0.25
654,2018-10,2018-06,4,0,True,1.0,master,valid_observed_phase_at_origin,BASE,calibration,1,9,spectral_core,local_partition_rf,0,0.05,0,0.25
655,2018-10,2018-06,4,0,True,1.0,master,valid_observed_phase_at_origin,BASE,calibration,1,9,spectral_core,local_partition_rf,0,0.05,0,0.26
656,2018-10,2018-06,4,0,True,0.0,master,valid_observed_phase_at_origin,BASE,calibration,1,9,spectral_core,local_partition_rf,0,0.05,0,0.23
657,2018-10,2018-06,4,0,True,1.0,master,valid_observed_phase_at_origin,BASE,calibration,1,9,spectral_core,local_partition_rf,0,0.05,0,0.25
658,2018-10,2018-06,4,0,True,0.0,master,valid_observed_phase_at_origin,BASE,calibration,1,9,spectral_core,local_partition_rf,0,0.05,0,0.28
659,2018-10,2018-06,4,0,True,1.0,master,valid_observed_phase_at_origin,BASE,calibration,1,9,spectral_core,local_partition_rf,0,0.05,0,0.22
660,2018-10,2018-06,4,0,True,0.0,master,valid_observed_phase_at_origin,BASE,calibration,1,9,spectral_core,local_partition_rf,0,0.05,0,0.22
661,2018-10,2018-06,4,0,True,0.0,master,valid_observed_phase_at_origin,BASE,calibration,1,9,spectral_core,local_partition_rf,0,0.05,0,0.2
662,2018-10,2018-06,4,0,True,0.0,master,valid_observed_phase_at_origin,BASE,calibration,1,9,spectral_core,local_partition_rf,0,0.05,0,0.21
663,2018-10,2018-06,4,0,True,0.0,master,valid_observed_phase_at_origin,BASE,calibration,1,9,spectral_core,local_partition_rf,0,0.05,0,0.22
664,2018-10,2018-06,4,0,True,0.0,master,valid_observed_phase_at_origin,BASE,calibration,1,9,spectral_core,local_partition_rf,0,0.05,0,0.18
665,2018-10,2018-06,4,0,True,0.0,master,valid_observed_phase_at_origin,BASE,calibration,1,9,spectral_core,local_partition_rf,0,0.05,0,0.23
666,2018-10,2018-06,4,0,True,0.0,master,valid_observed_phase_at_origin,BASE,calibration,1,9,spectral_core,local_partition_rf,0,0.05,0,0.19
667,2018-10,2018-06,4,0,True,0.0,master,valid_observed_phase_at_origin,BASE,calibration,1,9,spectral_core,local_partition_rf,0,0.05,0,0.24
668,2018-10,2018-06,4,0,True,0.0,master,valid_observed_phase_at_origin,BASE,calibration,1,9,spectral_core,local_partition_rf,0,0.05,0,0.26
669,2018-10,2018-06,4,0,True,0.0,master,valid_observed_phase_at_origin,BASE,calibration,1,9,spectral_core,local_partition_rf,0,0.05,0,0.28
670,2018-10,2018-06,4,0,True,0.0,master,valid_observed_phase_at_origin,BASE,calibration,1,9,spectral_core,local_partition_rf,0,0.05,0,0.26
671,2018-10,2018-06,4,0,True,0.0,master,valid_observed_phase_at_origin,BASE,calibration,1,9,spectral_core,local_partition_rf,0,0.05,0,0.27
672,2018-10,2018-06,4,0,True,0.0,master,valid_observed_phase_at_origin,BASE,calibration,1,9,spectral_core,local_partition_rf,0,0.05,0,0.27
673,2018-10,2018-06,4,0,True,0.0,master,valid_observed_phase_at_origin,BASE,calibration,1,9,spectral_core,local_partition_rf,0,0.05,0,0.26
674,2018-10,2018-06,4,0,True,0.0,master,valid_observed_phase_at_origin,BASE,calibration,1,9,spectral_core,local_partition_rf,0,0.05,0,0.21
675,2018-10,2018-06,4,0,True,0.0,master,valid_observed_phase_at_origin,BASE,calibration,1,9,spectral_core,local_partition_rf,0,0.05,0,0.23
676,2018-10,2018-06,4,0,True,1.0,master,valid_observed_phase_at_origin,BASE,calibration,1,9,spectral_core,local_partition_rf,0,0.05,0,0.23
677,2018-10,2018-06,4,0,True,0.0,master,valid_observed_phase_at_origin,BASE,calibration,1,9,spectral_core,local_partition_rf,0,0.05,0,0.23
678,2018-10,2018-06,4,0,True,1.0,master,valid_observed_phase_at_origin,BASE,calibration,1,9,spectral_core,local_partition_rf,0,0.05,0,0.23
679,2018-10,2018-06,4,0,True,0.0,master,valid_observed_phase_at_origin,BASE,calibration,1,9,spectral_core,local_partition_rf,0,0.05,0,0.31
680,2018-10,2018-06,4,0,True,0.0,master,valid_observed_phase_at_origin,BASE,calibration,1,9,spectral_core,local_partition_rf,0,0.05,0,0.25
681,2018-10,2018-06,4,0,True,0.0,master,valid_observed_phase_at_origin,BASE,calibration,1,9,spectral_core,local_partition_rf,0,0.05,0,0.2
682,2018-10,2018-06,4,0,True,0.0,master,valid_observed_phase_at_origin,BASE,calibration,1,9,spectral_core,local_partition_rf,0,0.05,0,0.22
683,2018-10,2018-06,4,0,True,1.0,master,valid_observed_phase_at_origin,BASE,calibration,1,9,spectral_core,local_partition_rf,0,0.05,0,0.2
684,2018-10,2018-06,4,0,True,0.0,master,valid_observed_phase_at_origin,BASE,calibration,1,9,spectral_core,local_partition_rf,0,0.05,0,0.22
685,2018-10,2018-06,4,0,True,1.0,master,valid_observed_phase_at_origin,BASE,calibration,1,9,spectral_core,local_partition_rf,0,0.05,0,0.19
686,2018-10,2018-06,4,0,True,0.0,master,valid_observed_phase_at_origin,BASE,calibration,1,9,spectral_core,local_partition_rf,0,0.05,0,0.2
687,2018-10,2018-06,4,0,True,0.0,master,valid_observed_phase_at_origin,BASE,calibration,1,13,spectral_core,local_partition_rf,0,0.08,0,0.26
688,2018-10,2018-06,4,0,True,1.0,master,valid_observed_phase_at_origin,BASE,calibration,1,9,spectral_core,local_partition_rf,0,0.04,0,0.19
689,2018-10,2018-06,4,0,True,0.0,master,valid_observed_phase_at_origin,BASE,calibration,1,9,spectral_core,local_partition_rf,0,0.05,0,0.21
690,2018-10,2018-06,4,0,True,1.0,master,valid_observed_phase_at_origin,BASE,calibration,1,9,spectral_core,local_partition_rf,0,0.07,0,0.27
691,2018-10,2018-06,4,0,True,0.0,master,valid_observed_phase_at_origin,BASE,calibration,1,13,spectral_core,local_partition_rf,0,0.08,0,0.23
692,2018-10,2018-06,4,0,True,1.0,master,valid_observed_phase_at_origin,BASE,calibration,1,9,spectral_core,local_partition_rf,0,0.05,0,0.22
693,2018-10,2018-06,4,0,True,1.0,master,valid_observed_phase_at_origin,BASE,calibration,1,13,spectral_core,local_partition_rf,0,0.09,0,0.3
694,2018-10,2018-06,4,0,True,0.0,master,valid_observed_phase_at_origin,BASE,calibration,1,13,spectral_core,local_partition_rf,0,0.08,0,0.19
695,2018-10,2018-06,4,0,True,1.0,master,valid_observed_phase_at_origin,BASE,calibration,1,9,spectral_core,local_partition_rf,0,0.04,0,0.28
696,2018-10,2018-06,4,0,True,1.0,master,valid_observed_phase_at_origin,BASE,calibration,1,9,spectral_core,local_partition_rf,0,0.05,0,0.23
697,2018-10,2018-06,4,0,True,1.0,master,valid_observed_phase_at_origin,BASE,calibration,1,9,spectral_core,local_partition_rf,0,0.05,0,0.24
698,2018-10,2018-06,4,0,True,0.0,master,valid_observed_phase_at_origin,BASE,calibration,1,9,spectral_core,local_partition_rf,0,0.04,0,0.24
699,2018-10,2018-06,4,0,True,1.0,master,valid_observed_phase_at_origin,BASE,calibration,1,9,spectral_core,local_partition_rf,0,0.06,0,0.25
700,2018-10,2018-06,4,0,True,1.0,master,valid_observed_phase_at_origin,BASE,calibration,1,9,spectral_core,local_partition_rf,0,0.04,0,0.23
701,2018-10,2018-06,4,0,True,1.0,master,valid_observed_phase_at_origin,BASE,calibration,1,9,spectral_core,local_partition_rf,0,0.06,0,0.33
702,2018-10,2018-06,4,0,True,1.0,master,valid_observed_phase_at_origin,BASE,calibration,1,9,spectral_core,local_partition_rf,0,0.09,0,0.26
703,2018-10,2018-06,4,0,True,1.0,master,valid_observed_phase_at_origin,BASE,calibration,1,9,spectral_core,local_partition_rf,0,0.07,0,0.23
704,2018-10,2018-06,4,0,True,1.0,master,valid_observed_phase_at_origin,BASE,calibration,1,9,spectral_core,local_partition_rf,0,0.05,0,0.22
705,2018-10,2018-06,4,0,True,0.0,master,valid_observed_phase_at_origin,BASE,calibration,1,9,spectral_core,local_partition_rf,0,0.04,0,0.25
706,2018-10,2018-06,4,0,True,0.0,master,valid_observed_phase_at_origin,BASE,calibration,1,13,spectral_core,local_partition_rf,0,0.09,0,0.27
707,2018-10,2018-06,4,0,True,1.0,master,valid_observed_phase_at_origin,BASE,calibration,1,9,spectral_core,local_partition_rf,0,0.05,0,0.24
708,2018-10,2018-06,4,0,True,0.0,master,valid_observed_phase_at_origin,BASE,calibration,1,9,spectral_core,local_partition_rf,0,0.05,0,0.29
709,2018-10,2018-06,4,0,True,1.0,master,valid_observed_phase_at_origin,BASE,calibration,1,13,spectral_core,local_partition_rf,0,0.07,0,0.23
710,2018-10,2018-06,4,0,True,1.0,master,valid_observed_phase_at_origin,BASE,calibration,1,9,spectral_core,local_partition_rf,0,0.06,0,0.26
711,2018-10,2018-06,4,0,True,1.0,master,valid_observed_phase_at_origin,BASE,calibration,1,9,spectral_core,local_partition_rf,0,0.06,0,0.28
712,2018-10,2018-06,4,0,True,0.0,master,valid_observed_phase_at_origin,BASE,calibration,1,13,spectral_core,local_partition_rf,0,0.06,0,0.25
713,2018-10,2018-06,4,0,True,1.0,master,valid_observed_phase_at_origin,BASE,calibration,1,9,spectral_core,local_partition_rf,0,0.04,0,0.25
714,2018-10,2018-06,4,0,True,0.0,master,valid_observed_phase_at_origin,BASE,calibration,1,13,spectral_core,local_partition_rf,0,0.06,0,0.24
715,2018-10,2018-06,4,0,True,0.0,master,valid_observed_phase_at_origin,BASE,calibration,1,9,spectral_core,local_partition_rf,0,0.04,0,0.21
716,2018-10,2018-06,4,0,True,1.0,master,valid_observed_phase_at_origin,BASE,calibration,1,9,spectral_core,local_partition_rf,0,0.06,0,0.25
717,2018-10,2018-06,4,0,True,1.0,master,valid_observed_phase_at_origin,BASE,calibration,1,9,spectral_core,local_partition_rf,0,0.04,0,0.22
718,2018-10,2018-06,4,0,True,0.0,master,valid_observed_phase_at_origin,BASE,calibration,1,9,spectral_core,local_partition_rf,0,0.04,0,0.22
719,2018-10,2018-06,4,0,True,0.0,master,valid_observed_phase_at_origin,BASE,calibration,1,9,spectral_core,local_partition_rf,0,0.03,0,0.26
720,2018-10,2018-06,4,0,True,0.0,master,valid_observed_phase_at_origin,BASE,calibration,1,9,spectral_core,local_partition_rf,0,0.05,0,0.27
721,2018-10,2018-06,4,0,True,0.0,master,valid_observed_phase_at_origin,BASE,calibration,1,9,spectral_core,local_partition_rf,0,0.04,0,0.27
722,2018-10,2018-06,4,0,True,0.0,master,valid_observed_phase_at_origin,BASE,calibration,1,9,spectral_core,local_partition_rf,0,0.04,0,0.3
723,2018-10,2018-06,4,0,True,0.0,master,valid_observed_phase_at_origin,BASE,calibration,1,9,spectral_core,local_partition_rf,0,0.04,0,0.25
724,2018-10,2018-06,4,0,True,1.0,master,valid_observed_phase_at_origin,BASE,calibration,1,9,spectral_core,local_partition_rf,0,0.05,0,0.32
725,2018-10,2018-06,4,0,True,0.0,master,valid_observed_phase_at_origin,BASE,calibration,1,9,spectral_core,local_partition_rf,0,0.05,0,0.31
726,2018-10,2018-06,4,0,True,0.0,master,valid_observed_phase_at_origin,BASE,calibration,1,9,spectral_core,local_partition_rf,0,0.05,0,0.28
727,2018-10,2018-06,4,0,True,0.0,master,valid_observed_phase_at_origin,BASE,calibration,1,9,spectral_core,local_partition_rf,0,0.04,0,0.23
728,2018-10,2018-06,4,1,True,1.0,master,valid_observed_phase_at_origin,BASE,calibration,1,9,spectral_core,local_partition_rf,1,0.87,0,0.49
729,2018-10,2018-06,4,0,True,0.0,master,valid_observed_phase_at_origin,BASE,calibration,1,9,spectral_core,local_partition_rf,0,0.05,0,0.26
730,2018-10,2018-06,4,0,True,0.0,master,valid_observed_phase_at_origin,BASE,calibration,1,9,spectral_core,local_partition_rf,0,0.05,0,0.23
731,2018-10,2018-06,4,0,True,0.0,master,valid_observed_phase_at_origin,BASE,calibration,1,9,spectral_core,local_partition_rf,0,0.04,0,0.23
732,2018-10,2018-06,4,0,True,0.0,master,valid_observed_phase_at_origin,BASE,calibration,1,14,spectral_core,local_partition_rf,0,0.06,0,0.1
733,2018-10,2018-06,4,0,True,0.0,master,valid_observed_phase_at_origin,BASE,calibration,1,14,spectral_core,local_partition_rf,0,0.01,0,0.03
734,2018-10,2018-06,4,0,True,0.0,master,valid_observed_phase_at_origin,BASE,calibration,1,14,spectral_core,local_partition_rf,0,0.11,0,0.04
735,2018-10,2018-06,4,0,True,0.0,master,valid_observed_phase_at_origin,BASE,calibration,1,14,spectral_core,local_partition_rf,0,0.46,0,0.32
736,2018-10,2018-06,4,0,True,0.0,master,valid_observed_phase_at_origin,BASE,calibration,1,14,spectral_core,local_partition_rf,0,0.23,0,0.19
737,2018-10,2018-06,4,0,True,0.0,master,valid_observed_phase_at_origin,BASE,calibration,1,14,spectral_core,local_partition_rf,0,0.5,0,0.35
738,2018-10,2018-06,4,0,True,0.0,master,valid_observed_phase_at_origin,BASE,calibration,1,14,spectral_core,local_partition_rf,0,0.03,0,0.12
739,2018-10,2018-06,4,1,True,1.0,master,valid_observed_phase_at_origin,BASE,calibration,1,14,spectral_core,local_partition_rf,1,0.96,1,0.72
740,2018-10,2018-06,4,1,True,1.0,master,valid_observed_phase_at_origin,BASE,calibration,1,14,spectral_core,local_partition_rf,1,0.97,1,0.62
741,2018-10,2018-06,4,0,True,0.0,master,valid_observed_phase_at_origin,BASE,calibration,1,14,spectral_core,local_partition_rf,0,0.4,0,0.24
742,2018-10,2018-06,4,1,True,0.0,master,valid_observed_phase_at_origin,BASE,calibration,1,14,spectral_core,local_partition_rf,1,0.98,1,0.71
743,2018-10,2018-06,4,0,True,0.0,master,valid_observed_phase_at_origin,BASE,calibration,1,6,spectral_core,pooled_partition_below_support_gate,0,0.03,0,0.03
744,2018-10,2018-06,4,0,True,1.0,master,valid_observed_phase_at_origin,BASE,calibration,1,14,spectral_core,local_partition_rf,1,0.94,1,0.63
745,2018-10,2018-06,4,1,True,1.0,master,valid_observed_phase_at_origin,BASE,calibration,1,14,spectral_core,local_partition_rf,1,0.96,1,0.7
746,2018-10,2018-06,4,1,True,1.0,master,valid_observed_phase_at_origin,BASE,calibration,1,14,spectral_core,local_partition_rf,1,0.99,1,0.71
747,2018-10,2018-06,4,1,True,1.0,master,valid_observed_phase_at_origin,BASE,calibration,1,14,spectral_core,local_partition_rf,1,0.99,1,0.73
748,2018-10,2018-06,4,1,True,1.0,master,valid_observed_phase_at_origin,BASE,calibration,1,14,spectral_core,local_partition_rf,1,0.94,1,0.68
749,2018-10,2018-06,4,1,True,1.0,master,valid_observed_phase_at_origin,BASE,calibration,1,14,spectral_core,local_partition_rf,1,0.99,1,0.75
750,2018-10,2018-06,4,1,True,1.0,master,valid_observed_phase_at_origin,BASE,calibration,1,14,spectral_core,local_partition_rf,1,0.98,1,0.75
751,2018-10,2018-06,4,0,True,0.0,master,valid_observed_phase_at_origin,BASE,calibration,1,14,spectral_core,local_partition_rf,0,0.37,0,0.13
752,2018-10,2018-06,4,1,True,1.0,master,valid_observed_phase_at_origin,BASE,calibration,1,14,spectral_core,local_partition_rf,1,0.97,1,0.73
753,2018-10,2018-06,4,0,True,0.0,master,valid_observed_phase_at_origin,BASE,calibration,1,14,spectral_core,local_partition_rf,0,0.33,0,0.16
754,2018-10,2018-06,4,0,True,0.0,master,valid_observed_phase_at_origin,BASE,calibration,1,14,spectral_core,local_partition_rf,1,0.61,0,0.42
755,2018-10,2018-06,4,0,True,0.0,master,valid_observed_phase_at_origin,BASE,calibration,1,6,spectral_core,pooled_partition_below_support_gate,0,0.04,0,0.04
756,2018-10,2018-06,4,0,True,0.0,master,valid_observed_phase_at_origin,BASE,calibration,1,6,spectral_core,pooled_partition_below_support_gate,0,0.03,0,0.03
757,2018-10,2018-06,4,0,True,0.0,master,valid_observed_phase_at_origin,BASE,calibration,1,6,spectral_core,pooled_partition_below_support_gate,0,0.04,0,0.04
758,2018-10,2018-06,4,0,True,0.0,master,valid_observed_phase_at_origin,BASE,calibration,1,6,spectral_core,pooled_partition_below_support_gate,0,0.04,0,0.04
759,2018-10,2018-06,4,0,True,0.0,master,valid_observed_phase_at_origin,BASE,calibration,1,6,spectral_core,pooled_partition_below_support_gate,0,0.02,0,0.02
760,2018-10,2018-06,4,0,True,0.0,master,valid_observed_phase_at_origin,BASE,calibration,1,6,spectral_core,pooled_partition_below_support_gate,0,0.03,0,0.03
761,2018-10,2018-06,4,0,True,0.0,master,valid_observed_phase_at_origin,BASE,calibration,1,6,spectral_core,pooled_partition_below_support_gate,0,0.04,0,0.04
762,2018-10,2018-06,4,0,True,0.0,master,valid_observed_phase_at_origin,BASE,calibration,1,6,spectral_core,pooled_partition_below_support_gate,0,0.02,0,0.02
763,2018-10,2018-06,4,0,True,0.0,master,valid_observed_phase_at_origin,BASE,calibration,1,6,spectral_core,pooled_partition_below_support_gate,0,0.02,0,0.02
764,2018-10,2018-06,4,0,True,0.0,master,valid_observed_phase_at_origin,BASE,calibration,1,6,spectral_core,pooled_partition_below_support_gate,0,0.03,0,0.03
765,2018-10,2018-06,4,0,True,0.0,master,valid_observed_phase_at_origin,BASE,calibration,1,6,spectral_core,pooled_partition_below_support_gate,0,0.0,0,0.0
766,2018-10,2018-06,4,0,True,0.0,master,valid_observed_phase_at_origin,BASE,calibration,1,6,spectral_core,pooled_partition_below_support_gate,0,0.01,0,0.01
767,2018-10,2018-06,4,0,True,0.0,master,valid_observed_phase_at_origin,BASE,calibration,1,6,spectral_core,pooled_partition_below_support_gate,0,0.02,0,0.02
768,2018-10,2018-06,4,0,True,0.0,master,valid_observed_phase_at_origin,BASE,calibration,1,6,spectral_core,pooled_partition_below_support_gate,0,0.01,0,0.01
769,2018-10,2018-06,4,0,True,0.0,master,valid_observed_phase_at_origin,BASE,calibration,1,6,spectral_core,pooled_partition_below_support_gate,0,0.02,0,0.02
770,2018-10,2018-06,4,0,True,0.0,master,valid_observed_phase_at_origin,BASE,calibration,1,14,spectral_core,local_partition_rf,0,0.0,0,0.03
771,2018-10,2018-06,4,0,True,0.0,master,valid_observed_phase_at_origin,BASE,calibration,1,14,spectral_core,local_partition_rf,0,0.07,0,0.05
772,2018-10,2018-06,4,0,True,0.0,master,valid_observed_phase_at_origin,BASE,calibration,1,14,spectral_core,local_partition_rf,0,0.07,0,0.14
773,2018-10,2018-06,4,0,True,0.0,master,valid_observed_phase_at_origin,BASE,calibration,1,14,spectral_core,local_partition_rf,0,0.03,0,0.09
774,2018-10,2018-06,4,0,True,0.0,master,valid_observed_phase_at_origin,BASE,calibration,1,14,spectral_core,local_partition_rf,0,0.0,0,0.05
775,2018-10,2018-06,4,0,True,0.0,master,valid_observed_phase_at_origin,BASE,calibration,1,14,spectral_core,local_partition_rf,0,0.08,0,0.14
776,2018-10,2018-06,4,0,True,0.0,master,valid_observed_phase_at_origin,BASE,calibration,1,14,spectral_core,local_partition_rf,0,0.03,0,0.08
777,2018-10,2018-06,4,0,True,0.0,master,valid_observed_phase_at_origin,BASE,calibration,1,14,spectral_core,local_partition_rf,0,0.01,0,0.12
778,2018-10,2018-06,4,0,True,0.0,master,valid_observed_phase_at_origin,BASE,calibration,1,6,spectral_core,pooled_partition_below_support_gate,0,0.02,0,0.02
779,2018-10,2018-06,4,0,True,0.0,master,valid_observed_phase_at_origin,BASE,calibration,1,6,spectral_core,pooled_partition_below_support_gate,0,0.04,0,0.04
780,2018-10,2018-06,4,0,True,0.0,master,valid_observed_phase_at_origin,BASE,calibration,1,14,spectral_core,local_partition_rf,0,0.04,0,0.08
781,2018-10,2018-06,4,0,True,0.0,master,valid_observed_phase_at_origin,BASE,calibration,1,14,spectral_core,local_partition_rf,0,0.1,0,0.07
782,2018-10,2018-06,4,0,True,0.0,master,valid_observed_phase_at_origin,BASE,calibration,1,14,spectral_core,local_partition_rf,0,0.05,0,0.1
783,2018-10,2018-06,4,0,True,0.0,master,valid_observed_phase_at_origin,BASE,calibration,1,14,spectral_core,local_partition_rf,0,0.02,0,0.03
784,2018-10,2018-06,4,0,True,0.0,master,valid_observed_phase_at_origin,BASE,calibration,1,14,spectral_core,local_partition_rf,0,0.0,0,0.04
785,2018-10,2018-06,4,0,True,0.0,master,valid_observed_phase_at_origin,BASE,calibration,1,14,spectral_core,local_partition_rf,0,0.07,0,0.11
786,2018-10,2018-06,4,0,True,0.0,master,valid_observed_phase_at_origin,BASE,calibration,1,14,spectral_core,local_partition_rf,0,0.06,0,0.09
787,2018-10,2018-06,4,0,True,0.0,master,valid_observed_phase_at_origin,BASE,calibration,1,14,spectral_core,local_partition_rf,0,0.0,0,0.04
788,2018-10,2018-06,4,0,True,0.0,master,valid_observed_phase_at_origin,BASE,calibration,1,14,spectral_core,local_partition_rf,0,0.04,0,0.11
789,2018-10,2018-06,4,0,True,0.0,master,valid_observed_phase_at_origin,BASE,calibration,1,6,spectral_core,pooled_partition_below_support_gate,0,0.03,0,0.03
790,2018-10,2018-06,4,0,True,0.0,master,valid_observed_phase_at_origin,BASE,calibration,1,14,spectral_core,local_partition_rf,0,0.03,0,0.05
791,2018-10,2018-06,4,0,True,0.0,master,valid_observed_phase_at_origin,BASE,calibration,1,6,spectral_core,pooled_partition_below_support_gate,0,0.03,0,0.03
792,2018-10,2018-06,4,0,True,0.0,master,valid_observed_phase_at_origin,BASE,calibration,1,6,spectral_core,pooled_partition_below_support_gate,0,0.01,0,0.01
793,2018-10,2018-06,4,0,True,0.0,master,valid_observed_phase_at_origin,BASE,calibration,1,14,spectral_core,local_partition_rf,0,0.04,0,0.01
794,2018-10,2018-06,4,0,True,0.0,master,valid_observed_phase_at_origin,BASE,calibration,1,14,spectral_core,local_partition_rf,0,0.07,0,0.06
795,2018-10,2018-06,4,0,True,0.0,master,valid_observed_phase_at_origin,BASE,calibration,1,6,spectral_core,pooled_partition_below_support_gate,0,0.0,0,0.0
796,2018-10,2018-06,4,0,True,0.0,master,valid_observed_phase_at_origin,BASE,calibration,1,6,spectral_core,pooled_partition_below_support_gate,0,0.02,0,0.02
797,2018-10,2018-06,4,0,True,0.0,master,valid_observed_phase_at_origin,BASE,calibration,1,6,spectral_core,pooled_partition_below_support_gate,0,0.01,0,0.01
798,2018-10,2018-06,4,0,True,0.0,master,valid_observed_phase_at_origin,BASE,calibration,1,14,spectral_core,local_partition_rf,0,0.08,0,0.05
799,2018-10,2018-06,4,0,True,0.0,master,valid_observed_phase_at_origin,BASE,calibration,1,6,spectral_core,pooled_partition_below_support_gate,0,0.05,0,0.05
800,2018-10,2018-06,4,0,True,0.0,master,valid_observed_phase_at_origin,BASE,calibration,1,6,spectral_core,pooled_partition_below_support_gate,0,0.01,0,0.01
801,2018-10,2018-06,4,0,True,0.0,master,valid_observed_phase_at_origin,BASE,calibration,1,14,spectral_core,local_partition_rf,0,0.02,0,0.05
802,2018-10,2018-06,4,0,True,0.0,master,valid_observed_phase_at_origin,BASE,calibration,1,6,spectral_core,pooled_partition_below_support_gate,0,0.01,0,0.01
803,2018-10,2018-06,4,0,True,0.0,master,valid_observed_phase_at_origin,BASE,calibration,1,6,spectral_core,pooled_partition_below_support_gate,0,0.02,0,0.02
804,2018-10,2018-06,4,0,True,0.0,master,valid_observed_phase_at_origin,BASE,calibration,1,6,spectral_core,pooled_partition_below_support_gate,0,0.04,0,0.04
805,2018-10,2018-06,4,0,True,0.0,master,valid_observed_phase_at_origin,BASE,calibration,1,14,spectral_core,local_partition_rf,0,0.02,0,0.04
806,2018-10,2018-06,4,1,True,1.0,master,valid_observed_phase_at_origin,BASE,calibration,1,14,spectral_core,local_partition_rf,1,0.98,1,0.75
807,2018-10,2018-06,4,1,True,1.0,master,valid_observed_phase_at_origin,BASE,calibration,1,14,spectral_core,local_partition_rf,1,1.0,1,0.74
808,2018-10,2018-06,4,1,True,1.0,master,valid_observed_phase_at_origin,BASE,calibration,1,14,spectral_core,local_partition_rf,1,0.96,1,0.7
809,2018-10,2018-06,4,1,True,1.0,master,valid_observed_phase_at_origin,BASE,calibration,1,14,spectral_core,local_partition_rf,1,1.0,1,0.79
810,2018-10,2018-06,4,1,True,1.0,master,valid_observed_phase_at_origin,BASE,calibration,1,14,spectral_core,local_partition_rf,1,1.0,1,0.78
811,2018-10,2018-06,4,1,True,1.0,master,valid_observed_phase_at_origin,BASE,calibration,1,14,spectral_core,local_partition_rf,1,1.0,1,0.78
812,2018-10,2018-06,4,1,True,1.0,master,valid_observed_phase_at_origin,BASE,calibration,1,14,spectral_core,local_partition_rf,1,1.0,1,0.73
813,2018-10,2018-06,4,0,True,0.0,master,valid_observed_phase_at_origin,BASE,calibration,1,6,spectral_core,pooled_partition_below_support_gate,0,0.05,0,0.05
814,2018-10,2018-06,4,0,True,0.0,master,valid_observed_phase_at_origin,BASE,calibration,1,14,spectral_core,local_partition_rf,0,0.08,0,0.03
815,2018-10,2018-06,4,0,True,0.0,master,valid_observed_phase_at_origin,BASE,calibration,1,6,spectral_core,pooled_partition_below_support_gate,0,0.05,0,0.05
816,2018-10,2018-06,4,0,True,0.0,master,valid_observed_phase_at_origin,BASE,calibration,1,6,spectral_core,pooled_partition_below_support_gate,0,0.04,0,0.04
817,2018-10,2018-06,4,0,True,0.0,master,valid_observed_phase_at_origin,BASE,calibration,1,6,spectral_core,pooled_partition_below_support_gate,0,0.07,0,0.07
818,2018-10,2018-06,4,0,True,0.0,master,valid_observed_phase_at_origin,BASE,calibration,1,6,spectral_core,pooled_partition_below_support_gate,0,0.04,0,0.04
819,2018-10,2018-06,4,0,True,0.0,master,valid_observed_phase_at_origin,BASE,calibration,1,6,spectral_core,pooled_partition_below_support_gate,0,0.08,0,0.08
820,2018-10,2018-06,4,0,True,0.0,master,valid_observed_phase_at_origin,BASE,calibration,1,6,spectral_core,pooled_partition_below_support_gate,0,0.02,0,0.02
821,2018-10,2018-06,4,0,True,0.0,master,valid_observed_phase_at_origin,BASE,calibration,1,6,spectral_core,pooled_partition_below_support_gate,0,0.04,0,0.04
822,2018-10,2018-06,4,0,True,0.0,master,valid_observed_phase_at_origin,BASE,calibration,1,6,spectral_core,pooled_partition_below_support_gate,0,0.08,0,0.08
823,2018-10,2018-06,4,0,True,0.0,master,valid_observed_phase_at_origin,BASE,calibration,1,14,spectral_core,local_partition_rf,0,0.03,0,0.03
824,2018-10,2018-06,4,0,True,0.0,master,valid_observed_phase_at_origin,BASE,calibration,1,14,spectral_core,local_partition_rf,0,0.02,0,0.02
825,2018-10,2018-06,4,0,True,0.0,master,valid_observed_phase_at_origin,BASE,calibration,1,14,spectral_core,local_partition_rf,0,0.05,0,0.05
826,2018-10,2018-06,4,0,True,0.0,master,valid_observed_phase_at_origin,BASE,calibration,1,14,spectral_core,local_partition_rf,0,0.02,0,0.08
827,2018-10,2018-06,4,0,True,0.0,master,valid_observed_phase_at_origin,BASE,calibration,1,6,spectral_core,pooled_partition_below_support_gate,0,0.01,0,0.01
828,2018-10,2018-06,4,0,True,0.0,master,valid_observed_phase_at_origin,BASE,calibration,1,6,spectral_core,pooled_partition_below_support_gate,0,0.02,0,0.02
829,2018-10,2018-06,4,0,True,0.0,master,valid_observed_phase_at_origin,BASE,calibration,1,14,spectral_core,local_partition_rf,0,0.45,0,0.28
830,2018-10,2018-06,4,0,True,0.0,master,valid_observed_phase_at_origin,BASE,calibration,1,14,spectral_core,local_partition_rf,0,0.09,0,0.07
831,2018-10,2018-06,4,0,True,0.0,master,valid_observed_phase_at_origin,BASE,calibration,1,6,spectral_core,pooled_partition_below_support_gate,0,0.03,0,0.03
832,2018-10,2018-06,4,0,True,0.0,master,valid_observed_phase_at_origin,BASE,calibration,1,6,spectral_core,pooled_partition_below_support_gate,0,0.03,0,0.03
833,2018-10,2018-06,4,0,True,0.0,master,valid_observed_phase_at_origin,BASE,calibration,1,6,spectral_core,pooled_partition_below_support_gate,0,0.0,0,0.0
834,2018-10,2018-06,4,0,True,0.0,master,valid_observed_phase_at_origin,BASE,calibration,1,6,spectral_core,pooled_partition_below_support_gate,0,0.1,0,0.1
835,2018-10,2018-06,4,0,True,0.0,master,valid_observed_phase_at_origin,BASE,calibration,1,6,spectral_core,pooled_partition_below_support_gate,0,0.0,0,0.0
836,2018-10,2018-06,4,0,True,0.0,master,valid_observed_phase_at_origin,BASE,calibration,1,6,spectral_core,pooled_partition_below_support_gate,0,0.0,0,0.0
837,2018-10,2018-06,4,0,True,0.0,master,valid_observed_phase_at_origin,BASE,calibration,1,6,spectral_core,pooled_partition_below_support_gate,0,0.05,0,0.05
838,2018-10,2018-06,4,0,True,0.0,master,valid_observed_phase_at_origin,BASE,calibration,1,6,spectral_core,pooled_partition_below_support_gate,0,0.0,0,0.0
839,2018-10,2018-06,4,0,True,0.0,master,valid_observed_phase_at_origin,BASE,calibration,1,6,spectral_core,pooled_partition_below_support_gate,0,0.02,0,0.02
840,2018-10,2018-06,4,0,True,0.0,master,valid_observed_phase_at_origin,BASE,calibration,1,6,spectral_core,pooled_partition_below_support_gate,0,0.07,0,0.07
841,2018-10,2018-06,4,0,True,0.0,master,valid_observed_phase_at_origin,BASE,calibration,1,6,spectral_core,pooled_partition_below_support_gate,0,0.01,0,0.01
842,2018-10,2018-06,4,0,True,0.0,master,valid_observed_phase_at_origin,BASE,calibration,1,6,spectral_core,pooled_partition_below_support_gate,0,0.08,0,0.08
843,2018-10,2018-06,4,0,True,0.0,master,valid_observed_phase_at_origin,BASE,calibration,1,6,spectral_core,pooled_partition_below_support_gate,0,0.0,0,0.0
844,2018-10,2018-06,4,0,True,0.0,master,valid_observed_phase_at_origin,BASE,calibration,1,6,spectral_core,pooled_partition_below_support_gate,0,0.04,0,0.04
845,2018-10,2018-06,4,0,True,0.0,master,valid_observed_phase_at_origin,BASE,calibration,1,6,spectral_core,pooled_partition_below_support_gate,0,0.05,0,0.05
846,2018-10,2018-06,4,0,True,0.0,master,valid_observed_phase_at_origin,BASE,calibration,1,6,spectral_core,pooled_partition_below_support_gate,0,0.0,0,0.0
847,2018-10,2018-06,4,0,True,0.0,master,valid_observed_phase_at_origin,BASE,calibration,1,6,spectral_core,pooled_partition_below_support_gate,0,0.0,0,0.0
848,2018-10,2018-06,4,0,True,0.0,master,valid_observed_phase_at_origin,BASE,calibration,1,6,spectral_core,pooled_partition_below_support_gate,0,0.02,0,0.02
849,2018-10,2018-06,4,0,True,0.0,master,valid_observed_phase_at_origin,BASE,calibration,1,6,spectral_core,pooled_partition_below_support_gate,0,0.01,0,0.01
850,2018-10,2018-06,4,0,True,0.0,master,valid_observed_phase_at_origin,BASE,calibration,1,6,spectral_core,pooled_partition_below_support_gate,0,0.0,0,0.0
851,2018-10,2018-06,4,0,True,0.0,master,valid_observed_phase_at_origin,BASE,calibration,1,6,spectral_core,pooled_partition_below_support_gate,0,0.0,0,0.0
852,2018-10,2018-06,4,0,True,0.0,master,valid_observed_phase_at_origin,BASE,calibration,1,6,spectral_core,pooled_partition_below_support_gate,0,0.04,0,0.04
853,2018-10,2018-06,4,0,True,0.0,master,valid_observed_phase_at_origin,BASE,calibration,1,6,spectral_core,pooled_partition_below_support_gate,0,0.01,0,0.01
854,2018-10,2018-06,4,0,True,0.0,master,valid_observed_phase_at_origin,BASE,calibration,1,6,spectral_core,pooled_partition_below_support_gate,0,0.04,0,0.04
855,2018-10,2018-06,4,0,True,0.0,master,valid_observed_phase_at_origin,BASE,calibration,1,6,spectral_core,pooled_partition_below_support_gate,0,0.05,0,0.05
856,2018-10,2018-06,4,0,True,0.0,master,valid_observed_phase_at_origin,BASE,calibration,1,6,spectral_core,pooled_partition_below_support_gate,0,0.01,0,0.01
857,2018-10,2018-06,4,0,True,0.0,master,valid_observed_phase_at_origin,BASE,calibration,1,6,spectral_core,pooled_partition_below_support_gate,0,0.02,0,0.02
858,2018-10,2018-06,4,0,True,0.0,master,valid_observed_phase_at_origin,BASE,calibration,1,6,spectral_core,pooled_partition_below_support_gate,0,0.02,0,0.02
859,2018-10,2018-06,4,0,True,0.0,master,valid_observed_phase_at_origin,BASE,calibration,1,6,spectral_core,pooled_partition_below_support_gate,0,0.01,0,0.01
860,2018-10,2018-06,4,0,True,0.0,master,valid_observed_phase_at_origin,BASE,calibration,1,6,spectral_core,pooled_partition_below_support_gate,0,0.0,0,0.0
861,2018-10,2018-06,4,0,True,0.0,master,valid_observed_phase_at_origin,BASE,calibration,1,6,spectral_core,pooled_partition_below_support_gate,0,0.01,0,0.01
862,2018-10,2018-06,4,0,True,0.0,master,valid_observed_phase_at_origin,BASE,calibration,1,6,spectral_core,pooled_partition_below_support_gate,0,0.01,0,0.01
863,2018-10,2018-06,4,0,True,0.0,master,valid_observed_phase_at_origin,BASE,calibration,1,6,spectral_core,pooled_partition_below_support_gate,0,0.03,0,0.03
864,2018-10,2018-06,4,0,True,0.0,master,valid_observed_phase_at_origin,BASE,calibration,1,6,spectral_core,pooled_partition_below_support_gate,0,0.01,0,0.01
865,2018-10,2018-06,4,0,True,0.0,master,valid_observed_phase_at_origin,BASE,calibration,1,6,spectral_core,pooled_partition_below_support_gate,0,0.03,0,0.03
866,2018-10,2018-06,4,0,True,0.0,master,valid_observed_phase_at_origin,BASE,calibration,1,6,spectral_core,pooled_partition_below_support_gate,0,0.04,0,0.04
867,2018-10,2018-06,4,0,True,0.0,master,valid_observed_phase_at_origin,BASE,calibration,1,6,spectral_core,pooled_partition_below_support_gate,0,0.01,0,0.01
868,2018-10,2018-06,4,1,True,1.0,master,valid_observed_phase_at_origin,BASE,calibration,1,14,spectral_core,local_partition_rf,1,0.95,1,0.67
869,2018-10,2018-06,4,0,True,0.0,master,valid_observed_phase_at_origin,BASE,calibration,1,14,spectral_core,local_partition_rf,0,0.47,0,0.31
870,2018-10,2018-06,4,1,True,1.0,master,valid_observed_phase_at_origin,BASE,calibration,1,14,spectral_core,local_partition_rf,1,0.95,1,0.66
871,2018-10,2018-06,4,0,True,1.0,master,valid_observed_phase_at_origin,BASE,calibration,1,14,spectral_core,local_partition_rf,1,0.59,0,0.4
872,2018-10,2018-06,4,0,True,0.0,master,valid_observed_phase_at_origin,BASE,calibration,1,6,spectral_core,pooled_partition_below_support_gate,0,0.04,0,0.04
873,2018-10,2018-06,4,0,True,0.0,master,valid_observed_phase_at_origin,BASE,calibration,1,6,spectral_core,pooled_partition_below_support_gate,0,0.02,0,0.02
874,2018-10,2018-06,4,1,True,1.0,master,valid_observed_phase_at_origin,BASE,calibration,1,14,spectral_core,local_partition_rf,1,0.98,1,0.71
875,2018-10,2018-06,4,1,True,1.0,master,valid_observed_phase_at_origin,BASE,calibration,1,14,spectral_core,local_partition_rf,1,1.0,1,0.73
876,2018-10,2018-06,4,0,True,0.0,master,valid_observed_phase_at_origin,BASE,calibration,1,14,spectral_core,local_partition_rf,0,0.01,0,0.04
877,2018-10,2018-06,4,0,True,0.0,master,valid_observed_phase_at_origin,BASE,calibration,1,14,spectral_core,local_partition_rf,0,0.02,0,0.03
878,2018-10,2018-06,4,0,True,0.0,master,valid_observed_phase_at_origin,BASE,calibration,1,6,spectral_core,pooled_partition_below_support_gate,0,0.05,0,0.05
879,2018-10,2018-06,4,0,True,0.0,master,valid_observed_phase_at_origin,BASE,calibration,1,6,spectral_core,pooled_partition_below_support_gate,0,0.04,0,0.04
880,2018-10,2018-06,4,0,True,0.0,master,valid_observed_phase_at_origin,BASE,calibration,1,6,spectral_core,pooled_partition_below_support_gate,0,0.05,0,0.05
881,2018-10,2018-06,4,0,True,0.0,master,valid_observed_phase_at_origin,BASE,calibration,1,14,spectral_core,local_partition_rf,0,0.1,0,0.1
882,2018-10,2018-06,4,0,True,0.0,master,valid_observed_phase_at_origin,BASE,calibration,1,6,spectral_core,pooled_partition_below_support_gate,0,0.04,0,0.04
883,2018-10,2018-06,4,0,True,0.0,master,valid_observed_phase_at_origin,BASE,calibration,1,14,spectral_core,local_partition_rf,0,0.24,0,0.19
884,2018-10,2018-06,4,0,True,0.0,master,valid_observed_phase_at_origin,BASE,calibration,1,14,spectral_core,local_partition_rf,0,0.16,0,0.18
885,2018-10,2018-06,4,0,True,0.0,master,valid_observed_phase_at_origin,BASE,calibration,1,14,spectral_core,local_partition_rf,0,0.03,0,0.05
886,2018-10,2018-06,4,0,True,0.0,master,valid_observed_phase_at_origin,BASE,calibration,1,6,spectral_core,pooled_partition_below_support_gate,0,0.04,0,0.04
887,2018-10,2018-06,4,0,True,0.0,master,valid_observed_phase_at_origin,BASE,calibration,1,6,spectral_core,pooled_partition_below_support_gate,0,0.02,0,0.02
888,2018-10,2018-06,4,0,True,0.0,master,valid_observed_phase_at_origin,BASE,calibration,1,6,spectral_core,pooled_partition_below_support_gate,0,0.04,0,0.04
889,2018-10,2018-06,4,0,True,0.0,master,valid_observed_phase_at_origin,BASE,calibration,1,6,spectral_core,pooled_partition_below_support_gate,0,0.05,0,0.05
890,2018-10,2018-06,4,0,True,0.0,master,valid_observed_phase_at_origin,BASE,calibration,1,14,spectral_core,local_partition_rf,0,0.04,0,0.06
891,2018-10,2018-06,4,0,True,0.0,master,valid_observed_phase_at_origin,BASE,calibration,1,14,spectral_core,local_partition_rf,0,0.05,0,0.02
892,2018-10,2018-06,4,0,True,0.0,master,valid_observed_phase_at_origin,BASE,calibration,1,14,spectral_core,local_partition_rf,0,0.11,0,0.08
893,2018-10,2018-06,4,1,True,1.0,master,valid_observed_phase_at_origin,BASE,calibration,1,14,spectral_core,local_partition_rf,1,0.99,1,0.74
894,2018-10,2018-06,4,0,True,0.0,master,valid_observed_phase_at_origin,BASE,calibration,1,14,spectral_core,local_partition_rf,0,0.18,0,0.11
895,2018-10,2018-06,4,0,True,0.0,master,valid_observed_phase_at_origin,BASE,calibration,1,14,spectral_core,local_partition_rf,0,0.03,0,0.07
896,2018-10,2018-06,4,1,True,1.0,master,valid_observed_phase_at_origin,BASE,calibration,1,14,spectral_core,local_partition_rf,1,0.99,1,0.61
897,2018-10,2018-06,4,0,True,0.0,master,valid_observed_phase_at_origin,BASE,calibration,1,14,spectral_core,local_partition_rf,0,0.03,0,0.04
898,2018-10,2018-06,4,1,True,1.0,master,valid_observed_phase_at_origin,BASE,calibration,1,14,spectral_core,local_partition_rf,1,1.0,1,0.75
899,2018-10,2018-06,4,1,True,1.0,master,valid_observed_phase_at_origin,BASE,calibration,1,14,spectral_core,local_partition_rf,1,0.96,1,0.51
900,2018-10,2018-06,4,0,True,0.0,master,valid_observed_phase_at_origin,BASE,calibration,1,14,spectral_core,local_partition_rf,0,0.12,0,0.13
901,2018-10,2018-06,4,1,True,1.0,master,valid_observed_phase_at_origin,BASE,calibration,1,14,spectral_core,local_partition_rf,1,0.81,0,0.49
902,2018-10,2018-06,4,0,True,0.0,master,valid_observed_phase_at_origin,BASE,calibration,1,14,spectral_core,local_partition_rf,0,0.11,0,0.14
903,2018-10,2018-06,4,1,True,1.0,master,valid_observed_phase_at_origin,BASE,calibration,1,14,spectral_core,local_partition_rf,1,1.0,1,0.75
904,2018-10,2018-06,4,0,True,0.0,master,valid_observed_phase_at_origin,BASE,calibration,1,14,spectral_core,local_partition_rf,1,0.85,0,0.42
905,2018-10,2018-06,4,0,True,0.0,master,valid_observed_phase_at_origin,BASE,calibration,1,14,spectral_core,local_partition_rf,0,0.05,0,0.15
906,2018-10,2018-06,4,0,True,0.0,master,valid_observed_phase_at_origin,BASE,calibration,1,14,spectral_core,local_partition_rf,0,0.14,0,0.15
907,2018-10,2018-06,4,0,True,1.0,master,valid_observed_phase_at_origin,BASE,calibration,1,14,spectral_core,local_partition_rf,1,0.95,0,0.5
908,2018-10,2018-06,4,1,True,1.0,master,valid_observed_phase_at_origin,BASE,calibration,1,14,spectral_core,local_partition_rf,1,0.96,1,0.59
909,2018-10,2018-06,4,0,True,0.0,master,valid_observed_phase_at_origin,BASE,calibration,1,14,spectral_core,local_partition_rf,0,0.01,0,0.07
910,2018-10,2018-06,4,1,True,1.0,master,valid_observed_phase_at_origin,BASE,calibration,1,14,spectral_core,local_partition_rf,1,0.89,0,0.5
911,2018-10,2018-06,4,1,True,1.0,master,valid_observed_phase_at_origin,BASE,calibration,1,14,spectral_core,local_partition_rf,1,0.88,0,0.46
912,2018-10,2018-06,4,0,True,0.0,master,valid_observed_phase_at_origin,BASE,calibration,1,14,spectral_core,local_partition_rf,0,0.12,0,0.09
913,2018-10,2018-06,4,0,True,0.0,master,valid_observed_phase_at_origin,BASE,calibration,1,14,spectral_core,local_partition_rf,0,0.05,0,0.11
914,2018-10,2018-06,4,1,True,1.0,master,valid_observed_phase_at_origin,BASE,calibration,1,14,spectral_core,local_partition_rf,1,0.98,1,0.53
915,2018-10,2018-06,4,1,True,1.0,master,valid_observed_phase_at_origin,BASE,calibration,1,14,spectral_core,local_partition_rf,1,0.81,0,0.44
916,2018-10,2018-06,4,0,True,0.0,master,valid_observed_phase_at_origin,BASE,calibration,1,14,spectral_core,local_partition_rf,0,0.08,0,0.07
917,2018-10,2018-06,4,1,True,1.0,master,valid_observed_phase_at_origin,BASE,calibration,1,14,spectral_core,local_partition_rf,1,0.97,1,0.65
918,2018-10,2018-06,4,0,True,0.0,master,valid_observed_phase_at_origin,BASE,calibration,1,14,spectral_core,local_partition_rf,0,0.41,0,0.29
919,2018-10,2018-06,4,0,True,0.0,master,valid_observed_phase_at_origin,BASE,calibration,1,10,spectral_core,pooled_partition_below_support_gate,0,0.16,0,0.16
920,2018-10,2018-06,4,0,True,0.0,master,valid_observed_phase_at_origin,BASE,calibration,1,14,spectral_core,local_partition_rf,1,0.52,0,0.3
921,2018-10,2018-06,4,0,True,0.0,master,valid_observed_phase_at_origin,BASE,calibration,1,14,spectral_core,local_partition_rf,1,0.61,1,0.52
922,2018-10,2018-06,4,0,True,0.0,master,valid_observed_phase_at_origin,BASE,calibration,1,14,spectral_core,local_partition_rf,0,0.38,0,0.27
923,2018-10,2018-06,4,0,True,0.0,master,valid_observed_phase_at_origin,BASE,calibration,1,6,spectral_core,pooled_partition_below_support_gate,0,0.09,0,0.09
924,2018-10,2018-06,4,0,True,0.0,master,valid_observed_phase_at_origin,BASE,calibration,1,14,spectral_core,local_partition_rf,0,0.44,0,0.26
925,2018-10,2018-06,4,0,True,0.0,master,valid_observed_phase_at_origin,BASE,calibration,1,14,spectral_core,local_partition_rf,0,0.41,0,0.15
926,2018-10,2018-06,4,1,True,1.0,master,valid_observed_phase_at_origin,BASE,calibration,1,14,spectral_core,local_partition_rf,1,0.96,1,0.69
927,2018-10,2018-06,4,0,True,0.0,master,valid_observed_phase_at_origin,BASE,calibration,1,14,spectral_core,local_partition_rf,0,0.38,0,0.26
928,2018-10,2018-06,4,0,True,1.0,master,valid_observed_phase_at_origin,BASE,calibration,1,14,spectral_core,local_partition_rf,1,0.63,0,0.4
929,2018-10,2018-06,4,0,True,1.0,master,valid_observed_phase_at_origin,BASE,calibration,1,14,spectral_core,local_partition_rf,1,0.57,0,0.29
930,2018-10,2018-06,4,0,True,0.0,master,valid_observed_phase_at_origin,BASE,calibration,1,6,spectral_core,pooled_partition_below_support_gate,0,0.02,0,0.02
931,2018-10,2018-06,4,0,True,0.0,master,valid_observed_phase_at_origin,BASE,calibration,1,6,spectral_core,pooled_partition_below_support_gate,0,0.05,0,0.05
932,2018-10,2018-06,4,0,True,0.0,master,valid_observed_phase_at_origin,BASE,calibration,1,6,spectral_core,pooled_partition_below_support_gate,0,0.05,0,0.05
933,2018-10,2018-06,4,0,True,0.0,master,valid_observed_phase_at_origin,BASE,calibration,1,6,spectral_core,pooled_partition_below_support_gate,0,0.0,0,0.0
934,2018-10,2018-06,4,0,True,0.0,master,valid_observed_phase_at_origin,BASE,calibration,1,6,spectral_core,pooled_partition_below_support_gate,0,0.04,0,0.04
935,2018-10,2018-06,4,0,True,0.0,master,valid_observed_phase_at_origin,BASE,calibration,1,6,spectral_core,pooled_partition_below_support_gate,0,0.03,0,0.03
936,2018-10,2018-06,4,0,True,0.0,master,valid_observed_phase_at_origin,BASE,calibration,1,6,spectral_core,pooled_partition_below_support_gate,0,0.02,0,0.02
937,2018-10,2018-06,4,0,True,0.0,master,valid_observed_phase_at_origin,BASE,calibration,1,6,spectral_core,pooled_partition_below_support_gate,0,0.08,0,0.08
938,2018-10,2018-06,4,0,True,0.0,master,valid_observed_phase_at_origin,BASE,calibration,1,6,spectral_core,pooled_partition_below_support_gate,0,0.03,0,0.03
939,2018-10,2018-06,4,0,True,0.0,master,valid_observed_phase_at_origin,BASE,calibration,1,6,spectral_core,pooled_partition_below_support_gate,0,0.07,0,0.07
940,2018-10,2018-06,4,0,True,0.0,master,valid_observed_phase_at_origin,BASE,calibration,1,6,spectral_core,pooled_partition_below_support_gate,0,0.05,0,0.05
941,2018-10,2018-06,4,0,True,0.0,master,valid_observed_phase_at_origin,BASE,calibration,1,6,spectral_core,pooled_partition_below_support_gate,0,0.08,0,0.08
942,2018-10,2018-06,4,0,True,0.0,master,valid_observed_phase_at_origin,BASE,calibration,1,6,spectral_core,pooled_partition_below_support_gate,0,0.02,0,0.02
943,2018-10,2018-06,4,0,True,0.0,master,valid_observed_phase_at_origin,BASE,calibration,1,6,spectral_core,pooled_partition_below_support_gate,0,0.05,0,0.05
944,2018-10,2018-06,4,0,True,0.0,master,valid_observed_phase_at_origin,BASE,calibration,1,6,spectral_core,pooled_partition_below_support_gate,0,0.02,0,0.02
945,2018-10,2018-06,4,0,True,0.0,master,valid_observed_phase_at_origin,BASE,calibration,1,6,spectral_core,pooled_partition_below_support_gate,0,0.03,0,0.03
946,2018-10,2018-06,4,0,True,0.0,master,valid_observed_phase_at_origin,BASE,calibration,1,6,spectral_core,pooled_partition_below_support_gate,0,0.01,0,0.01
947,2018-10,2018-06,4,0,True,0.0,master,valid_observed_phase_at_origin,BASE,calibration,1,6,spectral_core,pooled_partition_below_support_gate,0,0.01,0,0.01
948,2018-10,2018-06,4,0,True,0.0,master,valid_observed_phase_at_origin,BASE,calibration,1,6,spectral_core,pooled_partition_below_support_gate,0,0.06,0,0.06
949,2018-10,2018-06,4,0,True,0.0,master,valid_observed_phase_at_origin,BASE,calibration,1,6,spectral_core,pooled_partition_below_support_gate,0,0.06,0,0.06
950,2018-10,2018-06,4,0,True,0.0,master,valid_observed_phase_at_origin,BASE,calibration,1,6,spectral_core,pooled_partition_below_support_gate,0,0.04,0,0.04
951,2018-10,2018-06,4,0,True,0.0,master,valid_observed_phase_at_origin,BASE,calibration,1,6,spectral_core,pooled_partition_below_support_gate,0,0.04,0,0.04
952,2018-10,2018-06,4,0,True,0.0,master,valid_observed_phase_at_origin,BASE,calibration,1,6,spectral_core,pooled_partition_below_support_gate,0,0.09,0,0.09
953,2018-10,2018-06,4,0,True,0.0,master,valid_observed_phase_at_origin,BASE,calibration,1,6,spectral_core,pooled_partition_below_support_gate,0,0.05,0,0.05
954,2018-10,2018-06,4,0,True,0.0,master,valid_observed_phase_at_origin,BASE,calibration,1,6,spectral_core,pooled_partition_below_support_gate,0,0.06,0,0.06
955,2018-10,2018-06,4,0,True,0.0,master,valid_observed_phase_at_origin,BASE,calibration,1,6,spectral_core,pooled_partition_below_support_gate,0,0.06,0,0.06
956,2018-10,2018-06,4,0,True,0.0,master,valid_observed_phase_at_origin,BASE,calibration,1,6,spectral_core,pooled_partition_below_support_gate,0,0.03,0,0.03
957,2018-10,2018-06,4,0,True,0.0,master,valid_observed_phase_at_origin,BASE,calibration,1,6,spectral_core,pooled_partition_below_support_gate,0,0.04,0,0.04
958,2018-10,2018-06,4,0,True,0.0,master,valid_observed_phase_at_origin,BASE,calibration,1,6,spectral_core,pooled_partition_below_support_gate,0,0.0,0,0.0
959,2018-10,2018-06,4,0,True,0.0,master,valid_observed_phase_at_origin,BASE,calibration,1,6,spectral_core,pooled_partition_below_support_gate,0,0.0,0,0.0
960,2018-10,2018-06,4,0,True,0.0,master,valid_observed_phase_at_origin,BASE,calibration,1,6,spectral_core,pooled_partition_below_support_gate,0,0.02,0,0.02
961,2018-10,2018-06,4,0,True,0.0,master,valid_observed_phase_at_origin,BASE,calibration,1,6,spectral_core,pooled_partition_below_support_gate,0,0.04,0,0.04
962,2018-10,2018-06,4,0,True,0.0,master,valid_observed_phase_at_origin,BASE,calibration,1,6,spectral_core,pooled_partition_below_support_gate,0,0.01,0,0.01
963,2018-10,2018-06,4,0,True,0.0,master,valid_observed_phase_at_origin,BASE,calibration,1,6,spectral_core,pooled_partition_below_support_gate,0,0.06,0,0.06
964,2018-10,2018-06,4,0,True,0.0,master,valid_observed_phase_at_origin,BASE,calibration,1,6,spectral_core,pooled_partition_below_support_gate,0,0.05,0,0.05
965,2018-10,2018-06,4,0,True,0.0,master,valid_observed_phase_at_origin,BASE,calibration,1,6,spectral_core,pooled_partition_below_support_gate,0,0.1,0,0.1
966,2018-10,2018-06,4,0,True,0.0,master,valid_observed_phase_at_origin,BASE,calibration,1,6,spectral_core,pooled_partition_below_support_gate,0,0.1,0,0.1
967,2018-10,2018-06,4,0,True,0.0,master,valid_observed_phase_at_origin,BASE,calibration,1,6,spectral_core,pooled_partition_below_support_gate,0,0.04,0,0.04
968,2018-10,2018-06,4,0,True,0.0,master,valid_observed_phase_at_origin,BASE,calibration,1,6,spectral_core,pooled_partition_below_support_gate,0,0.06,0,0.06
969,2018-10,2018-06,4,0,True,0.0,master,valid_observed_phase_at_origin,BASE,calibration,1,6,spectral_core,pooled_partition_below_support_gate,0,0.01,0,0.01
970,2018-10,2018-06,4,0,True,0.0,master,valid_observed_phase_at_origin,BASE,calibration,1,6,spectral_core,pooled_partition_below_support_gate,0,0.05,0,0.05
971,2018-10,2018-06,4,0,True,0.0,master,valid_observed_phase_at_origin,BASE,calibration,1,6,spectral_core,pooled_partition_below_support_gate,0,0.06,0,0.06
972,2018-10,2018-06,4,0,True,0.0,master,valid_observed_phase_at_origin,BASE,calibration,1,6,spectral_core,pooled_partition_below_support_gate,0,0.04,0,0.04
973,2018-10,2018-06,4,0,True,0.0,master,valid_observed_phase_at_origin,BASE,calibration,1,6,spectral_core,pooled_partition_below_support_gate,0,0.05,0,0.05
974,2018-10,2018-06,4,0,True,0.0,master,valid_observed_phase_at_origin,BASE,calibration,1,6,spectral_core,pooled_partition_below_support_gate,0,0.06,0,0.06
975,2018-10,2018-06,4,0,True,0.0,master,valid_observed_phase_at_origin,BASE,calibration,1,6,spectral_core,pooled_partition_below_support_gate,0,0.05,0,0.05
976,2018-10,2018-06,4,0,True,0.0,master,valid_observed_phase_at_origin,BASE,calibration,1,6,spectral_core,pooled_partition_below_support_gate,0,0.01,0,0.01
977,2018-10,2018-06,4,0,True,0.0,master,valid_observed_phase_at_origin,BASE,calibration,1,6,spectral_core,pooled_partition_below_support_gate,0,0.04,0,0.04
978,2018-10,2018-06,4,0,True,0.0,master,valid_observed_phase_at_origin,BASE,calibration,1,6,spectral_core,pooled_partition_below_support_gate,0,0.08,0,0.08
979,2018-10,2018-06,4,0,True,0.0,master,valid_observed_phase_at_origin,BASE,calibration,1,6,spectral_core,pooled_partition_below_support_gate,0,0.06,0,0.06
980,2018-10,2018-06,4,0,True,0.0,master,valid_observed_phase_at_origin,BASE,calibration,1,14,spectral_core,local_partition_rf,0,0.47,0,0.28
981,2018-10,2018-06,4,0,True,0.0,master,valid_observed_phase_at_origin,BASE,calibration,1,6,spectral_core,pooled_partition_below_support_gate,0,0.04,0,0.04
982,2018-10,2018-06,4,0,True,0.0,master,valid_observed_phase_at_origin,BASE,calibration,1,6,spectral_core,pooled_partition_below_support_gate,0,0.07,0,0.07
983,2018-10,2018-06,4,0,True,0.0,master,valid_observed_phase_at_origin,BASE,calibration,1,6,spectral_core,pooled_partition_below_support_gate,0,0.08,0,0.08
984,2018-10,2018-06,4,0,True,0.0,master,valid_observed_phase_at_origin,BASE,calibration,1,6,spectral_core,pooled_partition_below_support_gate,0,0.06,0,0.06
985,2018-10,2018-06,4,0,True,0.0,master,valid_observed_phase_at_origin,BASE,calibration,1,6,spectral_core,pooled_partition_below_support_gate,0,0.03,0,0.03
986,2018-10,2018-06,4,0,True,0.0,master,valid_observed_phase_at_origin,BASE,calibration,1,6,spectral_core,pooled_partition_below_support_gate,0,0.05,0,0.05
987,2018-10,2018-06,4,0,True,0.0,master,valid_observed_phase_at_origin,BASE,calibration,1,6,spectral_core,pooled_partition_below_support_gate,0,0.02,0,0.02
988,2018-10,2018-06,4,0,True,0.0,master,valid_observed_phase_at_origin,BASE,calibration,1,6,spectral_core,pooled_partition_below_support_gate,0,0.02,0,0.02
989,2018-10,2018-06,4,0,True,0.0,master,valid_observed_phase_at_origin,BASE,calibration,1,6,spectral_core,pooled_partition_below_support_gate,0,0.02,0,0.02
990,2018-10,2018-06,4,0,True,0.0,master,valid_observed_phase_at_origin,BASE,calibration,1,6,spectral_core,pooled_partition_below_support_gate,0,0.03,0,0.03
991,2018-10,2018-06,4,0,True,0.0,master,valid_observed_phase_at_origin,BASE,calibration,1,6,spectral_core,pooled_partition_below_support_gate,0,0.05,0,0.05
992,2018-10,2018-06,4,0,True,0.0,master,valid_observed_phase_at_origin,BASE,calibration,1,6,spectral_core,pooled_partition_below_support_gate,0,0.02,0,0.02
993,2018-10,2018-06,4,0,True,0.0,master,valid_observed_phase_at_origin,BASE,calibration,1,6,spectral_core,pooled_partition_below_support_gate,0,0.04,0,0.04
994,2018-10,2018-06,4,0,True,0.0,master,valid_observed_phase_at_origin,BASE,calibration,1,6,spectral_core,pooled_partition_below_support_gate,0,0.04,0,0.04
995,2018-10,2018-06,4,0,True,0.0,master,valid_observed_phase_at_origin,BASE,calibration,1,6,spectral_core,pooled_partition_below_support_gate,0,0.04,0,0.04
996,2018-10,2018-06,4,0,True,0.0,master,valid_observed_phase_at_origin,BASE,calibration,1,6,spectral_core,pooled_partition_below_support_gate,0,0.09,0,0.09
997,2018-10,2018-06,4,0,True,0.0,master,valid_observed_phase_at_origin,BASE,calibration,1,6,spectral_core,pooled_partition_below_support_gate,0,0.02,0,0.02
998,2018-10,2018-06,4,0,True,0.0,master,valid_observed_phase_at_origin,BASE,calibration,1,6,spectral_core,pooled_partition_below_support_gate,0,0.08,0,0.08
999,2018-10,2018-06,4,0,True,0.0,master,valid_observed_phase_at_origin,BASE,calibration,1,6,spectral_core,pooled_partition_below_support_gate,0,0.01,0,0.01
1000,2018-10,2018-06,4,0,True,0.0,master,valid_observed_phase_at_origin,BASE,calibration,1,6,spectral_core,pooled_partition_below_support_gate,0,0.06,0,0.06
1001,2018-10,2018-06,4,0,True,0.0,master,valid_observed_phase_at_origin,BASE,calibration,1,6,spectral_core,pooled_partition_below_support_gate,0,0.02,0,0.02
1002,2018-10,2018-06,4,0,True,0.0,master,valid_observed_phase_at_origin,BASE,calibration,1,6,spectral_core,pooled_partition_below_support_gate,0,0.03,0,0.03
1003,2018-10,2018-06,4,0,True,0.0,master,valid_observed_phase_at_origin,BASE,calibration,1,6,spectral_core,pooled_partition_below_support_gate,0,0.03,0,0.03
1004,2018-10,2018-06,4,0,True,0.0,master,valid_observed_phase_at_origin,BASE,calibration,1,6,spectral_core,pooled_partition_below_support_gate,0,0.04,0,0.04
1005,2018-10,2018-06,4,0,True,0.0,master,valid_observed_phase_at_origin,BASE,calibration,1,6,spectral_core,pooled_partition_below_support_gate,0,0.03,0,0.03
1006,2018-10,2018-06,4,0,True,0.0,master,valid_observed_phase_at_origin,BASE,calibration,1,6,spectral_core,pooled_partition_below_support_gate,0,0.04,0,0.04
1007,2018-10,2018-06,4,0,True,0.0,master,valid_observed_phase_at_origin,BASE,calibration,1,6,spectral_core,pooled_partition_below_support_gate,0,0.06,0,0.06
1008,2018-10,2018-06,4,0,True,0.0,master,valid_observed_phase_at_origin,BASE,calibration,1,6,spectral_core,pooled_partition_below_support_gate,0,0.03,0,0.03
1009,2018-10,2018-06,4,0,True,0.0,master,valid_observed_phase_at_origin,BASE,calibration,1,6,spectral_core,pooled_partition_below_support_gate,0,0.04,0,0.04
1010,2018-10,2018-06,4,0,True,0.0,master,valid_observed_phase_at_origin,BASE,calibration,1,6,spectral_core,pooled_partition_below_support_gate,0,0.04,0,0.04
1011,2018-10,2018-06,4,0,True,0.0,master,valid_observed_phase_at_origin,BASE,calibration,1,6,spectral_core,pooled_partition_below_support_gate,0,0.03,0,0.03
1012,2018-10,2018-06,4,0,True,0.0,master,valid_observed_phase_at_origin,BASE,calibration,1,6,spectral_core,pooled_partition_below_support_gate,0,0.03,0,0.03
1013,2018-10,2018-06,4,0,True,0.0,master,valid_observed_phase_at_origin,BASE,calibration,1,6,spectral_core,pooled_partition_below_support_gate,0,0.02,0,0.02
1014,2018-10,2018-06,4,0,True,0.0,master,valid_observed_phase_at_origin,BASE,calibration,1,6,spectral_core,pooled_partition_below_support_gate,0,0.03,0,0.03
1015,2018-10,2018-06,4,0,True,0.0,master,valid_observed_phase_at_origin,BASE,calibration,1,6,spectral_core,pooled_partition_below_support_gate,0,0.01,0,0.01
1112,2018-10,2018-06,4,1,True,0.0,master,valid_observed_phase_at_origin,BASE,calibration,1,0,spectral_core,local_partition_rf,0,0.3,0,0.21
1113,2018-10,2018-06,4,1,True,0.0,master,valid_observed_phase_at_origin,BASE,calibration,1,0,spectral_core,local_partition_rf,0,0.28,0,0.25
1114,2018-10,2018-06,4,0,True,0.0,master,valid_observed_phase_at_origin,BASE,calibration,1,0,spectral_core,local_partition_rf,0,0.03,0,0.08
1115,2018-10,2018-06,4,0,True,0.0,master,valid_observed_phase_at_origin,BASE,calibration,1,12,spectral_core,local_partition_rf,0,0.27,0,0.24
1116,2018-10,2018-06,4,0,True,0.0,master,valid_observed_phase_at_origin,BASE,calibration,1,12,spectral_core,local_partition_rf,1,0.52,0,0.45
1117,2018-10,2018-06,4,0,True,0.0,master,valid_observed_phase_at_origin,BASE,calibration,1,3,spectral_core,local_partition_rf,0,0.15,0,0.09
1118,2018-10,2018-06,4,0,True,0.0,master,valid_observed_phase_at_origin,BASE,calibration,1,0,spectral_core,local_partition_rf,0,0.03,0,0.05
1119,2018-10,2018-06,4,0,True,0.0,master,valid_observed_phase_at_origin,BASE,calibration,1,3,spectral_core,local_partition_rf,0,0.03,0,0.04
1120,2018-10,2018-06,4,0,True,0.0,master,valid_observed_phase_at_origin,BASE,calibration,1,3,spectral_core,local_partition_rf,0,0.17,0,0.16
1121,2018-10,2018-06,4,0,True,0.0,master,valid_observed_phase_at_origin,BASE,calibration,1,0,spectral_core,local_partition_rf,0,0.35,0,0.38
1122,2018-10,2018-06,4,0,True,0.0,master,valid_observed_phase_at_origin,BASE,calibration,1,0,spectral_core,local_partition_rf,0,0.34,0,0.25
1123,2018-10,2018-06,4,0,True,0.0,master,valid_observed_phase_at_origin,BASE,calibration,1,3,spectral_core,local_partition_rf,0,0.2,0,0.16
1124,2018-10,2018-06,4,0,True,0.0,master,valid_observed_phase_at_origin,BASE,calibration,1,0,spectral_core,local_partition_rf,0,0.19,0,0.19
1125,2018-10,2018-06,4,0,True,0.0,master,valid_observed_phase_at_origin,BASE,calibration,1,0,spectral_core,local_partition_rf,0,0.03,0,0.12
1126,2018-10,2018-06,4,0,True,0.0,master,valid_observed_phase_at_origin,BASE,calibration,1,3,spectral_core,local_partition_rf,0,0.08,0,0.08
1127,2018-10,2018-06,4,0,True,0.0,master,valid_observed_phase_at_origin,BASE,calibration,1,12,spectral_core,local_partition_rf,0,0.21,0,0.19
1128,2018-10,2018-06,4,0,True,0.0,master,valid_observed_phase_at_origin,BASE,calibration,1,0,spectral_core,local_partition_rf,0,0.0,0,0.1
1129,2018-10,2018-06,4,0,True,0.0,master,valid_observed_phase_at_origin,BASE,calibration,1,3,spectral_core,local_partition_rf,0,0.18,0,0.15
1130,2018-10,2018-06,4,0,True,0.0,master,valid_observed_phase_at_origin,BASE,calibration,1,3,spectral_core,local_partition_rf,0,0.26,0,0.25
1131,2018-10,2018-06,4,0,True,1.0,master,valid_observed_phase_at_origin,BASE,calibration,1,12,spectral_core,local_partition_rf,0,0.49,0,0.43
1132,2018-10,2018-06,4,0,True,0.0,master,valid_observed_phase_at_origin,BASE,calibration,1,3,spectral_core,local_partition_rf,0,0.32,0,0.25
1133,2018-10,2018-06,4,0,True,0.0,master,valid_observed_phase_at_origin,BASE,calibration,1,3,spectral_core,local_partition_rf,0,0.28,0,0.23
1134,2018-10,2018-06,4,0,True,0.0,master,valid_observed_phase_at_origin,BASE,calibration,1,3,spectral_core,local_partition_rf,0,0.38,0,0.29
1135,2018-10,2018-06,4,0,True,0.0,master,valid_observed_phase_at_origin,BASE,calibration,1,0,spectral_core,local_partition_rf,0,0.28,0,0.27
1136,2018-10,2018-06,4,0,True,0.0,master,valid_observed_phase_at_origin,BASE,calibration,1,0,spectral_core,local_partition_rf,0,0.01,0,0.12
1137,2018-10,2018-06,4,0,True,0.0,master,valid_observed_phase_at_origin,BASE,calibration,1,0,spectral_core,local_partition_rf,0,0.05,0,0.09
1138,2018-10,2018-06,4,0,True,0.0,master,valid_observed_phase_at_origin,BASE,calibration,1,3,spectral_core,local_partition_rf,0,0.13,0,0.14
1139,2018-10,2018-06,4,0,True,0.0,master,valid_observed_phase_at_origin,BASE,calibration,1,12,spectral_core,local_partition_rf,0,0.37,0,0.23
1140,2018-10,2018-06,4,0,True,0.0,master,valid_observed_phase_at_origin,BASE,calibration,1,0,spectral_core,local_partition_rf,0,0.11,0,0.16
1141,2018-10,2018-06,4,0,True,0.0,master,valid_observed_phase_at_origin,BASE,calibration,1,0,spectral_core,local_partition_rf,0,0.07,0,0.13
1142,2018-10,2018-06,4,0,True,0.0,master,valid_observed_phase_at_origin,BASE,calibration,1,0,spectral_core,local_partition_rf,0,0.12,0,0.14
1143,2018-10,2018-06,4,0,True,0.0,master,valid_observed_phase_at_origin,BASE,calibration,1,0,spectral_core,local_partition_rf,0,0.22,0,0.19
1144,2018-10,2018-06,4,0,True,0.0,master,valid_observed_phase_at_origin,BASE,calibration,1,0,spectral_core,local_partition_rf,0,0.26,0,0.19
1145,2018-10,2018-06,4,0,True,0.0,master,valid_observed_phase_at_origin,BASE,calibration,1,0,spectral_core,local_partition_rf,0,0.11,0,0.19
1146,2018-10,2018-06,4,0,True,0.0,master,valid_observed_phase_at_origin,BASE,calibration,1,3,spectral_core,local_partition_rf,0,0.14,0,0.11
1147,2018-10,2018-06,4,0,True,0.0,master,valid_observed_phase_at_origin,BASE,calibration,1,0,spectral_core,local_partition_rf,0,0.05,0,0.18
1148,2018-10,2018-06,4,0,True,0.0,master,valid_observed_phase_at_origin,BASE,calibration,1,3,spectral_core,local_partition_rf,0,0.03,0,0.02
1149,2018-10,2018-06,4,0,True,0.0,master,valid_observed_phase_at_origin,BASE,calibration,1,3,spectral_core,local_partition_rf,0,0.04,0,0.08
1150,2018-10,2018-06,4,0,True,0.0,master,valid_observed_phase_at_origin,BASE,calibration,1,3,spectral_core,local_partition_rf,0,0.05,0,0.05
1151,2018-10,2018-06,4,0,True,0.0,master,valid_observed_phase_at_origin,BASE,calibration,1,0,spectral_core,local_partition_rf,0,0.14,0,0.12
1152,2018-10,2018-06,4,0,True,0.0,master,valid_observed_phase_at_origin,BASE,calibration,1,0,spectral_core,local_partition_rf,0,0.12,0,0.1
1153,2018-10,2018-06,4,0,True,0.0,master,valid_observed_phase_at_origin,BASE,calibration,1,0,spectral_core,local_partition_rf,0,0.33,0,0.31
1154,2018-10,2018-06,4,0,True,0.0,master,valid_observed_phase_at_origin,BASE,calibration,1,0,spectral_core,local_partition_rf,1,0.53,0,0.38
1155,2018-10,2018-06,4,1,True,0.0,master,valid_observed_phase_at_origin,BASE,calibration,1,0,spectral_core,local_partition_rf,0,0.29,0,0.23
1156,2018-10,2018-06,4,0,True,0.0,master,valid_observed_phase_at_origin,BASE,calibration,1,3,spectral_core,local_partition_rf,0,0.2,0,0.2
1157,2018-10,2018-06,4,0,True,0.0,master,valid_observed_phase_at_origin,BASE,calibration,1,3,spectral_core,local_partition_rf,0,0.04,0,0.07
1158,2018-10,2018-06,4,0,True,0.0,master,valid_observed_phase_at_origin,BASE,calibration,1,3,spectral_core,local_partition_rf,0,0.03,0,0.05
1159,2018-10,2018-06,4,0,True,0.0,master,valid_observed_phase_at_origin,BASE,calibration,1,0,spectral_core,local_partition_rf,0,0.21,0,0.25
1160,2018-10,2018-06,4,0,True,0.0,master,valid_observed_phase_at_origin,BASE,calibration,1,0,spectral_core,local_partition_rf,0,0.17,0,0.14
1161,2018-10,2018-06,4,0,True,0.0,master,valid_observed_phase_at_origin,BASE,calibration,1,0,spectral_core,local_partition_rf,0,0.22,0,0.25
1162,2018-10,2018-06,4,0,True,0.0,master,valid_observed_phase_at_origin,BASE,calibration,1,3,spectral_core,local_partition_rf,0,0.13,0,0.14
1163,2018-10,2018-06,4,0,True,0.0,master,valid_observed_phase_at_origin,BASE,calibration,1,3,spectral_core,local_partition_rf,0,0.13,0,0.12
1164,2018-10,2018-06,4,0,True,0.0,master,valid_observed_phase_at_origin,BASE,calibration,1,3,spectral_core,local_partition_rf,0,0.03,0,0.01
1165,2018-10,2018-06,4,0,True,0.0,master,valid_observed_phase_at_origin,BASE,calibration,1,0,spectral_core,local_partition_rf,0,0.27,0,0.2
1166,2018-10,2018-06,4,0,True,0.0,master,valid_observed_phase_at_origin,BASE,calibration,1,0,spectral_core,local_partition_rf,0,0.1,0,0.21
1167,2018-10,2018-06,4,0,True,0.0,master,valid_observed_phase_at_origin,BASE,calibration,1,3,spectral_core,local_partition_rf,0,0.02,0,0.04
1168,2018-10,2018-06,4,0,True,0.0,master,valid_observed_phase_at_origin,BASE,calibration,1,0,spectral_core,local_partition_rf,0,0.02,0,0.09
1169,2018-10,2018-06,4,0,True,0.0,master,valid_observed_phase_at_origin,BASE,calibration,1,0,spectral_core,local_partition_rf,0,0.0,0,0.1
1170,2018-10,2018-06,4,0,True,0.0,master,valid_observed_phase_at_origin,BASE,calibration,1,3,spectral_core,local_partition_rf,0,0.03,0,0.02
1171,2018-10,2018-06,4,0,True,0.0,master,valid_observed_phase_at_origin,BASE,calibration,1,3,spectral_core,local_partition_rf,0,0.07,0,0.03
1172,2018-10,2018-06,4,0,True,0.0,master,valid_observed_phase_at_origin,BASE,calibration,1,3,spectral_core,local_partition_rf,0,0.09,0,0.03
1173,2018-10,2018-06,4,0,True,0.0,master,valid_observed_phase_at_origin,BASE,calibration,1,0,spectral_core,local_partition_rf,0,0.02,0,0.08
1174,2018-10,2018-06,4,0,True,0.0,master,valid_observed_phase_at_origin,BASE,calibration,1,3,spectral_core,local_partition_rf,0,0.01,0,0.02
1175,2018-10,2018-06,4,0,True,0.0,master,valid_observed_phase_at_origin,BASE,calibration,1,3,spectral_core,local_partition_rf,0,0.14,0,0.1
1176,2018-10,2018-06,4,0,True,0.0,master,valid_observed_phase_at_origin,BASE,calibration,1,3,spectral_core,local_partition_rf,0,0.09,0,0.1
1177,2018-10,2018-06,4,0,True,0.0,master,valid_observed_phase_at_origin,BASE,calibration,1,3,spectral_core,local_partition_rf,0,0.04,0,0.02
1178,2018-10,2018-06,4,0,True,0.0,master,valid_observed_phase_at_origin,BASE,calibration,1,0,spectral_core,local_partition_rf,0,0.15,0,0.2
1179,2018-10,2018-06,4,0,True,0.0,master,valid_observed_phase_at_origin,BASE,calibration,1,3,spectral_core,local_partition_rf,0,0.11,0,0.09
1180,2018-10,2018-06,4,0,True,0.0,master,valid_observed_phase_at_origin,BASE,calibration,1,3,spectral_core,local_partition_rf,0,0.09,0,0.09
1181,2018-10,2018-06,4,0,True,0.0,master,valid_observed_phase_at_origin,BASE,calibration,1,3,spectral_core,local_partition_rf,0,0.13,0,0.09
1182,2018-10,2018-06,4,0,True,0.0,master,valid_observed_phase_at_origin,BASE,calibration,1,3,spectral_core,local_partition_rf,0,0.18,0,0.19
1183,2018-10,2018-06,4,0,True,0.0,master,valid_observed_phase_at_origin,BASE,calibration,1,0,spectral_core,local_partition_rf,0,0.45,0,0.24
1184,2018-10,2018-06,4,0,True,0.0,master,valid_observed_phase_at_origin,BASE,calibration,1,3,spectral_core,local_partition_rf,0,0.26,0,0.25
1185,2018-10,2018-06,4,0,True,0.0,master,valid_observed_phase_at_origin,BASE,calibration,1,12,spectral_core,local_partition_rf,0,0.28,0,0.26
1186,2018-10,2018-06,4,0,True,0.0,master,valid_observed_phase_at_origin,BASE,calibration,1,0,spectral_core,local_partition_rf,0,0.03,0,0.03
1187,2018-10,2018-06,4,0,True,0.0,master,valid_observed_phase_at_origin,BASE,calibration,1,3,spectral_core,local_partition_rf,0,0.16,0,0.11
1188,2018-10,2018-06,4,0,True,0.0,master,valid_observed_phase_at_origin,BASE,calibration,1,3,spectral_core,local_partition_rf,0,0.03,0,0.0
1189,2018-10,2018-06,4,1,True,0.0,master,valid_observed_phase_at_origin,BASE,calibration,1,0,spectral_core,local_partition_rf,0,0.24,0,0.19
1190,2018-10,2018-06,4,0,True,0.0,master,valid_observed_phase_at_origin,BASE,calibration,1,3,spectral_core,local_partition_rf,0,0.01,0,0.03
1191,2018-10,2018-06,4,0,True,0.0,master,valid_observed_phase_at_origin,BASE,calibration,1,0,spectral_core,local_partition_rf,0,0.0,0,0.11
1192,2018-10,2018-06,4,0,True,0.0,master,valid_observed_phase_at_origin,BASE,calibration,1,3,spectral_core,local_partition_rf,0,0.03,0,0.03
1193,2018-10,2018-06,4,0,True,0.0,master,valid_observed_phase_at_origin,BASE,calibration,1,3,spectral_core,local_partition_rf,0,0.03,0,0.02
1194,2018-10,2018-06,4,0,True,0.0,master,valid_observed_phase_at_origin,BASE,calibration,1,0,spectral_core,local_partition_rf,0,0.03,0,0.12
1195,2018-10,2018-06,4,0,True,0.0,master,valid_observed_phase_at_origin,BASE,calibration,1,0,spectral_core,local_partition_rf,0,0.19,0,0.2
1196,2018-10,2018-06,4,0,True,0.0,master,valid_observed_phase_at_origin,BASE,calibration,1,0,spectral_core,local_partition_rf,0,0.01,0,0.03
1197,2018-10,2018-06,4,0,True,0.0,master,valid_observed_phase_at_origin,BASE,calibration,1,0,spectral_core,local_partition_rf,0,0.12,0,0.17
1198,2018-10,2018-06,4,0,True,0.0,master,valid_observed_phase_at_origin,BASE,calibration,1,0,spectral_core,local_partition_rf,0,0.08,0,0.19
1199,2018-10,2018-06,4,0,True,0.0,master,valid_observed_phase_at_origin,BASE,calibration,1,3,spectral_core,local_partition_rf,0,0.11,0,0.09
1200,2018-10,2018-06,4,1,True,0.0,master,valid_observed_phase_at_origin,BASE,calibration,1,12,spectral_core,local_partition_rf,0,0.25,0,0.31
1201,2018-10,2018-06,4,0,True,0.0,master,valid_observed_phase_at_origin,BASE,calibration,1,3,spectral_core,local_partition_rf,0,0.25,0,0.2
1202,2018-10,2018-06,4,0,True,0.0,master,valid_observed_phase_at_origin,BASE,calibration,1,3,spectral_core,local_partition_rf,0,0.26,0,0.13
1203,2018-10,2018-06,4,0,True,0.0,master,valid_observed_phase_at_origin,BASE,calibration,1,3,spectral_core,local_partition_rf,0,0.04,0,0.01
1204,2018-10,2018-06,4,0,True,0.0,master,valid_observed_phase_at_origin,BASE,calibration,1,3,spectral_core,local_partition_rf,0,0.03,0,0.03
1205,2018-10,2018-06,4,1,True,1.0,master,valid_observed_phase_at_origin,BASE,calibration,1,3,spectral_core,local_partition_rf,0,0.08,0,0.09
1206,2018-10,2018-06,4,0,True,0.0,master,valid_observed_phase_at_origin,BASE,calibration,1,0,spectral_core,local_partition_rf,0,0.29,0,0.16
1207,2018-10,2018-06,4,0,True,0.0,master,valid_observed_phase_at_origin,BASE,calibration,1,0,spectral_core,local_partition_rf,0,0.3,0,0.29
1208,2018-10,2018-06,4,0,True,0.0,master,valid_observed_phase_at_origin,BASE,calibration,1,3,spectral_core,local_partition_rf,0,0.03,0,0.03
1209,2018-10,2018-06,4,0,True,0.0,master,valid_observed_phase_at_origin,BASE,calibration,1,3,spectral_core,local_partition_rf,0,0.22,0,0.21
1210,2018-10,2018-06,4,0,True,0.0,master,valid_observed_phase_at_origin,BASE,calibration,1,3,spectral_core,local_partition_rf,0,0.33,0,0.18
1211,2018-10,2018-06,4,0,True,0.0,master,valid_observed_phase_at_origin,BASE,calibration,1,0,spectral_core,local_partition_rf,0,0.16,0,0.22
1212,2018-10,2018-06,4,0,True,0.0,master,valid_observed_phase_at_origin,BASE,calibration,1,0,spectral_core,local_partition_rf,0,0.34,0,0.3
1213,2018-10,2018-06,4,0,True,0.0,master,valid_observed_phase_at_origin,BASE,calibration,1,0,spectral_core,local_partition_rf,0,0.29,0,0.29
1214,2018-10,2018-06,4,0,True,0.0,master,valid_observed_phase_at_origin,BASE,calibration,1,0,spectral_core,local_partition_rf,0,0.09,0,0.07
1215,2018-10,2018-06,4,0,True,0.0,master,valid_observed_phase_at_origin,BASE,calibration,1,3,spectral_core,local_partition_rf,0,0.23,0,0.13
1216,2018-10,2018-06,4,0,True,0.0,master,valid_observed_phase_at_origin,BASE,calibration,1,12,spectral_core,local_partition_rf,0,0.33,0,0.26
1217,2018-10,2018-06,4,0,True,0.0,master,valid_observed_phase_at_origin,BASE,calibration,1,0,spectral_core,local_partition_rf,0,0.11,0,0.16
1218,2018-10,2018-06,4,0,True,0.0,master,valid_observed_phase_at_origin,BASE,calibration,1,0,spectral_core,local_partition_rf,0,0.08,0,0.16
1219,2018-10,2018-06,4,0,True,0.0,master,valid_observed_phase_at_origin,BASE,calibration,1,3,spectral_core,local_partition_rf,0,0.08,0,0.04
1220,2018-10,2018-06,4,0,True,0.0,master,valid_observed_phase_at_origin,BASE,calibration,1,0,spectral_core,local_partition_rf,0,0.28,0,0.26
1221,2018-10,2018-06,4,0,True,0.0,master,valid_observed_phase_at_origin,BASE,calibration,1,3,spectral_core,local_partition_rf,0,0.29,0,0.22
1222,2018-10,2018-06,4,0,True,0.0,master,valid_observed_phase_at_origin,BASE,calibration,1,0,spectral_core,local_partition_rf,0,0.28,0,0.24
1223,2018-10,2018-06,4,0,True,0.0,master,valid_observed_phase_at_origin,BASE,calibration,1,0,spectral_core,local_partition_rf,0,0.28,0,0.29
1224,2018-10,2018-06,4,0,True,0.0,master,valid_observed_phase_at_origin,BASE,calibration,1,0,spectral_core,local_partition_rf,0,0.0,0,0.1
1225,2018-10,2018-06,4,1,True,0.0,master,valid_observed_phase_at_origin,BASE,calibration,1,12,spectral_core,local_partition_rf,0,0.43,0,0.4
1226,2018-10,2018-06,4,0,True,0.0,master,valid_observed_phase_at_origin,BASE,calibration,1,0,spectral_core,local_partition_rf,0,0.43,0,0.3
1227,2018-10,2018-06,4,0,True,0.0,master,valid_observed_phase_at_origin,BASE,calibration,1,0,spectral_core,local_partition_rf,0,0.46,0,0.23
1228,2018-10,2018-06,4,0,True,0.0,master,valid_observed_phase_at_origin,BASE,calibration,1,12,spectral_core,local_partition_rf,0,0.2,0,0.24
1229,2018-10,2018-06,4,0,True,0.0,master,valid_observed_phase_at_origin,BASE,calibration,1,12,spectral_core,local_partition_rf,0,0.27,0,0.21
1230,2018-10,2018-06,4,0,True,0.0,master,valid_observed_phase_at_origin,BASE,calibration,1,0,spectral_core,local_partition_rf,0,0.32,0,0.28
1231,2018-10,2018-06,4,0,True,0.0,master,valid_observed_phase_at_origin,BASE,calibration,1,0,spectral_core,local_partition_rf,0,0.05,0,0.11
1232,2018-10,2018-06,4,0,True,0.0,master,valid_observed_phase_at_origin,BASE,calibration,1,0,spectral_core,local_partition_rf,0,0.1,0,0.11
1233,2018-10,2018-06,4,0,True,0.0,master,valid_observed_phase_at_origin,BASE,calibration,1,0,spectral_core,local_partition_rf,0,0.01,0,0.03
1234,2018-10,2018-06,4,0,True,0.0,master,valid_observed_phase_at_origin,BASE,calibration,1,3,spectral_core,local_partition_rf,0,0.03,0,0.01
1235,2018-10,2018-06,4,0,True,0.0,master,valid_observed_phase_at_origin,BASE,calibration,1,12,spectral_core,local_partition_rf,0,0.42,0,0.36
1236,2018-10,2018-06,4,0,True,0.0,master,valid_observed_phase_at_origin,BASE,calibration,1,0,spectral_core,local_partition_rf,0,0.12,0,0.17
1237,2018-10,2018-06,4,0,True,0.0,master,valid_observed_phase_at_origin,BASE,calibration,1,12,spectral_core,local_partition_rf,0,0.44,0,0.33
1238,2018-10,2018-06,4,1,True,1.0,master,valid_observed_phase_at_origin,BASE,calibration,1,12,spectral_core,local_partition_rf,0,0.29,0,0.19
1239,2018-10,2018-06,4,1,True,1.0,master,valid_observed_phase_at_origin,BASE,calibration,1,12,spectral_core,local_partition_rf,0,0.33,0,0.29
1240,2018-10,2018-06,4,1,True,1.0,master,valid_observed_phase_at_origin,BASE,calibration,1,12,spectral_core,local_partition_rf,0,0.29,0,0.25
1241,2018-10,2018-06,4,0,True,0.0,master,valid_observed_phase_at_origin,BASE,calibration,1,3,spectral_core,local_partition_rf,0,0.03,0,0.07
1242,2018-10,2018-06,4,0,True,0.0,master,valid_observed_phase_at_origin,BASE,calibration,1,3,spectral_core,local_partition_rf,0,0.03,0,0.05
1243,2018-10,2018-06,4,0,True,0.0,master,valid_observed_phase_at_origin,BASE,calibration,1,0,spectral_core,local_partition_rf,0,0.01,0,0.06
1244,2018-10,2018-06,4,0,True,0.0,master,valid_observed_phase_at_origin,BASE,calibration,1,0,spectral_core,local_partition_rf,0,0.02,0,0.13
1245,2018-10,2018-06,4,0,True,0.0,master,valid_observed_phase_at_origin,BASE,calibration,1,3,spectral_core,local_partition_rf,0,0.06,0,0.09
1246,2018-10,2018-06,4,0,True,0.0,master,valid_observed_phase_at_origin,BASE,calibration,1,3,spectral_core,local_partition_rf,0,0.03,0,0.04
1247,2018-10,2018-06,4,0,True,0.0,master,valid_observed_phase_at_origin,BASE,calibration,1,0,spectral_core,local_partition_rf,0,0.01,0,0.01
1248,2018-10,2018-06,4,0,True,1.0,master,valid_observed_phase_at_origin,BASE,calibration,1,12,spectral_core,local_partition_rf,1,0.57,0,0.45
1249,2018-10,2018-06,4,0,True,0.0,master,valid_observed_phase_at_origin,BASE,calibration,1,3,spectral_core,local_partition_rf,0,0.06,0,0.05
1250,2018-10,2018-06,4,0,True,0.0,master,valid_observed_phase_at_origin,BASE,calibration,1,0,spectral_core,local_partition_rf,0,0.01,0,0.09
1251,2018-10,2018-06,4,0,True,0.0,master,valid_observed_phase_at_origin,BASE,calibration,1,0,spectral_core,local_partition_rf,0,0.05,0,0.12
1252,2018-10,2018-06,4,0,True,0.0,master,valid_observed_phase_at_origin,BASE,calibration,1,0,spectral_core,local_partition_rf,0,0.3,0,0.2
1253,2018-10,2018-06,4,0,True,0.0,master,valid_observed_phase_at_origin,BASE,calibration,1,0,spectral_core,local_partition_rf,0,0.29,0,0.27
1254,2018-10,2018-06,4,0,True,0.0,master,valid_observed_phase_at_origin,BASE,calibration,1,3,spectral_core,local_partition_rf,0,0.0,0,0.03
1255,2018-10,2018-06,4,0,True,0.0,master,valid_observed_phase_at_origin,BASE,calibration,1,0,spectral_core,local_partition_rf,0,0.04,0,0.06
1256,2018-10,2018-06,4,0,True,0.0,master,valid_observed_phase_at_origin,BASE,calibration,1,3,spectral_core,local_partition_rf,0,0.02,0,0.03
1257,2018-10,2018-06,4,0,True,0.0,master,valid_observed_phase_at_origin,BASE,calibration,1,3,spectral_core,local_partition_rf,0,0.16,0,0.15
1258,2018-10,2018-06,4,0,True,0.0,master,valid_observed_phase_at_origin,BASE,calibration,1,3,spectral_core,local_partition_rf,0,0.06,0,0.14
1259,2018-10,2018-06,4,0,True,0.0,master,valid_observed_phase_at_origin,BASE,calibration,1,12,spectral_core,local_partition_rf,0,0.28,0,0.18
1260,2018-10,2018-06,4,0,True,0.0,master,valid_observed_phase_at_origin,BASE,calibration,1,0,spectral_core,local_partition_rf,0,0.29,0,0.24
1261,2018-10,2018-06,4,0,True,0.0,master,valid_observed_phase_at_origin,BASE,calibration,1,3,spectral_core,local_partition_rf,0,0.01,0,0.04
1262,2018-10,2018-06,4,0,True,0.0,master,valid_observed_phase_at_origin,BASE,calibration,1,3,spectral_core,local_partition_rf,0,0.24,0,0.26
1263,2018-10,2018-06,4,0,True,0.0,master,valid_observed_phase_at_origin,BASE,calibration,1,3,spectral_core,local_partition_rf,0,0.19,0,0.16
1264,2018-10,2018-06,4,0,True,0.0,master,valid_observed_phase_at_origin,BASE,calibration,1,3,spectral_core,local_partition_rf,0,0.11,0,0.08
1265,2018-10,2018-06,4,0,True,0.0,master,valid_observed_phase_at_origin,BASE,calibration,1,3,spectral_core,local_partition_rf,0,0.03,0,0.04
1266,2018-10,2018-06,4,1,True,0.0,master,valid_observed_phase_at_origin,BASE,calibration,1,0,spectral_core,local_partition_rf,0,0.31,0,0.26
1267,2018-10,2018-06,4,0,True,0.0,master,valid_observed_phase_at_origin,BASE,calibration,1,3,spectral_core,local_partition_rf,0,0.11,0,0.1
1268,2018-10,2018-06,4,0,True,0.0,master,valid_observed_phase_at_origin,BASE,calibration,1,0,spectral_core,local_partition_rf,0,0.33,0,0.22
1269,2018-10,2018-06,4,0,True,0.0,master,valid_observed_phase_at_origin,BASE,calibration,1,0,spectral_core,local_partition_rf,0,0.0,0,0.1
1270,2018-10,2018-06,4,0,True,1.0,master,valid_observed_phase_at_origin,BASE,calibration,1,12,spectral_core,local_partition_rf,1,0.52,0,0.44
1271,2018-10,2018-06,4,0,True,0.0,master,valid_observed_phase_at_origin,BASE,calibration,1,3,spectral_core,local_partition_rf,0,0.04,0,0.05
1272,2018-10,2018-06,4,0,True,0.0,master,valid_observed_phase_at_origin,BASE,calibration,1,0,spectral_core,local_partition_rf,0,0.5,0,0.4
1273,2018-10,2018-06,4,0,True,0.0,master,valid_observed_phase_at_origin,BASE,calibration,1,0,spectral_core,local_partition_rf,0,0.04,0,0.1
1274,2018-10,2018-06,4,1,True,0.0,master,valid_observed_phase_at_origin,BASE,calibration,1,0,spectral_core,local_partition_rf,0,0.33,0,0.35
1275,2018-10,2018-06,4,0,True,0.0,master,valid_observed_phase_at_origin,BASE,calibration,1,3,spectral_core,local_partition_rf,0,0.03,0,0.07
1276,2018-10,2018-06,4,0,True,0.0,master,valid_observed_phase_at_origin,BASE,calibration,1,3,spectral_core,local_partition_rf,0,0.2,0,0.13
1277,2018-10,2018-06,4,1,True,0.0,master,valid_observed_phase_at_origin,BASE,calibration,1,12,spectral_core,local_partition_rf,0,0.34,0,0.3
1278,2018-10,2018-06,4,0,True,0.0,master,valid_observed_phase_at_origin,BASE,calibration,1,3,spectral_core,local_partition_rf,0,0.03,0,0.02
1279,2018-10,2018-06,4,0,True,0.0,master,valid_observed_phase_at_origin,BASE,calibration,1,3,spectral_core,local_partition_rf,0,0.01,0,0.04
1280,2018-10,2018-06,4,1,True,1.0,master,valid_observed_phase_at_origin,BASE,calibration,1,3,spectral_core,local_partition_rf,0,0.04,0,0.05
1281,2018-10,2018-06,4,0,True,0.0,master,valid_observed_phase_at_origin,BASE,calibration,1,3,spectral_core,local_partition_rf,0,0.19,0,0.11
1282,2018-10,2018-06,4,0,True,0.0,master,valid_observed_phase_at_origin,BASE,calibration,1,3,spectral_core,local_partition_rf,0,0.1,0,0.12
1283,2018-10,2018-06,4,0,True,0.0,master,valid_observed_phase_at_origin,BASE,calibration,1,3,spectral_core,local_partition_rf,0,0.01,0,0.01
1284,2018-10,2018-06,4,0,True,0.0,master,valid_observed_phase_at_origin,BASE,calibration,1,12,spectral_core,local_partition_rf,0,0.29,0,0.29
1285,2018-10,2018-06,4,0,True,0.0,master,valid_observed_phase_at_origin,BASE,calibration,1,0,spectral_core,local_partition_rf,0,0.17,0,0.23
1286,2018-10,2018-06,4,1,True,0.0,master,valid_observed_phase_at_origin,BASE,calibration,1,12,spectral_core,local_partition_rf,0,0.49,0,0.4
1287,2018-10,2018-06,4,0,True,0.0,master,valid_observed_phase_at_origin,BASE,calibration,1,3,spectral_core,local_partition_rf,0,0.04,0,0.06
1288,2018-10,2018-06,4,0,True,0.0,master,valid_observed_phase_at_origin,BASE,calibration,1,3,spectral_core,local_partition_rf,0,0.02,0,0.06
1289,2018-10,2018-06,4,0,True,0.0,master,valid_observed_phase_at_origin,BASE,calibration,1,3,spectral_core,local_partition_rf,0,0.03,0,0.06
1290,2018-10,2018-06,4,1,True,0.0,master,valid_observed_phase_at_origin,BASE,calibration,1,0,spectral_core,local_partition_rf,0,0.33,0,0.13
1291,2018-10,2018-06,4,1,True,1.0,master,valid_observed_phase_at_origin,BASE,calibration,1,12,spectral_core,local_partition_rf,1,0.57,1,0.57
1292,2018-10,2018-06,4,0,True,0.0,master,valid_observed_phase_at_origin,BASE,calibration,1,3,spectral_core,local_partition_rf,0,0.01,0,0.04
1293,2018-10,2018-06,4,0,True,1.0,master,valid_observed_phase_at_origin,BASE,calibration,1,16,spectral_core,local_partition_rf,1,0.51,0,0.32
1294,2018-10,2018-06,4,0,True,0.0,master,valid_observed_phase_at_origin,BASE,calibration,1,0,spectral_core,local_partition_rf,0,0.01,0,0.13
1295,2018-10,2018-06,4,0,True,0.0,master,valid_observed_phase_at_origin,BASE,calibration,1,3,spectral_core,local_partition_rf,0,0.02,0,0.03
1296,2018-10,2018-06,4,0,True,0.0,master,valid_observed_phase_at_origin,BASE,calibration,1,3,spectral_core,local_partition_rf,0,0.02,0,0.02
1297,2018-10,2018-06,4,0,True,0.0,master,valid_observed_phase_at_origin,BASE,calibration,1,3,spectral_core,local_partition_rf,0,0.02,0,0.03
1298,2018-10,2018-06,4,0,True,0.0,master,valid_observed_phase_at_origin,BASE,calibration,1,3,spectral_core,local_partition_rf,0,0.04,0,0.06
1299,2018-10,2018-06,4,0,True,0.0,master,valid_observed_phase_at_origin,BASE,calibration,1,3,spectral_core,local_partition_rf,0,0.05,0,0.06
1300,2018-10,2018-06,4,0,True,0.0,master,valid_observed_phase_at_origin,BASE,calibration,1,3,spectral_core,local_partition_rf,0,0.06,0,0.07
1301,2018-10,2018-06,4,0,True,0.0,master,valid_observed_phase_at_origin,BASE,calibration,1,3,spectral_core,local_partition_rf,0,0.31,0,0.33
1302,2018-10,2018-06,4,0,True,0.0,master,valid_observed_phase_at_origin,BASE,calibration,1,0,spectral_core,local_partition_rf,0,0.22,0,0.21
1303,2018-10,2018-06,4,0,True,0.0,master,valid_observed_phase_at_origin,BASE,calibration,1,3,spectral_core,local_partition_rf,0,0.01,0,0.02
1304,2018-10,2018-06,4,0,True,0.0,master,valid_observed_phase_at_origin,BASE,calibration,1,3,spectral_core,local_partition_rf,0,0.18,0,0.08
1305,2018-10,2018-06,4,0,True,0.0,master,valid_observed_phase_at_origin,BASE,calibration,1,3,spectral_core,local_partition_rf,0,0.04,0,0.02
1306,2018-10,2018-06,4,0,True,0.0,master,valid_observed_phase_at_origin,BASE,calibration,1,0,spectral_core,local_partition_rf,0,0.06,0,0.15
1307,2018-10,2018-06,4,0,True,0.0,master,valid_observed_phase_at_origin,BASE,calibration,1,3,spectral_core,local_partition_rf,0,0.33,0,0.17
1308,2018-10,2018-06,4,0,True,0.0,master,valid_observed_phase_at_origin,BASE,calibration,1,0,spectral_core,local_partition_rf,0,0.32,0,0.27
1309,2018-10,2018-06,4,0,True,0.0,master,valid_observed_phase_at_origin,BASE,calibration,1,3,spectral_core,local_partition_rf,0,0.17,0,0.13
1310,2018-10,2018-06,4,0,True,0.0,master,valid_observed_phase_at_origin,BASE,calibration,1,0,spectral_core,local_partition_rf,0,0.17,0,0.22
1311,2018-10,2018-06,4,0,True,0.0,master,valid_observed_phase_at_origin,BASE,calibration,1,3,spectral_core,local_partition_rf,0,0.24,0,0.28
1312,2018-10,2018-06,4,0,True,0.0,master,valid_observed_phase_at_origin,BASE,calibration,1,3,spectral_core,local_partition_rf,0,0.04,0,0.03
1313,2018-10,2018-06,4,1,True,1.0,master,valid_observed_phase_at_origin,BASE,calibration,1,3,spectral_core,local_partition_rf,0,0.06,0,0.07
1314,2018-10,2018-06,4,1,True,1.0,master,valid_observed_phase_at_origin,BASE,calibration,1,3,spectral_core,local_partition_rf,0,0.04,0,0.05
1315,2018-10,2018-06,4,0,True,0.0,master,valid_observed_phase_at_origin,BASE,calibration,1,0,spectral_core,local_partition_rf,0,0.03,0,0.02
1316,2018-10,2018-06,4,0,True,0.0,master,valid_observed_phase_at_origin,BASE,calibration,1,3,spectral_core,local_partition_rf,0,0.04,0,0.08
1317,2018-10,2018-06,4,0,True,0.0,master,valid_observed_phase_at_origin,BASE,calibration,1,3,spectral_core,local_partition_rf,0,0.04,0,0.05
1318,2018-10,2018-06,4,0,True,0.0,master,valid_observed_phase_at_origin,BASE,calibration,1,3,spectral_core,local_partition_rf,0,0.08,0,0.14
1319,2018-10,2018-06,4,0,True,0.0,master,valid_observed_phase_at_origin,BASE,calibration,1,0,spectral_core,local_partition_rf,0,0.01,0,0.06
1320,2018-10,2018-06,4,0,True,0.0,master,valid_observed_phase_at_origin,BASE,calibration,1,3,spectral_core,local_partition_rf,0,0.02,0,0.03
1321,2018-10,2018-06,4,0,True,0.0,master,valid_observed_phase_at_origin,BASE,calibration,1,0,spectral_core,local_partition_rf,0,0.01,0,0.06
1322,2018-10,2018-06,4,1,True,1.0,master,valid_observed_phase_at_origin,BASE,calibration,1,3,spectral_core,local_partition_rf,0,0.03,0,0.08
1323,2018-10,2018-06,4,1,True,0.0,master,valid_observed_phase_at_origin,BASE,calibration,1,12,spectral_core,local_partition_rf,0,0.47,0,0.4
1324,2018-10,2018-06,4,1,True,0.0,master,valid_observed_phase_at_origin,BASE,calibration,1,12,spectral_core,local_partition_rf,0,0.44,0,0.28
1325,2018-10,2018-06,4,0,True,0.0,master,valid_observed_phase_at_origin,BASE,calibration,1,3,spectral_core,local_partition_rf,0,0.02,0,0.01
1326,2018-10,2018-06,4,0,True,0.0,master,valid_observed_phase_at_origin,BASE,calibration,1,3,spectral_core,local_partition_rf,0,0.3,0,0.21
1327,2018-10,2018-06,4,0,True,0.0,master,valid_observed_phase_at_origin,BASE,calibration,1,3,spectral_core,local_partition_rf,0,0.04,0,0.04
1328,2018-10,2018-06,4,0,True,0.0,master,valid_observed_phase_at_origin,BASE,calibration,1,0,spectral_core,local_partition_rf,0,0.0,0,0.02
1329,2018-10,2018-06,4,0,True,1.0,master,valid_observed_phase_at_origin,BASE,calibration,1,12,spectral_core,local_partition_rf,0,0.45,0,0.31
1330,2018-10,2018-06,4,0,True,0.0,master,valid_observed_phase_at_origin,BASE,calibration,1,3,spectral_core,local_partition_rf,0,0.14,0,0.15
1331,2018-10,2018-06,4,1,True,1.0,master,valid_observed_phase_at_origin,BASE,calibration,1,3,spectral_core,local_partition_rf,0,0.06,0,0.06
1332,2018-10,2018-06,4,0,True,0.0,master,valid_observed_phase_at_origin,BASE,calibration,1,3,spectral_core,local_partition_rf,0,0.03,0,0.07
1333,2018-10,2018-06,4,0,True,0.0,master,valid_observed_phase_at_origin,BASE,calibration,1,3,spectral_core,local_partition_rf,0,0.03,0,0.04
1334,2018-10,2018-06,4,0,True,0.0,master,valid_observed_phase_at_origin,BASE,calibration,1,3,spectral_core,local_partition_rf,0,0.12,0,0.06
1335,2018-10,2018-06,4,0,True,0.0,master,valid_observed_phase_at_origin,BASE,calibration,1,3,spectral_core,local_partition_rf,0,0.03,0,0.01
1336,2018-10,2018-06,4,0,True,0.0,master,valid_observed_phase_at_origin,BASE,calibration,1,0,spectral_core,local_partition_rf,0,0.29,0,0.22
1337,2018-10,2018-06,4,0,True,0.0,master,valid_observed_phase_at_origin,BASE,calibration,1,3,spectral_core,local_partition_rf,0,0.02,0,0.02
1338,2018-10,2018-06,4,0,True,0.0,master,valid_observed_phase_at_origin,BASE,calibration,1,0,spectral_core,local_partition_rf,0,0.31,0,0.31
1339,2018-10,2018-06,4,0,True,0.0,master,valid_observed_phase_at_origin,BASE,calibration,1,0,spectral_core,local_partition_rf,0,0.22,0,0.22
1340,2018-10,2018-06,4,0,True,0.0,master,valid_observed_phase_at_origin,BASE,calibration,1,0,spectral_core,local_partition_rf,0,0.04,0,0.13
1341,2018-10,2018-06,4,0,True,0.0,master,valid_observed_phase_at_origin,BASE,calibration,1,0,spectral_core,local_partition_rf,0,0.04,0,0.05
1342,2018-10,2018-06,4,1,True,1.0,master,valid_observed_phase_at_origin,BASE,calibration,1,12,spectral_core,local_partition_rf,0,0.37,0,0.27
1343,2018-10,2018-06,4,0,True,0.0,master,valid_observed_phase_at_origin,BASE,calibration,1,3,spectral_core,local_partition_rf,0,0.04,0,0.02
1344,2018-10,2018-06,4,0,True,0.0,master,valid_observed_phase_at_origin,BASE,calibration,1,3,spectral_core,local_partition_rf,0,0.03,0,0.04
1345,2018-10,2018-06,4,1,True,0.0,master,valid_observed_phase_at_origin,BASE,calibration,1,12,spectral_core,local_partition_rf,0,0.3,0,0.25
1346,2018-10,2018-06,4,1,True,0.0,master,valid_observed_phase_at_origin,BASE,calibration,1,0,spectral_core,local_partition_rf,0,0.28,0,0.18
1347,2018-10,2018-06,4,0,True,0.0,master,valid_observed_phase_at_origin,BASE,calibration,1,3,spectral_core,local_partition_rf,0,0.25,0,0.14
1348,2018-10,2018-06,4,0,True,0.0,master,valid_observed_phase_at_origin,BASE,calibration,1,3,spectral_core,local_partition_rf,0,0.06,0,0.1
1349,2018-10,2018-06,4,0,True,0.0,master,valid_observed_phase_at_origin,BASE,calibration,1,3,spectral_core,local_partition_rf,0,0.02,0,0.03
1350,2018-10,2018-06,4,0,True,0.0,master,valid_observed_phase_at_origin,BASE,calibration,1,3,spectral_core,local_partition_rf,0,0.06,0,0.04
1351,2018-10,2018-06,4,0,True,0.0,master,valid_observed_phase_at_origin,BASE,calibration,1,3,spectral_core,local_partition_rf,0,0.05,0,0.05
1352,2018-10,2018-06,4,1,True,1.0,master,valid_observed_phase_at_origin,BASE,calibration,1,3,spectral_core,local_partition_rf,0,0.07,0,0.01
1353,2018-10,2018-06,4,0,True,0.0,master,valid_observed_phase_at_origin,BASE,calibration,1,3,spectral_core,local_partition_rf,0,0.03,0,0.01
1354,2018-10,2018-06,4,0,True,0.0,master,valid_observed_phase_at_origin,BASE,calibration,1,3,spectral_core,local_partition_rf,0,0.04,0,0.05
1355,2018-10,2018-06,4,0,True,0.0,master,valid_observed_phase_at_origin,BASE,calibration,1,0,spectral_core,local_partition_rf,0,0.07,0,0.08
1356,2018-10,2018-06,4,0,True,0.0,master,valid_observed_phase_at_origin,BASE,calibration,1,0,spectral_core,local_partition_rf,0,0.05,0,0.15
1357,2018-10,2018-06,4,0,True,0.0,master,valid_observed_phase_at_origin,BASE,calibration,1,3,spectral_core,local_partition_rf,0,0.03,0,0.05
1358,2018-10,2018-06,4,0,True,0.0,master,valid_observed_phase_at_origin,BASE,calibration,1,3,spectral_core,local_partition_rf,0,0.05,0,0.03
1359,2018-10,2018-06,4,0,True,0.0,master,valid_observed_phase_at_origin,BASE,calibration,1,0,spectral_core,local_partition_rf,0,0.34,0,0.32
1360,2018-10,2018-06,4,0,True,0.0,master,valid_observed_phase_at_origin,BASE,calibration,1,3,spectral_core,local_partition_rf,0,0.04,0,0.01
1361,2018-10,2018-06,4,0,True,0.0,master,valid_observed_phase_at_origin,BASE,calibration,1,3,spectral_core,local_partition_rf,0,0.06,0,0.05
1362,2018-10,2018-06,4,0,True,0.0,master,valid_observed_phase_at_origin,BASE,calibration,1,3,spectral_core,local_partition_rf,0,0.03,0,0.02
1363,2018-10,2018-06,4,0,True,0.0,master,valid_observed_phase_at_origin,BASE,calibration,1,3,spectral_core,local_partition_rf,0,0.28,0,0.23
1364,2018-10,2018-06,4,1,True,0.0,master,valid_observed_phase_at_origin,BASE,calibration,1,0,spectral_core,local_partition_rf,0,0.29,0,0.3
1365,2018-10,2018-06,4,0,True,0.0,master,valid_observed_phase_at_origin,BASE,calibration,1,3,spectral_core,local_partition_rf,0,0.05,0,0.03
1366,2018-10,2018-06,4,0,True,0.0,master,valid_observed_phase_at_origin,BASE,calibration,1,3,spectral_core,local_partition_rf,0,0.01,0,0.06
1367,2018-10,2018-06,4,0,True,0.0,master,valid_observed_phase_at_origin,BASE,calibration,1,3,spectral_core,local_partition_rf,0,0.04,0,0.01
1368,2018-10,2018-06,4,0,True,0.0,master,valid_observed_phase_at_origin,BASE,calibration,1,3,spectral_core,local_partition_rf,0,0.01,0,0.03
1369,2018-10,2018-06,4,0,True,0.0,master,valid_observed_phase_at_origin,BASE,calibration,1,3,spectral_core,local_partition_rf,0,0.04,0,0.02
1370,2018-10,2018-06,4,0,True,0.0,master,valid_observed_phase_at_origin,BASE,calibration,1,3,spectral_core,local_partition_rf,0,0.1,0,0.09
1371,2018-10,2018-06,4,0,True,0.0,master,valid_observed_phase_at_origin,BASE,calibration,1,12,spectral_core,local_partition_rf,1,0.54,0,0.39
1372,2018-10,2018-06,4,0,True,0.0,master,valid_observed_phase_at_origin,BASE,calibration,1,0,spectral_core,local_partition_rf,0,0.01,0,0.01
1373,2018-10,2018-06,4,0,True,0.0,master,valid_observed_phase_at_origin,BASE,calibration,1,0,spectral_core,local_partition_rf,0,0.02,0,0.04
1374,2018-10,2018-06,4,0,True,0.0,master,valid_observed_phase_at_origin,BASE,calibration,1,0,spectral_core,local_partition_rf,0,0.0,0,0.02
1375,2018-10,2018-06,4,1,True,1.0,master,valid_observed_phase_at_origin,BASE,calibration,1,12,spectral_core,local_partition_rf,1,0.51,1,0.52
1376,2018-10,2018-06,4,0,True,0.0,master,valid_observed_phase_at_origin,BASE,calibration,1,3,spectral_core,local_partition_rf,0,0.11,0,0.11
1377,2018-10,2018-06,4,0,True,0.0,master,valid_observed_phase_at_origin,BASE,calibration,1,0,spectral_core,local_partition_rf,0,0.03,0,0.1
1378,2018-10,2018-06,4,0,True,0.0,master,valid_observed_phase_at_origin,BASE,calibration,1,3,spectral_core,local_partition_rf,0,0.11,0,0.06
1379,2018-10,2018-06,4,0,True,0.0,master,valid_observed_phase_at_origin,BASE,calibration,1,3,spectral_core,local_partition_rf,0,0.02,0,0.02
1380,2018-10,2018-06,4,0,True,0.0,master,valid_observed_phase_at_origin,BASE,calibration,1,3,spectral_core,local_partition_rf,0,0.2,0,0.17
1381,2018-10,2018-06,4,0,True,0.0,master,valid_observed_phase_at_origin,BASE,calibration,1,3,spectral_core,local_partition_rf,0,0.03,0,0.07
1382,2018-10,2018-06,4,1,True,1.0,master,valid_observed_phase_at_origin,BASE,calibration,1,12,spectral_core,local_partition_rf,1,0.53,0,0.45
1383,2018-10,2018-06,4,0,True,0.0,master,valid_observed_phase_at_origin,BASE,calibration,1,3,spectral_core,local_partition_rf,0,0.02,0,0.01
1384,2018-10,2018-06,4,1,True,0.0,master,valid_observed_phase_at_origin,BASE,calibration,1,0,spectral_core,local_partition_rf,0,0.28,0,0.22
1385,2018-10,2018-06,4,1,True,1.0,master,valid_observed_phase_at_origin,BASE,calibration,1,12,spectral_core,local_partition_rf,0,0.48,1,0.52
1386,2018-10,2018-06,4,0,True,0.0,master,valid_observed_phase_at_origin,BASE,calibration,1,3,spectral_core,local_partition_rf,0,0.15,0,0.17
1387,2018-10,2018-06,4,0,True,0.0,master,valid_observed_phase_at_origin,BASE,calibration,1,0,spectral_core,local_partition_rf,0,0.31,0,0.2
1388,2018-10,2018-06,4,0,True,0.0,master,valid_observed_phase_at_origin,BASE,calibration,1,3,spectral_core,local_partition_rf,0,0.19,0,0.14
1389,2018-10,2018-06,4,0,True,0.0,master,valid_observed_phase_at_origin,BASE,calibration,1,3,spectral_core,local_partition_rf,0,0.15,0,0.13
1390,2018-10,2018-06,4,0,True,0.0,master,valid_observed_phase_at_origin,BASE,calibration,1,0,spectral_core,local_partition_rf,0,0.22,0,0.22
1391,2018-10,2018-06,4,0,True,0.0,master,valid_observed_phase_at_origin,BASE,calibration,1,3,spectral_core,local_partition_rf,0,0.04,0,0.05
1392,2018-10,2018-06,4,0,True,0.0,master,valid_observed_phase_at_origin,BASE,calibration,1,0,spectral_core,local_partition_rf,0,0.09,0,0.14
1393,2018-10,2018-06,4,0,True,0.0,master,valid_observed_phase_at_origin,BASE,calibration,1,0,spectral_core,local_partition_rf,0,0.1,0,0.14
1394,2018-10,2018-06,4,0,True,0.0,master,valid_observed_phase_at_origin,BASE,calibration,1,0,spectral_core,local_partition_rf,0,0.02,0,0.02
1395,2018-10,2018-06,4,0,True,0.0,master,valid_observed_phase_at_origin,BASE,calibration,1,0,spectral_core,local_partition_rf,0,0.01,0,0.11
1396,2018-10,2018-06,4,1,True,1.0,master,valid_observed_phase_at_origin,BASE,calibration,1,12,spectral_core,local_partition_rf,1,0.51,0,0.46
1397,2018-10,2018-06,4,0,True,0.0,master,valid_observed_phase_at_origin,BASE,calibration,1,0,spectral_core,local_partition_rf,0,0.07,0,0.12
1398,2018-10,2018-06,4,0,True,0.0,master,valid_observed_phase_at_origin,BASE,calibration,1,0,spectral_core,local_partition_rf,0,0.01,0,0.06
1399,2018-10,2018-06,4,0,True,0.0,master,valid_observed_phase_at_origin,BASE,calibration,1,0,spectral_core,local_partition_rf,0,0.01,0,0.1
1400,2018-10,2018-06,4,0,True,0.0,master,valid_observed_phase_at_origin,BASE,calibration,1,0,spectral_core,local_partition_rf,0,0.02,0,0.08
1401,2018-10,2018-06,4,0,True,0.0,master,valid_observed_phase_at_origin,BASE,calibration,1,0,spectral_core,local_partition_rf,0,0.02,0,0.07
1402,2018-10,2018-06,4,0,True,0.0,master,valid_observed_phase_at_origin,BASE,calibration,1,0,spectral_core,local_partition_rf,0,0.01,0,0.09
1403,2018-10,2018-06,4,0,True,0.0,master,valid_observed_phase_at_origin,BASE,calibration,1,3,spectral_core,local_partition_rf,0,0.01,0,0.01
1404,2018-10,2018-06,4,0,True,0.0,master,valid_observed_phase_at_origin,BASE,calibration,1,0,spectral_core,local_partition_rf,0,0.01,0,0.08
1405,2018-10,2018-06,4,0,True,0.0,master,valid_observed_phase_at_origin,BASE,calibration,1,3,spectral_core,local_partition_rf,0,0.29,0,0.2
1406,2018-10,2018-06,4,0,True,0.0,master,valid_observed_phase_at_origin,BASE,calibration,1,3,spectral_core,local_partition_rf,0,0.01,0,0.03
1407,2018-10,2018-06,4,0,True,0.0,master,valid_observed_phase_at_origin,BASE,calibration,1,12,spectral_core,local_partition_rf,0,0.3,0,0.23
1408,2018-10,2018-06,4,0,True,0.0,master,valid_observed_phase_at_origin,BASE,calibration,1,12,spectral_core,local_partition_rf,0,0.27,0,0.22
1409,2018-10,2018-06,4,0,True,0.0,master,valid_observed_phase_at_origin,BASE,calibration,1,12,spectral_core,local_partition_rf,0,0.29,0,0.22
1410,2018-10,2018-06,4,0,True,0.0,master,valid_observed_phase_at_origin,BASE,calibration,1,3,spectral_core,local_partition_rf,0,0.02,0,0.02
1411,2018-10,2018-06,4,0,True,0.0,master,valid_observed_phase_at_origin,BASE,calibration,1,3,spectral_core,local_partition_rf,0,0.05,0,0.03
1412,2018-10,2018-06,4,0,True,0.0,master,valid_observed_phase_at_origin,BASE,calibration,1,3,spectral_core,local_partition_rf,0,0.01,0,0.04
1413,2018-10,2018-06,4,0,True,0.0,master,valid_observed_phase_at_origin,BASE,calibration,1,0,spectral_core,local_partition_rf,0,0.04,0,0.1
1414,2018-10,2018-06,4,1,True,0.0,master,valid_observed_phase_at_origin,BASE,calibration,1,12,spectral_core,local_partition_rf,0,0.35,0,0.31
1415,2018-10,2018-06,4,1,True,0.0,master,valid_observed_phase_at_origin,BASE,calibration,1,12,spectral_core,local_partition_rf,0,0.33,0,0.34
1416,2018-10,2018-06,4,1,True,0.0,master,valid_observed_phase_at_origin,BASE,calibration,1,12,spectral_core,local_partition_rf,0,0.36,0,0.36
1417,2018-10,2018-06,4,0,True,0.0,master,valid_observed_phase_at_origin,BASE,calibration,1,3,spectral_core,local_partition_rf,0,0.25,0,0.22
1418,2018-10,2018-06,4,0,True,0.0,master,valid_observed_phase_at_origin,BASE,calibration,1,0,spectral_core,local_partition_rf,0,0.01,0,0.1
1419,2018-10,2018-06,4,0,True,0.0,master,valid_observed_phase_at_origin,BASE,calibration,1,0,spectral_core,local_partition_rf,0,0.18,0,0.22
1420,2018-10,2018-06,4,0,True,0.0,master,valid_observed_phase_at_origin,BASE,calibration,1,0,spectral_core,local_partition_rf,0,0.22,0,0.25
1421,2018-10,2018-06,4,0,True,0.0,master,valid_observed_phase_at_origin,BASE,calibration,1,0,spectral_core,local_partition_rf,0,0.06,0,0.17
1422,2018-10,2018-06,4,0,True,0.0,master,valid_observed_phase_at_origin,BASE,calibration,1,0,spectral_core,local_partition_rf,0,0.01,0,0.05
1423,2018-10,2018-06,4,1,True,1.0,master,valid_observed_phase_at_origin,BASE,calibration,1,3,spectral_core,local_partition_rf,0,0.16,0,0.16
1424,2018-10,2018-06,4,0,True,0.0,master,valid_observed_phase_at_origin,BASE,calibration,1,0,spectral_core,local_partition_rf,0,0.34,0,0.14
1425,2018-10,2018-06,4,0,True,0.0,master,valid_observed_phase_at_origin,BASE,calibration,1,0,spectral_core,local_partition_rf,0,0.01,0,0.07
1426,2018-10,2018-06,4,0,True,0.0,master,valid_observed_phase_at_origin,BASE,calibration,1,12,spectral_core,local_partition_rf,0,0.41,0,0.37
1427,2018-10,2018-06,4,1,True,0.0,master,valid_observed_phase_at_origin,BASE,calibration,1,3,spectral_core,local_partition_rf,0,0.01,0,0.04
1428,2018-10,2018-06,4,0,True,0.0,master,valid_observed_phase_at_origin,BASE,calibration,1,3,spectral_core,local_partition_rf,0,0.02,0,0.02
1429,2018-10,2018-06,4,0,True,0.0,master,valid_observed_phase_at_origin,BASE,calibration,1,0,spectral_core,local_partition_rf,0,0.0,0,0.05
1430,2018-10,2018-06,4,0,True,0.0,master,valid_observed_phase_at_origin,BASE,calibration,1,3,spectral_core,local_partition_rf,0,0.05,0,0.09
1431,2018-10,2018-06,4,0,True,0.0,master,valid_observed_phase_at_origin,BASE,calibration,1,3,spectral_core,local_partition_rf,0,0.11,0,0.15
1432,2018-10,2018-06,4,0,True,0.0,master,valid_observed_phase_at_origin,BASE,calibration,1,0,spectral_core,local_partition_rf,0,0.03,0,0.1
1433,2018-10,2018-06,4,0,True,0.0,master,valid_observed_phase_at_origin,BASE,calibration,1,0,spectral_core,local_partition_rf,0,0.0,0,0.12
1434,2018-10,2018-06,4,0,True,0.0,master,valid_observed_phase_at_origin,BASE,calibration,1,3,spectral_core,local_partition_rf,0,0.12,0,0.08
1435,2018-10,2018-06,4,0,True,0.0,master,valid_observed_phase_at_origin,BASE,calibration,1,0,spectral_core,local_partition_rf,0,0.28,0,0.21
1436,2018-10,2018-06,4,0,True,0.0,master,valid_observed_phase_at_origin,BASE,calibration,1,0,spectral_core,local_partition_rf,0,0.25,0,0.22
1437,2018-10,2018-06,4,0,True,0.0,master,valid_observed_phase_at_origin,BASE,calibration,1,0,spectral_core,local_partition_rf,0,0.1,0,0.18
1438,2018-10,2018-06,4,0,True,0.0,master,valid_observed_phase_at_origin,BASE,calibration,1,0,spectral_core,local_partition_rf,0,0.24,0,0.26
1439,2018-10,2018-06,4,0,True,0.0,master,valid_observed_phase_at_origin,BASE,calibration,1,3,spectral_core,local_partition_rf,0,0.23,0,0.14
1440,2018-10,2018-06,4,0,True,0.0,master,valid_observed_phase_at_origin,BASE,calibration,1,3,spectral_core,local_partition_rf,0,0.02,0,0.02
1441,2018-10,2018-06,4,0,True,0.0,master,valid_observed_phase_at_origin,BASE,calibration,1,3,spectral_core,local_partition_rf,0,0.02,0,0.05
1442,2018-10,2018-06,4,1,True,0.0,master,valid_observed_phase_at_origin,BASE,calibration,1,12,spectral_core,local_partition_rf,1,0.54,0,0.4
1443,2018-10,2018-06,4,1,True,1.0,master,valid_observed_phase_at_origin,BASE,calibration,1,12,spectral_core,local_partition_rf,0,0.49,0,0.45
1444,2018-10,2018-06,4,0,True,0.0,master,valid_observed_phase_at_origin,BASE,calibration,1,3,spectral_core,local_partition_rf,0,0.35,0,0.23
1445,2018-10,2018-06,4,0,True,0.0,master,valid_observed_phase_at_origin,BASE,calibration,1,3,spectral_core,local_partition_rf,0,0.11,0,0.06
1446,2018-10,2018-06,4,0,True,0.0,master,valid_observed_phase_at_origin,BASE,calibration,1,3,spectral_core,local_partition_rf,0,0.06,0,0.02
1447,2018-10,2018-06,4,0,True,0.0,master,valid_observed_phase_at_origin,BASE,calibration,1,3,spectral_core,local_partition_rf,0,0.17,0,0.17
1448,2018-10,2018-06,4,0,True,0.0,master,valid_observed_phase_at_origin,BASE,calibration,1,3,spectral_core,local_partition_rf,0,0.04,0,0.04
1449,2018-10,2018-06,4,0,True,0.0,master,valid_observed_phase_at_origin,BASE,calibration,1,0,spectral_core,local_partition_rf,0,0.19,0,0.23
1450,2018-10,2018-06,4,0,True,0.0,master,valid_observed_phase_at_origin,BASE,calibration,1,3,spectral_core,local_partition_rf,0,0.12,0,0.16
1451,2018-10,2018-06,4,0,True,0.0,master,valid_observed_phase_at_origin,BASE,calibration,1,3,spectral_core,local_partition_rf,0,0.1,0,0.14
1452,2018-10,2018-06,4,0,True,0.0,master,valid_observed_phase_at_origin,BASE,calibration,1,12,spectral_core,local_partition_rf,0,0.25,0,0.18
1453,2018-10,2018-06,4,0,True,0.0,master,valid_observed_phase_at_origin,BASE,calibration,1,3,spectral_core,local_partition_rf,0,0.04,0,0.0
1454,2018-10,2018-06,4,0,True,0.0,master,valid_observed_phase_at_origin,BASE,calibration,1,3,spectral_core,local_partition_rf,0,0.03,0,0.01
1455,2018-10,2018-06,4,1,True,1.0,master,valid_observed_phase_at_origin,BASE,calibration,1,12,spectral_core,local_partition_rf,0,0.3,0,0.22
1456,2018-10,2018-06,4,0,True,0.0,master,valid_observed_phase_at_origin,BASE,calibration,1,3,spectral_core,local_partition_rf,0,0.2,0,0.2
1457,2018-10,2018-06,4,0,True,0.0,master,valid_observed_phase_at_origin,BASE,calibration,1,3,spectral_core,local_partition_rf,0,0.24,0,0.2
1458,2018-10,2018-06,4,0,True,0.0,master,valid_observed_phase_at_origin,BASE,calibration,1,3,spectral_core,local_partition_rf,0,0.33,0,0.27
1459,2018-10,2018-06,4,0,True,1.0,master,valid_observed_phase_at_origin,BASE,calibration,1,12,spectral_core,local_partition_rf,1,0.55,1,0.54
1460,2018-10,2018-06,4,0,True,1.0,master,valid_observed_phase_at_origin,BASE,calibration,1,12,spectral_core,local_partition_rf,0,0.5,0,0.44
1461,2018-10,2018-06,4,0,True,0.0,master,valid_observed_phase_at_origin,BASE,calibration,1,3,spectral_core,local_partition_rf,0,0.02,0,0.02
1462,2018-10,2018-06,4,0,True,0.0,master,valid_observed_phase_at_origin,BASE,calibration,1,3,spectral_core,local_partition_rf,0,0.01,0,0.05
1463,2018-10,2018-06,4,0,True,0.0,master,valid_observed_phase_at_origin,BASE,calibration,1,3,spectral_core,local_partition_rf,0,0.18,0,0.16
1464,2018-10,2018-06,4,0,True,0.0,master,valid_observed_phase_at_origin,BASE,calibration,1,0,spectral_core,local_partition_rf,0,0.3,0,0.32
1465,2018-10,2018-06,4,0,True,0.0,master,valid_observed_phase_at_origin,BASE,calibration,1,0,spectral_core,local_partition_rf,0,0.28,0,0.26
1466,2018-10,2018-06,4,0,True,0.0,master,valid_observed_phase_at_origin,BASE,calibration,1,3,spectral_core,local_partition_rf,0,0.03,0,0.08
1467,2018-10,2018-06,4,0,True,0.0,master,valid_observed_phase_at_origin,BASE,calibration,1,3,spectral_core,local_partition_rf,0,0.38,0,0.3
1468,2018-10,2018-06,4,0,True,0.0,master,valid_observed_phase_at_origin,BASE,calibration,1,3,spectral_core,local_partition_rf,0,0.21,0,0.13
1469,2018-10,2018-06,4,0,True,0.0,master,valid_observed_phase_at_origin,BASE,calibration,1,3,spectral_core,local_partition_rf,0,0.07,0,0.05
1470,2018-10,2018-06,4,0,True,0.0,master,valid_observed_phase_at_origin,BASE,calibration,1,0,spectral_core,local_partition_rf,0,0.37,0,0.3
1471,2018-10,2018-06,4,0,True,0.0,master,valid_observed_phase_at_origin,BASE,calibration,1,3,spectral_core,local_partition_rf,0,0.02,0,0.06
1472,2018-10,2018-06,4,0,True,0.0,master,valid_observed_phase_at_origin,BASE,calibration,1,3,spectral_core,local_partition_rf,0,0.07,0,0.03
1473,2018-10,2018-06,4,0,True,0.0,master,valid_observed_phase_at_origin,BASE,calibration,1,0,spectral_core,local_partition_rf,0,0.18,0,0.25
1474,2018-10,2018-06,4,0,True,0.0,master,valid_observed_phase_at_origin,BASE,calibration,1,0,spectral_core,local_partition_rf,0,0.09,0,0.15
1475,2018-10,2018-06,4,0,True,0.0,master,valid_observed_phase_at_origin,BASE,calibration,1,0,spectral_core,local_partition_rf,0,0.02,0,0.09
1476,2018-10,2018-06,4,0,True,0.0,master,valid_observed_phase_at_origin,BASE,calibration,1,12,spectral_core,local_partition_rf,1,0.54,0,0.42
1477,2018-10,2018-06,4,0,True,0.0,master,valid_observed_phase_at_origin,BASE,calibration,1,0,spectral_core,local_partition_rf,0,0.11,0,0.18
1478,2018-10,2018-06,4,0,True,0.0,master,valid_observed_phase_at_origin,BASE,calibration,1,0,spectral_core,local_partition_rf,0,0.23,0,0.26
1479,2018-10,2018-06,4,0,True,0.0,master,valid_observed_phase_at_origin,BASE,calibration,1,0,spectral_core,local_partition_rf,0,0.28,0,0.23
1480,2018-10,2018-06,4,0,True,0.0,master,valid_observed_phase_at_origin,BASE,calibration,1,0,spectral_core,local_partition_rf,0,0.07,0,0.18
1481,2018-10,2018-06,4,0,True,0.0,master,valid_observed_phase_at_origin,BASE,calibration,1,0,spectral_core,local_partition_rf,0,0.19,0,0.19
1482,2018-10,2018-06,4,0,True,0.0,master,valid_observed_phase_at_origin,BASE,calibration,1,3,spectral_core,local_partition_rf,0,0.09,0,0.1
1483,2018-10,2018-06,4,0,True,0.0,master,valid_observed_phase_at_origin,BASE,calibration,1,3,spectral_core,local_partition_rf,0,0.14,0,0.15
1484,2018-10,2018-06,4,1,True,1.0,master,valid_observed_phase_at_origin,BASE,calibration,1,12,spectral_core,local_partition_rf,0,0.5,0,0.44
1485,2018-10,2018-06,4,0,True,0.0,master,valid_observed_phase_at_origin,BASE,calibration,1,0,spectral_core,local_partition_rf,0,0.32,0,0.29
1486,2018-10,2018-06,4,0,True,1.0,master,valid_observed_phase_at_origin,BASE,calibration,1,12,spectral_core,local_partition_rf,0,0.41,0,0.29
1487,2018-10,2018-06,4,1,True,1.0,master,valid_observed_phase_at_origin,BASE,calibration,1,12,spectral_core,local_partition_rf,0,0.47,0,0.45
1488,2018-10,2018-06,4,0,True,0.0,master,valid_observed_phase_at_origin,BASE,calibration,1,3,spectral_core,local_partition_rf,0,0.14,0,0.11
1489,2018-10,2018-06,4,0,True,0.0,master,valid_observed_phase_at_origin,BASE,calibration,1,12,spectral_core,local_partition_rf,1,0.56,0,0.46
1490,2018-10,2018-06,4,0,True,0.0,master,valid_observed_phase_at_origin,BASE,calibration,1,0,spectral_core,local_partition_rf,0,0.19,0,0.22
1491,2018-10,2018-06,4,0,True,0.0,master,valid_observed_phase_at_origin,BASE,calibration,1,0,spectral_core,local_partition_rf,0,0.23,0,0.22
1492,2018-10,2018-06,4,0,True,0.0,master,valid_observed_phase_at_origin,BASE,calibration,1,3,spectral_core,local_partition_rf,0,0.14,0,0.13
1493,2018-10,2018-06,4,0,True,0.0,master,valid_observed_phase_at_origin,BASE,calibration,1,0,spectral_core,local_partition_rf,0,0.04,0,0.12
1494,2018-10,2018-06,4,0,True,0.0,master,valid_observed_phase_at_origin,BASE,calibration,1,0,spectral_core,local_partition_rf,0,0.09,0,0.14
1495,2018-10,2018-06,4,0,True,0.0,master,valid_observed_phase_at_origin,BASE,calibration,1,0,spectral_core,local_partition_rf,0,0.19,0,0.23
1496,2018-10,2018-06,4,0,True,0.0,master,valid_observed_phase_at_origin,BASE,calibration,1,0,spectral_core,local_partition_rf,0,0.2,0,0.15
1497,2018-10,2018-06,4,0,True,0.0,master,valid_observed_phase_at_origin,BASE,calibration,1,0,spectral_core,local_partition_rf,0,0.19,0,0.19
1498,2018-10,2018-06,4,0,True,0.0,master,valid_observed_phase_at_origin,BASE,calibration,1,3,spectral_core,local_partition_rf,0,0.1,0,0.08
1499,2018-10,2018-06,4,0,True,0.0,master,valid_observed_phase_at_origin,BASE,calibration,1,0,spectral_core,local_partition_rf,0,0.05,0,0.1
1500,2018-10,2018-06,4,0,True,0.0,master,valid_observed_phase_at_origin,BASE,calibration,1,0,spectral_core,local_partition_rf,0,0.03,0,0.07
1501,2018-10,2018-06,4,0,True,0.0,master,valid_observed_phase_at_origin,BASE,calibration,1,3,spectral_core,local_partition_rf,0,0.16,0,0.12
1502,2018-10,2018-06,4,0,True,0.0,master,valid_observed_phase_at_origin,BASE,calibration,1,3,spectral_core,local_partition_rf,0,0.11,0,0.1
1503,2018-10,2018-06,4,0,True,0.0,master,valid_observed_phase_at_origin,BASE,calibration,1,0,spectral_core,local_partition_rf,0,0.04,0,0.16
1504,2018-10,2018-06,4,0,True,0.0,master,valid_observed_phase_at_origin,BASE,calibration,1,0,spectral_core,local_partition_rf,0,0.15,0,0.15
1505,2018-10,2018-06,4,1,True,0.0,master,valid_observed_phase_at_origin,BASE,calibration,1,0,spectral_core,local_partition_rf,0,0.34,0,0.28
1506,2018-10,2018-06,4,0,True,0.0,master,valid_observed_phase_at_origin,BASE,calibration,1,12,spectral_core,local_partition_rf,0,0.3,0,0.23
1507,2018-10,2018-06,4,0,True,0.0,master,valid_observed_phase_at_origin,BASE,calibration,1,12,spectral_core,local_partition_rf,0,0.36,0,0.32
1508,2018-10,2018-06,4,0,True,0.0,master,valid_observed_phase_at_origin,BASE,calibration,1,0,spectral_core,local_partition_rf,0,0.36,0,0.3
1509,2018-10,2018-06,4,0,True,0.0,master,valid_observed_phase_at_origin,BASE,calibration,1,0,spectral_core,local_partition_rf,0,0.31,0,0.32
1510,2018-10,2018-06,4,0,True,0.0,master,valid_observed_phase_at_origin,BASE,calibration,1,3,spectral_core,local_partition_rf,0,0.07,0,0.12
1511,2018-10,2018-06,4,0,True,0.0,master,valid_observed_phase_at_origin,BASE,calibration,1,3,spectral_core,local_partition_rf,0,0.08,0,0.06
1512,2018-10,2018-06,4,0,True,0.0,master,valid_observed_phase_at_origin,BASE,calibration,1,0,spectral_core,local_partition_rf,0,0.0,0,0.01
1513,2018-10,2018-06,4,0,True,0.0,master,valid_observed_phase_at_origin,BASE,calibration,1,0,spectral_core,local_partition_rf,0,0.02,0,0.1
1514,2018-10,2018-06,4,0,True,0.0,master,valid_observed_phase_at_origin,BASE,calibration,1,12,spectral_core,local_partition_rf,0,0.32,0,0.26
1515,2018-10,2018-06,4,0,True,0.0,master,valid_observed_phase_at_origin,BASE,calibration,1,0,spectral_core,local_partition_rf,0,0.29,0,0.23
1516,2018-10,2018-06,4,0,True,1.0,master,valid_observed_phase_at_origin,BASE,calibration,1,12,spectral_core,local_partition_rf,0,0.48,0,0.5
1517,2018-10,2018-06,4,0,True,0.0,master,valid_observed_phase_at_origin,BASE,calibration,1,0,spectral_core,local_partition_rf,0,0.01,0,0.1
1518,2018-10,2018-06,4,1,True,1.0,master,valid_observed_phase_at_origin,BASE,calibration,1,12,spectral_core,local_partition_rf,0,0.32,0,0.26
1519,2018-10,2018-06,4,0,True,1.0,master,valid_observed_phase_at_origin,BASE,calibration,1,3,spectral_core,local_partition_rf,0,0.21,0,0.23
1520,2018-10,2018-06,4,0,True,0.0,master,valid_observed_phase_at_origin,BASE,calibration,1,0,spectral_core,local_partition_rf,0,0.03,0,0.14
1521,2018-10,2018-06,4,0,True,0.0,master,valid_observed_phase_at_origin,BASE,calibration,1,0,spectral_core,local_partition_rf,0,0.02,0,0.06
1522,2018-10,2018-06,4,0,True,0.0,master,valid_observed_phase_at_origin,BASE,calibration,1,0,spectral_core,local_partition_rf,0,0.22,0,0.13
1523,2018-10,2018-06,4,0,True,0.0,master,valid_observed_phase_at_origin,BASE,calibration,1,0,spectral_core,local_partition_rf,0,0.42,0,0.33
1524,2018-10,2018-06,4,0,True,0.0,master,valid_observed_phase_at_origin,BASE,calibration,1,3,spectral_core,local_partition_rf,0,0.02,0,0.04
1525,2018-10,2018-06,4,0,True,0.0,master,valid_observed_phase_at_origin,BASE,calibration,1,3,spectral_core,local_partition_rf,0,0.16,0,0.14
1526,2018-10,2018-06,4,0,True,0.0,master,valid_observed_phase_at_origin,BASE,calibration,1,3,spectral_core,local_partition_rf,0,0.02,0,0.05
1527,2018-10,2018-06,4,1,True,1.0,master,valid_observed_phase_at_origin,BASE,calibration,1,12,spectral_core,local_partition_rf,1,0.52,1,0.58
1528,2018-10,2018-06,4,1,True,1.0,master,valid_observed_phase_at_origin,BASE,calibration,1,12,spectral_core,local_partition_rf,1,0.58,1,0.55
1529,2018-10,2018-06,4,0,True,0.0,master,valid_observed_phase_at_origin,BASE,calibration,1,3,spectral_core,local_partition_rf,0,0.04,0,0.07
1530,2018-10,2018-06,4,0,True,0.0,master,valid_observed_phase_at_origin,BASE,calibration,1,3,spectral_core,local_partition_rf,0,0.08,0,0.11
1531,2018-10,2018-06,4,0,True,0.0,master,valid_observed_phase_at_origin,BASE,calibration,1,3,spectral_core,local_partition_rf,0,0.06,0,0.05
1532,2018-10,2018-06,4,0,True,0.0,master,valid_observed_phase_at_origin,BASE,calibration,1,0,spectral_core,local_partition_rf,0,0.21,0,0.24
1533,2018-10,2018-06,4,1,True,0.0,master,valid_observed_phase_at_origin,BASE,calibration,1,12,spectral_core,local_partition_rf,0,0.46,0,0.43
1534,2018-10,2018-06,4,0,True,0.0,master,valid_observed_phase_at_origin,BASE,calibration,1,3,spectral_core,local_partition_rf,0,0.23,0,0.1
1535,2018-10,2018-06,4,0,True,0.0,master,valid_observed_phase_at_origin,BASE,calibration,1,3,spectral_core,local_partition_rf,0,0.25,0,0.14
1536,2018-10,2018-06,4,1,True,1.0,master,valid_observed_phase_at_origin,BASE,calibration,1,12,spectral_core,local_partition_rf,0,0.5,0,0.44
1537,2018-10,2018-06,4,0,True,0.0,master,valid_observed_phase_at_origin,BASE,calibration,1,3,spectral_core,local_partition_rf,0,0.04,0,0.05
1538,2018-10,2018-06,4,0,True,0.0,master,valid_observed_phase_at_origin,BASE,calibration,1,0,spectral_core,local_partition_rf,0,0.38,0,0.36
1539,2018-10,2018-06,4,0,True,0.0,master,valid_observed_phase_at_origin,BASE,calibration,1,0,spectral_core,local_partition_rf,0,0.26,0,0.24
1540,2018-10,2018-06,4,0,True,0.0,master,valid_observed_phase_at_origin,BASE,calibration,1,3,spectral_core,local_partition_rf,0,0.04,0,0.02
1541,2018-10,2018-06,4,0,True,0.0,master,valid_observed_phase_at_origin,BASE,calibration,1,3,spectral_core,local_partition_rf,0,0.17,0,0.16
1542,2018-10,2018-06,4,0,True,0.0,master,valid_observed_phase_at_origin,BASE,calibration,1,3,spectral_core,local_partition_rf,0,0.3,0,0.26
1543,2018-10,2018-06,4,1,True,1.0,master,valid_observed_phase_at_origin,BASE,calibration,1,3,spectral_core,local_partition_rf,0,0.11,0,0.09
1544,2018-10,2018-06,4,1,True,1.0,master,valid_observed_phase_at_origin,BASE,calibration,1,3,spectral_core,local_partition_rf,0,0.07,0,0.09
1545,2018-10,2018-06,4,0,True,0.0,master,valid_observed_phase_at_origin,BASE,calibration,1,0,spectral_core,local_partition_rf,0,0.35,0,0.29
1546,2018-10,2018-06,4,0,True,0.0,master,valid_observed_phase_at_origin,BASE,calibration,1,3,spectral_core,local_partition_rf,0,0.1,0,0.07
1547,2018-10,2018-06,4,1,True,1.0,master,valid_observed_phase_at_origin,BASE,calibration,1,3,spectral_core,local_partition_rf,0,0.06,0,0.06
1548,2018-10,2018-06,4,0,True,0.0,master,valid_observed_phase_at_origin,BASE,calibration,1,12,spectral_core,local_partition_rf,0,0.28,0,0.17
1549,2018-10,2018-06,4,0,True,0.0,master,valid_observed_phase_at_origin,BASE,calibration,1,3,spectral_core,local_partition_rf,0,0.05,0,0.03
1550,2018-10,2018-06,4,0,True,0.0,master,valid_observed_phase_at_origin,BASE,calibration,1,0,spectral_core,local_partition_rf,0,0.04,0,0.15
1551,2018-10,2018-06,4,0,True,0.0,master,valid_observed_phase_at_origin,BASE,calibration,1,12,spectral_core,local_partition_rf,0,0.37,0,0.29
1552,2018-10,2018-06,4,0,True,0.0,master,valid_observed_phase_at_origin,BASE,calibration,1,3,spectral_core,local_partition_rf,0,0.02,0,0.01
1553,2018-10,2018-06,4,0,True,0.0,master,valid_observed_phase_at_origin,BASE,calibration,1,0,spectral_core,local_partition_rf,0,0.21,0,0.21
1554,2018-10,2018-06,4,0,True,0.0,master,valid_observed_phase_at_origin,BASE,calibration,1,0,spectral_core,local_partition_rf,0,0.33,0,0.33
1555,2018-10,2018-06,4,0,True,0.0,master,valid_observed_phase_at_origin,BASE,calibration,1,0,spectral_core,local_partition_rf,0,0.02,0,0.11
1556,2018-10,2018-06,4,0,True,0.0,master,valid_observed_phase_at_origin,BASE,calibration,1,3,spectral_core,local_partition_rf,0,0.06,0,0.05
1557,2018-10,2018-06,4,0,True,0.0,master,valid_observed_phase_at_origin,BASE,calibration,1,3,spectral_core,local_partition_rf,0,0.03,0,0.02
1558,2018-10,2018-06,4,0,True,0.0,master,valid_observed_phase_at_origin,BASE,calibration,1,3,spectral_core,local_partition_rf,0,0.03,0,0.01
1559,2018-10,2018-06,4,0,True,0.0,master,valid_observed_phase_at_origin,BASE,calibration,1,3,spectral_core,local_partition_rf,0,0.11,0,0.05
1560,2018-10,2018-06,4,0,True,0.0,master,valid_observed_phase_at_origin,BASE,calibration,1,0,spectral_core,local_partition_rf,0,0.43,0,0.46
1561,2018-10,2018-06,4,0,True,0.0,master,valid_observed_phase_at_origin,BASE,calibration,1,3,spectral_core,local_partition_rf,0,0.03,0,0.01
1562,2018-10,2018-06,4,0,True,0.0,master,valid_observed_phase_at_origin,BASE,calibration,1,3,spectral_core,local_partition_rf,0,0.01,0,0.02
1563,2018-10,2018-06,4,0,True,0.0,master,valid_observed_phase_at_origin,BASE,calibration,1,3,spectral_core,local_partition_rf,0,0.12,0,0.14
1564,2018-10,2018-06,4,0,True,0.0,master,valid_observed_phase_at_origin,BASE,calibration,1,0,spectral_core,local_partition_rf,0,0.02,0,0.09
1565,2018-10,2018-06,4,0,True,0.0,master,valid_observed_phase_at_origin,BASE,calibration,1,3,spectral_core,local_partition_rf,0,0.02,0,0.03
1566,2018-10,2018-06,4,0,True,0.0,master,valid_observed_phase_at_origin,BASE,calibration,1,0,spectral_core,local_partition_rf,0,0.23,0,0.24
1567,2018-10,2018-06,4,0,True,0.0,master,valid_observed_phase_at_origin,BASE,calibration,1,3,spectral_core,local_partition_rf,0,0.03,0,0.03
1568,2018-10,2018-06,4,0,True,0.0,master,valid_observed_phase_at_origin,BASE,calibration,1,0,spectral_core,local_partition_rf,0,0.05,0,0.11
1569,2018-10,2018-06,4,0,True,0.0,master,valid_observed_phase_at_origin,BASE,calibration,1,3,spectral_core,local_partition_rf,0,0.28,0,0.21
1570,2018-10,2018-06,4,0,True,0.0,master,valid_observed_phase_at_origin,BASE,calibration,1,3,spectral_core,local_partition_rf,0,0.02,0,0.08
1571,2018-10,2018-06,4,0,True,0.0,master,valid_observed_phase_at_origin,BASE,calibration,1,3,spectral_core,local_partition_rf,0,0.01,0,0.02
1572,2018-10,2018-06,4,0,True,0.0,master,valid_observed_phase_at_origin,BASE,calibration,1,3,spectral_core,local_partition_rf,0,0.02,0,0.03
1573,2018-10,2018-06,4,0,True,0.0,master,valid_observed_phase_at_origin,BASE,calibration,1,0,spectral_core,local_partition_rf,0,0.0,0,0.04
1574,2018-10,2018-06,4,0,True,0.0,master,valid_observed_phase_at_origin,BASE,calibration,1,3,spectral_core,local_partition_rf,0,0.2,0,0.19
1575,2018-10,2018-06,4,0,True,0.0,master,valid_observed_phase_at_origin,BASE,calibration,1,3,spectral_core,local_partition_rf,0,0.18,0,0.23
1576,2018-10,2018-06,4,0,True,0.0,master,valid_observed_phase_at_origin,BASE,calibration,1,12,spectral_core,local_partition_rf,0,0.29,0,0.2
1577,2018-10,2018-06,4,0,True,0.0,master,valid_observed_phase_at_origin,BASE,calibration,1,3,spectral_core,local_partition_rf,0,0.08,0,0.03
1578,2018-10,2018-06,4,0,True,0.0,master,valid_observed_phase_at_origin,BASE,calibration,1,0,spectral_core,local_partition_rf,0,0.16,0,0.27
1579,2018-10,2018-06,4,1,True,0.0,master,valid_observed_phase_at_origin,BASE,calibration,1,0,spectral_core,local_partition_rf,0,0.26,0,0.15
1580,2018-10,2018-06,4,0,True,0.0,master,valid_observed_phase_at_origin,BASE,calibration,1,3,spectral_core,local_partition_rf,0,0.2,0,0.19
1581,2018-10,2018-06,4,0,True,0.0,master,valid_observed_phase_at_origin,BASE,calibration,1,3,spectral_core,local_partition_rf,0,0.03,0,0.0
1582,2018-10,2018-06,4,0,True,0.0,master,valid_observed_phase_at_origin,BASE,calibration,1,3,spectral_core,local_partition_rf,0,0.17,0,0.18
1583,2018-10,2018-06,4,0,True,0.0,master,valid_observed_phase_at_origin,BASE,calibration,1,3,spectral_core,local_partition_rf,0,0.06,0,0.07
1584,2018-10,2018-06,4,0,True,0.0,master,valid_observed_phase_at_origin,BASE,calibration,1,3,spectral_core,local_partition_rf,0,0.01,0,0.01
1585,2018-10,2018-06,4,0,True,1.0,master,valid_observed_phase_at_origin,BASE,calibration,1,12,spectral_core,local_partition_rf,1,0.55,0,0.41
1586,2018-10,2018-06,4,0,True,1.0,master,valid_observed_phase_at_origin,BASE,calibration,1,12,spectral_core,local_partition_rf,1,0.51,0,0.39
1587,2018-10,2018-06,4,0,True,1.0,master,valid_observed_phase_at_origin,BASE,calibration,1,12,spectral_core,local_partition_rf,1,0.56,0,0.46
1588,2018-10,2018-06,4,0,True,0.0,master,valid_observed_phase_at_origin,BASE,calibration,1,3,spectral_core,local_partition_rf,0,0.05,0,0.05
1589,2018-10,2018-06,4,1,True,0.0,master,valid_observed_phase_at_origin,BASE,calibration,1,12,spectral_core,local_partition_rf,0,0.47,0,0.44
1590,2018-10,2018-06,4,1,True,0.0,master,valid_observed_phase_at_origin,BASE,calibration,1,12,spectral_core,local_partition_rf,0,0.23,0,0.27
1591,2018-10,2018-06,4,0,True,0.0,master,valid_observed_phase_at_origin,BASE,calibration,1,0,spectral_core,local_partition_rf,0,0.23,0,0.17
1592,2018-10,2018-06,4,0,True,0.0,master,valid_observed_phase_at_origin,BASE,calibration,1,3,spectral_core,local_partition_rf,0,0.16,0,0.17
1593,2018-10,2018-06,4,1,True,1.0,master,valid_observed_phase_at_origin,BASE,calibration,1,12,spectral_core,local_partition_rf,1,0.54,0,0.24
1594,2018-10,2018-06,4,0,True,0.0,master,valid_observed_phase_at_origin,BASE,calibration,1,3,spectral_core,local_partition_rf,0,0.04,0,0.04
1595,2018-10,2018-06,4,0,True,0.0,master,valid_observed_phase_at_origin,BASE,calibration,1,3,spectral_core,local_partition_rf,0,0.15,0,0.11
1596,2018-10,2018-06,4,0,True,0.0,master,valid_observed_phase_at_origin,BASE,calibration,1,3,spectral_core,local_partition_rf,0,0.07,0,0.11
1597,2018-10,2018-06,4,0,True,0.0,master,valid_observed_phase_at_origin,BASE,calibration,1,0,spectral_core,local_partition_rf,0,0.03,0,0.12
1598,2018-10,2018-06,4,0,True,0.0,master,valid_observed_phase_at_origin,BASE,calibration,1,0,spectral_core,local_partition_rf,0,0.04,0,0.13
1599,2018-10,2018-06,4,0,True,0.0,master,valid_observed_phase_at_origin,BASE,calibration,1,0,spectral_core,local_partition_rf,0,0.07,0,0.1
1600,2018-10,2018-06,4,0,True,0.0,master,valid_observed_phase_at_origin,BASE,calibration,1,0,spectral_core,local_partition_rf,0,0.05,0,0.1
1601,2018-10,2018-06,4,1,True,1.0,master,valid_observed_phase_at_origin,BASE,calibration,1,3,spectral_core,local_partition_rf,0,0.15,0,0.14
1602,2018-10,2018-06,4,0,True,0.0,master,valid_observed_phase_at_origin,BASE,calibration,1,3,spectral_core,local_partition_rf,0,0.03,0,0.06
1603,2018-10,2018-06,4,0,True,0.0,master,valid_observed_phase_at_origin,BASE,calibration,1,3,spectral_core,local_partition_rf,0,0.03,0,0.05
1604,2018-10,2018-06,4,0,True,0.0,master,valid_observed_phase_at_origin,BASE,calibration,1,3,spectral_core,local_partition_rf,0,0.12,0,0.12
1605,2018-10,2018-06,4,0,True,1.0,master,valid_observed_phase_at_origin,BASE,calibration,1,12,spectral_core,local_partition_rf,0,0.36,0,0.31
1606,2018-10,2018-06,4,0,True,0.0,master,valid_observed_phase_at_origin,BASE,calibration,1,12,spectral_core,local_partition_rf,0,0.29,0,0.19
1607,2018-10,2018-06,4,0,True,0.0,master,valid_observed_phase_at_origin,BASE,calibration,1,12,spectral_core,local_partition_rf,0,0.29,0,0.18
1608,2018-10,2018-06,4,0,True,0.0,master,valid_observed_phase_at_origin,BASE,calibration,1,3,spectral_core,local_partition_rf,0,0.15,0,0.2
1609,2018-10,2018-06,4,0,True,0.0,master,valid_observed_phase_at_origin,BASE,calibration,1,12,spectral_core,local_partition_rf,0,0.48,0,0.38
1610,2018-10,2018-06,4,0,True,0.0,master,valid_observed_phase_at_origin,BASE,calibration,1,0,spectral_core,local_partition_rf,0,0.01,0,0.04
1611,2018-10,2018-06,4,0,True,0.0,master,valid_observed_phase_at_origin,BASE,calibration,1,0,spectral_core,local_partition_rf,0,0.0,0,0.01
1612,2018-10,2018-06,4,0,True,0.0,master,valid_observed_phase_at_origin,BASE,calibration,1,0,spectral_core,local_partition_rf,0,0.17,0,0.18
1613,2018-10,2018-06,4,0,True,0.0,master,valid_observed_phase_at_origin,BASE,calibration,1,0,spectral_core,local_partition_rf,0,0.02,0,0.07
1614,2018-10,2018-06,4,1,True,1.0,master,valid_observed_phase_at_origin,BASE,calibration,1,3,spectral_core,local_partition_rf,0,0.19,0,0.17
1615,2018-10,2018-06,4,0,True,0.0,master,valid_observed_phase_at_origin,BASE,calibration,1,3,spectral_core,local_partition_rf,0,0.03,0,0.03
1616,2018-10,2018-06,4,0,True,0.0,master,valid_observed_phase_at_origin,BASE,calibration,1,3,spectral_core,local_partition_rf,0,0.04,0,0.05
1617,2018-10,2018-06,4,0,True,0.0,master,valid_observed_phase_at_origin,BASE,calibration,1,3,spectral_core,local_partition_rf,0,0.11,0,0.12
1618,2018-10,2018-06,4,0,True,0.0,master,valid_observed_phase_at_origin,BASE,calibration,1,0,spectral_core,local_partition_rf,0,0.32,0,0.28
1619,2018-10,2018-06,4,0,True,0.0,master,valid_observed_phase_at_origin,BASE,calibration,1,3,spectral_core,local_partition_rf,0,0.04,0,0.06
1620,2018-10,2018-06,4,0,True,0.0,master,valid_observed_phase_at_origin,BASE,calibration,1,0,spectral_core,local_partition_rf,0,0.19,0,0.22
1621,2018-10,2018-06,4,0,True,0.0,master,valid_observed_phase_at_origin,BASE,calibration,1,3,spectral_core,local_partition_rf,0,0.04,0,0.01
1622,2018-10,2018-06,4,1,True,1.0,master,valid_observed_phase_at_origin,BASE,calibration,1,0,spectral_core,local_partition_rf,0,0.32,0,0.22
1623,2018-10,2018-06,4,0,True,0.0,master,valid_observed_phase_at_origin,BASE,calibration,1,3,spectral_core,local_partition_rf,0,0.11,0,0.08
1624,2018-10,2018-06,4,1,True,1.0,master,valid_observed_phase_at_origin,BASE,calibration,1,3,spectral_core,local_partition_rf,0,0.19,0,0.2
1625,2018-10,2018-06,4,0,True,0.0,master,valid_observed_phase_at_origin,BASE,calibration,1,0,spectral_core,local_partition_rf,0,0.4,0,0.21
1626,2018-10,2018-06,4,0,True,0.0,master,valid_observed_phase_at_origin,BASE,calibration,1,0,spectral_core,local_partition_rf,0,0.08,0,0.09
1627,2018-10,2018-06,4,1,True,0.0,master,valid_observed_phase_at_origin,BASE,calibration,1,12,spectral_core,local_partition_rf,1,0.54,0,0.44
1628,2018-10,2018-06,4,0,True,0.0,master,valid_observed_phase_at_origin,BASE,calibration,1,3,spectral_core,local_partition_rf,0,0.05,0,0.06
1629,2018-10,2018-06,4,0,True,0.0,master,valid_observed_phase_at_origin,BASE,calibration,1,3,spectral_core,local_partition_rf,0,0.19,0,0.2
1630,2018-10,2018-06,4,0,True,1.0,master,valid_observed_phase_at_origin,BASE,calibration,1,3,spectral_core,local_partition_rf,0,0.24,0,0.3
1631,2018-10,2018-06,4,0,True,0.0,master,valid_observed_phase_at_origin,BASE,calibration,1,3,spectral_core,local_partition_rf,0,0.02,0,0.02
1632,2018-10,2018-06,4,1,True,1.0,master,valid_observed_phase_at_origin,BASE,calibration,1,12,spectral_core,local_partition_rf,0,0.32,0,0.23
1633,2018-10,2018-06,4,0,True,0.0,master,valid_observed_phase_at_origin,BASE,calibration,1,12,spectral_core,local_partition_rf,0,0.12,0,0.19
1634,2018-10,2018-06,4,0,True,0.0,master,valid_observed_phase_at_origin,BASE,calibration,1,3,spectral_core,local_partition_rf,0,0.03,0,0.03
1635,2018-10,2018-06,4,0,True,0.0,master,valid_observed_phase_at_origin,BASE,calibration,1,0,spectral_core,local_partition_rf,0,0.01,0,0.07
1636,2018-10,2018-06,4,1,True,0.0,master,valid_observed_phase_at_origin,BASE,calibration,1,0,spectral_core,local_partition_rf,0,0.22,0,0.12
1637,2018-10,2018-06,4,0,True,0.0,master,valid_observed_phase_at_origin,BASE,calibration,1,0,spectral_core,local_partition_rf,0,0.21,0,0.19
1638,2018-10,2018-06,4,0,True,0.0,master,valid_observed_phase_at_origin,BASE,calibration,1,0,spectral_core,local_partition_rf,0,0.35,0,0.29
1639,2018-10,2018-06,4,0,True,0.0,master,valid_observed_phase_at_origin,BASE,calibration,1,3,spectral_core,local_partition_rf,0,0.05,0,0.04
1640,2018-10,2018-06,4,0,True,0.0,master,valid_observed_phase_at_origin,BASE,calibration,1,3,spectral_core,local_partition_rf,0,0.01,0,0.01
1641,2018-10,2018-06,4,0,True,0.0,master,valid_observed_phase_at_origin,BASE,calibration,1,12,spectral_core,local_partition_rf,0,0.42,0,0.34
1642,2018-10,2018-06,4,0,True,0.0,master,valid_observed_phase_at_origin,BASE,calibration,1,12,spectral_core,local_partition_rf,0,0.34,0,0.28
1643,2018-10,2018-06,4,0,True,0.0,master,valid_observed_phase_at_origin,BASE,calibration,1,0,spectral_core,local_partition_rf,0,0.04,0,0.12
1644,2018-10,2018-06,4,0,True,0.0,master,valid_observed_phase_at_origin,BASE,calibration,1,0,spectral_core,local_partition_rf,0,0.19,0,0.19
1645,2018-10,2018-06,4,0,True,0.0,master,valid_observed_phase_at_origin,BASE,calibration,1,0,spectral_core,local_partition_rf,0,0.16,0,0.18
1646,2018-10,2018-06,4,0,True,0.0,master,valid_observed_phase_at_origin,BASE,calibration,1,12,spectral_core,local_partition_rf,0,0.28,0,0.2
1647,2018-10,2018-06,4,0,True,0.0,master,valid_observed_phase_at_origin,BASE,calibration,1,3,spectral_core,local_partition_rf,0,0.01,0,0.03
1648,2018-10,2018-06,4,0,True,0.0,master,valid_observed_phase_at_origin,BASE,calibration,1,3,spectral_core,local_partition_rf,0,0.05,0,0.01
1649,2018-10,2018-06,4,1,True,1.0,master,valid_observed_phase_at_origin,BASE,calibration,1,12,spectral_core,local_partition_rf,0,0.47,0,0.47
1650,2018-10,2018-06,4,0,True,0.0,master,valid_observed_phase_at_origin,BASE,calibration,1,3,spectral_core,local_partition_rf,0,0.15,0,0.12
1651,2018-10,2018-06,4,0,True,0.0,master,valid_observed_phase_at_origin,BASE,calibration,1,0,spectral_core,local_partition_rf,0,0.45,0,0.34
1652,2018-10,2018-06,4,0,True,0.0,master,valid_observed_phase_at_origin,BASE,calibration,1,12,spectral_core,local_partition_rf,1,0.51,0,0.42
1653,2018-10,2018-06,4,0,True,0.0,master,valid_observed_phase_at_origin,BASE,calibration,1,12,spectral_core,local_partition_rf,0,0.31,0,0.32
1654,2018-10,2018-06,4,0,True,0.0,master,valid_observed_phase_at_origin,BASE,calibration,1,3,spectral_core,local_partition_rf,0,0.11,0,0.03
1655,2018-10,2018-06,4,0,True,1.0,master,valid_observed_phase_at_origin,BASE,calibration,1,12,spectral_core,local_partition_rf,0,0.49,0,0.38
1656,2018-10,2018-06,4,0,True,0.0,master,valid_observed_phase_at_origin,BASE,calibration,1,3,spectral_core,local_partition_rf,0,0.0,0,0.03
1657,2018-10,2018-06,4,0,True,0.0,master,valid_observed_phase_at_origin,BASE,calibration,1,12,spectral_core,local_partition_rf,0,0.24,0,0.19
1658,2018-10,2018-06,4,0,True,0.0,master,valid_observed_phase_at_origin,BASE,calibration,1,12,spectral_core,local_partition_rf,0,0.23,0,0.14
1659,2018-10,2018-06,4,0,True,0.0,master,valid_observed_phase_at_origin,BASE,calibration,1,12,spectral_core,local_partition_rf,0,0.11,0,0.18
1660,2018-10,2018-06,4,1,True,1.0,master,valid_observed_phase_at_origin,BASE,calibration,1,3,spectral_core,local_partition_rf,0,0.05,0,0.04
1661,2018-10,2018-06,4,1,True,0.0,master,valid_observed_phase_at_origin,BASE,calibration,1,12,spectral_core,local_partition_rf,0,0.34,0,0.35
1662,2018-10,2018-06,4,0,True,0.0,master,valid_observed_phase_at_origin,BASE,calibration,1,3,spectral_core,local_partition_rf,0,0.02,0,0.05
1663,2018-10,2018-06,4,0,True,0.0,master,valid_observed_phase_at_origin,BASE,calibration,1,3,spectral_core,local_partition_rf,0,0.04,0,0.05
1664,2018-10,2018-06,4,0,True,0.0,master,valid_observed_phase_at_origin,BASE,calibration,1,3,spectral_core,local_partition_rf,0,0.06,0,0.06
1665,2018-10,2018-06,4,0,True,0.0,master,valid_observed_phase_at_origin,BASE,calibration,1,3,spectral_core,local_partition_rf,0,0.19,0,0.13
1666,2018-10,2018-06,4,0,True,0.0,master,valid_observed_phase_at_origin,BASE,calibration,1,3,spectral_core,local_partition_rf,0,0.04,0,0.05
1667,2018-10,2018-06,4,1,True,1.0,master,valid_observed_phase_at_origin,BASE,calibration,1,0,spectral_core,local_partition_rf,0,0.39,0,0.24
1668,2018-10,2018-06,4,0,True,0.0,master,valid_observed_phase_at_origin,BASE,calibration,1,0,spectral_core,local_partition_rf,0,0.26,0,0.2
1669,2018-10,2018-06,4,0,True,0.0,master,valid_observed_phase_at_origin,BASE,calibration,1,0,spectral_core,local_partition_rf,0,0.2,0,0.23
1670,2018-10,2018-06,4,0,True,0.0,master,valid_observed_phase_at_origin,BASE,calibration,1,3,spectral_core,local_partition_rf,0,0.35,0,0.3
1671,2018-10,2018-06,4,0,True,0.0,master,valid_observed_phase_at_origin,BASE,calibration,1,0,spectral_core,local_partition_rf,0,0.0,0,0.12
1672,2018-10,2018-06,4,0,True,1.0,master,valid_observed_phase_at_origin,BASE,calibration,1,12,spectral_core,local_partition_rf,1,0.54,1,0.56
1673,2018-10,2018-06,4,0,True,0.0,master,valid_observed_phase_at_origin,BASE,calibration,1,0,spectral_core,local_partition_rf,0,0.17,0,0.13
1674,2018-10,2018-06,4,0,True,0.0,master,valid_observed_phase_at_origin,BASE,calibration,1,0,spectral_core,local_partition_rf,0,0.21,0,0.27
1675,2018-10,2018-06,4,0,True,0.0,master,valid_observed_phase_at_origin,BASE,calibration,1,3,spectral_core,local_partition_rf,0,0.27,0,0.25
1676,2018-10,2018-06,4,0,True,0.0,master,valid_observed_phase_at_origin,BASE,calibration,1,3,spectral_core,local_partition_rf,0,0.19,0,0.15
1677,2018-10,2018-06,4,0,True,0.0,master,valid_observed_phase_at_origin,BASE,calibration,1,3,spectral_core,local_partition_rf,0,0.04,0,0.05
1678,2018-10,2018-06,4,0,True,0.0,master,valid_observed_phase_at_origin,BASE,calibration,1,3,spectral_core,local_partition_rf,0,0.06,0,0.06
1679,2018-10,2018-06,4,0,True,0.0,master,valid_observed_phase_at_origin,BASE,calibration,1,3,spectral_core,local_partition_rf,0,0.01,0,0.02
1680,2018-10,2018-06,4,0,True,0.0,master,valid_observed_phase_at_origin,BASE,calibration,1,3,spectral_core,local_partition_rf,0,0.04,0,0.05
1681,2018-10,2018-06,4,0,True,0.0,master,valid_observed_phase_at_origin,BASE,calibration,1,0,spectral_core,local_partition_rf,0,0.02,0,0.07
1682,2018-10,2018-06,4,0,True,0.0,master,valid_observed_phase_at_origin,BASE,calibration,1,3,spectral_core,local_partition_rf,0,0.02,0,0.07
1683,2018-10,2018-06,4,1,True,0.0,master,valid_observed_phase_at_origin,BASE,calibration,1,12,spectral_core,local_partition_rf,1,0.52,0,0.41
1684,2018-10,2018-06,4,0,True,0.0,master,valid_observed_phase_at_origin,BASE,calibration,1,3,spectral_core,local_partition_rf,0,0.09,0,0.08
1685,2018-10,2018-06,4,1,True,1.0,master,valid_observed_phase_at_origin,BASE,calibration,1,3,spectral_core,local_partition_rf,0,0.27,0,0.21
1686,2018-10,2018-06,4,0,True,0.0,master,valid_observed_phase_at_origin,BASE,calibration,1,3,spectral_core,local_partition_rf,0,0.23,0,0.16
1687,2018-10,2018-06,4,0,True,0.0,master,valid_observed_phase_at_origin,BASE,calibration,1,0,spectral_core,local_partition_rf,0,0.01,0,0.09
1688,2018-10,2018-06,4,0,True,0.0,master,valid_observed_phase_at_origin,BASE,calibration,1,3,spectral_core,local_partition_rf,0,0.01,0,0.04
1689,2018-10,2018-06,4,0,True,0.0,master,valid_observed_phase_at_origin,BASE,calibration,1,3,spectral_core,local_partition_rf,0,0.12,0,0.08
1690,2018-10,2018-06,4,0,True,0.0,master,valid_observed_phase_at_origin,BASE,calibration,1,3,spectral_core,local_partition_rf,0,0.02,0,0.03
1691,2018-10,2018-06,4,0,True,0.0,master,valid_observed_phase_at_origin,BASE,calibration,1,0,spectral_core,local_partition_rf,0,0.02,0,0.04
1692,2018-10,2018-06,4,0,True,0.0,master,valid_observed_phase_at_origin,BASE,calibration,1,3,spectral_core,local_partition_rf,0,0.02,0,0.05
1693,2018-10,2018-06,4,0,True,0.0,master,valid_observed_phase_at_origin,BASE,calibration,1,3,spectral_core,local_partition_rf,0,0.11,0,0.12
1694,2018-10,2018-06,4,0,True,0.0,master,valid_observed_phase_at_origin,BASE,calibration,1,3,spectral_core,local_partition_rf,0,0.16,0,0.18
1695,2018-10,2018-06,4,0,True,0.0,master,valid_observed_phase_at_origin,BASE,calibration,1,0,spectral_core,local_partition_rf,0,0.0,0,0.03
1696,2018-10,2018-06,4,0,True,0.0,master,valid_observed_phase_at_origin,BASE,calibration,1,3,spectral_core,local_partition_rf,0,0.18,0,0.23
1697,2018-10,2018-06,4,0,True,0.0,master,valid_observed_phase_at_origin,BASE,calibration,1,3,spectral_core,local_partition_rf,0,0.03,0,0.01
1698,2018-10,2018-06,4,0,True,0.0,master,valid_observed_phase_at_origin,BASE,calibration,1,3,spectral_core,local_partition_rf,0,0.03,0,0.12
1699,2018-10,2018-06,4,0,True,0.0,master,valid_observed_phase_at_origin,BASE,calibration,1,0,spectral_core,local_partition_rf,0,0.01,0,0.08
1700,2018-10,2018-06,4,0,True,0.0,master,valid_observed_phase_at_origin,BASE,calibration,1,3,spectral_core,local_partition_rf,0,0.28,0,0.2
1701,2018-10,2018-06,4,0,True,0.0,master,valid_observed_phase_at_origin,BASE,calibration,1,0,spectral_core,local_partition_rf,0,0.08,0,0.14
1702,2018-10,2018-06,4,0,True,0.0,master,valid_observed_phase_at_origin,BASE,calibration,1,0,spectral_core,local_partition_rf,0,0.32,0,0.2
1703,2018-10,2018-06,4,0,True,0.0,master,valid_observed_phase_at_origin,BASE,calibration,1,12,spectral_core,local_partition_rf,0,0.24,0,0.22
1704,2018-10,2018-06,4,0,True,0.0,master,valid_observed_phase_at_origin,BASE,calibration,1,3,spectral_core,local_partition_rf,0,0.02,0,0.07
1705,2018-10,2018-06,4,0,True,0.0,master,valid_observed_phase_at_origin,BASE,calibration,1,0,spectral_core,local_partition_rf,0,0.02,0,0.07
1706,2018-10,2018-06,4,0,True,0.0,master,valid_observed_phase_at_origin,BASE,calibration,1,0,spectral_core,local_partition_rf,0,0.04,0,0.05
1707,2018-10,2018-06,4,0,True,0.0,master,valid_observed_phase_at_origin,BASE,calibration,1,3,spectral_core,local_partition_rf,0,0.33,0,0.24
1708,2018-10,2018-06,4,0,True,0.0,master,valid_observed_phase_at_origin,BASE,calibration,1,12,spectral_core,local_partition_rf,0,0.34,0,0.31
1709,2018-10,2018-06,4,0,True,0.0,master,valid_observed_phase_at_origin,BASE,calibration,1,0,spectral_core,local_partition_rf,0,0.01,0,0.1
1710,2018-10,2018-06,4,0,True,0.0,master,valid_observed_phase_at_origin,BASE,calibration,1,3,spectral_core,local_partition_rf,0,0.1,0,0.09
1711,2018-10,2018-06,4,0,True,0.0,master,valid_observed_phase_at_origin,BASE,calibration,1,0,spectral_core,local_partition_rf,0,0.02,0,0.13
1712,2018-10,2018-06,4,0,True,0.0,master,valid_observed_phase_at_origin,BASE,calibration,1,12,spectral_core,local_partition_rf,0,0.09,0,0.18
1713,2018-10,2018-06,4,0,True,0.0,master,valid_observed_phase_at_origin,BASE,calibration,1,3,spectral_core,local_partition_rf,0,0.02,0,0.06
1714,2018-10,2018-06,4,0,True,0.0,master,valid_observed_phase_at_origin,BASE,calibration,1,0,spectral_core,local_partition_rf,0,0.3,0,0.27
1715,2018-10,2018-06,4,0,True,0.0,master,valid_observed_phase_at_origin,BASE,calibration,1,3,spectral_core,local_partition_rf,0,0.03,0,0.03
1716,2018-10,2018-06,4,0,True,0.0,master,valid_observed_phase_at_origin,BASE,calibration,1,3,spectral_core,local_partition_rf,0,0.02,0,0.07
1717,2018-10,2018-06,4,0,True,0.0,master,valid_observed_phase_at_origin,BASE,calibration,1,3,spectral_core,local_partition_rf,0,0.03,0,0.02
1718,2018-10,2018-06,4,0,True,0.0,master,valid_observed_phase_at_origin,BASE,calibration,1,3,spectral_core,local_partition_rf,0,0.07,0,0.1
1719,2018-10,2018-06,4,0,True,0.0,master,valid_observed_phase_at_origin,BASE,calibration,1,3,spectral_core,local_partition_rf,0,0.08,0,0.06
1720,2018-10,2018-06,4,0,True,0.0,master,valid_observed_phase_at_origin,BASE,calibration,1,12,spectral_core,local_partition_rf,0,0.22,0,0.19
1721,2018-10,2018-06,4,0,True,0.0,master,valid_observed_phase_at_origin,BASE,calibration,1,3,spectral_core,local_partition_rf,0,0.04,0,0.04
1722,2018-10,2018-06,4,0,True,0.0,master,valid_observed_phase_at_origin,BASE,calibration,1,3,spectral_core,local_partition_rf,0,0.04,0,0.07
1723,2018-10,2018-06,4,0,True,0.0,master,valid_observed_phase_at_origin,BASE,calibration,1,3,spectral_core,local_partition_rf,0,0.05,0,0.03
1724,2018-10,2018-06,4,0,True,0.0,master,valid_observed_phase_at_origin,BASE,calibration,1,3,spectral_core,local_partition_rf,0,0.03,0,0.02
1725,2018-10,2018-06,4,0,True,0.0,master,valid_observed_phase_at_origin,BASE,calibration,1,0,spectral_core,local_partition_rf,0,0.07,0,0.1
1726,2018-10,2018-06,4,0,True,0.0,master,valid_observed_phase_at_origin,BASE,calibration,1,0,spectral_core,local_partition_rf,0,0.18,0,0.18
1727,2018-10,2018-06,4,1,True,0.0,master,valid_observed_phase_at_origin,BASE,calibration,1,3,spectral_core,local_partition_rf,0,0.01,0,0.04
1728,2018-10,2018-06,4,0,True,0.0,master,valid_observed_phase_at_origin,BASE,calibration,1,3,spectral_core,local_partition_rf,0,0.15,0,0.09
1729,2018-10,2018-06,4,0,True,0.0,master,valid_observed_phase_at_origin,BASE,calibration,1,3,spectral_core,local_partition_rf,0,0.12,0,0.09
1730,2018-10,2018-06,4,0,True,0.0,master,valid_observed_phase_at_origin,BASE,calibration,1,3,spectral_core,local_partition_rf,0,0.0,0,0.02
1731,2018-10,2018-06,4,0,True,0.0,master,valid_observed_phase_at_origin,BASE,calibration,1,12,spectral_core,local_partition_rf,0,0.32,0,0.27
1732,2018-10,2018-06,4,0,True,0.0,master,valid_observed_phase_at_origin,BASE,calibration,1,3,spectral_core,local_partition_rf,0,0.16,0,0.19
1733,2018-10,2018-06,4,0,True,0.0,master,valid_observed_phase_at_origin,BASE,calibration,1,12,spectral_core,local_partition_rf,0,0.11,0,0.17
1734,2018-10,2018-06,4,0,True,0.0,master,valid_observed_phase_at_origin,BASE,calibration,1,12,spectral_core,local_partition_rf,0,0.12,0,0.17
1735,2018-10,2018-06,4,1,True,0.0,master,valid_observed_phase_at_origin,BASE,calibration,1,12,spectral_core,local_partition_rf,0,0.48,0,0.45
1736,2018-10,2018-06,4,1,True,0.0,master,valid_observed_phase_at_origin,BASE,calibration,1,12,spectral_core,local_partition_rf,0,0.47,0,0.46
1737,2018-10,2018-06,4,0,True,0.0,master,valid_observed_phase_at_origin,BASE,calibration,1,3,spectral_core,local_partition_rf,0,0.01,0,0.05
1738,2018-10,2018-06,4,0,True,1.0,master,valid_observed_phase_at_origin,BASE,calibration,1,12,spectral_core,local_partition_rf,1,0.56,0,0.4
1739,2018-10,2018-06,4,0,True,0.0,master,valid_observed_phase_at_origin,BASE,calibration,1,0,spectral_core,local_partition_rf,0,0.07,0,0.21
1740,2018-10,2018-06,4,0,True,0.0,master,valid_observed_phase_at_origin,BASE,calibration,1,0,spectral_core,local_partition_rf,0,0.22,0,0.18
1741,2018-10,2018-06,4,0,True,0.0,master,valid_observed_phase_at_origin,BASE,calibration,1,3,spectral_core,local_partition_rf,0,0.16,0,0.11
1742,2018-10,2018-06,4,0,True,0.0,master,valid_observed_phase_at_origin,BASE,calibration,1,3,spectral_core,local_partition_rf,0,0.29,0,0.19
1743,2018-10,2018-06,4,0,True,0.0,master,valid_observed_phase_at_origin,BASE,calibration,1,0,spectral_core,local_partition_rf,0,0.13,0,0.17
1744,2018-10,2018-06,4,0,True,0.0,master,valid_observed_phase_at_origin,BASE,calibration,1,3,spectral_core,local_partition_rf,0,0.16,0,0.1
1745,2018-10,2018-06,4,1,True,1.0,master,valid_observed_phase_at_origin,BASE,calibration,1,3,spectral_core,local_partition_rf,0,0.04,0,0.05
1746,2018-10,2018-06,4,0,True,0.0,master,valid_observed_phase_at_origin,BASE,calibration,1,12,spectral_core,local_partition_rf,0,0.29,0,0.2
1747,2018-10,2018-06,4,0,True,0.0,master,valid_observed_phase_at_origin,BASE,calibration,1,3,spectral_core,local_partition_rf,0,0.04,0,0.04
1748,2018-10,2018-06,4,0,True,0.0,master,valid_observed_phase_at_origin,BASE,calibration,1,3,spectral_core,local_partition_rf,0,0.11,0,0.13
1749,2018-10,2018-06,4,0,True,0.0,master,valid_observed_phase_at_origin,BASE,calibration,1,0,spectral_core,local_partition_rf,0,0.32,0,0.24
1750,2018-10,2018-06,4,0,True,0.0,master,valid_observed_phase_at_origin,BASE,calibration,1,0,spectral_core,local_partition_rf,0,0.19,0,0.18
1751,2018-10,2018-06,4,0,True,0.0,master,valid_observed_phase_at_origin,BASE,calibration,1,3,spectral_core,local_partition_rf,0,0.31,0,0.2
1752,2018-10,2018-06,4,0,True,0.0,master,valid_observed_phase_at_origin,BASE,calibration,1,3,spectral_core,local_partition_rf,0,0.02,0,0.04
1753,2018-10,2018-06,4,0,True,0.0,master,valid_observed_phase_at_origin,BASE,calibration,1,0,spectral_core,local_partition_rf,0,0.0,0,0.11
1754,2018-10,2018-06,4,0,True,0.0,master,valid_observed_phase_at_origin,BASE,calibration,1,3,spectral_core,local_partition_rf,0,0.04,0,0.02
1755,2018-10,2018-06,4,0,True,0.0,master,valid_observed_phase_at_origin,BASE,calibration,1,3,spectral_core,local_partition_rf,0,0.11,0,0.16
1756,2018-10,2018-06,4,0,True,0.0,master,valid_observed_phase_at_origin,BASE,calibration,1,0,spectral_core,local_partition_rf,0,0.14,0,0.22
1757,2018-10,2018-06,4,0,True,0.0,master,valid_observed_phase_at_origin,BASE,calibration,1,0,spectral_core,local_partition_rf,0,0.01,0,0.06
1758,2018-10,2018-06,4,0,True,0.0,master,valid_observed_phase_at_origin,BASE,calibration,1,3,spectral_core,local_partition_rf,0,0.06,0,0.05
1759,2018-10,2018-06,4,0,True,0.0,master,valid_observed_phase_at_origin,BASE,calibration,1,0,spectral_core,local_partition_rf,0,0.27,0,0.2
1760,2018-10,2018-06,4,1,True,1.0,master,valid_observed_phase_at_origin,BASE,calibration,1,3,spectral_core,local_partition_rf,0,0.05,0,0.05
1761,2018-10,2018-06,4,0,True,0.0,master,valid_observed_phase_at_origin,BASE,calibration,1,3,spectral_core,local_partition_rf,0,0.06,0,0.05
1762,2018-10,2018-06,4,0,True,1.0,master,valid_observed_phase_at_origin,BASE,calibration,1,12,spectral_core,local_partition_rf,1,0.51,0,0.43
1763,2018-10,2018-06,4,0,True,0.0,master,valid_observed_phase_at_origin,BASE,calibration,1,3,spectral_core,local_partition_rf,0,0.03,0,0.03
1764,2018-10,2018-06,4,0,True,0.0,master,valid_observed_phase_at_origin,BASE,calibration,1,0,spectral_core,local_partition_rf,0,0.18,0,0.2
1765,2018-10,2018-06,4,0,True,0.0,master,valid_observed_phase_at_origin,BASE,calibration,1,3,spectral_core,local_partition_rf,0,0.11,0,0.12
1766,2018-10,2018-06,4,0,True,0.0,master,valid_observed_phase_at_origin,BASE,calibration,1,12,spectral_core,local_partition_rf,0,0.23,0,0.18
1767,2018-10,2018-06,4,0,True,0.0,master,valid_observed_phase_at_origin,BASE,calibration,1,0,spectral_core,local_partition_rf,0,0.25,0,0.24
1768,2018-10,2018-06,4,0,True,0.0,master,valid_observed_phase_at_origin,BASE,calibration,1,3,spectral_core,local_partition_rf,0,0.02,0,0.02
1769,2018-10,2018-06,4,0,True,0.0,master,valid_observed_phase_at_origin,BASE,calibration,1,12,spectral_core,local_partition_rf,0,0.21,0,0.26
1770,2018-10,2018-06,4,0,True,0.0,master,valid_observed_phase_at_origin,BASE,calibration,1,0,spectral_core,local_partition_rf,0,0.12,0,0.1
1771,2018-10,2018-06,4,0,True,0.0,master,valid_observed_phase_at_origin,BASE,calibration,1,0,spectral_core,local_partition_rf,0,0.13,0,0.19
1772,2018-10,2018-06,4,0,True,0.0,master,valid_observed_phase_at_origin,BASE,calibration,1,3,spectral_core,local_partition_rf,0,0.07,0,0.05
1773,2018-10,2018-06,4,0,True,0.0,master,valid_observed_phase_at_origin,BASE,calibration,1,0,spectral_core,local_partition_rf,0,0.36,0,0.26
1774,2018-10,2018-06,4,0,True,0.0,master,valid_observed_phase_at_origin,BASE,calibration,1,3,spectral_core,local_partition_rf,0,0.03,0,0.03
1775,2018-10,2018-06,4,0,True,0.0,master,valid_observed_phase_at_origin,BASE,calibration,1,3,spectral_core,local_partition_rf,0,0.01,0,0.04
1776,2018-10,2018-06,4,0,True,0.0,master,valid_observed_phase_at_origin,BASE,calibration,1,3,spectral_core,local_partition_rf,0,0.33,0,0.21
1777,2018-10,2018-06,4,1,True,1.0,master,valid_observed_phase_at_origin,BASE,calibration,1,12,spectral_core,local_partition_rf,1,0.51,0,0.31
1778,2018-10,2018-06,4,0,True,0.0,master,valid_observed_phase_at_origin,BASE,calibration,1,12,spectral_core,local_partition_rf,0,0.31,0,0.17
1779,2018-10,2018-06,4,1,True,0.0,master,valid_observed_phase_at_origin,BASE,calibration,1,0,spectral_core,local_partition_rf,0,0.29,0,0.21
1780,2018-10,2018-06,4,0,True,0.0,master,valid_observed_phase_at_origin,BASE,calibration,1,12,spectral_core,local_partition_rf,0,0.22,0,0.14
1781,2018-10,2018-06,4,0,True,0.0,master,valid_observed_phase_at_origin,BASE,calibration,1,3,spectral_core,local_partition_rf,0,0.02,0,0.03
1782,2018-10,2018-06,4,0,True,0.0,master,valid_observed_phase_at_origin,BASE,calibration,1,0,spectral_core,local_partition_rf,0,0.09,0,0.14
1783,2018-10,2018-06,4,0,True,0.0,master,valid_observed_phase_at_origin,BASE,calibration,1,0,spectral_core,local_partition_rf,0,0.01,0,0.1
1784,2018-10,2018-06,4,0,True,0.0,master,valid_observed_phase_at_origin,BASE,calibration,1,0,spectral_core,local_partition_rf,0,0.08,0,0.15
1785,2018-10,2018-06,4,0,True,0.0,master,valid_observed_phase_at_origin,BASE,calibration,1,0,spectral_core,local_partition_rf,0,0.13,0,0.15
1786,2018-10,2018-06,4,1,True,1.0,master,valid_observed_phase_at_origin,BASE,calibration,1,12,spectral_core,local_partition_rf,0,0.39,0,0.41
1787,2018-10,2018-06,4,0,True,0.0,master,valid_observed_phase_at_origin,BASE,calibration,1,0,spectral_core,local_partition_rf,0,0.14,0,0.16
1788,2018-10,2018-06,4,0,True,0.0,master,valid_observed_phase_at_origin,BASE,calibration,1,3,spectral_core,local_partition_rf,0,0.03,0,0.04
1789,2018-10,2018-06,4,0,True,0.0,master,valid_observed_phase_at_origin,BASE,calibration,1,3,spectral_core,local_partition_rf,0,0.04,0,0.01
1790,2018-10,2018-06,4,0,True,0.0,master,valid_observed_phase_at_origin,BASE,calibration,1,3,spectral_core,local_partition_rf,0,0.3,0,0.23
1791,2018-10,2018-06,4,0,True,0.0,master,valid_observed_phase_at_origin,BASE,calibration,1,3,spectral_core,local_partition_rf,0,0.03,0,0.1
1792,2018-10,2018-06,4,1,True,0.0,master,valid_observed_phase_at_origin,BASE,calibration,1,12,spectral_core,local_partition_rf,1,0.55,0,0.5
1793,2018-10,2018-06,4,0,True,0.0,master,valid_observed_phase_at_origin,BASE,calibration,1,0,spectral_core,local_partition_rf,0,0.12,0,0.17
1794,2018-10,2018-06,4,0,True,0.0,master,valid_observed_phase_at_origin,BASE,calibration,1,0,spectral_core,local_partition_rf,0,0.02,0,0.08
1795,2018-10,2018-06,4,0,True,0.0,master,valid_observed_phase_at_origin,BASE,calibration,1,0,spectral_core,local_partition_rf,0,0.13,0,0.2
1796,2018-10,2018-06,4,0,True,0.0,master,valid_observed_phase_at_origin,BASE,calibration,1,0,spectral_core,local_partition_rf,0,0.33,0,0.24
1797,2018-10,2018-06,4,0,True,0.0,master,valid_observed_phase_at_origin,BASE,calibration,1,12,spectral_core,local_partition_rf,0,0.34,0,0.29
1798,2018-10,2018-06,4,0,True,0.0,master,valid_observed_phase_at_origin,BASE,calibration,1,12,spectral_core,local_partition_rf,0,0.42,0,0.27
1799,2018-10,2018-06,4,0,True,0.0,master,valid_observed_phase_at_origin,BASE,calibration,1,0,spectral_core,local_partition_rf,0,0.23,0,0.12
1800,2018-10,2018-06,4,0,True,0.0,master,valid_observed_phase_at_origin,BASE,calibration,1,0,spectral_core,local_partition_rf,0,0.01,0,0.09
1801,2018-10,2018-06,4,1,True,1.0,master,valid_observed_phase_at_origin,BASE,calibration,1,12,spectral_core,local_partition_rf,0,0.44,1,0.51
1802,2018-10,2018-06,4,0,True,0.0,master,valid_observed_phase_at_origin,BASE,calibration,1,3,spectral_core,local_partition_rf,0,0.04,0,0.07
1803,2018-10,2018-06,4,0,True,0.0,master,valid_observed_phase_at_origin,BASE,calibration,1,3,spectral_core,local_partition_rf,0,0.05,0,0.08
1804,2018-10,2018-06,4,0,True,0.0,master,valid_observed_phase_at_origin,BASE,calibration,1,3,spectral_core,local_partition_rf,0,0.14,0,0.07
1805,2018-10,2018-06,4,0,True,0.0,master,valid_observed_phase_at_origin,BASE,calibration,1,3,spectral_core,local_partition_rf,0,0.04,0,0.07
1806,2018-10,2018-06,4,0,True,0.0,master,valid_observed_phase_at_origin,BASE,calibration,1,3,spectral_core,local_partition_rf,0,0.12,0,0.09
1807,2018-10,2018-06,4,0,True,0.0,master,valid_observed_phase_at_origin,BASE,calibration,1,3,spectral_core,local_partition_rf,0,0.18,0,0.11
1808,2018-10,2018-06,4,1,True,1.0,master,valid_observed_phase_at_origin,BASE,calibration,1,3,spectral_core,local_partition_rf,0,0.16,0,0.14
1809,2018-10,2018-06,4,0,True,0.0,master,valid_observed_phase_at_origin,BASE,calibration,1,0,spectral_core,local_partition_rf,0,0.02,0,0.07
1810,2018-10,2018-06,4,0,True,0.0,master,valid_observed_phase_at_origin,BASE,calibration,1,3,spectral_core,local_partition_rf,0,0.06,0,0.05
1811,2018-10,2018-06,4,0,True,0.0,master,valid_observed_phase_at_origin,BASE,calibration,1,3,spectral_core,local_partition_rf,0,0.28,0,0.24
1812,2018-10,2018-06,4,0,True,0.0,master,valid_observed_phase_at_origin,BASE,calibration,1,3,spectral_core,local_partition_rf,0,0.04,0,0.02
1813,2018-10,2018-06,4,0,True,0.0,master,valid_observed_phase_at_origin,BASE,calibration,1,3,spectral_core,local_partition_rf,0,0.02,0,0.05
1814,2018-10,2018-06,4,0,True,0.0,master,valid_observed_phase_at_origin,BASE,calibration,1,3,spectral_core,local_partition_rf,0,0.03,0,0.04
1815,2018-10,2018-06,4,0,True,0.0,master,valid_observed_phase_at_origin,BASE,calibration,1,3,spectral_core,local_partition_rf,0,0.2,0,0.18
1816,2018-10,2018-06,4,0,True,0.0,master,valid_observed_phase_at_origin,BASE,calibration,1,3,spectral_core,local_partition_rf,0,0.05,0,0.05
1817,2018-10,2018-06,4,0,True,0.0,master,valid_observed_phase_at_origin,BASE,calibration,1,3,spectral_core,local_partition_rf,0,0.18,0,0.19
1818,2018-10,2018-06,4,0,True,0.0,master,valid_observed_phase_at_origin,BASE,calibration,1,3,spectral_core,local_partition_rf,0,0.2,0,0.19
1819,2018-10,2018-06,4,0,True,0.0,master,valid_observed_phase_at_origin,BASE,calibration,1,0,spectral_core,local_partition_rf,0,0.0,0,0.01
1820,2018-10,2018-06,4,0,True,0.0,master,valid_observed_phase_at_origin,BASE,calibration,1,0,spectral_core,local_partition_rf,0,0.17,0,0.15
1821,2018-10,2018-06,4,0,True,0.0,master,valid_observed_phase_at_origin,BASE,calibration,1,3,spectral_core,local_partition_rf,0,0.04,0,0.03
1822,2018-10,2018-06,4,0,True,0.0,master,valid_observed_phase_at_origin,BASE,calibration,1,3,spectral_core,local_partition_rf,0,0.09,0,0.1
1823,2018-10,2018-06,4,0,True,0.0,master,valid_observed_phase_at_origin,BASE,calibration,1,3,spectral_core,local_partition_rf,0,0.04,0,0.04
1824,2018-10,2018-06,4,0,True,0.0,master,valid_observed_phase_at_origin,BASE,calibration,1,3,spectral_core,local_partition_rf,0,0.03,0,0.02
1825,2018-10,2018-06,4,0,True,0.0,master,valid_observed_phase_at_origin,BASE,calibration,1,12,spectral_core,local_partition_rf,0,0.31,0,0.24
1826,2018-10,2018-06,4,0,True,0.0,master,valid_observed_phase_at_origin,BASE,calibration,1,3,spectral_core,local_partition_rf,0,0.03,0,0.02
1827,2018-10,2018-06,4,0,True,0.0,master,valid_observed_phase_at_origin,BASE,calibration,1,3,spectral_core,local_partition_rf,0,0.06,0,0.02
1828,2018-10,2018-06,4,0,True,0.0,master,valid_observed_phase_at_origin,BASE,calibration,1,3,spectral_core,local_partition_rf,0,0.03,0,0.02
1829,2018-10,2018-06,4,0,True,0.0,master,valid_observed_phase_at_origin,BASE,calibration,1,3,spectral_core,local_partition_rf,0,0.04,0,0.05
1830,2018-10,2018-06,4,0,True,0.0,master,valid_observed_phase_at_origin,BASE,calibration,1,3,spectral_core,local_partition_rf,0,0.39,0,0.35
1831,2018-10,2018-06,4,0,True,0.0,master,valid_observed_phase_at_origin,BASE,calibration,1,3,spectral_core,local_partition_rf,0,0.04,0,0.05
1832,2018-10,2018-06,4,1,True,1.0,master,valid_observed_phase_at_origin,BASE,calibration,1,12,spectral_core,local_partition_rf,0,0.5,0,0.48
1833,2018-10,2018-06,4,0,True,0.0,master,valid_observed_phase_at_origin,BASE,calibration,1,3,spectral_core,local_partition_rf,0,0.03,0,0.04
1834,2018-10,2018-06,4,0,True,0.0,master,valid_observed_phase_at_origin,BASE,calibration,1,3,spectral_core,local_partition_rf,0,0.06,0,0.08
1835,2018-10,2018-06,4,0,True,0.0,master,valid_observed_phase_at_origin,BASE,calibration,1,0,spectral_core,local_partition_rf,0,0.12,0,0.13
1836,2018-10,2018-06,4,0,True,0.0,master,valid_observed_phase_at_origin,BASE,calibration,1,0,spectral_core,local_partition_rf,0,0.09,0,0.1
1837,2018-10,2018-06,4,0,True,0.0,master,valid_observed_phase_at_origin,BASE,calibration,1,0,spectral_core,local_partition_rf,0,0.16,0,0.16
1838,2018-10,2018-06,4,0,True,0.0,master,valid_observed_phase_at_origin,BASE,calibration,1,0,spectral_core,local_partition_rf,0,0.01,0,0.11
1839,2018-10,2018-06,4,0,True,0.0,master,valid_observed_phase_at_origin,BASE,calibration,1,3,spectral_core,local_partition_rf,0,0.23,0,0.18
1840,2018-10,2018-06,4,0,True,0.0,master,valid_observed_phase_at_origin,BASE,calibration,1,0,spectral_core,local_partition_rf,0,0.36,0,0.3
1841,2018-10,2018-06,4,0,True,0.0,master,valid_observed_phase_at_origin,BASE,calibration,1,0,spectral_core,local_partition_rf,0,0.26,0,0.26
1842,2018-10,2018-06,4,0,True,0.0,master,valid_observed_phase_at_origin,BASE,calibration,1,0,spectral_core,local_partition_rf,0,0.1,0,0.14
1843,2018-10,2018-06,4,0,True,0.0,master,valid_observed_phase_at_origin,BASE,calibration,1,0,spectral_core,local_partition_rf,0,0.02,0,0.09
1844,2018-10,2018-06,4,0,True,0.0,master,valid_observed_phase_at_origin,BASE,calibration,1,0,spectral_core,local_partition_rf,0,0.02,0,0.06
1845,2018-10,2018-06,4,0,True,0.0,master,valid_observed_phase_at_origin,BASE,calibration,1,0,spectral_core,local_partition_rf,0,0.18,0,0.27
1846,2018-10,2018-06,4,0,True,0.0,master,valid_observed_phase_at_origin,BASE,calibration,1,0,spectral_core,local_partition_rf,0,0.15,0,0.24
1847,2018-10,2018-06,4,0,True,0.0,master,valid_observed_phase_at_origin,BASE,calibration,1,0,spectral_core,local_partition_rf,0,0.12,0,0.22
1848,2018-10,2018-06,4,0,True,0.0,master,valid_observed_phase_at_origin,BASE,calibration,1,0,spectral_core,local_partition_rf,0,0.33,0,0.27
1849,2018-10,2018-06,4,0,True,0.0,master,valid_observed_phase_at_origin,BASE,calibration,1,3,spectral_core,local_partition_rf,0,0.03,0,0.04
1850,2018-10,2018-06,4,0,True,0.0,master,valid_observed_phase_at_origin,BASE,calibration,1,3,spectral_core,local_partition_rf,0,0.02,0,0.02
1851,2018-10,2018-06,4,0,True,0.0,master,valid_observed_phase_at_origin,BASE,calibration,1,12,spectral_core,local_partition_rf,0,0.29,0,0.17
1852,2018-10,2018-06,4,0,True,0.0,master,valid_observed_phase_at_origin,BASE,calibration,1,3,spectral_core,local_partition_rf,0,0.08,0,0.07
1853,2018-10,2018-06,4,0,True,0.0,master,valid_observed_phase_at_origin,BASE,calibration,1,3,spectral_core,local_partition_rf,0,0.0,0,0.05
1854,2018-10,2018-06,4,0,True,0.0,master,valid_observed_phase_at_origin,BASE,calibration,1,3,spectral_core,local_partition_rf,0,0.15,0,0.12
1855,2018-10,2018-06,4,0,True,0.0,master,valid_observed_phase_at_origin,BASE,calibration,1,3,spectral_core,local_partition_rf,0,0.03,0,0.05
1856,2018-10,2018-06,4,0,True,0.0,master,valid_observed_phase_at_origin,BASE,calibration,1,0,spectral_core,local_partition_rf,0,0.11,0,0.21
1857,2018-10,2018-06,4,0,True,0.0,master,valid_observed_phase_at_origin,BASE,calibration,1,3,spectral_core,local_partition_rf,0,0.04,0,0.07
1858,2018-10,2018-06,4,0,True,0.0,master,valid_observed_phase_at_origin,BASE,calibration,1,3,spectral_core,local_partition_rf,0,0.03,0,0.08
1859,2018-10,2018-06,4,0,True,0.0,master,valid_observed_phase_at_origin,BASE,calibration,1,3,spectral_core,local_partition_rf,0,0.02,0,0.05
1860,2018-10,2018-06,4,0,True,0.0,master,valid_observed_phase_at_origin,BASE,calibration,1,3,spectral_core,local_partition_rf,0,0.01,0,0.01
1861,2018-10,2018-06,4,0,True,0.0,master,valid_observed_phase_at_origin,BASE,calibration,1,3,spectral_core,local_partition_rf,0,0.02,0,0.04
1862,2018-10,2018-06,4,0,True,0.0,master,valid_observed_phase_at_origin,BASE,calibration,1,0,spectral_core,local_partition_rf,0,0.26,0,0.19
1863,2018-10,2018-06,4,0,True,0.0,master,valid_observed_phase_at_origin,BASE,calibration,1,0,spectral_core,local_partition_rf,0,0.21,0,0.24
1864,2018-10,2018-06,4,0,True,0.0,master,valid_observed_phase_at_origin,BASE,calibration,1,0,spectral_core,local_partition_rf,0,0.14,0,0.16
1865,2018-10,2018-06,4,0,True,0.0,master,valid_observed_phase_at_origin,BASE,calibration,1,0,spectral_core,local_partition_rf,0,0.26,0,0.18
1866,2018-10,2018-06,4,0,True,0.0,master,valid_observed_phase_at_origin,BASE,calibration,1,0,spectral_core,local_partition_rf,0,0.03,0,0.11
1867,2018-10,2018-06,4,0,True,0.0,master,valid_observed_phase_at_origin,BASE,calibration,1,0,spectral_core,local_partition_rf,0,0.05,0,0.2
1868,2018-10,2018-06,4,0,True,0.0,master,valid_observed_phase_at_origin,BASE,calibration,1,0,spectral_core,local_partition_rf,0,0.23,0,0.2
1869,2018-10,2018-06,4,0,True,0.0,master,valid_observed_phase_at_origin,BASE,calibration,1,0,spectral_core,local_partition_rf,0,0.09,0,0.17
1870,2018-10,2018-06,4,0,True,0.0,master,valid_observed_phase_at_origin,BASE,calibration,1,12,spectral_core,local_partition_rf,0,0.3,0,0.19
1871,2018-10,2018-06,4,0,True,0.0,master,valid_observed_phase_at_origin,BASE,calibration,1,3,spectral_core,local_partition_rf,0,0.31,0,0.23
1872,2018-10,2018-06,4,0,True,0.0,master,valid_observed_phase_at_origin,BASE,calibration,1,12,spectral_core,local_partition_rf,0,0.27,0,0.21
1873,2018-10,2018-06,4,0,True,0.0,master,valid_observed_phase_at_origin,BASE,calibration,1,0,spectral_core,local_partition_rf,0,0.0,0,0.1
1874,2018-10,2018-06,4,0,True,0.0,master,valid_observed_phase_at_origin,BASE,calibration,1,0,spectral_core,local_partition_rf,0,0.0,0,0.14
1875,2018-10,2018-06,4,0,True,0.0,master,valid_observed_phase_at_origin,BASE,calibration,1,0,spectral_core,local_partition_rf,0,0.34,0,0.15
1876,2018-10,2018-06,4,0,True,0.0,master,valid_observed_phase_at_origin,BASE,calibration,1,0,spectral_core,local_partition_rf,0,0.05,0,0.1
1877,2018-10,2018-06,4,0,True,0.0,master,valid_observed_phase_at_origin,BASE,calibration,1,0,spectral_core,local_partition_rf,0,0.12,0,0.15
1878,2018-10,2018-06,4,0,True,0.0,master,valid_observed_phase_at_origin,BASE,calibration,1,3,spectral_core,local_partition_rf,0,0.07,0,0.08
1879,2018-10,2018-06,4,0,True,0.0,master,valid_observed_phase_at_origin,BASE,calibration,1,3,spectral_core,local_partition_rf,0,0.0,0,0.03
1880,2018-10,2018-06,4,1,True,1.0,master,valid_observed_phase_at_origin,BASE,calibration,1,12,spectral_core,local_partition_rf,1,0.52,0,0.29
1881,2018-10,2018-06,4,1,True,1.0,master,valid_observed_phase_at_origin,BASE,calibration,1,12,spectral_core,local_partition_rf,0,0.39,0,0.26
1882,2018-10,2018-06,4,0,True,0.0,master,valid_observed_phase_at_origin,BASE,calibration,1,0,spectral_core,local_partition_rf,0,0.01,0,0.07
1883,2018-10,2018-06,4,0,True,0.0,master,valid_observed_phase_at_origin,BASE,calibration,1,3,spectral_core,local_partition_rf,0,0.11,0,0.09
1884,2018-10,2018-06,4,0,True,0.0,master,valid_observed_phase_at_origin,BASE,calibration,1,0,spectral_core,local_partition_rf,0,0.11,0,0.21
1885,2018-10,2018-06,4,1,True,1.0,master,valid_observed_phase_at_origin,BASE,calibration,1,12,spectral_core,local_partition_rf,0,0.38,0,0.25
1886,2018-10,2018-06,4,0,True,0.0,master,valid_observed_phase_at_origin,BASE,calibration,1,0,spectral_core,local_partition_rf,0,0.09,0,0.1
1887,2018-10,2018-06,4,0,True,0.0,master,valid_observed_phase_at_origin,BASE,calibration,1,3,spectral_core,local_partition_rf,0,0.07,0,0.08
1888,2018-10,2018-06,4,1,True,1.0,master,valid_observed_phase_at_origin,BASE,calibration,1,0,spectral_core,local_partition_rf,0,0.35,0,0.28
1889,2018-10,2018-06,4,0,True,0.0,master,valid_observed_phase_at_origin,BASE,calibration,1,0,spectral_core,local_partition_rf,0,0.42,0,0.3
1890,2018-10,2018-06,4,0,True,0.0,master,valid_observed_phase_at_origin,BASE,calibration,1,0,spectral_core,local_partition_rf,0,0.28,0,0.26
1891,2018-10,2018-06,4,0,True,0.0,master,valid_observed_phase_at_origin,BASE,calibration,1,0,spectral_core,local_partition_rf,0,0.23,0,0.24
1892,2018-10,2018-06,4,0,True,0.0,master,valid_observed_phase_at_origin,BASE,calibration,1,3,spectral_core,local_partition_rf,0,0.21,0,0.11
1893,2018-10,2018-06,4,0,True,0.0,master,valid_observed_phase_at_origin,BASE,calibration,1,0,spectral_core,local_partition_rf,0,0.08,0,0.15
1894,2018-10,2018-06,4,0,True,0.0,master,valid_observed_phase_at_origin,BASE,calibration,1,3,spectral_core,local_partition_rf,0,0.17,0,0.13
1895,2018-10,2018-06,4,0,True,0.0,master,valid_observed_phase_at_origin,BASE,calibration,1,3,spectral_core,local_partition_rf,0,0.18,0,0.12
1896,2018-10,2018-06,4,0,True,0.0,master,valid_observed_phase_at_origin,BASE,calibration,1,3,spectral_core,local_partition_rf,0,0.12,0,0.09
1897,2018-10,2018-06,4,0,True,0.0,master,valid_observed_phase_at_origin,BASE,calibration,1,3,spectral_core,local_partition_rf,0,0.31,0,0.28
1898,2018-10,2018-06,4,0,True,0.0,master,valid_observed_phase_at_origin,BASE,calibration,1,3,spectral_core,local_partition_rf,0,0.14,0,0.16
1899,2018-10,2018-06,4,0,True,0.0,master,valid_observed_phase_at_origin,BASE,calibration,1,3,spectral_core,local_partition_rf,0,0.2,0,0.11
1900,2018-10,2018-06,4,0,True,0.0,master,valid_observed_phase_at_origin,BASE,calibration,1,3,spectral_core,local_partition_rf,0,0.3,0,0.2
1901,2018-10,2018-06,4,0,True,0.0,master,valid_observed_phase_at_origin,BASE,calibration,1,3,spectral_core,local_partition_rf,0,0.24,0,0.2
1902,2018-10,2018-06,4,0,True,0.0,master,valid_observed_phase_at_origin,BASE,calibration,1,3,spectral_core,local_partition_rf,0,0.15,0,0.1
1903,2018-10,2018-06,4,0,True,0.0,master,valid_observed_phase_at_origin,BASE,calibration,1,3,spectral_core,local_partition_rf,0,0.04,0,0.05
1904,2018-10,2018-06,4,1,True,0.0,master,valid_observed_phase_at_origin,BASE,calibration,1,3,spectral_core,local_partition_rf,0,0.02,0,0.04
1905,2018-10,2018-06,4,0,True,0.0,master,valid_observed_phase_at_origin,BASE,calibration,1,0,spectral_core,local_partition_rf,0,0.17,0,0.21
1906,2018-10,2018-06,4,0,True,0.0,master,valid_observed_phase_at_origin,BASE,calibration,1,0,spectral_core,local_partition_rf,0,0.04,0,0.14
1907,2018-10,2018-06,4,0,True,0.0,master,valid_observed_phase_at_origin,BASE,calibration,1,0,spectral_core,local_partition_rf,0,0.08,0,0.13
1908,2018-10,2018-06,4,0,True,0.0,master,valid_observed_phase_at_origin,BASE,calibration,1,0,spectral_core,local_partition_rf,0,0.06,0,0.13
1909,2018-10,2018-06,4,1,True,1.0,master,valid_observed_phase_at_origin,BASE,calibration,1,3,spectral_core,local_partition_rf,0,0.26,0,0.13
1910,2018-10,2018-06,4,1,True,1.0,master,valid_observed_phase_at_origin,BASE,calibration,1,3,spectral_core,local_partition_rf,0,0.18,0,0.13
1911,2018-10,2018-06,4,1,True,1.0,master,valid_observed_phase_at_origin,BASE,calibration,1,3,spectral_core,local_partition_rf,0,0.24,0,0.18
1912,2018-10,2018-06,4,0,True,0.0,master,valid_observed_phase_at_origin,BASE,calibration,1,3,spectral_core,local_partition_rf,0,0.14,0,0.11
1913,2018-10,2018-06,4,0,True,0.0,master,valid_observed_phase_at_origin,BASE,calibration,1,0,spectral_core,local_partition_rf,0,0.01,0,0.14
1914,2018-10,2018-06,4,0,True,0.0,master,valid_observed_phase_at_origin,BASE,calibration,1,3,spectral_core,local_partition_rf,0,0.18,0,0.17
1915,2018-10,2018-06,4,0,True,1.0,master,valid_observed_phase_at_origin,BASE,calibration,1,12,spectral_core,local_partition_rf,1,0.51,0,0.47
1916,2018-10,2018-06,4,0,True,0.0,master,valid_observed_phase_at_origin,BASE,calibration,1,0,spectral_core,local_partition_rf,0,0.17,0,0.17
1917,2018-10,2018-06,4,0,True,0.0,master,valid_observed_phase_at_origin,BASE,calibration,1,0,spectral_core,local_partition_rf,0,0.17,0,0.12
1918,2018-10,2018-06,4,0,True,0.0,master,valid_observed_phase_at_origin,BASE,calibration,1,3,spectral_core,local_partition_rf,0,0.11,0,0.12
1919,2018-10,2018-06,4,1,True,1.0,master,valid_observed_phase_at_origin,BASE,calibration,1,3,spectral_core,local_partition_rf,0,0.18,0,0.16
1920,2018-10,2018-06,4,0,True,0.0,master,valid_observed_phase_at_origin,BASE,calibration,1,3,spectral_core,local_partition_rf,0,0.03,0,0.11
1921,2018-10,2018-06,4,0,True,0.0,master,valid_observed_phase_at_origin,BASE,calibration,1,3,spectral_core,local_partition_rf,0,0.02,0,0.07
1922,2018-10,2018-06,4,0,True,0.0,master,valid_observed_phase_at_origin,BASE,calibration,1,3,spectral_core,local_partition_rf,0,0.03,0,0.1
1923,2018-10,2018-06,4,0,True,0.0,master,valid_observed_phase_at_origin,BASE,calibration,1,3,spectral_core,local_partition_rf,0,0.15,0,0.05
1924,2018-10,2018-06,4,0,True,0.0,master,valid_observed_phase_at_origin,BASE,calibration,1,0,spectral_core,local_partition_rf,0,0.2,0,0.23
1925,2018-10,2018-06,4,0,True,0.0,master,valid_observed_phase_at_origin,BASE,calibration,1,3,spectral_core,local_partition_rf,0,0.01,0,0.02
1926,2018-10,2018-06,4,0,True,0.0,master,valid_observed_phase_at_origin,BASE,calibration,1,3,spectral_core,local_partition_rf,0,0.02,0,0.06
1927,2018-10,2018-06,4,0,True,0.0,master,valid_observed_phase_at_origin,BASE,calibration,1,3,spectral_core,local_partition_rf,0,0.15,0,0.1
1928,2018-10,2018-06,4,0,True,0.0,master,valid_observed_phase_at_origin,BASE,calibration,1,3,spectral_core,local_partition_rf,0,0.05,0,0.08
1929,2018-10,2018-06,4,0,True,0.0,master,valid_observed_phase_at_origin,BASE,calibration,1,3,spectral_core,local_partition_rf,0,0.02,0,0.04
1930,2018-10,2018-06,4,0,True,0.0,master,valid_observed_phase_at_origin,BASE,calibration,1,3,spectral_core,local_partition_rf,0,0.1,0,0.08
1931,2018-10,2018-06,4,0,True,0.0,master,valid_observed_phase_at_origin,BASE,calibration,1,3,spectral_core,local_partition_rf,0,0.06,0,0.04
1932,2018-10,2018-06,4,0,True,0.0,master,valid_observed_phase_at_origin,BASE,calibration,1,3,spectral_core,local_partition_rf,0,0.03,0,0.04
1933,2018-10,2018-06,4,0,True,0.0,master,valid_observed_phase_at_origin,BASE,calibration,1,0,spectral_core,local_partition_rf,0,0.23,0,0.19
1934,2018-10,2018-06,4,0,True,0.0,master,valid_observed_phase_at_origin,BASE,calibration,1,3,spectral_core,local_partition_rf,0,0.06,0,0.01
1935,2018-10,2018-06,4,0,True,0.0,master,valid_observed_phase_at_origin,BASE,calibration,1,3,spectral_core,local_partition_rf,0,0.09,0,0.04
1936,2018-10,2018-06,4,0,True,0.0,master,valid_observed_phase_at_origin,BASE,calibration,1,3,spectral_core,local_partition_rf,0,0.02,0,0.04
1937,2018-10,2018-06,4,0,True,0.0,master,valid_observed_phase_at_origin,BASE,calibration,1,0,spectral_core,local_partition_rf,0,0.01,0,0.02
1938,2018-10,2018-06,4,0,True,0.0,master,valid_observed_phase_at_origin,BASE,calibration,1,12,spectral_core,local_partition_rf,0,0.23,0,0.22
1939,2018-10,2018-06,4,1,True,1.0,master,valid_observed_phase_at_origin,BASE,calibration,1,3,spectral_core,local_partition_rf,0,0.13,0,0.14
1940,2018-10,2018-06,4,0,True,0.0,master,valid_observed_phase_at_origin,BASE,calibration,1,0,spectral_core,local_partition_rf,0,0.06,0,0.07
1941,2018-10,2018-06,4,0,True,0.0,master,valid_observed_phase_at_origin,BASE,calibration,1,0,spectral_core,local_partition_rf,0,0.01,0,0.12
1942,2018-10,2018-06,4,1,True,1.0,master,valid_observed_phase_at_origin,BASE,calibration,1,12,spectral_core,local_partition_rf,0,0.38,0,0.42
1943,2018-10,2018-06,4,0,True,0.0,master,valid_observed_phase_at_origin,BASE,calibration,1,0,spectral_core,local_partition_rf,0,0.17,0,0.24
1944,2018-10,2018-06,4,0,True,0.0,master,valid_observed_phase_at_origin,BASE,calibration,1,3,spectral_core,local_partition_rf,0,0.04,0,0.02
1945,2018-10,2018-06,4,0,True,1.0,master,valid_observed_phase_at_origin,BASE,calibration,1,12,spectral_core,local_partition_rf,1,0.52,0,0.35
1946,2018-10,2018-06,4,0,True,0.0,master,valid_observed_phase_at_origin,BASE,calibration,1,0,spectral_core,local_partition_rf,0,0.19,0,0.23
1947,2018-10,2018-06,4,0,True,0.0,master,valid_observed_phase_at_origin,BASE,calibration,1,0,spectral_core,local_partition_rf,0,0.33,0,0.21
1948,2018-10,2018-06,4,0,True,0.0,master,valid_observed_phase_at_origin,BASE,calibration,1,0,spectral_core,local_partition_rf,0,0.31,0,0.24
1949,2018-10,2018-06,4,0,True,0.0,master,valid_observed_phase_at_origin,BASE,calibration,1,12,spectral_core,local_partition_rf,0,0.41,0,0.34
1950,2018-10,2018-06,4,0,True,0.0,master,valid_observed_phase_at_origin,BASE,calibration,1,3,spectral_core,local_partition_rf,0,0.29,0,0.21
1951,2018-10,2018-06,4,0,True,0.0,master,valid_observed_phase_at_origin,BASE,calibration,1,3,spectral_core,local_partition_rf,0,0.2,0,0.17
1952,2018-10,2018-06,4,0,True,0.0,master,valid_observed_phase_at_origin,BASE,calibration,1,3,spectral_core,local_partition_rf,0,0.06,0,0.05
1953,2018-10,2018-06,4,0,True,0.0,master,valid_observed_phase_at_origin,BASE,calibration,1,12,spectral_core,local_partition_rf,0,0.27,0,0.24
1954,2018-10,2018-06,4,0,True,0.0,master,valid_observed_phase_at_origin,BASE,calibration,1,0,spectral_core,local_partition_rf,0,0.21,0,0.21
1955,2018-10,2018-06,4,1,True,1.0,master,valid_observed_phase_at_origin,BASE,calibration,1,12,spectral_core,local_partition_rf,0,0.47,0,0.42
1956,2018-10,2018-06,4,0,True,0.0,master,valid_observed_phase_at_origin,BASE,calibration,1,0,spectral_core,local_partition_rf,0,0.16,0,0.25
1957,2018-10,2018-06,4,0,True,0.0,master,valid_observed_phase_at_origin,BASE,calibration,1,0,spectral_core,local_partition_rf,0,0.33,0,0.29
1958,2018-10,2018-06,4,0,True,0.0,master,valid_observed_phase_at_origin,BASE,calibration,1,12,spectral_core,local_partition_rf,0,0.44,0,0.47
1959,2018-10,2018-06,4,0,True,0.0,master,valid_observed_phase_at_origin,BASE,calibration,1,3,spectral_core,local_partition_rf,0,0.07,0,0.05
1960,2018-10,2018-06,4,0,True,0.0,master,valid_observed_phase_at_origin,BASE,calibration,1,3,spectral_core,local_partition_rf,0,0.02,0,0.04
1961,2018-10,2018-06,4,0,True,0.0,master,valid_observed_phase_at_origin,BASE,calibration,1,0,spectral_core,local_partition_rf,0,0.29,0,0.33
1962,2018-10,2018-06,4,0,True,0.0,master,valid_observed_phase_at_origin,BASE,calibration,1,0,spectral_core,local_partition_rf,0,0.19,0,0.2
1963,2018-10,2018-06,4,0,True,0.0,master,valid_observed_phase_at_origin,BASE,calibration,1,0,spectral_core,local_partition_rf,0,0.35,0,0.28
1964,2018-10,2018-06,4,0,True,0.0,master,valid_observed_phase_at_origin,BASE,calibration,1,3,spectral_core,local_partition_rf,0,0.28,0,0.22
1965,2018-10,2018-06,4,0,True,0.0,master,valid_observed_phase_at_origin,BASE,calibration,1,3,spectral_core,local_partition_rf,0,0.03,0,0.03
1966,2018-10,2018-06,4,0,True,0.0,master,valid_observed_phase_at_origin,BASE,calibration,1,3,spectral_core,local_partition_rf,0,0.05,0,0.07
1967,2018-10,2018-06,4,0,True,0.0,master,valid_observed_phase_at_origin,BASE,calibration,1,0,spectral_core,local_partition_rf,0,0.06,0,0.22
1968,2018-10,2018-06,4,0,True,0.0,master,valid_observed_phase_at_origin,BASE,calibration,1,3,spectral_core,local_partition_rf,0,0.01,0,0.03
1969,2018-10,2018-06,4,0,True,0.0,master,valid_observed_phase_at_origin,BASE,calibration,1,3,spectral_core,local_partition_rf,0,0.05,0,0.04
1970,2018-10,2018-06,4,0,True,0.0,master,valid_observed_phase_at_origin,BASE,calibration,1,3,spectral_core,local_partition_rf,0,0.02,0,0.04
1971,2018-10,2018-06,4,0,True,0.0,master,valid_observed_phase_at_origin,BASE,calibration,1,3,spectral_core,local_partition_rf,0,0.17,0,0.19
1972,2018-10,2018-06,4,0,True,0.0,master,valid_observed_phase_at_origin,BASE,calibration,1,3,spectral_core,local_partition_rf,0,0.11,0,0.13
1973,2018-10,2018-06,4,0,True,0.0,master,valid_observed_phase_at_origin,BASE,calibration,1,0,spectral_core,local_partition_rf,0,0.06,0,0.18
1974,2018-10,2018-06,4,0,True,0.0,master,valid_observed_phase_at_origin,BASE,calibration,1,3,spectral_core,local_partition_rf,0,0.0,0,0.06
1975,2018-10,2018-06,4,0,True,0.0,master,valid_observed_phase_at_origin,BASE,calibration,1,0,spectral_core,local_partition_rf,0,0.11,0,0.19
1976,2018-10,2018-06,4,0,True,0.0,master,valid_observed_phase_at_origin,BASE,calibration,1,3,spectral_core,local_partition_rf,0,0.12,0,0.1
1977,2018-10,2018-06,4,0,True,0.0,master,valid_observed_phase_at_origin,BASE,calibration,1,3,spectral_core,local_partition_rf,0,0.04,0,0.04
1978,2018-10,2018-06,4,0,True,0.0,master,valid_observed_phase_at_origin,BASE,calibration,1,3,spectral_core,local_partition_rf,0,0.13,0,0.1
1979,2018-10,2018-06,4,0,True,0.0,master,valid_observed_phase_at_origin,BASE,calibration,1,3,spectral_core,local_partition_rf,0,0.03,0,0.05
1980,2018-10,2018-06,4,0,True,0.0,master,valid_observed_phase_at_origin,BASE,calibration,1,0,spectral_core,local_partition_rf,0,0.02,0,0.06
1981,2018-10,2018-06,4,0,True,0.0,master,valid_observed_phase_at_origin,BASE,calibration,1,3,spectral_core,local_partition_rf,0,0.17,0,0.09
1982,2018-10,2018-06,4,0,True,0.0,master,valid_observed_phase_at_origin,BASE,calibration,1,0,spectral_core,local_partition_rf,0,0.36,0,0.33
1983,2018-10,2018-06,4,0,True,0.0,master,valid_observed_phase_at_origin,BASE,calibration,1,0,spectral_core,local_partition_rf,0,0.3,0,0.33
1984,2018-10,2018-06,4,0,True,0.0,master,valid_observed_phase_at_origin,BASE,calibration,1,3,spectral_core,local_partition_rf,0,0.13,0,0.16
1985,2018-10,2018-06,4,0,True,0.0,master,valid_observed_phase_at_origin,BASE,calibration,1,0,spectral_core,local_partition_rf,0,0.1,0,0.16
1986,2018-10,2018-06,4,0,True,0.0,master,valid_observed_phase_at_origin,BASE,calibration,1,0,spectral_core,local_partition_rf,0,0.22,0,0.2
1987,2018-10,2018-06,4,0,True,0.0,master,valid_observed_phase_at_origin,BASE,calibration,1,0,spectral_core,local_partition_rf,0,0.04,0,0.1
1988,2018-10,2018-06,4,0,True,0.0,master,valid_observed_phase_at_origin,BASE,calibration,1,0,spectral_core,local_partition_rf,0,0.01,0,0.1
1989,2018-10,2018-06,4,0,True,0.0,master,valid_observed_phase_at_origin,BASE,calibration,1,3,spectral_core,local_partition_rf,0,0.03,0,0.01
1990,2018-10,2018-06,4,0,True,0.0,master,valid_observed_phase_at_origin,BASE,calibration,1,0,spectral_core,local_partition_rf,0,0.02,0,0.08
1991,2018-10,2018-06,4,0,True,0.0,master,valid_observed_phase_at_origin,BASE,calibration,1,0,spectral_core,local_partition_rf,0,0.01,0,0.04
1992,2018-10,2018-06,4,0,True,0.0,master,valid_observed_phase_at_origin,BASE,calibration,1,3,spectral_core,local_partition_rf,0,0.22,0,0.27
1993,2018-10,2018-06,4,0,True,0.0,master,valid_observed_phase_at_origin,BASE,calibration,1,3,spectral_core,local_partition_rf,0,0.03,0,0.02
1994,2018-10,2018-06,4,0,True,0.0,master,valid_observed_phase_at_origin,BASE,calibration,1,0,spectral_core,local_partition_rf,0,0.12,0,0.13
1995,2018-10,2018-06,4,0,True,0.0,master,valid_observed_phase_at_origin,BASE,calibration,1,12,spectral_core,local_partition_rf,0,0.42,0,0.38
1996,2018-10,2018-06,4,0,True,0.0,master,valid_observed_phase_at_origin,BASE,calibration,1,0,spectral_core,local_partition_rf,0,0.1,0,0.19
1997,2018-10,2018-06,4,0,True,0.0,master,valid_observed_phase_at_origin,BASE,calibration,1,12,spectral_core,local_partition_rf,0,0.14,0,0.24
1998,2018-10,2018-06,4,0,True,0.0,master,valid_observed_phase_at_origin,BASE,calibration,1,3,spectral_core,local_partition_rf,0,0.03,0,0.05
1999,2018-10,2018-06,4,0,True,0.0,master,valid_observed_phase_at_origin,BASE,calibration,1,3,spectral_core,local_partition_rf,0,0.04,0,0.05
2000,2018-10,2018-06,4,0,True,0.0,master,valid_observed_phase_at_origin,BASE,calibration,1,3,spectral_core,local_partition_rf,0,0.27,0,0.15
2001,2018-10,2018-06,4,0,True,0.0,master,valid_observed_phase_at_origin,BASE,calibration,1,3,spectral_core,local_partition_rf,0,0.04,0,0.11
2002,2018-10,2018-06,4,0,True,0.0,master,valid_observed_phase_at_origin,BASE,calibration,1,0,spectral_core,local_partition_rf,0,0.28,0,0.14
2003,2018-10,2018-06,4,0,True,0.0,master,valid_observed_phase_at_origin,BASE,calibration,1,3,spectral_core,local_partition_rf,0,0.21,0,0.16
2004,2018-10,2018-06,4,0,True,0.0,master,valid_observed_phase_at_origin,BASE,calibration,1,3,spectral_core,local_partition_rf,0,0.23,0,0.21
2005,2018-10,2018-06,4,0,True,0.0,master,valid_observed_phase_at_origin,BASE,calibration,1,3,spectral_core,local_partition_rf,0,0.27,0,0.21
2006,2018-10,2018-06,4,0,True,0.0,master,valid_observed_phase_at_origin,BASE,calibration,1,3,spectral_core,local_partition_rf,0,0.01,0,0.02
2007,2018-10,2018-06,4,1,True,0.0,master,valid_observed_phase_at_origin,BASE,calibration,1,12,spectral_core,local_partition_rf,1,0.52,0,0.44
2008,2018-10,2018-06,4,0,True,0.0,master,valid_observed_phase_at_origin,BASE,calibration,1,3,spectral_core,local_partition_rf,0,0.07,0,0.05
2009,2018-10,2018-06,4,0,True,0.0,master,valid_observed_phase_at_origin,BASE,calibration,1,0,spectral_core,local_partition_rf,0,0.09,0,0.19
2010,2018-10,2018-06,4,0,True,0.0,master,valid_observed_phase_at_origin,BASE,calibration,1,3,spectral_core,local_partition_rf,0,0.02,0,0.03
2011,2018-10,2018-06,4,0,True,0.0,master,valid_observed_phase_at_origin,BASE,calibration,1,3,spectral_core,local_partition_rf,0,0.02,0,0.02
2012,2018-10,2018-06,4,0,True,0.0,master,valid_observed_phase_at_origin,BASE,calibration,1,12,spectral_core,local_partition_rf,0,0.28,0,0.25
2013,2018-10,2018-06,4,0,True,0.0,master,valid_observed_phase_at_origin,BASE,calibration,1,0,spectral_core,local_partition_rf,0,0.13,0,0.14
2014,2018-10,2018-06,4,0,True,0.0,master,valid_observed_phase_at_origin,BASE,calibration,1,3,spectral_core,local_partition_rf,0,0.02,0,0.09
2015,2018-10,2018-06,4,1,True,1.0,master,valid_observed_phase_at_origin,BASE,calibration,1,12,spectral_core,local_partition_rf,1,0.56,1,0.53
2016,2018-10,2018-06,4,0,True,0.0,master,valid_observed_phase_at_origin,BASE,calibration,1,12,spectral_core,local_partition_rf,0,0.39,0,0.35
2017,2018-10,2018-06,4,0,True,0.0,master,valid_observed_phase_at_origin,BASE,calibration,1,3,spectral_core,local_partition_rf,0,0.06,0,0.06
2018,2018-10,2018-06,4,0,True,0.0,master,valid_observed_phase_at_origin,BASE,calibration,1,0,spectral_core,local_partition_rf,0,0.06,0,0.1
2019,2018-10,2018-06,4,0,True,0.0,master,valid_observed_phase_at_origin,BASE,calibration,1,3,spectral_core,local_partition_rf,0,0.25,0,0.25
2020,2018-10,2018-06,4,0,True,0.0,master,valid_observed_phase_at_origin,BASE,calibration,1,3,spectral_core,local_partition_rf,0,0.03,0,0.02
2021,2018-10,2018-06,4,0,True,0.0,master,valid_observed_phase_at_origin,BASE,calibration,1,0,spectral_core,local_partition_rf,0,0.27,0,0.26
2022,2018-10,2018-06,4,0,True,0.0,master,valid_observed_phase_at_origin,BASE,calibration,1,3,spectral_core,local_partition_rf,0,0.11,0,0.14
2023,2018-10,2018-06,4,0,True,0.0,master,valid_observed_phase_at_origin,BASE,calibration,1,3,spectral_core,local_partition_rf,0,0.02,0,0.04
2024,2018-10,2018-06,4,0,True,0.0,master,valid_observed_phase_at_origin,BASE,calibration,1,3,spectral_core,local_partition_rf,0,0.03,0,0.01
2025,2018-10,2018-06,4,0,True,0.0,master,valid_observed_phase_at_origin,BASE,calibration,1,3,spectral_core,local_partition_rf,0,0.34,0,0.2
2026,2018-10,2018-06,4,0,True,0.0,master,valid_observed_phase_at_origin,BASE,calibration,1,3,spectral_core,local_partition_rf,0,0.24,0,0.18
2027,2018-10,2018-06,4,0,True,0.0,master,valid_observed_phase_at_origin,BASE,calibration,1,3,spectral_core,local_partition_rf,0,0.15,0,0.1
2028,2018-10,2018-06,4,0,True,0.0,master,valid_observed_phase_at_origin,BASE,calibration,1,3,spectral_core,local_partition_rf,0,0.22,0,0.19
2029,2018-10,2018-06,4,0,True,0.0,master,valid_observed_phase_at_origin,BASE,calibration,1,3,spectral_core,local_partition_rf,0,0.35,0,0.21
2030,2018-10,2018-06,4,0,True,0.0,master,valid_observed_phase_at_origin,BASE,calibration,1,0,spectral_core,local_partition_rf,0,0.04,0,0.11
2031,2018-10,2018-06,4,0,True,0.0,master,valid_observed_phase_at_origin,BASE,calibration,1,3,spectral_core,local_partition_rf,0,0.05,0,0.07
2032,2018-10,2018-06,4,0,True,0.0,master,valid_observed_phase_at_origin,BASE,calibration,1,3,spectral_core,local_partition_rf,0,0.08,0,0.13
2033,2018-10,2018-06,4,0,True,0.0,master,valid_observed_phase_at_origin,BASE,calibration,1,3,spectral_core,local_partition_rf,0,0.23,0,0.22
2034,2018-10,2018-06,4,0,True,0.0,master,valid_observed_phase_at_origin,BASE,calibration,1,3,spectral_core,local_partition_rf,0,0.01,0,0.03
2035,2018-10,2018-06,4,0,True,0.0,master,valid_observed_phase_at_origin,BASE,calibration,1,3,spectral_core,local_partition_rf,0,0.02,0,0.04
2036,2018-10,2018-06,4,0,True,0.0,master,valid_observed_phase_at_origin,BASE,calibration,1,12,spectral_core,local_partition_rf,0,0.29,0,0.26
2037,2018-10,2018-06,4,0,True,0.0,master,valid_observed_phase_at_origin,BASE,calibration,1,3,spectral_core,local_partition_rf,0,0.19,0,0.16
2038,2018-10,2018-06,4,0,True,0.0,master,valid_observed_phase_at_origin,BASE,calibration,1,3,spectral_core,local_partition_rf,0,0.02,0,0.02
2039,2018-10,2018-06,4,0,True,0.0,master,valid_observed_phase_at_origin,BASE,calibration,1,3,spectral_core,local_partition_rf,0,0.32,0,0.24
2040,2018-10,2018-06,4,0,True,0.0,master,valid_observed_phase_at_origin,BASE,calibration,1,0,spectral_core,local_partition_rf,0,0.0,0,0.11
2041,2018-10,2018-06,4,0,True,0.0,master,valid_observed_phase_at_origin,BASE,calibration,1,3,spectral_core,local_partition_rf,0,0.05,0,0.11
2042,2018-10,2018-06,4,0,True,0.0,master,valid_observed_phase_at_origin,BASE,calibration,1,3,spectral_core,local_partition_rf,0,0.01,0,0.04
2043,2018-10,2018-06,4,1,True,1.0,master,valid_observed_phase_at_origin,BASE,calibration,1,3,spectral_core,local_partition_rf,0,0.06,0,0.05
2044,2018-10,2018-06,4,0,True,0.0,master,valid_observed_phase_at_origin,BASE,calibration,1,0,spectral_core,local_partition_rf,0,0.01,0,0.09
2045,2018-10,2018-06,4,0,True,0.0,master,valid_observed_phase_at_origin,BASE,calibration,1,0,spectral_core,local_partition_rf,0,0.09,0,0.16
2046,2018-10,2018-06,4,0,True,0.0,master,valid_observed_phase_at_origin,BASE,calibration,1,0,spectral_core,local_partition_rf,0,0.1,0,0.09
2047,2018-10,2018-06,4,0,True,0.0,master,valid_observed_phase_at_origin,BASE,calibration,1,0,spectral_core,local_partition_rf,0,0.08,0,0.1
2048,2018-10,2018-06,4,0,True,0.0,master,valid_observed_phase_at_origin,BASE,calibration,1,0,spectral_core,local_partition_rf,0,0.15,0,0.12
2049,2018-10,2018-06,4,0,True,0.0,master,valid_observed_phase_at_origin,BASE,calibration,1,0,spectral_core,local_partition_rf,0,0.03,0,0.05
2050,2018-10,2018-06,4,0,True,0.0,master,valid_observed_phase_at_origin,BASE,calibration,1,0,spectral_core,local_partition_rf,0,0.26,0,0.28
2051,2018-10,2018-06,4,0,True,0.0,master,valid_observed_phase_at_origin,BASE,calibration,1,0,spectral_core,local_partition_rf,0,0.09,0,0.13
2052,2018-10,2018-06,4,0,True,0.0,master,valid_observed_phase_at_origin,BASE,calibration,1,3,spectral_core,local_partition_rf,0,0.18,0,0.19
2053,2018-10,2018-06,4,0,True,0.0,master,valid_observed_phase_at_origin,BASE,calibration,1,0,spectral_core,local_partition_rf,0,0.3,0,0.24
2054,2018-10,2018-06,4,0,True,0.0,master,valid_observed_phase_at_origin,BASE,calibration,1,0,spectral_core,local_partition_rf,0,0.26,0,0.21
2055,2018-10,2018-06,4,0,True,0.0,master,valid_observed_phase_at_origin,BASE,calibration,1,3,spectral_core,local_partition_rf,0,0.17,0,0.1
2056,2018-10,2018-06,4,0,True,0.0,master,valid_observed_phase_at_origin,BASE,calibration,1,3,spectral_core,local_partition_rf,0,0.05,0,0.06
2057,2018-10,2018-06,4,0,True,0.0,master,valid_observed_phase_at_origin,BASE,calibration,1,3,spectral_core,local_partition_rf,0,0.24,0,0.17
2058,2018-10,2018-06,4,0,True,0.0,master,valid_observed_phase_at_origin,BASE,calibration,1,0,spectral_core,local_partition_rf,0,0.31,0,0.21
2059,2018-10,2018-06,4,0,True,0.0,master,valid_observed_phase_at_origin,BASE,calibration,1,3,spectral_core,local_partition_rf,0,0.08,0,0.07
2060,2018-10,2018-06,4,0,True,0.0,master,valid_observed_phase_at_origin,BASE,calibration,1,3,spectral_core,local_partition_rf,0,0.08,0,0.12
2061,2018-10,2018-06,4,0,True,0.0,master,valid_observed_phase_at_origin,BASE,calibration,1,3,spectral_core,local_partition_rf,0,0.04,0,0.01
2062,2018-10,2018-06,4,0,True,0.0,master,valid_observed_phase_at_origin,BASE,calibration,1,0,spectral_core,local_partition_rf,0,0.35,0,0.3
2063,2018-10,2018-06,4,0,True,0.0,master,valid_observed_phase_at_origin,BASE,calibration,1,3,spectral_core,local_partition_rf,0,0.04,0,0.02
2064,2018-10,2018-06,4,0,True,0.0,master,valid_observed_phase_at_origin,BASE,calibration,1,0,spectral_core,local_partition_rf,0,0.06,0,0.12
2065,2018-10,2018-06,4,0,True,0.0,master,valid_observed_phase_at_origin,BASE,calibration,1,3,spectral_core,local_partition_rf,0,0.1,0,0.09
2066,2018-10,2018-06,4,0,True,0.0,master,valid_observed_phase_at_origin,BASE,calibration,1,3,spectral_core,local_partition_rf,0,0.09,0,0.04
2067,2018-10,2018-06,4,0,True,0.0,master,valid_observed_phase_at_origin,BASE,calibration,1,3,spectral_core,local_partition_rf,0,0.23,0,0.19
2068,2018-10,2018-06,4,0,True,0.0,master,valid_observed_phase_at_origin,BASE,calibration,1,3,spectral_core,local_partition_rf,0,0.04,0,0.03
2069,2018-10,2018-06,4,0,True,0.0,master,valid_observed_phase_at_origin,BASE,calibration,1,3,spectral_core,local_partition_rf,0,0.1,0,0.09
2070,2018-10,2018-06,4,0,True,0.0,master,valid_observed_phase_at_origin,BASE,calibration,1,3,spectral_core,local_partition_rf,0,0.09,0,0.22
2071,2018-10,2018-06,4,0,True,0.0,master,valid_observed_phase_at_origin,BASE,calibration,1,3,spectral_core,local_partition_rf,0,0.22,0,0.22
2072,2018-10,2018-06,4,0,True,0.0,master,valid_observed_phase_at_origin,BASE,calibration,1,0,spectral_core,local_partition_rf,0,0.22,0,0.24
2073,2018-10,2018-06,4,0,True,0.0,master,valid_observed_phase_at_origin,BASE,calibration,1,0,spectral_core,local_partition_rf,0,0.32,0,0.34
2074,2018-10,2018-06,4,0,True,0.0,master,valid_observed_phase_at_origin,BASE,calibration,1,0,spectral_core,local_partition_rf,0,0.03,0,0.11
2075,2018-10,2018-06,4,0,True,0.0,master,valid_observed_phase_at_origin,BASE,calibration,1,0,spectral_core,local_partition_rf,0,0.05,0,0.1
2076,2018-10,2018-06,4,0,True,0.0,master,valid_observed_phase_at_origin,BASE,calibration,1,0,spectral_core,local_partition_rf,0,0.17,0,0.13
2077,2018-10,2018-06,4,0,True,0.0,master,valid_observed_phase_at_origin,BASE,calibration,1,0,spectral_core,local_partition_rf,0,0.08,0,0.12
2078,2018-10,2018-06,4,0,True,0.0,master,valid_observed_phase_at_origin,BASE,calibration,1,12,spectral_core,local_partition_rf,0,0.09,0,0.19
2079,2018-10,2018-06,4,0,True,0.0,master,valid_observed_phase_at_origin,BASE,calibration,1,3,spectral_core,local_partition_rf,0,0.02,0,0.05
2080,2018-10,2018-06,4,0,True,0.0,master,valid_observed_phase_at_origin,BASE,calibration,1,12,spectral_core,local_partition_rf,0,0.29,0,0.19
2081,2018-10,2018-06,4,0,True,0.0,master,valid_observed_phase_at_origin,BASE,calibration,1,3,spectral_core,local_partition_rf,0,0.28,0,0.15
2082,2018-10,2018-06,4,0,True,0.0,master,valid_observed_phase_at_origin,BASE,calibration,1,3,spectral_core,local_partition_rf,0,0.05,0,0.07
2083,2018-10,2018-06,4,1,True,1.0,master,valid_observed_phase_at_origin,BASE,calibration,1,3,spectral_core,local_partition_rf,0,0.06,0,0.02
2084,2018-10,2018-06,4,0,True,0.0,master,valid_observed_phase_at_origin,BASE,calibration,1,3,spectral_core,local_partition_rf,0,0.02,0,0.08
2085,2018-10,2018-06,4,1,True,1.0,master,valid_observed_phase_at_origin,BASE,calibration,1,3,spectral_core,local_partition_rf,0,0.18,0,0.22
2086,2018-10,2018-06,4,0,True,0.0,master,valid_observed_phase_at_origin,BASE,calibration,1,3,spectral_core,local_partition_rf,0,0.08,0,0.06
2087,2018-10,2018-06,4,0,True,0.0,master,valid_observed_phase_at_origin,BASE,calibration,1,0,spectral_core,local_partition_rf,0,0.24,0,0.21
2088,2018-10,2018-06,4,0,True,0.0,master,valid_observed_phase_at_origin,BASE,calibration,1,12,spectral_core,local_partition_rf,0,0.29,0,0.27
2089,2018-10,2018-06,4,0,True,0.0,master,valid_observed_phase_at_origin,BASE,calibration,1,12,spectral_core,local_partition_rf,0,0.24,0,0.22
2090,2018-10,2018-06,4,0,True,0.0,master,valid_observed_phase_at_origin,BASE,calibration,1,0,spectral_core,local_partition_rf,0,0.22,0,0.23
2091,2018-10,2018-06,4,0,True,0.0,master,valid_observed_phase_at_origin,BASE,calibration,1,3,spectral_core,local_partition_rf,0,0.11,0,0.11
2092,2018-10,2018-06,4,0,True,0.0,master,valid_observed_phase_at_origin,BASE,calibration,1,3,spectral_core,local_partition_rf,0,0.06,0,0.04
2093,2018-10,2018-06,4,1,True,1.0,master,valid_observed_phase_at_origin,BASE,calibration,1,12,spectral_core,local_partition_rf,0,0.41,0,0.46
2094,2018-10,2018-06,4,0,True,0.0,master,valid_observed_phase_at_origin,BASE,calibration,1,3,spectral_core,local_partition_rf,0,0.04,0,0.05
2095,2018-10,2018-06,4,0,True,0.0,master,valid_observed_phase_at_origin,BASE,calibration,1,0,spectral_core,local_partition_rf,0,0.0,0,0.15
2096,2018-10,2018-06,4,1,True,1.0,master,valid_observed_phase_at_origin,BASE,calibration,1,12,spectral_core,local_partition_rf,1,0.51,1,0.54
2097,2018-10,2018-06,4,0,True,0.0,master,valid_observed_phase_at_origin,BASE,calibration,1,3,spectral_core,local_partition_rf,0,0.04,0,0.04
2098,2018-10,2018-06,4,0,True,0.0,master,valid_observed_phase_at_origin,BASE,calibration,1,0,spectral_core,local_partition_rf,0,0.19,0,0.19
2099,2018-10,2018-06,4,0,True,0.0,master,valid_observed_phase_at_origin,BASE,calibration,1,0,spectral_core,local_partition_rf,0,0.06,0,0.11
2100,2018-10,2018-06,4,0,True,0.0,master,valid_observed_phase_at_origin,BASE,calibration,1,0,spectral_core,local_partition_rf,0,0.1,0,0.08
2101,2018-10,2018-06,4,0,True,0.0,master,valid_observed_phase_at_origin,BASE,calibration,1,3,spectral_core,local_partition_rf,0,0.11,0,0.16
2102,2018-10,2018-06,4,0,True,0.0,master,valid_observed_phase_at_origin,BASE,calibration,1,3,spectral_core,local_partition_rf,0,0.07,0,0.12
2103,2018-10,2018-06,4,0,True,0.0,master,valid_observed_phase_at_origin,BASE,calibration,1,0,spectral_core,local_partition_rf,0,0.01,0,0.04
2104,2018-10,2018-06,4,0,True,0.0,master,valid_observed_phase_at_origin,BASE,calibration,1,3,spectral_core,local_partition_rf,0,0.06,0,0.03
2105,2018-10,2018-06,4,0,True,0.0,master,valid_observed_phase_at_origin,BASE,calibration,1,3,spectral_core,local_partition_rf,0,0.01,0,0.02
2106,2018-10,2018-06,4,0,True,0.0,master,valid_observed_phase_at_origin,BASE,calibration,1,3,spectral_core,local_partition_rf,0,0.11,0,0.09
2107,2018-10,2018-06,4,0,True,0.0,master,valid_observed_phase_at_origin,BASE,calibration,1,3,spectral_core,local_partition_rf,0,0.34,0,0.22
2108,2018-10,2018-06,4,0,True,0.0,master,valid_observed_phase_at_origin,BASE,calibration,1,3,spectral_core,local_partition_rf,0,0.26,0,0.2
2109,2018-10,2018-06,4,0,True,0.0,master,valid_observed_phase_at_origin,BASE,calibration,1,0,spectral_core,local_partition_rf,0,0.13,0,0.12
2110,2018-10,2018-06,4,0,True,0.0,master,valid_observed_phase_at_origin,BASE,calibration,1,0,spectral_core,local_partition_rf,0,0.11,0,0.11
2111,2018-10,2018-06,4,0,True,0.0,master,valid_observed_phase_at_origin,BASE,calibration,1,0,spectral_core,local_partition_rf,0,0.12,0,0.25
2112,2018-10,2018-06,4,0,True,0.0,master,valid_observed_phase_at_origin,BASE,calibration,1,0,spectral_core,local_partition_rf,0,0.08,0,0.14
2113,2018-10,2018-06,4,0,True,0.0,master,valid_observed_phase_at_origin,BASE,calibration,1,0,spectral_core,local_partition_rf,0,0.06,0,0.1
2114,2018-10,2018-06,4,0,True,1.0,master,valid_observed_phase_at_origin,BASE,calibration,1,12,spectral_core,local_partition_rf,1,0.54,0,0.42
2115,2018-10,2018-06,4,0,True,0.0,master,valid_observed_phase_at_origin,BASE,calibration,1,0,spectral_core,local_partition_rf,0,0.23,0,0.2
2116,2018-10,2018-06,4,0,True,0.0,master,valid_observed_phase_at_origin,BASE,calibration,1,3,spectral_core,local_partition_rf,0,0.18,0,0.11
2117,2018-10,2018-06,4,0,True,0.0,master,valid_observed_phase_at_origin,BASE,calibration,1,3,spectral_core,local_partition_rf,0,0.06,0,0.06
2118,2018-10,2018-06,4,0,True,0.0,master,valid_observed_phase_at_origin,BASE,calibration,1,3,spectral_core,local_partition_rf,0,0.04,0,0.05
2119,2018-10,2018-06,4,0,True,0.0,master,valid_observed_phase_at_origin,BASE,calibration,1,3,spectral_core,local_partition_rf,0,0.32,0,0.18
2120,2018-10,2018-06,4,0,True,0.0,master,valid_observed_phase_at_origin,BASE,calibration,1,3,spectral_core,local_partition_rf,0,0.03,0,0.04
2121,2018-10,2018-06,4,0,True,0.0,master,valid_observed_phase_at_origin,BASE,calibration,1,3,spectral_core,local_partition_rf,0,0.15,0,0.2
2122,2018-10,2018-06,4,0,True,0.0,master,valid_observed_phase_at_origin,BASE,calibration,1,0,spectral_core,local_partition_rf,0,0.24,0,0.18
2123,2018-10,2018-06,4,0,True,0.0,master,valid_observed_phase_at_origin,BASE,calibration,1,0,spectral_core,local_partition_rf,0,0.05,0,0.09
2124,2018-10,2018-06,4,0,True,0.0,master,valid_observed_phase_at_origin,BASE,calibration,1,3,spectral_core,local_partition_rf,0,0.04,0,0.03
2125,2018-10,2018-06,4,0,True,0.0,master,valid_observed_phase_at_origin,BASE,calibration,1,0,spectral_core,local_partition_rf,0,0.01,0,0.09
2126,2018-10,2018-06,4,0,True,0.0,master,valid_observed_phase_at_origin,BASE,calibration,1,0,spectral_core,local_partition_rf,0,0.22,0,0.16
2127,2018-10,2018-06,4,0,True,0.0,master,valid_observed_phase_at_origin,BASE,calibration,1,3,spectral_core,local_partition_rf,0,0.1,0,0.08
2128,2018-10,2018-06,4,0,True,0.0,master,valid_observed_phase_at_origin,BASE,calibration,1,3,spectral_core,local_partition_rf,0,0.07,0,0.13
2129,2018-10,2018-06,4,1,True,1.0,master,valid_observed_phase_at_origin,BASE,calibration,1,12,spectral_core,local_partition_rf,0,0.43,0,0.46
2130,2018-10,2018-06,4,0,True,0.0,master,valid_observed_phase_at_origin,BASE,calibration,1,0,spectral_core,local_partition_rf,0,0.31,0,0.24
2131,2018-10,2018-06,4,0,True,0.0,master,valid_observed_phase_at_origin,BASE,calibration,1,3,spectral_core,local_partition_rf,0,0.04,0,0.01
2132,2018-10,2018-06,4,0,True,0.0,master,valid_observed_phase_at_origin,BASE,calibration,1,0,spectral_core,local_partition_rf,0,0.0,0,0.18
2133,2018-10,2018-06,4,0,True,0.0,master,valid_observed_phase_at_origin,BASE,calibration,1,3,spectral_core,local_partition_rf,0,0.02,0,0.04
2134,2018-10,2018-06,4,0,True,0.0,master,valid_observed_phase_at_origin,BASE,calibration,1,0,spectral_core,local_partition_rf,0,0.0,0,0.11
2135,2018-10,2018-06,4,0,True,0.0,master,valid_observed_phase_at_origin,BASE,calibration,1,3,spectral_core,local_partition_rf,0,0.01,0,0.0
2136,2018-10,2018-06,4,0,True,0.0,master,valid_observed_phase_at_origin,BASE,calibration,1,3,spectral_core,local_partition_rf,0,0.09,0,0.09
2137,2018-10,2018-06,4,0,True,0.0,master,valid_observed_phase_at_origin,BASE,calibration,1,0,spectral_core,local_partition_rf,0,0.01,0,0.09
2138,2018-10,2018-06,4,1,True,1.0,master,valid_observed_phase_at_origin,BASE,calibration,1,3,spectral_core,local_partition_rf,0,0.07,0,0.05
2139,2018-10,2018-06,4,1,True,1.0,master,valid_observed_phase_at_origin,BASE,calibration,1,3,spectral_core,local_partition_rf,0,0.06,0,0.08
2140,2018-10,2018-06,4,0,True,0.0,master,valid_observed_phase_at_origin,BASE,calibration,1,3,spectral_core,local_partition_rf,0,0.04,0,0.06
2141,2018-10,2018-06,4,1,True,0.0,master,valid_observed_phase_at_origin,BASE,calibration,1,12,spectral_core,local_partition_rf,0,0.3,0,0.4
2142,2018-10,2018-06,4,0,True,0.0,master,valid_observed_phase_at_origin,BASE,calibration,1,3,spectral_core,local_partition_rf,0,0.03,0,0.03
2143,2018-10,2018-06,4,0,True,0.0,master,valid_observed_phase_at_origin,BASE,calibration,1,3,spectral_core,local_partition_rf,0,0.04,0,0.01
2144,2018-10,2018-06,4,0,True,0.0,master,valid_observed_phase_at_origin,BASE,calibration,1,0,spectral_core,local_partition_rf,0,0.25,0,0.13
2145,2018-10,2018-06,4,0,True,0.0,master,valid_observed_phase_at_origin,BASE,calibration,1,3,spectral_core,local_partition_rf,0,0.17,0,0.17
2146,2018-10,2018-06,4,0,True,0.0,master,valid_observed_phase_at_origin,BASE,calibration,1,0,spectral_core,local_partition_rf,0,0.1,0,0.17
2147,2018-10,2018-06,4,0,True,0.0,master,valid_observed_phase_at_origin,BASE,calibration,1,0,spectral_core,local_partition_rf,0,0.19,0,0.23
2148,2018-10,2018-06,4,0,True,0.0,master,valid_observed_phase_at_origin,BASE,calibration,1,3,spectral_core,local_partition_rf,0,0.0,0,0.04
2149,2018-10,2018-06,4,0,True,0.0,master,valid_observed_phase_at_origin,BASE,calibration,1,0,spectral_core,local_partition_rf,0,0.42,0,0.37
2150,2018-10,2018-06,4,0,True,0.0,master,valid_observed_phase_at_origin,BASE,calibration,1,0,spectral_core,local_partition_rf,0,0.01,0,0.08
2151,2018-10,2018-06,4,0,True,0.0,master,valid_observed_phase_at_origin,BASE,calibration,1,3,spectral_core,local_partition_rf,0,0.34,0,0.31
2152,2018-10,2018-06,4,0,True,0.0,master,valid_observed_phase_at_origin,BASE,calibration,1,-1,unassigned_nearest_donor_beyond_100km,pooled_unassigned_area,0,0.25,0,0.25
2153,2018-10,2018-06,4,0,True,0.0,master,valid_observed_phase_at_origin,BASE,calibration,1,-1,unassigned_nearest_donor_beyond_100km,pooled_unassigned_area,0,0.24,0,0.24
2154,2018-10,2018-06,4,0,True,0.0,master,valid_observed_phase_at_origin,BASE,calibration,1,-1,unassigned_nearest_donor_beyond_100km,pooled_unassigned_area,0,0.27,0,0.27
2155,2018-10,2018-06,4,0,True,0.0,master,valid_observed_phase_at_origin,BASE,calibration,1,-1,unassigned_nearest_donor_beyond_100km,pooled_unassigned_area,0,0.35,0,0.35
2156,2018-10,2018-06,4,0,True,0.0,master,valid_observed_phase_at_origin,BASE,calibration,1,-1,unassigned_nearest_donor_beyond_100km,pooled_unassigned_area,0,0.2,0,0.2
2157,2018-10,2018-06,4,0,True,0.0,master,valid_observed_phase_at_origin,BASE,calibration,1,-1,unassigned_nearest_donor_beyond_100km,pooled_unassigned_area,0,0.21,0,0.21
2158,2018-10,2018-06,4,0,True,0.0,master,valid_observed_phase_at_origin,BASE,calibration,1,-1,unassigned_nearest_donor_beyond_100km,pooled_unassigned_area,0,0.25,0,0.25
2159,2018-10,2018-06,4,0,True,0.0,master,valid_observed_phase_at_origin,BASE,calibration,1,-1,unassigned_nearest_donor_beyond_100km,pooled_unassigned_area,0,0.13,0,0.13
2160,2018-10,2018-06,4,0,True,0.0,master,valid_observed_phase_at_origin,BASE,calibration,1,-1,unassigned_nearest_donor_beyond_100km,pooled_unassigned_area,0,0.28,0,0.28
2161,2018-10,2018-06,4,0,True,0.0,master,valid_observed_phase_at_origin,BASE,calibration,1,-1,unassigned_nearest_donor_beyond_100km,pooled_unassigned_area,0,0.29,0,0.29
2162,2018-10,2018-06,4,0,True,0.0,master,valid_observed_phase_at_origin,BASE,calibration,1,-1,unassigned_nearest_donor_beyond_100km,pooled_unassigned_area,0,0.3,0,0.3
2163,2018-10,2018-06,4,0,True,0.0,master,valid_observed_phase_at_origin,BASE,calibration,1,-1,unassigned_nearest_donor_beyond_100km,pooled_unassigned_area,0,0.3,0,0.3
2164,2018-10,2018-06,4,0,True,0.0,master,valid_observed_phase_at_origin,BASE,calibration,1,-1,unassigned_nearest_donor_beyond_100km,pooled_unassigned_area,0,0.25,0,0.25
2165,2018-10,2018-06,4,0,True,0.0,master,valid_observed_phase_at_origin,BASE,calibration,1,-1,unassigned_nearest_donor_beyond_100km,pooled_unassigned_area,0,0.3,0,0.3
2166,2018-10,2018-06,4,0,True,0.0,master,valid_observed_phase_at_origin,BASE,calibration,1,-1,unassigned_nearest_donor_beyond_100km,pooled_unassigned_area,0,0.13,0,0.13
2167,2018-10,2018-06,4,0,True,0.0,master,valid_observed_phase_at_origin,BASE,calibration,1,-1,unassigned_nearest_donor_beyond_100km,pooled_unassigned_area,0,0.03,0,0.03
2168,2018-10,2018-06,4,0,True,0.0,master,valid_observed_phase_at_origin,BASE,calibration,1,-1,unassigned_nearest_donor_beyond_100km,pooled_unassigned_area,0,0.05,0,0.05
2169,2018-10,2018-06,4,0,True,0.0,master,valid_observed_phase_at_origin,BASE,calibration,1,-1,unassigned_nearest_donor_beyond_100km,pooled_unassigned_area,0,0.03,0,0.03
2170,2018-10,2018-06,4,0,True,0.0,master,valid_observed_phase_at_origin,BASE,calibration,1,-1,unassigned_nearest_donor_beyond_100km,pooled_unassigned_area,0,0.03,0,0.03
2171,2018-10,2018-06,4,0,True,0.0,master,valid_observed_phase_at_origin,BASE,calibration,1,-1,unassigned_nearest_donor_beyond_100km,pooled_unassigned_area,0,0.05,0,0.05
2172,2018-10,2018-06,4,0,True,0.0,master,valid_observed_phase_at_origin,BASE,calibration,1,-1,unassigned_nearest_donor_beyond_100km,pooled_unassigned_area,0,0.02,0,0.02
2173,2018-10,2018-06,4,0,True,0.0,master,valid_observed_phase_at_origin,BASE,calibration,1,-1,unassigned_nearest_donor_beyond_100km,pooled_unassigned_area,0,0.01,0,0.01
2174,2018-10,2018-06,4,0,True,0.0,master,valid_observed_phase_at_origin,BASE,calibration,1,-1,unassigned_nearest_donor_beyond_100km,pooled_unassigned_area,0,0.01,0,0.01
2175,2018-10,2018-06,4,0,True,0.0,master,valid_observed_phase_at_origin,BASE,calibration,1,-1,unassigned_nearest_donor_beyond_100km,pooled_unassigned_area,0,0.03,0,0.03
2176,2018-10,2018-06,4,0,True,0.0,master,valid_observed_phase_at_origin,BASE,calibration,1,-1,unassigned_nearest_donor_beyond_100km,pooled_unassigned_area,0,0.03,0,0.03
2177,2018-10,2018-06,4,0,True,0.0,master,valid_observed_phase_at_origin,BASE,calibration,1,-1,unassigned_nearest_donor_beyond_100km,pooled_unassigned_area,0,0.05,0,0.05
2178,2018-10,2018-06,4,0,True,0.0,master,valid_observed_phase_at_origin,BASE,calibration,1,-1,unassigned_nearest_donor_beyond_100km,pooled_unassigned_area,0,0.03,0,0.03
2179,2018-10,2018-06,4,0,True,0.0,master,valid_observed_phase_at_origin,BASE,calibration,1,-1,unassigned_nearest_donor_beyond_100km,pooled_unassigned_area,0,0.06,0,0.06
2180,2018-10,2018-06,4,0,True,0.0,master,valid_observed_phase_at_origin,BASE,calibration,1,-1,unassigned_nearest_donor_beyond_100km,pooled_unassigned_area,0,0.27,0,0.27
2181,2018-10,2018-06,4,0,True,0.0,master,valid_observed_phase_at_origin,BASE,calibration,1,-1,unassigned_nearest_donor_beyond_100km,pooled_unassigned_area,0,0.05,0,0.05
2182,2018-10,2018-06,4,0,True,0.0,master,valid_observed_phase_at_origin,BASE,calibration,1,-1,unassigned_nearest_donor_beyond_100km,pooled_unassigned_area,0,0.08,0,0.08
2183,2018-10,2018-06,4,0,True,0.0,master,valid_observed_phase_at_origin,BASE,calibration,1,-1,unassigned_nearest_donor_beyond_100km,pooled_unassigned_area,0,0.04,0,0.04
2184,2018-10,2018-06,4,0,True,0.0,master,valid_observed_phase_at_origin,BASE,calibration,1,-1,unassigned_nearest_donor_beyond_100km,pooled_unassigned_area,0,0.11,0,0.11
2185,2018-10,2018-06,4,0,True,0.0,master,valid_observed_phase_at_origin,BASE,calibration,1,-1,unassigned_nearest_donor_beyond_100km,pooled_unassigned_area,0,0.01,0,0.01
2186,2018-10,2018-06,4,0,True,0.0,master,valid_observed_phase_at_origin,BASE,calibration,1,-1,unassigned_nearest_donor_beyond_100km,pooled_unassigned_area,0,0.02,0,0.02
2187,2018-10,2018-06,4,0,True,0.0,master,valid_observed_phase_at_origin,BASE,calibration,1,-1,unassigned_nearest_donor_beyond_100km,pooled_unassigned_area,0,0.0,0,0.0
2188,2018-10,2018-06,4,0,True,0.0,master,valid_observed_phase_at_origin,BASE,calibration,1,-1,unassigned_nearest_donor_beyond_100km,pooled_unassigned_area,0,0.03,0,0.03
2189,2018-10,2018-06,4,0,True,0.0,master,valid_observed_phase_at_origin,BASE,calibration,1,-1,unassigned_nearest_donor_beyond_100km,pooled_unassigned_area,0,0.07,0,0.07
2190,2018-10,2018-06,4,0,True,0.0,master,valid_observed_phase_at_origin,BASE,calibration,1,-1,unassigned_nearest_donor_beyond_100km,pooled_unassigned_area,0,0.02,0,0.02
2191,2018-10,2018-06,4,0,True,0.0,master,valid_observed_phase_at_origin,BASE,calibration,1,-1,unassigned_nearest_donor_beyond_100km,pooled_unassigned_area,0,0.05,0,0.05
2192,2018-10,2018-06,4,0,True,0.0,master,valid_observed_phase_at_origin,BASE,calibration,1,-1,unassigned_nearest_donor_beyond_100km,pooled_unassigned_area,0,0.07,0,0.07
2193,2018-10,2018-06,4,0,True,0.0,master,valid_observed_phase_at_origin,BASE,calibration,1,-1,unassigned_nearest_donor_beyond_100km,pooled_unassigned_area,0,0.04,0,0.04
2194,2018-10,2018-06,4,0,True,0.0,master,valid_observed_phase_at_origin,BASE,calibration,1,-1,unassigned_nearest_donor_beyond_100km,pooled_unassigned_area,0,0.06,0,0.06
2195,2018-10,2018-06,4,0,True,0.0,master,valid_observed_phase_at_origin,BASE,calibration,1,-1,unassigned_nearest_donor_beyond_100km,pooled_unassigned_area,0,0.03,0,0.03
2196,2018-10,2018-06,4,0,True,0.0,master,valid_observed_phase_at_origin,BASE,calibration,1,-1,unassigned_nearest_donor_beyond_100km,pooled_unassigned_area,0,0.03,0,0.03
2197,2018-10,2018-06,4,0,True,0.0,master,valid_observed_phase_at_origin,BASE,calibration,1,-1,unassigned_nearest_donor_beyond_100km,pooled_unassigned_area,0,0.2,0,0.2
2198,2018-10,2018-06,4,0,True,0.0,master,valid_observed_phase_at_origin,BASE,calibration,1,-1,unassigned_nearest_donor_beyond_100km,pooled_unassigned_area,0,0.03,0,0.03
2199,2018-10,2018-06,4,0,True,0.0,master,valid_observed_phase_at_origin,BASE,calibration,1,-1,unassigned_nearest_donor_beyond_100km,pooled_unassigned_area,0,0.04,0,0.04
2200,2018-10,2018-06,4,0,True,0.0,master,valid_observed_phase_at_origin,BASE,calibration,1,-1,unassigned_nearest_donor_beyond_100km,pooled_unassigned_area,0,0.04,0,0.04
2201,2018-10,2018-06,4,0,True,0.0,master,valid_observed_phase_at_origin,BASE,calibration,1,-1,unassigned_nearest_donor_beyond_100km,pooled_unassigned_area,0,0.22,0,0.22
2202,2018-10,2018-06,4,0,True,0.0,master,valid_observed_phase_at_origin,BASE,calibration,1,-1,unassigned_nearest_donor_beyond_100km,pooled_unassigned_area,0,0.16,0,0.16
2203,2018-10,2018-06,4,0,True,0.0,master,valid_observed_phase_at_origin,BASE,calibration,1,-1,unassigned_nearest_donor_beyond_100km,pooled_unassigned_area,0,0.03,0,0.03
2204,2018-10,2018-06,4,0,True,0.0,master,valid_observed_phase_at_origin,BASE,calibration,1,-1,unassigned_nearest_donor_beyond_100km,pooled_unassigned_area,0,0.13,0,0.13
2205,2018-10,2018-06,4,0,True,0.0,master,valid_observed_phase_at_origin,BASE,calibration,1,-1,unassigned_nearest_donor_beyond_100km,pooled_unassigned_area,0,0.2,0,0.2
2206,2018-10,2018-06,4,0,True,0.0,master,valid_observed_phase_at_origin,BASE,calibration,1,-1,unassigned_nearest_donor_beyond_100km,pooled_unassigned_area,0,0.13,0,0.13
2207,2018-10,2018-06,4,0,True,0.0,master,valid_observed_phase_at_origin,BASE,calibration,1,-1,unassigned_nearest_donor_beyond_100km,pooled_unassigned_area,0,0.03,0,0.03
2208,2018-10,2018-06,4,0,True,0.0,master,valid_observed_phase_at_origin,BASE,calibration,1,-1,unassigned_nearest_donor_beyond_100km,pooled_unassigned_area,0,0.24,0,0.24
2209,2018-10,2018-06,4,0,True,0.0,master,valid_observed_phase_at_origin,BASE,calibration,1,-1,unassigned_nearest_donor_beyond_100km,pooled_unassigned_area,0,0.34,0,0.34
2210,2018-10,2018-06,4,0,True,0.0,master,valid_observed_phase_at_origin,BASE,calibration,1,-1,unassigned_nearest_donor_beyond_100km,pooled_unassigned_area,0,0.25,0,0.25
2211,2018-10,2018-06,4,0,True,0.0,master,valid_observed_phase_at_origin,BASE,calibration,1,-1,unassigned_nearest_donor_beyond_100km,pooled_unassigned_area,0,0.22,0,0.22
2212,2018-10,2018-06,4,0,True,0.0,master,valid_observed_phase_at_origin,BASE,calibration,1,-1,unassigned_nearest_donor_beyond_100km,pooled_unassigned_area,0,0.04,0,0.04
2213,2018-10,2018-06,4,0,True,0.0,master,valid_observed_phase_at_origin,BASE,calibration,1,-1,unassigned_nearest_donor_beyond_100km,pooled_unassigned_area,0,0.12,0,0.12
2214,2018-10,2018-06,4,0,True,0.0,master,valid_observed_phase_at_origin,BASE,calibration,1,-1,unassigned_nearest_donor_beyond_100km,pooled_unassigned_area,0,0.18,0,0.18
2215,2018-10,2018-06,4,0,True,0.0,master,valid_observed_phase_at_origin,BASE,calibration,1,-1,unassigned_nearest_donor_beyond_100km,pooled_unassigned_area,0,0.09,0,0.09
2216,2018-10,2018-06,4,0,True,0.0,master,valid_observed_phase_at_origin,BASE,calibration,1,-1,unassigned_nearest_donor_beyond_100km,pooled_unassigned_area,0,0.05,0,0.05
2217,2018-10,2018-06,4,0,True,0.0,master,valid_observed_phase_at_origin,BASE,calibration,1,-1,unassigned_nearest_donor_beyond_100km,pooled_unassigned_area,0,0.25,0,0.25
2218,2018-10,2018-06,4,0,True,0.0,master,valid_observed_phase_at_origin,BASE,calibration,1,-1,unassigned_nearest_donor_beyond_100km,pooled_unassigned_area,0,0.09,0,0.09
2219,2018-10,2018-06,4,0,True,0.0,master,valid_observed_phase_at_origin,BASE,calibration,1,-1,unassigned_nearest_donor_beyond_100km,pooled_unassigned_area,0,0.01,0,0.01
2220,2018-10,2018-06,4,0,True,0.0,master,valid_observed_phase_at_origin,BASE,calibration,1,-1,unassigned_nearest_donor_beyond_100km,pooled_unassigned_area,0,0.11,0,0.11
2221,2018-10,2018-06,4,0,True,0.0,master,valid_observed_phase_at_origin,BASE,calibration,1,-1,unassigned_nearest_donor_beyond_100km,pooled_unassigned_area,0,0.04,0,0.04
2222,2018-10,2018-06,4,0,True,0.0,master,valid_observed_phase_at_origin,BASE,calibration,1,-1,unassigned_nearest_donor_beyond_100km,pooled_unassigned_area,0,0.3,0,0.3
2223,2018-10,2018-06,4,0,True,0.0,master,valid_observed_phase_at_origin,BASE,calibration,1,-1,unassigned_nearest_donor_beyond_100km,pooled_unassigned_area,0,0.03,0,0.03
2224,2018-10,2018-06,4,0,True,0.0,master,valid_observed_phase_at_origin,BASE,calibration,1,-1,unassigned_nearest_donor_beyond_100km,pooled_unassigned_area,0,0.08,0,0.08
2225,2018-10,2018-06,4,0,True,0.0,master,valid_observed_phase_at_origin,BASE,calibration,1,-1,unassigned_nearest_donor_beyond_100km,pooled_unassigned_area,0,0.06,0,0.06
2226,2018-10,2018-06,4,0,True,0.0,master,valid_observed_phase_at_origin,BASE,calibration,1,-1,unassigned_nearest_donor_beyond_100km,pooled_unassigned_area,0,0.04,0,0.04
2227,2018-10,2018-06,4,0,True,0.0,master,valid_observed_phase_at_origin,BASE,calibration,1,-1,unassigned_nearest_donor_beyond_100km,pooled_unassigned_area,0,0.15,0,0.15
2228,2018-10,2018-06,4,0,True,0.0,master,valid_observed_phase_at_origin,BASE,calibration,1,-1,unassigned_nearest_donor_beyond_100km,pooled_unassigned_area,0,0.06,0,0.06
2229,2018-10,2018-06,4,0,True,0.0,master,valid_observed_phase_at_origin,BASE,calibration,1,-1,unassigned_nearest_donor_beyond_100km,pooled_unassigned_area,0,0.29,0,0.29
2230,2018-10,2018-06,4,0,True,0.0,master,valid_observed_phase_at_origin,BASE,calibration,1,-1,unassigned_nearest_donor_beyond_100km,pooled_unassigned_area,0,0.19,0,0.19
2231,2018-10,2018-06,4,0,True,0.0,master,valid_observed_phase_at_origin,BASE,calibration,1,-1,unassigned_nearest_donor_beyond_100km,pooled_unassigned_area,0,0.12,0,0.12
2232,2018-10,2018-06,4,0,True,0.0,master,valid_observed_phase_at_origin,BASE,calibration,1,-1,unassigned_nearest_donor_beyond_100km,pooled_unassigned_area,0,0.07,0,0.07
2233,2018-10,2018-06,4,0,True,0.0,master,valid_observed_phase_at_origin,BASE,calibration,1,-1,unassigned_nearest_donor_beyond_100km,pooled_unassigned_area,0,0.03,0,0.03
2234,2018-10,2018-06,4,0,True,0.0,master,valid_observed_phase_at_origin,BASE,calibration,1,-1,unassigned_nearest_donor_beyond_100km,pooled_unassigned_area,0,0.05,0,0.05
2235,2018-10,2018-06,4,0,True,0.0,master,valid_observed_phase_at_origin,BASE,calibration,1,-1,unassigned_nearest_donor_beyond_100km,pooled_unassigned_area,0,0.03,0,0.03
2236,2018-10,2018-06,4,0,True,0.0,master,valid_observed_phase_at_origin,BASE,calibration,1,-1,unassigned_nearest_donor_beyond_100km,pooled_unassigned_area,0,0.12,0,0.12
2237,2018-10,2018-06,4,0,True,0.0,master,valid_observed_phase_at_origin,BASE,calibration,1,-1,unassigned_nearest_donor_beyond_100km,pooled_unassigned_area,0,0.25,0,0.25
2238,2018-10,2018-06,4,0,True,0.0,master,valid_observed_phase_at_origin,BASE,calibration,1,-1,unassigned_nearest_donor_beyond_100km,pooled_unassigned_area,0,0.3,0,0.3
2239,2018-10,2018-06,4,0,True,0.0,master,valid_observed_phase_at_origin,BASE,calibration,1,-1,unassigned_nearest_donor_beyond_100km,pooled_unassigned_area,0,0.21,0,0.21
2240,2018-10,2018-06,4,0,True,0.0,master,valid_observed_phase_at_origin,BASE,calibration,1,-1,unassigned_nearest_donor_beyond_100km,pooled_unassigned_area,0,0.06,0,0.06
2241,2018-10,2018-06,4,0,True,0.0,master,valid_observed_phase_at_origin,BASE,calibration,1,-1,unassigned_nearest_donor_beyond_100km,pooled_unassigned_area,0,0.15,0,0.15
2242,2018-10,2018-06,4,0,True,0.0,master,valid_observed_phase_at_origin,BASE,calibration,1,-1,unassigned_nearest_donor_beyond_100km,pooled_unassigned_area,0,0.3,0,0.3
2243,2018-10,2018-06,4,0,True,0.0,master,valid_observed_phase_at_origin,BASE,calibration,1,-1,unassigned_nearest_donor_beyond_100km,pooled_unassigned_area,0,0.16,0,0.16
2244,2018-10,2018-06,4,0,True,0.0,master,valid_observed_phase_at_origin,BASE,calibration,1,-1,unassigned_nearest_donor_beyond_100km,pooled_unassigned_area,0,0.04,0,0.04
2245,2018-10,2018-06,4,0,True,0.0,master,valid_observed_phase_at_origin,BASE,calibration,1,-1,unassigned_nearest_donor_beyond_100km,pooled_unassigned_area,0,0.03,0,0.03
2246,2018-10,2018-06,4,0,True,0.0,master,valid_observed_phase_at_origin,BASE,calibration,1,-1,unassigned_nearest_donor_beyond_100km,pooled_unassigned_area,0,0.16,0,0.16
2247,2018-10,2018-06,4,0,True,0.0,master,valid_observed_phase_at_origin,BASE,calibration,1,-1,unassigned_nearest_donor_beyond_100km,pooled_unassigned_area,0,0.06,0,0.06
2248,2018-10,2018-06,4,0,True,0.0,master,valid_observed_phase_at_origin,BASE,calibration,1,-1,unassigned_nearest_donor_beyond_100km,pooled_unassigned_area,0,0.04,0,0.04
2249,2018-10,2018-06,4,0,True,0.0,master,valid_observed_phase_at_origin,BASE,calibration,1,-1,unassigned_nearest_donor_beyond_100km,pooled_unassigned_area,0,0.04,0,0.04
2250,2018-10,2018-06,4,0,True,0.0,master,valid_observed_phase_at_origin,BASE,calibration,1,-1,unassigned_nearest_donor_beyond_100km,pooled_unassigned_area,0,0.2,0,0.2
2251,2018-10,2018-06,4,0,True,0.0,master,valid_observed_phase_at_origin,BASE,calibration,1,-1,unassigned_nearest_donor_beyond_100km,pooled_unassigned_area,0,0.1,0,0.1
2252,2018-10,2018-06,4,0,True,0.0,master,valid_observed_phase_at_origin,BASE,calibration,1,-1,unassigned_nearest_donor_beyond_100km,pooled_unassigned_area,0,0.23,0,0.23
2253,2018-10,2018-06,4,0,True,0.0,master,valid_observed_phase_at_origin,BASE,calibration,1,-1,unassigned_nearest_donor_beyond_100km,pooled_unassigned_area,0,0.22,0,0.22
2254,2018-10,2018-06,4,0,True,0.0,master,valid_observed_phase_at_origin,BASE,calibration,1,-1,unassigned_nearest_donor_beyond_100km,pooled_unassigned_area,0,0.23,0,0.23
2255,2018-10,2018-06,4,0,True,0.0,master,valid_observed_phase_at_origin,BASE,calibration,1,-1,unassigned_nearest_donor_beyond_100km,pooled_unassigned_area,0,0.31,0,0.31
2256,2018-10,2018-06,4,0,True,0.0,master,valid_observed_phase_at_origin,BASE,calibration,1,-1,unassigned_nearest_donor_beyond_100km,pooled_unassigned_area,0,0.3,0,0.3
2257,2018-10,2018-06,4,0,True,0.0,master,valid_observed_phase_at_origin,BASE,calibration,1,-1,unassigned_nearest_donor_beyond_100km,pooled_unassigned_area,0,0.25,0,0.25
2258,2018-10,2018-06,4,0,True,0.0,master,valid_observed_phase_at_origin,BASE,calibration,1,-1,unassigned_nearest_donor_beyond_100km,pooled_unassigned_area,0,0.23,0,0.23
2259,2018-10,2018-06,4,0,True,0.0,master,valid_observed_phase_at_origin,BASE,calibration,1,-1,unassigned_nearest_donor_beyond_100km,pooled_unassigned_area,0,0.26,0,0.26
2260,2018-10,2018-06,4,0,True,0.0,master,valid_observed_phase_at_origin,BASE,calibration,1,-1,unassigned_nearest_donor_beyond_100km,pooled_unassigned_area,0,0.35,0,0.35
2261,2018-10,2018-06,4,0,True,0.0,master,valid_observed_phase_at_origin,BASE,calibration,1,-1,unassigned_nearest_donor_beyond_100km,pooled_unassigned_area,0,0.15,0,0.15
2262,2018-10,2018-06,4,0,True,0.0,master,valid_observed_phase_at_origin,BASE,calibration,1,-1,unassigned_nearest_donor_beyond_100km,pooled_unassigned_area,0,0.3,0,0.3
2263,2018-10,2018-06,4,0,True,0.0,master,valid_observed_phase_at_origin,BASE,calibration,1,-1,unassigned_nearest_donor_beyond_100km,pooled_unassigned_area,0,0.26,0,0.26
2264,2018-10,2018-06,4,0,True,0.0,master,valid_observed_phase_at_origin,BASE,calibration,1,-1,unassigned_nearest_donor_beyond_100km,pooled_unassigned_area,0,0.27,0,0.27
2265,2018-10,2018-06,4,0,True,0.0,master,valid_observed_phase_at_origin,BASE,calibration,1,-1,unassigned_nearest_donor_beyond_100km,pooled_unassigned_area,0,0.07,0,0.07
2266,2018-10,2018-06,4,0,True,0.0,master,valid_observed_phase_at_origin,BASE,calibration,1,-1,unassigned_nearest_donor_beyond_100km,pooled_unassigned_area,0,0.16,0,0.16
2267,2018-10,2018-06,4,0,True,0.0,master,valid_observed_phase_at_origin,BASE,calibration,1,-1,unassigned_nearest_donor_beyond_100km,pooled_unassigned_area,0,0.31,0,0.31
2268,2018-10,2018-06,4,0,True,0.0,master,valid_observed_phase_at_origin,BASE,calibration,1,-1,unassigned_nearest_donor_beyond_100km,pooled_unassigned_area,0,0.32,0,0.32
2269,2018-10,2018-06,4,0,True,0.0,master,valid_observed_phase_at_origin,BASE,calibration,1,-1,unassigned_nearest_donor_beyond_100km,pooled_unassigned_area,0,0.09,0,0.09
2270,2018-10,2018-06,4,0,True,0.0,master,valid_observed_phase_at_origin,BASE,calibration,1,-1,unassigned_nearest_donor_beyond_100km,pooled_unassigned_area,0,0.25,0,0.25
2271,2018-10,2018-06,4,0,True,0.0,master,valid_observed_phase_at_origin,BASE,calibration,1,-1,unassigned_nearest_donor_beyond_100km,pooled_unassigned_area,0,0.2,0,0.2
2272,2018-10,2018-06,4,0,True,0.0,master,valid_observed_phase_at_origin,BASE,calibration,1,-1,unassigned_nearest_donor_beyond_100km,pooled_unassigned_area,0,0.23,0,0.23
2273,2018-10,2018-06,4,0,True,0.0,master,valid_observed_phase_at_origin,BASE,calibration,1,-1,unassigned_nearest_donor_beyond_100km,pooled_unassigned_area,0,0.2,0,0.2
2274,2018-10,2018-06,4,0,True,0.0,master,valid_observed_phase_at_origin,BASE,calibration,1,-1,unassigned_nearest_donor_beyond_100km,pooled_unassigned_area,0,0.34,0,0.34
2275,2018-10,2018-06,4,0,True,0.0,master,valid_observed_phase_at_origin,BASE,calibration,1,-1,unassigned_nearest_donor_beyond_100km,pooled_unassigned_area,0,0.24,0,0.24
2276,2018-10,2018-06,4,0,True,0.0,master,valid_observed_phase_at_origin,BASE,calibration,1,-1,unassigned_nearest_donor_beyond_100km,pooled_unassigned_area,0,0.35,0,0.35
2277,2018-10,2018-06,4,0,True,0.0,master,valid_observed_phase_at_origin,BASE,calibration,1,-1,unassigned_nearest_donor_beyond_100km,pooled_unassigned_area,0,0.27,0,0.27
2278,2018-10,2018-06,4,0,True,0.0,master,valid_observed_phase_at_origin,BASE,calibration,1,-1,unassigned_nearest_donor_beyond_100km,pooled_unassigned_area,0,0.24,0,0.24
2279,2018-10,2018-06,4,0,True,0.0,master,valid_observed_phase_at_origin,BASE,calibration,1,-1,unassigned_nearest_donor_beyond_100km,pooled_unassigned_area,0,0.26,0,0.26
2280,2018-10,2018-06,4,0,True,0.0,master,valid_observed_phase_at_origin,BASE,calibration,1,-1,unassigned_nearest_donor_beyond_100km,pooled_unassigned_area,0,0.22,0,0.22
2281,2018-10,2018-06,4,0,True,0.0,master,valid_observed_phase_at_origin,BASE,calibration,1,-1,unassigned_nearest_donor_beyond_100km,pooled_unassigned_area,0,0.14,0,0.14
2282,2018-10,2018-06,4,0,True,0.0,master,valid_observed_phase_at_origin,BASE,calibration,1,-1,unassigned_nearest_donor_beyond_100km,pooled_unassigned_area,0,0.36,0,0.36
2283,2018-10,2018-06,4,0,True,0.0,master,valid_observed_phase_at_origin,BASE,calibration,1,-1,unassigned_nearest_donor_beyond_100km,pooled_unassigned_area,0,0.15,0,0.15
2284,2018-10,2018-06,4,0,True,0.0,master,valid_observed_phase_at_origin,BASE,calibration,1,-1,unassigned_nearest_donor_beyond_100km,pooled_unassigned_area,0,0.1,0,0.1
2285,2018-10,2018-06,4,0,True,0.0,master,valid_observed_phase_at_origin,BASE,calibration,1,-1,unassigned_nearest_donor_beyond_100km,pooled_unassigned_area,0,0.26,0,0.26
2286,2018-10,2018-06,4,0,True,0.0,master,valid_observed_phase_at_origin,BASE,calibration,1,-1,unassigned_nearest_donor_beyond_100km,pooled_unassigned_area,0,0.24,0,0.24
2287,2018-10,2018-06,4,0,True,0.0,master,valid_observed_phase_at_origin,BASE,calibration,1,-1,unassigned_nearest_donor_beyond_100km,pooled_unassigned_area,0,0.05,0,0.05
2288,2018-10,2018-06,4,0,True,0.0,master,valid_observed_phase_at_origin,BASE,calibration,1,-1,unassigned_nearest_donor_beyond_100km,pooled_unassigned_area,0,0.05,0,0.05
2289,2018-10,2018-06,4,0,True,0.0,master,valid_observed_phase_at_origin,BASE,calibration,1,-1,unassigned_nearest_donor_beyond_100km,pooled_unassigned_area,0,0.03,0,0.03
2290,2018-10,2018-06,4,0,True,0.0,master,valid_observed_phase_at_origin,BASE,calibration,1,-1,unassigned_nearest_donor_beyond_100km,pooled_unassigned_area,0,0.04,0,0.04
2291,2018-10,2018-06,4,0,True,0.0,master,valid_observed_phase_at_origin,BASE,calibration,1,-1,unassigned_nearest_donor_beyond_100km,pooled_unassigned_area,0,0.1,0,0.1
2292,2018-10,2018-06,4,0,True,0.0,master,valid_observed_phase_at_origin,BASE,calibration,1,-1,unassigned_nearest_donor_beyond_100km,pooled_unassigned_area,0,0.03,0,0.03
2293,2018-10,2018-06,4,0,True,0.0,master,valid_observed_phase_at_origin,BASE,calibration,1,-1,unassigned_nearest_donor_beyond_100km,pooled_unassigned_area,0,0.04,0,0.04
2294,2018-10,2018-06,4,0,True,0.0,master,valid_observed_phase_at_origin,BASE,calibration,1,-1,unassigned_nearest_donor_beyond_100km,pooled_unassigned_area,0,0.05,0,0.05
2295,2018-10,2018-06,4,0,True,0.0,master,valid_observed_phase_at_origin,BASE,calibration,1,-1,unassigned_nearest_donor_beyond_100km,pooled_unassigned_area,0,0.04,0,0.04
2296,2018-10,2018-06,4,0,True,0.0,master,valid_observed_phase_at_origin,BASE,calibration,1,-1,unassigned_nearest_donor_beyond_100km,pooled_unassigned_area,0,0.03,0,0.03
2297,2018-10,2018-06,4,0,True,0.0,master,valid_observed_phase_at_origin,BASE,calibration,1,-1,unassigned_nearest_donor_beyond_100km,pooled_unassigned_area,0,0.02,0,0.02
2298,2018-10,2018-06,4,0,True,0.0,master,valid_observed_phase_at_origin,BASE,calibration,1,-1,unassigned_nearest_donor_beyond_100km,pooled_unassigned_area,0,0.06,0,0.06
2299,2018-10,2018-06,4,0,True,0.0,master,valid_observed_phase_at_origin,BASE,calibration,1,-1,unassigned_nearest_donor_beyond_100km,pooled_unassigned_area,0,0.06,0,0.06
2300,2018-10,2018-06,4,0,True,0.0,master,valid_observed_phase_at_origin,BASE,calibration,1,-1,unassigned_nearest_donor_beyond_100km,pooled_unassigned_area,0,0.04,0,0.04
2301,2018-10,2018-06,4,0,True,0.0,master,valid_observed_phase_at_origin,BASE,calibration,1,-1,unassigned_nearest_donor_beyond_100km,pooled_unassigned_area,0,0.05,0,0.05
2302,2018-10,2018-06,4,0,True,0.0,master,valid_observed_phase_at_origin,BASE,calibration,1,-1,unassigned_nearest_donor_beyond_100km,pooled_unassigned_area,0,0.02,0,0.02
2303,2018-10,2018-06,4,0,True,0.0,master,valid_observed_phase_at_origin,BASE,calibration,1,-1,unassigned_nearest_donor_beyond_100km,pooled_unassigned_area,0,0.06,0,0.06
2304,2018-10,2018-06,4,0,True,0.0,master,valid_observed_phase_at_origin,BASE,calibration,1,-1,unassigned_nearest_donor_beyond_100km,pooled_unassigned_area,0,0.02,0,0.02
2305,2018-10,2018-06,4,0,True,0.0,master,valid_observed_phase_at_origin,BASE,calibration,1,-1,unassigned_nearest_donor_beyond_100km,pooled_unassigned_area,0,0.05,0,0.05
2306,2018-10,2018-06,4,0,True,0.0,master,valid_observed_phase_at_origin,BASE,calibration,1,-1,unassigned_nearest_donor_beyond_100km,pooled_unassigned_area,0,0.02,0,0.02
2307,2018-10,2018-06,4,0,True,0.0,master,valid_observed_phase_at_origin,BASE,calibration,1,-1,unassigned_nearest_donor_beyond_100km,pooled_unassigned_area,0,0.02,0,0.02
2308,2018-10,2018-06,4,0,True,0.0,master,valid_observed_phase_at_origin,BASE,calibration,1,-1,unassigned_nearest_donor_beyond_100km,pooled_unassigned_area,0,0.08,0,0.08
2309,2018-10,2018-06,4,0,True,0.0,master,valid_observed_phase_at_origin,BASE,calibration,1,-1,unassigned_nearest_donor_beyond_100km,pooled_unassigned_area,0,0.02,0,0.02
2310,2018-10,2018-06,4,0,True,0.0,master,valid_observed_phase_at_origin,BASE,calibration,1,-1,unassigned_nearest_donor_beyond_100km,pooled_unassigned_area,0,0.04,0,0.04
2311,2018-10,2018-06,4,0,True,0.0,master,valid_observed_phase_at_origin,BASE,calibration,1,-1,unassigned_nearest_donor_beyond_100km,pooled_unassigned_area,0,0.07,0,0.07
2312,2018-10,2018-06,4,0,True,0.0,master,valid_observed_phase_at_origin,BASE,calibration,1,-1,unassigned_nearest_donor_beyond_100km,pooled_unassigned_area,0,0.03,0,0.03
2313,2018-10,2018-06,4,0,True,0.0,master,valid_observed_phase_at_origin,BASE,calibration,1,-1,unassigned_nearest_donor_beyond_100km,pooled_unassigned_area,0,0.05,0,0.05
2314,2018-10,2018-06,4,0,True,0.0,master,valid_observed_phase_at_origin,BASE,calibration,1,-1,unassigned_nearest_donor_beyond_100km,pooled_unassigned_area,0,0.02,0,0.02
2315,2018-10,2018-06,4,0,True,0.0,master,valid_observed_phase_at_origin,BASE,calibration,1,-1,unassigned_nearest_donor_beyond_100km,pooled_unassigned_area,0,0.02,0,0.02
2316,2018-10,2018-06,4,0,True,0.0,master,valid_observed_phase_at_origin,BASE,calibration,1,-1,unassigned_nearest_donor_beyond_100km,pooled_unassigned_area,0,0.02,0,0.02
2317,2018-10,2018-06,4,0,True,0.0,master,valid_observed_phase_at_origin,BASE,calibration,1,-1,unassigned_nearest_donor_beyond_100km,pooled_unassigned_area,0,0.06,0,0.06
2318,2018-10,2018-06,4,0,True,0.0,master,valid_observed_phase_at_origin,BASE,calibration,1,-1,unassigned_nearest_donor_beyond_100km,pooled_unassigned_area,0,0.06,0,0.06
2319,2018-10,2018-06,4,0,True,0.0,master,valid_observed_phase_at_origin,BASE,calibration,1,-1,unassigned_nearest_donor_beyond_100km,pooled_unassigned_area,0,0.02,0,0.02
2320,2018-10,2018-06,4,0,True,0.0,master,valid_observed_phase_at_origin,BASE,calibration,1,-1,unassigned_nearest_donor_beyond_100km,pooled_unassigned_area,0,0.13,0,0.13
2321,2018-10,2018-06,4,0,True,0.0,master,valid_observed_phase_at_origin,BASE,calibration,1,-1,unassigned_nearest_donor_beyond_100km,pooled_unassigned_area,0,0.15,0,0.15
2322,2018-10,2018-06,4,0,True,0.0,master,valid_observed_phase_at_origin,BASE,calibration,1,-1,unassigned_nearest_donor_beyond_100km,pooled_unassigned_area,0,0.3,0,0.3
2323,2018-10,2018-06,4,0,True,0.0,master,valid_observed_phase_at_origin,BASE,calibration,1,-1,unassigned_nearest_donor_beyond_100km,pooled_unassigned_area,0,0.24,0,0.24
2324,2018-10,2018-06,4,0,True,0.0,master,valid_observed_phase_at_origin,BASE,calibration,1,-1,unassigned_nearest_donor_beyond_100km,pooled_unassigned_area,0,0.17,0,0.17
2325,2018-10,2018-06,4,0,True,0.0,master,valid_observed_phase_at_origin,BASE,calibration,1,-1,unassigned_nearest_donor_beyond_100km,pooled_unassigned_area,0,0.28,0,0.28
2326,2018-10,2018-06,4,0,True,0.0,master,valid_observed_phase_at_origin,BASE,calibration,1,-1,unassigned_nearest_donor_beyond_100km,pooled_unassigned_area,0,0.23,0,0.23
2327,2018-10,2018-06,4,0,True,0.0,master,valid_observed_phase_at_origin,BASE,calibration,1,-1,unassigned_nearest_donor_beyond_100km,pooled_unassigned_area,0,0.22,0,0.22
2328,2018-10,2018-06,4,0,True,0.0,master,valid_observed_phase_at_origin,BASE,calibration,1,-1,unassigned_nearest_donor_beyond_100km,pooled_unassigned_area,0,0.27,0,0.27
2329,2018-10,2018-06,4,0,True,0.0,master,valid_observed_phase_at_origin,BASE,calibration,1,-1,unassigned_nearest_donor_beyond_100km,pooled_unassigned_area,0,0.06,0,0.06
2330,2018-10,2018-06,4,0,True,0.0,master,valid_observed_phase_at_origin,BASE,calibration,1,-1,unassigned_nearest_donor_beyond_100km,pooled_unassigned_area,0,0.13,0,0.13
2331,2018-10,2018-06,4,0,True,0.0,master,valid_observed_phase_at_origin,BASE,calibration,1,-1,unassigned_nearest_donor_beyond_100km,pooled_unassigned_area,0,0.13,0,0.13
2332,2018-10,2018-06,4,0,True,0.0,master,valid_observed_phase_at_origin,BASE,calibration,1,-1,unassigned_nearest_donor_beyond_100km,pooled_unassigned_area,0,0.02,0,0.02
2333,2018-10,2018-06,4,0,True,0.0,master,valid_observed_phase_at_origin,BASE,calibration,1,-1,unassigned_nearest_donor_beyond_100km,pooled_unassigned_area,0,0.03,0,0.03
2334,2018-10,2018-06,4,0,True,0.0,master,valid_observed_phase_at_origin,BASE,calibration,1,-1,unassigned_nearest_donor_beyond_100km,pooled_unassigned_area,0,0.0,0,0.0
2335,2018-10,2018-06,4,0,True,0.0,master,valid_observed_phase_at_origin,BASE,calibration,1,-1,unassigned_nearest_donor_beyond_100km,pooled_unassigned_area,0,0.04,0,0.04
2336,2018-10,2018-06,4,0,True,0.0,master,valid_observed_phase_at_origin,BASE,calibration,1,-1,unassigned_nearest_donor_beyond_100km,pooled_unassigned_area,0,0.13,0,0.13
2337,2018-10,2018-06,4,0,True,0.0,master,valid_observed_phase_at_origin,BASE,calibration,1,-1,unassigned_nearest_donor_beyond_100km,pooled_unassigned_area,0,0.05,0,0.05
2338,2018-10,2018-06,4,0,True,0.0,master,valid_observed_phase_at_origin,BASE,calibration,1,-1,unassigned_nearest_donor_beyond_100km,pooled_unassigned_area,0,0.02,0,0.02
2339,2018-10,2018-06,4,0,True,0.0,master,valid_observed_phase_at_origin,BASE,calibration,1,-1,unassigned_nearest_donor_beyond_100km,pooled_unassigned_area,0,0.02,0,0.02
2340,2018-10,2018-06,4,0,True,0.0,master,valid_observed_phase_at_origin,BASE,calibration,1,-1,unassigned_nearest_donor_beyond_100km,pooled_unassigned_area,0,0.03,0,0.03
2341,2018-10,2018-06,4,0,True,0.0,master,valid_observed_phase_at_origin,BASE,calibration,1,-1,unassigned_nearest_donor_beyond_100km,pooled_unassigned_area,0,0.07,0,0.07
2342,2018-10,2018-06,4,0,True,0.0,master,valid_observed_phase_at_origin,BASE,calibration,1,-1,unassigned_nearest_donor_beyond_100km,pooled_unassigned_area,0,0.0,0,0.0
2343,2018-10,2018-06,4,0,True,0.0,master,valid_observed_phase_at_origin,BASE,calibration,1,-1,unassigned_nearest_donor_beyond_100km,pooled_unassigned_area,0,0.08,0,0.08
2344,2018-10,2018-06,4,0,True,0.0,master,valid_observed_phase_at_origin,BASE,calibration,1,-1,unassigned_nearest_donor_beyond_100km,pooled_unassigned_area,0,0.18,0,0.18
2345,2018-10,2018-06,4,0,True,0.0,master,valid_observed_phase_at_origin,BASE,calibration,1,-1,unassigned_nearest_donor_beyond_100km,pooled_unassigned_area,0,0.06,0,0.06
2346,2018-10,2018-06,4,0,True,0.0,master,valid_observed_phase_at_origin,BASE,calibration,1,-1,unassigned_nearest_donor_beyond_100km,pooled_unassigned_area,0,0.02,0,0.02
2347,2018-10,2018-06,4,0,True,0.0,master,valid_observed_phase_at_origin,BASE,calibration,1,-1,unassigned_nearest_donor_beyond_100km,pooled_unassigned_area,0,0.01,0,0.01
2348,2018-10,2018-06,4,0,True,0.0,master,valid_observed_phase_at_origin,BASE,calibration,1,-1,unassigned_nearest_donor_beyond_100km,pooled_unassigned_area,0,0.03,0,0.03
2349,2018-10,2018-06,4,0,True,0.0,master,valid_observed_phase_at_origin,BASE,calibration,1,-1,unassigned_nearest_donor_beyond_100km,pooled_unassigned_area,0,0.08,0,0.08
2350,2018-10,2018-06,4,0,True,0.0,master,valid_observed_phase_at_origin,BASE,calibration,1,-1,unassigned_nearest_donor_beyond_100km,pooled_unassigned_area,0,0.04,0,0.04
2351,2018-10,2018-06,4,0,True,0.0,master,valid_observed_phase_at_origin,BASE,calibration,1,-1,unassigned_nearest_donor_beyond_100km,pooled_unassigned_area,0,0.13,0,0.13
2352,2018-10,2018-06,4,0,True,0.0,master,valid_observed_phase_at_origin,BASE,calibration,1,-1,unassigned_nearest_donor_beyond_100km,pooled_unassigned_area,0,0.05,0,0.05
2353,2018-10,2018-06,4,0,True,0.0,master,valid_observed_phase_at_origin,BASE,calibration,1,-1,unassigned_nearest_donor_beyond_100km,pooled_unassigned_area,0,0.1,0,0.1
2354,2018-10,2018-06,4,0,True,0.0,master,valid_observed_phase_at_origin,BASE,calibration,1,-1,unassigned_nearest_donor_beyond_100km,pooled_unassigned_area,0,0.04,0,0.04
2355,2018-10,2018-06,4,0,True,0.0,master,valid_observed_phase_at_origin,BASE,calibration,1,-1,unassigned_nearest_donor_beyond_100km,pooled_unassigned_area,0,0.03,0,0.03
2356,2018-10,2018-06,4,0,True,0.0,master,valid_observed_phase_at_origin,BASE,calibration,1,-1,unassigned_nearest_donor_beyond_100km,pooled_unassigned_area,0,0.04,0,0.04
2357,2018-10,2018-06,4,0,True,0.0,master,valid_observed_phase_at_origin,BASE,calibration,1,-1,unassigned_nearest_donor_beyond_100km,pooled_unassigned_area,0,0.02,0,0.02
2358,2018-10,2018-06,4,0,True,0.0,master,valid_observed_phase_at_origin,BASE,calibration,1,-1,unassigned_nearest_donor_beyond_100km,pooled_unassigned_area,0,0.03,0,0.03
2359,2018-10,2018-06,4,0,True,0.0,master,valid_observed_phase_at_origin,BASE,calibration,1,-1,unassigned_nearest_donor_beyond_100km,pooled_unassigned_area,0,0.04,0,0.04
2360,2018-10,2018-06,4,0,True,0.0,master,valid_observed_phase_at_origin,BASE,calibration,1,-1,unassigned_nearest_donor_beyond_100km,pooled_unassigned_area,0,0.03,0,0.03
2361,2018-10,2018-06,4,0,True,0.0,master,valid_observed_phase_at_origin,BASE,calibration,1,-1,unassigned_nearest_donor_beyond_100km,pooled_unassigned_area,0,0.04,0,0.04
2362,2018-10,2018-06,4,0,True,0.0,master,valid_observed_phase_at_origin,BASE,calibration,1,-1,unassigned_nearest_donor_beyond_100km,pooled_unassigned_area,0,0.09,0,0.09
2363,2018-10,2018-06,4,0,True,0.0,master,valid_observed_phase_at_origin,BASE,calibration,1,-1,unassigned_nearest_donor_beyond_100km,pooled_unassigned_area,0,0.01,0,0.01
2364,2018-10,2018-06,4,0,True,0.0,master,valid_observed_phase_at_origin,BASE,calibration,1,-1,unassigned_nearest_donor_beyond_100km,pooled_unassigned_area,0,0.01,0,0.01
2365,2018-10,2018-06,4,0,True,0.0,master,valid_observed_phase_at_origin,BASE,calibration,1,-1,unassigned_nearest_donor_beyond_100km,pooled_unassigned_area,0,0.07,0,0.07
2366,2018-10,2018-06,4,0,True,0.0,master,valid_observed_phase_at_origin,BASE,calibration,1,-1,unassigned_nearest_donor_beyond_100km,pooled_unassigned_area,0,0.17,0,0.17
2367,2018-10,2018-06,4,0,True,0.0,master,valid_observed_phase_at_origin,BASE,calibration,1,-1,unassigned_nearest_donor_beyond_100km,pooled_unassigned_area,0,0.03,0,0.03
2368,2018-10,2018-06,4,0,True,0.0,master,valid_observed_phase_at_origin,BASE,calibration,1,-1,unassigned_nearest_donor_beyond_100km,pooled_unassigned_area,0,0.04,0,0.04
2369,2018-10,2018-06,4,0,True,0.0,master,valid_observed_phase_at_origin,BASE,calibration,1,-1,unassigned_nearest_donor_beyond_100km,pooled_unassigned_area,0,0.09,0,0.09
2370,2018-10,2018-06,4,0,True,0.0,master,valid_observed_phase_at_origin,BASE,calibration,1,-1,unassigned_nearest_donor_beyond_100km,pooled_unassigned_area,0,0.06,0,0.06
2371,2018-10,2018-06,4,0,True,0.0,master,valid_observed_phase_at_origin,BASE,calibration,1,-1,unassigned_nearest_donor_beyond_100km,pooled_unassigned_area,0,0.08,0,0.08
2372,2018-10,2018-06,4,0,True,0.0,master,valid_observed_phase_at_origin,BASE,calibration,1,-1,unassigned_nearest_donor_beyond_100km,pooled_unassigned_area,0,0.21,0,0.21
2373,2018-10,2018-06,4,0,True,0.0,master,valid_observed_phase_at_origin,BASE,calibration,1,-1,unassigned_nearest_donor_beyond_100km,pooled_unassigned_area,0,0.05,0,0.05
2374,2018-10,2018-06,4,0,True,0.0,master,valid_observed_phase_at_origin,BASE,calibration,1,-1,unassigned_nearest_donor_beyond_100km,pooled_unassigned_area,0,0.07,0,0.07
2375,2018-10,2018-06,4,0,True,0.0,master,valid_observed_phase_at_origin,BASE,calibration,1,-1,unassigned_nearest_donor_beyond_100km,pooled_unassigned_area,0,0.08,0,0.08
2376,2018-10,2018-06,4,0,True,0.0,master,valid_observed_phase_at_origin,BASE,calibration,1,-1,unassigned_nearest_donor_beyond_100km,pooled_unassigned_area,0,0.02,0,0.02
2377,2018-10,2018-06,4,0,True,0.0,master,valid_observed_phase_at_origin,BASE,calibration,1,-1,unassigned_nearest_donor_beyond_100km,pooled_unassigned_area,0,0.03,0,0.03
2378,2018-10,2018-06,4,0,True,0.0,master,valid_observed_phase_at_origin,BASE,calibration,1,-1,unassigned_nearest_donor_beyond_100km,pooled_unassigned_area,0,0.04,0,0.04
2379,2018-10,2018-06,4,0,True,0.0,master,valid_observed_phase_at_origin,BASE,calibration,1,-1,unassigned_nearest_donor_beyond_100km,pooled_unassigned_area,0,0.02,0,0.02
2380,2018-10,2018-06,4,0,True,0.0,master,valid_observed_phase_at_origin,BASE,calibration,1,-1,unassigned_nearest_donor_beyond_100km,pooled_unassigned_area,0,0.04,0,0.04
2381,2018-10,2018-06,4,0,True,0.0,master,valid_observed_phase_at_origin,BASE,calibration,1,-1,unassigned_nearest_donor_beyond_100km,pooled_unassigned_area,0,0.05,0,0.05
2382,2018-10,2018-06,4,0,True,0.0,master,valid_observed_phase_at_origin,BASE,calibration,1,-1,unassigned_nearest_donor_beyond_100km,pooled_unassigned_area,0,0.03,0,0.03
2383,2018-10,2018-06,4,0,True,0.0,master,valid_observed_phase_at_origin,BASE,calibration,1,-1,unassigned_nearest_donor_beyond_100km,pooled_unassigned_area,0,0.02,0,0.02
2384,2018-10,2018-06,4,0,True,0.0,master,valid_observed_phase_at_origin,BASE,calibration,1,-1,unassigned_nearest_donor_beyond_100km,pooled_unassigned_area,0,0.07,0,0.07
2385,2018-10,2018-06,4,0,True,0.0,master,valid_observed_phase_at_origin,BASE,calibration,1,-1,unassigned_nearest_donor_beyond_100km,pooled_unassigned_area,0,0.03,0,0.03
2386,2018-10,2018-06,4,0,True,0.0,master,valid_observed_phase_at_origin,BASE,calibration,1,-1,unassigned_nearest_donor_beyond_100km,pooled_unassigned_area,0,0.04,0,0.04
2387,2018-10,2018-06,4,0,True,0.0,master,valid_observed_phase_at_origin,BASE,calibration,1,-1,unassigned_nearest_donor_beyond_100km,pooled_unassigned_area,0,0.06,0,0.06
2388,2018-10,2018-06,4,0,True,0.0,master,valid_observed_phase_at_origin,BASE,calibration,1,-1,unassigned_nearest_donor_beyond_100km,pooled_unassigned_area,0,0.08,0,0.08
2389,2018-10,2018-06,4,0,True,0.0,master,valid_observed_phase_at_origin,BASE,calibration,1,-1,unassigned_nearest_donor_beyond_100km,pooled_unassigned_area,0,0.06,0,0.06
2390,2018-10,2018-06,4,0,True,0.0,master,valid_observed_phase_at_origin,BASE,calibration,1,-1,unassigned_nearest_donor_beyond_100km,pooled_unassigned_area,0,0.1,0,0.1
2391,2018-10,2018-06,4,0,True,0.0,master,valid_observed_phase_at_origin,BASE,calibration,1,-1,unassigned_nearest_donor_beyond_100km,pooled_unassigned_area,0,0.02,0,0.02
2392,2018-10,2018-06,4,0,True,0.0,master,valid_observed_phase_at_origin,BASE,calibration,1,-1,unassigned_nearest_donor_beyond_100km,pooled_unassigned_area,0,0.02,0,0.02
2393,2018-10,2018-06,4,0,True,0.0,master,valid_observed_phase_at_origin,BASE,calibration,1,-1,unassigned_nearest_donor_beyond_100km,pooled_unassigned_area,0,0.02,0,0.02
2394,2018-10,2018-06,4,0,True,0.0,master,valid_observed_phase_at_origin,BASE,calibration,1,-1,unassigned_nearest_donor_beyond_100km,pooled_unassigned_area,0,0.03,0,0.03
2395,2018-10,2018-06,4,0,True,0.0,master,valid_observed_phase_at_origin,BASE,calibration,1,-1,unassigned_nearest_donor_beyond_100km,pooled_unassigned_area,0,0.02,0,0.02
2396,2018-10,2018-06,4,0,True,0.0,master,valid_observed_phase_at_origin,BASE,calibration,1,-1,unassigned_nearest_donor_beyond_100km,pooled_unassigned_area,0,0.0,0,0.0
2397,2018-10,2018-06,4,0,True,0.0,master,valid_observed_phase_at_origin,BASE,calibration,1,-1,unassigned_nearest_donor_beyond_100km,pooled_unassigned_area,0,0.02,0,0.02
2398,2018-10,2018-06,4,0,True,0.0,master,valid_observed_phase_at_origin,BASE,calibration,1,-1,unassigned_nearest_donor_beyond_100km,pooled_unassigned_area,0,0.03,0,0.03
2399,2018-10,2018-06,4,0,True,0.0,master,valid_observed_phase_at_origin,BASE,calibration,1,-1,unassigned_nearest_donor_beyond_100km,pooled_unassigned_area,0,0.02,0,0.02
2400,2018-10,2018-06,4,0,True,0.0,master,valid_observed_phase_at_origin,BASE,calibration,1,-1,unassigned_nearest_donor_beyond_100km,pooled_unassigned_area,0,0.02,0,0.02
2401,2018-10,2018-06,4,0,True,0.0,master,valid_observed_phase_at_origin,BASE,calibration,1,-1,unassigned_nearest_donor_beyond_100km,pooled_unassigned_area,0,0.04,0,0.04
2402,2018-10,2018-06,4,0,True,0.0,master,valid_observed_phase_at_origin,BASE,calibration,1,-1,unassigned_nearest_donor_beyond_100km,pooled_unassigned_area,0,0.06,0,0.06
2403,2018-10,2018-06,4,0,True,0.0,master,valid_observed_phase_at_origin,BASE,calibration,1,-1,unassigned_nearest_donor_beyond_100km,pooled_unassigned_area,0,0.04,0,0.04
2404,2018-10,2018-06,4,0,True,0.0,master,valid_observed_phase_at_origin,BASE,calibration,1,-1,unassigned_nearest_donor_beyond_100km,pooled_unassigned_area,0,0.01,0,0.01
2405,2018-10,2018-06,4,0,True,0.0,master,valid_observed_phase_at_origin,BASE,calibration,1,-1,unassigned_nearest_donor_beyond_100km,pooled_unassigned_area,0,0.26,0,0.26
2406,2018-10,2018-06,4,0,True,0.0,master,valid_observed_phase_at_origin,BASE,calibration,1,-1,unassigned_nearest_donor_beyond_100km,pooled_unassigned_area,0,0.06,0,0.06
2407,2018-10,2018-06,4,0,True,0.0,master,valid_observed_phase_at_origin,BASE,calibration,1,-1,unassigned_nearest_donor_beyond_100km,pooled_unassigned_area,0,0.09,0,0.09
2408,2018-10,2018-06,4,0,True,0.0,master,valid_observed_phase_at_origin,BASE,calibration,1,-1,unassigned_nearest_donor_beyond_100km,pooled_unassigned_area,0,0.05,0,0.05
2409,2018-10,2018-06,4,0,True,0.0,master,valid_observed_phase_at_origin,BASE,calibration,1,-1,unassigned_nearest_donor_beyond_100km,pooled_unassigned_area,0,0.05,0,0.05
2410,2018-10,2018-06,4,0,True,0.0,master,valid_observed_phase_at_origin,BASE,calibration,1,-1,unassigned_nearest_donor_beyond_100km,pooled_unassigned_area,0,0.06,0,0.06
2411,2018-10,2018-06,4,0,True,0.0,master,valid_observed_phase_at_origin,BASE,calibration,1,-1,unassigned_nearest_donor_beyond_100km,pooled_unassigned_area,0,0.04,0,0.04
2412,2018-10,2018-06,4,0,True,0.0,master,valid_observed_phase_at_origin,BASE,calibration,1,-1,unassigned_nearest_donor_beyond_100km,pooled_unassigned_area,0,0.24,0,0.24
2413,2018-10,2018-06,4,0,True,0.0,master,valid_observed_phase_at_origin,BASE,calibration,1,-1,unassigned_nearest_donor_beyond_100km,pooled_unassigned_area,0,0.08,0,0.08
2414,2018-10,2018-06,4,0,True,0.0,master,valid_observed_phase_at_origin,BASE,calibration,1,-1,unassigned_nearest_donor_beyond_100km,pooled_unassigned_area,0,0.24,0,0.24
2415,2018-10,2018-06,4,0,True,0.0,master,valid_observed_phase_at_origin,BASE,calibration,1,-1,unassigned_nearest_donor_beyond_100km,pooled_unassigned_area,0,0.23,0,0.23
2416,2018-10,2018-06,4,0,True,0.0,master,valid_observed_phase_at_origin,BASE,calibration,1,-1,unassigned_nearest_donor_beyond_100km,pooled_unassigned_area,0,0.04,0,0.04
2417,2018-10,2018-06,4,0,True,0.0,master,valid_observed_phase_at_origin,BASE,calibration,1,-1,unassigned_nearest_donor_beyond_100km,pooled_unassigned_area,0,0.05,0,0.05
2418,2018-10,2018-06,4,0,True,0.0,master,valid_observed_phase_at_origin,BASE,calibration,1,-1,unassigned_nearest_donor_beyond_100km,pooled_unassigned_area,0,0.03,0,0.03
2419,2018-10,2018-06,4,0,True,0.0,master,valid_observed_phase_at_origin,BASE,calibration,1,-1,unassigned_nearest_donor_beyond_100km,pooled_unassigned_area,0,0.14,0,0.14
2420,2018-10,2018-06,4,0,True,0.0,master,valid_observed_phase_at_origin,BASE,calibration,1,-1,unassigned_nearest_donor_beyond_100km,pooled_unassigned_area,0,0.05,0,0.05
2421,2018-10,2018-06,4,0,True,0.0,master,valid_observed_phase_at_origin,BASE,calibration,1,-1,unassigned_nearest_donor_beyond_100km,pooled_unassigned_area,0,0.1,0,0.1
2422,2018-10,2018-06,4,0,True,0.0,master,valid_observed_phase_at_origin,BASE,calibration,1,-1,unassigned_nearest_donor_beyond_100km,pooled_unassigned_area,0,0.05,0,0.05
2423,2018-10,2018-06,4,0,True,0.0,master,valid_observed_phase_at_origin,BASE,calibration,1,-1,unassigned_nearest_donor_beyond_100km,pooled_unassigned_area,0,0.1,0,0.1
2424,2018-10,2018-06,4,0,True,0.0,master,valid_observed_phase_at_origin,BASE,calibration,1,-1,unassigned_nearest_donor_beyond_100km,pooled_unassigned_area,0,0.07,0,0.07
2425,2018-10,2018-06,4,0,True,0.0,master,valid_observed_phase_at_origin,BASE,calibration,1,-1,unassigned_nearest_donor_beyond_100km,pooled_unassigned_area,0,0.05,0,0.05
2426,2018-10,2018-06,4,0,True,0.0,master,valid_observed_phase_at_origin,BASE,calibration,1,-1,unassigned_nearest_donor_beyond_100km,pooled_unassigned_area,0,0.09,0,0.09
2427,2018-10,2018-06,4,0,True,0.0,master,valid_observed_phase_at_origin,BASE,calibration,1,-1,unassigned_nearest_donor_beyond_100km,pooled_unassigned_area,0,0.03,0,0.03
2428,2018-10,2018-06,4,0,True,0.0,master,valid_observed_phase_at_origin,BASE,calibration,1,-1,unassigned_nearest_donor_beyond_100km,pooled_unassigned_area,0,0.18,0,0.18
2429,2018-10,2018-06,4,0,True,0.0,master,valid_observed_phase_at_origin,BASE,calibration,1,-1,unassigned_nearest_donor_beyond_100km,pooled_unassigned_area,0,0.2,0,0.2
2430,2018-10,2018-06,4,0,True,0.0,master,valid_observed_phase_at_origin,BASE,calibration,1,-1,unassigned_nearest_donor_beyond_100km,pooled_unassigned_area,0,0.04,0,0.04
2431,2018-10,2018-06,4,0,True,0.0,master,valid_observed_phase_at_origin,BASE,calibration,1,-1,unassigned_nearest_donor_beyond_100km,pooled_unassigned_area,0,0.02,0,0.02
2432,2018-10,2018-06,4,0,True,0.0,master,valid_observed_phase_at_origin,BASE,calibration,1,-1,unassigned_nearest_donor_beyond_100km,pooled_unassigned_area,0,0.25,0,0.25
2433,2018-10,2018-06,4,0,True,0.0,master,valid_observed_phase_at_origin,BASE,calibration,1,-1,unassigned_nearest_donor_beyond_100km,pooled_unassigned_area,0,0.04,0,0.04
2434,2018-10,2018-06,4,0,True,0.0,master,valid_observed_phase_at_origin,BASE,calibration,1,-1,unassigned_nearest_donor_beyond_100km,pooled_unassigned_area,0,0.08,0,0.08
2435,2018-10,2018-06,4,0,True,0.0,master,valid_observed_phase_at_origin,BASE,calibration,1,-1,unassigned_nearest_donor_beyond_100km,pooled_unassigned_area,0,0.1,0,0.1
2436,2018-10,2018-06,4,0,True,0.0,master,valid_observed_phase_at_origin,BASE,calibration,1,-1,unassigned_nearest_donor_beyond_100km,pooled_unassigned_area,0,0.03,0,0.03
2437,2018-10,2018-06,4,0,True,0.0,master,valid_observed_phase_at_origin,BASE,calibration,1,-1,unassigned_nearest_donor_beyond_100km,pooled_unassigned_area,0,0.21,0,0.21
2438,2018-10,2018-06,4,0,True,0.0,master,valid_observed_phase_at_origin,BASE,calibration,1,-1,unassigned_nearest_donor_beyond_100km,pooled_unassigned_area,0,0.05,0,0.05
2439,2018-10,2018-06,4,0,True,0.0,master,valid_observed_phase_at_origin,BASE,calibration,1,-1,unassigned_nearest_donor_beyond_100km,pooled_unassigned_area,0,0.03,0,0.03
2440,2018-10,2018-06,4,0,True,0.0,master,valid_observed_phase_at_origin,BASE,calibration,1,-1,unassigned_nearest_donor_beyond_100km,pooled_unassigned_area,0,0.03,0,0.03
2441,2018-10,2018-06,4,0,True,0.0,master,valid_observed_phase_at_origin,BASE,calibration,1,-1,unassigned_nearest_donor_beyond_100km,pooled_unassigned_area,0,0.11,0,0.11
2442,2018-10,2018-06,4,0,True,0.0,master,valid_observed_phase_at_origin,BASE,calibration,1,-1,unassigned_nearest_donor_beyond_100km,pooled_unassigned_area,0,0.06,0,0.06
2443,2018-10,2018-06,4,0,True,0.0,master,valid_observed_phase_at_origin,BASE,calibration,1,-1,unassigned_nearest_donor_beyond_100km,pooled_unassigned_area,0,0.18,0,0.18
2444,2018-10,2018-06,4,0,True,0.0,master,valid_observed_phase_at_origin,BASE,calibration,1,-1,unassigned_nearest_donor_beyond_100km,pooled_unassigned_area,0,0.17,0,0.17
2445,2018-10,2018-06,4,0,True,0.0,master,valid_observed_phase_at_origin,BASE,calibration,1,-1,unassigned_nearest_donor_beyond_100km,pooled_unassigned_area,0,0.04,0,0.04
2446,2018-10,2018-06,4,0,True,0.0,master,valid_observed_phase_at_origin,BASE,calibration,1,-1,unassigned_nearest_donor_beyond_100km,pooled_unassigned_area,0,0.04,0,0.04
2447,2018-10,2018-06,4,0,True,0.0,master,valid_observed_phase_at_origin,BASE,calibration,1,-1,unassigned_nearest_donor_beyond_100km,pooled_unassigned_area,0,0.31,0,0.31
2448,2018-10,2018-06,4,0,True,0.0,master,valid_observed_phase_at_origin,BASE,calibration,1,-1,unassigned_nearest_donor_beyond_100km,pooled_unassigned_area,0,0.04,0,0.04
2449,2018-10,2018-06,4,0,True,0.0,master,valid_observed_phase_at_origin,BASE,calibration,1,-1,unassigned_nearest_donor_beyond_100km,pooled_unassigned_area,0,0.1,0,0.1
2450,2018-10,2018-06,4,0,True,0.0,master,valid_observed_phase_at_origin,BASE,calibration,1,-1,unassigned_nearest_donor_beyond_100km,pooled_unassigned_area,0,0.08,0,0.08
2451,2018-10,2018-06,4,0,True,0.0,master,valid_observed_phase_at_origin,BASE,calibration,1,-1,unassigned_nearest_donor_beyond_100km,pooled_unassigned_area,0,0.05,0,0.05
2452,2018-10,2018-06,4,0,True,0.0,master,valid_observed_phase_at_origin,BASE,calibration,1,-1,unassigned_nearest_donor_beyond_100km,pooled_unassigned_area,0,0.07,0,0.07
2453,2018-10,2018-06,4,0,True,0.0,master,valid_observed_phase_at_origin,BASE,calibration,1,-1,unassigned_nearest_donor_beyond_100km,pooled_unassigned_area,0,0.44,0,0.44
2454,2018-10,2018-06,4,0,True,0.0,master,valid_observed_phase_at_origin,BASE,calibration,1,-1,unassigned_nearest_donor_beyond_100km,pooled_unassigned_area,0,0.33,0,0.33
2455,2018-10,2018-06,4,0,True,0.0,master,valid_observed_phase_at_origin,BASE,calibration,1,-1,unassigned_nearest_donor_beyond_100km,pooled_unassigned_area,0,0.21,0,0.21
2456,2018-10,2018-06,4,0,True,0.0,master,valid_observed_phase_at_origin,BASE,calibration,1,-1,unassigned_nearest_donor_beyond_100km,pooled_unassigned_area,0,0.13,0,0.13
2457,2018-10,2018-06,4,0,True,0.0,master,valid_observed_phase_at_origin,BASE,calibration,1,-1,unassigned_nearest_donor_beyond_100km,pooled_unassigned_area,0,0.12,0,0.12
2458,2018-10,2018-06,4,0,True,0.0,master,valid_observed_phase_at_origin,BASE,calibration,1,-1,unassigned_nearest_donor_beyond_100km,pooled_unassigned_area,0,0.09,0,0.09
2459,2018-10,2018-06,4,0,True,0.0,master,valid_observed_phase_at_origin,BASE,calibration,1,-1,unassigned_nearest_donor_beyond_100km,pooled_unassigned_area,0,0.02,0,0.02
2460,2018-10,2018-06,4,0,True,0.0,master,valid_observed_phase_at_origin,BASE,calibration,1,-1,unassigned_nearest_donor_beyond_100km,pooled_unassigned_area,0,0.24,0,0.24
2461,2018-10,2018-06,4,0,True,0.0,master,valid_observed_phase_at_origin,BASE,calibration,1,-1,unassigned_nearest_donor_beyond_100km,pooled_unassigned_area,0,0.04,0,0.04
2462,2018-10,2018-06,4,0,True,0.0,master,valid_observed_phase_at_origin,BASE,calibration,1,-1,unassigned_nearest_donor_beyond_100km,pooled_unassigned_area,0,0.15,0,0.15
2463,2018-10,2018-06,4,0,True,0.0,master,valid_observed_phase_at_origin,BASE,calibration,1,-1,unassigned_nearest_donor_beyond_100km,pooled_unassigned_area,0,0.08,0,0.08
2464,2018-10,2018-06,4,0,True,0.0,master,valid_observed_phase_at_origin,BASE,calibration,1,-1,unassigned_nearest_donor_beyond_100km,pooled_unassigned_area,0,0.06,0,0.06
2465,2018-10,2018-06,4,0,True,0.0,master,valid_observed_phase_at_origin,BASE,calibration,1,-1,unassigned_nearest_donor_beyond_100km,pooled_unassigned_area,0,0.04,0,0.04
2466,2018-10,2018-06,4,0,True,0.0,master,valid_observed_phase_at_origin,BASE,calibration,1,-1,unassigned_nearest_donor_beyond_100km,pooled_unassigned_area,0,0.05,0,0.05
2467,2018-10,2018-06,4,0,True,0.0,master,valid_observed_phase_at_origin,BASE,calibration,1,-1,unassigned_nearest_donor_beyond_100km,pooled_unassigned_area,0,0.05,0,0.05
2468,2018-10,2018-06,4,0,True,0.0,master,valid_observed_phase_at_origin,BASE,calibration,1,-1,unassigned_nearest_donor_beyond_100km,pooled_unassigned_area,0,0.31,0,0.31
2469,2018-10,2018-06,4,0,True,0.0,master,valid_observed_phase_at_origin,BASE,calibration,1,-1,unassigned_nearest_donor_beyond_100km,pooled_unassigned_area,0,0.04,0,0.04
2470,2018-10,2018-06,4,0,True,0.0,master,valid_observed_phase_at_origin,BASE,calibration,1,-1,unassigned_nearest_donor_beyond_100km,pooled_unassigned_area,0,0.08,0,0.08
2471,2018-10,2018-06,4,0,True,0.0,master,valid_observed_phase_at_origin,BASE,calibration,1,-1,unassigned_nearest_donor_beyond_100km,pooled_unassigned_area,0,0.06,0,0.06
2472,2018-10,2018-06,4,0,True,0.0,master,valid_observed_phase_at_origin,BASE,calibration,1,-1,unassigned_nearest_donor_beyond_100km,pooled_unassigned_area,0,0.19,0,0.19
2473,2018-10,2018-06,4,0,True,0.0,master,valid_observed_phase_at_origin,BASE,calibration,1,-1,unassigned_nearest_donor_beyond_100km,pooled_unassigned_area,0,0.07,0,0.07
2474,2018-10,2018-06,4,0,True,0.0,master,valid_observed_phase_at_origin,BASE,calibration,1,-1,unassigned_nearest_donor_beyond_100km,pooled_unassigned_area,0,0.29,0,0.29
2475,2018-10,2018-06,4,0,True,0.0,master,valid_observed_phase_at_origin,BASE,calibration,1,-1,unassigned_nearest_donor_beyond_100km,pooled_unassigned_area,0,0.05,0,0.05
2476,2018-10,2018-06,4,0,True,0.0,master,valid_observed_phase_at_origin,BASE,calibration,1,-1,unassigned_nearest_donor_beyond_100km,pooled_unassigned_area,0,0.1,0,0.1
2477,2018-10,2018-06,4,0,True,0.0,master,valid_observed_phase_at_origin,BASE,calibration,1,-1,unassigned_nearest_donor_beyond_100km,pooled_unassigned_area,0,0.32,0,0.32
2478,2018-10,2018-06,4,0,True,0.0,master,valid_observed_phase_at_origin,BASE,calibration,1,-1,unassigned_nearest_donor_beyond_100km,pooled_unassigned_area,0,0.04,0,0.04
2479,2018-10,2018-06,4,0,True,0.0,master,valid_observed_phase_at_origin,BASE,calibration,1,-1,unassigned_nearest_donor_beyond_100km,pooled_unassigned_area,0,0.17,0,0.17
2480,2018-10,2018-06,4,0,True,0.0,master,valid_observed_phase_at_origin,BASE,calibration,1,-1,unassigned_nearest_donor_beyond_100km,pooled_unassigned_area,0,0.19,0,0.19
2481,2018-10,2018-06,4,0,True,0.0,master,valid_observed_phase_at_origin,BASE,calibration,1,-1,unassigned_nearest_donor_beyond_100km,pooled_unassigned_area,0,0.04,0,0.04
2482,2018-10,2018-06,4,0,True,0.0,master,valid_observed_phase_at_origin,BASE,calibration,1,-1,unassigned_nearest_donor_beyond_100km,pooled_unassigned_area,0,0.29,0,0.29
2483,2018-10,2018-06,4,0,True,0.0,master,valid_observed_phase_at_origin,BASE,calibration,1,-1,unassigned_nearest_donor_beyond_100km,pooled_unassigned_area,0,0.05,0,0.05
2484,2018-10,2018-06,4,0,True,0.0,master,valid_observed_phase_at_origin,BASE,calibration,1,-1,unassigned_nearest_donor_beyond_100km,pooled_unassigned_area,0,0.08,0,0.08
2485,2018-10,2018-06,4,0,True,0.0,master,valid_observed_phase_at_origin,BASE,calibration,1,-1,unassigned_nearest_donor_beyond_100km,pooled_unassigned_area,0,0.07,0,0.07
2486,2018-10,2018-06,4,0,True,0.0,master,valid_observed_phase_at_origin,BASE,calibration,1,-1,unassigned_nearest_donor_beyond_100km,pooled_unassigned_area,0,0.06,0,0.06
2487,2018-10,2018-06,4,0,True,0.0,master,valid_observed_phase_at_origin,BASE,calibration,1,-1,unassigned_nearest_donor_beyond_100km,pooled_unassigned_area,0,0.32,0,0.32
2488,2018-10,2018-06,4,0,True,0.0,master,valid_observed_phase_at_origin,BASE,calibration,1,-1,unassigned_nearest_donor_beyond_100km,pooled_unassigned_area,0,0.08,0,0.08
2489,2018-10,2018-06,4,0,True,0.0,master,valid_observed_phase_at_origin,BASE,calibration,1,-1,unassigned_nearest_donor_beyond_100km,pooled_unassigned_area,0,0.26,0,0.26
2490,2018-10,2018-06,4,0,True,0.0,master,valid_observed_phase_at_origin,BASE,calibration,1,-1,unassigned_nearest_donor_beyond_100km,pooled_unassigned_area,0,0.32,0,0.32
2491,2018-10,2018-06,4,0,True,0.0,master,valid_observed_phase_at_origin,BASE,calibration,1,-1,unassigned_nearest_donor_beyond_100km,pooled_unassigned_area,0,0.12,0,0.12
2492,2018-10,2018-06,4,0,True,0.0,master,valid_observed_phase_at_origin,BASE,calibration,1,-1,unassigned_nearest_donor_beyond_100km,pooled_unassigned_area,0,0.04,0,0.04
2493,2018-10,2018-06,4,0,True,0.0,master,valid_observed_phase_at_origin,BASE,calibration,1,-1,unassigned_nearest_donor_beyond_100km,pooled_unassigned_area,0,0.07,0,0.07
2494,2018-10,2018-06,4,0,True,0.0,master,valid_observed_phase_at_origin,BASE,calibration,1,-1,unassigned_nearest_donor_beyond_100km,pooled_unassigned_area,0,0.14,0,0.14
2495,2018-10,2018-06,4,0,True,0.0,master,valid_observed_phase_at_origin,BASE,calibration,1,-1,unassigned_nearest_donor_beyond_100km,pooled_unassigned_area,0,0.04,0,0.04
2496,2018-10,2018-06,4,0,True,0.0,master,valid_observed_phase_at_origin,BASE,calibration,1,-1,unassigned_nearest_donor_beyond_100km,pooled_unassigned_area,0,0.03,0,0.03
2497,2018-10,2018-06,4,0,True,0.0,master,valid_observed_phase_at_origin,BASE,calibration,1,-1,unassigned_nearest_donor_beyond_100km,pooled_unassigned_area,0,0.09,0,0.09
2498,2018-10,2018-06,4,0,True,0.0,master,valid_observed_phase_at_origin,BASE,calibration,1,-1,unassigned_nearest_donor_beyond_100km,pooled_unassigned_area,0,0.07,0,0.07
2499,2018-10,2018-06,4,0,True,0.0,master,valid_observed_phase_at_origin,BASE,calibration,1,-1,unassigned_nearest_donor_beyond_100km,pooled_unassigned_area,0,0.05,0,0.05
2500,2018-10,2018-06,4,0,True,0.0,master,valid_observed_phase_at_origin,BASE,calibration,1,-1,unassigned_nearest_donor_beyond_100km,pooled_unassigned_area,0,0.22,0,0.22
2501,2018-10,2018-06,4,0,True,0.0,master,valid_observed_phase_at_origin,BASE,calibration,1,-1,unassigned_nearest_donor_beyond_100km,pooled_unassigned_area,0,0.07,0,0.07
2502,2018-10,2018-06,4,0,True,0.0,master,valid_observed_phase_at_origin,BASE,calibration,1,-1,unassigned_nearest_donor_beyond_100km,pooled_unassigned_area,0,0.07,0,0.07
2503,2018-10,2018-06,4,0,True,0.0,master,valid_observed_phase_at_origin,BASE,calibration,1,-1,unassigned_nearest_donor_beyond_100km,pooled_unassigned_area,0,0.03,0,0.03
2504,2018-10,2018-06,4,0,True,0.0,master,valid_observed_phase_at_origin,BASE,calibration,1,-1,unassigned_nearest_donor_beyond_100km,pooled_unassigned_area,0,0.03,0,0.03
2505,2018-10,2018-06,4,0,True,0.0,master,valid_observed_phase_at_origin,BASE,calibration,1,-1,unassigned_nearest_donor_beyond_100km,pooled_unassigned_area,0,0.21,0,0.21
2506,2018-10,2018-06,4,0,True,0.0,master,valid_observed_phase_at_origin,BASE,calibration,1,-1,unassigned_nearest_donor_beyond_100km,pooled_unassigned_area,0,0.22,0,0.22
2507,2018-10,2018-06,4,0,True,0.0,master,valid_observed_phase_at_origin,BASE,calibration,1,-1,unassigned_nearest_donor_beyond_100km,pooled_unassigned_area,0,0.06,0,0.06
2508,2018-10,2018-06,4,0,True,0.0,master,valid_observed_phase_at_origin,BASE,calibration,1,-1,unassigned_nearest_donor_beyond_100km,pooled_unassigned_area,0,0.24,0,0.24
2509,2018-10,2018-06,4,0,True,0.0,master,valid_observed_phase_at_origin,BASE,calibration,1,-1,unassigned_nearest_donor_beyond_100km,pooled_unassigned_area,0,0.34,0,0.34
2510,2018-10,2018-06,4,0,True,0.0,master,valid_observed_phase_at_origin,BASE,calibration,1,-1,unassigned_nearest_donor_beyond_100km,pooled_unassigned_area,0,0.27,0,0.27
2511,2018-10,2018-06,4,0,True,0.0,master,valid_observed_phase_at_origin,BASE,calibration,1,-1,unassigned_nearest_donor_beyond_100km,pooled_unassigned_area,0,0.09,0,0.09
2512,2018-10,2018-06,4,0,True,0.0,master,valid_observed_phase_at_origin,BASE,calibration,1,-1,unassigned_nearest_donor_beyond_100km,pooled_unassigned_area,0,0.12,0,0.12
2513,2018-10,2018-06,4,0,True,0.0,master,valid_observed_phase_at_origin,BASE,calibration,1,-1,unassigned_nearest_donor_beyond_100km,pooled_unassigned_area,0,0.19,0,0.19
2514,2018-10,2018-06,4,0,True,0.0,master,valid_observed_phase_at_origin,BASE,calibration,1,-1,unassigned_nearest_donor_beyond_100km,pooled_unassigned_area,0,0.11,0,0.11
2515,2018-10,2018-06,4,0,True,0.0,master,valid_observed_phase_at_origin,BASE,calibration,1,-1,unassigned_nearest_donor_beyond_100km,pooled_unassigned_area,0,0.09,0,0.09
2516,2018-10,2018-06,4,0,True,0.0,master,valid_observed_phase_at_origin,BASE,calibration,1,-1,unassigned_nearest_donor_beyond_100km,pooled_unassigned_area,0,0.06,0,0.06
2517,2018-10,2018-06,4,0,True,0.0,master,valid_observed_phase_at_origin,BASE,calibration,1,-1,unassigned_nearest_donor_beyond_100km,pooled_unassigned_area,0,0.07,0,0.07
2518,2018-10,2018-06,4,0,True,0.0,master,valid_observed_phase_at_origin,BASE,calibration,1,-1,unassigned_nearest_donor_beyond_100km,pooled_unassigned_area,0,0.15,0,0.15
2519,2018-10,2018-06,4,0,True,0.0,master,valid_observed_phase_at_origin,BASE,calibration,1,-1,unassigned_nearest_donor_beyond_100km,pooled_unassigned_area,0,0.1,0,0.1
2520,2018-10,2018-06,4,0,True,0.0,master,valid_observed_phase_at_origin,BASE,calibration,1,-1,unassigned_nearest_donor_beyond_100km,pooled_unassigned_area,0,0.08,0,0.08
2521,2018-10,2018-06,4,0,True,0.0,master,valid_observed_phase_at_origin,BASE,calibration,1,-1,unassigned_nearest_donor_beyond_100km,pooled_unassigned_area,0,0.08,0,0.08
2522,2018-10,2018-06,4,0,True,0.0,master,valid_observed_phase_at_origin,BASE,calibration,1,-1,unassigned_nearest_donor_beyond_100km,pooled_unassigned_area,0,0.22,0,0.22
2523,2018-10,2018-06,4,0,True,0.0,master,valid_observed_phase_at_origin,BASE,calibration,1,-1,unassigned_nearest_donor_beyond_100km,pooled_unassigned_area,0,0.08,0,0.08
2524,2018-10,2018-06,4,0,True,0.0,master,valid_observed_phase_at_origin,BASE,calibration,1,-1,unassigned_nearest_donor_beyond_100km,pooled_unassigned_area,0,0.17,0,0.17
2525,2018-10,2018-06,4,0,True,0.0,master,valid_observed_phase_at_origin,BASE,calibration,1,-1,unassigned_nearest_donor_beyond_100km,pooled_unassigned_area,0,0.17,0,0.17
2526,2018-10,2018-06,4,0,True,0.0,master,valid_observed_phase_at_origin,BASE,calibration,1,-1,unassigned_nearest_donor_beyond_100km,pooled_unassigned_area,0,0.13,0,0.13
2527,2018-10,2018-06,4,0,True,0.0,master,valid_observed_phase_at_origin,BASE,calibration,1,-1,unassigned_nearest_donor_beyond_100km,pooled_unassigned_area,0,0.1,0,0.1
2528,2018-10,2018-06,4,0,True,0.0,master,valid_observed_phase_at_origin,BASE,calibration,1,-1,unassigned_nearest_donor_beyond_100km,pooled_unassigned_area,0,0.13,0,0.13
2529,2018-10,2018-06,4,0,True,0.0,master,valid_observed_phase_at_origin,BASE,calibration,1,-1,unassigned_nearest_donor_beyond_100km,pooled_unassigned_area,0,0.19,0,0.19
2530,2018-10,2018-06,4,0,True,0.0,master,valid_observed_phase_at_origin,BASE,calibration,1,-1,unassigned_nearest_donor_beyond_100km,pooled_unassigned_area,0,0.23,0,0.23
2531,2018-10,2018-06,4,0,True,0.0,master,valid_observed_phase_at_origin,BASE,calibration,1,-1,unassigned_nearest_donor_beyond_100km,pooled_unassigned_area,0,0.07,0,0.07
2532,2018-10,2018-06,4,0,True,0.0,master,valid_observed_phase_at_origin,BASE,calibration,1,-1,unassigned_nearest_donor_beyond_100km,pooled_unassigned_area,0,0.09,0,0.09
2533,2018-10,2018-06,4,0,True,0.0,master,valid_observed_phase_at_origin,BASE,calibration,1,-1,unassigned_nearest_donor_beyond_100km,pooled_unassigned_area,0,0.27,0,0.27
2534,2018-10,2018-06,4,0,True,0.0,master,valid_observed_phase_at_origin,BASE,calibration,1,-1,unassigned_nearest_donor_beyond_100km,pooled_unassigned_area,0,0.19,0,0.19
2535,2018-10,2018-06,4,0,True,0.0,master,valid_observed_phase_at_origin,BASE,calibration,1,-1,unassigned_nearest_donor_beyond_100km,pooled_unassigned_area,0,0.19,0,0.19
2536,2018-10,2018-06,4,0,True,0.0,master,valid_observed_phase_at_origin,BASE,calibration,1,-1,unassigned_nearest_donor_beyond_100km,pooled_unassigned_area,0,0.15,0,0.15
2537,2018-10,2018-06,4,0,True,0.0,master,valid_observed_phase_at_origin,BASE,calibration,1,-1,unassigned_nearest_donor_beyond_100km,pooled_unassigned_area,0,0.18,0,0.18
2538,2018-10,2018-06,4,0,True,0.0,master,valid_observed_phase_at_origin,BASE,calibration,1,-1,unassigned_nearest_donor_beyond_100km,pooled_unassigned_area,0,0.2,0,0.2
2539,2018-10,2018-06,4,0,True,0.0,master,valid_observed_phase_at_origin,BASE,calibration,1,-1,unassigned_nearest_donor_beyond_100km,pooled_unassigned_area,0,0.1,0,0.1
2540,2018-10,2018-06,4,0,True,0.0,master,valid_observed_phase_at_origin,BASE,calibration,1,-1,unassigned_nearest_donor_beyond_100km,pooled_unassigned_area,0,0.15,0,0.15
2541,2018-10,2018-06,4,0,True,0.0,master,valid_observed_phase_at_origin,BASE,calibration,1,-1,unassigned_nearest_donor_beyond_100km,pooled_unassigned_area,0,0.21,0,0.21
2542,2018-10,2018-06,4,0,True,0.0,master,valid_observed_phase_at_origin,BASE,calibration,1,-1,unassigned_nearest_donor_beyond_100km,pooled_unassigned_area,0,0.12,0,0.12
2543,2018-10,2018-06,4,0,True,0.0,master,valid_observed_phase_at_origin,BASE,calibration,1,-1,unassigned_nearest_donor_beyond_100km,pooled_unassigned_area,0,0.11,0,0.11
2544,2018-10,2018-06,4,0,True,0.0,master,valid_observed_phase_at_origin,BASE,calibration,1,-1,unassigned_nearest_donor_beyond_100km,pooled_unassigned_area,0,0.12,0,0.12
2545,2018-10,2018-06,4,0,True,0.0,master,valid_observed_phase_at_origin,BASE,calibration,1,-1,unassigned_nearest_donor_beyond_100km,pooled_unassigned_area,0,0.09,0,0.09
2546,2018-10,2018-06,4,0,True,0.0,master,valid_observed_phase_at_origin,BASE,calibration,1,-1,unassigned_nearest_donor_beyond_100km,pooled_unassigned_area,0,0.14,0,0.14
2547,2018-10,2018-06,4,0,True,0.0,master,valid_observed_phase_at_origin,BASE,calibration,1,-1,unassigned_nearest_donor_beyond_100km,pooled_unassigned_area,0,0.11,0,0.11
2548,2018-10,2018-06,4,0,True,0.0,master,valid_observed_phase_at_origin,BASE,calibration,1,-1,unassigned_nearest_donor_beyond_100km,pooled_unassigned_area,0,0.16,0,0.16
2549,2018-10,2018-06,4,0,True,0.0,master,valid_observed_phase_at_origin,BASE,calibration,1,-1,unassigned_nearest_donor_beyond_100km,pooled_unassigned_area,0,0.16,0,0.16
2550,2018-10,2018-06,4,0,True,0.0,master,valid_observed_phase_at_origin,BASE,calibration,1,-1,unassigned_nearest_donor_beyond_100km,pooled_unassigned_area,0,0.09,0,0.09
2551,2018-10,2018-06,4,0,True,0.0,master,valid_observed_phase_at_origin,BASE,calibration,1,-1,unassigned_nearest_donor_beyond_100km,pooled_unassigned_area,0,0.08,0,0.08
2552,2018-10,2018-06,4,0,True,0.0,master,valid_observed_phase_at_origin,BASE,calibration,1,-1,unassigned_nearest_donor_beyond_100km,pooled_unassigned_area,0,0.08,0,0.08
2553,2018-10,2018-06,4,0,True,0.0,master,valid_observed_phase_at_origin,BASE,calibration,1,-1,unassigned_nearest_donor_beyond_100km,pooled_unassigned_area,0,0.21,0,0.21
2554,2018-10,2018-06,4,0,True,0.0,master,valid_observed_phase_at_origin,BASE,calibration,1,-1,unassigned_nearest_donor_beyond_100km,pooled_unassigned_area,0,0.1,0,0.1
2555,2018-10,2018-06,4,0,True,0.0,master,valid_observed_phase_at_origin,BASE,calibration,1,-1,unassigned_nearest_donor_beyond_100km,pooled_unassigned_area,0,0.16,0,0.16
2556,2018-10,2018-06,4,0,True,0.0,master,valid_observed_phase_at_origin,BASE,calibration,1,-1,unassigned_nearest_donor_beyond_100km,pooled_unassigned_area,0,0.17,0,0.17
2557,2018-10,2018-06,4,0,True,0.0,master,valid_observed_phase_at_origin,BASE,calibration,1,-1,unassigned_nearest_donor_beyond_100km,pooled_unassigned_area,0,0.15,0,0.15
2558,2018-10,2018-06,4,0,True,0.0,master,valid_observed_phase_at_origin,BASE,calibration,1,-1,unassigned_nearest_donor_beyond_100km,pooled_unassigned_area,0,0.11,0,0.11
2559,2018-10,2018-06,4,0,True,0.0,master,valid_observed_phase_at_origin,BASE,calibration,1,-1,unassigned_nearest_donor_beyond_100km,pooled_unassigned_area,0,0.08,0,0.08
2560,2018-10,2018-06,4,0,True,0.0,master,valid_observed_phase_at_origin,BASE,calibration,1,-1,unassigned_nearest_donor_beyond_100km,pooled_unassigned_area,0,0.17,0,0.17
2561,2018-10,2018-06,4,0,True,0.0,master,valid_observed_phase_at_origin,BASE,calibration,1,-1,unassigned_nearest_donor_beyond_100km,pooled_unassigned_area,0,0.08,0,0.08
2562,2018-10,2018-06,4,0,True,0.0,master,valid_observed_phase_at_origin,BASE,calibration,1,-1,unassigned_nearest_donor_beyond_100km,pooled_unassigned_area,0,0.07,0,0.07
2563,2018-10,2018-06,4,0,True,0.0,master,valid_observed_phase_at_origin,BASE,calibration,1,-1,unassigned_nearest_donor_beyond_100km,pooled_unassigned_area,0,0.08,0,0.08
2564,2018-10,2018-06,4,0,True,0.0,master,valid_observed_phase_at_origin,BASE,calibration,1,-1,unassigned_nearest_donor_beyond_100km,pooled_unassigned_area,0,0.16,0,0.16
2565,2018-10,2018-06,4,0,True,0.0,master,valid_observed_phase_at_origin,BASE,calibration,1,-1,unassigned_nearest_donor_beyond_100km,pooled_unassigned_area,0,0.16,0,0.16
2566,2018-10,2018-06,4,0,True,0.0,master,valid_observed_phase_at_origin,BASE,calibration,1,-1,unassigned_nearest_donor_beyond_100km,pooled_unassigned_area,0,0.13,0,0.13
2567,2018-10,2018-06,4,0,True,0.0,master,valid_observed_phase_at_origin,BASE,calibration,1,-1,unassigned_nearest_donor_beyond_100km,pooled_unassigned_area,0,0.07,0,0.07
2568,2018-10,2018-06,4,0,True,0.0,master,valid_observed_phase_at_origin,BASE,calibration,1,-1,unassigned_nearest_donor_beyond_100km,pooled_unassigned_area,0,0.24,0,0.24
2569,2018-10,2018-06,4,0,True,0.0,master,valid_observed_phase_at_origin,BASE,calibration,1,-1,unassigned_nearest_donor_beyond_100km,pooled_unassigned_area,0,0.28,0,0.28
2570,2018-10,2018-06,4,0,True,0.0,master,valid_observed_phase_at_origin,BASE,calibration,1,-1,unassigned_nearest_donor_beyond_100km,pooled_unassigned_area,0,0.21,0,0.21
2571,2018-10,2018-06,4,0,True,0.0,master,valid_observed_phase_at_origin,BASE,calibration,1,-1,unassigned_nearest_donor_beyond_100km,pooled_unassigned_area,0,0.09,0,0.09
2572,2018-10,2018-06,4,0,True,0.0,master,valid_observed_phase_at_origin,BASE,calibration,1,-1,unassigned_nearest_donor_beyond_100km,pooled_unassigned_area,0,0.26,0,0.26
2573,2018-10,2018-06,4,0,True,0.0,master,valid_observed_phase_at_origin,BASE,calibration,1,-1,unassigned_nearest_donor_beyond_100km,pooled_unassigned_area,0,0.24,0,0.24
2574,2018-10,2018-06,4,0,True,0.0,master,valid_observed_phase_at_origin,BASE,calibration,1,-1,unassigned_nearest_donor_beyond_100km,pooled_unassigned_area,0,0.13,0,0.13
2575,2018-10,2018-06,4,0,True,0.0,master,valid_observed_phase_at_origin,BASE,calibration,1,-1,unassigned_nearest_donor_beyond_100km,pooled_unassigned_area,0,0.05,0,0.05
2576,2018-10,2018-06,4,0,True,0.0,master,valid_observed_phase_at_origin,BASE,calibration,1,-1,unassigned_nearest_donor_beyond_100km,pooled_unassigned_area,0,0.08,0,0.08
2577,2018-10,2018-06,4,0,True,0.0,master,valid_observed_phase_at_origin,BASE,calibration,1,-1,unassigned_nearest_donor_beyond_100km,pooled_unassigned_area,0,0.11,0,0.11
2578,2018-10,2018-06,4,0,True,0.0,master,valid_observed_phase_at_origin,BASE,calibration,1,-1,unassigned_nearest_donor_beyond_100km,pooled_unassigned_area,0,0.19,0,0.19
2579,2018-10,2018-06,4,0,True,0.0,master,valid_observed_phase_at_origin,BASE,calibration,1,-1,unassigned_nearest_donor_beyond_100km,pooled_unassigned_area,0,0.27,0,0.27
2580,2018-10,2018-06,4,0,True,0.0,master,valid_observed_phase_at_origin,BASE,calibration,1,-1,unassigned_nearest_donor_beyond_100km,pooled_unassigned_area,0,0.11,0,0.11
2581,2018-10,2018-06,4,0,True,0.0,master,valid_observed_phase_at_origin,BASE,calibration,1,-1,unassigned_nearest_donor_beyond_100km,pooled_unassigned_area,0,0.05,0,0.05
2582,2018-10,2018-06,4,0,True,0.0,master,valid_observed_phase_at_origin,BASE,calibration,1,-1,unassigned_nearest_donor_beyond_100km,pooled_unassigned_area,0,0.09,0,0.09
2583,2018-10,2018-06,4,0,True,0.0,master,valid_observed_phase_at_origin,BASE,calibration,1,-1,unassigned_nearest_donor_beyond_100km,pooled_unassigned_area,0,0.08,0,0.08
2584,2018-10,2018-06,4,0,True,0.0,master,valid_observed_phase_at_origin,BASE,calibration,1,-1,unassigned_nearest_donor_beyond_100km,pooled_unassigned_area,0,0.07,0,0.07
2585,2018-10,2018-06,4,0,True,0.0,master,valid_observed_phase_at_origin,BASE,calibration,1,-1,unassigned_nearest_donor_beyond_100km,pooled_unassigned_area,0,0.1,0,0.1
2586,2018-10,2018-06,4,0,True,0.0,master,valid_observed_phase_at_origin,BASE,calibration,1,-1,unassigned_nearest_donor_beyond_100km,pooled_unassigned_area,0,0.15,0,0.15
2587,2018-10,2018-06,4,0,True,0.0,master,valid_observed_phase_at_origin,BASE,calibration,1,-1,unassigned_nearest_donor_beyond_100km,pooled_unassigned_area,0,0.15,0,0.15
2588,2018-10,2018-06,4,0,True,0.0,master,valid_observed_phase_at_origin,BASE,calibration,1,-1,unassigned_nearest_donor_beyond_100km,pooled_unassigned_area,0,0.09,0,0.09
2589,2018-10,2018-06,4,0,True,0.0,master,valid_observed_phase_at_origin,BASE,calibration,1,-1,unassigned_nearest_donor_beyond_100km,pooled_unassigned_area,0,0.2,0,0.2
2590,2018-10,2018-06,4,0,True,0.0,master,valid_observed_phase_at_origin,BASE,calibration,1,-1,unassigned_nearest_donor_beyond_100km,pooled_unassigned_area,0,0.11,0,0.11
2591,2018-10,2018-06,4,0,True,0.0,master,valid_observed_phase_at_origin,BASE,calibration,1,-1,unassigned_nearest_donor_beyond_100km,pooled_unassigned_area,0,0.1,0,0.1
2592,2018-10,2018-06,4,0,True,0.0,master,valid_observed_phase_at_origin,BASE,calibration,1,-1,unassigned_nearest_donor_beyond_100km,pooled_unassigned_area,0,0.19,0,0.19
2593,2018-10,2018-06,4,0,True,0.0,master,valid_observed_phase_at_origin,BASE,calibration,1,-1,unassigned_nearest_donor_beyond_100km,pooled_unassigned_area,0,0.13,0,0.13
2594,2018-10,2018-06,4,0,True,0.0,master,valid_observed_phase_at_origin,BASE,calibration,1,-1,unassigned_nearest_donor_beyond_100km,pooled_unassigned_area,0,0.13,0,0.13
2595,2018-10,2018-06,4,0,True,0.0,master,valid_observed_phase_at_origin,BASE,calibration,1,-1,unassigned_nearest_donor_beyond_100km,pooled_unassigned_area,0,0.15,0,0.15
2596,2018-10,2018-06,4,0,True,0.0,master,valid_observed_phase_at_origin,BASE,calibration,1,-1,unassigned_nearest_donor_beyond_100km,pooled_unassigned_area,0,0.03,0,0.03
2597,2018-10,2018-06,4,0,True,0.0,master,valid_observed_phase_at_origin,BASE,calibration,1,-1,unassigned_nearest_donor_beyond_100km,pooled_unassigned_area,0,0.21,0,0.21
2598,2018-10,2018-06,4,0,True,0.0,master,valid_observed_phase_at_origin,BASE,calibration,1,-1,unassigned_nearest_donor_beyond_100km,pooled_unassigned_area,0,0.15,0,0.15
2599,2018-10,2018-06,4,0,True,0.0,master,valid_observed_phase_at_origin,BASE,calibration,1,-1,unassigned_nearest_donor_beyond_100km,pooled_unassigned_area,0,0.12,0,0.12
2600,2018-10,2018-06,4,0,True,0.0,master,valid_observed_phase_at_origin,BASE,calibration,1,-1,unassigned_nearest_donor_beyond_100km,pooled_unassigned_area,0,0.09,0,0.09
2601,2018-10,2018-06,4,0,True,0.0,master,valid_observed_phase_at_origin,BASE,calibration,1,-1,unassigned_nearest_donor_beyond_100km,pooled_unassigned_area,0,0.05,0,0.05
2602,2018-10,2018-06,4,0,True,0.0,master,valid_observed_phase_at_origin,BASE,calibration,1,-1,unassigned_nearest_donor_beyond_100km,pooled_unassigned_area,0,0.08,0,0.08
2603,2018-10,2018-06,4,0,True,0.0,master,valid_observed_phase_at_origin,BASE,calibration,1,-1,unassigned_nearest_donor_beyond_100km,pooled_unassigned_area,0,0.1,0,0.1
2604,2018-10,2018-06,4,0,True,0.0,master,valid_observed_phase_at_origin,BASE,calibration,1,-1,unassigned_nearest_donor_beyond_100km,pooled_unassigned_area,0,0.22,0,0.22
2605,2018-10,2018-06,4,0,True,0.0,master,valid_observed_phase_at_origin,BASE,calibration,1,-1,unassigned_nearest_donor_beyond_100km,pooled_unassigned_area,0,0.11,0,0.11
2606,2018-10,2018-06,4,0,True,0.0,master,valid_observed_phase_at_origin,BASE,calibration,1,-1,unassigned_nearest_donor_beyond_100km,pooled_unassigned_area,0,0.03,0,0.03
2607,2018-10,2018-06,4,0,True,0.0,master,valid_observed_phase_at_origin,BASE,calibration,1,-1,unassigned_nearest_donor_beyond_100km,pooled_unassigned_area,0,0.06,0,0.06
2608,2018-10,2018-06,4,0,True,0.0,master,valid_observed_phase_at_origin,BASE,calibration,1,-1,unassigned_nearest_donor_beyond_100km,pooled_unassigned_area,0,0.07,0,0.07
2609,2018-10,2018-06,4,0,True,0.0,master,valid_observed_phase_at_origin,BASE,calibration,1,-1,unassigned_nearest_donor_beyond_100km,pooled_unassigned_area,0,0.13,0,0.13
2610,2018-10,2018-06,4,0,True,0.0,master,valid_observed_phase_at_origin,BASE,calibration,1,-1,unassigned_nearest_donor_beyond_100km,pooled_unassigned_area,0,0.08,0,0.08
2611,2018-10,2018-06,4,0,True,0.0,master,valid_observed_phase_at_origin,BASE,calibration,1,-1,unassigned_nearest_donor_beyond_100km,pooled_unassigned_area,0,0.28,0,0.28
2612,2018-10,2018-06,4,0,True,0.0,master,valid_observed_phase_at_origin,BASE,calibration,1,-1,unassigned_nearest_donor_beyond_100km,pooled_unassigned_area,0,0.06,0,0.06
2613,2018-10,2018-06,4,0,True,0.0,master,valid_observed_phase_at_origin,BASE,calibration,1,-1,unassigned_nearest_donor_beyond_100km,pooled_unassigned_area,0,0.17,0,0.17
2614,2018-10,2018-06,4,0,True,0.0,master,valid_observed_phase_at_origin,BASE,calibration,1,-1,unassigned_nearest_donor_beyond_100km,pooled_unassigned_area,0,0.24,0,0.24
2615,2018-10,2018-06,4,0,True,0.0,master,valid_observed_phase_at_origin,BASE,calibration,1,-1,unassigned_nearest_donor_beyond_100km,pooled_unassigned_area,0,0.09,0,0.09
2616,2018-10,2018-06,4,0,True,0.0,master,valid_observed_phase_at_origin,BASE,calibration,1,-1,unassigned_nearest_donor_beyond_100km,pooled_unassigned_area,0,0.14,0,0.14
2617,2018-10,2018-06,4,0,True,0.0,master,valid_observed_phase_at_origin,BASE,calibration,1,-1,unassigned_nearest_donor_beyond_100km,pooled_unassigned_area,0,0.11,0,0.11
2618,2018-10,2018-06,4,0,True,0.0,master,valid_observed_phase_at_origin,BASE,calibration,1,-1,unassigned_nearest_donor_beyond_100km,pooled_unassigned_area,0,0.07,0,0.07
2619,2018-10,2018-06,4,0,True,0.0,master,valid_observed_phase_at_origin,BASE,calibration,1,-1,unassigned_nearest_donor_beyond_100km,pooled_unassigned_area,0,0.12,0,0.12
2620,2018-10,2018-06,4,0,True,0.0,master,valid_observed_phase_at_origin,BASE,calibration,1,-1,unassigned_nearest_donor_beyond_100km,pooled_unassigned_area,0,0.27,0,0.27
2621,2018-10,2018-06,4,0,True,0.0,master,valid_observed_phase_at_origin,BASE,calibration,1,-1,unassigned_nearest_donor_beyond_100km,pooled_unassigned_area,0,0.06,0,0.06
2622,2018-10,2018-06,4,0,True,0.0,master,valid_observed_phase_at_origin,BASE,calibration,1,-1,unassigned_nearest_donor_beyond_100km,pooled_unassigned_area,0,0.06,0,0.06
2623,2018-10,2018-06,4,0,True,0.0,master,valid_observed_phase_at_origin,BASE,calibration,1,-1,unassigned_nearest_donor_beyond_100km,pooled_unassigned_area,0,0.14,0,0.14
2624,2018-10,2018-06,4,0,True,0.0,master,valid_observed_phase_at_origin,BASE,calibration,1,-1,unassigned_nearest_donor_beyond_100km,pooled_unassigned_area,0,0.16,0,0.16
2625,2018-10,2018-06,4,0,True,0.0,master,valid_observed_phase_at_origin,BASE,calibration,1,-1,unassigned_nearest_donor_beyond_100km,pooled_unassigned_area,0,0.12,0,0.12
2626,2018-10,2018-06,4,0,True,0.0,master,valid_observed_phase_at_origin,BASE,calibration,1,-1,unassigned_nearest_donor_beyond_100km,pooled_unassigned_area,0,0.06,0,0.06
2627,2018-10,2018-06,4,0,True,0.0,master,valid_observed_phase_at_origin,BASE,calibration,1,-1,unassigned_nearest_donor_beyond_100km,pooled_unassigned_area,0,0.06,0,0.06
2628,2018-10,2018-06,4,0,True,0.0,master,valid_observed_phase_at_origin,BASE,calibration,1,-1,unassigned_nearest_donor_beyond_100km,pooled_unassigned_area,0,0.08,0,0.08
2629,2018-10,2018-06,4,0,True,0.0,master,valid_observed_phase_at_origin,BASE,calibration,1,-1,unassigned_nearest_donor_beyond_100km,pooled_unassigned_area,0,0.17,0,0.17
2630,2018-10,2018-06,4,0,True,0.0,master,valid_observed_phase_at_origin,BASE,calibration,1,-1,unassigned_nearest_donor_beyond_100km,pooled_unassigned_area,0,0.11,0,0.11
2631,2018-10,2018-06,4,0,True,0.0,master,valid_observed_phase_at_origin,BASE,calibration,1,-1,unassigned_nearest_donor_beyond_100km,pooled_unassigned_area,0,0.1,0,0.1
2632,2018-10,2018-06,4,0,True,0.0,master,valid_observed_phase_at_origin,BASE,calibration,1,-1,unassigned_nearest_donor_beyond_100km,pooled_unassigned_area,0,0.1,0,0.1
2633,2018-10,2018-06,4,0,True,0.0,master,valid_observed_phase_at_origin,BASE,calibration,1,-1,unassigned_nearest_donor_beyond_100km,pooled_unassigned_area,0,0.15,0,0.15
2634,2018-10,2018-06,4,0,True,0.0,master,valid_observed_phase_at_origin,BASE,calibration,1,-1,unassigned_nearest_donor_beyond_100km,pooled_unassigned_area,0,0.06,0,0.06
2635,2018-10,2018-06,4,0,True,0.0,master,valid_observed_phase_at_origin,BASE,calibration,1,-1,unassigned_nearest_donor_beyond_100km,pooled_unassigned_area,0,0.08,0,0.08
2636,2018-10,2018-06,4,0,True,0.0,master,valid_observed_phase_at_origin,BASE,calibration,1,-1,unassigned_nearest_donor_beyond_100km,pooled_unassigned_area,0,0.12,0,0.12
2637,2018-10,2018-06,4,0,True,0.0,master,valid_observed_phase_at_origin,BASE,calibration,1,-1,unassigned_nearest_donor_beyond_100km,pooled_unassigned_area,0,0.1,0,0.1
2638,2018-10,2018-06,4,0,True,0.0,master,valid_observed_phase_at_origin,BASE,calibration,1,-1,unassigned_nearest_donor_beyond_100km,pooled_unassigned_area,0,0.26,0,0.26
2639,2018-10,2018-06,4,0,True,0.0,master,valid_observed_phase_at_origin,BASE,calibration,1,-1,unassigned_nearest_donor_beyond_100km,pooled_unassigned_area,0,0.22,0,0.22
2640,2018-10,2018-06,4,0,True,0.0,master,valid_observed_phase_at_origin,BASE,calibration,1,-1,unassigned_nearest_donor_beyond_100km,pooled_unassigned_area,0,0.1,0,0.1
2641,2018-10,2018-06,4,0,True,0.0,master,valid_observed_phase_at_origin,BASE,calibration,1,-1,unassigned_nearest_donor_beyond_100km,pooled_unassigned_area,0,0.05,0,0.05
2642,2018-10,2018-06,4,0,True,0.0,master,valid_observed_phase_at_origin,BASE,calibration,1,-1,unassigned_nearest_donor_beyond_100km,pooled_unassigned_area,0,0.23,0,0.23
2643,2018-10,2018-06,4,0,True,0.0,master,valid_observed_phase_at_origin,BASE,calibration,1,-1,unassigned_nearest_donor_beyond_100km,pooled_unassigned_area,0,0.09,0,0.09
2644,2018-10,2018-06,4,0,True,0.0,master,valid_observed_phase_at_origin,BASE,calibration,1,-1,unassigned_nearest_donor_beyond_100km,pooled_unassigned_area,0,0.06,0,0.06
2645,2018-10,2018-06,4,0,True,0.0,master,valid_observed_phase_at_origin,BASE,calibration,1,-1,unassigned_nearest_donor_beyond_100km,pooled_unassigned_area,0,0.12,0,0.12
2646,2018-10,2018-06,4,0,True,0.0,master,valid_observed_phase_at_origin,BASE,calibration,1,-1,unassigned_nearest_donor_beyond_100km,pooled_unassigned_area,0,0.1,0,0.1
2647,2018-10,2018-06,4,0,True,0.0,master,valid_observed_phase_at_origin,BASE,calibration,1,-1,unassigned_nearest_donor_beyond_100km,pooled_unassigned_area,0,0.09,0,0.09
2648,2018-10,2018-06,4,0,True,0.0,master,valid_observed_phase_at_origin,BASE,calibration,1,-1,unassigned_nearest_donor_beyond_100km,pooled_unassigned_area,0,0.11,0,0.11
2649,2018-10,2018-06,4,0,True,0.0,master,valid_observed_phase_at_origin,BASE,calibration,1,-1,unassigned_nearest_donor_beyond_100km,pooled_unassigned_area,0,0.11,0,0.11
2650,2018-10,2018-06,4,0,True,0.0,master,valid_observed_phase_at_origin,BASE,calibration,1,-1,unassigned_nearest_donor_beyond_100km,pooled_unassigned_area,0,0.15,0,0.15
2651,2018-10,2018-06,4,0,True,0.0,master,valid_observed_phase_at_origin,BASE,calibration,1,-1,unassigned_nearest_donor_beyond_100km,pooled_unassigned_area,0,0.13,0,0.13
2652,2018-10,2018-06,4,0,True,0.0,master,valid_observed_phase_at_origin,BASE,calibration,1,-1,unassigned_nearest_donor_beyond_100km,pooled_unassigned_area,0,0.11,0,0.11
2653,2018-10,2018-06,4,0,True,0.0,master,valid_observed_phase_at_origin,BASE,calibration,1,-1,unassigned_nearest_donor_beyond_100km,pooled_unassigned_area,0,0.11,0,0.11
2654,2018-10,2018-06,4,0,True,0.0,master,valid_observed_phase_at_origin,BASE,calibration,1,-1,unassigned_nearest_donor_beyond_100km,pooled_unassigned_area,0,0.08,0,0.08
2655,2018-10,2018-06,4,0,True,0.0,master,valid_observed_phase_at_origin,BASE,calibration,1,-1,unassigned_nearest_donor_beyond_100km,pooled_unassigned_area,0,0.11,0,0.11
2656,2018-10,2018-06,4,0,True,0.0,master,valid_observed_phase_at_origin,BASE,calibration,1,-1,unassigned_nearest_donor_beyond_100km,pooled_unassigned_area,0,0.09,0,0.09
2657,2018-10,2018-06,4,0,True,0.0,master,valid_observed_phase_at_origin,BASE,calibration,1,-1,unassigned_nearest_donor_beyond_100km,pooled_unassigned_area,0,0.13,0,0.13
2658,2018-10,2018-06,4,0,True,0.0,master,valid_observed_phase_at_origin,BASE,calibration,1,-1,unassigned_nearest_donor_beyond_100km,pooled_unassigned_area,0,0.14,0,0.14
2659,2018-10,2018-06,4,0,True,0.0,master,valid_observed_phase_at_origin,BASE,calibration,1,-1,unassigned_nearest_donor_beyond_100km,pooled_unassigned_area,0,0.13,0,0.13
2660,2018-10,2018-06,4,0,True,0.0,master,valid_observed_phase_at_origin,BASE,calibration,1,-1,unassigned_nearest_donor_beyond_100km,pooled_unassigned_area,0,0.18,0,0.18
2661,2018-10,2018-06,4,0,True,0.0,master,valid_observed_phase_at_origin,BASE,calibration,1,-1,unassigned_nearest_donor_beyond_100km,pooled_unassigned_area,0,0.15,0,0.15
2662,2018-10,2018-06,4,0,True,0.0,master,valid_observed_phase_at_origin,BASE,calibration,1,-1,unassigned_nearest_donor_beyond_100km,pooled_unassigned_area,0,0.08,0,0.08
2663,2018-10,2018-06,4,0,True,0.0,master,valid_observed_phase_at_origin,BASE,calibration,1,-1,unassigned_nearest_donor_beyond_100km,pooled_unassigned_area,0,0.1,0,0.1
2664,2018-10,2018-06,4,0,True,0.0,master,valid_observed_phase_at_origin,BASE,calibration,1,-1,unassigned_nearest_donor_beyond_100km,pooled_unassigned_area,0,0.19,0,0.19
2665,2018-10,2018-06,4,0,True,0.0,master,valid_observed_phase_at_origin,BASE,calibration,1,-1,unassigned_nearest_donor_beyond_100km,pooled_unassigned_area,0,0.08,0,0.08
2666,2018-10,2018-06,4,0,True,0.0,master,valid_observed_phase_at_origin,BASE,calibration,1,-1,unassigned_nearest_donor_beyond_100km,pooled_unassigned_area,0,0.14,0,0.14
2667,2018-10,2018-06,4,0,True,0.0,master,valid_observed_phase_at_origin,BASE,calibration,1,-1,unassigned_nearest_donor_beyond_100km,pooled_unassigned_area,0,0.12,0,0.12
2668,2018-10,2018-06,4,0,True,0.0,master,valid_observed_phase_at_origin,BASE,calibration,1,-1,unassigned_nearest_donor_beyond_100km,pooled_unassigned_area,0,0.14,0,0.14
2669,2018-10,2018-06,4,0,True,0.0,master,valid_observed_phase_at_origin,BASE,calibration,1,-1,unassigned_nearest_donor_beyond_100km,pooled_unassigned_area,0,0.06,0,0.06
2670,2018-10,2018-06,4,0,True,0.0,master,valid_observed_phase_at_origin,BASE,calibration,1,-1,unassigned_nearest_donor_beyond_100km,pooled_unassigned_area,0,0.15,0,0.15
2671,2018-10,2018-06,4,0,True,0.0,master,valid_observed_phase_at_origin,BASE,calibration,1,-1,unassigned_nearest_donor_beyond_100km,pooled_unassigned_area,0,0.14,0,0.14
2672,2018-10,2018-06,4,0,True,0.0,master,valid_observed_phase_at_origin,BASE,calibration,1,-1,unassigned_nearest_donor_beyond_100km,pooled_unassigned_area,0,0.11,0,0.11
2673,2018-10,2018-06,4,0,True,0.0,master,valid_observed_phase_at_origin,BASE,calibration,1,-1,unassigned_nearest_donor_beyond_100km,pooled_unassigned_area,0,0.11,0,0.11
2674,2018-10,2018-06,4,0,True,0.0,master,valid_observed_phase_at_origin,BASE,calibration,1,-1,unassigned_nearest_donor_beyond_100km,pooled_unassigned_area,0,0.14,0,0.14
2675,2018-10,2018-06,4,0,True,0.0,master,valid_observed_phase_at_origin,BASE,calibration,1,-1,unassigned_nearest_donor_beyond_100km,pooled_unassigned_area,0,0.12,0,0.12
2676,2018-10,2018-06,4,0,True,0.0,master,valid_observed_phase_at_origin,BASE,calibration,1,-1,unassigned_nearest_donor_beyond_100km,pooled_unassigned_area,0,0.14,0,0.14
2677,2018-10,2018-06,4,0,True,0.0,master,valid_observed_phase_at_origin,BASE,calibration,1,-1,unassigned_nearest_donor_beyond_100km,pooled_unassigned_area,0,0.09,0,0.09
2678,2018-10,2018-06,4,0,True,0.0,master,valid_observed_phase_at_origin,BASE,calibration,1,-1,unassigned_nearest_donor_beyond_100km,pooled_unassigned_area,0,0.15,0,0.15
2679,2018-10,2018-06,4,0,True,0.0,master,valid_observed_phase_at_origin,BASE,calibration,1,15,spectral_core,local_partition_rf,0,0.0,0,0.01
2680,2018-10,2018-06,4,0,True,0.0,master,valid_observed_phase_at_origin,BASE,calibration,1,15,spectral_core,local_partition_rf,0,0.0,0,0.02
2681,2018-10,2018-06,4,0,True,0.0,master,valid_observed_phase_at_origin,BASE,calibration,1,15,spectral_core,local_partition_rf,0,0.01,0,0.02
2682,2018-10,2018-06,4,0,True,0.0,master,valid_observed_phase_at_origin,BASE,calibration,1,15,spectral_core,local_partition_rf,0,0.02,0,0.03
2683,2018-10,2018-06,4,0,True,0.0,master,valid_observed_phase_at_origin,BASE,calibration,1,15,spectral_core,local_partition_rf,0,0.02,0,0.02
2684,2018-10,2018-06,4,0,True,0.0,master,valid_observed_phase_at_origin,BASE,calibration,1,15,spectral_core,local_partition_rf,0,0.02,0,0.03
2685,2018-10,2018-06,4,0,True,0.0,master,valid_observed_phase_at_origin,BASE,calibration,1,15,spectral_core,local_partition_rf,0,0.02,0,0.07
2686,2018-10,2018-06,4,0,True,0.0,master,valid_observed_phase_at_origin,BASE,calibration,1,15,spectral_core,local_partition_rf,0,0.02,0,0.04
2687,2018-10,2018-06,4,0,True,0.0,master,valid_observed_phase_at_origin,BASE,calibration,1,15,spectral_core,local_partition_rf,0,0.02,0,0.06
2688,2018-10,2018-06,4,0,True,0.0,master,valid_observed_phase_at_origin,BASE,calibration,1,15,spectral_core,local_partition_rf,0,0.02,0,0.06
2689,2018-10,2018-06,4,0,True,0.0,master,valid_observed_phase_at_origin,BASE,calibration,1,15,spectral_core,local_partition_rf,0,0.01,0,0.0
2690,2018-10,2018-06,4,0,True,0.0,master,valid_observed_phase_at_origin,BASE,calibration,1,15,spectral_core,local_partition_rf,0,0.01,0,0.02
2691,2018-10,2018-06,4,0,True,0.0,master,valid_observed_phase_at_origin,BASE,calibration,1,15,spectral_core,local_partition_rf,0,0.01,0,0.02
2692,2018-10,2018-06,4,0,True,0.0,master,valid_observed_phase_at_origin,BASE,calibration,1,15,spectral_core,local_partition_rf,0,0.01,0,0.02
2693,2018-10,2018-06,4,0,True,0.0,master,valid_observed_phase_at_origin,BASE,calibration,1,15,spectral_core,local_partition_rf,0,0.01,0,0.01
2694,2018-10,2018-06,4,0,True,0.0,master,valid_observed_phase_at_origin,BASE,calibration,1,15,spectral_core,local_partition_rf,0,0.02,0,0.01
2695,2018-10,2018-06,4,0,True,0.0,master,valid_observed_phase_at_origin,BASE,calibration,1,15,spectral_core,local_partition_rf,0,0.02,0,0.02
2696,2018-10,2018-06,4,0,True,0.0,master,valid_observed_phase_at_origin,BASE,calibration,1,15,spectral_core,local_partition_rf,0,0.02,0,0.03
2697,2018-10,2018-06,4,0,True,0.0,master,valid_observed_phase_at_origin,BASE,calibration,1,15,spectral_core,local_partition_rf,0,0.01,0,0.01
2698,2018-10,2018-06,4,0,True,0.0,master,valid_observed_phase_at_origin,BASE,calibration,1,15,spectral_core,local_partition_rf,0,0.01,0,0.03
2699,2018-10,2018-06,4,0,True,0.0,master,valid_observed_phase_at_origin,BASE,calibration,1,15,spectral_core,local_partition_rf,0,0.02,0,0.08
2700,2018-10,2018-06,4,0,True,0.0,master,valid_observed_phase_at_origin,BASE,calibration,1,15,spectral_core,local_partition_rf,0,0.02,0,0.02
2701,2018-10,2018-06,4,0,True,0.0,master,valid_observed_phase_at_origin,BASE,calibration,1,15,spectral_core,local_partition_rf,0,0.02,0,0.02
2702,2018-10,2018-06,4,0,True,0.0,master,valid_observed_phase_at_origin,BASE,calibration,1,15,spectral_core,local_partition_rf,0,0.02,0,0.03
2703,2018-10,2018-06,4,0,True,0.0,master,valid_observed_phase_at_origin,BASE,calibration,1,15,spectral_core,local_partition_rf,0,0.0,0,0.07
2704,2018-10,2018-06,4,0,True,0.0,master,valid_observed_phase_at_origin,BASE,calibration,1,15,spectral_core,local_partition_rf,0,0.01,0,0.02
2705,2018-10,2018-06,4,0,True,0.0,master,valid_observed_phase_at_origin,BASE,calibration,1,15,spectral_core,local_partition_rf,0,0.01,0,0.01
2706,2018-10,2018-06,4,0,True,0.0,master,valid_observed_phase_at_origin,BASE,calibration,1,15,spectral_core,local_partition_rf,0,0.02,0,0.01
2707,2018-10,2018-06,4,0,True,0.0,master,valid_observed_phase_at_origin,BASE,calibration,1,15,spectral_core,local_partition_rf,0,0.01,0,0.02
2708,2018-10,2018-06,4,0,True,0.0,master,valid_observed_phase_at_origin,BASE,calibration,1,15,spectral_core,local_partition_rf,0,0.0,0,0.01
2709,2018-10,2018-06,4,0,True,0.0,master,valid_observed_phase_at_origin,BASE,calibration,1,15,spectral_core,local_partition_rf,0,0.01,0,0.01
2710,2018-10,2018-06,4,0,True,0.0,master,valid_observed_phase_at_origin,BASE,calibration,1,15,spectral_core,local_partition_rf,0,0.0,0,0.05
2711,2018-10,2018-06,4,0,True,0.0,master,valid_observed_phase_at_origin,BASE,calibration,1,15,spectral_core,local_partition_rf,0,0.0,0,0.01
2712,2018-10,2018-06,4,0,True,0.0,master,valid_observed_phase_at_origin,BASE,calibration,1,15,spectral_core,local_partition_rf,0,0.02,0,0.01
2713,2018-10,2018-06,4,0,True,0.0,master,valid_observed_phase_at_origin,BASE,calibration,1,15,spectral_core,local_partition_rf,0,0.01,0,0.03
2714,2018-10,2018-06,4,0,True,0.0,master,valid_observed_phase_at_origin,BASE,calibration,1,15,spectral_core,local_partition_rf,0,0.01,0,0.02
2715,2018-10,2018-06,4,0,True,0.0,master,valid_observed_phase_at_origin,BASE,calibration,1,15,spectral_core,local_partition_rf,0,0.01,0,0.0
2716,2018-10,2018-06,4,0,True,0.0,master,valid_observed_phase_at_origin,BASE,calibration,1,15,spectral_core,local_partition_rf,0,0.02,0,0.04
2717,2018-10,2018-06,4,0,True,0.0,master,valid_observed_phase_at_origin,BASE,calibration,1,15,spectral_core,local_partition_rf,0,0.01,0,0.01
2718,2018-10,2018-06,4,0,True,0.0,master,valid_observed_phase_at_origin,BASE,calibration,1,15,spectral_core,local_partition_rf,0,0.01,0,0.01
2719,2018-10,2018-06,4,0,True,0.0,master,valid_observed_phase_at_origin,BASE,calibration,1,15,spectral_core,local_partition_rf,0,0.01,0,0.01
2720,2018-10,2018-06,4,0,True,0.0,master,valid_observed_phase_at_origin,BASE,calibration,1,15,spectral_core,local_partition_rf,0,0.02,0,0.01
2721,2018-10,2018-06,4,0,True,0.0,master,valid_observed_phase_at_origin,BASE,calibration,1,15,spectral_core,local_partition_rf,0,0.01,0,0.02
2722,2018-10,2018-06,4,0,True,0.0,master,valid_observed_phase_at_origin,BASE,calibration,1,15,spectral_core,local_partition_rf,0,0.01,0,0.0
2723,2018-10,2018-06,4,0,True,0.0,master,valid_observed_phase_at_origin,BASE,calibration,1,15,spectral_core,local_partition_rf,0,0.01,0,0.01
2724,2018-10,2018-06,4,0,True,0.0,master,valid_observed_phase_at_origin,BASE,calibration,1,15,spectral_core,local_partition_rf,0,0.01,0,0.01
2725,2018-10,2018-06,4,0,True,0.0,master,valid_observed_phase_at_origin,BASE,calibration,1,15,spectral_core,local_partition_rf,0,0.01,0,0.0
2726,2018-10,2018-06,4,0,True,0.0,master,valid_observed_phase_at_origin,BASE,calibration,1,15,spectral_core,local_partition_rf,0,0.0,0,0.01
2727,2018-10,2018-06,4,0,True,0.0,master,valid_observed_phase_at_origin,BASE,calibration,1,15,spectral_core,local_partition_rf,0,0.01,0,0.0
2728,2018-10,2018-06,4,0,True,0.0,master,valid_observed_phase_at_origin,BASE,calibration,1,15,spectral_core,local_partition_rf,0,0.0,0,0.03
2729,2018-10,2018-06,4,0,True,0.0,master,valid_observed_phase_at_origin,BASE,calibration,1,15,spectral_core,local_partition_rf,0,0.01,0,0.01
2730,2018-10,2018-06,4,0,True,0.0,master,valid_observed_phase_at_origin,BASE,calibration,1,15,spectral_core,local_partition_rf,0,0.0,0,0.01
2731,2018-10,2018-06,4,0,True,0.0,master,valid_observed_phase_at_origin,BASE,calibration,1,15,spectral_core,local_partition_rf,0,0.0,0,0.04
2732,2018-10,2018-06,4,0,True,0.0,master,valid_observed_phase_at_origin,BASE,calibration,1,15,spectral_core,local_partition_rf,0,0.01,0,0.03
2733,2018-10,2018-06,4,0,True,0.0,master,valid_observed_phase_at_origin,BASE,calibration,1,15,spectral_core,local_partition_rf,0,0.02,0,0.03
2734,2018-10,2018-06,4,0,True,0.0,master,valid_observed_phase_at_origin,BASE,calibration,1,15,spectral_core,local_partition_rf,0,0.02,0,0.03
2735,2018-10,2018-06,4,0,True,0.0,master,valid_observed_phase_at_origin,BASE,calibration,1,15,spectral_core,local_partition_rf,0,0.02,0,0.02
2736,2018-10,2018-06,4,0,True,0.0,master,valid_observed_phase_at_origin,BASE,calibration,1,15,spectral_core,local_partition_rf,0,0.01,0,0.02
2737,2018-10,2018-06,4,0,True,0.0,master,valid_observed_phase_at_origin,BASE,calibration,1,15,spectral_core,local_partition_rf,0,0.01,0,0.04
2738,2018-10,2018-06,4,0,True,0.0,master,valid_observed_phase_at_origin,BASE,calibration,1,15,spectral_core,local_partition_rf,0,0.02,0,0.05
2739,2018-10,2018-06,4,0,True,0.0,master,valid_observed_phase_at_origin,BASE,calibration,1,15,spectral_core,local_partition_rf,0,0.0,0,0.02
2740,2018-10,2018-06,4,0,True,0.0,master,valid_observed_phase_at_origin,BASE,calibration,1,15,spectral_core,local_partition_rf,0,0.02,0,0.05
2741,2018-10,2018-06,4,0,True,0.0,master,valid_observed_phase_at_origin,BASE,calibration,1,15,spectral_core,local_partition_rf,0,0.0,0,0.05
2742,2018-10,2018-06,4,0,True,0.0,master,valid_observed_phase_at_origin,BASE,calibration,1,15,spectral_core,local_partition_rf,0,0.0,0,0.06
2743,2018-10,2018-06,4,0,True,0.0,master,valid_observed_phase_at_origin,BASE,calibration,1,15,spectral_core,local_partition_rf,0,0.02,0,0.02
2744,2018-10,2018-06,4,0,True,0.0,master,valid_observed_phase_at_origin,BASE,calibration,1,3,spectral_core,local_partition_rf,0,0.13,0,0.13
2745,2018-10,2018-06,4,0,True,0.0,master,valid_observed_phase_at_origin,BASE,calibration,1,15,spectral_core,local_partition_rf,0,0.11,0,0.06
2746,2018-10,2018-06,4,0,True,0.0,master,valid_observed_phase_at_origin,BASE,calibration,1,15,spectral_core,local_partition_rf,0,0.02,0,0.08
2747,2018-10,2018-06,4,0,True,0.0,master,valid_observed_phase_at_origin,BASE,calibration,1,15,spectral_core,local_partition_rf,0,0.18,0,0.26
2748,2018-10,2018-06,4,0,True,0.0,master,valid_observed_phase_at_origin,BASE,calibration,1,3,spectral_core,local_partition_rf,0,0.18,0,0.12
2749,2018-10,2018-06,4,0,True,0.0,master,valid_observed_phase_at_origin,BASE,calibration,1,16,spectral_core,local_partition_rf,0,0.02,0,0.07
2750,2018-10,2018-06,4,0,True,0.0,master,valid_observed_phase_at_origin,BASE,calibration,1,16,spectral_core,local_partition_rf,0,0.05,0,0.05
2751,2018-10,2018-06,4,0,True,0.0,master,valid_observed_phase_at_origin,BASE,calibration,1,16,spectral_core,local_partition_rf,0,0.02,0,0.05
2752,2018-10,2018-06,4,0,True,0.0,master,valid_observed_phase_at_origin,BASE,calibration,1,15,spectral_core,local_partition_rf,0,0.0,0,0.06
2753,2018-10,2018-06,4,0,True,0.0,master,valid_observed_phase_at_origin,BASE,calibration,1,15,spectral_core,local_partition_rf,0,0.01,0,0.07
2754,2018-10,2018-06,4,0,True,0.0,master,valid_observed_phase_at_origin,BASE,calibration,1,16,spectral_core,local_partition_rf,0,0.05,0,0.04
2755,2018-10,2018-06,4,0,True,0.0,master,valid_observed_phase_at_origin,BASE,calibration,1,3,spectral_core,local_partition_rf,0,0.14,0,0.07
2756,2018-10,2018-06,4,0,True,0.0,master,valid_observed_phase_at_origin,BASE,calibration,1,16,spectral_core,local_partition_rf,0,0.04,0,0.07
2757,2018-10,2018-06,4,0,True,0.0,master,valid_observed_phase_at_origin,BASE,calibration,1,16,spectral_core,local_partition_rf,0,0.05,0,0.03
2758,2018-10,2018-06,4,0,True,0.0,master,valid_observed_phase_at_origin,BASE,calibration,1,16,spectral_core,local_partition_rf,0,0.07,0,0.03
2759,2018-10,2018-06,4,0,True,0.0,master,valid_observed_phase_at_origin,BASE,calibration,1,16,spectral_core,local_partition_rf,0,0.04,0,0.07
2760,2018-10,2018-06,4,0,True,0.0,master,valid_observed_phase_at_origin,BASE,calibration,1,16,spectral_core,local_partition_rf,0,0.03,0,0.04
2761,2018-10,2018-06,4,0,True,0.0,master,valid_observed_phase_at_origin,BASE,calibration,1,16,spectral_core,local_partition_rf,0,0.04,0,0.04
2762,2018-10,2018-06,4,0,True,0.0,master,valid_observed_phase_at_origin,BASE,calibration,1,16,spectral_core,local_partition_rf,0,0.01,0,0.05
2763,2018-10,2018-06,4,0,True,0.0,master,valid_observed_phase_at_origin,BASE,calibration,1,16,spectral_core,local_partition_rf,0,0.04,0,0.05
2764,2018-10,2018-06,4,0,True,0.0,master,valid_observed_phase_at_origin,BASE,calibration,1,16,spectral_core,local_partition_rf,0,0.03,0,0.06
2765,2018-10,2018-06,4,0,True,0.0,master,valid_observed_phase_at_origin,BASE,calibration,1,16,spectral_core,local_partition_rf,0,0.02,0,0.03
2766,2018-10,2018-06,4,0,True,0.0,master,valid_observed_phase_at_origin,BASE,calibration,1,16,spectral_core,local_partition_rf,0,0.02,0,0.05
2767,2018-10,2018-06,4,0,True,0.0,master,valid_observed_phase_at_origin,BASE,calibration,1,16,spectral_core,local_partition_rf,0,0.15,0,0.17
2768,2018-10,2018-06,4,0,True,0.0,master,valid_observed_phase_at_origin,BASE,calibration,1,16,spectral_core,local_partition_rf,0,0.04,0,0.03
2769,2018-10,2018-06,4,0,True,0.0,master,valid_observed_phase_at_origin,BASE,calibration,1,16,spectral_core,local_partition_rf,0,0.1,0,0.08
2770,2018-10,2018-06,4,0,True,0.0,master,valid_observed_phase_at_origin,BASE,calibration,1,16,spectral_core,local_partition_rf,0,0.19,0,0.16
2771,2018-10,2018-06,4,0,True,0.0,master,valid_observed_phase_at_origin,BASE,calibration,1,16,spectral_core,local_partition_rf,0,0.03,0,0.03
2772,2018-10,2018-06,4,0,True,0.0,master,valid_observed_phase_at_origin,BASE,calibration,1,3,spectral_core,local_partition_rf,0,0.11,0,0.02
2773,2018-10,2018-06,4,0,True,0.0,master,valid_observed_phase_at_origin,BASE,calibration,1,15,spectral_core,local_partition_rf,0,0.0,0,0.02
2774,2018-10,2018-06,4,0,True,0.0,master,valid_observed_phase_at_origin,BASE,calibration,1,16,spectral_core,local_partition_rf,0,0.03,0,0.07
2775,2018-10,2018-06,4,0,True,0.0,master,valid_observed_phase_at_origin,BASE,calibration,1,16,spectral_core,local_partition_rf,0,0.04,0,0.07
2776,2018-10,2018-06,4,0,True,0.0,master,valid_observed_phase_at_origin,BASE,calibration,1,16,spectral_core,local_partition_rf,0,0.06,0,0.09
2777,2018-10,2018-06,4,0,True,0.0,master,valid_observed_phase_at_origin,BASE,calibration,1,16,spectral_core,local_partition_rf,0,0.06,0,0.02
2778,2018-10,2018-06,4,0,True,0.0,master,valid_observed_phase_at_origin,BASE,calibration,1,16,spectral_core,local_partition_rf,0,0.11,0,0.13
2779,2018-10,2018-06,4,0,True,0.0,master,valid_observed_phase_at_origin,BASE,calibration,1,16,spectral_core,local_partition_rf,0,0.04,0,0.06
2780,2018-10,2018-06,4,0,True,0.0,master,valid_observed_phase_at_origin,BASE,calibration,1,16,spectral_core,local_partition_rf,0,0.04,0,0.05
2781,2018-10,2018-06,4,0,True,0.0,master,valid_observed_phase_at_origin,BASE,calibration,1,16,spectral_core,local_partition_rf,0,0.02,0,0.03
2782,2018-10,2018-06,4,0,True,0.0,master,valid_observed_phase_at_origin,BASE,calibration,1,16,spectral_core,local_partition_rf,0,0.03,0,0.04
2783,2018-10,2018-06,4,0,True,0.0,master,valid_observed_phase_at_origin,BASE,calibration,1,16,spectral_core,local_partition_rf,0,0.03,0,0.03
2784,2018-10,2018-06,4,0,True,0.0,master,valid_observed_phase_at_origin,BASE,calibration,1,16,spectral_core,local_partition_rf,0,0.03,0,0.1
2785,2018-10,2018-06,4,0,True,0.0,master,valid_observed_phase_at_origin,BASE,calibration,1,16,spectral_core,local_partition_rf,0,0.02,0,0.03
2787,2018-10,2018-06,4,0,True,0.0,master,valid_observed_phase_at_origin,BASE,calibration,1,16,spectral_core,local_partition_rf,0,0.04,0,0.04
2788,2018-10,2018-06,4,0,True,0.0,master,valid_observed_phase_at_origin,BASE,calibration,1,16,spectral_core,local_partition_rf,0,0.03,0,0.06
2789,2018-10,2018-06,4,0,True,0.0,master,valid_observed_phase_at_origin,BASE,calibration,1,16,spectral_core,local_partition_rf,0,0.05,0,0.1
2790,2018-10,2018-06,4,0,True,0.0,master,valid_observed_phase_at_origin,BASE,calibration,1,3,spectral_core,local_partition_rf,0,0.4,0,0.41
2791,2018-10,2018-06,4,0,True,0.0,master,valid_observed_phase_at_origin,BASE,calibration,1,3,spectral_core,local_partition_rf,0,0.35,0,0.38
2792,2018-10,2018-06,4,0,True,0.0,master,valid_observed_phase_at_origin,BASE,calibration,1,16,spectral_core,local_partition_rf,0,0.11,0,0.3
2793,2018-10,2018-06,4,0,True,0.0,master,valid_observed_phase_at_origin,BASE,calibration,1,3,spectral_core,local_partition_rf,0,0.38,0,0.34
2794,2018-10,2018-06,4,0,True,0.0,master,valid_observed_phase_at_origin,BASE,calibration,1,3,spectral_core,local_partition_rf,0,0.42,0,0.36
2795,2018-10,2018-06,4,0,True,0.0,master,valid_observed_phase_at_origin,BASE,calibration,1,3,spectral_core,local_partition_rf,0,0.28,0,0.26
2796,2018-10,2018-06,4,0,True,0.0,master,valid_observed_phase_at_origin,BASE,calibration,1,3,spectral_core,local_partition_rf,0,0.4,0,0.26
2797,2018-10,2018-06,4,0,True,0.0,master,valid_observed_phase_at_origin,BASE,calibration,1,3,spectral_core,local_partition_rf,0,0.34,0,0.37
2798,2018-10,2018-06,4,0,True,0.0,master,valid_observed_phase_at_origin,BASE,calibration,1,3,spectral_core,local_partition_rf,0,0.31,0,0.28
2799,2018-10,2018-06,4,0,True,0.0,master,valid_observed_phase_at_origin,BASE,calibration,1,3,spectral_core,local_partition_rf,0,0.25,0,0.28
2800,2018-10,2018-06,4,0,True,0.0,master,valid_observed_phase_at_origin,BASE,calibration,1,3,spectral_core,local_partition_rf,0,0.17,0,0.22
2801,2018-10,2018-06,4,0,True,0.0,master,valid_observed_phase_at_origin,BASE,calibration,1,3,spectral_core,local_partition_rf,0,0.39,0,0.25
2802,2018-10,2018-06,4,0,True,0.0,master,valid_observed_phase_at_origin,BASE,calibration,1,3,spectral_core,local_partition_rf,0,0.31,0,0.28
2803,2018-10,2018-06,4,0,True,0.0,master,valid_observed_phase_at_origin,BASE,calibration,1,3,spectral_core,local_partition_rf,0,0.25,0,0.27
2804,2018-10,2018-06,4,0,True,0.0,master,valid_observed_phase_at_origin,BASE,calibration,1,3,spectral_core,local_partition_rf,0,0.16,0,0.25
2805,2018-10,2018-06,4,0,True,0.0,master,valid_observed_phase_at_origin,BASE,calibration,1,16,spectral_core,local_partition_rf,0,0.07,0,0.1
2806,2018-10,2018-06,4,0,True,0.0,master,valid_observed_phase_at_origin,BASE,calibration,1,3,spectral_core,local_partition_rf,0,0.36,0,0.23
2807,2018-10,2018-06,4,0,True,0.0,master,valid_observed_phase_at_origin,BASE,calibration,1,3,spectral_core,local_partition_rf,0,0.36,0,0.38
2808,2018-10,2018-06,4,0,True,0.0,master,valid_observed_phase_at_origin,BASE,calibration,1,3,spectral_core,local_partition_rf,0,0.4,0,0.34
2809,2018-10,2018-06,4,0,True,0.0,master,valid_observed_phase_at_origin,BASE,calibration,1,3,spectral_core,local_partition_rf,0,0.31,0,0.33
2810,2018-10,2018-06,4,0,True,0.0,master,valid_observed_phase_at_origin,BASE,calibration,1,16,spectral_core,local_partition_rf,0,0.1,0,0.13
2811,2018-10,2018-06,4,0,True,0.0,master,valid_observed_phase_at_origin,BASE,calibration,1,15,spectral_core,local_partition_rf,0,0.14,0,0.23
2812,2018-10,2018-06,4,0,True,0.0,master,valid_observed_phase_at_origin,BASE,calibration,1,3,spectral_core,local_partition_rf,0,0.17,0,0.27
2813,2018-10,2018-06,4,0,True,0.0,master,valid_observed_phase_at_origin,BASE,calibration,1,3,spectral_core,local_partition_rf,0,0.17,0,0.3
2814,2018-10,2018-06,4,0,True,0.0,master,valid_observed_phase_at_origin,BASE,calibration,1,3,spectral_core,local_partition_rf,0,0.27,0,0.25
2815,2018-10,2018-06,4,0,True,0.0,master,valid_observed_phase_at_origin,BASE,calibration,1,3,spectral_core,local_partition_rf,0,0.32,0,0.31
2816,2018-10,2018-06,4,0,True,0.0,master,valid_observed_phase_at_origin,BASE,calibration,1,3,spectral_core,local_partition_rf,0,0.33,0,0.28
2817,2018-10,2018-06,4,0,True,0.0,master,valid_observed_phase_at_origin,BASE,calibration,1,3,spectral_core,local_partition_rf,0,0.18,0,0.31
2818,2018-10,2018-06,4,0,True,0.0,master,valid_observed_phase_at_origin,BASE,calibration,1,3,spectral_core,local_partition_rf,0,0.42,0,0.34
2819,2018-10,2018-06,4,0,True,0.0,master,valid_observed_phase_at_origin,BASE,calibration,1,3,spectral_core,local_partition_rf,0,0.42,0,0.35
2820,2018-10,2018-06,4,0,True,0.0,master,valid_observed_phase_at_origin,BASE,calibration,1,3,spectral_core,local_partition_rf,0,0.17,0,0.24
2821,2018-10,2018-06,4,0,True,0.0,master,valid_observed_phase_at_origin,BASE,calibration,1,3,spectral_core,local_partition_rf,0,0.33,0,0.34
2822,2018-10,2018-06,4,0,True,0.0,master,valid_observed_phase_at_origin,BASE,calibration,1,16,spectral_core,local_partition_rf,0,0.17,0,0.29
2823,2018-10,2018-06,4,0,True,0.0,master,valid_observed_phase_at_origin,BASE,calibration,1,16,spectral_core,local_partition_rf,0,0.28,0,0.35
2824,2018-10,2018-06,4,0,True,0.0,master,valid_observed_phase_at_origin,BASE,calibration,1,16,spectral_core,local_partition_rf,0,0.14,0,0.22
2825,2018-10,2018-06,4,0,True,0.0,master,valid_observed_phase_at_origin,BASE,calibration,1,16,spectral_core,local_partition_rf,0,0.08,0,0.21
2826,2018-10,2018-06,4,0,True,0.0,master,valid_observed_phase_at_origin,BASE,calibration,1,3,spectral_core,local_partition_rf,0,0.35,0,0.43
2827,2018-10,2018-06,4,0,True,0.0,master,valid_observed_phase_at_origin,BASE,calibration,1,16,spectral_core,local_partition_rf,0,0.09,0,0.15
2828,2018-10,2018-06,4,0,True,0.0,master,valid_observed_phase_at_origin,BASE,calibration,1,3,spectral_core,local_partition_rf,0,0.3,0,0.25
2829,2018-10,2018-06,4,0,True,0.0,master,valid_observed_phase_at_origin,BASE,calibration,1,2,spectral_core,local_partition_rf,0,0.27,0,0.36
2830,2018-10,2018-06,4,0,True,0.0,master,valid_observed_phase_at_origin,BASE,calibration,1,3,spectral_core,local_partition_rf,0,0.34,0,0.38
2831,2018-10,2018-06,4,0,True,0.0,master,valid_observed_phase_at_origin,BASE,calibration,1,2,spectral_core,local_partition_rf,0,0.14,0,0.26
2832,2018-10,2018-06,4,0,True,0.0,master,valid_observed_phase_at_origin,BASE,calibration,1,2,spectral_core,local_partition_rf,0,0.22,0,0.29
2833,2018-10,2018-06,4,0,True,0.0,master,valid_observed_phase_at_origin,BASE,calibration,1,2,spectral_core,local_partition_rf,0,0.38,0,0.31
2834,2018-10,2018-06,4,0,True,0.0,master,valid_observed_phase_at_origin,BASE,calibration,1,3,spectral_core,local_partition_rf,0,0.27,0,0.34
2835,2018-10,2018-06,4,0,True,0.0,master,valid_observed_phase_at_origin,BASE,calibration,1,2,spectral_core,local_partition_rf,0,0.33,0,0.42
2836,2018-10,2018-06,4,0,True,0.0,master,valid_observed_phase_at_origin,BASE,calibration,1,3,spectral_core,local_partition_rf,0,0.29,0,0.36
2837,2018-10,2018-06,4,0,True,0.0,master,valid_observed_phase_at_origin,BASE,calibration,1,2,spectral_core,local_partition_rf,0,0.32,0,0.39
2838,2018-10,2018-06,4,0,True,0.0,master,valid_observed_phase_at_origin,BASE,calibration,1,2,spectral_core,local_partition_rf,0,0.02,0,0.07
2839,2018-10,2018-06,4,0,True,0.0,master,valid_observed_phase_at_origin,BASE,calibration,1,2,spectral_core,local_partition_rf,0,0.02,0,0.02
2840,2018-10,2018-06,4,0,True,0.0,master,valid_observed_phase_at_origin,BASE,calibration,1,2,spectral_core,local_partition_rf,0,0.01,0,0.01
2841,2018-10,2018-06,4,0,True,0.0,master,valid_observed_phase_at_origin,BASE,calibration,1,2,spectral_core,local_partition_rf,0,0.0,0,0.02
2842,2018-10,2018-06,4,0,True,0.0,master,valid_observed_phase_at_origin,BASE,calibration,1,2,spectral_core,local_partition_rf,0,0.0,0,0.01
2843,2018-10,2018-06,4,0,True,0.0,master,valid_observed_phase_at_origin,BASE,calibration,1,2,spectral_core,local_partition_rf,0,0.01,0,0.0
2844,2018-10,2018-06,4,0,True,0.0,master,valid_observed_phase_at_origin,BASE,calibration,1,2,spectral_core,local_partition_rf,0,0.0,0,0.03
2845,2018-10,2018-06,4,0,True,0.0,master,valid_observed_phase_at_origin,BASE,calibration,1,2,spectral_core,local_partition_rf,0,0.01,0,0.01
2846,2018-10,2018-06,4,0,True,0.0,master,valid_observed_phase_at_origin,BASE,calibration,1,2,spectral_core,local_partition_rf,0,0.0,0,0.02
2847,2018-10,2018-06,4,0,True,0.0,master,valid_observed_phase_at_origin,BASE,calibration,1,2,spectral_core,local_partition_rf,0,0.01,0,0.02
2848,2018-10,2018-06,4,0,True,0.0,master,valid_observed_phase_at_origin,BASE,calibration,1,2,spectral_core,local_partition_rf,0,0.0,0,0.03
2849,2018-10,2018-06,4,0,True,0.0,master,valid_observed_phase_at_origin,BASE,calibration,1,2,spectral_core,local_partition_rf,0,0.0,0,0.01
2850,2018-10,2018-06,4,0,True,0.0,master,valid_observed_phase_at_origin,BASE,calibration,1,2,spectral_core,local_partition_rf,0,0.0,0,0.02
2851,2018-10,2018-06,4,0,True,0.0,master,valid_observed_phase_at_origin,BASE,calibration,1,2,spectral_core,local_partition_rf,0,0.01,0,0.05
2852,2018-10,2018-06,4,0,True,0.0,master,valid_observed_phase_at_origin,BASE,calibration,1,2,spectral_core,local_partition_rf,0,0.0,0,0.02
2853,2018-10,2018-06,4,0,True,0.0,master,valid_observed_phase_at_origin,BASE,calibration,1,2,spectral_core,local_partition_rf,0,0.0,0,0.02
2854,2018-10,2018-06,4,0,True,0.0,master,valid_observed_phase_at_origin,BASE,calibration,1,16,spectral_core,local_partition_rf,0,0.3,0,0.32
2855,2018-10,2018-06,4,0,True,0.0,master,valid_observed_phase_at_origin,BASE,calibration,1,3,spectral_core,local_partition_rf,0,0.38,0,0.33
2856,2018-10,2018-06,4,0,True,0.0,master,valid_observed_phase_at_origin,BASE,calibration,1,16,spectral_core,local_partition_rf,0,0.34,0,0.34
2857,2018-10,2018-06,4,0,True,0.0,master,valid_observed_phase_at_origin,BASE,calibration,1,3,spectral_core,local_partition_rf,0,0.39,0,0.35
2858,2018-10,2018-06,4,0,True,0.0,master,valid_observed_phase_at_origin,BASE,calibration,1,16,spectral_core,local_partition_rf,0,0.34,0,0.32
2859,2018-10,2018-06,4,0,True,0.0,master,valid_observed_phase_at_origin,BASE,calibration,1,3,spectral_core,local_partition_rf,0,0.37,0,0.3
2860,2018-10,2018-06,4,0,True,0.0,master,valid_observed_phase_at_origin,BASE,calibration,1,3,spectral_core,local_partition_rf,0,0.38,0,0.35
2861,2018-10,2018-06,4,0,True,0.0,master,valid_observed_phase_at_origin,BASE,calibration,1,16,spectral_core,local_partition_rf,0,0.35,0,0.27
2862,2018-10,2018-06,4,0,True,0.0,master,valid_observed_phase_at_origin,BASE,calibration,1,3,spectral_core,local_partition_rf,0,0.08,0,0.13
2863,2018-10,2018-06,4,0,True,0.0,master,valid_observed_phase_at_origin,BASE,calibration,1,3,spectral_core,local_partition_rf,0,0.07,0,0.13
2864,2018-10,2018-06,4,0,True,0.0,master,valid_observed_phase_at_origin,BASE,calibration,1,3,spectral_core,local_partition_rf,0,0.07,0,0.12
2865,2018-10,2018-06,4,0,True,0.0,master,valid_observed_phase_at_origin,BASE,calibration,1,3,spectral_core,local_partition_rf,0,0.08,0,0.07
2866,2018-10,2018-06,4,0,True,0.0,master,valid_observed_phase_at_origin,BASE,calibration,1,3,spectral_core,local_partition_rf,0,0.12,0,0.14
2867,2018-10,2018-06,4,0,True,0.0,master,valid_observed_phase_at_origin,BASE,calibration,1,3,spectral_core,local_partition_rf,0,0.11,0,0.15
2868,2018-10,2018-06,4,0,True,0.0,master,valid_observed_phase_at_origin,BASE,calibration,1,3,spectral_core,local_partition_rf,0,0.15,0,0.1
2869,2018-10,2018-06,4,0,True,0.0,master,valid_observed_phase_at_origin,BASE,calibration,1,3,spectral_core,local_partition_rf,0,0.19,0,0.17
2870,2018-10,2018-06,4,0,True,0.0,master,valid_observed_phase_at_origin,BASE,calibration,1,3,spectral_core,local_partition_rf,0,0.16,0,0.25
2871,2018-10,2018-06,4,0,True,0.0,master,valid_observed_phase_at_origin,BASE,calibration,1,3,spectral_core,local_partition_rf,0,0.17,0,0.18
2872,2018-10,2018-06,4,0,True,0.0,master,valid_observed_phase_at_origin,BASE,calibration,1,3,spectral_core,local_partition_rf,0,0.13,0,0.15
2873,2018-10,2018-06,4,0,True,0.0,master,valid_observed_phase_at_origin,BASE,calibration,1,3,spectral_core,local_partition_rf,0,0.1,0,0.09
2874,2018-10,2018-06,4,0,True,0.0,master,valid_observed_phase_at_origin,BASE,calibration,1,3,spectral_core,local_partition_rf,0,0.12,0,0.11
2875,2018-10,2018-06,4,0,True,0.0,master,valid_observed_phase_at_origin,BASE,calibration,1,3,spectral_core,local_partition_rf,0,0.13,0,0.1
2876,2018-10,2018-06,4,0,True,0.0,master,valid_observed_phase_at_origin,BASE,calibration,1,3,spectral_core,local_partition_rf,0,0.09,0,0.13
2877,2018-10,2018-06,4,0,True,0.0,master,valid_observed_phase_at_origin,BASE,calibration,1,3,spectral_core,local_partition_rf,0,0.1,0,0.21
2878,2018-10,2018-06,4,0,True,0.0,master,valid_observed_phase_at_origin,BASE,calibration,1,3,spectral_core,local_partition_rf,0,0.11,0,0.12
2879,2018-10,2018-06,4,0,True,0.0,master,valid_observed_phase_at_origin,BASE,calibration,1,3,spectral_core,local_partition_rf,0,0.12,0,0.23
2880,2018-10,2018-06,4,0,True,0.0,master,valid_observed_phase_at_origin,BASE,calibration,1,3,spectral_core,local_partition_rf,0,0.08,0,0.13
2881,2018-10,2018-06,4,0,True,0.0,master,valid_observed_phase_at_origin,BASE,calibration,1,3,spectral_core,local_partition_rf,0,0.07,0,0.1
2882,2018-10,2018-06,4,1,True,1.0,master,valid_observed_phase_at_origin,BASE,calibration,1,3,spectral_core,local_partition_rf,0,0.23,0,0.37
2883,2018-10,2018-06,4,0,True,0.0,master,valid_observed_phase_at_origin,BASE,calibration,1,3,spectral_core,local_partition_rf,0,0.1,0,0.24
2884,2018-10,2018-06,4,0,True,0.0,master,valid_observed_phase_at_origin,BASE,calibration,1,3,spectral_core,local_partition_rf,0,0.43,0,0.39
2885,2018-10,2018-06,4,0,True,0.0,master,valid_observed_phase_at_origin,BASE,calibration,1,3,spectral_core,local_partition_rf,0,0.34,0,0.41
2886,2018-10,2018-06,4,0,True,0.0,master,valid_observed_phase_at_origin,BASE,calibration,1,3,spectral_core,local_partition_rf,0,0.42,0,0.42
2887,2018-10,2018-06,4,0,True,0.0,master,valid_observed_phase_at_origin,BASE,calibration,1,3,spectral_core,local_partition_rf,0,0.41,0,0.35
2888,2018-10,2018-06,4,0,True,0.0,master,valid_observed_phase_at_origin,BASE,calibration,1,3,spectral_core,local_partition_rf,0,0.2,0,0.27
2889,2018-10,2018-06,4,0,True,0.0,master,valid_observed_phase_at_origin,BASE,calibration,1,3,spectral_core,local_partition_rf,0,0.38,0,0.34
2890,2018-10,2018-06,4,0,True,0.0,master,valid_observed_phase_at_origin,BASE,calibration,1,3,spectral_core,local_partition_rf,0,0.36,0,0.39
2891,2018-10,2018-06,4,0,True,0.0,master,valid_observed_phase_at_origin,BASE,calibration,1,3,spectral_core,local_partition_rf,0,0.26,0,0.35
2892,2018-10,2018-06,4,0,True,0.0,master,valid_observed_phase_at_origin,BASE,calibration,1,3,spectral_core,local_partition_rf,0,0.13,0,0.14
2893,2018-10,2018-06,4,0,True,0.0,master,valid_observed_phase_at_origin,BASE,calibration,1,3,spectral_core,local_partition_rf,0,0.14,0,0.22
2894,2018-10,2018-06,4,0,True,0.0,master,valid_observed_phase_at_origin,BASE,calibration,1,3,spectral_core,local_partition_rf,0,0.14,0,0.23
2895,2018-10,2018-06,4,0,True,0.0,master,valid_observed_phase_at_origin,BASE,calibration,1,3,spectral_core,local_partition_rf,0,0.38,0,0.41
2896,2018-10,2018-06,4,0,True,0.0,master,valid_observed_phase_at_origin,BASE,calibration,1,3,spectral_core,local_partition_rf,0,0.33,0,0.38
2897,2018-10,2018-06,4,0,True,0.0,master,valid_observed_phase_at_origin,BASE,calibration,1,16,spectral_core,local_partition_rf,0,0.35,0,0.33
2898,2018-10,2018-06,4,0,True,0.0,master,valid_observed_phase_at_origin,BASE,calibration,1,3,spectral_core,local_partition_rf,0,0.4,0,0.38
2899,2018-10,2018-06,4,0,True,0.0,master,valid_observed_phase_at_origin,BASE,calibration,1,3,spectral_core,local_partition_rf,0,0.12,0,0.12
2900,2018-10,2018-06,4,0,True,0.0,master,valid_observed_phase_at_origin,BASE,calibration,1,3,spectral_core,local_partition_rf,0,0.15,0,0.28
2901,2018-10,2018-06,4,0,True,0.0,master,valid_observed_phase_at_origin,BASE,calibration,1,3,spectral_core,local_partition_rf,0,0.17,0,0.16
2902,2018-10,2018-06,4,0,True,0.0,master,valid_observed_phase_at_origin,BASE,calibration,1,3,spectral_core,local_partition_rf,0,0.16,0,0.18
2903,2018-10,2018-06,4,0,True,0.0,master,valid_observed_phase_at_origin,BASE,calibration,1,3,spectral_core,local_partition_rf,0,0.14,0,0.21
2904,2018-10,2018-06,4,0,True,0.0,master,valid_observed_phase_at_origin,BASE,calibration,1,3,spectral_core,local_partition_rf,0,0.21,0,0.3
2905,2018-10,2018-06,4,0,True,0.0,master,valid_observed_phase_at_origin,BASE,calibration,1,3,spectral_core,local_partition_rf,0,0.28,0,0.38
2906,2018-10,2018-06,4,0,True,0.0,master,valid_observed_phase_at_origin,BASE,calibration,1,16,spectral_core,local_partition_rf,0,0.3,0,0.36
2907,2018-10,2018-06,4,0,True,0.0,master,valid_observed_phase_at_origin,BASE,calibration,1,3,spectral_core,local_partition_rf,0,0.34,0,0.41
2908,2018-10,2018-06,4,0,True,0.0,master,valid_observed_phase_at_origin,BASE,calibration,1,3,spectral_core,local_partition_rf,0,0.33,0,0.34
2909,2018-10,2018-06,4,0,True,0.0,master,valid_observed_phase_at_origin,BASE,calibration,1,16,spectral_core,local_partition_rf,0,0.29,0,0.32
2910,2018-10,2018-06,4,0,True,0.0,master,valid_observed_phase_at_origin,BASE,calibration,1,3,spectral_core,local_partition_rf,0,0.19,0,0.21
2911,2018-10,2018-06,4,0,True,0.0,master,valid_observed_phase_at_origin,BASE,calibration,1,3,spectral_core,local_partition_rf,0,0.16,0,0.22
2912,2018-10,2018-06,4,0,True,0.0,master,valid_observed_phase_at_origin,BASE,calibration,1,3,spectral_core,local_partition_rf,0,0.37,0,0.31
2913,2018-10,2018-06,4,0,True,0.0,master,valid_observed_phase_at_origin,BASE,calibration,1,3,spectral_core,local_partition_rf,0,0.34,0,0.32
2914,2018-10,2018-06,4,0,True,0.0,master,valid_observed_phase_at_origin,BASE,calibration,1,3,spectral_core,local_partition_rf,0,0.31,0,0.33
2915,2018-10,2018-06,4,0,True,0.0,master,valid_observed_phase_at_origin,BASE,calibration,1,3,spectral_core,local_partition_rf,0,0.37,0,0.34
2916,2018-10,2018-06,4,0,True,0.0,master,valid_observed_phase_at_origin,BASE,calibration,1,3,spectral_core,local_partition_rf,0,0.17,0,0.24
2917,2018-10,2018-06,4,0,True,0.0,master,valid_observed_phase_at_origin,BASE,calibration,1,3,spectral_core,local_partition_rf,0,0.15,0,0.13
2918,2018-10,2018-06,4,0,True,0.0,master,valid_observed_phase_at_origin,BASE,calibration,1,16,spectral_core,local_partition_rf,0,0.26,0,0.22
2919,2018-10,2018-06,4,0,True,0.0,master,valid_observed_phase_at_origin,BASE,calibration,1,3,spectral_core,local_partition_rf,0,0.11,0,0.27
2920,2018-10,2018-06,4,0,True,0.0,master,valid_observed_phase_at_origin,BASE,calibration,1,3,spectral_core,local_partition_rf,0,0.25,0,0.38
2921,2018-10,2018-06,4,0,True,0.0,master,valid_observed_phase_at_origin,BASE,calibration,1,3,spectral_core,local_partition_rf,0,0.35,0,0.4
2922,2018-10,2018-06,4,0,True,0.0,master,valid_observed_phase_at_origin,BASE,calibration,1,3,spectral_core,local_partition_rf,0,0.35,0,0.4
2923,2018-10,2018-06,4,0,True,0.0,master,valid_observed_phase_at_origin,BASE,calibration,1,3,spectral_core,local_partition_rf,0,0.22,0,0.18
2924,2018-10,2018-06,4,0,True,0.0,master,valid_observed_phase_at_origin,BASE,calibration,1,3,spectral_core,local_partition_rf,0,0.13,0,0.2
2925,2018-10,2018-06,4,0,True,0.0,master,valid_observed_phase_at_origin,BASE,calibration,1,3,spectral_core,local_partition_rf,0,0.25,0,0.27
2926,2018-10,2018-06,4,0,True,0.0,master,valid_observed_phase_at_origin,BASE,calibration,1,3,spectral_core,local_partition_rf,0,0.4,0,0.42
2927,2018-10,2018-06,4,0,True,0.0,master,valid_observed_phase_at_origin,BASE,calibration,1,3,spectral_core,local_partition_rf,0,0.18,0,0.16
2928,2018-10,2018-06,4,0,True,0.0,master,valid_observed_phase_at_origin,BASE,calibration,1,3,spectral_core,local_partition_rf,0,0.37,0,0.44
2929,2018-10,2018-06,4,0,True,0.0,master,valid_observed_phase_at_origin,BASE,calibration,1,3,spectral_core,local_partition_rf,0,0.24,0,0.29
2930,2018-10,2018-06,4,0,True,0.0,master,valid_observed_phase_at_origin,BASE,calibration,1,3,spectral_core,local_partition_rf,0,0.38,0,0.38
2931,2018-10,2018-06,4,0,True,0.0,master,valid_observed_phase_at_origin,BASE,calibration,1,3,spectral_core,local_partition_rf,0,0.33,0,0.35
2932,2018-10,2018-06,4,0,True,0.0,master,valid_observed_phase_at_origin,BASE,calibration,1,3,spectral_core,local_partition_rf,0,0.13,0,0.25
2933,2018-10,2018-06,4,0,True,0.0,master,valid_observed_phase_at_origin,BASE,calibration,1,3,spectral_core,local_partition_rf,0,0.33,0,0.3
2934,2018-10,2018-06,4,0,True,0.0,master,valid_observed_phase_at_origin,BASE,calibration,1,16,spectral_core,local_partition_rf,0,0.3,0,0.23
2935,2018-10,2018-06,4,0,True,0.0,master,valid_observed_phase_at_origin,BASE,calibration,1,3,spectral_core,local_partition_rf,0,0.13,0,0.17
2936,2018-10,2018-06,4,0,True,0.0,master,valid_observed_phase_at_origin,BASE,calibration,1,16,spectral_core,local_partition_rf,0,0.26,0,0.22
2937,2018-10,2018-06,4,0,True,0.0,master,valid_observed_phase_at_origin,BASE,calibration,1,3,spectral_core,local_partition_rf,0,0.12,0,0.24
2938,2018-10,2018-06,4,0,True,0.0,master,valid_observed_phase_at_origin,BASE,calibration,1,3,spectral_core,local_partition_rf,0,0.09,0,0.2
2939,2018-10,2018-06,4,0,True,0.0,master,valid_observed_phase_at_origin,BASE,calibration,1,3,spectral_core,local_partition_rf,0,0.25,0,0.19
2940,2018-10,2018-06,4,0,True,0.0,master,valid_observed_phase_at_origin,BASE,calibration,1,3,spectral_core,local_partition_rf,0,0.36,0,0.42
2941,2018-10,2018-06,4,0,True,0.0,master,valid_observed_phase_at_origin,BASE,calibration,1,16,spectral_core,local_partition_rf,0,0.31,0,0.3
2942,2018-10,2018-06,4,0,True,0.0,master,valid_observed_phase_at_origin,BASE,calibration,1,3,spectral_core,local_partition_rf,0,0.18,0,0.27
2943,2018-10,2018-06,4,0,True,0.0,master,valid_observed_phase_at_origin,BASE,calibration,1,2,spectral_core,local_partition_rf,0,0.17,0,0.11
2944,2018-10,2018-06,4,0,True,0.0,master,valid_observed_phase_at_origin,BASE,calibration,1,16,spectral_core,local_partition_rf,0,0.11,0,0.13
2945,2018-10,2018-06,4,0,True,0.0,master,valid_observed_phase_at_origin,BASE,calibration,1,3,spectral_core,local_partition_rf,0,0.15,0,0.17
2946,2018-10,2018-06,4,0,True,0.0,master,valid_observed_phase_at_origin,BASE,calibration,1,16,spectral_core,local_partition_rf,0,0.31,0,0.32
2947,2018-10,2018-06,4,0,True,0.0,master,valid_observed_phase_at_origin,BASE,calibration,1,3,spectral_core,local_partition_rf,0,0.35,0,0.36
2948,2018-10,2018-06,4,0,True,0.0,master,valid_observed_phase_at_origin,BASE,calibration,1,3,spectral_core,local_partition_rf,0,0.2,0,0.29
2949,2018-10,2018-06,4,0,True,0.0,master,valid_observed_phase_at_origin,BASE,calibration,1,2,spectral_core,local_partition_rf,0,0.05,0,0.08
2950,2018-10,2018-06,4,0,True,0.0,master,valid_observed_phase_at_origin,BASE,calibration,1,3,spectral_core,local_partition_rf,0,0.14,0,0.17
2951,2018-10,2018-06,4,0,True,0.0,master,valid_observed_phase_at_origin,BASE,calibration,1,3,spectral_core,local_partition_rf,0,0.25,0,0.26
2952,2018-10,2018-06,4,0,True,0.0,master,valid_observed_phase_at_origin,BASE,calibration,1,3,spectral_core,local_partition_rf,0,0.07,0,0.12
2953,2018-10,2018-06,4,0,True,0.0,master,valid_observed_phase_at_origin,BASE,calibration,1,3,spectral_core,local_partition_rf,0,0.2,0,0.29
2954,2018-10,2018-06,4,0,True,0.0,master,valid_observed_phase_at_origin,BASE,calibration,1,16,spectral_core,local_partition_rf,0,0.27,0,0.29
2955,2018-10,2018-06,4,0,True,0.0,master,valid_observed_phase_at_origin,BASE,calibration,1,3,spectral_core,local_partition_rf,0,0.28,0,0.3
2956,2018-10,2018-06,4,0,True,0.0,master,valid_observed_phase_at_origin,BASE,calibration,1,3,spectral_core,local_partition_rf,0,0.23,0,0.26
2957,2018-10,2018-06,4,0,True,0.0,master,valid_observed_phase_at_origin,BASE,calibration,1,3,spectral_core,local_partition_rf,0,0.24,0,0.23
2958,2018-10,2018-06,4,0,True,0.0,master,valid_observed_phase_at_origin,BASE,calibration,1,3,spectral_core,local_partition_rf,0,0.21,0,0.27
2959,2018-10,2018-06,4,0,True,0.0,master,valid_observed_phase_at_origin,BASE,calibration,1,3,spectral_core,local_partition_rf,0,0.16,0,0.12
2960,2018-10,2018-06,4,0,True,0.0,master,valid_observed_phase_at_origin,BASE,calibration,1,3,spectral_core,local_partition_rf,0,0.15,0,0.23
2961,2018-10,2018-06,4,0,True,0.0,master,valid_observed_phase_at_origin,BASE,calibration,1,2,spectral_core,local_partition_rf,0,0.11,0,0.1
2962,2018-10,2018-06,4,0,True,0.0,master,valid_observed_phase_at_origin,BASE,calibration,1,16,spectral_core,local_partition_rf,0,0.36,0,0.12
2963,2018-10,2018-06,4,0,True,0.0,master,valid_observed_phase_at_origin,BASE,calibration,1,16,spectral_core,local_partition_rf,0,0.17,0,0.11
2964,2018-10,2018-06,4,0,True,0.0,master,valid_observed_phase_at_origin,BASE,calibration,1,3,spectral_core,local_partition_rf,0,0.31,0,0.35
2965,2018-10,2018-06,4,0,True,0.0,master,valid_observed_phase_at_origin,BASE,calibration,1,2,spectral_core,local_partition_rf,0,0.17,0,0.17
2966,2018-10,2018-06,4,0,True,0.0,master,valid_observed_phase_at_origin,BASE,calibration,1,3,spectral_core,local_partition_rf,0,0.09,0,0.16
2967,2018-10,2018-06,4,0,True,0.0,master,valid_observed_phase_at_origin,BASE,calibration,1,16,spectral_core,local_partition_rf,0,0.26,0,0.16
2968,2018-10,2018-06,4,0,True,0.0,master,valid_observed_phase_at_origin,BASE,calibration,1,3,spectral_core,local_partition_rf,0,0.13,0,0.15
2969,2018-10,2018-06,4,0,True,0.0,master,valid_observed_phase_at_origin,BASE,calibration,1,3,spectral_core,local_partition_rf,0,0.13,0,0.17
2970,2018-10,2018-06,4,0,True,0.0,master,valid_observed_phase_at_origin,BASE,calibration,1,16,spectral_core,local_partition_rf,0,0.04,0,0.14
2971,2018-10,2018-06,4,0,True,0.0,master,valid_observed_phase_at_origin,BASE,calibration,1,3,spectral_core,local_partition_rf,0,0.25,0,0.22
2972,2018-10,2018-06,4,0,True,0.0,master,valid_observed_phase_at_origin,BASE,calibration,1,3,spectral_core,local_partition_rf,0,0.11,0,0.16
2973,2018-10,2018-06,4,0,True,0.0,master,valid_observed_phase_at_origin,BASE,calibration,1,16,spectral_core,local_partition_rf,0,0.24,0,0.07
2974,2018-10,2018-06,4,0,True,0.0,master,valid_observed_phase_at_origin,BASE,calibration,1,16,spectral_core,local_partition_rf,0,0.29,0,0.12
2975,2018-10,2018-06,4,0,True,0.0,master,valid_observed_phase_at_origin,BASE,calibration,1,16,spectral_core,local_partition_rf,0,0.28,0,0.14
2976,2018-10,2018-06,4,0,True,0.0,master,valid_observed_phase_at_origin,BASE,calibration,1,16,spectral_core,local_partition_rf,0,0.32,0,0.24
2977,2018-10,2018-06,4,0,True,0.0,master,valid_observed_phase_at_origin,BASE,calibration,1,2,spectral_core,local_partition_rf,0,0.16,0,0.28
2978,2018-10,2018-06,4,0,True,0.0,master,valid_observed_phase_at_origin,BASE,calibration,1,2,spectral_core,local_partition_rf,0,0.32,0,0.28
2979,2018-10,2018-06,4,0,True,0.0,master,valid_observed_phase_at_origin,BASE,calibration,1,2,spectral_core,local_partition_rf,0,0.19,0,0.3
2980,2018-10,2018-06,4,0,True,0.0,master,valid_observed_phase_at_origin,BASE,calibration,1,2,spectral_core,local_partition_rf,0,0.12,0,0.28
2981,2018-10,2018-06,4,1,True,0.0,master,valid_observed_phase_at_origin,BASE,calibration,1,3,spectral_core,local_partition_rf,0,0.27,0,0.33
2982,2018-10,2018-06,4,0,True,0.0,master,valid_observed_phase_at_origin,BASE,calibration,1,2,spectral_core,local_partition_rf,0,0.11,0,0.14
2983,2018-10,2018-06,4,0,True,0.0,master,valid_observed_phase_at_origin,BASE,calibration,1,3,spectral_core,local_partition_rf,0,0.3,0,0.35
2984,2018-10,2018-06,4,0,True,0.0,master,valid_observed_phase_at_origin,BASE,calibration,1,2,spectral_core,local_partition_rf,0,0.21,0,0.28
2985,2018-10,2018-06,4,0,True,0.0,master,valid_observed_phase_at_origin,BASE,calibration,1,2,spectral_core,local_partition_rf,0,0.13,0,0.24
2986,2018-10,2018-06,4,0,True,0.0,master,valid_observed_phase_at_origin,BASE,calibration,1,2,spectral_core,local_partition_rf,0,0.14,0,0.15
2987,2018-10,2018-06,4,0,True,0.0,master,valid_observed_phase_at_origin,BASE,calibration,1,3,spectral_core,local_partition_rf,0,0.37,0,0.42
2988,2018-10,2018-06,4,0,True,0.0,master,valid_observed_phase_at_origin,BASE,calibration,1,2,spectral_core,local_partition_rf,0,0.18,0,0.34
2989,2018-10,2018-06,4,0,True,0.0,master,valid_observed_phase_at_origin,BASE,calibration,1,3,spectral_core,local_partition_rf,0,0.37,0,0.41
2990,2018-10,2018-06,4,0,True,0.0,master,valid_observed_phase_at_origin,BASE,calibration,1,2,spectral_core,local_partition_rf,0,0.19,0,0.25
2991,2018-10,2018-06,4,0,True,0.0,master,valid_observed_phase_at_origin,BASE,calibration,1,2,spectral_core,local_partition_rf,0,0.09,0,0.08
2992,2018-10,2018-06,4,0,True,0.0,master,valid_observed_phase_at_origin,BASE,calibration,1,2,spectral_core,local_partition_rf,0,0.03,0,0.07
2993,2018-10,2018-06,4,0,True,0.0,master,valid_observed_phase_at_origin,BASE,calibration,1,2,spectral_core,local_partition_rf,0,0.12,0,0.21
2994,2018-10,2018-06,4,0,True,0.0,master,valid_observed_phase_at_origin,BASE,calibration,1,2,spectral_core,local_partition_rf,0,0.05,0,0.15
2995,2018-10,2018-06,4,0,True,0.0,master,valid_observed_phase_at_origin,BASE,calibration,1,2,spectral_core,local_partition_rf,0,0.21,0,0.33
2996,2018-10,2018-06,4,1,True,1.0,master,valid_observed_phase_at_origin,BASE,calibration,1,3,spectral_core,local_partition_rf,0,0.48,1,0.51
2997,2018-10,2018-06,4,0,True,0.0,master,valid_observed_phase_at_origin,BASE,calibration,1,2,spectral_core,local_partition_rf,0,0.12,0,0.25
2998,2018-10,2018-06,4,0,True,0.0,master,valid_observed_phase_at_origin,BASE,calibration,1,3,spectral_core,local_partition_rf,0,0.35,0,0.34
2999,2018-10,2018-06,4,1,True,1.0,master,valid_observed_phase_at_origin,BASE,calibration,1,3,spectral_core,local_partition_rf,0,0.25,0,0.27
3000,2018-10,2018-06,4,0,True,0.0,master,valid_observed_phase_at_origin,BASE,calibration,1,2,spectral_core,local_partition_rf,0,0.03,0,0.14
3001,2018-10,2018-06,4,0,True,0.0,master,valid_observed_phase_at_origin,BASE,calibration,1,2,spectral_core,local_partition_rf,0,0.03,0,0.11
3002,2018-10,2018-06,4,0,True,0.0,master,valid_observed_phase_at_origin,BASE,calibration,1,3,spectral_core,local_partition_rf,0,0.29,0,0.3
3003,2018-10,2018-06,4,0,True,0.0,master,valid_observed_phase_at_origin,BASE,calibration,1,2,spectral_core,local_partition_rf,0,0.04,0,0.19
3004,2018-10,2018-06,4,0,True,0.0,master,valid_observed_phase_at_origin,BASE,calibration,1,2,spectral_core,local_partition_rf,0,0.07,0,0.27
3005,2018-10,2018-06,4,0,True,0.0,master,valid_observed_phase_at_origin,BASE,calibration,1,2,spectral_core,local_partition_rf,0,0.06,0,0.13
3006,2018-10,2018-06,4,0,True,0.0,master,valid_observed_phase_at_origin,BASE,calibration,1,2,spectral_core,local_partition_rf,0,0.03,0,0.06
3007,2018-10,2018-06,4,0,True,0.0,master,valid_observed_phase_at_origin,BASE,calibration,1,2,spectral_core,local_partition_rf,0,0.11,0,0.18
3008,2018-10,2018-06,4,0,True,0.0,master,valid_observed_phase_at_origin,BASE,calibration,1,2,spectral_core,local_partition_rf,0,0.1,0,0.32
3009,2018-10,2018-06,4,0,True,0.0,master,valid_observed_phase_at_origin,BASE,calibration,1,2,spectral_core,local_partition_rf,0,0.17,0,0.16
3010,2018-10,2018-06,4,0,True,0.0,master,valid_observed_phase_at_origin,BASE,calibration,1,2,spectral_core,local_partition_rf,0,0.16,0,0.29
3011,2018-10,2018-06,4,1,True,0.0,master,valid_observed_phase_at_origin,BASE,calibration,1,2,spectral_core,local_partition_rf,0,0.08,0,0.23
3012,2018-10,2018-06,4,0,True,0.0,master,valid_observed_phase_at_origin,BASE,calibration,1,2,spectral_core,local_partition_rf,0,0.24,0,0.32
3013,2018-10,2018-06,4,0,True,0.0,master,valid_observed_phase_at_origin,BASE,calibration,1,2,spectral_core,local_partition_rf,0,0.02,0,0.06
3014,2018-10,2018-06,4,1,True,0.0,master,valid_observed_phase_at_origin,BASE,calibration,1,2,spectral_core,local_partition_rf,0,0.14,0,0.26
3015,2018-10,2018-06,4,0,True,0.0,master,valid_observed_phase_at_origin,BASE,calibration,1,2,spectral_core,local_partition_rf,0,0.11,0,0.16
3016,2018-10,2018-06,4,0,True,0.0,master,valid_observed_phase_at_origin,BASE,calibration,1,2,spectral_core,local_partition_rf,0,0.07,0,0.25
3017,2018-10,2018-06,4,0,True,0.0,master,valid_observed_phase_at_origin,BASE,calibration,1,16,spectral_core,local_partition_rf,0,0.07,0,0.06
3018,2018-10,2018-06,4,0,True,0.0,master,valid_observed_phase_at_origin,BASE,calibration,1,16,spectral_core,local_partition_rf,0,0.03,0,0.04
3019,2018-10,2018-06,4,0,True,0.0,master,valid_observed_phase_at_origin,BASE,calibration,1,3,spectral_core,local_partition_rf,0,0.31,0,0.34
3020,2018-10,2018-06,4,0,True,0.0,master,valid_observed_phase_at_origin,BASE,calibration,1,16,spectral_core,local_partition_rf,0,0.09,0,0.09
3021,2018-10,2018-06,4,0,True,0.0,master,valid_observed_phase_at_origin,BASE,calibration,1,16,spectral_core,local_partition_rf,0,0.14,0,0.09
3022,2018-10,2018-06,4,0,True,0.0,master,valid_observed_phase_at_origin,BASE,calibration,1,16,spectral_core,local_partition_rf,0,0.11,0,0.13
3023,2018-10,2018-06,4,0,True,0.0,master,valid_observed_phase_at_origin,BASE,calibration,1,16,spectral_core,local_partition_rf,0,0.03,0,0.08
3024,2018-10,2018-06,4,0,True,0.0,master,valid_observed_phase_at_origin,BASE,calibration,1,16,spectral_core,local_partition_rf,0,0.03,0,0.05
3025,2018-10,2018-06,4,0,True,0.0,master,valid_observed_phase_at_origin,BASE,calibration,1,16,spectral_core,local_partition_rf,0,0.04,0,0.07
3026,2018-10,2018-06,4,0,True,0.0,master,valid_observed_phase_at_origin,BASE,calibration,1,16,spectral_core,local_partition_rf,0,0.03,0,0.04
3027,2018-10,2018-06,4,0,True,0.0,master,valid_observed_phase_at_origin,BASE,calibration,1,3,spectral_core,local_partition_rf,0,0.18,0,0.22
3028,2018-10,2018-06,4,0,True,0.0,master,valid_observed_phase_at_origin,BASE,calibration,1,16,spectral_core,local_partition_rf,0,0.03,0,0.04
3029,2018-10,2018-06,4,0,True,0.0,master,valid_observed_phase_at_origin,BASE,calibration,1,16,spectral_core,local_partition_rf,0,0.04,0,0.06
3030,2018-10,2018-06,4,0,True,0.0,master,valid_observed_phase_at_origin,BASE,calibration,1,16,spectral_core,local_partition_rf,0,0.04,0,0.05
3031,2018-10,2018-06,4,0,True,0.0,master,valid_observed_phase_at_origin,BASE,calibration,1,16,spectral_core,local_partition_rf,0,0.04,0,0.06
3032,2018-10,2018-06,4,0,True,0.0,master,valid_observed_phase_at_origin,BASE,calibration,1,16,spectral_core,local_partition_rf,0,0.03,0,0.03
3033,2018-10,2018-06,4,0,True,0.0,master,valid_observed_phase_at_origin,BASE,calibration,1,16,spectral_core,local_partition_rf,0,0.07,0,0.02
3034,2018-10,2018-06,4,0,True,0.0,master,valid_observed_phase_at_origin,BASE,calibration,1,16,spectral_core,local_partition_rf,0,0.02,0,0.11
3035,2018-10,2018-06,4,0,True,0.0,master,valid_observed_phase_at_origin,BASE,calibration,1,16,spectral_core,local_partition_rf,0,0.03,0,0.04
3036,2018-10,2018-06,4,0,True,0.0,master,valid_observed_phase_at_origin,BASE,calibration,1,16,spectral_core,local_partition_rf,0,0.02,0,0.04
3037,2018-10,2018-06,4,0,True,0.0,master,valid_observed_phase_at_origin,BASE,calibration,1,16,spectral_core,local_partition_rf,0,0.05,0,0.06
3038,2018-10,2018-06,4,0,True,0.0,master,valid_observed_phase_at_origin,BASE,calibration,1,16,spectral_core,local_partition_rf,0,0.04,0,0.07
3039,2018-10,2018-06,4,0,True,0.0,master,valid_observed_phase_at_origin,BASE,calibration,1,16,spectral_core,local_partition_rf,0,0.04,0,0.06
3040,2018-10,2018-06,4,0,True,0.0,master,valid_observed_phase_at_origin,BASE,calibration,1,16,spectral_core,local_partition_rf,0,0.03,0,0.07
3041,2018-10,2018-06,4,0,True,0.0,master,valid_observed_phase_at_origin,BASE,calibration,1,16,spectral_core,local_partition_rf,0,0.09,0,0.06
3042,2018-10,2018-06,4,0,True,0.0,master,valid_observed_phase_at_origin,BASE,calibration,1,16,spectral_core,local_partition_rf,0,0.2,0,0.15
3043,2018-10,2018-06,4,0,True,0.0,master,valid_observed_phase_at_origin,BASE,calibration,1,16,spectral_core,local_partition_rf,0,0.03,0,0.06
3044,2018-10,2018-06,4,0,True,0.0,master,valid_observed_phase_at_origin,BASE,calibration,1,16,spectral_core,local_partition_rf,0,0.08,0,0.03
3045,2018-10,2018-06,4,0,True,0.0,master,valid_observed_phase_at_origin,BASE,calibration,1,16,spectral_core,local_partition_rf,0,0.06,0,0.04
3046,2018-10,2018-06,4,0,True,0.0,master,valid_observed_phase_at_origin,BASE,calibration,1,16,spectral_core,local_partition_rf,0,0.14,0,0.2
3047,2018-10,2018-06,4,0,True,0.0,master,valid_observed_phase_at_origin,BASE,calibration,1,16,spectral_core,local_partition_rf,0,0.05,0,0.03
3048,2018-10,2018-06,4,0,True,0.0,master,valid_observed_phase_at_origin,BASE,calibration,1,16,spectral_core,local_partition_rf,0,0.03,0,0.05
3049,2018-10,2018-06,4,0,True,0.0,master,valid_observed_phase_at_origin,BASE,calibration,1,16,spectral_core,local_partition_rf,0,0.05,0,0.03
3050,2018-10,2018-06,4,0,True,0.0,master,valid_observed_phase_at_origin,BASE,calibration,1,16,spectral_core,local_partition_rf,0,0.03,0,0.04
3051,2018-10,2018-06,4,0,True,0.0,master,valid_observed_phase_at_origin,BASE,calibration,1,16,spectral_core,local_partition_rf,0,0.03,0,0.04
3052,2018-10,2018-06,4,0,True,0.0,master,valid_observed_phase_at_origin,BASE,calibration,1,16,spectral_core,local_partition_rf,0,0.03,0,0.03
3053,2018-10,2018-06,4,0,True,0.0,master,valid_observed_phase_at_origin,BASE,calibration,1,16,spectral_core,local_partition_rf,0,0.04,0,0.03
3054,2018-10,2018-06,4,0,True,0.0,master,valid_observed_phase_at_origin,BASE,calibration,1,16,spectral_core,local_partition_rf,0,0.04,0,0.02
3055,2018-10,2018-06,4,0,True,0.0,master,valid_observed_phase_at_origin,BASE,calibration,1,16,spectral_core,local_partition_rf,0,0.04,0,0.05
3056,2018-10,2018-06,4,0,True,0.0,master,valid_observed_phase_at_origin,BASE,calibration,1,16,spectral_core,local_partition_rf,0,0.03,0,0.08
3057,2018-10,2018-06,4,0,True,0.0,master,valid_observed_phase_at_origin,BASE,calibration,1,16,spectral_core,local_partition_rf,0,0.04,0,0.05
3058,2018-10,2018-06,4,0,True,0.0,master,valid_observed_phase_at_origin,BASE,calibration,1,16,spectral_core,local_partition_rf,0,0.05,0,0.05
3059,2018-10,2018-06,4,0,True,0.0,master,valid_observed_phase_at_origin,BASE,calibration,1,16,spectral_core,local_partition_rf,0,0.03,0,0.04
3060,2018-10,2018-06,4,0,True,0.0,master,valid_observed_phase_at_origin,BASE,calibration,1,16,spectral_core,local_partition_rf,0,0.03,0,0.04
3061,2018-10,2018-06,4,0,True,0.0,master,valid_observed_phase_at_origin,BASE,calibration,1,16,spectral_core,local_partition_rf,0,0.06,0,0.05
3062,2018-10,2018-06,4,0,True,0.0,master,valid_observed_phase_at_origin,BASE,calibration,1,16,spectral_core,local_partition_rf,0,0.12,0,0.14
3063,2018-10,2018-06,4,0,True,0.0,master,valid_observed_phase_at_origin,BASE,calibration,1,16,spectral_core,local_partition_rf,0,0.35,0,0.26
3064,2018-10,2018-06,4,0,True,0.0,master,valid_observed_phase_at_origin,BASE,calibration,1,16,spectral_core,local_partition_rf,0,0.12,0,0.15
3065,2018-10,2018-06,4,0,True,0.0,master,valid_observed_phase_at_origin,BASE,calibration,1,16,spectral_core,local_partition_rf,0,0.16,0,0.15
3066,2018-10,2018-06,4,0,True,0.0,master,valid_observed_phase_at_origin,BASE,calibration,1,3,spectral_core,local_partition_rf,0,0.25,0,0.35
3067,2018-10,2018-06,4,0,True,0.0,master,valid_observed_phase_at_origin,BASE,calibration,1,16,spectral_core,local_partition_rf,0,0.11,0,0.14
3068,2018-10,2018-06,4,0,True,0.0,master,valid_observed_phase_at_origin,BASE,calibration,1,16,spectral_core,local_partition_rf,0,0.21,0,0.19
3069,2018-10,2018-06,4,0,True,0.0,master,valid_observed_phase_at_origin,BASE,calibration,1,16,spectral_core,local_partition_rf,0,0.08,0,0.09
3070,2018-10,2018-06,4,0,True,0.0,master,valid_observed_phase_at_origin,BASE,calibration,1,16,spectral_core,local_partition_rf,0,0.08,0,0.17
3071,2018-10,2018-06,4,0,True,0.0,master,valid_observed_phase_at_origin,BASE,calibration,1,16,spectral_core,local_partition_rf,0,0.02,0,0.08
3072,2018-10,2018-06,4,0,True,0.0,master,valid_observed_phase_at_origin,BASE,calibration,1,16,spectral_core,local_partition_rf,0,0.19,0,0.21
3073,2018-10,2018-06,4,0,True,0.0,master,valid_observed_phase_at_origin,BASE,calibration,1,16,spectral_core,local_partition_rf,0,0.14,0,0.19
3074,2018-10,2018-06,4,0,True,0.0,master,valid_observed_phase_at_origin,BASE,calibration,1,16,spectral_core,local_partition_rf,0,0.13,0,0.08
3075,2018-10,2018-06,4,0,True,0.0,master,valid_observed_phase_at_origin,BASE,calibration,1,3,spectral_core,local_partition_rf,0,0.33,0,0.3
3076,2018-10,2018-06,4,0,True,0.0,master,valid_observed_phase_at_origin,BASE,calibration,1,16,spectral_core,local_partition_rf,0,0.38,0,0.31
3077,2018-10,2018-06,4,0,True,0.0,master,valid_observed_phase_at_origin,BASE,calibration,1,16,spectral_core,local_partition_rf,0,0.2,0,0.2
3078,2018-10,2018-06,4,0,True,0.0,master,valid_observed_phase_at_origin,BASE,calibration,1,16,spectral_core,local_partition_rf,0,0.19,0,0.24
3079,2018-10,2018-06,4,0,True,0.0,master,valid_observed_phase_at_origin,BASE,calibration,1,3,spectral_core,local_partition_rf,0,0.28,0,0.15
3080,2018-10,2018-06,4,0,True,0.0,master,valid_observed_phase_at_origin,BASE,calibration,1,16,spectral_core,local_partition_rf,0,0.05,0,0.05
3081,2018-10,2018-06,4,0,True,0.0,master,valid_observed_phase_at_origin,BASE,calibration,1,3,spectral_core,local_partition_rf,0,0.12,0,0.08
3082,2018-10,2018-06,4,0,True,0.0,master,valid_observed_phase_at_origin,BASE,calibration,1,16,spectral_core,local_partition_rf,0,0.11,0,0.12
3083,2018-10,2018-06,4,0,True,0.0,master,valid_observed_phase_at_origin,BASE,calibration,1,16,spectral_core,local_partition_rf,0,0.17,0,0.1
3084,2018-10,2018-06,4,0,True,0.0,master,valid_observed_phase_at_origin,BASE,calibration,1,16,spectral_core,local_partition_rf,0,0.21,0,0.28
3085,2018-10,2018-06,4,0,True,0.0,master,valid_observed_phase_at_origin,BASE,calibration,1,3,spectral_core,local_partition_rf,0,0.22,0,0.14
3086,2018-10,2018-06,4,0,True,0.0,master,valid_observed_phase_at_origin,BASE,calibration,1,16,spectral_core,local_partition_rf,0,0.08,0,0.08
3087,2018-10,2018-06,4,0,True,0.0,master,valid_observed_phase_at_origin,BASE,calibration,1,3,spectral_core,local_partition_rf,0,0.16,0,0.19
3088,2018-10,2018-06,4,0,True,0.0,master,valid_observed_phase_at_origin,BASE,calibration,1,16,spectral_core,local_partition_rf,0,0.28,0,0.31
3089,2018-10,2018-06,4,0,True,0.0,master,valid_observed_phase_at_origin,BASE,calibration,1,16,spectral_core,local_partition_rf,0,0.23,0,0.21
3090,2018-10,2018-06,4,0,True,0.0,master,valid_observed_phase_at_origin,BASE,calibration,1,16,spectral_core,local_partition_rf,0,0.33,0,0.26
3091,2018-10,2018-06,4,0,True,0.0,master,valid_observed_phase_at_origin,BASE,calibration,1,16,spectral_core,local_partition_rf,0,0.15,0,0.05
3092,2018-10,2018-06,4,0,True,0.0,master,valid_observed_phase_at_origin,BASE,calibration,1,2,spectral_core,local_partition_rf,0,0.0,0,0.0
3093,2018-10,2018-06,4,0,True,0.0,master,valid_observed_phase_at_origin,BASE,calibration,1,16,spectral_core,local_partition_rf,0,0.03,0,0.07
3094,2018-10,2018-06,4,0,True,0.0,master,valid_observed_phase_at_origin,BASE,calibration,1,16,spectral_core,local_partition_rf,0,0.04,0,0.01
3095,2018-10,2018-06,4,0,True,0.0,master,valid_observed_phase_at_origin,BASE,calibration,1,16,spectral_core,local_partition_rf,0,0.06,0,0.06
3096,2018-10,2018-06,4,0,True,0.0,master,valid_observed_phase_at_origin,BASE,calibration,1,16,spectral_core,local_partition_rf,0,0.06,0,0.03
3097,2018-10,2018-06,4,0,True,0.0,master,valid_observed_phase_at_origin,BASE,calibration,1,2,spectral_core,local_partition_rf,0,0.0,0,0.01
3098,2018-10,2018-06,4,0,True,0.0,master,valid_observed_phase_at_origin,BASE,calibration,1,2,spectral_core,local_partition_rf,0,0.0,0,0.01
3099,2018-10,2018-06,4,0,True,0.0,master,valid_observed_phase_at_origin,BASE,calibration,1,2,spectral_core,local_partition_rf,0,0.01,0,0.02
3100,2018-10,2018-06,4,0,True,0.0,master,valid_observed_phase_at_origin,BASE,calibration,1,16,spectral_core,local_partition_rf,0,0.04,0,0.04
3101,2018-10,2018-06,4,0,True,0.0,master,valid_observed_phase_at_origin,BASE,calibration,1,16,spectral_core,local_partition_rf,0,0.07,0,0.02
3102,2018-10,2018-06,4,0,True,0.0,master,valid_observed_phase_at_origin,BASE,calibration,1,16,spectral_core,local_partition_rf,0,0.04,0,0.05
3103,2018-10,2018-06,4,0,True,0.0,master,valid_observed_phase_at_origin,BASE,calibration,1,16,spectral_core,local_partition_rf,0,0.08,0,0.05
3104,2018-10,2018-06,4,0,True,0.0,master,valid_observed_phase_at_origin,BASE,calibration,1,16,spectral_core,local_partition_rf,0,0.07,0,0.03
3105,2018-10,2018-06,4,0,True,0.0,master,valid_observed_phase_at_origin,BASE,calibration,1,2,spectral_core,local_partition_rf,0,0.0,0,0.02
3106,2018-10,2018-06,4,0,True,0.0,master,valid_observed_phase_at_origin,BASE,calibration,1,2,spectral_core,local_partition_rf,0,0.0,0,0.06
3107,2018-10,2018-06,4,0,True,0.0,master,valid_observed_phase_at_origin,BASE,calibration,1,2,spectral_core,local_partition_rf,0,0.0,0,0.02
3108,2018-10,2018-06,4,0,True,0.0,master,valid_observed_phase_at_origin,BASE,calibration,1,2,spectral_core,local_partition_rf,0,0.01,0,0.02
3109,2018-10,2018-06,4,0,True,0.0,master,valid_observed_phase_at_origin,BASE,calibration,1,2,spectral_core,local_partition_rf,0,0.0,0,0.01
3110,2018-10,2018-06,4,0,True,0.0,master,valid_observed_phase_at_origin,BASE,calibration,1,16,spectral_core,local_partition_rf,0,0.09,0,0.08
3111,2018-10,2018-06,4,0,True,0.0,master,valid_observed_phase_at_origin,BASE,calibration,1,16,spectral_core,local_partition_rf,0,0.03,0,0.08
3112,2018-10,2018-06,4,0,True,0.0,master,valid_observed_phase_at_origin,BASE,calibration,1,16,spectral_core,local_partition_rf,0,0.01,0,0.1
3113,2018-10,2018-06,4,0,True,0.0,master,valid_observed_phase_at_origin,BASE,calibration,1,16,spectral_core,local_partition_rf,0,0.08,0,0.11
3114,2018-10,2018-06,4,0,True,0.0,master,valid_observed_phase_at_origin,BASE,calibration,1,16,spectral_core,local_partition_rf,0,0.02,0,0.02
3115,2018-10,2018-06,4,0,True,0.0,master,valid_observed_phase_at_origin,BASE,calibration,1,16,spectral_core,local_partition_rf,0,0.02,0,0.04
3116,2018-10,2018-06,4,0,True,0.0,master,valid_observed_phase_at_origin,BASE,calibration,1,2,spectral_core,local_partition_rf,0,0.0,0,0.0
3117,2018-10,2018-06,4,0,True,0.0,master,valid_observed_phase_at_origin,BASE,calibration,1,2,spectral_core,local_partition_rf,0,0.0,0,0.01
3118,2018-10,2018-06,4,0,True,0.0,master,valid_observed_phase_at_origin,BASE,calibration,1,16,spectral_core,local_partition_rf,0,0.09,0,0.06
3119,2018-10,2018-06,4,0,True,0.0,master,valid_observed_phase_at_origin,BASE,calibration,1,2,spectral_core,local_partition_rf,0,0.0,0,0.04
3120,2018-10,2018-06,4,0,True,0.0,master,valid_observed_phase_at_origin,BASE,calibration,1,2,spectral_core,local_partition_rf,0,0.0,0,0.02
3121,2018-10,2018-06,4,0,True,0.0,master,valid_observed_phase_at_origin,BASE,calibration,1,2,spectral_core,local_partition_rf,0,0.0,0,0.03
3122,2018-10,2018-06,4,0,True,0.0,master,valid_observed_phase_at_origin,BASE,calibration,1,16,spectral_core,local_partition_rf,0,0.04,0,0.04
3123,2018-10,2018-06,4,0,True,1.0,master,valid_observed_phase_at_origin,BASE,calibration,1,3,spectral_core,local_partition_rf,0,0.14,0,0.15
3124,2018-10,2018-06,4,0,True,1.0,master,valid_observed_phase_at_origin,BASE,calibration,1,16,spectral_core,local_partition_rf,0,0.03,0,0.1
3125,2018-10,2018-06,4,0,True,1.0,master,valid_observed_phase_at_origin,BASE,calibration,1,3,spectral_core,local_partition_rf,0,0.11,0,0.09
3126,2018-10,2018-06,4,0,True,0.0,master,valid_observed_phase_at_origin,BASE,calibration,1,3,spectral_core,local_partition_rf,0,0.24,0,0.21
3127,2018-10,2018-06,4,0,True,1.0,master,valid_observed_phase_at_origin,BASE,calibration,1,16,spectral_core,local_partition_rf,0,0.06,0,0.11
3128,2018-10,2018-06,4,0,True,1.0,master,valid_observed_phase_at_origin,BASE,calibration,1,16,spectral_core,local_partition_rf,0,0.03,0,0.1
3129,2018-10,2018-06,4,0,True,1.0,master,valid_observed_phase_at_origin,BASE,calibration,1,16,spectral_core,local_partition_rf,0,0.04,0,0.12
3130,2018-10,2018-06,4,0,True,1.0,master,valid_observed_phase_at_origin,BASE,calibration,1,16,spectral_core,local_partition_rf,0,0.01,0,0.09
3131,2018-10,2018-06,4,0,True,0.0,master,valid_observed_phase_at_origin,BASE,calibration,1,3,spectral_core,local_partition_rf,0,0.2,0,0.15
3132,2018-10,2018-06,4,0,True,0.0,master,valid_observed_phase_at_origin,BASE,calibration,1,16,spectral_core,local_partition_rf,0,0.01,0,0.08
3133,2018-10,2018-06,4,0,True,1.0,master,valid_observed_phase_at_origin,BASE,calibration,1,3,spectral_core,local_partition_rf,0,0.18,0,0.18
3134,2018-10,2018-06,4,0,True,1.0,master,valid_observed_phase_at_origin,BASE,calibration,1,3,spectral_core,local_partition_rf,0,0.13,0,0.07
3135,2018-10,2018-06,4,0,True,1.0,master,valid_observed_phase_at_origin,BASE,calibration,1,16,spectral_core,local_partition_rf,0,0.17,0,0.2
3136,2018-10,2018-06,4,0,True,0.0,master,valid_observed_phase_at_origin,BASE,calibration,1,3,spectral_core,local_partition_rf,0,0.23,0,0.29
3137,2018-10,2018-06,4,0,True,0.0,master,valid_observed_phase_at_origin,BASE,calibration,1,3,spectral_core,local_partition_rf,0,0.32,0,0.36
3138,2018-10,2018-06,4,0,True,0.0,master,valid_observed_phase_at_origin,BASE,calibration,1,3,spectral_core,local_partition_rf,0,0.27,0,0.36
3139,2018-10,2018-06,4,0,True,0.0,master,valid_observed_phase_at_origin,BASE,calibration,1,2,spectral_core,local_partition_rf,0,0.2,0,0.23
3140,2018-10,2018-06,4,0,True,0.0,master,valid_observed_phase_at_origin,BASE,calibration,1,3,spectral_core,local_partition_rf,0,0.15,0,0.23
3141,2018-10,2018-06,4,0,True,0.0,master,valid_observed_phase_at_origin,BASE,calibration,1,3,spectral_core,local_partition_rf,0,0.17,0,0.21
3142,2018-10,2018-06,4,0,True,0.0,master,valid_observed_phase_at_origin,BASE,calibration,1,2,spectral_core,local_partition_rf,0,0.01,0,0.07
3143,2018-10,2018-06,4,0,True,0.0,master,valid_observed_phase_at_origin,BASE,calibration,1,2,spectral_core,local_partition_rf,0,0.01,0,0.03
3144,2018-10,2018-06,4,0,True,0.0,master,valid_observed_phase_at_origin,BASE,calibration,1,2,spectral_core,local_partition_rf,0,0.0,0,0.0
3145,2018-10,2018-06,4,0,True,0.0,master,valid_observed_phase_at_origin,BASE,calibration,1,2,spectral_core,local_partition_rf,0,0.0,0,0.04
3146,2018-10,2018-06,4,0,True,0.0,master,valid_observed_phase_at_origin,BASE,calibration,1,2,spectral_core,local_partition_rf,0,0.0,0,0.03
3147,2018-10,2018-06,4,0,True,0.0,master,valid_observed_phase_at_origin,BASE,calibration,1,2,spectral_core,local_partition_rf,0,0.15,0,0.19
3148,2018-10,2018-06,4,0,True,0.0,master,valid_observed_phase_at_origin,BASE,calibration,1,2,spectral_core,local_partition_rf,0,0.05,0,0.05
3149,2018-10,2018-06,4,0,True,0.0,master,valid_observed_phase_at_origin,BASE,calibration,1,2,spectral_core,local_partition_rf,0,0.17,0,0.16
3150,2018-10,2018-06,4,0,True,0.0,master,valid_observed_phase_at_origin,BASE,calibration,1,2,spectral_core,local_partition_rf,0,0.03,0,0.07
3151,2018-10,2018-06,4,0,True,0.0,master,valid_observed_phase_at_origin,BASE,calibration,1,2,spectral_core,local_partition_rf,0,0.04,0,0.08
3152,2018-10,2018-06,4,0,True,0.0,master,valid_observed_phase_at_origin,BASE,calibration,1,15,spectral_core,local_partition_rf,0,0.0,0,0.04
3153,2018-10,2018-06,4,0,True,0.0,master,valid_observed_phase_at_origin,BASE,calibration,1,16,spectral_core,local_partition_rf,0,0.2,0,0.04
3154,2018-10,2018-06,4,0,True,0.0,master,valid_observed_phase_at_origin,BASE,calibration,1,2,spectral_core,local_partition_rf,0,0.01,0,0.04
3155,2018-10,2018-06,4,0,True,0.0,master,valid_observed_phase_at_origin,BASE,calibration,1,16,spectral_core,local_partition_rf,0,0.12,0,0.02
3156,2018-10,2018-06,4,0,True,0.0,master,valid_observed_phase_at_origin,BASE,calibration,1,2,spectral_core,local_partition_rf,0,0.0,0,0.02
3157,2018-10,2018-06,4,0,True,0.0,master,valid_observed_phase_at_origin,BASE,calibration,1,2,spectral_core,local_partition_rf,0,0.0,0,0.01
3158,2018-10,2018-06,4,0,True,0.0,master,valid_observed_phase_at_origin,BASE,calibration,1,2,spectral_core,local_partition_rf,0,0.01,0,0.06
3159,2018-10,2018-06,4,0,True,0.0,master,valid_observed_phase_at_origin,BASE,calibration,1,2,spectral_core,local_partition_rf,0,0.01,0,0.04
3160,2018-10,2018-06,4,0,True,0.0,master,valid_observed_phase_at_origin,BASE,calibration,1,2,spectral_core,local_partition_rf,0,0.14,0,0.09
3161,2018-10,2018-06,4,0,True,0.0,master,valid_observed_phase_at_origin,BASE,calibration,1,16,spectral_core,local_partition_rf,0,0.23,0,0.09
3162,2018-10,2018-06,4,0,True,0.0,master,valid_observed_phase_at_origin,BASE,calibration,1,2,spectral_core,local_partition_rf,0,0.02,0,0.02
3163,2018-10,2018-06,4,0,True,0.0,master,valid_observed_phase_at_origin,BASE,calibration,1,2,spectral_core,local_partition_rf,0,0.0,0,0.01
3164,2018-10,2018-06,4,0,True,0.0,master,valid_observed_phase_at_origin,BASE,calibration,1,2,spectral_core,local_partition_rf,0,0.02,0,0.04
3165,2018-10,2018-06,4,0,True,0.0,master,valid_observed_phase_at_origin,BASE,calibration,1,2,spectral_core,local_partition_rf,0,0.01,0,0.06
3166,2018-10,2018-06,4,0,True,0.0,master,valid_observed_phase_at_origin,BASE,calibration,1,2,spectral_core,local_partition_rf,0,0.1,0,0.08
3167,2018-10,2018-06,4,0,True,0.0,master,valid_observed_phase_at_origin,BASE,calibration,1,16,spectral_core,local_partition_rf,0,0.18,0,0.12
3168,2018-10,2018-06,4,0,True,0.0,master,valid_observed_phase_at_origin,BASE,calibration,1,16,spectral_core,local_partition_rf,0,0.25,0,0.19
3169,2018-10,2018-06,4,0,True,0.0,master,valid_observed_phase_at_origin,BASE,calibration,1,16,spectral_core,local_partition_rf,0,0.18,0,0.09
3170,2018-10,2018-06,4,0,True,0.0,master,valid_observed_phase_at_origin,BASE,calibration,1,16,spectral_core,local_partition_rf,0,0.29,0,0.15
3171,2018-10,2018-06,4,0,True,0.0,master,valid_observed_phase_at_origin,BASE,calibration,1,2,spectral_core,local_partition_rf,0,0.0,0,0.0
3172,2018-10,2018-06,4,0,True,0.0,master,valid_observed_phase_at_origin,BASE,calibration,1,2,spectral_core,local_partition_rf,0,0.01,0,0.02
3173,2018-10,2018-06,4,0,True,0.0,master,valid_observed_phase_at_origin,BASE,calibration,1,2,spectral_core,local_partition_rf,0,0.01,0,0.0
3174,2018-10,2018-06,4,0,True,0.0,master,valid_observed_phase_at_origin,BASE,calibration,1,2,spectral_core,local_partition_rf,0,0.01,0,0.02
3175,2018-10,2018-06,4,0,True,0.0,master,valid_observed_phase_at_origin,BASE,calibration,1,2,spectral_core,local_partition_rf,0,0.01,0,0.01
3176,2018-10,2018-06,4,0,True,0.0,master,valid_observed_phase_at_origin,BASE,calibration,1,2,spectral_core,local_partition_rf,0,0.01,0,0.01
3177,2018-10,2018-06,4,0,True,0.0,master,valid_observed_phase_at_origin,BASE,calibration,1,2,spectral_core,local_partition_rf,0,0.01,0,0.01
3178,2018-10,2018-06,4,0,True,0.0,master,valid_observed_phase_at_origin,BASE,calibration,1,2,spectral_core,local_partition_rf,0,0.01,0,0.0
3179,2018-10,2018-06,4,0,True,0.0,master,valid_observed_phase_at_origin,BASE,calibration,1,2,spectral_core,local_partition_rf,0,0.01,0,0.01
3180,2018-10,2018-06,4,0,True,0.0,master,valid_observed_phase_at_origin,BASE,calibration,1,2,spectral_core,local_partition_rf,0,0.0,0,0.02
3181,2018-10,2018-06,4,0,True,0.0,master,valid_observed_phase_at_origin,BASE,calibration,1,2,spectral_core,local_partition_rf,0,0.01,0,0.0
3182,2018-10,2018-06,4,0,True,0.0,master,valid_observed_phase_at_origin,BASE,calibration,1,2,spectral_core,local_partition_rf,0,0.01,0,0.0
3183,2018-10,2018-06,4,0,True,0.0,master,valid_observed_phase_at_origin,BASE,calibration,1,2,spectral_core,local_partition_rf,0,0.01,0,0.02
3184,2018-10,2018-06,4,0,True,0.0,master,valid_observed_phase_at_origin,BASE,calibration,1,2,spectral_core,local_partition_rf,0,0.01,0,0.02
3185,2018-10,2018-06,4,0,True,0.0,master,valid_observed_phase_at_origin,BASE,calibration,1,2,spectral_core,local_partition_rf,0,0.0,0,0.02
3186,2018-10,2018-06,4,0,True,0.0,master,valid_observed_phase_at_origin,BASE,calibration,1,2,spectral_core,local_partition_rf,0,0.01,0,0.02
3187,2018-10,2018-06,4,0,True,0.0,master,valid_observed_phase_at_origin,BASE,calibration,1,2,spectral_core,local_partition_rf,0,0.01,0,0.02
3188,2018-10,2018-06,4,0,True,0.0,master,valid_observed_phase_at_origin,BASE,calibration,1,2,spectral_core,local_partition_rf,0,0.01,0,0.02
3189,2018-10,2018-06,4,0,True,0.0,master,valid_observed_phase_at_origin,BASE,calibration,1,2,spectral_core,local_partition_rf,0,0.01,0,0.0
3190,2018-10,2018-06,4,0,True,0.0,master,valid_observed_phase_at_origin,BASE,calibration,1,2,spectral_core,local_partition_rf,0,0.0,0,0.01
3191,2018-10,2018-06,4,0,True,0.0,master,valid_observed_phase_at_origin,BASE,calibration,1,2,spectral_core,local_partition_rf,0,0.01,0,0.01
3192,2018-10,2018-06,4,0,True,0.0,master,valid_observed_phase_at_origin,BASE,calibration,1,2,spectral_core,local_partition_rf,0,0.0,0,0.01
3193,2018-10,2018-06,4,0,True,0.0,master,valid_observed_phase_at_origin,BASE,calibration,1,2,spectral_core,local_partition_rf,0,0.0,0,0.01
3194,2018-10,2018-06,4,0,True,0.0,master,valid_observed_phase_at_origin,BASE,calibration,1,2,spectral_core,local_partition_rf,0,0.0,0,0.01
3195,2018-10,2018-06,4,0,True,0.0,master,valid_observed_phase_at_origin,BASE,calibration,1,2,spectral_core,local_partition_rf,0,0.0,0,0.01
3196,2018-10,2018-06,4,0,True,0.0,master,valid_observed_phase_at_origin,BASE,calibration,1,2,spectral_core,local_partition_rf,0,0.0,0,0.02
3197,2018-10,2018-06,4,0,True,0.0,master,valid_observed_phase_at_origin,BASE,calibration,1,2,spectral_core,local_partition_rf,0,0.0,0,0.02
3198,2018-10,2018-06,4,0,True,0.0,master,valid_observed_phase_at_origin,BASE,calibration,1,2,spectral_core,local_partition_rf,0,0.0,0,0.0
3199,2018-10,2018-06,4,0,True,0.0,master,valid_observed_phase_at_origin,BASE,calibration,1,2,spectral_core,local_partition_rf,0,0.01,0,0.0
3200,2018-10,2018-06,4,0,True,0.0,master,valid_observed_phase_at_origin,BASE,calibration,1,2,spectral_core,local_partition_rf,0,0.0,0,0.02
3201,2018-10,2018-06,4,0,True,0.0,master,valid_observed_phase_at_origin,BASE,calibration,1,2,spectral_core,local_partition_rf,0,0.01,0,0.01
3202,2018-10,2018-06,4,0,True,0.0,master,valid_observed_phase_at_origin,BASE,calibration,1,2,spectral_core,local_partition_rf,0,0.0,0,0.0
3203,2018-10,2018-06,4,0,True,0.0,master,valid_observed_phase_at_origin,BASE,calibration,1,2,spectral_core,local_partition_rf,0,0.01,0,0.0
3204,2018-10,2018-06,4,0,True,0.0,master,valid_observed_phase_at_origin,BASE,calibration,1,2,spectral_core,local_partition_rf,0,0.0,0,0.01
3205,2018-10,2018-06,4,0,True,0.0,master,valid_observed_phase_at_origin,BASE,calibration,1,2,spectral_core,local_partition_rf,0,0.01,0,0.02
3206,2018-10,2018-06,4,0,True,0.0,master,valid_observed_phase_at_origin,BASE,calibration,1,2,spectral_core,local_partition_rf,0,0.01,0,0.01
3207,2018-10,2018-06,4,0,True,0.0,master,valid_observed_phase_at_origin,BASE,calibration,1,2,spectral_core,local_partition_rf,0,0.01,0,0.0
3208,2018-10,2018-06,4,0,True,0.0,master,valid_observed_phase_at_origin,BASE,calibration,1,2,spectral_core,local_partition_rf,0,0.0,0,0.0
3209,2018-10,2018-06,4,0,True,0.0,master,valid_observed_phase_at_origin,BASE,calibration,1,2,spectral_core,local_partition_rf,0,0.0,0,0.03
3210,2018-10,2018-06,4,0,True,0.0,master,valid_observed_phase_at_origin,BASE,calibration,1,2,spectral_core,local_partition_rf,0,0.01,0,0.01
3211,2018-10,2018-06,4,0,True,0.0,master,valid_observed_phase_at_origin,BASE,calibration,1,2,spectral_core,local_partition_rf,0,0.0,0,0.0
3212,2018-10,2018-06,4,0,True,0.0,master,valid_observed_phase_at_origin,BASE,calibration,1,2,spectral_core,local_partition_rf,0,0.01,0,0.01
3213,2018-10,2018-06,4,0,True,0.0,master,valid_observed_phase_at_origin,BASE,calibration,1,2,spectral_core,local_partition_rf,0,0.0,0,0.01
3214,2018-10,2018-06,4,0,True,0.0,master,valid_observed_phase_at_origin,BASE,calibration,1,2,spectral_core,local_partition_rf,0,0.01,0,0.0
3215,2018-10,2018-06,4,0,True,0.0,master,valid_observed_phase_at_origin,BASE,calibration,1,2,spectral_core,local_partition_rf,0,0.01,0,0.01
3216,2018-10,2018-06,4,0,True,0.0,master,valid_observed_phase_at_origin,BASE,calibration,1,2,spectral_core,local_partition_rf,0,0.01,0,0.02
3217,2018-10,2018-06,4,0,True,0.0,master,valid_observed_phase_at_origin,BASE,calibration,1,2,spectral_core,local_partition_rf,0,0.01,0,0.01
3218,2018-10,2018-06,4,0,True,0.0,master,valid_observed_phase_at_origin,BASE,calibration,1,2,spectral_core,local_partition_rf,0,0.01,0,0.01
3219,2018-10,2018-06,4,0,True,0.0,master,valid_observed_phase_at_origin,BASE,calibration,1,2,spectral_core,local_partition_rf,0,0.0,0,0.0
3220,2018-10,2018-06,4,0,True,0.0,master,valid_observed_phase_at_origin,BASE,calibration,1,2,spectral_core,local_partition_rf,0,0.0,0,0.01
3221,2018-10,2018-06,4,0,True,0.0,master,valid_observed_phase_at_origin,BASE,calibration,1,2,spectral_core,local_partition_rf,0,0.0,0,0.01
3222,2018-10,2018-06,4,0,True,0.0,master,valid_observed_phase_at_origin,BASE,calibration,1,2,spectral_core,local_partition_rf,0,0.01,0,0.01
3223,2018-10,2018-06,4,0,True,0.0,master,valid_observed_phase_at_origin,BASE,calibration,1,2,spectral_core,local_partition_rf,0,0.0,0,0.01
3224,2018-10,2018-06,4,0,True,0.0,master,valid_observed_phase_at_origin,BASE,calibration,1,2,spectral_core,local_partition_rf,0,0.01,0,0.05
3225,2018-10,2018-06,4,0,True,0.0,master,valid_observed_phase_at_origin,BASE,calibration,1,2,spectral_core,local_partition_rf,0,0.01,0,0.01
3226,2018-10,2018-06,4,0,True,0.0,master,valid_observed_phase_at_origin,BASE,calibration,1,2,spectral_core,local_partition_rf,0,0.0,0,0.01
3227,2018-10,2018-06,4,0,True,0.0,master,valid_observed_phase_at_origin,BASE,calibration,1,2,spectral_core,local_partition_rf,0,0.01,0,0.01
3228,2018-10,2018-06,4,0,True,0.0,master,valid_observed_phase_at_origin,BASE,calibration,1,2,spectral_core,local_partition_rf,0,0.01,0,0.01
3229,2018-10,2018-06,4,0,True,0.0,master,valid_observed_phase_at_origin,BASE,calibration,1,2,spectral_core,local_partition_rf,0,0.0,0,0.02
3230,2018-10,2018-06,4,0,True,0.0,master,valid_observed_phase_at_origin,BASE,calibration,1,2,spectral_core,local_partition_rf,0,0.0,0,0.0
3231,2018-10,2018-06,4,0,True,0.0,master,valid_observed_phase_at_origin,BASE,calibration,1,2,spectral_core,local_partition_rf,0,0.01,0,0.01
3232,2018-10,2018-06,4,0,True,0.0,master,valid_observed_phase_at_origin,BASE,calibration,1,2,spectral_core,local_partition_rf,0,0.01,0,0.02
3233,2018-10,2018-06,4,0,True,0.0,master,valid_observed_phase_at_origin,BASE,calibration,1,2,spectral_core,local_partition_rf,0,0.0,0,0.04
3234,2018-10,2018-06,4,0,True,0.0,master,valid_observed_phase_at_origin,BASE,calibration,1,2,spectral_core,local_partition_rf,0,0.0,0,0.02
3235,2018-10,2018-06,4,0,True,0.0,master,valid_observed_phase_at_origin,BASE,calibration,1,2,spectral_core,local_partition_rf,0,0.0,0,0.03
3236,2018-10,2018-06,4,0,True,0.0,master,valid_observed_phase_at_origin,BASE,calibration,1,2,spectral_core,local_partition_rf,0,0.0,0,0.01
3237,2018-10,2018-06,4,0,True,0.0,master,valid_observed_phase_at_origin,BASE,calibration,1,2,spectral_core,local_partition_rf,0,0.01,0,0.01
3238,2018-10,2018-06,4,0,True,0.0,master,valid_observed_phase_at_origin,BASE,calibration,1,2,spectral_core,local_partition_rf,0,0.0,0,0.03
3239,2018-10,2018-06,4,0,True,0.0,master,valid_observed_phase_at_origin,BASE,calibration,1,2,spectral_core,local_partition_rf,0,0.01,0,0.0
3240,2018-10,2018-06,4,0,True,0.0,master,valid_observed_phase_at_origin,BASE,calibration,1,2,spectral_core,local_partition_rf,0,0.01,0,0.01
3241,2018-10,2018-06,4,0,True,0.0,master,valid_observed_phase_at_origin,BASE,calibration,1,2,spectral_core,local_partition_rf,0,0.0,0,0.02
3242,2018-10,2018-06,4,0,True,0.0,master,valid_observed_phase_at_origin,BASE,calibration,1,2,spectral_core,local_partition_rf,0,0.0,0,0.01
3243,2018-10,2018-06,4,0,True,0.0,master,valid_observed_phase_at_origin,BASE,calibration,1,2,spectral_core,local_partition_rf,0,0.01,0,0.01
3244,2018-10,2018-06,4,0,True,0.0,master,valid_observed_phase_at_origin,BASE,calibration,1,2,spectral_core,local_partition_rf,0,0.0,0,0.0
3245,2018-10,2018-06,4,0,True,0.0,master,valid_observed_phase_at_origin,BASE,calibration,1,2,spectral_core,local_partition_rf,0,0.0,0,0.02
3246,2018-10,2018-06,4,0,True,0.0,master,valid_observed_phase_at_origin,BASE,calibration,1,2,spectral_core,local_partition_rf,0,0.01,0,0.0
3247,2018-10,2018-06,4,0,True,0.0,master,valid_observed_phase_at_origin,BASE,calibration,1,2,spectral_core,local_partition_rf,0,0.01,0,0.02
3248,2018-10,2018-06,4,0,True,0.0,master,valid_observed_phase_at_origin,BASE,calibration,1,2,spectral_core,local_partition_rf,0,0.01,0,0.01
3249,2018-10,2018-06,4,0,True,0.0,master,valid_observed_phase_at_origin,BASE,calibration,1,2,spectral_core,local_partition_rf,0,0.01,0,0.01
3250,2018-10,2018-06,4,0,True,0.0,master,valid_observed_phase_at_origin,BASE,calibration,1,2,spectral_core,local_partition_rf,0,0.01,0,0.0
3251,2018-10,2018-06,4,0,True,0.0,master,valid_observed_phase_at_origin,BASE,calibration,1,2,spectral_core,local_partition_rf,0,0.01,0,0.01
3252,2018-10,2018-06,4,0,True,0.0,master,valid_observed_phase_at_origin,BASE,calibration,1,2,spectral_core,local_partition_rf,0,0.0,0,0.01
3253,2018-10,2018-06,4,0,True,0.0,master,valid_observed_phase_at_origin,BASE,calibration,1,2,spectral_core,local_partition_rf,0,0.01,0,0.0
3254,2018-10,2018-06,4,0,True,0.0,master,valid_observed_phase_at_origin,BASE,calibration,1,2,spectral_core,local_partition_rf,0,0.01,0,0.0
3255,2018-10,2018-06,4,0,True,0.0,master,valid_observed_phase_at_origin,BASE,calibration,1,2,spectral_core,local_partition_rf,0,0.0,0,0.01
3256,2018-10,2018-06,4,0,True,0.0,master,valid_observed_phase_at_origin,BASE,calibration,1,2,spectral_core,local_partition_rf,0,0.0,0,0.0
3257,2018-10,2018-06,4,0,True,0.0,master,valid_observed_phase_at_origin,BASE,calibration,1,2,spectral_core,local_partition_rf,0,0.01,0,0.01
3258,2018-10,2018-06,4,0,True,0.0,master,valid_observed_phase_at_origin,BASE,calibration,1,2,spectral_core,local_partition_rf,0,0.0,0,0.02
3259,2018-10,2018-06,4,0,True,0.0,master,valid_observed_phase_at_origin,BASE,calibration,1,2,spectral_core,local_partition_rf,0,0.0,0,0.0
3260,2018-10,2018-06,4,0,True,0.0,master,valid_observed_phase_at_origin,BASE,calibration,1,2,spectral_core,local_partition_rf,0,0.0,0,0.0
3261,2018-10,2018-06,4,0,True,0.0,master,valid_observed_phase_at_origin,BASE,calibration,1,2,spectral_core,local_partition_rf,0,0.0,0,0.02
3262,2018-10,2018-06,4,0,True,0.0,master,valid_observed_phase_at_origin,BASE,calibration,1,2,spectral_core,local_partition_rf,0,0.01,0,0.01
3263,2018-10,2018-06,4,0,True,0.0,master,valid_observed_phase_at_origin,BASE,calibration,1,2,spectral_core,local_partition_rf,0,0.01,0,0.01
3264,2018-10,2018-06,4,0,True,0.0,master,valid_observed_phase_at_origin,BASE,calibration,1,2,spectral_core,local_partition_rf,0,0.01,0,0.0
3265,2018-10,2018-06,4,0,True,0.0,master,valid_observed_phase_at_origin,BASE,calibration,1,2,spectral_core,local_partition_rf,0,0.0,0,0.0
3266,2018-10,2018-06,4,0,True,0.0,master,valid_observed_phase_at_origin,BASE,calibration,1,2,spectral_core,local_partition_rf,0,0.0,0,0.01
3267,2018-10,2018-06,4,0,True,0.0,master,valid_observed_phase_at_origin,BASE,calibration,1,2,spectral_core,local_partition_rf,0,0.0,0,0.0
3268,2018-10,2018-06,4,0,True,0.0,master,valid_observed_phase_at_origin,BASE,calibration,1,2,spectral_core,local_partition_rf,0,0.0,0,0.01
3269,2018-10,2018-06,4,0,True,0.0,master,valid_observed_phase_at_origin,BASE,calibration,1,2,spectral_core,local_partition_rf,0,0.0,0,0.0
3270,2018-10,2018-06,4,0,True,0.0,master,valid_observed_phase_at_origin,BASE,calibration,1,2,spectral_core,local_partition_rf,0,0.01,0,0.0
3271,2018-10,2018-06,4,0,True,0.0,master,valid_observed_phase_at_origin,BASE,calibration,1,2,spectral_core,local_partition_rf,0,0.0,0,0.01
3272,2018-10,2018-06,4,0,True,0.0,master,valid_observed_phase_at_origin,BASE,calibration,1,2,spectral_core,local_partition_rf,0,0.0,0,0.0
3273,2018-10,2018-06,4,0,True,0.0,master,valid_observed_phase_at_origin,BASE,calibration,1,2,spectral_core,local_partition_rf,0,0.0,0,0.0
3274,2018-10,2018-06,4,0,True,0.0,master,valid_observed_phase_at_origin,BASE,calibration,1,2,spectral_core,local_partition_rf,0,0.01,0,0.0
3275,2018-10,2018-06,4,0,True,0.0,master,valid_observed_phase_at_origin,BASE,calibration,1,2,spectral_core,local_partition_rf,0,0.01,0,0.02
3276,2018-10,2018-06,4,0,True,0.0,master,valid_observed_phase_at_origin,BASE,calibration,1,2,spectral_core,local_partition_rf,0,0.01,0,0.01
3277,2018-10,2018-06,4,0,True,0.0,master,valid_observed_phase_at_origin,BASE,calibration,1,2,spectral_core,local_partition_rf,0,0.01,0,0.01
3278,2018-10,2018-06,4,0,True,0.0,master,valid_observed_phase_at_origin,BASE,calibration,1,2,spectral_core,local_partition_rf,0,0.0,0,0.01
3279,2018-10,2018-06,4,0,True,0.0,master,valid_observed_phase_at_origin,BASE,calibration,1,2,spectral_core,local_partition_rf,0,0.01,0,0.01
3280,2018-10,2018-06,4,0,True,0.0,master,valid_observed_phase_at_origin,BASE,calibration,1,2,spectral_core,local_partition_rf,0,0.0,0,0.0
3281,2018-10,2018-06,4,0,True,0.0,master,valid_observed_phase_at_origin,BASE,calibration,1,2,spectral_core,local_partition_rf,0,0.0,0,0.0
3282,2018-10,2018-06,4,0,True,0.0,master,valid_observed_phase_at_origin,BASE,calibration,1,2,spectral_core,local_partition_rf,0,0.0,0,0.04
3283,2018-10,2018-06,4,0,True,0.0,master,valid_observed_phase_at_origin,BASE,calibration,1,2,spectral_core,local_partition_rf,0,0.01,0,0.02
3284,2018-10,2018-06,4,0,True,0.0,master,valid_observed_phase_at_origin,BASE,calibration,1,2,spectral_core,local_partition_rf,0,0.0,0,0.01
3285,2018-10,2018-06,4,0,True,0.0,master,valid_observed_phase_at_origin,BASE,calibration,1,2,spectral_core,local_partition_rf,0,0.0,0,0.02
3286,2018-10,2018-06,4,0,True,0.0,master,valid_observed_phase_at_origin,BASE,calibration,1,2,spectral_core,local_partition_rf,0,0.0,0,0.01
3287,2018-10,2018-06,4,0,True,0.0,master,valid_observed_phase_at_origin,BASE,calibration,1,2,spectral_core,local_partition_rf,0,0.0,0,0.0
3288,2018-10,2018-06,4,0,True,0.0,master,valid_observed_phase_at_origin,BASE,calibration,1,2,spectral_core,local_partition_rf,0,0.01,0,0.01
3289,2018-10,2018-06,4,0,True,0.0,master,valid_observed_phase_at_origin,BASE,calibration,1,2,spectral_core,local_partition_rf,0,0.0,0,0.01
3290,2018-10,2018-06,4,0,True,0.0,master,valid_observed_phase_at_origin,BASE,calibration,1,2,spectral_core,local_partition_rf,0,0.0,0,0.03
3291,2018-10,2018-06,4,0,True,0.0,master,valid_observed_phase_at_origin,BASE,calibration,1,2,spectral_core,local_partition_rf,0,0.0,0,0.0
3292,2018-10,2018-06,4,0,True,0.0,master,valid_observed_phase_at_origin,BASE,calibration,1,2,spectral_core,local_partition_rf,0,0.01,0,0.01
3293,2018-10,2018-06,4,0,True,0.0,master,valid_observed_phase_at_origin,BASE,calibration,1,2,spectral_core,local_partition_rf,0,0.0,0,0.03
3294,2018-10,2018-06,4,0,True,0.0,master,valid_observed_phase_at_origin,BASE,calibration,1,2,spectral_core,local_partition_rf,0,0.01,0,0.02
3295,2018-10,2018-06,4,0,True,0.0,master,valid_observed_phase_at_origin,BASE,calibration,1,2,spectral_core,local_partition_rf,0,0.0,0,0.01
3296,2018-10,2018-06,4,0,True,0.0,master,valid_observed_phase_at_origin,BASE,calibration,1,2,spectral_core,local_partition_rf,0,0.0,0,0.0
3297,2018-10,2018-06,4,0,True,0.0,master,valid_observed_phase_at_origin,BASE,calibration,1,2,spectral_core,local_partition_rf,0,0.0,0,0.0
3298,2018-10,2018-06,4,0,True,0.0,master,valid_observed_phase_at_origin,BASE,calibration,1,2,spectral_core,local_partition_rf,0,0.0,0,0.04
3299,2018-10,2018-06,4,0,True,0.0,master,valid_observed_phase_at_origin,BASE,calibration,1,2,spectral_core,local_partition_rf,0,0.04,0,0.02
3300,2018-10,2018-06,4,0,True,0.0,master,valid_observed_phase_at_origin,BASE,calibration,1,2,spectral_core,local_partition_rf,0,0.01,0,0.06
3301,2018-10,2018-06,4,0,True,0.0,master,valid_observed_phase_at_origin,BASE,calibration,1,2,spectral_core,local_partition_rf,0,0.01,0,0.02
3302,2018-10,2018-06,4,0,True,0.0,master,valid_observed_phase_at_origin,BASE,calibration,1,2,spectral_core,local_partition_rf,0,0.0,0,0.01
3303,2018-10,2018-06,4,0,True,0.0,master,valid_observed_phase_at_origin,BASE,calibration,1,2,spectral_core,local_partition_rf,0,0.0,0,0.01
3304,2018-10,2018-06,4,0,True,0.0,master,valid_observed_phase_at_origin,BASE,calibration,1,2,spectral_core,local_partition_rf,0,0.0,0,0.02
3305,2018-10,2018-06,4,0,True,0.0,master,valid_observed_phase_at_origin,BASE,calibration,1,2,spectral_core,local_partition_rf,0,0.0,0,0.01
3306,2018-10,2018-06,4,0,True,0.0,master,valid_observed_phase_at_origin,BASE,calibration,1,2,spectral_core,local_partition_rf,0,0.0,0,0.03
3307,2018-10,2018-06,4,0,True,0.0,master,valid_observed_phase_at_origin,BASE,calibration,1,2,spectral_core,local_partition_rf,0,0.01,0,0.01
3308,2018-10,2018-06,4,0,True,0.0,master,valid_observed_phase_at_origin,BASE,calibration,1,2,spectral_core,local_partition_rf,0,0.01,0,0.05
3309,2018-10,2018-06,4,0,True,0.0,master,valid_observed_phase_at_origin,BASE,calibration,1,16,spectral_core,local_partition_rf,0,0.05,0,0.02
3310,2018-10,2018-06,4,0,True,0.0,master,valid_observed_phase_at_origin,BASE,calibration,1,2,spectral_core,local_partition_rf,0,0.01,0,0.03
3311,2018-10,2018-06,4,0,True,0.0,master,valid_observed_phase_at_origin,BASE,calibration,1,2,spectral_core,local_partition_rf,0,0.01,0,0.03
3312,2018-10,2018-06,4,0,True,0.0,master,valid_observed_phase_at_origin,BASE,calibration,1,2,spectral_core,local_partition_rf,0,0.0,0,0.03
3313,2018-10,2018-06,4,0,True,0.0,master,valid_observed_phase_at_origin,BASE,calibration,1,2,spectral_core,local_partition_rf,0,0.01,0,0.0
3314,2018-10,2018-06,4,0,True,0.0,master,valid_observed_phase_at_origin,BASE,calibration,1,2,spectral_core,local_partition_rf,0,0.01,0,0.01
3315,2018-10,2018-06,4,0,True,0.0,master,valid_observed_phase_at_origin,BASE,calibration,1,2,spectral_core,local_partition_rf,0,0.0,0,0.0
3316,2018-10,2018-06,4,0,True,0.0,master,valid_observed_phase_at_origin,BASE,calibration,1,2,spectral_core,local_partition_rf,0,0.01,0,0.05
3317,2018-10,2018-06,4,0,True,0.0,master,valid_observed_phase_at_origin,BASE,calibration,1,2,spectral_core,local_partition_rf,0,0.0,0,0.04
3318,2018-10,2018-06,4,0,True,0.0,master,valid_observed_phase_at_origin,BASE,calibration,1,2,spectral_core,local_partition_rf,0,0.01,0,0.02
3319,2018-10,2018-06,4,0,True,0.0,master,valid_observed_phase_at_origin,BASE,calibration,1,-1,unassigned_nearest_donor_beyond_100km,pooled_unassigned_area,0,0.1,0,0.1
3320,2018-10,2018-06,4,0,True,0.0,master,valid_observed_phase_at_origin,BASE,calibration,1,-1,unassigned_nearest_donor_beyond_100km,pooled_unassigned_area,0,0.07,0,0.07
3321,2018-10,2018-06,4,0,True,0.0,master,valid_observed_phase_at_origin,BASE,calibration,1,-1,unassigned_nearest_donor_beyond_100km,pooled_unassigned_area,0,0.12,0,0.12
3322,2018-10,2018-06,4,0,True,0.0,master,valid_observed_phase_at_origin,BASE,calibration,1,-1,unassigned_nearest_donor_beyond_100km,pooled_unassigned_area,0,0.09,0,0.09
3323,2018-10,2018-06,4,0,True,0.0,master,valid_observed_phase_at_origin,BASE,calibration,1,-1,unassigned_nearest_donor_beyond_100km,pooled_unassigned_area,0,0.1,0,0.1
3324,2018-10,2018-06,4,0,True,0.0,master,valid_observed_phase_at_origin,BASE,calibration,1,-1,unassigned_nearest_donor_beyond_100km,pooled_unassigned_area,0,0.16,0,0.16
3325,2018-10,2018-06,4,0,True,0.0,master,valid_observed_phase_at_origin,BASE,calibration,1,-1,unassigned_nearest_donor_beyond_100km,pooled_unassigned_area,0,0.15,0,0.15
3326,2018-10,2018-06,4,0,True,0.0,master,valid_observed_phase_at_origin,BASE,calibration,1,-1,unassigned_nearest_donor_beyond_100km,pooled_unassigned_area,0,0.11,0,0.11
3327,2018-10,2018-06,4,0,True,0.0,master,valid_observed_phase_at_origin,BASE,calibration,1,-1,unassigned_nearest_donor_beyond_100km,pooled_unassigned_area,0,0.1,0,0.1
3328,2018-10,2018-06,4,0,True,0.0,master,valid_observed_phase_at_origin,BASE,calibration,1,-1,unassigned_nearest_donor_beyond_100km,pooled_unassigned_area,0,0.07,0,0.07
3329,2018-10,2018-06,4,0,True,0.0,master,valid_observed_phase_at_origin,BASE,calibration,1,-1,unassigned_nearest_donor_beyond_100km,pooled_unassigned_area,0,0.1,0,0.1
3330,2018-10,2018-06,4,0,True,0.0,master,valid_observed_phase_at_origin,BASE,calibration,1,-1,unassigned_nearest_donor_beyond_100km,pooled_unassigned_area,0,0.03,0,0.03
3331,2018-10,2018-06,4,1,True,0.0,master,valid_observed_phase_at_origin,BASE,calibration,1,-1,unassigned_nearest_donor_beyond_100km,pooled_unassigned_area,0,0.19,0,0.19
3332,2018-10,2018-06,4,1,True,0.0,master,valid_observed_phase_at_origin,BASE,calibration,1,-1,unassigned_nearest_donor_beyond_100km,pooled_unassigned_area,0,0.22,0,0.22
3333,2018-10,2018-06,4,1,True,1.0,master,valid_observed_phase_at_origin,BASE,calibration,1,-1,unassigned_nearest_donor_beyond_100km,pooled_unassigned_area,0,0.27,0,0.27
3334,2018-10,2018-06,4,1,True,1.0,master,valid_observed_phase_at_origin,BASE,calibration,1,-1,unassigned_nearest_donor_beyond_100km,pooled_unassigned_area,0,0.22,0,0.22
3335,2018-10,2018-06,4,1,True,0.0,master,valid_observed_phase_at_origin,BASE,calibration,1,-1,unassigned_nearest_donor_beyond_100km,pooled_unassigned_area,0,0.21,0,0.21
3336,2018-10,2018-06,4,1,True,1.0,master,valid_observed_phase_at_origin,BASE,calibration,1,-1,unassigned_nearest_donor_beyond_100km,pooled_unassigned_area,0,0.26,0,0.26
3337,2018-10,2018-06,4,0,True,0.0,master,valid_observed_phase_at_origin,BASE,calibration,1,-1,unassigned_nearest_donor_beyond_100km,pooled_unassigned_area,0,0.05,0,0.05
3338,2018-10,2018-06,4,0,True,0.0,master,valid_observed_phase_at_origin,BASE,calibration,1,-1,unassigned_nearest_donor_beyond_100km,pooled_unassigned_area,0,0.05,0,0.05
3339,2018-10,2018-06,4,0,True,0.0,master,valid_observed_phase_at_origin,BASE,calibration,1,-1,unassigned_nearest_donor_beyond_100km,pooled_unassigned_area,0,0.06,0,0.06
3340,2018-10,2018-06,4,0,True,0.0,master,valid_observed_phase_at_origin,BASE,calibration,1,-1,unassigned_nearest_donor_beyond_100km,pooled_unassigned_area,0,0.05,0,0.05
3341,2018-10,2018-06,4,0,True,0.0,master,valid_observed_phase_at_origin,BASE,calibration,1,-1,unassigned_nearest_donor_beyond_100km,pooled_unassigned_area,0,0.08,0,0.08
3342,2018-10,2018-06,4,0,True,0.0,master,valid_observed_phase_at_origin,BASE,calibration,1,-1,unassigned_nearest_donor_beyond_100km,pooled_unassigned_area,0,0.05,0,0.05
3343,2018-10,2018-06,4,0,True,0.0,master,valid_observed_phase_at_origin,BASE,calibration,1,-1,unassigned_nearest_donor_beyond_100km,pooled_unassigned_area,0,0.07,0,0.07
3344,2018-10,2018-06,4,0,True,0.0,master,valid_observed_phase_at_origin,BASE,calibration,1,-1,unassigned_nearest_donor_beyond_100km,pooled_unassigned_area,0,0.07,0,0.07
3345,2018-10,2018-06,4,0,True,0.0,master,valid_observed_phase_at_origin,BASE,calibration,1,-1,unassigned_nearest_donor_beyond_100km,pooled_unassigned_area,0,0.21,0,0.21
3346,2018-10,2018-06,4,0,True,0.0,master,valid_observed_phase_at_origin,BASE,calibration,1,-1,unassigned_nearest_donor_beyond_100km,pooled_unassigned_area,0,0.11,0,0.11
3347,2018-10,2018-06,4,0,True,0.0,master,valid_observed_phase_at_origin,BASE,calibration,1,-1,unassigned_nearest_donor_beyond_100km,pooled_unassigned_area,0,0.05,0,0.05
3348,2018-10,2018-06,4,0,True,0.0,master,valid_observed_phase_at_origin,BASE,calibration,1,-1,unassigned_nearest_donor_beyond_100km,pooled_unassigned_area,0,0.11,0,0.11
3349,2018-10,2018-06,4,0,True,0.0,master,valid_observed_phase_at_origin,BASE,calibration,1,-1,unassigned_nearest_donor_beyond_100km,pooled_unassigned_area,0,0.15,0,0.15
3350,2018-10,2018-06,4,0,True,0.0,master,valid_observed_phase_at_origin,BASE,calibration,1,-1,unassigned_nearest_donor_beyond_100km,pooled_unassigned_area,0,0.02,0,0.02
3351,2018-10,2018-06,4,0,True,0.0,master,valid_observed_phase_at_origin,BASE,calibration,1,-1,unassigned_nearest_donor_beyond_100km,pooled_unassigned_area,0,0.14,0,0.14
3352,2018-10,2018-06,4,0,True,0.0,master,valid_observed_phase_at_origin,BASE,calibration,1,-1,unassigned_nearest_donor_beyond_100km,pooled_unassigned_area,0,0.05,0,0.05
3353,2018-10,2018-06,4,0,True,0.0,master,valid_observed_phase_at_origin,BASE,calibration,1,-1,unassigned_nearest_donor_beyond_100km,pooled_unassigned_area,0,0.14,0,0.14
3354,2018-10,2018-06,4,0,True,0.0,master,valid_observed_phase_at_origin,BASE,calibration,1,-1,unassigned_nearest_donor_beyond_100km,pooled_unassigned_area,0,0.1,0,0.1
3355,2018-10,2018-06,4,0,True,0.0,master,valid_observed_phase_at_origin,BASE,calibration,1,-1,unassigned_nearest_donor_beyond_100km,pooled_unassigned_area,0,0.16,0,0.16
3356,2018-10,2018-06,4,0,True,0.0,master,valid_observed_phase_at_origin,BASE,calibration,1,-1,unassigned_nearest_donor_beyond_100km,pooled_unassigned_area,0,0.13,0,0.13
3357,2018-10,2018-06,4,0,True,0.0,master,valid_observed_phase_at_origin,BASE,calibration,1,-1,unassigned_nearest_donor_beyond_100km,pooled_unassigned_area,0,0.12,0,0.12
3358,2018-10,2018-06,4,0,True,0.0,master,valid_observed_phase_at_origin,BASE,calibration,1,-1,unassigned_nearest_donor_beyond_100km,pooled_unassigned_area,0,0.07,0,0.07
3359,2018-10,2018-06,4,0,True,0.0,master,valid_observed_phase_at_origin,BASE,calibration,1,-1,unassigned_nearest_donor_beyond_100km,pooled_unassigned_area,0,0.05,0,0.05
3360,2018-10,2018-06,4,0,True,0.0,master,valid_observed_phase_at_origin,BASE,calibration,1,-1,unassigned_nearest_donor_beyond_100km,pooled_unassigned_area,0,0.05,0,0.05
3361,2018-10,2018-06,4,0,True,0.0,master,valid_observed_phase_at_origin,BASE,calibration,1,-1,unassigned_nearest_donor_beyond_100km,pooled_unassigned_area,0,0.05,0,0.05
3362,2018-10,2018-06,4,0,True,0.0,master,valid_observed_phase_at_origin,BASE,calibration,1,-1,unassigned_nearest_donor_beyond_100km,pooled_unassigned_area,0,0.07,0,0.07
3363,2018-10,2018-06,4,0,True,0.0,master,valid_observed_phase_at_origin,BASE,calibration,1,-1,unassigned_nearest_donor_beyond_100km,pooled_unassigned_area,0,0.06,0,0.06
3364,2018-10,2018-06,4,0,True,0.0,master,valid_observed_phase_at_origin,BASE,calibration,1,-1,unassigned_nearest_donor_beyond_100km,pooled_unassigned_area,0,0.06,0,0.06
3365,2018-10,2018-06,4,0,True,0.0,master,valid_observed_phase_at_origin,BASE,calibration,1,-1,unassigned_nearest_donor_beyond_100km,pooled_unassigned_area,0,0.1,0,0.1
3366,2018-10,2018-06,4,0,True,0.0,master,valid_observed_phase_at_origin,BASE,calibration,1,-1,unassigned_nearest_donor_beyond_100km,pooled_unassigned_area,0,0.06,0,0.06
3367,2018-10,2018-06,4,0,True,0.0,master,valid_observed_phase_at_origin,BASE,calibration,1,-1,unassigned_nearest_donor_beyond_100km,pooled_unassigned_area,0,0.02,0,0.02
3368,2018-10,2018-06,4,0,True,0.0,master,valid_observed_phase_at_origin,BASE,calibration,1,-1,unassigned_nearest_donor_beyond_100km,pooled_unassigned_area,0,0.05,0,0.05
3369,2018-10,2018-06,4,0,True,0.0,master,valid_observed_phase_at_origin,BASE,calibration,1,-1,unassigned_nearest_donor_beyond_100km,pooled_unassigned_area,0,0.02,0,0.02
3370,2018-10,2018-06,4,0,True,0.0,master,valid_observed_phase_at_origin,BASE,calibration,1,-1,unassigned_nearest_donor_beyond_100km,pooled_unassigned_area,0,0.05,0,0.05
3371,2018-10,2018-06,4,0,True,0.0,master,valid_observed_phase_at_origin,BASE,calibration,1,-1,unassigned_nearest_donor_beyond_100km,pooled_unassigned_area,0,0.1,0,0.1
3372,2018-10,2018-06,4,0,True,0.0,master,valid_observed_phase_at_origin,BASE,calibration,1,-1,unassigned_nearest_donor_beyond_100km,pooled_unassigned_area,0,0.03,0,0.03
3373,2018-10,2018-06,4,0,True,0.0,master,valid_observed_phase_at_origin,BASE,calibration,1,-1,unassigned_nearest_donor_beyond_100km,pooled_unassigned_area,0,0.08,0,0.08
3374,2018-10,2018-06,4,0,True,0.0,master,valid_observed_phase_at_origin,BASE,calibration,1,-1,unassigned_nearest_donor_beyond_100km,pooled_unassigned_area,0,0.06,0,0.06
3375,2018-10,2018-06,4,0,True,0.0,master,valid_observed_phase_at_origin,BASE,calibration,1,-1,unassigned_nearest_donor_beyond_100km,pooled_unassigned_area,0,0.08,0,0.08
3376,2018-10,2018-06,4,0,True,0.0,master,valid_observed_phase_at_origin,BASE,calibration,1,-1,unassigned_nearest_donor_beyond_100km,pooled_unassigned_area,0,0.05,0,0.05
3377,2018-10,2018-06,4,0,True,0.0,master,valid_observed_phase_at_origin,BASE,calibration,1,-1,unassigned_nearest_donor_beyond_100km,pooled_unassigned_area,0,0.06,0,0.06
3378,2018-10,2018-06,4,0,True,0.0,master,valid_observed_phase_at_origin,BASE,calibration,1,-1,unassigned_nearest_donor_beyond_100km,pooled_unassigned_area,0,0.03,0,0.03
3379,2018-10,2018-06,4,0,True,0.0,master,valid_observed_phase_at_origin,BASE,calibration,1,-1,unassigned_nearest_donor_beyond_100km,pooled_unassigned_area,0,0.04,0,0.04
3380,2018-10,2018-06,4,0,True,0.0,master,valid_observed_phase_at_origin,BASE,calibration,1,-1,unassigned_nearest_donor_beyond_100km,pooled_unassigned_area,0,0.04,0,0.04
3381,2018-10,2018-06,4,0,True,0.0,master,valid_observed_phase_at_origin,BASE,calibration,1,-1,unassigned_nearest_donor_beyond_100km,pooled_unassigned_area,0,0.05,0,0.05
3382,2018-10,2018-06,4,0,True,0.0,master,valid_observed_phase_at_origin,BASE,calibration,1,-1,unassigned_nearest_donor_beyond_100km,pooled_unassigned_area,0,0.07,0,0.07
3383,2018-10,2018-06,4,0,True,0.0,master,valid_observed_phase_at_origin,BASE,calibration,1,-1,unassigned_nearest_donor_beyond_100km,pooled_unassigned_area,0,0.03,0,0.03
3384,2018-10,2018-06,4,0,True,0.0,master,valid_observed_phase_at_origin,BASE,calibration,1,-1,unassigned_nearest_donor_beyond_100km,pooled_unassigned_area,0,0.09,0,0.09
3385,2018-10,2018-06,4,0,True,0.0,master,valid_observed_phase_at_origin,BASE,calibration,1,-1,unassigned_nearest_donor_beyond_100km,pooled_unassigned_area,0,0.06,0,0.06
3386,2018-10,2018-06,4,0,True,0.0,master,valid_observed_phase_at_origin,BASE,calibration,1,-1,unassigned_nearest_donor_beyond_100km,pooled_unassigned_area,0,0.16,0,0.16
3387,2018-10,2018-06,4,0,True,0.0,master,valid_observed_phase_at_origin,BASE,calibration,1,-1,unassigned_nearest_donor_beyond_100km,pooled_unassigned_area,0,0.05,0,0.05
3388,2018-10,2018-06,4,0,True,0.0,master,valid_observed_phase_at_origin,BASE,calibration,1,-1,unassigned_nearest_donor_beyond_100km,pooled_unassigned_area,0,0.11,0,0.11
3389,2018-10,2018-06,4,0,True,0.0,master,valid_observed_phase_at_origin,BASE,calibration,1,-1,unassigned_nearest_donor_beyond_100km,pooled_unassigned_area,0,0.15,0,0.15
3390,2018-10,2018-06,4,0,True,0.0,master,valid_observed_phase_at_origin,BASE,calibration,1,-1,unassigned_nearest_donor_beyond_100km,pooled_unassigned_area,0,0.18,0,0.18
3391,2018-10,2018-06,4,0,True,0.0,master,valid_observed_phase_at_origin,BASE,calibration,1,-1,unassigned_nearest_donor_beyond_100km,pooled_unassigned_area,0,0.17,0,0.17
3392,2018-10,2018-06,4,0,True,0.0,master,valid_observed_phase_at_origin,BASE,calibration,1,-1,unassigned_nearest_donor_beyond_100km,pooled_unassigned_area,0,0.09,0,0.09
3393,2018-10,2018-06,4,0,True,0.0,master,valid_observed_phase_at_origin,BASE,calibration,1,-1,unassigned_nearest_donor_beyond_100km,pooled_unassigned_area,0,0.17,0,0.17
3394,2018-10,2018-06,4,0,True,0.0,master,valid_observed_phase_at_origin,BASE,calibration,1,-1,unassigned_nearest_donor_beyond_100km,pooled_unassigned_area,0,0.16,0,0.16
3395,2018-10,2018-06,4,0,True,0.0,master,valid_observed_phase_at_origin,BASE,calibration,1,-1,unassigned_nearest_donor_beyond_100km,pooled_unassigned_area,0,0.26,0,0.26
3396,2018-10,2018-06,4,0,True,0.0,master,valid_observed_phase_at_origin,BASE,calibration,1,-1,unassigned_nearest_donor_beyond_100km,pooled_unassigned_area,0,0.15,0,0.15
3397,2018-10,2018-06,4,0,True,0.0,master,valid_observed_phase_at_origin,BASE,calibration,1,-1,unassigned_nearest_donor_beyond_100km,pooled_unassigned_area,0,0.16,0,0.16
3398,2018-10,2018-06,4,1,True,1.0,master,valid_observed_phase_at_origin,BASE,calibration,1,-1,unassigned_nearest_donor_beyond_100km,pooled_unassigned_area,0,0.37,0,0.37
3399,2018-10,2018-06,4,1,True,1.0,master,valid_observed_phase_at_origin,BASE,calibration,1,-1,unassigned_nearest_donor_beyond_100km,pooled_unassigned_area,0,0.19,0,0.19
3400,2018-10,2018-06,4,1,True,1.0,master,valid_observed_phase_at_origin,BASE,calibration,1,-1,unassigned_nearest_donor_beyond_100km,pooled_unassigned_area,0,0.29,0,0.29
3401,2018-10,2018-06,4,1,True,0.0,master,valid_observed_phase_at_origin,BASE,calibration,1,-1,unassigned_nearest_donor_beyond_100km,pooled_unassigned_area,0,0.27,0,0.27
3402,2018-10,2018-06,4,1,True,0.0,master,valid_observed_phase_at_origin,BASE,calibration,1,-1,unassigned_nearest_donor_beyond_100km,pooled_unassigned_area,0,0.32,0,0.32
3403,2018-10,2018-06,4,1,True,1.0,master,valid_observed_phase_at_origin,BASE,calibration,1,-1,unassigned_nearest_donor_beyond_100km,pooled_unassigned_area,0,0.36,0,0.36
3404,2018-10,2018-06,4,1,True,1.0,master,valid_observed_phase_at_origin,BASE,calibration,1,-1,unassigned_nearest_donor_beyond_100km,pooled_unassigned_area,0,0.35,0,0.35
3405,2018-10,2018-06,4,1,True,0.0,master,valid_observed_phase_at_origin,BASE,calibration,1,-1,unassigned_nearest_donor_beyond_100km,pooled_unassigned_area,0,0.22,0,0.22
3406,2018-10,2018-06,4,1,True,1.0,master,valid_observed_phase_at_origin,BASE,calibration,1,-1,unassigned_nearest_donor_beyond_100km,pooled_unassigned_area,0,0.32,0,0.32
3407,2018-10,2018-06,4,1,True,1.0,master,valid_observed_phase_at_origin,BASE,calibration,1,-1,unassigned_nearest_donor_beyond_100km,pooled_unassigned_area,0,0.3,0,0.3
3408,2018-10,2018-06,4,0,True,0.0,master,valid_observed_phase_at_origin,BASE,calibration,1,-1,unassigned_nearest_donor_beyond_100km,pooled_unassigned_area,0,0.03,0,0.03
3409,2018-10,2018-06,4,0,True,0.0,master,valid_observed_phase_at_origin,BASE,calibration,1,-1,unassigned_nearest_donor_beyond_100km,pooled_unassigned_area,0,0.02,0,0.02
3410,2018-10,2018-06,4,0,True,0.0,master,valid_observed_phase_at_origin,BASE,calibration,1,-1,unassigned_nearest_donor_beyond_100km,pooled_unassigned_area,0,0.06,0,0.06
3411,2018-10,2018-06,4,0,True,0.0,master,valid_observed_phase_at_origin,BASE,calibration,1,-1,unassigned_nearest_donor_beyond_100km,pooled_unassigned_area,0,0.03,0,0.03
3412,2018-10,2018-06,4,0,True,0.0,master,valid_observed_phase_at_origin,BASE,calibration,1,-1,unassigned_nearest_donor_beyond_100km,pooled_unassigned_area,0,0.05,0,0.05
3413,2018-10,2018-06,4,0,True,0.0,master,valid_observed_phase_at_origin,BASE,calibration,1,-1,unassigned_nearest_donor_beyond_100km,pooled_unassigned_area,0,0.08,0,0.08
3414,2018-10,2018-06,4,0,True,0.0,master,valid_observed_phase_at_origin,BASE,calibration,1,-1,unassigned_nearest_donor_beyond_100km,pooled_unassigned_area,0,0.07,0,0.07
3415,2018-10,2018-06,4,0,True,0.0,master,valid_observed_phase_at_origin,BASE,calibration,1,-1,unassigned_nearest_donor_beyond_100km,pooled_unassigned_area,0,0.05,0,0.05
3416,2018-10,2018-06,4,0,True,0.0,master,valid_observed_phase_at_origin,BASE,calibration,1,-1,unassigned_nearest_donor_beyond_100km,pooled_unassigned_area,0,0.04,0,0.04
3417,2018-10,2018-06,4,0,True,0.0,master,valid_observed_phase_at_origin,BASE,calibration,1,-1,unassigned_nearest_donor_beyond_100km,pooled_unassigned_area,0,0.04,0,0.04
3418,2018-10,2018-06,4,0,True,0.0,master,valid_observed_phase_at_origin,BASE,calibration,1,-1,unassigned_nearest_donor_beyond_100km,pooled_unassigned_area,0,0.05,0,0.05
3419,2018-10,2018-06,4,0,True,0.0,master,valid_observed_phase_at_origin,BASE,calibration,1,-1,unassigned_nearest_donor_beyond_100km,pooled_unassigned_area,0,0.02,0,0.02
3420,2018-10,2018-06,4,0,True,0.0,master,valid_observed_phase_at_origin,BASE,calibration,1,-1,unassigned_nearest_donor_beyond_100km,pooled_unassigned_area,0,0.08,0,0.08
3421,2018-10,2018-06,4,0,True,0.0,master,valid_observed_phase_at_origin,BASE,calibration,1,-1,unassigned_nearest_donor_beyond_100km,pooled_unassigned_area,0,0.09,0,0.09
3422,2018-10,2018-06,4,0,True,0.0,master,valid_observed_phase_at_origin,BASE,calibration,1,-1,unassigned_nearest_donor_beyond_100km,pooled_unassigned_area,0,0.09,0,0.09
3423,2018-10,2018-06,4,0,True,0.0,master,valid_observed_phase_at_origin,BASE,calibration,1,-1,unassigned_nearest_donor_beyond_100km,pooled_unassigned_area,0,0.1,0,0.1
3424,2018-10,2018-06,4,0,True,0.0,master,valid_observed_phase_at_origin,BASE,calibration,1,-1,unassigned_nearest_donor_beyond_100km,pooled_unassigned_area,0,0.09,0,0.09
3425,2018-10,2018-06,4,0,True,0.0,master,valid_observed_phase_at_origin,BASE,calibration,1,-1,unassigned_nearest_donor_beyond_100km,pooled_unassigned_area,0,0.08,0,0.08
3426,2018-10,2018-06,4,0,True,0.0,master,valid_observed_phase_at_origin,BASE,calibration,1,-1,unassigned_nearest_donor_beyond_100km,pooled_unassigned_area,0,0.06,0,0.06
3427,2018-10,2018-06,4,0,True,0.0,master,valid_observed_phase_at_origin,BASE,calibration,1,-1,unassigned_nearest_donor_beyond_100km,pooled_unassigned_area,0,0.16,0,0.16
3428,2018-10,2018-06,4,0,True,0.0,master,valid_observed_phase_at_origin,BASE,calibration,1,-1,unassigned_nearest_donor_beyond_100km,pooled_unassigned_area,0,0.04,0,0.04
3429,2018-10,2018-06,4,0,True,0.0,master,valid_observed_phase_at_origin,BASE,calibration,1,-1,unassigned_nearest_donor_beyond_100km,pooled_unassigned_area,0,0.16,0,0.16
3430,2018-10,2018-06,4,0,True,0.0,master,valid_observed_phase_at_origin,BASE,calibration,1,-1,unassigned_nearest_donor_beyond_100km,pooled_unassigned_area,0,0.14,0,0.14
3431,2018-10,2018-06,4,0,True,0.0,master,valid_observed_phase_at_origin,BASE,calibration,1,-1,unassigned_nearest_donor_beyond_100km,pooled_unassigned_area,0,0.13,0,0.13
3432,2018-10,2018-06,4,0,True,0.0,master,valid_observed_phase_at_origin,BASE,calibration,1,-1,unassigned_nearest_donor_beyond_100km,pooled_unassigned_area,0,0.06,0,0.06
3433,2018-10,2018-06,4,0,True,0.0,master,valid_observed_phase_at_origin,BASE,calibration,1,-1,unassigned_nearest_donor_beyond_100km,pooled_unassigned_area,0,0.04,0,0.04
3434,2018-10,2018-06,4,0,True,0.0,master,valid_observed_phase_at_origin,BASE,calibration,1,-1,unassigned_nearest_donor_beyond_100km,pooled_unassigned_area,0,0.04,0,0.04
3435,2018-10,2018-06,4,0,True,0.0,master,valid_observed_phase_at_origin,BASE,calibration,1,-1,unassigned_nearest_donor_beyond_100km,pooled_unassigned_area,0,0.09,0,0.09
3436,2018-10,2018-06,4,0,True,0.0,master,valid_observed_phase_at_origin,BASE,calibration,1,-1,unassigned_nearest_donor_beyond_100km,pooled_unassigned_area,0,0.17,0,0.17
3437,2018-10,2018-06,4,0,True,0.0,master,valid_observed_phase_at_origin,BASE,calibration,1,-1,unassigned_nearest_donor_beyond_100km,pooled_unassigned_area,0,0.08,0,0.08
3438,2018-10,2018-06,4,0,True,0.0,master,valid_observed_phase_at_origin,BASE,calibration,1,-1,unassigned_nearest_donor_beyond_100km,pooled_unassigned_area,0,0.05,0,0.05
3439,2018-10,2018-06,4,0,True,0.0,master,valid_observed_phase_at_origin,BASE,calibration,1,-1,unassigned_nearest_donor_beyond_100km,pooled_unassigned_area,0,0.06,0,0.06
3440,2018-10,2018-06,4,0,True,0.0,master,valid_observed_phase_at_origin,BASE,calibration,1,-1,unassigned_nearest_donor_beyond_100km,pooled_unassigned_area,0,0.02,0,0.02
3441,2018-10,2018-06,4,0,True,0.0,master,valid_observed_phase_at_origin,BASE,calibration,1,-1,unassigned_nearest_donor_beyond_100km,pooled_unassigned_area,0,0.04,0,0.04
3442,2018-10,2018-06,4,0,True,0.0,master,valid_observed_phase_at_origin,BASE,calibration,1,-1,unassigned_nearest_donor_beyond_100km,pooled_unassigned_area,0,0.07,0,0.07
3443,2018-10,2018-06,4,0,True,0.0,master,valid_observed_phase_at_origin,BASE,calibration,1,-1,unassigned_nearest_donor_beyond_100km,pooled_unassigned_area,0,0.12,0,0.12
3444,2018-10,2018-06,4,0,True,0.0,master,valid_observed_phase_at_origin,BASE,calibration,1,-1,unassigned_nearest_donor_beyond_100km,pooled_unassigned_area,0,0.08,0,0.08
3445,2018-10,2018-06,4,0,True,0.0,master,valid_observed_phase_at_origin,BASE,calibration,1,-1,unassigned_nearest_donor_beyond_100km,pooled_unassigned_area,0,0.04,0,0.04
3446,2018-10,2018-06,4,0,True,0.0,master,valid_observed_phase_at_origin,BASE,calibration,1,-1,unassigned_nearest_donor_beyond_100km,pooled_unassigned_area,0,0.05,0,0.05
3447,2018-10,2018-06,4,0,True,0.0,master,valid_observed_phase_at_origin,BASE,calibration,1,-1,unassigned_nearest_donor_beyond_100km,pooled_unassigned_area,0,0.1,0,0.1
3448,2018-10,2018-06,4,0,True,0.0,master,valid_observed_phase_at_origin,BASE,calibration,1,-1,unassigned_nearest_donor_beyond_100km,pooled_unassigned_area,0,0.12,0,0.12
3449,2018-10,2018-06,4,0,True,0.0,master,valid_observed_phase_at_origin,BASE,calibration,1,-1,unassigned_nearest_donor_beyond_100km,pooled_unassigned_area,0,0.19,0,0.19
3450,2018-10,2018-06,4,0,True,0.0,master,valid_observed_phase_at_origin,BASE,calibration,1,-1,unassigned_nearest_donor_beyond_100km,pooled_unassigned_area,0,0.13,0,0.13
3451,2018-10,2018-06,4,0,True,0.0,master,valid_observed_phase_at_origin,BASE,calibration,1,-1,unassigned_nearest_donor_beyond_100km,pooled_unassigned_area,0,0.23,0,0.23
3452,2018-10,2018-06,4,0,True,0.0,master,valid_observed_phase_at_origin,BASE,calibration,1,-1,unassigned_nearest_donor_beyond_100km,pooled_unassigned_area,0,0.16,0,0.16
3453,2018-10,2018-06,4,1,True,0.0,master,valid_observed_phase_at_origin,BASE,calibration,1,-1,unassigned_nearest_donor_beyond_100km,pooled_unassigned_area,0,0.24,0,0.24
3454,2018-10,2018-06,4,1,True,1.0,master,valid_observed_phase_at_origin,BASE,calibration,1,-1,unassigned_nearest_donor_beyond_100km,pooled_unassigned_area,0,0.22,0,0.22
3455,2018-10,2018-06,4,0,True,0.0,master,valid_observed_phase_at_origin,BASE,calibration,1,-1,unassigned_nearest_donor_beyond_100km,pooled_unassigned_area,0,0.05,0,0.05
3456,2018-10,2018-06,4,0,True,0.0,master,valid_observed_phase_at_origin,BASE,calibration,1,-1,unassigned_nearest_donor_beyond_100km,pooled_unassigned_area,0,0.04,0,0.04
3457,2018-10,2018-06,4,0,True,0.0,master,valid_observed_phase_at_origin,BASE,calibration,1,-1,unassigned_nearest_donor_beyond_100km,pooled_unassigned_area,0,0.07,0,0.07
3458,2018-10,2018-06,4,0,True,0.0,master,valid_observed_phase_at_origin,BASE,calibration,1,-1,unassigned_nearest_donor_beyond_100km,pooled_unassigned_area,0,0.05,0,0.05
3459,2018-10,2018-06,4,0,True,0.0,master,valid_observed_phase_at_origin,BASE,calibration,1,-1,unassigned_nearest_donor_beyond_100km,pooled_unassigned_area,0,0.07,0,0.07
3460,2018-10,2018-06,4,0,True,0.0,master,valid_observed_phase_at_origin,BASE,calibration,1,-1,unassigned_nearest_donor_beyond_100km,pooled_unassigned_area,0,0.05,0,0.05
3461,2018-10,2018-06,4,0,True,0.0,master,valid_observed_phase_at_origin,BASE,calibration,1,-1,unassigned_nearest_donor_beyond_100km,pooled_unassigned_area,0,0.05,0,0.05
3462,2018-10,2018-06,4,0,True,0.0,master,valid_observed_phase_at_origin,BASE,calibration,1,-1,unassigned_nearest_donor_beyond_100km,pooled_unassigned_area,0,0.11,0,0.11
3463,2018-10,2018-06,4,0,True,0.0,master,valid_observed_phase_at_origin,BASE,calibration,1,-1,unassigned_nearest_donor_beyond_100km,pooled_unassigned_area,0,0.22,0,0.22
3464,2018-10,2018-06,4,0,True,0.0,master,valid_observed_phase_at_origin,BASE,calibration,1,-1,unassigned_nearest_donor_beyond_100km,pooled_unassigned_area,0,0.17,0,0.17
3465,2018-10,2018-06,4,0,True,0.0,master,valid_observed_phase_at_origin,BASE,calibration,1,-1,unassigned_nearest_donor_beyond_100km,pooled_unassigned_area,0,0.16,0,0.16
3466,2018-10,2018-06,4,0,True,0.0,master,valid_observed_phase_at_origin,BASE,calibration,1,-1,unassigned_nearest_donor_beyond_100km,pooled_unassigned_area,0,0.1,0,0.1
3467,2018-10,2018-06,4,0,True,0.0,master,valid_observed_phase_at_origin,BASE,calibration,1,-1,unassigned_nearest_donor_beyond_100km,pooled_unassigned_area,0,0.12,0,0.12
3468,2018-10,2018-06,4,0,True,0.0,master,valid_observed_phase_at_origin,BASE,calibration,1,-1,unassigned_nearest_donor_beyond_100km,pooled_unassigned_area,0,0.09,0,0.09
3469,2018-10,2018-06,4,0,True,0.0,master,valid_observed_phase_at_origin,BASE,calibration,1,-1,unassigned_nearest_donor_beyond_100km,pooled_unassigned_area,0,0.18,0,0.18
3470,2018-10,2018-06,4,0,True,0.0,master,valid_observed_phase_at_origin,BASE,calibration,1,-1,unassigned_nearest_donor_beyond_100km,pooled_unassigned_area,0,0.17,0,0.17
3471,2018-10,2018-06,4,0,True,0.0,master,valid_observed_phase_at_origin,BASE,calibration,1,-1,unassigned_nearest_donor_beyond_100km,pooled_unassigned_area,0,0.17,0,0.17
3472,2018-10,2018-06,4,0,True,0.0,master,valid_observed_phase_at_origin,BASE,calibration,1,-1,unassigned_nearest_donor_beyond_100km,pooled_unassigned_area,0,0.08,0,0.08
3473,2018-10,2018-06,4,0,True,0.0,master,valid_observed_phase_at_origin,BASE,calibration,1,10,spectral_core,pooled_partition_below_support_gate,0,0.03,0,0.03
3474,2018-10,2018-06,4,0,True,0.0,master,valid_observed_phase_at_origin,BASE,calibration,1,10,spectral_core,pooled_partition_below_support_gate,0,0.05,0,0.05
3475,2018-10,2018-06,4,0,True,0.0,master,valid_observed_phase_at_origin,BASE,calibration,1,10,spectral_core,pooled_partition_below_support_gate,0,0.08,0,0.08
3476,2018-10,2018-06,4,0,True,0.0,master,valid_observed_phase_at_origin,BASE,calibration,1,10,spectral_core,pooled_partition_below_support_gate,0,0.06,0,0.06
3477,2018-10,2018-06,4,0,True,0.0,master,valid_observed_phase_at_origin,BASE,calibration,1,10,spectral_core,pooled_partition_below_support_gate,0,0.11,0,0.11
3478,2018-10,2018-06,4,0,True,0.0,master,valid_observed_phase_at_origin,BASE,calibration,1,10,spectral_core,pooled_partition_below_support_gate,0,0.04,0,0.04
3479,2018-10,2018-06,4,0,True,0.0,master,valid_observed_phase_at_origin,BASE,calibration,1,10,spectral_core,pooled_partition_below_support_gate,0,0.07,0,0.07
3480,2018-10,2018-06,4,0,True,0.0,master,valid_observed_phase_at_origin,BASE,calibration,1,10,spectral_core,pooled_partition_below_support_gate,0,0.03,0,0.03
3481,2018-10,2018-06,4,0,True,0.0,master,valid_observed_phase_at_origin,BASE,calibration,1,10,spectral_core,pooled_partition_below_support_gate,0,0.05,0,0.05
3482,2018-10,2018-06,4,0,True,1.0,master,valid_observed_phase_at_origin,BASE,calibration,1,8,spectral_core,local_partition_rf,0,0.37,0,0.21
3483,2018-10,2018-06,4,0,True,0.0,master,valid_observed_phase_at_origin,BASE,calibration,1,10,spectral_core,pooled_partition_below_support_gate,0,0.05,0,0.05
3484,2018-10,2018-06,4,0,True,0.0,master,valid_observed_phase_at_origin,BASE,calibration,1,10,spectral_core,pooled_partition_below_support_gate,0,0.04,0,0.04
3485,2018-10,2018-06,4,0,True,0.0,master,valid_observed_phase_at_origin,BASE,calibration,1,10,spectral_core,pooled_partition_below_support_gate,0,0.1,0,0.1
3486,2018-10,2018-06,4,0,True,1.0,master,valid_observed_phase_at_origin,BASE,calibration,1,8,spectral_core,local_partition_rf,0,0.22,0,0.35
3487,2018-10,2018-06,4,0,True,0.0,master,valid_observed_phase_at_origin,BASE,calibration,1,10,spectral_core,pooled_partition_below_support_gate,0,0.07,0,0.07
3488,2018-10,2018-06,4,0,True,0.0,master,valid_observed_phase_at_origin,BASE,calibration,1,10,spectral_core,pooled_partition_below_support_gate,0,0.07,0,0.07
3489,2018-10,2018-06,4,0,True,0.0,master,valid_observed_phase_at_origin,BASE,calibration,1,8,spectral_core,local_partition_rf,0,0.01,0,0.15
3490,2018-10,2018-06,4,0,True,0.0,master,valid_observed_phase_at_origin,BASE,calibration,1,8,spectral_core,local_partition_rf,0,0.02,0,0.09
3491,2018-10,2018-06,4,0,True,0.0,master,valid_observed_phase_at_origin,BASE,calibration,1,10,spectral_core,pooled_partition_below_support_gate,0,0.03,0,0.03
3492,2018-10,2018-06,4,0,True,0.0,master,valid_observed_phase_at_origin,BASE,calibration,1,10,spectral_core,pooled_partition_below_support_gate,0,0.07,0,0.07
3493,2018-10,2018-06,4,0,True,0.0,master,valid_observed_phase_at_origin,BASE,calibration,1,8,spectral_core,local_partition_rf,0,0.03,0,0.16
3494,2018-10,2018-06,4,0,True,0.0,master,valid_observed_phase_at_origin,BASE,calibration,1,10,spectral_core,pooled_partition_below_support_gate,0,0.04,0,0.04
3495,2018-10,2018-06,4,0,True,0.0,master,valid_observed_phase_at_origin,BASE,calibration,1,10,spectral_core,pooled_partition_below_support_gate,0,0.03,0,0.03
3496,2018-10,2018-06,4,0,True,1.0,master,valid_observed_phase_at_origin,BASE,calibration,1,8,spectral_core,local_partition_rf,0,0.33,0,0.26
3497,2018-10,2018-06,4,0,True,0.0,master,valid_observed_phase_at_origin,BASE,calibration,1,10,spectral_core,pooled_partition_below_support_gate,0,0.06,0,0.06
3498,2018-10,2018-06,4,0,True,0.0,master,valid_observed_phase_at_origin,BASE,calibration,1,10,spectral_core,pooled_partition_below_support_gate,0,0.04,0,0.04
3499,2018-10,2018-06,4,0,True,0.0,master,valid_observed_phase_at_origin,BASE,calibration,1,10,spectral_core,pooled_partition_below_support_gate,0,0.01,0,0.01
3500,2018-10,2018-06,4,0,True,0.0,master,valid_observed_phase_at_origin,BASE,calibration,1,10,spectral_core,pooled_partition_below_support_gate,0,0.03,0,0.03
3501,2018-10,2018-06,4,0,True,0.0,master,valid_observed_phase_at_origin,BASE,calibration,1,10,spectral_core,pooled_partition_below_support_gate,0,0.04,0,0.04
3502,2018-10,2018-06,4,0,True,0.0,master,valid_observed_phase_at_origin,BASE,calibration,1,5,spectral_core,pooled_partition_below_support_gate,0,0.06,0,0.06
3503,2018-10,2018-06,4,0,True,0.0,master,valid_observed_phase_at_origin,BASE,calibration,1,10,spectral_core,pooled_partition_below_support_gate,0,0.03,0,0.03
3504,2018-10,2018-06,4,0,True,0.0,master,valid_observed_phase_at_origin,BASE,calibration,1,10,spectral_core,pooled_partition_below_support_gate,0,0.05,0,0.05
3505,2018-10,2018-06,4,0,True,0.0,master,valid_observed_phase_at_origin,BASE,calibration,1,10,spectral_core,pooled_partition_below_support_gate,0,0.04,0,0.04
3506,2018-10,2018-06,4,0,True,0.0,master,valid_observed_phase_at_origin,BASE,calibration,1,10,spectral_core,pooled_partition_below_support_gate,0,0.05,0,0.05
3507,2018-10,2018-06,4,0,True,0.0,master,valid_observed_phase_at_origin,BASE,calibration,1,10,spectral_core,pooled_partition_below_support_gate,0,0.06,0,0.06
3508,2018-10,2018-06,4,0,True,0.0,master,valid_observed_phase_at_origin,BASE,calibration,1,10,spectral_core,pooled_partition_below_support_gate,0,0.08,0,0.08
3509,2018-10,2018-06,4,0,True,0.0,master,valid_observed_phase_at_origin,BASE,calibration,1,10,spectral_core,pooled_partition_below_support_gate,0,0.06,0,0.06
3510,2018-10,2018-06,4,0,True,0.0,master,valid_observed_phase_at_origin,BASE,calibration,1,10,spectral_core,pooled_partition_below_support_gate,0,0.08,0,0.08
3511,2018-10,2018-06,4,0,True,0.0,master,valid_observed_phase_at_origin,BASE,calibration,1,10,spectral_core,pooled_partition_below_support_gate,0,0.07,0,0.07
3512,2018-10,2018-06,4,0,True,0.0,master,valid_observed_phase_at_origin,BASE,calibration,1,10,spectral_core,pooled_partition_below_support_gate,0,0.06,0,0.06
3513,2018-10,2018-06,4,0,True,0.0,master,valid_observed_phase_at_origin,BASE,calibration,1,10,spectral_core,pooled_partition_below_support_gate,0,0.04,0,0.04
3514,2018-10,2018-06,4,0,True,0.0,master,valid_observed_phase_at_origin,BASE,calibration,1,10,spectral_core,pooled_partition_below_support_gate,0,0.06,0,0.06
3515,2018-10,2018-06,4,0,True,0.0,master,valid_observed_phase_at_origin,BASE,calibration,1,8,spectral_core,local_partition_rf,0,0.0,0,0.06
3516,2018-10,2018-06,4,0,True,0.0,master,valid_observed_phase_at_origin,BASE,calibration,1,10,spectral_core,pooled_partition_below_support_gate,0,0.04,0,0.04
3517,2018-10,2018-06,4,0,True,0.0,master,valid_observed_phase_at_origin,BASE,calibration,1,10,spectral_core,pooled_partition_below_support_gate,0,0.07,0,0.07
3518,2018-10,2018-06,4,0,True,0.0,master,valid_observed_phase_at_origin,BASE,calibration,1,10,spectral_core,pooled_partition_below_support_gate,0,0.02,0,0.02
3519,2018-10,2018-06,4,0,True,0.0,master,valid_observed_phase_at_origin,BASE,calibration,1,10,spectral_core,pooled_partition_below_support_gate,0,0.08,0,0.08
3520,2018-10,2018-06,4,0,True,1.0,master,valid_observed_phase_at_origin,BASE,calibration,1,8,spectral_core,local_partition_rf,0,0.25,0,0.24
3521,2018-10,2018-06,4,0,True,0.0,master,valid_observed_phase_at_origin,BASE,calibration,1,10,spectral_core,pooled_partition_below_support_gate,0,0.1,0,0.1
3522,2018-10,2018-06,4,0,True,0.0,master,valid_observed_phase_at_origin,BASE,calibration,1,10,spectral_core,pooled_partition_below_support_gate,0,0.03,0,0.03
3523,2018-10,2018-06,4,0,True,0.0,master,valid_observed_phase_at_origin,BASE,calibration,1,8,spectral_core,local_partition_rf,0,0.03,0,0.09
3524,2018-10,2018-06,4,0,True,0.0,master,valid_observed_phase_at_origin,BASE,calibration,1,10,spectral_core,pooled_partition_below_support_gate,0,0.03,0,0.03
3525,2018-10,2018-06,4,0,True,0.0,master,valid_observed_phase_at_origin,BASE,calibration,1,10,spectral_core,pooled_partition_below_support_gate,0,0.05,0,0.05
3526,2018-10,2018-06,4,0,True,0.0,master,valid_observed_phase_at_origin,BASE,calibration,1,10,spectral_core,pooled_partition_below_support_gate,0,0.08,0,0.08
3527,2018-10,2018-06,4,0,True,0.0,master,valid_observed_phase_at_origin,BASE,calibration,1,10,spectral_core,pooled_partition_below_support_gate,0,0.06,0,0.06
3528,2018-10,2018-06,4,0,True,0.0,master,valid_observed_phase_at_origin,BASE,calibration,1,10,spectral_core,pooled_partition_below_support_gate,0,0.05,0,0.05
3529,2018-10,2018-06,4,0,True,0.0,master,valid_observed_phase_at_origin,BASE,calibration,1,10,spectral_core,pooled_partition_below_support_gate,0,0.09,0,0.09
3530,2018-10,2018-06,4,0,True,0.0,master,valid_observed_phase_at_origin,BASE,calibration,1,10,spectral_core,pooled_partition_below_support_gate,0,0.03,0,0.03
3531,2018-10,2018-06,4,0,True,0.0,master,valid_observed_phase_at_origin,BASE,calibration,1,10,spectral_core,pooled_partition_below_support_gate,0,0.09,0,0.09
3532,2018-10,2018-06,4,0,True,0.0,master,valid_observed_phase_at_origin,BASE,calibration,1,10,spectral_core,pooled_partition_below_support_gate,0,0.01,0,0.01
3533,2018-10,2018-06,4,0,True,0.0,master,valid_observed_phase_at_origin,BASE,calibration,1,10,spectral_core,pooled_partition_below_support_gate,0,0.03,0,0.03
3534,2018-10,2018-06,4,0,True,0.0,master,valid_observed_phase_at_origin,BASE,calibration,1,8,spectral_core,local_partition_rf,0,0.44,0,0.4
3535,2018-10,2018-06,4,0,True,0.0,master,valid_observed_phase_at_origin,BASE,calibration,1,8,spectral_core,local_partition_rf,1,0.58,0,0.42
3536,2018-10,2018-06,4,0,True,0.0,master,valid_observed_phase_at_origin,BASE,calibration,1,8,spectral_core,local_partition_rf,1,0.52,0,0.38
3537,2018-10,2018-06,4,0,True,0.0,master,valid_observed_phase_at_origin,BASE,calibration,1,8,spectral_core,local_partition_rf,1,0.55,0,0.38
3538,2018-10,2018-06,4,0,True,0.0,master,valid_observed_phase_at_origin,BASE,calibration,1,8,spectral_core,local_partition_rf,0,0.36,0,0.36
3539,2018-10,2018-06,4,0,True,0.0,master,valid_observed_phase_at_origin,BASE,calibration,1,10,spectral_core,pooled_partition_below_support_gate,0,0.03,0,0.03
3540,2018-10,2018-06,4,0,True,0.0,master,valid_observed_phase_at_origin,BASE,calibration,1,10,spectral_core,pooled_partition_below_support_gate,0,0.03,0,0.03
3541,2018-10,2018-06,4,0,True,0.0,master,valid_observed_phase_at_origin,BASE,calibration,1,10,spectral_core,pooled_partition_below_support_gate,0,0.03,0,0.03
3542,2018-10,2018-06,4,0,True,0.0,master,valid_observed_phase_at_origin,BASE,calibration,1,10,spectral_core,pooled_partition_below_support_gate,0,0.13,0,0.13
3543,2018-10,2018-06,4,0,True,0.0,master,valid_observed_phase_at_origin,BASE,calibration,1,10,spectral_core,pooled_partition_below_support_gate,0,0.07,0,0.07
3544,2018-10,2018-06,4,0,True,0.0,master,valid_observed_phase_at_origin,BASE,calibration,1,10,spectral_core,pooled_partition_below_support_gate,0,0.04,0,0.04
3545,2018-10,2018-06,4,0,True,0.0,master,valid_observed_phase_at_origin,BASE,calibration,1,10,spectral_core,pooled_partition_below_support_gate,0,0.12,0,0.12
3546,2018-10,2018-06,4,0,True,0.0,master,valid_observed_phase_at_origin,BASE,calibration,1,10,spectral_core,pooled_partition_below_support_gate,0,0.12,0,0.12
3547,2018-10,2018-06,4,0,True,0.0,master,valid_observed_phase_at_origin,BASE,calibration,1,8,spectral_core,local_partition_rf,0,0.01,0,0.07
3548,2018-10,2018-06,4,0,True,0.0,master,valid_observed_phase_at_origin,BASE,calibration,1,10,spectral_core,pooled_partition_below_support_gate,0,0.05,0,0.05
3549,2018-10,2018-06,4,0,True,0.0,master,valid_observed_phase_at_origin,BASE,calibration,1,10,spectral_core,pooled_partition_below_support_gate,0,0.06,0,0.06
3550,2018-10,2018-06,4,0,True,0.0,master,valid_observed_phase_at_origin,BASE,calibration,1,8,spectral_core,local_partition_rf,0,0.01,0,0.05
3551,2018-10,2018-06,4,0,True,0.0,master,valid_observed_phase_at_origin,BASE,calibration,1,10,spectral_core,pooled_partition_below_support_gate,0,0.04,0,0.04
3552,2018-10,2018-06,4,0,True,0.0,master,valid_observed_phase_at_origin,BASE,calibration,1,10,spectral_core,pooled_partition_below_support_gate,0,0.04,0,0.04
3553,2018-10,2018-06,4,0,True,0.0,master,valid_observed_phase_at_origin,BASE,calibration,1,8,spectral_core,local_partition_rf,0,0.02,0,0.07
3554,2018-10,2018-06,4,0,True,0.0,master,valid_observed_phase_at_origin,BASE,calibration,1,10,spectral_core,pooled_partition_below_support_gate,0,0.05,0,0.05
3555,2018-10,2018-06,4,0,True,0.0,master,valid_observed_phase_at_origin,BASE,calibration,1,10,spectral_core,pooled_partition_below_support_gate,0,0.06,0,0.06
3556,2018-10,2018-06,4,0,True,0.0,master,valid_observed_phase_at_origin,BASE,calibration,1,10,spectral_core,pooled_partition_below_support_gate,0,0.08,0,0.08
3557,2018-10,2018-06,4,0,True,0.0,master,valid_observed_phase_at_origin,BASE,calibration,1,10,spectral_core,pooled_partition_below_support_gate,0,0.06,0,0.06
3558,2018-10,2018-06,4,0,True,0.0,master,valid_observed_phase_at_origin,BASE,calibration,1,10,spectral_core,pooled_partition_below_support_gate,0,0.02,0,0.02
3559,2018-10,2018-06,4,0,True,0.0,master,valid_observed_phase_at_origin,BASE,calibration,1,10,spectral_core,pooled_partition_below_support_gate,0,0.02,0,0.02
3560,2018-10,2018-06,4,0,True,0.0,master,valid_observed_phase_at_origin,BASE,calibration,1,10,spectral_core,pooled_partition_below_support_gate,0,0.06,0,0.06
3561,2018-10,2018-06,4,0,True,0.0,master,valid_observed_phase_at_origin,BASE,calibration,1,10,spectral_core,pooled_partition_below_support_gate,0,0.08,0,0.08
3562,2018-10,2018-06,4,0,True,0.0,master,valid_observed_phase_at_origin,BASE,calibration,1,10,spectral_core,pooled_partition_below_support_gate,0,0.07,0,0.07
3563,2018-10,2018-06,4,0,True,0.0,master,valid_observed_phase_at_origin,BASE,calibration,1,10,spectral_core,pooled_partition_below_support_gate,0,0.06,0,0.06
3564,2018-10,2018-06,4,0,True,0.0,master,valid_observed_phase_at_origin,BASE,calibration,1,10,spectral_core,pooled_partition_below_support_gate,0,0.07,0,0.07
3565,2018-10,2018-06,4,0,True,1.0,master,valid_observed_phase_at_origin,BASE,calibration,1,8,spectral_core,local_partition_rf,0,0.24,0,0.29
3566,2018-10,2018-06,4,0,True,0.0,master,valid_observed_phase_at_origin,BASE,calibration,1,10,spectral_core,pooled_partition_below_support_gate,0,0.04,0,0.04
3567,2018-10,2018-06,4,0,True,0.0,master,valid_observed_phase_at_origin,BASE,calibration,1,10,spectral_core,pooled_partition_below_support_gate,0,0.04,0,0.04
3568,2018-10,2018-06,4,0,True,0.0,master,valid_observed_phase_at_origin,BASE,calibration,1,10,spectral_core,pooled_partition_below_support_gate,0,0.05,0,0.05
3569,2018-10,2018-06,4,0,True,1.0,master,valid_observed_phase_at_origin,BASE,calibration,1,8,spectral_core,local_partition_rf,0,0.19,0,0.31
3570,2018-10,2018-06,4,0,True,0.0,master,valid_observed_phase_at_origin,BASE,calibration,1,10,spectral_core,pooled_partition_below_support_gate,0,0.04,0,0.04
3571,2018-10,2018-06,4,0,True,0.0,master,valid_observed_phase_at_origin,BASE,calibration,1,10,spectral_core,pooled_partition_below_support_gate,0,0.08,0,0.08
3572,2018-10,2018-06,4,0,True,0.0,master,valid_observed_phase_at_origin,BASE,calibration,1,10,spectral_core,pooled_partition_below_support_gate,0,0.04,0,0.04
3573,2018-10,2018-06,4,0,True,0.0,master,valid_observed_phase_at_origin,BASE,calibration,1,10,spectral_core,pooled_partition_below_support_gate,0,0.12,0,0.12
3574,2018-10,2018-06,4,0,True,0.0,master,valid_observed_phase_at_origin,BASE,calibration,1,10,spectral_core,pooled_partition_below_support_gate,0,0.02,0,0.02
3575,2018-10,2018-06,4,0,True,0.0,master,valid_observed_phase_at_origin,BASE,calibration,1,10,spectral_core,pooled_partition_below_support_gate,0,0.1,0,0.1
3576,2018-10,2018-06,4,0,True,0.0,master,valid_observed_phase_at_origin,BASE,calibration,1,10,spectral_core,pooled_partition_below_support_gate,0,0.02,0,0.02
3577,2018-10,2018-06,4,0,True,0.0,master,valid_observed_phase_at_origin,BASE,calibration,1,10,spectral_core,pooled_partition_below_support_gate,0,0.02,0,0.02
3578,2018-10,2018-06,4,0,True,0.0,master,valid_observed_phase_at_origin,BASE,calibration,1,10,spectral_core,pooled_partition_below_support_gate,0,0.03,0,0.03
3579,2018-10,2018-06,4,0,True,0.0,master,valid_observed_phase_at_origin,BASE,calibration,1,8,spectral_core,local_partition_rf,0,0.02,0,0.09
3580,2018-10,2018-06,4,0,True,0.0,master,valid_observed_phase_at_origin,BASE,calibration,1,10,spectral_core,pooled_partition_below_support_gate,0,0.1,0,0.1
3581,2018-10,2018-06,4,0,True,0.0,master,valid_observed_phase_at_origin,BASE,calibration,1,10,spectral_core,pooled_partition_below_support_gate,0,0.03,0,0.03
3582,2018-10,2018-06,4,0,True,0.0,master,valid_observed_phase_at_origin,BASE,calibration,1,10,spectral_core,pooled_partition_below_support_gate,0,0.04,0,0.04
3583,2018-10,2018-06,4,0,True,0.0,master,valid_observed_phase_at_origin,BASE,calibration,1,10,spectral_core,pooled_partition_below_support_gate,0,0.02,0,0.02
3584,2018-10,2018-06,4,0,True,0.0,master,valid_observed_phase_at_origin,BASE,calibration,1,10,spectral_core,pooled_partition_below_support_gate,0,0.04,0,0.04
3585,2018-10,2018-06,4,0,True,0.0,master,valid_observed_phase_at_origin,BASE,calibration,1,10,spectral_core,pooled_partition_below_support_gate,0,0.08,0,0.08
3586,2018-10,2018-06,4,0,True,0.0,master,valid_observed_phase_at_origin,BASE,calibration,1,10,spectral_core,pooled_partition_below_support_gate,0,0.05,0,0.05
3587,2018-10,2018-06,4,0,True,0.0,master,valid_observed_phase_at_origin,BASE,calibration,1,10,spectral_core,pooled_partition_below_support_gate,0,0.05,0,0.05
3588,2018-10,2018-06,4,0,True,0.0,master,valid_observed_phase_at_origin,BASE,calibration,1,10,spectral_core,pooled_partition_below_support_gate,0,0.04,0,0.04
3589,2018-10,2018-06,4,0,True,0.0,master,valid_observed_phase_at_origin,BASE,calibration,1,10,spectral_core,pooled_partition_below_support_gate,0,0.07,0,0.07
3590,2018-10,2018-06,4,0,True,0.0,master,valid_observed_phase_at_origin,BASE,calibration,1,8,spectral_core,local_partition_rf,0,0.03,0,0.18
3591,2018-10,2018-06,4,0,True,0.0,master,valid_observed_phase_at_origin,BASE,calibration,1,10,spectral_core,pooled_partition_below_support_gate,0,0.04,0,0.04
3592,2018-10,2018-06,4,0,True,0.0,master,valid_observed_phase_at_origin,BASE,calibration,1,10,spectral_core,pooled_partition_below_support_gate,0,0.02,0,0.02
3593,2018-10,2018-06,4,0,True,0.0,master,valid_observed_phase_at_origin,BASE,calibration,1,10,spectral_core,pooled_partition_below_support_gate,0,0.07,0,0.07
3594,2018-10,2018-06,4,0,True,0.0,master,valid_observed_phase_at_origin,BASE,calibration,1,10,spectral_core,pooled_partition_below_support_gate,0,0.09,0,0.09
3595,2018-10,2018-06,4,0,True,0.0,master,valid_observed_phase_at_origin,BASE,calibration,1,10,spectral_core,pooled_partition_below_support_gate,0,0.03,0,0.03
3596,2018-10,2018-06,4,0,True,0.0,master,valid_observed_phase_at_origin,BASE,calibration,1,10,spectral_core,pooled_partition_below_support_gate,0,0.04,0,0.04
3597,2018-10,2018-06,4,0,True,0.0,master,valid_observed_phase_at_origin,BASE,calibration,1,10,spectral_core,pooled_partition_below_support_gate,0,0.02,0,0.02
3598,2018-10,2018-06,4,0,True,0.0,master,valid_observed_phase_at_origin,BASE,calibration,1,10,spectral_core,pooled_partition_below_support_gate,0,0.06,0,0.06
3599,2018-10,2018-06,4,0,True,0.0,master,valid_observed_phase_at_origin,BASE,calibration,1,10,spectral_core,pooled_partition_below_support_gate,0,0.02,0,0.02
3600,2018-10,2018-06,4,0,True,0.0,master,valid_observed_phase_at_origin,BASE,calibration,1,10,spectral_core,pooled_partition_below_support_gate,0,0.04,0,0.04
3601,2018-10,2018-06,4,0,True,0.0,master,valid_observed_phase_at_origin,BASE,calibration,1,10,spectral_core,pooled_partition_below_support_gate,0,0.08,0,0.08
3602,2018-10,2018-06,4,0,True,0.0,master,valid_observed_phase_at_origin,BASE,calibration,1,10,spectral_core,pooled_partition_below_support_gate,0,0.06,0,0.06
3603,2018-10,2018-06,4,0,True,0.0,master,valid_observed_phase_at_origin,BASE,calibration,1,10,spectral_core,pooled_partition_below_support_gate,0,0.08,0,0.08
3604,2018-10,2018-06,4,0,True,0.0,master,valid_observed_phase_at_origin,BASE,calibration,1,10,spectral_core,pooled_partition_below_support_gate,0,0.04,0,0.04
3605,2018-10,2018-06,4,0,True,0.0,master,valid_observed_phase_at_origin,BASE,calibration,1,10,spectral_core,pooled_partition_below_support_gate,0,0.02,0,0.02
3606,2018-10,2018-06,4,0,True,0.0,master,valid_observed_phase_at_origin,BASE,calibration,1,8,spectral_core,local_partition_rf,0,0.02,0,0.14
3607,2018-10,2018-06,4,0,True,0.0,master,valid_observed_phase_at_origin,BASE,calibration,1,8,spectral_core,local_partition_rf,0,0.03,0,0.11
3608,2018-10,2018-06,4,0,True,0.0,master,valid_observed_phase_at_origin,BASE,calibration,1,8,spectral_core,local_partition_rf,0,0.04,0,0.15
3609,2018-10,2018-06,4,0,True,0.0,master,valid_observed_phase_at_origin,BASE,calibration,1,10,spectral_core,pooled_partition_below_support_gate,0,0.07,0,0.07
3610,2018-10,2018-06,4,0,True,0.0,master,valid_observed_phase_at_origin,BASE,calibration,1,10,spectral_core,pooled_partition_below_support_gate,0,0.06,0,0.06
3611,2018-10,2018-06,4,0,True,0.0,master,valid_observed_phase_at_origin,BASE,calibration,1,10,spectral_core,pooled_partition_below_support_gate,0,0.11,0,0.11
3612,2018-10,2018-06,4,0,True,0.0,master,valid_observed_phase_at_origin,BASE,calibration,1,10,spectral_core,pooled_partition_below_support_gate,0,0.04,0,0.04
3613,2018-10,2018-06,4,0,True,0.0,master,valid_observed_phase_at_origin,BASE,calibration,1,10,spectral_core,pooled_partition_below_support_gate,0,0.04,0,0.04
3614,2018-10,2018-06,4,0,True,0.0,master,valid_observed_phase_at_origin,BASE,calibration,1,10,spectral_core,pooled_partition_below_support_gate,0,0.04,0,0.04
3615,2018-10,2018-06,4,0,True,0.0,master,valid_observed_phase_at_origin,BASE,calibration,1,10,spectral_core,pooled_partition_below_support_gate,0,0.03,0,0.03
3616,2018-10,2018-06,4,0,True,0.0,master,valid_observed_phase_at_origin,BASE,calibration,1,10,spectral_core,pooled_partition_below_support_gate,0,0.04,0,0.04
3617,2018-10,2018-06,4,0,True,0.0,master,valid_observed_phase_at_origin,BASE,calibration,1,10,spectral_core,pooled_partition_below_support_gate,0,0.04,0,0.04
3618,2018-10,2018-06,4,0,True,0.0,master,valid_observed_phase_at_origin,BASE,calibration,1,10,spectral_core,pooled_partition_below_support_gate,0,0.07,0,0.07
3619,2018-10,2018-06,4,0,True,0.0,master,valid_observed_phase_at_origin,BASE,calibration,1,10,spectral_core,pooled_partition_below_support_gate,0,0.05,0,0.05
3620,2018-10,2018-06,4,0,True,0.0,master,valid_observed_phase_at_origin,BASE,calibration,1,10,spectral_core,pooled_partition_below_support_gate,0,0.05,0,0.05
3621,2018-10,2018-06,4,0,True,0.0,master,valid_observed_phase_at_origin,BASE,calibration,1,10,spectral_core,pooled_partition_below_support_gate,0,0.04,0,0.04
3622,2018-10,2018-06,4,0,True,0.0,master,valid_observed_phase_at_origin,BASE,calibration,1,10,spectral_core,pooled_partition_below_support_gate,0,0.02,0,0.02
3623,2018-10,2018-06,4,0,True,0.0,master,valid_observed_phase_at_origin,BASE,calibration,1,10,spectral_core,pooled_partition_below_support_gate,0,0.04,0,0.04
3624,2018-10,2018-06,4,0,True,0.0,master,valid_observed_phase_at_origin,BASE,calibration,1,10,spectral_core,pooled_partition_below_support_gate,0,0.03,0,0.03
3625,2018-10,2018-06,4,0,True,0.0,master,valid_observed_phase_at_origin,BASE,calibration,1,10,spectral_core,pooled_partition_below_support_gate,0,0.02,0,0.02
3626,2018-10,2018-06,4,0,True,1.0,master,valid_observed_phase_at_origin,BASE,calibration,1,10,spectral_core,pooled_partition_below_support_gate,0,0.04,0,0.04
3627,2018-10,2018-06,4,0,True,1.0,master,valid_observed_phase_at_origin,BASE,calibration,1,10,spectral_core,pooled_partition_below_support_gate,0,0.06,0,0.06
3628,2018-10,2018-06,4,0,True,0.0,master,valid_observed_phase_at_origin,BASE,calibration,1,10,spectral_core,pooled_partition_below_support_gate,0,0.07,0,0.07
3629,2018-10,2018-06,4,0,True,0.0,master,valid_observed_phase_at_origin,BASE,calibration,1,10,spectral_core,pooled_partition_below_support_gate,0,0.06,0,0.06
3630,2018-10,2018-06,4,0,True,1.0,master,valid_observed_phase_at_origin,BASE,calibration,1,10,spectral_core,pooled_partition_below_support_gate,0,0.07,0,0.07
3631,2018-10,2018-06,4,0,True,1.0,master,valid_observed_phase_at_origin,BASE,calibration,1,10,spectral_core,pooled_partition_below_support_gate,0,0.03,0,0.03
3632,2018-10,2018-06,4,0,True,1.0,master,valid_observed_phase_at_origin,BASE,calibration,1,10,spectral_core,pooled_partition_below_support_gate,0,0.03,0,0.03
3633,2018-10,2018-06,4,0,True,1.0,master,valid_observed_phase_at_origin,BASE,calibration,1,10,spectral_core,pooled_partition_below_support_gate,0,0.03,0,0.03
3634,2018-10,2018-06,4,0,True,1.0,master,valid_observed_phase_at_origin,BASE,calibration,1,8,spectral_core,local_partition_rf,0,0.18,0,0.22
3635,2018-10,2018-06,4,0,True,1.0,master,valid_observed_phase_at_origin,BASE,calibration,1,8,spectral_core,local_partition_rf,0,0.27,0,0.17
3636,2018-10,2018-06,4,0,True,1.0,master,valid_observed_phase_at_origin,BASE,calibration,1,10,spectral_core,pooled_partition_below_support_gate,0,0.05,0,0.05
3637,2018-10,2018-06,4,0,True,1.0,master,valid_observed_phase_at_origin,BASE,calibration,1,8,spectral_core,local_partition_rf,0,0.01,0,0.07
3638,2018-10,2018-06,4,0,True,1.0,master,valid_observed_phase_at_origin,BASE,calibration,1,10,spectral_core,pooled_partition_below_support_gate,0,0.04,0,0.04
3639,2018-10,2018-06,4,0,True,1.0,master,valid_observed_phase_at_origin,BASE,calibration,1,8,spectral_core,local_partition_rf,0,0.22,0,0.26
3640,2018-10,2018-06,4,0,True,1.0,master,valid_observed_phase_at_origin,BASE,calibration,1,8,spectral_core,local_partition_rf,0,0.06,0,0.17
3641,2018-10,2018-06,4,0,True,1.0,master,valid_observed_phase_at_origin,BASE,calibration,1,8,spectral_core,local_partition_rf,0,0.0,0,0.05
3642,2018-10,2018-06,4,0,True,0.0,master,valid_observed_phase_at_origin,BASE,calibration,1,10,spectral_core,pooled_partition_below_support_gate,0,0.04,0,0.04
3643,2018-10,2018-06,4,0,True,1.0,master,valid_observed_phase_at_origin,BASE,calibration,1,8,spectral_core,local_partition_rf,0,0.04,0,0.23
3644,2018-10,2018-06,4,0,True,1.0,master,valid_observed_phase_at_origin,BASE,calibration,1,8,spectral_core,local_partition_rf,0,0.29,0,0.24
3645,2018-10,2018-06,4,0,True,1.0,master,valid_observed_phase_at_origin,BASE,calibration,1,8,spectral_core,local_partition_rf,0,0.17,0,0.2
3646,2018-10,2018-06,4,0,True,1.0,master,valid_observed_phase_at_origin,BASE,calibration,1,10,spectral_core,pooled_partition_below_support_gate,0,0.13,0,0.13
3647,2018-10,2018-06,4,0,True,1.0,master,valid_observed_phase_at_origin,BASE,calibration,1,10,spectral_core,pooled_partition_below_support_gate,0,0.04,0,0.04
3648,2018-10,2018-06,4,0,True,1.0,master,valid_observed_phase_at_origin,BASE,calibration,1,10,spectral_core,pooled_partition_below_support_gate,0,0.06,0,0.06
3649,2018-10,2018-06,4,0,True,1.0,master,valid_observed_phase_at_origin,BASE,calibration,1,10,spectral_core,pooled_partition_below_support_gate,0,0.06,0,0.06
3650,2018-10,2018-06,4,0,True,1.0,master,valid_observed_phase_at_origin,BASE,calibration,1,10,spectral_core,pooled_partition_below_support_gate,0,0.04,0,0.04
3651,2018-10,2018-06,4,0,True,0.0,master,valid_observed_phase_at_origin,BASE,calibration,1,10,spectral_core,pooled_partition_below_support_gate,0,0.07,0,0.07
3652,2018-10,2018-06,4,0,True,1.0,master,valid_observed_phase_at_origin,BASE,calibration,1,10,spectral_core,pooled_partition_below_support_gate,0,0.08,0,0.08
3653,2018-10,2018-06,4,0,True,1.0,master,valid_observed_phase_at_origin,BASE,calibration,1,8,spectral_core,local_partition_rf,0,0.03,0,0.05
3654,2018-10,2018-06,4,0,True,1.0,master,valid_observed_phase_at_origin,BASE,calibration,1,10,spectral_core,pooled_partition_below_support_gate,0,0.13,0,0.13
3670,2018-10,2018-06,4,0,True,0.0,master,valid_observed_phase_at_origin,BASE,calibration,1,-1,unassigned_nearest_donor_beyond_100km,pooled_unassigned_area,0,0.14,0,0.14
3671,2018-10,2018-06,4,0,True,0.0,master,valid_observed_phase_at_origin,BASE,calibration,1,-1,unassigned_nearest_donor_beyond_100km,pooled_unassigned_area,0,0.24,0,0.24
3672,2018-10,2018-06,4,0,True,0.0,master,valid_observed_phase_at_origin,BASE,calibration,1,-1,unassigned_nearest_donor_beyond_100km,pooled_unassigned_area,0,0.15,0,0.15
3673,2018-10,2018-06,4,0,True,0.0,master,valid_observed_phase_at_origin,BASE,calibration,1,-1,unassigned_nearest_donor_beyond_100km,pooled_unassigned_area,0,0.18,0,0.18
3674,2018-10,2018-06,4,0,True,0.0,master,valid_observed_phase_at_origin,BASE,calibration,1,-1,unassigned_nearest_donor_beyond_100km,pooled_unassigned_area,0,0.23,0,0.23
3675,2018-10,2018-06,4,0,True,0.0,master,valid_observed_phase_at_origin,BASE,calibration,1,-1,unassigned_nearest_donor_beyond_100km,pooled_unassigned_area,0,0.17,0,0.17
3676,2018-10,2018-06,4,1,True,1.0,master,valid_observed_phase_at_origin,BASE,calibration,1,2,completed_nearest_donor,local_partition_rf,0,0.35,0,0.26
3678,2018-10,2018-06,4,1,True,0.0,master,valid_observed_phase_at_origin,BASE,calibration,1,-1,unassigned_nearest_donor_beyond_100km,pooled_unassigned_area,0,0.23,0,0.23
3679,2018-10,2018-06,4,1,True,0.0,master,valid_observed_phase_at_origin,BASE,calibration,1,-1,unassigned_nearest_donor_beyond_100km,pooled_unassigned_area,0,0.22,0,0.22
3680,2018-10,2018-06,4,1,True,0.0,master,valid_observed_phase_at_origin,BASE,calibration,1,-1,unassigned_nearest_donor_beyond_100km,pooled_unassigned_area,0,0.25,0,0.25
3681,2018-10,2018-06,4,1,True,1.0,master,valid_observed_phase_at_origin,BASE,calibration,1,-1,unassigned_nearest_donor_beyond_100km,pooled_unassigned_area,0,0.3,0,0.3
3683,2018-10,2018-06,4,1,True,0.0,master,valid_observed_phase_at_origin,BASE,calibration,1,-1,unassigned_nearest_donor_beyond_100km,pooled_unassigned_area,0,0.19,0,0.19
3684,2018-10,2018-06,4,1,True,0.0,master,valid_observed_phase_at_origin,BASE,calibration,1,-1,unassigned_nearest_donor_beyond_100km,pooled_unassigned_area,0,0.19,0,0.19
3685,2018-10,2018-06,4,0,True,0.0,master,valid_observed_phase_at_origin,BASE,calibration,1,-1,unassigned_nearest_donor_beyond_100km,pooled_unassigned_area,0,0.2,0,0.2
3686,2018-10,2018-06,4,0,True,0.0,master,valid_observed_phase_at_origin,BASE,calibration,1,-1,unassigned_nearest_donor_beyond_100km,pooled_unassigned_area,0,0.22,0,0.22
3692,2018-10,2018-06,4,0,True,0.0,master,valid_observed_phase_at_origin,BASE,calibration,1,-1,unassigned_nearest_donor_beyond_100km,pooled_unassigned_area,0,0.25,0,0.25
3726,2018-10,2018-06,4,0,True,0.0,master,valid_observed_phase_at_origin,BASE,calibration,1,-1,unassigned_nearest_donor_beyond_100km,pooled_unassigned_area,0,0.27,0,0.27
3727,2018-10,2018-06,4,0,True,0.0,master,valid_observed_phase_at_origin,BASE,calibration,1,-1,unassigned_nearest_donor_beyond_100km,pooled_unassigned_area,0,0.21,0,0.21
3729,2018-10,2018-06,4,0,True,0.0,master,valid_observed_phase_at_origin,BASE,calibration,1,-1,unassigned_nearest_donor_beyond_100km,pooled_unassigned_area,0,0.19,0,0.19
3730,2018-10,2018-06,4,0,True,0.0,master,valid_observed_phase_at_origin,BASE,calibration,1,-1,unassigned_nearest_donor_beyond_100km,pooled_unassigned_area,0,0.25,0,0.25
3731,2018-10,2018-06,4,0,True,0.0,master,valid_observed_phase_at_origin,BASE,calibration,1,-1,unassigned_nearest_donor_beyond_100km,pooled_unassigned_area,0,0.26,0,0.26
3732,2018-10,2018-06,4,0,True,0.0,master,valid_observed_phase_at_origin,BASE,calibration,1,-1,unassigned_nearest_donor_beyond_100km,pooled_unassigned_area,0,0.26,0,0.26
3733,2018-10,2018-06,4,0,True,0.0,master,valid_observed_phase_at_origin,BASE,calibration,1,-1,unassigned_nearest_donor_beyond_100km,pooled_unassigned_area,0,0.17,0,0.17
3734,2018-10,2018-06,4,0,True,0.0,master,valid_observed_phase_at_origin,BASE,calibration,1,-1,unassigned_nearest_donor_beyond_100km,pooled_unassigned_area,0,0.24,0,0.24
3735,2018-10,2018-06,4,0,True,0.0,master,valid_observed_phase_at_origin,BASE,calibration,1,-1,unassigned_nearest_donor_beyond_100km,pooled_unassigned_area,0,0.2,0,0.2
3736,2018-10,2018-06,4,0,True,0.0,master,valid_observed_phase_at_origin,BASE,calibration,1,-1,unassigned_nearest_donor_beyond_100km,pooled_unassigned_area,0,0.2,0,0.2
3737,2018-10,2018-06,4,0,True,0.0,master,valid_observed_phase_at_origin,BASE,calibration,1,-1,unassigned_nearest_donor_beyond_100km,pooled_unassigned_area,0,0.24,0,0.24
3753,2018-10,2018-06,4,1,True,1.0,master,valid_observed_phase_at_origin,BASE,calibration,1,-1,unassigned_nearest_donor_beyond_100km,pooled_unassigned_area,0,0.47,0,0.47
3758,2018-10,2018-06,4,0,True,0.0,master,valid_observed_phase_at_origin,BASE,calibration,1,-1,unassigned_nearest_donor_beyond_100km,pooled_unassigned_area,0,0.18,0,0.18
3760,2018-10,2018-06,4,0,True,0.0,master,valid_observed_phase_at_origin,BASE,calibration,1,-1,unassigned_nearest_donor_beyond_100km,pooled_unassigned_area,0,0.19,0,0.19
3761,2018-10,2018-06,4,0,True,0.0,master,valid_observed_phase_at_origin,BASE,calibration,1,-1,unassigned_nearest_donor_beyond_100km,pooled_unassigned_area,0,0.21,0,0.21
3762,2018-10,2018-06,4,0,True,0.0,master,valid_observed_phase_at_origin,BASE,calibration,1,-1,unassigned_nearest_donor_beyond_100km,pooled_unassigned_area,0,0.22,0,0.22
3776,2018-10,2018-06,4,0,True,0.0,master,valid_observed_phase_at_origin,BASE,calibration,1,-1,unassigned_nearest_donor_beyond_100km,pooled_unassigned_area,0,0.1,0,0.1
3783,2018-10,2018-06,4,1,True,1.0,master,valid_observed_phase_at_origin,BASE,calibration,1,-1,unassigned_nearest_donor_beyond_100km,pooled_unassigned_area,0,0.43,0,0.43
3788,2018-10,2018-06,4,1,True,1.0,master,valid_observed_phase_at_origin,BASE,calibration,1,-1,unassigned_nearest_donor_beyond_100km,pooled_unassigned_area,1,0.56,1,0.56
3792,2018-10,2018-06,4,0,True,0.0,master,valid_observed_phase_at_origin,BASE,calibration,1,-1,unassigned_nearest_donor_beyond_100km,pooled_unassigned_area,0,0.22,0,0.22
3798,2018-10,2018-06,4,0,True,0.0,master,valid_observed_phase_at_origin,BASE,calibration,1,-1,unassigned_nearest_donor_beyond_100km,pooled_unassigned_area,0,0.22,0,0.22
3799,2018-10,2018-06,4,0,True,0.0,master,valid_observed_phase_at_origin,BASE,calibration,1,-1,unassigned_nearest_donor_beyond_100km,pooled_unassigned_area,0,0.19,0,0.19
3800,2018-10,2018-06,4,1,True,1.0,master,valid_observed_phase_at_origin,BASE,calibration,1,-1,unassigned_nearest_donor_beyond_100km,pooled_unassigned_area,1,0.58,1,0.58
3801,2018-10,2018-06,4,0,True,0.0,master,valid_observed_phase_at_origin,BASE,calibration,1,-1,unassigned_nearest_donor_beyond_100km,pooled_unassigned_area,0,0.28,0,0.28
3805,2018-10,2018-06,4,1,True,1.0,master,valid_observed_phase_at_origin,BASE,calibration,1,-1,unassigned_nearest_donor_beyond_100km,pooled_unassigned_area,0,0.5,0,0.5
3808,2018-10,2018-06,4,0,True,0.0,master,valid_observed_phase_at_origin,BASE,calibration,1,-1,unassigned_nearest_donor_beyond_100km,pooled_unassigned_area,0,0.12,0,0.12
3809,2018-10,2018-06,4,0,True,0.0,master,valid_observed_phase_at_origin,BASE,calibration,1,-1,unassigned_nearest_donor_beyond_100km,pooled_unassigned_area,0,0.12,0,0.12
3810,2018-10,2018-06,4,0,True,0.0,master,valid_observed_phase_at_origin,BASE,calibration,1,-1,unassigned_nearest_donor_beyond_100km,pooled_unassigned_area,0,0.22,0,0.22
3811,2018-10,2018-06,4,0,True,0.0,master,valid_observed_phase_at_origin,BASE,calibration,1,-1,unassigned_nearest_donor_beyond_100km,pooled_unassigned_area,0,0.12,0,0.12
3812,2018-10,2018-06,4,0,True,0.0,master,valid_observed_phase_at_origin,BASE,calibration,1,-1,unassigned_nearest_donor_beyond_100km,pooled_unassigned_area,0,0.12,0,0.12
3813,2018-10,2018-06,4,0,True,0.0,master,valid_observed_phase_at_origin,BASE,calibration,1,-1,unassigned_nearest_donor_beyond_100km,pooled_unassigned_area,0,0.15,0,0.15
3814,2018-10,2018-06,4,0,True,0.0,master,valid_observed_phase_at_origin,BASE,calibration,1,-1,unassigned_nearest_donor_beyond_100km,pooled_unassigned_area,0,0.12,0,0.12
3817,2018-10,2018-06,4,0,True,0.0,master,valid_observed_phase_at_origin,BASE,calibration,1,-1,unassigned_nearest_donor_beyond_100km,pooled_unassigned_area,0,0.17,0,0.17
3818,2018-10,2018-06,4,0,True,0.0,master,valid_observed_phase_at_origin,BASE,calibration,1,-1,unassigned_nearest_donor_beyond_100km,pooled_unassigned_area,0,0.16,0,0.16
3819,2018-10,2018-06,4,0,True,0.0,master,valid_observed_phase_at_origin,BASE,calibration,1,-1,unassigned_nearest_donor_beyond_100km,pooled_unassigned_area,0,0.19,0,0.19
3820,2018-10,2018-06,4,0,True,0.0,master,valid_observed_phase_at_origin,BASE,calibration,1,-1,unassigned_nearest_donor_beyond_100km,pooled_unassigned_area,0,0.17,0,0.17
3821,2018-10,2018-06,4,0,True,0.0,master,valid_observed_phase_at_origin,BASE,calibration,1,-1,unassigned_nearest_donor_beyond_100km,pooled_unassigned_area,0,0.17,0,0.17
3822,2018-10,2018-06,4,0,True,0.0,master,valid_observed_phase_at_origin,BASE,calibration,1,2,completed_nearest_donor,local_partition_rf,0,0.16,0,0.23
3823,2018-10,2018-06,4,0,True,0.0,master,valid_observed_phase_at_origin,BASE,calibration,1,11,completed_nearest_donor,local_partition_rf,0,0.23,0,0.24
3824,2018-10,2018-06,4,0,True,0.0,master,valid_observed_phase_at_origin,BASE,calibration,1,-1,unassigned_nearest_donor_beyond_100km,pooled_unassigned_area,0,0.13,0,0.13
3825,2018-10,2018-06,4,0,True,0.0,master,valid_observed_phase_at_origin,BASE,calibration,1,-1,unassigned_nearest_donor_beyond_100km,pooled_unassigned_area,0,0.3,0,0.3
3826,2018-10,2018-06,4,0,True,0.0,master,valid_observed_phase_at_origin,BASE,calibration,1,-1,unassigned_nearest_donor_beyond_100km,pooled_unassigned_area,0,0.17,0,0.17
3827,2018-10,2018-06,4,0,True,0.0,master,valid_observed_phase_at_origin,BASE,calibration,1,-1,unassigned_nearest_donor_beyond_100km,pooled_unassigned_area,0,0.28,0,0.28
3828,2018-10,2018-06,4,1,True,0.0,master,valid_observed_phase_at_origin,BASE,calibration,1,-1,unassigned_nearest_donor_beyond_100km,pooled_unassigned_area,0,0.24,0,0.24
3829,2018-10,2018-06,4,0,True,0.0,master,valid_observed_phase_at_origin,BASE,calibration,1,-1,unassigned_nearest_donor_beyond_100km,pooled_unassigned_area,0,0.23,0,0.23
3830,2018-10,2018-06,4,0,True,0.0,master,valid_observed_phase_at_origin,BASE,calibration,1,-1,unassigned_nearest_donor_beyond_100km,pooled_unassigned_area,0,0.2,0,0.2
3831,2018-10,2018-06,4,0,True,0.0,master,valid_observed_phase_at_origin,BASE,calibration,1,-1,unassigned_nearest_donor_beyond_100km,pooled_unassigned_area,0,0.14,0,0.14
3832,2018-10,2018-06,4,0,True,0.0,master,valid_observed_phase_at_origin,BASE,calibration,1,-1,unassigned_nearest_donor_beyond_100km,pooled_unassigned_area,0,0.18,0,0.18
3833,2018-10,2018-06,4,0,True,0.0,master,valid_observed_phase_at_origin,BASE,calibration,1,-1,unassigned_nearest_donor_beyond_100km,pooled_unassigned_area,0,0.18,0,0.18
3834,2018-10,2018-06,4,0,True,0.0,master,valid_observed_phase_at_origin,BASE,calibration,1,-1,unassigned_nearest_donor_beyond_100km,pooled_unassigned_area,0,0.21,0,0.21
3835,2018-10,2018-06,4,0,True,0.0,master,valid_observed_phase_at_origin,BASE,calibration,1,-1,unassigned_nearest_donor_beyond_100km,pooled_unassigned_area,0,0.18,0,0.18
3836,2018-10,2018-06,4,0,True,0.0,master,valid_observed_phase_at_origin,BASE,calibration,1,-1,unassigned_nearest_donor_beyond_100km,pooled_unassigned_area,0,0.17,0,0.17
3837,2018-10,2018-06,4,0,True,0.0,master,valid_observed_phase_at_origin,BASE,calibration,1,-1,unassigned_nearest_donor_beyond_100km,pooled_unassigned_area,0,0.19,0,0.19
3838,2018-10,2018-06,4,0,True,0.0,master,valid_observed_phase_at_origin,BASE,calibration,1,-1,unassigned_nearest_donor_beyond_100km,pooled_unassigned_area,0,0.18,0,0.18
3839,2018-10,2018-06,4,1,True,0.0,master,valid_observed_phase_at_origin,BASE,calibration,1,-1,unassigned_nearest_donor_beyond_100km,pooled_unassigned_area,0,0.23,0,0.23
3840,2018-10,2018-06,4,0,True,0.0,master,valid_observed_phase_at_origin,BASE,calibration,1,-1,unassigned_nearest_donor_beyond_100km,pooled_unassigned_area,0,0.18,0,0.18
3841,2018-10,2018-06,4,0,True,0.0,master,valid_observed_phase_at_origin,BASE,calibration,1,-1,unassigned_nearest_donor_beyond_100km,pooled_unassigned_area,0,0.16,0,0.16
3842,2018-10,2018-06,4,0,True,0.0,master,valid_observed_phase_at_origin,BASE,calibration,1,-1,unassigned_nearest_donor_beyond_100km,pooled_unassigned_area,0,0.19,0,0.19
3848,2018-10,2018-06,4,1,True,1.0,master,valid_observed_phase_at_origin,BASE,calibration,1,-1,unassigned_nearest_donor_beyond_100km,pooled_unassigned_area,1,0.55,1,0.55
3849,2018-10,2018-06,4,1,True,1.0,master,valid_observed_phase_at_origin,BASE,calibration,1,-1,unassigned_nearest_donor_beyond_100km,pooled_unassigned_area,0,0.5,0,0.5
3850,2018-10,2018-06,4,1,True,1.0,master,valid_observed_phase_at_origin,BASE,calibration,1,-1,unassigned_nearest_donor_beyond_100km,pooled_unassigned_area,1,0.51,1,0.51
3851,2018-10,2018-06,4,1,True,1.0,master,valid_observed_phase_at_origin,BASE,calibration,1,-1,unassigned_nearest_donor_beyond_100km,pooled_unassigned_area,0,0.37,0,0.37
3852,2018-10,2018-06,4,1,True,1.0,master,valid_observed_phase_at_origin,BASE,calibration,1,-1,unassigned_nearest_donor_beyond_100km,pooled_unassigned_area,1,0.54,1,0.54
3853,2018-10,2018-06,4,0,True,0.0,master,valid_observed_phase_at_origin,BASE,calibration,1,-1,unassigned_nearest_donor_beyond_100km,pooled_unassigned_area,0,0.25,0,0.25
3854,2018-10,2018-06,4,1,True,1.0,master,valid_observed_phase_at_origin,BASE,calibration,1,-1,unassigned_nearest_donor_beyond_100km,pooled_unassigned_area,0,0.48,0,0.48
3855,2018-10,2018-06,4,1,True,1.0,master,valid_observed_phase_at_origin,BASE,calibration,1,-1,unassigned_nearest_donor_beyond_100km,pooled_unassigned_area,0,0.4,0,0.4
3856,2018-10,2018-06,4,1,True,1.0,master,valid_observed_phase_at_origin,BASE,calibration,1,-1,unassigned_nearest_donor_beyond_100km,pooled_unassigned_area,1,0.52,1,0.52
3857,2018-10,2018-06,4,1,True,1.0,master,valid_observed_phase_at_origin,BASE,calibration,1,-1,unassigned_nearest_donor_beyond_100km,pooled_unassigned_area,0,0.43,0,0.43
3858,2018-10,2018-06,4,1,True,1.0,master,valid_observed_phase_at_origin,BASE,calibration,1,-1,unassigned_nearest_donor_beyond_100km,pooled_unassigned_area,0,0.45,0,0.45
3859,2018-10,2018-06,4,0,True,0.0,master,valid_observed_phase_at_origin,BASE,calibration,1,-1,unassigned_nearest_donor_beyond_100km,pooled_unassigned_area,0,0.25,0,0.25
3860,2018-10,2018-06,4,1,True,1.0,master,valid_observed_phase_at_origin,BASE,calibration,1,-1,unassigned_nearest_donor_beyond_100km,pooled_unassigned_area,1,0.51,1,0.51
3861,2018-10,2018-06,4,1,True,1.0,master,valid_observed_phase_at_origin,BASE,calibration,1,-1,unassigned_nearest_donor_beyond_100km,pooled_unassigned_area,0,0.47,0,0.47
3862,2018-10,2018-06,4,1,True,1.0,master,valid_observed_phase_at_origin,BASE,calibration,1,-1,unassigned_nearest_donor_beyond_100km,pooled_unassigned_area,0,0.3,0,0.3
3863,2018-10,2018-06,4,1,True,1.0,master,valid_observed_phase_at_origin,BASE,calibration,1,-1,unassigned_nearest_donor_beyond_100km,pooled_unassigned_area,0,0.26,0,0.26
3864,2018-10,2018-06,4,1,True,1.0,master,valid_observed_phase_at_origin,BASE,calibration,1,-1,unassigned_nearest_donor_beyond_100km,pooled_unassigned_area,0,0.27,0,0.27
3865,2018-10,2018-06,4,1,True,1.0,master,valid_observed_phase_at_origin,BASE,calibration,1,-1,unassigned_nearest_donor_beyond_100km,pooled_unassigned_area,0,0.24,0,0.24
3866,2018-10,2018-06,4,0,True,0.0,master,valid_observed_phase_at_origin,BASE,calibration,1,-1,unassigned_nearest_donor_beyond_100km,pooled_unassigned_area,0,0.2,0,0.2
3867,2018-10,2018-06,4,0,True,0.0,master,valid_observed_phase_at_origin,BASE,calibration,1,-1,unassigned_nearest_donor_beyond_100km,pooled_unassigned_area,0,0.17,0,0.17
3868,2018-10,2018-06,4,1,True,1.0,master,valid_observed_phase_at_origin,BASE,calibration,1,-1,unassigned_nearest_donor_beyond_100km,pooled_unassigned_area,0,0.34,0,0.34
3869,2018-10,2018-06,4,1,True,1.0,master,valid_observed_phase_at_origin,BASE,calibration,1,-1,unassigned_nearest_donor_beyond_100km,pooled_unassigned_area,0,0.48,0,0.48
3870,2018-10,2018-06,4,0,True,0.0,master,valid_observed_phase_at_origin,BASE,calibration,1,-1,unassigned_nearest_donor_beyond_100km,pooled_unassigned_area,0,0.2,0,0.2
3871,2018-10,2018-06,4,1,True,1.0,master,valid_observed_phase_at_origin,BASE,calibration,1,-1,unassigned_nearest_donor_beyond_100km,pooled_unassigned_area,0,0.45,0,0.45
3872,2018-10,2018-06,4,0,True,0.0,master,valid_observed_phase_at_origin,BASE,calibration,1,-1,unassigned_nearest_donor_beyond_100km,pooled_unassigned_area,0,0.25,0,0.25
3873,2018-10,2018-06,4,0,True,0.0,master,valid_observed_phase_at_origin,BASE,calibration,1,-1,unassigned_nearest_donor_beyond_100km,pooled_unassigned_area,0,0.23,0,0.23
3874,2018-10,2018-06,4,0,True,0.0,master,valid_observed_phase_at_origin,BASE,calibration,1,-1,unassigned_nearest_donor_beyond_100km,pooled_unassigned_area,0,0.22,0,0.22
3875,2018-10,2018-06,4,0,True,1.0,master,valid_observed_phase_at_origin,BASE,calibration,1,-1,unassigned_nearest_donor_beyond_100km,pooled_unassigned_area,0,0.3,0,0.3
3878,2018-10,2018-06,4,1,True,1.0,master,valid_observed_phase_at_origin,BASE,calibration,1,-1,unassigned_nearest_donor_beyond_100km,pooled_unassigned_area,1,0.61,1,0.61
3879,2018-10,2018-06,4,1,True,1.0,master,valid_observed_phase_at_origin,BASE,calibration,1,-1,unassigned_nearest_donor_beyond_100km,pooled_unassigned_area,1,0.54,1,0.54
3880,2018-10,2018-06,4,1,True,1.0,master,valid_observed_phase_at_origin,BASE,calibration,1,-1,unassigned_nearest_donor_beyond_100km,pooled_unassigned_area,0,0.49,0,0.49
3881,2018-10,2018-06,4,1,True,1.0,master,valid_observed_phase_at_origin,BASE,calibration,1,-1,unassigned_nearest_donor_beyond_100km,pooled_unassigned_area,1,0.59,1,0.59
3882,2018-10,2018-06,4,1,True,1.0,master,valid_observed_phase_at_origin,BASE,calibration,1,-1,unassigned_nearest_donor_beyond_100km,pooled_unassigned_area,0,0.45,0,0.45
3883,2018-10,2018-06,4,0,True,0.0,master,valid_observed_phase_at_origin,BASE,calibration,1,-1,unassigned_nearest_donor_beyond_100km,pooled_unassigned_area,0,0.16,0,0.16
3884,2018-10,2018-06,4,0,True,0.0,master,valid_observed_phase_at_origin,BASE,calibration,1,-1,unassigned_nearest_donor_beyond_100km,pooled_unassigned_area,0,0.22,0,0.22
3885,2018-10,2018-06,4,0,True,0.0,master,valid_observed_phase_at_origin,BASE,calibration,1,-1,unassigned_nearest_donor_beyond_100km,pooled_unassigned_area,0,0.19,0,0.19
3886,2018-10,2018-06,4,0,True,0.0,master,valid_observed_phase_at_origin,BASE,calibration,1,-1,unassigned_nearest_donor_beyond_100km,pooled_unassigned_area,0,0.22,0,0.22
3887,2018-10,2018-06,4,0,True,0.0,master,valid_observed_phase_at_origin,BASE,calibration,1,-1,unassigned_nearest_donor_beyond_100km,pooled_unassigned_area,0,0.2,0,0.2
3888,2018-10,2018-06,4,1,True,1.0,master,valid_observed_phase_at_origin,BASE,calibration,1,-1,unassigned_nearest_donor_beyond_100km,pooled_unassigned_area,1,0.56,1,0.56
3889,2018-10,2018-06,4,1,True,1.0,master,valid_observed_phase_at_origin,BASE,calibration,1,-1,unassigned_nearest_donor_beyond_100km,pooled_unassigned_area,0,0.27,0,0.27
3890,2018-10,2018-06,4,1,True,1.0,master,valid_observed_phase_at_origin,BASE,calibration,1,-1,unassigned_nearest_donor_beyond_100km,pooled_unassigned_area,0,0.32,0,0.32
3891,2018-10,2018-06,4,1,True,1.0,master,valid_observed_phase_at_origin,BASE,calibration,1,-1,unassigned_nearest_donor_beyond_100km,pooled_unassigned_area,0,0.33,0,0.33
3894,2018-10,2018-06,4,0,True,0.0,master,valid_observed_phase_at_origin,BASE,calibration,1,-1,unassigned_nearest_donor_beyond_100km,pooled_unassigned_area,0,0.23,0,0.23
3895,2018-10,2018-06,4,0,True,0.0,master,valid_observed_phase_at_origin,BASE,calibration,1,-1,unassigned_nearest_donor_beyond_100km,pooled_unassigned_area,0,0.28,0,0.28
3896,2018-10,2018-06,4,0,True,0.0,master,valid_observed_phase_at_origin,BASE,calibration,1,-1,unassigned_nearest_donor_beyond_100km,pooled_unassigned_area,0,0.18,0,0.18
3897,2018-10,2018-06,4,0,True,0.0,master,valid_observed_phase_at_origin,BASE,calibration,1,-1,unassigned_nearest_donor_beyond_100km,pooled_unassigned_area,0,0.22,0,0.22
3898,2018-10,2018-06,4,0,True,0.0,master,valid_observed_phase_at_origin,BASE,calibration,1,-1,unassigned_nearest_donor_beyond_100km,pooled_unassigned_area,0,0.18,0,0.18
3899,2018-10,2018-06,4,0,True,0.0,master,valid_observed_phase_at_origin,BASE,calibration,1,-1,unassigned_nearest_donor_beyond_100km,pooled_unassigned_area,0,0.25,0,0.25
3900,2018-10,2018-06,4,1,True,0.0,master,valid_observed_phase_at_origin,BASE,calibration,1,-1,unassigned_nearest_donor_beyond_100km,pooled_unassigned_area,0,0.24,0,0.24
3901,2018-10,2018-06,4,1,True,0.0,master,valid_observed_phase_at_origin,BASE,calibration,1,-1,unassigned_nearest_donor_beyond_100km,pooled_unassigned_area,0,0.25,0,0.25
3902,2018-10,2018-06,4,0,True,0.0,master,valid_observed_phase_at_origin,BASE,calibration,1,11,completed_nearest_donor,local_partition_rf,0,0.21,0,0.28
3903,2018-10,2018-06,4,0,True,0.0,master,valid_observed_phase_at_origin,BASE,calibration,1,11,completed_nearest_donor,local_partition_rf,0,0.18,0,0.26
3904,2018-10,2018-06,4,1,True,0.0,master,valid_observed_phase_at_origin,BASE,calibration,1,-1,unassigned_nearest_donor_beyond_100km,pooled_unassigned_area,0,0.19,0,0.19
3905,2018-10,2018-06,4,0,True,0.0,master,valid_observed_phase_at_origin,BASE,calibration,1,11,completed_nearest_donor,local_partition_rf,0,0.23,0,0.23
3906,2018-10,2018-06,4,0,True,0.0,master,valid_observed_phase_at_origin,BASE,calibration,1,11,completed_nearest_donor,local_partition_rf,0,0.33,0,0.24
3907,2018-10,2018-06,4,1,True,0.0,master,valid_observed_phase_at_origin,BASE,calibration,1,-1,unassigned_nearest_donor_beyond_100km,pooled_unassigned_area,0,0.26,0,0.26
3908,2018-10,2018-06,4,1,True,1.0,master,valid_observed_phase_at_origin,BASE,calibration,1,11,completed_nearest_donor,local_partition_rf,0,0.35,0,0.38
3909,2018-10,2018-06,4,1,True,1.0,master,valid_observed_phase_at_origin,BASE,calibration,1,11,completed_nearest_donor,local_partition_rf,0,0.3,0,0.28
3910,2018-10,2018-06,4,0,True,0.0,master,valid_observed_phase_at_origin,BASE,calibration,1,11,completed_nearest_donor,local_partition_rf,0,0.27,0,0.27
3911,2018-10,2018-06,4,1,True,1.0,master,valid_observed_phase_at_origin,BASE,calibration,1,2,completed_nearest_donor,local_partition_rf,0,0.33,0,0.28
3912,2018-10,2018-06,4,1,True,1.0,master,valid_observed_phase_at_origin,BASE,calibration,1,11,completed_nearest_donor,local_partition_rf,0,0.31,0,0.32
3913,2018-10,2018-06,4,1,True,0.0,master,valid_observed_phase_at_origin,BASE,calibration,1,11,completed_nearest_donor,local_partition_rf,0,0.17,0,0.23
3914,2018-10,2018-06,4,0,True,0.0,master,valid_observed_phase_at_origin,BASE,calibration,1,-1,unassigned_nearest_donor_beyond_100km,pooled_unassigned_area,0,0.27,0,0.27
3927,2018-10,2018-06,4,1,True,1.0,master,valid_observed_phase_at_origin,BASE,calibration,1,-1,unassigned_nearest_donor_beyond_100km,pooled_unassigned_area,0,0.3,0,0.3
3928,2018-10,2018-06,4,1,True,1.0,master,valid_observed_phase_at_origin,BASE,calibration,1,-1,unassigned_nearest_donor_beyond_100km,pooled_unassigned_area,0,0.35,0,0.35
3929,2018-10,2018-06,4,0,True,0.0,master,valid_observed_phase_at_origin,BASE,calibration,1,-1,unassigned_nearest_donor_beyond_100km,pooled_unassigned_area,0,0.13,0,0.13
3930,2018-10,2018-06,4,0,True,0.0,master,valid_observed_phase_at_origin,BASE,calibration,1,-1,unassigned_nearest_donor_beyond_100km,pooled_unassigned_area,0,0.12,0,0.12
3931,2018-10,2018-06,4,0,True,0.0,master,valid_observed_phase_at_origin,BASE,calibration,1,-1,unassigned_nearest_donor_beyond_100km,pooled_unassigned_area,0,0.12,0,0.12
3932,2018-10,2018-06,4,0,True,0.0,master,valid_observed_phase_at_origin,BASE,calibration,1,-1,unassigned_nearest_donor_beyond_100km,pooled_unassigned_area,0,0.12,0,0.12
3933,2018-10,2018-06,4,0,True,0.0,master,valid_observed_phase_at_origin,BASE,calibration,1,-1,unassigned_nearest_donor_beyond_100km,pooled_unassigned_area,0,0.15,0,0.15
3934,2018-10,2018-06,4,0,True,0.0,master,valid_observed_phase_at_origin,BASE,calibration,1,-1,unassigned_nearest_donor_beyond_100km,pooled_unassigned_area,0,0.18,0,0.18
3935,2018-10,2018-06,4,0,True,0.0,master,valid_observed_phase_at_origin,BASE,calibration,1,-1,unassigned_nearest_donor_beyond_100km,pooled_unassigned_area,0,0.12,0,0.12
3936,2018-10,2018-06,4,0,True,0.0,master,valid_observed_phase_at_origin,BASE,calibration,1,-1,unassigned_nearest_donor_beyond_100km,pooled_unassigned_area,0,0.18,0,0.18
3937,2018-10,2018-06,4,1,True,1.0,master,valid_observed_phase_at_origin,BASE,calibration,1,2,completed_nearest_donor,local_partition_rf,0,0.27,0,0.29
3938,2018-10,2018-06,4,1,True,1.0,master,valid_observed_phase_at_origin,BASE,calibration,1,2,completed_nearest_donor,local_partition_rf,0,0.23,0,0.31
3939,2018-10,2018-06,4,0,True,0.0,master,valid_observed_phase_at_origin,BASE,calibration,1,-1,unassigned_nearest_donor_beyond_100km,pooled_unassigned_area,0,0.16,0,0.16
3940,2018-10,2018-06,4,0,True,0.0,master,valid_observed_phase_at_origin,BASE,calibration,1,-1,unassigned_nearest_donor_beyond_100km,pooled_unassigned_area,0,0.19,0,0.19
3941,2018-10,2018-06,4,0,True,0.0,master,valid_observed_phase_at_origin,BASE,calibration,1,-1,unassigned_nearest_donor_beyond_100km,pooled_unassigned_area,0,0.19,0,0.19
3942,2018-10,2018-06,4,0,True,0.0,master,valid_observed_phase_at_origin,BASE,calibration,1,-1,unassigned_nearest_donor_beyond_100km,pooled_unassigned_area,0,0.18,0,0.18
3943,2018-10,2018-06,4,0,True,0.0,master,valid_observed_phase_at_origin,BASE,calibration,1,-1,unassigned_nearest_donor_beyond_100km,pooled_unassigned_area,0,0.19,0,0.19
3944,2018-10,2018-06,4,0,True,0.0,master,valid_observed_phase_at_origin,BASE,calibration,1,-1,unassigned_nearest_donor_beyond_100km,pooled_unassigned_area,0,0.2,0,0.2
3945,2018-10,2018-06,4,1,True,1.0,master,valid_observed_phase_at_origin,BASE,calibration,1,2,completed_nearest_donor,local_partition_rf,0,0.26,0,0.31
3946,2018-10,2018-06,4,0,True,0.0,master,valid_observed_phase_at_origin,BASE,calibration,1,-1,unassigned_nearest_donor_beyond_100km,pooled_unassigned_area,0,0.17,0,0.17
3947,2018-10,2018-06,4,0,True,0.0,master,valid_observed_phase_at_origin,BASE,calibration,1,-1,unassigned_nearest_donor_beyond_100km,pooled_unassigned_area,0,0.13,0,0.13
3948,2018-10,2018-06,4,0,True,0.0,master,valid_observed_phase_at_origin,BASE,calibration,1,-1,unassigned_nearest_donor_beyond_100km,pooled_unassigned_area,0,0.17,0,0.17
3949,2018-10,2018-06,4,0,True,0.0,master,valid_observed_phase_at_origin,BASE,calibration,1,-1,unassigned_nearest_donor_beyond_100km,pooled_unassigned_area,0,0.15,0,0.15
3955,2018-10,2018-06,4,0,True,0.0,master,valid_observed_phase_at_origin,BASE,calibration,1,-1,unassigned_nearest_donor_beyond_100km,pooled_unassigned_area,0,0.2,0,0.2
3956,2018-10,2018-06,4,0,True,0.0,master,valid_observed_phase_at_origin,BASE,calibration,1,-1,unassigned_nearest_donor_beyond_100km,pooled_unassigned_area,0,0.24,0,0.24
3957,2018-10,2018-06,4,0,True,0.0,master,valid_observed_phase_at_origin,BASE,calibration,1,-1,unassigned_nearest_donor_beyond_100km,pooled_unassigned_area,0,0.17,0,0.17
3958,2018-10,2018-06,4,0,True,0.0,master,valid_observed_phase_at_origin,BASE,calibration,1,-1,unassigned_nearest_donor_beyond_100km,pooled_unassigned_area,0,0.17,0,0.17
3959,2018-10,2018-06,4,0,True,0.0,master,valid_observed_phase_at_origin,BASE,calibration,1,-1,unassigned_nearest_donor_beyond_100km,pooled_unassigned_area,0,0.24,0,0.24
3960,2018-10,2018-06,4,0,True,0.0,master,valid_observed_phase_at_origin,BASE,calibration,1,-1,unassigned_nearest_donor_beyond_100km,pooled_unassigned_area,0,0.22,0,0.22
3961,2018-10,2018-06,4,1,True,1.0,master,valid_observed_phase_at_origin,BASE,calibration,1,-1,unassigned_nearest_donor_beyond_100km,pooled_unassigned_area,0,0.43,0,0.43
3962,2018-10,2018-06,4,0,True,0.0,master,valid_observed_phase_at_origin,BASE,calibration,1,-1,unassigned_nearest_donor_beyond_100km,pooled_unassigned_area,0,0.2,0,0.2
3963,2018-10,2018-06,4,1,True,1.0,master,valid_observed_phase_at_origin,BASE,calibration,1,-1,unassigned_nearest_donor_beyond_100km,pooled_unassigned_area,0,0.45,0,0.45
3964,2018-10,2018-06,4,0,True,0.0,master,valid_observed_phase_at_origin,BASE,calibration,1,-1,unassigned_nearest_donor_beyond_100km,pooled_unassigned_area,0,0.21,0,0.21
3965,2018-10,2018-06,4,0,True,0.0,master,valid_observed_phase_at_origin,BASE,calibration,1,-1,unassigned_nearest_donor_beyond_100km,pooled_unassigned_area,0,0.15,0,0.15
3966,2018-10,2018-06,4,1,True,0.0,master,valid_observed_phase_at_origin,BASE,calibration,1,-1,unassigned_nearest_donor_beyond_100km,pooled_unassigned_area,0,0.2,0,0.2
3967,2018-10,2018-06,4,1,True,1.0,master,valid_observed_phase_at_origin,BASE,calibration,1,-1,unassigned_nearest_donor_beyond_100km,pooled_unassigned_area,0,0.38,0,0.38
3968,2018-10,2018-06,4,0,True,0.0,master,valid_observed_phase_at_origin,BASE,calibration,1,-1,unassigned_nearest_donor_beyond_100km,pooled_unassigned_area,0,0.16,0,0.16
3969,2018-10,2018-06,4,0,True,0.0,master,valid_observed_phase_at_origin,BASE,calibration,1,-1,unassigned_nearest_donor_beyond_100km,pooled_unassigned_area,0,0.27,0,0.27
3970,2018-10,2018-06,4,1,True,1.0,master,valid_observed_phase_at_origin,BASE,calibration,1,-1,unassigned_nearest_donor_beyond_100km,pooled_unassigned_area,0,0.33,0,0.33
3971,2018-10,2018-06,4,1,True,0.0,master,valid_observed_phase_at_origin,BASE,calibration,1,-1,unassigned_nearest_donor_beyond_100km,pooled_unassigned_area,0,0.28,0,0.28
3972,2018-10,2018-06,4,1,True,1.0,master,valid_observed_phase_at_origin,BASE,calibration,1,-1,unassigned_nearest_donor_beyond_100km,pooled_unassigned_area,0,0.45,0,0.45
3973,2018-10,2018-06,4,1,True,1.0,master,valid_observed_phase_at_origin,BASE,calibration,1,-1,unassigned_nearest_donor_beyond_100km,pooled_unassigned_area,0,0.38,0,0.38
3974,2018-10,2018-06,4,1,True,0.0,master,valid_observed_phase_at_origin,BASE,calibration,1,-1,unassigned_nearest_donor_beyond_100km,pooled_unassigned_area,0,0.41,0,0.41
3975,2018-10,2018-06,4,1,True,1.0,master,valid_observed_phase_at_origin,BASE,calibration,1,-1,unassigned_nearest_donor_beyond_100km,pooled_unassigned_area,1,0.52,1,0.52
3976,2018-10,2018-06,4,1,True,1.0,master,valid_observed_phase_at_origin,BASE,calibration,1,-1,unassigned_nearest_donor_beyond_100km,pooled_unassigned_area,1,0.54,1,0.54
3977,2018-10,2018-06,4,1,True,1.0,master,valid_observed_phase_at_origin,BASE,calibration,1,-1,unassigned_nearest_donor_beyond_100km,pooled_unassigned_area,1,0.62,1,0.62
3978,2018-10,2018-06,4,1,True,1.0,master,valid_observed_phase_at_origin,BASE,calibration,1,-1,unassigned_nearest_donor_beyond_100km,pooled_unassigned_area,0,0.5,0,0.5
3979,2018-10,2018-06,4,1,True,1.0,master,valid_observed_phase_at_origin,BASE,calibration,1,-1,unassigned_nearest_donor_beyond_100km,pooled_unassigned_area,1,0.56,1,0.56
3980,2018-10,2018-06,4,1,True,1.0,master,valid_observed_phase_at_origin,BASE,calibration,1,-1,unassigned_nearest_donor_beyond_100km,pooled_unassigned_area,1,0.59,1,0.59
3981,2018-10,2018-06,4,0,True,0.0,master,valid_observed_phase_at_origin,BASE,calibration,1,-1,unassigned_nearest_donor_beyond_100km,pooled_unassigned_area,0,0.26,0,0.26
3982,2018-10,2018-06,4,0,True,0.0,master,valid_observed_phase_at_origin,BASE,calibration,1,-1,unassigned_nearest_donor_beyond_100km,pooled_unassigned_area,0,0.3,0,0.3
3983,2018-10,2018-06,4,1,True,1.0,master,valid_observed_phase_at_origin,BASE,calibration,1,-1,unassigned_nearest_donor_beyond_100km,pooled_unassigned_area,1,0.63,1,0.63
3984,2018-10,2018-06,4,0,True,0.0,master,valid_observed_phase_at_origin,BASE,calibration,1,-1,unassigned_nearest_donor_beyond_100km,pooled_unassigned_area,0,0.17,0,0.17
3985,2018-10,2018-06,4,1,True,1.0,master,valid_observed_phase_at_origin,BASE,calibration,1,-1,unassigned_nearest_donor_beyond_100km,pooled_unassigned_area,1,0.58,1,0.58
3986,2018-10,2018-06,4,0,True,0.0,master,valid_observed_phase_at_origin,BASE,calibration,1,-1,unassigned_nearest_donor_beyond_100km,pooled_unassigned_area,0,0.23,0,0.23
3987,2018-10,2018-06,4,1,True,1.0,master,valid_observed_phase_at_origin,BASE,calibration,1,-1,unassigned_nearest_donor_beyond_100km,pooled_unassigned_area,1,0.65,1,0.65
3988,2018-10,2018-06,4,0,True,0.0,master,valid_observed_phase_at_origin,BASE,calibration,1,-1,unassigned_nearest_donor_beyond_100km,pooled_unassigned_area,0,0.3,0,0.3
3989,2018-10,2018-06,4,1,True,1.0,master,valid_observed_phase_at_origin,BASE,calibration,1,-1,unassigned_nearest_donor_beyond_100km,pooled_unassigned_area,1,0.53,1,0.53
3990,2018-10,2018-06,4,0,True,0.0,master,valid_observed_phase_at_origin,BASE,calibration,1,-1,unassigned_nearest_donor_beyond_100km,pooled_unassigned_area,0,0.24,0,0.24
3991,2018-10,2018-06,4,1,True,1.0,master,valid_observed_phase_at_origin,BASE,calibration,1,-1,unassigned_nearest_donor_beyond_100km,pooled_unassigned_area,0,0.48,0,0.48
3992,2018-10,2018-06,4,1,True,1.0,master,valid_observed_phase_at_origin,BASE,calibration,1,-1,unassigned_nearest_donor_beyond_100km,pooled_unassigned_area,1,0.6,1,0.6
3993,2018-10,2018-06,4,1,True,1.0,master,valid_observed_phase_at_origin,BASE,calibration,1,-1,unassigned_nearest_donor_beyond_100km,pooled_unassigned_area,1,0.53,1,0.53
3994,2018-10,2018-06,4,0,True,1.0,master,valid_observed_phase_at_origin,BASE,calibration,1,-1,unassigned_nearest_donor_beyond_100km,pooled_unassigned_area,0,0.41,0,0.41
3995,2018-10,2018-06,4,1,True,0.0,master,valid_observed_phase_at_origin,BASE,calibration,1,-1,unassigned_nearest_donor_beyond_100km,pooled_unassigned_area,0,0.24,0,0.24
3996,2018-10,2018-06,4,0,True,1.0,master,valid_observed_phase_at_origin,BASE,calibration,1,-1,unassigned_nearest_donor_beyond_100km,pooled_unassigned_area,0,0.42,0,0.42
3997,2018-10,2018-06,4,1,True,0.0,master,valid_observed_phase_at_origin,BASE,calibration,1,-1,unassigned_nearest_donor_beyond_100km,pooled_unassigned_area,0,0.3,0,0.3
3998,2018-10,2018-06,4,0,True,0.0,master,valid_observed_phase_at_origin,BASE,calibration,1,11,completed_nearest_donor,local_partition_rf,0,0.22,0,0.28
3999,2018-10,2018-06,4,0,True,0.0,master,valid_observed_phase_at_origin,BASE,calibration,1,11,completed_nearest_donor,local_partition_rf,0,0.17,0,0.28
4000,2018-10,2018-06,4,0,True,0.0,master,valid_observed_phase_at_origin,BASE,calibration,1,-1,unassigned_nearest_donor_beyond_100km,pooled_unassigned_area,0,0.08,0,0.08
4001,2018-10,2018-06,4,1,True,0.0,master,valid_observed_phase_at_origin,BASE,calibration,1,-1,unassigned_nearest_donor_beyond_100km,pooled_unassigned_area,0,0.05,0,0.05
4002,2018-10,2018-06,4,0,True,0.0,master,valid_observed_phase_at_origin,BASE,calibration,1,-1,unassigned_nearest_donor_beyond_100km,pooled_unassigned_area,0,0.06,0,0.06
4003,2018-10,2018-06,4,1,True,0.0,master,valid_observed_phase_at_origin,BASE,calibration,1,4,completed_nearest_donor,local_partition_rf,0,0.19,0,0.15
4004,2018-10,2018-06,4,0,True,0.0,master,valid_observed_phase_at_origin,BASE,calibration,1,-1,unassigned_nearest_donor_beyond_100km,pooled_unassigned_area,0,0.05,0,0.05
4005,2018-10,2018-06,4,0,True,0.0,master,valid_observed_phase_at_origin,BASE,calibration,1,4,completed_nearest_donor,local_partition_rf,0,0.13,0,0.08
4006,2018-10,2018-06,4,0,True,0.0,master,valid_observed_phase_at_origin,BASE,calibration,1,-1,unassigned_nearest_donor_beyond_100km,pooled_unassigned_area,0,0.04,0,0.04
4007,2018-10,2018-06,4,0,True,1.0,master,valid_observed_phase_at_origin,BASE,calibration,1,7,completed_nearest_donor,local_partition_rf,0,0.13,0,0.12
4008,2018-10,2018-06,4,0,True,0.0,master,valid_observed_phase_at_origin,BASE,calibration,1,4,completed_nearest_donor,local_partition_rf,0,0.09,0,0.06
4009,2018-10,2018-06,4,0,True,0.0,master,valid_observed_phase_at_origin,BASE,calibration,1,-1,unassigned_nearest_donor_beyond_100km,pooled_unassigned_area,0,0.07,0,0.07
4010,2018-10,2018-06,4,0,True,0.0,master,valid_observed_phase_at_origin,BASE,calibration,1,-1,unassigned_nearest_donor_beyond_100km,pooled_unassigned_area,0,0.02,0,0.02
4011,2018-10,2018-06,4,0,True,0.0,master,valid_observed_phase_at_origin,BASE,calibration,1,4,completed_nearest_donor,local_partition_rf,0,0.09,0,0.03
4012,2018-10,2018-06,4,0,True,0.0,master,valid_observed_phase_at_origin,BASE,calibration,1,-1,unassigned_nearest_donor_beyond_100km,pooled_unassigned_area,0,0.04,0,0.04
4013,2018-10,2018-06,4,0,True,0.0,master,valid_observed_phase_at_origin,BASE,calibration,1,-1,unassigned_nearest_donor_beyond_100km,pooled_unassigned_area,0,0.04,0,0.04
4014,2018-10,2018-06,4,0,True,0.0,master,valid_observed_phase_at_origin,BASE,calibration,1,-1,unassigned_nearest_donor_beyond_100km,pooled_unassigned_area,0,0.04,0,0.04
4015,2018-10,2018-06,4,0,True,0.0,master,valid_observed_phase_at_origin,BASE,calibration,1,4,completed_nearest_donor,local_partition_rf,0,0.12,0,0.03
4016,2018-10,2018-06,4,0,True,0.0,master,valid_observed_phase_at_origin,BASE,calibration,1,4,completed_nearest_donor,local_partition_rf,0,0.23,0,0.14
4017,2018-10,2018-06,4,1,True,0.0,master,valid_observed_phase_at_origin,BASE,calibration,1,-1,unassigned_nearest_donor_beyond_100km,pooled_unassigned_area,0,0.09,0,0.09
4018,2018-10,2018-06,4,0,True,1.0,master,valid_observed_phase_at_origin,BASE,calibration,1,7,completed_nearest_donor,local_partition_rf,0,0.09,0,0.16
4019,2018-10,2018-06,4,0,True,0.0,master,valid_observed_phase_at_origin,BASE,calibration,1,-1,unassigned_nearest_donor_beyond_100km,pooled_unassigned_area,0,0.08,0,0.08
4020,2018-10,2018-06,4,0,True,0.0,master,valid_observed_phase_at_origin,BASE,calibration,1,-1,unassigned_nearest_donor_beyond_100km,pooled_unassigned_area,0,0.03,0,0.03
4021,2018-10,2018-06,4,0,True,0.0,master,valid_observed_phase_at_origin,BASE,calibration,1,7,completed_nearest_donor,local_partition_rf,0,0.07,0,0.08
4022,2018-10,2018-06,4,0,True,0.0,master,valid_observed_phase_at_origin,BASE,calibration,1,-1,unassigned_nearest_donor_beyond_100km,pooled_unassigned_area,0,0.11,0,0.11
4023,2018-10,2018-06,4,1,True,0.0,master,valid_observed_phase_at_origin,BASE,calibration,1,4,completed_nearest_donor,local_partition_rf,0,0.19,0,0.11
4024,2018-10,2018-06,4,0,True,0.0,master,valid_observed_phase_at_origin,BASE,calibration,1,-1,unassigned_nearest_donor_beyond_100km,pooled_unassigned_area,0,0.1,0,0.1
4025,2018-10,2018-06,4,1,True,0.0,master,valid_observed_phase_at_origin,BASE,calibration,1,7,completed_nearest_donor,local_partition_rf,0,0.11,0,0.06
4026,2018-10,2018-06,4,0,True,0.0,master,valid_observed_phase_at_origin,BASE,calibration,1,-1,unassigned_nearest_donor_beyond_100km,pooled_unassigned_area,0,0.07,0,0.07
4027,2018-10,2018-06,4,0,True,0.0,master,valid_observed_phase_at_origin,BASE,calibration,1,-1,unassigned_nearest_donor_beyond_100km,pooled_unassigned_area,0,0.04,0,0.04
4028,2018-10,2018-06,4,0,True,0.0,master,valid_observed_phase_at_origin,BASE,calibration,1,-1,unassigned_nearest_donor_beyond_100km,pooled_unassigned_area,0,0.15,0,0.15
4029,2018-10,2018-06,4,0,True,0.0,master,valid_observed_phase_at_origin,BASE,calibration,1,-1,unassigned_nearest_donor_beyond_100km,pooled_unassigned_area,0,0.07,0,0.07
4030,2018-10,2018-06,4,0,True,0.0,master,valid_observed_phase_at_origin,BASE,calibration,1,-1,unassigned_nearest_donor_beyond_100km,pooled_unassigned_area,0,0.04,0,0.04
4031,2018-10,2018-06,4,0,True,0.0,master,valid_observed_phase_at_origin,BASE,calibration,1,-1,unassigned_nearest_donor_beyond_100km,pooled_unassigned_area,0,0.01,0,0.01
4032,2018-10,2018-06,4,0,True,0.0,master,valid_observed_phase_at_origin,BASE,calibration,1,-1,unassigned_nearest_donor_beyond_100km,pooled_unassigned_area,0,0.09,0,0.09
4033,2018-10,2018-06,4,0,True,0.0,master,valid_observed_phase_at_origin,BASE,calibration,1,7,completed_nearest_donor,local_partition_rf,0,0.06,0,0.09
4034,2018-10,2018-06,4,0,True,0.0,master,valid_observed_phase_at_origin,BASE,calibration,1,-1,unassigned_nearest_donor_beyond_100km,pooled_unassigned_area,0,0.03,0,0.03
4035,2018-10,2018-06,4,0,True,0.0,master,valid_observed_phase_at_origin,BASE,calibration,1,-1,unassigned_nearest_donor_beyond_100km,pooled_unassigned_area,0,0.02,0,0.02
4036,2018-10,2018-06,4,0,True,0.0,master,valid_observed_phase_at_origin,BASE,calibration,1,-1,unassigned_nearest_donor_beyond_100km,pooled_unassigned_area,0,0.01,0,0.01
4037,2018-10,2018-06,4,0,True,0.0,master,valid_observed_phase_at_origin,BASE,calibration,1,-1,unassigned_nearest_donor_beyond_100km,pooled_unassigned_area,0,0.07,0,0.07
4038,2018-10,2018-06,4,0,True,0.0,master,valid_observed_phase_at_origin,BASE,calibration,1,7,completed_nearest_donor,local_partition_rf,0,0.01,0,0.04
4039,2018-10,2018-06,4,0,True,0.0,master,valid_observed_phase_at_origin,BASE,calibration,1,7,completed_nearest_donor,local_partition_rf,0,0.01,0,0.03
4040,2018-10,2018-06,4,0,True,0.0,master,valid_observed_phase_at_origin,BASE,calibration,1,7,completed_nearest_donor,local_partition_rf,0,0.01,0,0.04
4041,2018-10,2018-06,4,0,True,0.0,master,valid_observed_phase_at_origin,BASE,calibration,1,7,completed_nearest_donor,local_partition_rf,0,0.05,0,0.05
4042,2018-10,2018-06,4,1,True,0.0,master,valid_observed_phase_at_origin,BASE,calibration,1,-1,unassigned_nearest_donor_beyond_100km,pooled_unassigned_area,0,0.12,0,0.12
4043,2018-10,2018-06,4,0,True,0.0,master,valid_observed_phase_at_origin,BASE,calibration,1,4,completed_nearest_donor,local_partition_rf,0,0.26,0,0.27
4044,2018-10,2018-06,4,0,True,0.0,master,valid_observed_phase_at_origin,BASE,calibration,1,-1,unassigned_nearest_donor_beyond_100km,pooled_unassigned_area,0,0.18,0,0.18
4045,2018-10,2018-06,4,1,True,0.0,master,valid_observed_phase_at_origin,BASE,calibration,1,-1,unassigned_nearest_donor_beyond_100km,pooled_unassigned_area,0,0.2,0,0.2
4046,2018-10,2018-06,4,1,True,0.0,master,valid_observed_phase_at_origin,BASE,calibration,1,-1,unassigned_nearest_donor_beyond_100km,pooled_unassigned_area,0,0.29,0,0.29
4047,2018-10,2018-06,4,0,True,0.0,master,valid_observed_phase_at_origin,BASE,calibration,1,-1,unassigned_nearest_donor_beyond_100km,pooled_unassigned_area,0,0.12,0,0.12
4048,2018-10,2018-06,4,0,True,0.0,master,valid_observed_phase_at_origin,BASE,calibration,1,-1,unassigned_nearest_donor_beyond_100km,pooled_unassigned_area,0,0.24,0,0.24
4049,2018-10,2018-06,4,1,True,0.0,master,valid_observed_phase_at_origin,BASE,calibration,1,-1,unassigned_nearest_donor_beyond_100km,pooled_unassigned_area,0,0.27,0,0.27
4050,2018-10,2018-06,4,0,True,0.0,master,valid_observed_phase_at_origin,BASE,calibration,1,4,completed_nearest_donor,local_partition_rf,0,0.08,0,0.05
4051,2018-10,2018-06,4,0,True,0.0,master,valid_observed_phase_at_origin,BASE,calibration,1,4,completed_nearest_donor,local_partition_rf,0,0.09,0,0.05
4052,2018-10,2018-06,4,0,True,0.0,master,valid_observed_phase_at_origin,BASE,calibration,1,4,completed_nearest_donor,local_partition_rf,0,0.11,0,0.05
4053,2018-10,2018-06,4,0,True,0.0,master,valid_observed_phase_at_origin,BASE,calibration,1,4,completed_nearest_donor,local_partition_rf,0,0.13,0,0.06
4054,2018-10,2018-06,4,0,True,0.0,master,valid_observed_phase_at_origin,BASE,calibration,1,4,completed_nearest_donor,local_partition_rf,0,0.08,0,0.05
4055,2018-10,2018-06,4,0,True,0.0,master,valid_observed_phase_at_origin,BASE,calibration,1,-1,unassigned_nearest_donor_beyond_100km,pooled_unassigned_area,0,0.02,0,0.02
4056,2018-10,2018-06,4,0,True,0.0,master,valid_observed_phase_at_origin,BASE,calibration,1,-1,unassigned_nearest_donor_beyond_100km,pooled_unassigned_area,0,0.01,0,0.01
4057,2018-10,2018-06,4,0,True,0.0,master,valid_observed_phase_at_origin,BASE,calibration,1,-1,unassigned_nearest_donor_beyond_100km,pooled_unassigned_area,0,0.11,0,0.11
4058,2018-10,2018-06,4,0,True,0.0,master,valid_observed_phase_at_origin,BASE,calibration,1,-1,unassigned_nearest_donor_beyond_100km,pooled_unassigned_area,0,0.09,0,0.09
4059,2018-10,2018-06,4,0,True,0.0,master,valid_observed_phase_at_origin,BASE,calibration,1,-1,unassigned_nearest_donor_beyond_100km,pooled_unassigned_area,0,0.05,0,0.05
4060,2018-10,2018-06,4,0,True,0.0,master,valid_observed_phase_at_origin,BASE,calibration,1,-1,unassigned_nearest_donor_beyond_100km,pooled_unassigned_area,0,0.15,0,0.15
4061,2018-10,2018-06,4,0,True,0.0,master,valid_observed_phase_at_origin,BASE,calibration,1,-1,unassigned_nearest_donor_beyond_100km,pooled_unassigned_area,0,0.11,0,0.11
4062,2018-10,2018-06,4,0,True,0.0,master,valid_observed_phase_at_origin,BASE,calibration,1,-1,unassigned_nearest_donor_beyond_100km,pooled_unassigned_area,0,0.08,0,0.08
4063,2018-10,2018-06,4,0,True,0.0,master,valid_observed_phase_at_origin,BASE,calibration,1,-1,unassigned_nearest_donor_beyond_100km,pooled_unassigned_area,0,0.08,0,0.08
4064,2018-10,2018-06,4,0,True,0.0,master,valid_observed_phase_at_origin,BASE,calibration,1,-1,unassigned_nearest_donor_beyond_100km,pooled_unassigned_area,0,0.06,0,0.06
4065,2018-10,2018-06,4,0,True,0.0,master,valid_observed_phase_at_origin,BASE,calibration,1,-1,unassigned_nearest_donor_beyond_100km,pooled_unassigned_area,0,0.1,0,0.1
4066,2018-10,2018-06,4,0,True,0.0,master,valid_observed_phase_at_origin,BASE,calibration,1,-1,unassigned_nearest_donor_beyond_100km,pooled_unassigned_area,0,0.02,0,0.02
4067,2018-10,2018-06,4,0,True,0.0,master,valid_observed_phase_at_origin,BASE,calibration,1,-1,unassigned_nearest_donor_beyond_100km,pooled_unassigned_area,0,0.08,0,0.08
4068,2018-10,2018-06,4,0,True,0.0,master,valid_observed_phase_at_origin,BASE,calibration,1,-1,unassigned_nearest_donor_beyond_100km,pooled_unassigned_area,0,0.09,0,0.09
4069,2018-10,2018-06,4,0,True,0.0,master,valid_observed_phase_at_origin,BASE,calibration,1,-1,unassigned_nearest_donor_beyond_100km,pooled_unassigned_area,0,0.1,0,0.1
4070,2018-10,2018-06,4,0,True,0.0,master,valid_observed_phase_at_origin,BASE,calibration,1,-1,unassigned_nearest_donor_beyond_100km,pooled_unassigned_area,0,0.02,0,0.02
4071,2018-10,2018-06,4,0,True,0.0,master,valid_observed_phase_at_origin,BASE,calibration,1,-1,unassigned_nearest_donor_beyond_100km,pooled_unassigned_area,0,0.08,0,0.08
4072,2018-10,2018-06,4,0,True,0.0,master,valid_observed_phase_at_origin,BASE,calibration,1,-1,unassigned_nearest_donor_beyond_100km,pooled_unassigned_area,0,0.03,0,0.03
4073,2018-10,2018-06,4,0,True,0.0,master,valid_observed_phase_at_origin,BASE,calibration,1,-1,unassigned_nearest_donor_beyond_100km,pooled_unassigned_area,0,0.05,0,0.05
4074,2018-10,2018-06,4,0,True,0.0,master,valid_observed_phase_at_origin,BASE,calibration,1,-1,unassigned_nearest_donor_beyond_100km,pooled_unassigned_area,0,0.07,0,0.07
4075,2018-10,2018-06,4,0,True,0.0,master,valid_observed_phase_at_origin,BASE,calibration,1,-1,unassigned_nearest_donor_beyond_100km,pooled_unassigned_area,0,0.08,0,0.08
4076,2018-10,2018-06,4,0,True,0.0,master,valid_observed_phase_at_origin,BASE,calibration,1,-1,unassigned_nearest_donor_beyond_100km,pooled_unassigned_area,0,0.03,0,0.03
4077,2018-10,2018-06,4,0,True,0.0,master,valid_observed_phase_at_origin,BASE,calibration,1,-1,unassigned_nearest_donor_beyond_100km,pooled_unassigned_area,0,0.09,0,0.09
4078,2018-10,2018-06,4,0,True,0.0,master,valid_observed_phase_at_origin,BASE,calibration,1,-1,unassigned_nearest_donor_beyond_100km,pooled_unassigned_area,0,0.05,0,0.05
4079,2018-10,2018-06,4,0,True,0.0,master,valid_observed_phase_at_origin,BASE,calibration,1,-1,unassigned_nearest_donor_beyond_100km,pooled_unassigned_area,0,0.09,0,0.09
4080,2018-10,2018-06,4,0,True,0.0,master,valid_observed_phase_at_origin,BASE,calibration,1,-1,unassigned_nearest_donor_beyond_100km,pooled_unassigned_area,0,0.05,0,0.05
4081,2018-10,2018-06,4,0,True,0.0,master,valid_observed_phase_at_origin,BASE,calibration,1,-1,unassigned_nearest_donor_beyond_100km,pooled_unassigned_area,0,0.06,0,0.06
4082,2018-10,2018-06,4,0,True,0.0,master,valid_observed_phase_at_origin,BASE,calibration,1,-1,unassigned_nearest_donor_beyond_100km,pooled_unassigned_area,0,0.02,0,0.02
4083,2018-10,2018-06,4,0,True,0.0,master,valid_observed_phase_at_origin,BASE,calibration,1,-1,unassigned_nearest_donor_beyond_100km,pooled_unassigned_area,0,0.09,0,0.09
4084,2018-10,2018-06,4,0,True,0.0,master,valid_observed_phase_at_origin,BASE,calibration,1,-1,unassigned_nearest_donor_beyond_100km,pooled_unassigned_area,0,0.09,0,0.09
4085,2018-10,2018-06,4,0,True,0.0,master,valid_observed_phase_at_origin,BASE,calibration,1,-1,unassigned_nearest_donor_beyond_100km,pooled_unassigned_area,0,0.03,0,0.03
4086,2018-10,2018-06,4,0,True,0.0,master,valid_observed_phase_at_origin,BASE,calibration,1,-1,unassigned_nearest_donor_beyond_100km,pooled_unassigned_area,0,0.05,0,0.05
4087,2018-10,2018-06,4,0,True,0.0,master,valid_observed_phase_at_origin,BASE,calibration,1,-1,unassigned_nearest_donor_beyond_100km,pooled_unassigned_area,0,0.05,0,0.05
4088,2018-10,2018-06,4,0,True,0.0,master,valid_observed_phase_at_origin,BASE,calibration,1,-1,unassigned_nearest_donor_beyond_100km,pooled_unassigned_area,0,0.13,0,0.13
4089,2018-10,2018-06,4,0,True,0.0,master,valid_observed_phase_at_origin,BASE,calibration,1,-1,unassigned_nearest_donor_beyond_100km,pooled_unassigned_area,0,0.12,0,0.12
4090,2018-10,2018-06,4,0,True,0.0,master,valid_observed_phase_at_origin,BASE,calibration,1,-1,unassigned_nearest_donor_beyond_100km,pooled_unassigned_area,0,0.08,0,0.08
4091,2018-10,2018-06,4,0,True,0.0,master,valid_observed_phase_at_origin,BASE,calibration,1,-1,unassigned_nearest_donor_beyond_100km,pooled_unassigned_area,0,0.0,0,0.0
4092,2018-10,2018-06,4,0,True,0.0,master,valid_observed_phase_at_origin,BASE,calibration,1,-1,unassigned_nearest_donor_beyond_100km,pooled_unassigned_area,0,0.09,0,0.09
4093,2018-10,2018-06,4,0,True,0.0,master,valid_observed_phase_at_origin,BASE,calibration,1,-1,unassigned_nearest_donor_beyond_100km,pooled_unassigned_area,0,0.05,0,0.05
4094,2018-10,2018-06,4,0,True,0.0,master,valid_observed_phase_at_origin,BASE,calibration,1,-1,unassigned_nearest_donor_beyond_100km,pooled_unassigned_area,0,0.06,0,0.06
4095,2018-10,2018-06,4,0,True,0.0,master,valid_observed_phase_at_origin,BASE,calibration,1,-1,unassigned_nearest_donor_beyond_100km,pooled_unassigned_area,0,0.1,0,0.1
4096,2018-10,2018-06,4,0,True,0.0,master,valid_observed_phase_at_origin,BASE,calibration,1,-1,unassigned_nearest_donor_beyond_100km,pooled_unassigned_area,0,0.07,0,0.07
4097,2018-10,2018-06,4,0,True,0.0,master,valid_observed_phase_at_origin,BASE,calibration,1,-1,unassigned_nearest_donor_beyond_100km,pooled_unassigned_area,0,0.1,0,0.1
4098,2018-10,2018-06,4,0,True,0.0,master,valid_observed_phase_at_origin,BASE,calibration,1,-1,unassigned_nearest_donor_beyond_100km,pooled_unassigned_area,0,0.06,0,0.06
4099,2018-10,2018-06,4,0,True,0.0,master,valid_observed_phase_at_origin,BASE,calibration,1,-1,unassigned_nearest_donor_beyond_100km,pooled_unassigned_area,0,0.09,0,0.09
4100,2018-10,2018-06,4,0,True,0.0,master,valid_observed_phase_at_origin,BASE,calibration,1,-1,unassigned_nearest_donor_beyond_100km,pooled_unassigned_area,0,0.02,0,0.02
4101,2018-10,2018-06,4,0,True,0.0,master,valid_observed_phase_at_origin,BASE,calibration,1,-1,unassigned_nearest_donor_beyond_100km,pooled_unassigned_area,0,0.11,0,0.11
4102,2018-10,2018-06,4,0,True,0.0,master,valid_observed_phase_at_origin,BASE,calibration,1,-1,unassigned_nearest_donor_beyond_100km,pooled_unassigned_area,0,0.11,0,0.11
4103,2018-10,2018-06,4,0,True,0.0,master,valid_observed_phase_at_origin,BASE,calibration,1,-1,unassigned_nearest_donor_beyond_100km,pooled_unassigned_area,0,0.12,0,0.12
4104,2018-10,2018-06,4,0,True,0.0,master,valid_observed_phase_at_origin,BASE,calibration,1,-1,unassigned_nearest_donor_beyond_100km,pooled_unassigned_area,0,0.1,0,0.1
4105,2018-10,2018-06,4,0,True,0.0,master,valid_observed_phase_at_origin,BASE,calibration,1,-1,unassigned_nearest_donor_beyond_100km,pooled_unassigned_area,0,0.13,0,0.13
4106,2018-10,2018-06,4,0,True,0.0,master,valid_observed_phase_at_origin,BASE,calibration,1,-1,unassigned_nearest_donor_beyond_100km,pooled_unassigned_area,0,0.11,0,0.11
4107,2018-10,2018-06,4,0,True,0.0,master,valid_observed_phase_at_origin,BASE,calibration,1,-1,unassigned_nearest_donor_beyond_100km,pooled_unassigned_area,0,0.13,0,0.13
4108,2018-10,2018-06,4,0,True,0.0,master,valid_observed_phase_at_origin,BASE,calibration,1,-1,unassigned_nearest_donor_beyond_100km,pooled_unassigned_area,0,0.06,0,0.06
4109,2018-10,2018-06,4,0,True,0.0,master,valid_observed_phase_at_origin,BASE,calibration,1,-1,unassigned_nearest_donor_beyond_100km,pooled_unassigned_area,0,0.11,0,0.11
4110,2018-10,2018-06,4,0,True,0.0,master,valid_observed_phase_at_origin,BASE,calibration,1,-1,unassigned_nearest_donor_beyond_100km,pooled_unassigned_area,0,0.08,0,0.08
4111,2018-10,2018-06,4,0,True,0.0,master,valid_observed_phase_at_origin,BASE,calibration,1,-1,unassigned_nearest_donor_beyond_100km,pooled_unassigned_area,0,0.06,0,0.06
4112,2018-10,2018-06,4,0,True,0.0,master,valid_observed_phase_at_origin,BASE,calibration,1,-1,unassigned_nearest_donor_beyond_100km,pooled_unassigned_area,0,0.09,0,0.09
4113,2018-10,2018-06,4,0,True,0.0,master,valid_observed_phase_at_origin,BASE,calibration,1,-1,unassigned_nearest_donor_beyond_100km,pooled_unassigned_area,0,0.12,0,0.12
4114,2018-10,2018-06,4,0,True,0.0,master,valid_observed_phase_at_origin,BASE,calibration,1,-1,unassigned_nearest_donor_beyond_100km,pooled_unassigned_area,0,0.06,0,0.06
4115,2018-10,2018-06,4,0,True,0.0,master,valid_observed_phase_at_origin,BASE,calibration,1,-1,unassigned_nearest_donor_beyond_100km,pooled_unassigned_area,0,0.13,0,0.13
4116,2018-10,2018-06,4,0,True,0.0,master,valid_observed_phase_at_origin,BASE,calibration,1,-1,unassigned_nearest_donor_beyond_100km,pooled_unassigned_area,0,0.08,0,0.08
4117,2018-10,2018-06,4,0,True,0.0,master,valid_observed_phase_at_origin,BASE,calibration,1,-1,unassigned_nearest_donor_beyond_100km,pooled_unassigned_area,0,0.07,0,0.07
4118,2018-10,2018-06,4,0,True,0.0,master,valid_observed_phase_at_origin,BASE,calibration,1,-1,unassigned_nearest_donor_beyond_100km,pooled_unassigned_area,0,0.1,0,0.1
4119,2018-10,2018-06,4,0,True,0.0,master,valid_observed_phase_at_origin,BASE,calibration,1,-1,unassigned_nearest_donor_beyond_100km,pooled_unassigned_area,0,0.08,0,0.08
4120,2018-10,2018-06,4,0,True,0.0,master,valid_observed_phase_at_origin,BASE,calibration,1,-1,unassigned_nearest_donor_beyond_100km,pooled_unassigned_area,0,0.09,0,0.09
4121,2018-10,2018-06,4,0,True,0.0,master,valid_observed_phase_at_origin,BASE,calibration,1,-1,unassigned_nearest_donor_beyond_100km,pooled_unassigned_area,0,0.05,0,0.05
4122,2018-10,2018-06,4,0,True,0.0,master,valid_observed_phase_at_origin,BASE,calibration,1,-1,unassigned_nearest_donor_beyond_100km,pooled_unassigned_area,0,0.13,0,0.13
4123,2018-10,2018-06,4,0,True,0.0,master,valid_observed_phase_at_origin,BASE,calibration,1,-1,unassigned_nearest_donor_beyond_100km,pooled_unassigned_area,0,0.08,0,0.08
4124,2018-10,2018-06,4,0,True,0.0,master,valid_observed_phase_at_origin,BASE,calibration,1,-1,unassigned_nearest_donor_beyond_100km,pooled_unassigned_area,0,0.13,0,0.13
4125,2018-10,2018-06,4,0,True,0.0,master,valid_observed_phase_at_origin,BASE,calibration,1,-1,unassigned_nearest_donor_beyond_100km,pooled_unassigned_area,0,0.09,0,0.09
4126,2018-10,2018-06,4,0,True,0.0,master,valid_observed_phase_at_origin,BASE,calibration,1,-1,unassigned_nearest_donor_beyond_100km,pooled_unassigned_area,0,0.17,0,0.17
4127,2018-10,2018-06,4,0,True,0.0,master,valid_observed_phase_at_origin,BASE,calibration,1,-1,unassigned_nearest_donor_beyond_100km,pooled_unassigned_area,0,0.09,0,0.09
4128,2018-10,2018-06,4,0,True,0.0,master,valid_observed_phase_at_origin,BASE,calibration,1,-1,unassigned_nearest_donor_beyond_100km,pooled_unassigned_area,0,0.03,0,0.03
4129,2018-10,2018-06,4,0,True,0.0,master,valid_observed_phase_at_origin,BASE,calibration,1,-1,unassigned_nearest_donor_beyond_100km,pooled_unassigned_area,0,0.07,0,0.07
4130,2018-10,2018-06,4,0,True,0.0,master,valid_observed_phase_at_origin,BASE,calibration,1,7,completed_nearest_donor,local_partition_rf,0,0.19,0,0.08
4131,2018-10,2018-06,4,0,True,0.0,master,valid_observed_phase_at_origin,BASE,calibration,1,7,completed_nearest_donor,local_partition_rf,0,0.09,0,0.02
4132,2018-10,2018-06,4,0,True,0.0,master,valid_observed_phase_at_origin,BASE,calibration,1,-1,unassigned_nearest_donor_beyond_100km,pooled_unassigned_area,0,0.03,0,0.03
4133,2018-10,2018-06,4,0,True,0.0,master,valid_observed_phase_at_origin,BASE,calibration,1,-1,unassigned_nearest_donor_beyond_100km,pooled_unassigned_area,0,0.03,0,0.03
4134,2018-10,2018-06,4,0,True,0.0,master,valid_observed_phase_at_origin,BASE,calibration,1,-1,unassigned_nearest_donor_beyond_100km,pooled_unassigned_area,0,0.04,0,0.04
4135,2018-10,2018-06,4,0,True,0.0,master,valid_observed_phase_at_origin,BASE,calibration,1,-1,unassigned_nearest_donor_beyond_100km,pooled_unassigned_area,0,0.06,0,0.06
4136,2018-10,2018-06,4,0,True,0.0,master,valid_observed_phase_at_origin,BASE,calibration,1,-1,unassigned_nearest_donor_beyond_100km,pooled_unassigned_area,0,0.01,0,0.01
4137,2018-10,2018-06,4,0,True,0.0,master,valid_observed_phase_at_origin,BASE,calibration,1,-1,unassigned_nearest_donor_beyond_100km,pooled_unassigned_area,0,0.08,0,0.08
4138,2018-10,2018-06,4,0,True,0.0,master,valid_observed_phase_at_origin,BASE,calibration,1,-1,unassigned_nearest_donor_beyond_100km,pooled_unassigned_area,0,0.11,0,0.11
4139,2018-10,2018-06,4,0,True,0.0,master,valid_observed_phase_at_origin,BASE,calibration,1,-1,unassigned_nearest_donor_beyond_100km,pooled_unassigned_area,0,0.09,0,0.09
4140,2018-10,2018-06,4,0,True,0.0,master,valid_observed_phase_at_origin,BASE,calibration,1,-1,unassigned_nearest_donor_beyond_100km,pooled_unassigned_area,0,0.07,0,0.07
4141,2018-10,2018-06,4,0,True,0.0,master,valid_observed_phase_at_origin,BASE,calibration,1,-1,unassigned_nearest_donor_beyond_100km,pooled_unassigned_area,0,0.08,0,0.08
4142,2018-10,2018-06,4,0,True,0.0,master,valid_observed_phase_at_origin,BASE,calibration,1,-1,unassigned_nearest_donor_beyond_100km,pooled_unassigned_area,0,0.04,0,0.04
4143,2018-10,2018-06,4,0,True,0.0,master,valid_observed_phase_at_origin,BASE,calibration,1,-1,unassigned_nearest_donor_beyond_100km,pooled_unassigned_area,0,0.08,0,0.08
4144,2018-10,2018-06,4,0,True,0.0,master,valid_observed_phase_at_origin,BASE,calibration,1,7,completed_nearest_donor,local_partition_rf,0,0.05,0,0.02
4145,2018-10,2018-06,4,0,True,0.0,master,valid_observed_phase_at_origin,BASE,calibration,1,-1,unassigned_nearest_donor_beyond_100km,pooled_unassigned_area,0,0.05,0,0.05
4146,2018-10,2018-06,4,0,True,0.0,master,valid_observed_phase_at_origin,BASE,calibration,1,-1,unassigned_nearest_donor_beyond_100km,pooled_unassigned_area,0,0.05,0,0.05
4147,2018-10,2018-06,4,0,True,0.0,master,valid_observed_phase_at_origin,BASE,calibration,1,7,completed_nearest_donor,local_partition_rf,0,0.06,0,0.04
4148,2018-10,2018-06,4,0,True,0.0,master,valid_observed_phase_at_origin,BASE,calibration,1,-1,unassigned_nearest_donor_beyond_100km,pooled_unassigned_area,0,0.03,0,0.03
4149,2018-10,2018-06,4,0,True,0.0,master,valid_observed_phase_at_origin,BASE,calibration,1,-1,unassigned_nearest_donor_beyond_100km,pooled_unassigned_area,0,0.09,0,0.09
4150,2018-10,2018-06,4,0,True,0.0,master,valid_observed_phase_at_origin,BASE,calibration,1,-1,unassigned_nearest_donor_beyond_100km,pooled_unassigned_area,0,0.09,0,0.09
4151,2018-10,2018-06,4,0,True,0.0,master,valid_observed_phase_at_origin,BASE,calibration,1,-1,unassigned_nearest_donor_beyond_100km,pooled_unassigned_area,0,0.11,0,0.11
4152,2018-10,2018-06,4,0,True,0.0,master,valid_observed_phase_at_origin,BASE,calibration,1,-1,unassigned_nearest_donor_beyond_100km,pooled_unassigned_area,0,0.08,0,0.08
4153,2018-10,2018-06,4,0,True,0.0,master,valid_observed_phase_at_origin,BASE,calibration,1,7,completed_nearest_donor,local_partition_rf,0,0.05,0,0.03
4154,2018-10,2018-06,4,0,True,0.0,master,valid_observed_phase_at_origin,BASE,calibration,1,7,completed_nearest_donor,local_partition_rf,0,0.02,0,0.01
4155,2018-10,2018-06,4,0,True,0.0,master,valid_observed_phase_at_origin,BASE,calibration,1,7,completed_nearest_donor,local_partition_rf,0,0.02,0,0.03
4156,2018-10,2018-06,4,0,True,0.0,master,valid_observed_phase_at_origin,BASE,calibration,1,7,completed_nearest_donor,local_partition_rf,0,0.06,0,0.01
4157,2018-10,2018-06,4,0,True,0.0,master,valid_observed_phase_at_origin,BASE,calibration,1,7,completed_nearest_donor,local_partition_rf,0,0.02,0,0.05
4158,2018-10,2018-06,4,0,True,0.0,master,valid_observed_phase_at_origin,BASE,calibration,1,7,completed_nearest_donor,local_partition_rf,0,0.04,0,0.03
4159,2018-10,2018-06,4,0,True,0.0,master,valid_observed_phase_at_origin,BASE,calibration,1,7,completed_nearest_donor,local_partition_rf,0,0.05,0,0.04
4160,2018-10,2018-06,4,0,True,0.0,master,valid_observed_phase_at_origin,BASE,calibration,1,-1,unassigned_nearest_donor_beyond_100km,pooled_unassigned_area,0,0.11,0,0.11
4161,2018-10,2018-06,4,0,True,0.0,master,valid_observed_phase_at_origin,BASE,calibration,1,7,completed_nearest_donor,local_partition_rf,0,0.26,0,0.1
4162,2018-10,2018-06,4,0,True,0.0,master,valid_observed_phase_at_origin,BASE,calibration,1,-1,unassigned_nearest_donor_beyond_100km,pooled_unassigned_area,0,0.08,0,0.08
4163,2018-10,2018-06,4,0,True,0.0,master,valid_observed_phase_at_origin,BASE,calibration,1,-1,unassigned_nearest_donor_beyond_100km,pooled_unassigned_area,0,0.08,0,0.08
4164,2018-10,2018-06,4,0,True,0.0,master,valid_observed_phase_at_origin,BASE,calibration,1,7,completed_nearest_donor,local_partition_rf,0,0.04,0,0.03
4165,2018-10,2018-06,4,0,True,0.0,master,valid_observed_phase_at_origin,BASE,calibration,1,-1,unassigned_nearest_donor_beyond_100km,pooled_unassigned_area,0,0.03,0,0.03
4166,2018-10,2018-06,4,0,True,0.0,master,valid_observed_phase_at_origin,BASE,calibration,1,-1,unassigned_nearest_donor_beyond_100km,pooled_unassigned_area,0,0.05,0,0.05
4167,2018-10,2018-06,4,0,True,0.0,master,valid_observed_phase_at_origin,BASE,calibration,1,-1,unassigned_nearest_donor_beyond_100km,pooled_unassigned_area,0,0.03,0,0.03
4168,2018-10,2018-06,4,0,True,0.0,master,valid_observed_phase_at_origin,BASE,calibration,1,-1,unassigned_nearest_donor_beyond_100km,pooled_unassigned_area,0,0.01,0,0.01
4169,2018-10,2018-06,4,0,True,0.0,master,valid_observed_phase_at_origin,BASE,calibration,1,-1,unassigned_nearest_donor_beyond_100km,pooled_unassigned_area,0,0.02,0,0.02
4170,2018-10,2018-06,4,0,True,0.0,master,valid_observed_phase_at_origin,BASE,calibration,1,-1,unassigned_nearest_donor_beyond_100km,pooled_unassigned_area,0,0.02,0,0.02
4171,2018-10,2018-06,4,0,True,0.0,master,valid_observed_phase_at_origin,BASE,calibration,1,-1,unassigned_nearest_donor_beyond_100km,pooled_unassigned_area,0,0.03,0,0.03
4172,2018-10,2018-06,4,0,True,0.0,master,valid_observed_phase_at_origin,BASE,calibration,1,-1,unassigned_nearest_donor_beyond_100km,pooled_unassigned_area,0,0.04,0,0.04
4173,2018-10,2018-06,4,0,True,0.0,master,valid_observed_phase_at_origin,BASE,calibration,1,-1,unassigned_nearest_donor_beyond_100km,pooled_unassigned_area,0,0.08,0,0.08
4174,2018-10,2018-06,4,0,True,0.0,master,valid_observed_phase_at_origin,BASE,calibration,1,-1,unassigned_nearest_donor_beyond_100km,pooled_unassigned_area,0,0.04,0,0.04
4175,2018-10,2018-06,4,0,True,0.0,master,valid_observed_phase_at_origin,BASE,calibration,1,-1,unassigned_nearest_donor_beyond_100km,pooled_unassigned_area,0,0.03,0,0.03
4176,2018-10,2018-06,4,0,True,0.0,master,valid_observed_phase_at_origin,BASE,calibration,1,-1,unassigned_nearest_donor_beyond_100km,pooled_unassigned_area,0,0.07,0,0.07
4177,2018-10,2018-06,4,0,True,0.0,master,valid_observed_phase_at_origin,BASE,calibration,1,-1,unassigned_nearest_donor_beyond_100km,pooled_unassigned_area,0,0.1,0,0.1
4178,2018-10,2018-06,4,0,True,0.0,master,valid_observed_phase_at_origin,BASE,calibration,1,-1,unassigned_nearest_donor_beyond_100km,pooled_unassigned_area,0,0.05,0,0.05
4179,2018-10,2018-06,4,0,True,0.0,master,valid_observed_phase_at_origin,BASE,calibration,1,-1,unassigned_nearest_donor_beyond_100km,pooled_unassigned_area,0,0.05,0,0.05
4180,2018-10,2018-06,4,0,True,0.0,master,valid_observed_phase_at_origin,BASE,calibration,1,-1,unassigned_nearest_donor_beyond_100km,pooled_unassigned_area,0,0.06,0,0.06
4181,2018-10,2018-06,4,0,True,0.0,master,valid_observed_phase_at_origin,BASE,calibration,1,-1,unassigned_nearest_donor_beyond_100km,pooled_unassigned_area,0,0.04,0,0.04
4182,2018-10,2018-06,4,0,True,0.0,master,valid_observed_phase_at_origin,BASE,calibration,1,-1,unassigned_nearest_donor_beyond_100km,pooled_unassigned_area,0,0.02,0,0.02
4183,2018-10,2018-06,4,0,True,0.0,master,valid_observed_phase_at_origin,BASE,calibration,1,-1,unassigned_nearest_donor_beyond_100km,pooled_unassigned_area,0,0.01,0,0.01
4184,2018-10,2018-06,4,0,True,0.0,master,valid_observed_phase_at_origin,BASE,calibration,1,-1,unassigned_nearest_donor_beyond_100km,pooled_unassigned_area,0,0.03,0,0.03
4185,2018-10,2018-06,4,0,True,0.0,master,valid_observed_phase_at_origin,BASE,calibration,1,-1,unassigned_nearest_donor_beyond_100km,pooled_unassigned_area,0,0.04,0,0.04
4186,2018-10,2018-06,4,0,True,0.0,master,valid_observed_phase_at_origin,BASE,calibration,1,-1,unassigned_nearest_donor_beyond_100km,pooled_unassigned_area,0,0.06,0,0.06
4187,2018-10,2018-06,4,0,True,0.0,master,valid_observed_phase_at_origin,BASE,calibration,1,-1,unassigned_nearest_donor_beyond_100km,pooled_unassigned_area,0,0.03,0,0.03
4188,2018-10,2018-06,4,0,True,0.0,master,valid_observed_phase_at_origin,BASE,calibration,1,-1,unassigned_nearest_donor_beyond_100km,pooled_unassigned_area,0,0.11,0,0.11
4189,2018-10,2018-06,4,1,True,0.0,master,valid_observed_phase_at_origin,BASE,calibration,1,-1,unassigned_nearest_donor_beyond_100km,pooled_unassigned_area,0,0.07,0,0.07
4190,2018-10,2018-06,4,0,True,0.0,master,valid_observed_phase_at_origin,BASE,calibration,1,-1,unassigned_nearest_donor_beyond_100km,pooled_unassigned_area,0,0.05,0,0.05
4191,2018-10,2018-06,4,0,True,0.0,master,valid_observed_phase_at_origin,BASE,calibration,1,-1,unassigned_nearest_donor_beyond_100km,pooled_unassigned_area,0,0.08,0,0.08
4192,2018-10,2018-06,4,0,True,0.0,master,valid_observed_phase_at_origin,BASE,calibration,1,-1,unassigned_nearest_donor_beyond_100km,pooled_unassigned_area,0,0.03,0,0.03
4193,2018-10,2018-06,4,0,True,0.0,master,valid_observed_phase_at_origin,BASE,calibration,1,-1,unassigned_nearest_donor_beyond_100km,pooled_unassigned_area,0,0.03,0,0.03
4194,2018-10,2018-06,4,0,True,0.0,master,valid_observed_phase_at_origin,BASE,calibration,1,-1,unassigned_nearest_donor_beyond_100km,pooled_unassigned_area,0,0.05,0,0.05
4195,2018-10,2018-06,4,0,True,0.0,master,valid_observed_phase_at_origin,BASE,calibration,1,-1,unassigned_nearest_donor_beyond_100km,pooled_unassigned_area,0,0.09,0,0.09
4196,2018-10,2018-06,4,0,True,0.0,master,valid_observed_phase_at_origin,BASE,calibration,1,-1,unassigned_nearest_donor_beyond_100km,pooled_unassigned_area,0,0.07,0,0.07
4197,2018-10,2018-06,4,0,True,0.0,master,valid_observed_phase_at_origin,BASE,calibration,1,-1,unassigned_nearest_donor_beyond_100km,pooled_unassigned_area,0,0.04,0,0.04
4198,2018-10,2018-06,4,0,True,0.0,master,valid_observed_phase_at_origin,BASE,calibration,1,-1,unassigned_nearest_donor_beyond_100km,pooled_unassigned_area,0,0.12,0,0.12
4199,2018-10,2018-06,4,0,True,0.0,master,valid_observed_phase_at_origin,BASE,calibration,1,-1,unassigned_nearest_donor_beyond_100km,pooled_unassigned_area,0,0.06,0,0.06
4200,2018-10,2018-06,4,0,True,0.0,master,valid_observed_phase_at_origin,BASE,calibration,1,-1,unassigned_nearest_donor_beyond_100km,pooled_unassigned_area,0,0.18,0,0.18
4201,2018-10,2018-06,4,1,True,0.0,master,valid_observed_phase_at_origin,BASE,calibration,1,-1,unassigned_nearest_donor_beyond_100km,pooled_unassigned_area,0,0.14,0,0.14
4202,2018-10,2018-06,4,0,True,0.0,master,valid_observed_phase_at_origin,BASE,calibration,1,-1,unassigned_nearest_donor_beyond_100km,pooled_unassigned_area,0,0.16,0,0.16
4203,2018-10,2018-06,4,0,True,0.0,master,valid_observed_phase_at_origin,BASE,calibration,1,-1,unassigned_nearest_donor_beyond_100km,pooled_unassigned_area,0,0.08,0,0.08
4204,2018-10,2018-06,4,0,True,0.0,master,valid_observed_phase_at_origin,BASE,calibration,1,-1,unassigned_nearest_donor_beyond_100km,pooled_unassigned_area,0,0.1,0,0.1
4205,2018-10,2018-06,4,0,True,0.0,master,valid_observed_phase_at_origin,BASE,calibration,1,-1,unassigned_nearest_donor_beyond_100km,pooled_unassigned_area,0,0.1,0,0.1
4206,2018-10,2018-06,4,0,True,0.0,master,valid_observed_phase_at_origin,BASE,calibration,1,-1,unassigned_nearest_donor_beyond_100km,pooled_unassigned_area,0,0.1,0,0.1
4207,2018-10,2018-06,4,0,True,0.0,master,valid_observed_phase_at_origin,BASE,calibration,1,-1,unassigned_nearest_donor_beyond_100km,pooled_unassigned_area,0,0.08,0,0.08
4208,2018-10,2018-06,4,0,True,0.0,master,valid_observed_phase_at_origin,BASE,calibration,1,-1,unassigned_nearest_donor_beyond_100km,pooled_unassigned_area,0,0.12,0,0.12
4209,2018-10,2018-06,4,0,True,0.0,master,valid_observed_phase_at_origin,BASE,calibration,1,-1,unassigned_nearest_donor_beyond_100km,pooled_unassigned_area,0,0.11,0,0.11
4210,2018-10,2018-06,4,1,True,0.0,master,valid_observed_phase_at_origin,BASE,calibration,1,-1,unassigned_nearest_donor_beyond_100km,pooled_unassigned_area,0,0.17,0,0.17
4211,2018-10,2018-06,4,0,True,0.0,master,valid_observed_phase_at_origin,BASE,calibration,1,4,completed_nearest_donor,local_partition_rf,0,0.25,0,0.27
4212,2018-10,2018-06,4,0,True,0.0,master,valid_observed_phase_at_origin,BASE,calibration,1,-1,unassigned_nearest_donor_beyond_100km,pooled_unassigned_area,0,0.27,0,0.27
4213,2018-10,2018-06,4,1,True,0.0,master,valid_observed_phase_at_origin,BASE,calibration,1,-1,unassigned_nearest_donor_beyond_100km,pooled_unassigned_area,0,0.18,0,0.18
4214,2018-10,2018-06,4,1,True,0.0,master,valid_observed_phase_at_origin,BASE,calibration,1,-1,unassigned_nearest_donor_beyond_100km,pooled_unassigned_area,0,0.21,0,0.21
4215,2018-10,2018-06,4,0,True,0.0,master,valid_observed_phase_at_origin,BASE,calibration,1,-1,unassigned_nearest_donor_beyond_100km,pooled_unassigned_area,0,0.06,0,0.06
4216,2018-10,2018-06,4,0,True,0.0,master,valid_observed_phase_at_origin,BASE,calibration,1,-1,unassigned_nearest_donor_beyond_100km,pooled_unassigned_area,0,0.06,0,0.06
4217,2018-10,2018-06,4,1,True,0.0,master,valid_observed_phase_at_origin,BASE,calibration,1,-1,unassigned_nearest_donor_beyond_100km,pooled_unassigned_area,0,0.25,0,0.25
4218,2018-10,2018-06,4,1,True,0.0,master,valid_observed_phase_at_origin,BASE,calibration,1,-1,unassigned_nearest_donor_beyond_100km,pooled_unassigned_area,0,0.13,0,0.13
4219,2018-10,2018-06,4,0,True,0.0,master,valid_observed_phase_at_origin,BASE,calibration,1,-1,unassigned_nearest_donor_beyond_100km,pooled_unassigned_area,0,0.26,0,0.26
4220,2018-10,2018-06,4,0,True,0.0,master,valid_observed_phase_at_origin,BASE,calibration,1,-1,unassigned_nearest_donor_beyond_100km,pooled_unassigned_area,0,0.19,0,0.19
4221,2018-10,2018-06,4,1,True,0.0,master,valid_observed_phase_at_origin,BASE,calibration,1,-1,unassigned_nearest_donor_beyond_100km,pooled_unassigned_area,0,0.33,0,0.33
4222,2018-10,2018-06,4,1,True,0.0,master,valid_observed_phase_at_origin,BASE,calibration,1,-1,unassigned_nearest_donor_beyond_100km,pooled_unassigned_area,0,0.21,0,0.21
4223,2018-10,2018-06,4,0,True,0.0,master,valid_observed_phase_at_origin,BASE,calibration,1,7,completed_nearest_donor,local_partition_rf,0,0.05,0,0.04
4224,2018-10,2018-06,4,0,True,0.0,master,valid_observed_phase_at_origin,BASE,calibration,1,7,completed_nearest_donor,local_partition_rf,0,0.05,0,0.03
4225,2018-10,2018-06,4,0,True,0.0,master,valid_observed_phase_at_origin,BASE,calibration,1,7,completed_nearest_donor,local_partition_rf,0,0.09,0,0.06
4226,2018-10,2018-06,4,0,True,0.0,master,valid_observed_phase_at_origin,BASE,calibration,1,7,completed_nearest_donor,local_partition_rf,0,0.06,0,0.06
4227,2018-10,2018-06,4,0,True,0.0,master,valid_observed_phase_at_origin,BASE,calibration,1,-1,unassigned_nearest_donor_beyond_100km,pooled_unassigned_area,0,0.07,0,0.07
4228,2018-10,2018-06,4,0,True,0.0,master,valid_observed_phase_at_origin,BASE,calibration,1,7,completed_nearest_donor,local_partition_rf,0,0.06,0,0.05
4229,2018-10,2018-06,4,0,True,0.0,master,valid_observed_phase_at_origin,BASE,calibration,1,7,completed_nearest_donor,local_partition_rf,0,0.03,0,0.02
4230,2018-10,2018-06,4,0,True,0.0,master,valid_observed_phase_at_origin,BASE,calibration,1,-1,unassigned_nearest_donor_beyond_100km,pooled_unassigned_area,0,0.07,0,0.07
4231,2018-10,2018-06,4,0,True,0.0,master,valid_observed_phase_at_origin,BASE,calibration,1,-1,unassigned_nearest_donor_beyond_100km,pooled_unassigned_area,0,0.06,0,0.06
4232,2018-10,2018-06,4,0,True,0.0,master,valid_observed_phase_at_origin,BASE,calibration,1,-1,unassigned_nearest_donor_beyond_100km,pooled_unassigned_area,0,0.02,0,0.02
4233,2018-10,2018-06,4,1,True,0.0,master,valid_observed_phase_at_origin,BASE,calibration,1,-1,unassigned_nearest_donor_beyond_100km,pooled_unassigned_area,0,0.42,0,0.42
4234,2018-10,2018-06,4,1,True,1.0,master,valid_observed_phase_at_origin,BASE,calibration,1,4,completed_nearest_donor,local_partition_rf,1,0.68,1,0.53
4235,2018-10,2018-06,4,1,True,0.0,master,valid_observed_phase_at_origin,BASE,calibration,1,-1,unassigned_nearest_donor_beyond_100km,pooled_unassigned_area,0,0.48,0,0.48
4236,2018-10,2018-06,4,0,True,0.0,master,valid_observed_phase_at_origin,BASE,calibration,1,4,completed_nearest_donor,local_partition_rf,0,0.05,0,0.08
4237,2018-10,2018-06,4,1,True,1.0,master,valid_observed_phase_at_origin,BASE,calibration,1,4,spectral_core,local_partition_rf,1,0.71,1,0.53
4238,2018-10,2018-06,4,1,True,0.0,master,valid_observed_phase_at_origin,BASE,calibration,1,4,spectral_core,local_partition_rf,0,0.3,0,0.36
4239,2018-10,2018-06,4,1,True,1.0,master,valid_observed_phase_at_origin,BASE,calibration,1,4,spectral_core,local_partition_rf,1,0.73,1,0.61
4240,2018-10,2018-06,4,1,True,0.0,master,valid_observed_phase_at_origin,BASE,calibration,1,4,spectral_core,local_partition_rf,1,0.55,1,0.52
4241,2018-10,2018-06,4,1,True,1.0,master,valid_observed_phase_at_origin,BASE,calibration,1,4,spectral_core,local_partition_rf,1,0.7,1,0.59
4242,2018-10,2018-06,4,1,True,0.0,master,valid_observed_phase_at_origin,BASE,calibration,1,4,completed_nearest_donor,local_partition_rf,0,0.24,0,0.29
4243,2018-10,2018-06,4,1,True,0.0,master,valid_observed_phase_at_origin,BASE,calibration,1,4,completed_nearest_donor,local_partition_rf,0,0.11,0,0.18
4244,2018-10,2018-06,4,1,True,0.0,master,valid_observed_phase_at_origin,BASE,calibration,1,4,completed_nearest_donor,local_partition_rf,0,0.1,0,0.21
4245,2018-10,2018-06,4,1,True,0.0,master,valid_observed_phase_at_origin,BASE,calibration,1,-1,unassigned_nearest_donor_beyond_100km,pooled_unassigned_area,0,0.22,0,0.22
4246,2018-10,2018-06,4,1,True,0.0,master,valid_observed_phase_at_origin,BASE,calibration,1,4,completed_nearest_donor,local_partition_rf,0,0.1,0,0.1
4247,2018-10,2018-06,4,1,True,0.0,master,valid_observed_phase_at_origin,BASE,calibration,1,4,completed_nearest_donor,local_partition_rf,0,0.18,0,0.17
4248,2018-10,2018-06,4,1,True,0.0,master,valid_observed_phase_at_origin,BASE,calibration,1,4,completed_nearest_donor,local_partition_rf,0,0.16,0,0.14
4249,2018-10,2018-06,4,1,True,0.0,master,valid_observed_phase_at_origin,BASE,calibration,1,4,spectral_core,local_partition_rf,0,0.17,0,0.13
4250,2018-10,2018-06,4,0,True,0.0,master,valid_observed_phase_at_origin,BASE,calibration,1,4,completed_nearest_donor,local_partition_rf,0,0.06,0,0.08
4251,2018-10,2018-06,4,0,True,0.0,master,valid_observed_phase_at_origin,BASE,calibration,1,4,completed_nearest_donor,local_partition_rf,0,0.1,0,0.16
4252,2018-10,2018-06,4,1,True,0.0,master,valid_observed_phase_at_origin,BASE,calibration,1,4,completed_nearest_donor,local_partition_rf,0,0.12,0,0.1
4253,2018-10,2018-06,4,1,True,0.0,master,valid_observed_phase_at_origin,BASE,calibration,1,4,completed_nearest_donor,local_partition_rf,0,0.04,0,0.06
4254,2018-10,2018-06,4,1,True,0.0,master,valid_observed_phase_at_origin,BASE,calibration,1,4,completed_nearest_donor,local_partition_rf,0,0.27,0,0.21
4255,2018-10,2018-06,4,1,True,0.0,master,valid_observed_phase_at_origin,BASE,calibration,1,4,completed_nearest_donor,local_partition_rf,0,0.08,0,0.05
4256,2018-10,2018-06,4,1,True,0.0,master,valid_observed_phase_at_origin,BASE,calibration,1,4,completed_nearest_donor,local_partition_rf,0,0.27,0,0.11
4257,2018-10,2018-06,4,0,True,0.0,master,valid_observed_phase_at_origin,BASE,calibration,1,4,completed_nearest_donor,local_partition_rf,0,0.09,0,0.15
4258,2018-10,2018-06,4,1,True,0.0,master,valid_observed_phase_at_origin,BASE,calibration,1,4,completed_nearest_donor,local_partition_rf,0,0.14,0,0.11
4259,2018-10,2018-06,4,1,True,0.0,master,valid_observed_phase_at_origin,BASE,calibration,1,4,completed_nearest_donor,local_partition_rf,0,0.11,0,0.06
4260,2018-10,2018-06,4,1,True,0.0,master,valid_observed_phase_at_origin,BASE,calibration,1,4,spectral_core,local_partition_rf,0,0.22,0,0.25
4261,2018-10,2018-06,4,0,True,0.0,master,valid_observed_phase_at_origin,BASE,calibration,1,4,completed_nearest_donor,local_partition_rf,0,0.1,0,0.11
4262,2018-10,2018-06,4,1,True,0.0,master,valid_observed_phase_at_origin,BASE,calibration,1,4,completed_nearest_donor,local_partition_rf,0,0.16,0,0.2
4263,2018-10,2018-06,4,1,True,0.0,master,valid_observed_phase_at_origin,BASE,calibration,1,4,completed_nearest_donor,local_partition_rf,0,0.21,0,0.19
4264,2018-10,2018-06,4,1,True,0.0,master,valid_observed_phase_at_origin,BASE,calibration,1,-1,unassigned_nearest_donor_beyond_100km,pooled_unassigned_area,0,0.13,0,0.13
4265,2018-10,2018-06,4,1,True,0.0,master,valid_observed_phase_at_origin,BASE,calibration,1,4,completed_nearest_donor,local_partition_rf,0,0.15,0,0.16
4266,2018-10,2018-06,4,0,True,0.0,master,valid_observed_phase_at_origin,BASE,calibration,1,4,completed_nearest_donor,local_partition_rf,0,0.07,0,0.12
4267,2018-10,2018-06,4,1,True,0.0,master,valid_observed_phase_at_origin,BASE,calibration,1,-1,unassigned_nearest_donor_beyond_100km,pooled_unassigned_area,0,0.2,0,0.2
4268,2018-10,2018-06,4,0,True,0.0,master,valid_observed_phase_at_origin,BASE,calibration,1,4,completed_nearest_donor,local_partition_rf,0,0.04,0,0.08
4269,2018-10,2018-06,4,1,True,0.0,master,valid_observed_phase_at_origin,BASE,calibration,1,4,completed_nearest_donor,local_partition_rf,0,0.08,0,0.06
4270,2018-10,2018-06,4,1,True,0.0,master,valid_observed_phase_at_origin,BASE,calibration,1,4,completed_nearest_donor,local_partition_rf,0,0.19,0,0.1
4271,2018-10,2018-06,4,1,True,0.0,master,valid_observed_phase_at_origin,BASE,calibration,1,4,completed_nearest_donor,local_partition_rf,0,0.14,0,0.13
4272,2018-10,2018-06,4,1,True,0.0,master,valid_observed_phase_at_origin,BASE,calibration,1,4,completed_nearest_donor,local_partition_rf,0,0.13,0,0.1
4273,2018-10,2018-06,4,1,True,0.0,master,valid_observed_phase_at_origin,BASE,calibration,1,4,completed_nearest_donor,local_partition_rf,0,0.1,0,0.1
4274,2018-10,2018-06,4,1,True,0.0,master,valid_observed_phase_at_origin,BASE,calibration,1,4,completed_nearest_donor,local_partition_rf,0,0.09,0,0.04
4275,2018-10,2018-06,4,1,True,0.0,master,valid_observed_phase_at_origin,BASE,calibration,1,4,completed_nearest_donor,local_partition_rf,0,0.2,0,0.15
4276,2018-10,2018-06,4,1,True,0.0,master,valid_observed_phase_at_origin,BASE,calibration,1,4,completed_nearest_donor,local_partition_rf,0,0.14,0,0.12
4277,2018-10,2018-06,4,1,True,0.0,master,valid_observed_phase_at_origin,BASE,calibration,1,4,completed_nearest_donor,local_partition_rf,0,0.15,0,0.11
4278,2018-10,2018-06,4,1,True,0.0,master,valid_observed_phase_at_origin,BASE,calibration,1,4,completed_nearest_donor,local_partition_rf,0,0.18,0,0.18
4279,2018-10,2018-06,4,1,True,0.0,master,valid_observed_phase_at_origin,BASE,calibration,1,4,completed_nearest_donor,local_partition_rf,0,0.24,0,0.13
4280,2018-10,2018-06,4,1,True,1.0,master,valid_observed_phase_at_origin,BASE,calibration,1,4,completed_nearest_donor,local_partition_rf,0,0.13,0,0.2
4281,2018-10,2018-06,4,1,True,0.0,master,valid_observed_phase_at_origin,BASE,calibration,1,4,completed_nearest_donor,local_partition_rf,0,0.17,0,0.11
4282,2018-10,2018-06,4,1,True,1.0,master,valid_observed_phase_at_origin,BASE,calibration,1,4,completed_nearest_donor,local_partition_rf,0,0.5,0,0.41
4283,2018-10,2018-06,4,1,True,1.0,master,valid_observed_phase_at_origin,BASE,calibration,1,4,completed_nearest_donor,local_partition_rf,1,0.51,0,0.45
4284,2018-10,2018-06,4,1,True,1.0,master,valid_observed_phase_at_origin,BASE,calibration,1,4,completed_nearest_donor,local_partition_rf,0,0.35,0,0.33
4285,2018-10,2018-06,4,0,True,1.0,master,valid_observed_phase_at_origin,BASE,calibration,1,4,completed_nearest_donor,local_partition_rf,1,0.52,0,0.38
4286,2018-10,2018-06,4,1,True,1.0,master,valid_observed_phase_at_origin,BASE,calibration,1,-1,unassigned_nearest_donor_beyond_100km,pooled_unassigned_area,0,0.27,0,0.27
4287,2018-10,2018-06,4,1,True,1.0,master,valid_observed_phase_at_origin,BASE,calibration,1,4,completed_nearest_donor,local_partition_rf,0,0.27,0,0.19
4288,2018-10,2018-06,4,1,True,1.0,master,valid_observed_phase_at_origin,BASE,calibration,1,4,completed_nearest_donor,local_partition_rf,0,0.36,0,0.26
4289,2018-10,2018-06,4,1,True,1.0,master,valid_observed_phase_at_origin,BASE,calibration,1,4,completed_nearest_donor,local_partition_rf,0,0.44,0,0.3
4290,2018-10,2018-06,4,0,True,0.0,master,valid_observed_phase_at_origin,BASE,calibration,1,4,completed_nearest_donor,local_partition_rf,0,0.05,0,0.09
4291,2018-10,2018-06,4,1,True,0.0,master,valid_observed_phase_at_origin,BASE,calibration,1,4,completed_nearest_donor,local_partition_rf,0,0.07,0,0.04
4292,2018-10,2018-06,4,0,True,0.0,master,valid_observed_phase_at_origin,BASE,calibration,1,4,completed_nearest_donor,local_partition_rf,0,0.07,0,0.08
4293,2018-10,2018-06,4,0,True,0.0,master,valid_observed_phase_at_origin,BASE,calibration,1,4,completed_nearest_donor,local_partition_rf,0,0.02,0,0.06
4294,2018-10,2018-06,4,0,True,0.0,master,valid_observed_phase_at_origin,BASE,calibration,1,4,completed_nearest_donor,local_partition_rf,0,0.04,0,0.04
4295,2018-10,2018-06,4,0,True,0.0,master,valid_observed_phase_at_origin,BASE,calibration,1,4,completed_nearest_donor,local_partition_rf,0,0.04,0,0.05
4296,2018-10,2018-06,4,0,True,0.0,master,valid_observed_phase_at_origin,BASE,calibration,1,4,completed_nearest_donor,local_partition_rf,0,0.08,0,0.05
4297,2018-10,2018-06,4,0,True,0.0,master,valid_observed_phase_at_origin,BASE,calibration,1,4,completed_nearest_donor,local_partition_rf,0,0.05,0,0.08
4298,2018-10,2018-06,4,1,True,0.0,master,valid_observed_phase_at_origin,BASE,calibration,1,4,completed_nearest_donor,local_partition_rf,0,0.08,0,0.09
4299,2018-10,2018-06,4,0,True,0.0,master,valid_observed_phase_at_origin,BASE,calibration,1,4,completed_nearest_donor,local_partition_rf,0,0.03,0,0.02
4300,2018-10,2018-06,4,0,True,0.0,master,valid_observed_phase_at_origin,BASE,calibration,1,4,completed_nearest_donor,local_partition_rf,0,0.03,0,0.04
4301,2018-10,2018-06,4,0,True,0.0,master,valid_observed_phase_at_origin,BASE,calibration,1,4,completed_nearest_donor,local_partition_rf,0,0.07,0,0.11
4302,2018-10,2018-06,4,1,True,0.0,master,valid_observed_phase_at_origin,BASE,calibration,1,4,completed_nearest_donor,local_partition_rf,0,0.09,0,0.06
4303,2018-10,2018-06,4,0,True,0.0,master,valid_observed_phase_at_origin,BASE,calibration,1,4,completed_nearest_donor,local_partition_rf,0,0.01,0,0.09
4304,2018-10,2018-06,4,1,True,0.0,master,valid_observed_phase_at_origin,BASE,calibration,1,4,completed_nearest_donor,local_partition_rf,0,0.16,0,0.12
4305,2018-10,2018-06,4,0,True,0.0,master,valid_observed_phase_at_origin,BASE,calibration,1,4,completed_nearest_donor,local_partition_rf,0,0.05,0,0.03
4306,2018-10,2018-06,4,0,True,0.0,master,valid_observed_phase_at_origin,BASE,calibration,1,4,completed_nearest_donor,local_partition_rf,0,0.06,0,0.1
4307,2018-10,2018-06,4,0,True,0.0,master,valid_observed_phase_at_origin,BASE,calibration,1,4,completed_nearest_donor,local_partition_rf,0,0.04,0,0.04
4308,2018-10,2018-06,4,0,True,0.0,master,valid_observed_phase_at_origin,BASE,calibration,1,4,completed_nearest_donor,local_partition_rf,0,0.04,0,0.09
4309,2018-10,2018-06,4,0,True,0.0,master,valid_observed_phase_at_origin,BASE,calibration,1,4,completed_nearest_donor,local_partition_rf,0,0.03,0,0.07
4310,2018-10,2018-06,4,1,True,0.0,master,valid_observed_phase_at_origin,BASE,calibration,1,4,completed_nearest_donor,local_partition_rf,0,0.04,0,0.04
4311,2018-10,2018-06,4,1,True,0.0,master,valid_observed_phase_at_origin,BASE,calibration,1,4,completed_nearest_donor,local_partition_rf,0,0.11,0,0.15
4312,2018-10,2018-06,4,1,True,0.0,master,valid_observed_phase_at_origin,BASE,calibration,1,4,completed_nearest_donor,local_partition_rf,0,0.09,0,0.08
4313,2018-10,2018-06,4,1,True,0.0,master,valid_observed_phase_at_origin,BASE,calibration,1,4,completed_nearest_donor,local_partition_rf,0,0.01,0,0.04
4314,2018-10,2018-06,4,1,True,0.0,master,valid_observed_phase_at_origin,BASE,calibration,1,4,completed_nearest_donor,local_partition_rf,0,0.02,0,0.06
4315,2018-10,2018-06,4,1,True,0.0,master,valid_observed_phase_at_origin,BASE,calibration,1,4,completed_nearest_donor,local_partition_rf,0,0.05,0,0.08
4316,2018-10,2018-06,4,1,True,0.0,master,valid_observed_phase_at_origin,BASE,calibration,1,4,completed_nearest_donor,local_partition_rf,0,0.06,0,0.11
4317,2018-10,2018-06,4,1,True,0.0,master,valid_observed_phase_at_origin,BASE,calibration,1,4,completed_nearest_donor,local_partition_rf,0,0.17,0,0.1
4318,2018-10,2018-06,4,1,True,0.0,master,valid_observed_phase_at_origin,BASE,calibration,1,4,completed_nearest_donor,local_partition_rf,0,0.01,0,0.08
4319,2018-10,2018-06,4,1,True,0.0,master,valid_observed_phase_at_origin,BASE,calibration,1,4,completed_nearest_donor,local_partition_rf,0,0.02,0,0.09
4320,2018-10,2018-06,4,1,True,0.0,master,valid_observed_phase_at_origin,BASE,calibration,1,4,completed_nearest_donor,local_partition_rf,0,0.05,0,0.06
4321,2018-10,2018-06,4,1,True,0.0,master,valid_observed_phase_at_origin,BASE,calibration,1,4,completed_nearest_donor,local_partition_rf,0,0.02,0,0.1
4322,2018-10,2018-06,4,1,True,0.0,master,valid_observed_phase_at_origin,BASE,calibration,1,4,completed_nearest_donor,local_partition_rf,0,0.04,0,0.03
4323,2018-10,2018-06,4,1,True,0.0,master,valid_observed_phase_at_origin,BASE,calibration,1,4,completed_nearest_donor,local_partition_rf,0,0.08,0,0.1
4324,2018-10,2018-06,4,1,True,0.0,master,valid_observed_phase_at_origin,BASE,calibration,1,4,completed_nearest_donor,local_partition_rf,0,0.01,0,0.04
4325,2018-10,2018-06,4,1,True,0.0,master,valid_observed_phase_at_origin,BASE,calibration,1,4,completed_nearest_donor,local_partition_rf,0,0.03,0,0.07
4326,2018-10,2018-06,4,0,True,0.0,master,valid_observed_phase_at_origin,BASE,calibration,1,4,completed_nearest_donor,local_partition_rf,0,0.06,0,0.08
4327,2018-10,2018-06,4,1,True,0.0,master,valid_observed_phase_at_origin,BASE,calibration,1,4,spectral_core,local_partition_rf,0,0.21,0,0.24
4328,2018-10,2018-06,4,1,True,0.0,master,valid_observed_phase_at_origin,BASE,calibration,1,-1,unassigned_nearest_donor_beyond_100km,pooled_unassigned_area,0,0.4,0,0.4
4329,2018-10,2018-06,4,1,True,1.0,master,valid_observed_phase_at_origin,BASE,calibration,1,4,completed_nearest_donor,local_partition_rf,1,0.69,0,0.45
4330,2018-10,2018-06,4,1,True,0.0,master,valid_observed_phase_at_origin,BASE,calibration,1,-1,unassigned_nearest_donor_beyond_100km,pooled_unassigned_area,0,0.43,0,0.43
4331,2018-10,2018-06,4,1,True,0.0,master,valid_observed_phase_at_origin,BASE,calibration,1,4,completed_nearest_donor,local_partition_rf,0,0.17,0,0.26
4332,2018-10,2018-06,4,1,True,0.0,master,valid_observed_phase_at_origin,BASE,calibration,1,4,completed_nearest_donor,local_partition_rf,0,0.19,0,0.14
4333,2018-10,2018-06,4,1,True,0.0,master,valid_observed_phase_at_origin,BASE,calibration,1,4,completed_nearest_donor,local_partition_rf,0,0.12,0,0.17
4334,2018-10,2018-06,4,1,True,0.0,master,valid_observed_phase_at_origin,BASE,calibration,1,4,completed_nearest_donor,local_partition_rf,0,0.06,0,0.1
4335,2018-10,2018-06,4,1,True,0.0,master,valid_observed_phase_at_origin,BASE,calibration,1,4,completed_nearest_donor,local_partition_rf,0,0.08,0,0.1
4336,2018-10,2018-06,4,1,True,0.0,master,valid_observed_phase_at_origin,BASE,calibration,1,4,completed_nearest_donor,local_partition_rf,0,0.19,0,0.12
4337,2018-10,2018-06,4,1,True,0.0,master,valid_observed_phase_at_origin,BASE,calibration,1,4,completed_nearest_donor,local_partition_rf,0,0.16,0,0.16
4338,2018-10,2018-06,4,1,True,0.0,master,valid_observed_phase_at_origin,BASE,calibration,1,4,completed_nearest_donor,local_partition_rf,0,0.21,0,0.15
4339,2018-10,2018-06,4,0,True,0.0,master,valid_observed_phase_at_origin,BASE,calibration,1,4,completed_nearest_donor,local_partition_rf,0,0.05,0,0.09
4340,2018-10,2018-06,4,1,True,0.0,master,valid_observed_phase_at_origin,BASE,calibration,1,4,completed_nearest_donor,local_partition_rf,0,0.41,0,0.33
4341,2018-10,2018-06,4,1,True,0.0,master,valid_observed_phase_at_origin,BASE,calibration,1,4,completed_nearest_donor,local_partition_rf,1,0.54,0,0.42
4342,2018-10,2018-06,4,1,True,0.0,master,valid_observed_phase_at_origin,BASE,calibration,1,4,completed_nearest_donor,local_partition_rf,0,0.33,0,0.25
4343,2018-10,2018-06,4,1,True,0.0,master,valid_observed_phase_at_origin,BASE,calibration,1,4,completed_nearest_donor,local_partition_rf,0,0.23,0,0.26
4344,2018-10,2018-06,4,1,True,0.0,master,valid_observed_phase_at_origin,BASE,calibration,1,4,spectral_core,local_partition_rf,0,0.49,0,0.44
4345,2018-10,2018-06,4,1,True,0.0,master,valid_observed_phase_at_origin,BASE,calibration,1,4,completed_nearest_donor,local_partition_rf,0,0.34,0,0.34
4346,2018-10,2018-06,4,1,True,0.0,master,valid_observed_phase_at_origin,BASE,calibration,1,4,completed_nearest_donor,local_partition_rf,0,0.14,0,0.13
4347,2018-10,2018-06,4,1,True,0.0,master,valid_observed_phase_at_origin,BASE,calibration,1,4,completed_nearest_donor,local_partition_rf,0,0.32,0,0.33
4348,2018-10,2018-06,4,1,True,0.0,master,valid_observed_phase_at_origin,BASE,calibration,1,4,spectral_core,local_partition_rf,0,0.24,0,0.23
4349,2018-10,2018-06,4,1,True,0.0,master,valid_observed_phase_at_origin,BASE,calibration,1,4,spectral_core,local_partition_rf,0,0.21,0,0.27
4350,2018-10,2018-06,4,1,True,1.0,master,valid_observed_phase_at_origin,BASE,calibration,1,4,spectral_core,local_partition_rf,0,0.39,0,0.47
4351,2018-10,2018-06,4,1,True,0.0,master,valid_observed_phase_at_origin,BASE,calibration,1,4,spectral_core,local_partition_rf,0,0.29,0,0.38
4352,2018-10,2018-06,4,1,True,0.0,master,valid_observed_phase_at_origin,BASE,calibration,1,4,spectral_core,local_partition_rf,0,0.29,0,0.41
4353,2018-10,2018-06,4,1,True,0.0,master,valid_observed_phase_at_origin,BASE,calibration,1,4,spectral_core,local_partition_rf,0,0.21,0,0.21
4354,2018-10,2018-06,4,1,True,0.0,master,valid_observed_phase_at_origin,BASE,calibration,1,4,spectral_core,local_partition_rf,0,0.4,0,0.42
4355,2018-10,2018-06,4,1,True,0.0,master,valid_observed_phase_at_origin,BASE,calibration,1,4,spectral_core,local_partition_rf,0,0.3,0,0.34
4356,2018-10,2018-06,4,1,True,0.0,master,valid_observed_phase_at_origin,BASE,calibration,1,4,spectral_core,local_partition_rf,0,0.27,0,0.27
4357,2018-10,2018-06,4,0,True,0.0,master,valid_observed_phase_at_origin,BASE,calibration,1,4,completed_nearest_donor,local_partition_rf,0,0.07,0,0.09
4358,2018-10,2018-06,4,1,True,1.0,master,valid_observed_phase_at_origin,BASE,calibration,1,4,spectral_core,local_partition_rf,0,0.31,0,0.32
4359,2018-10,2018-06,4,1,True,0.0,master,valid_observed_phase_at_origin,BASE,calibration,1,4,spectral_core,local_partition_rf,0,0.15,0,0.23
4360,2018-10,2018-06,4,1,True,0.0,master,valid_observed_phase_at_origin,BASE,calibration,1,4,spectral_core,local_partition_rf,0,0.26,0,0.29
4361,2018-10,2018-06,4,1,True,0.0,master,valid_observed_phase_at_origin,BASE,calibration,1,4,spectral_core,local_partition_rf,0,0.3,0,0.25
4362,2018-10,2018-06,4,0,True,0.0,master,valid_observed_phase_at_origin,BASE,calibration,1,4,completed_nearest_donor,local_partition_rf,0,0.09,0,0.11
4363,2018-10,2018-06,4,1,True,0.0,master,valid_observed_phase_at_origin,BASE,calibration,1,4,spectral_core,local_partition_rf,0,0.09,0,0.07
4364,2018-10,2018-06,4,1,True,0.0,master,valid_observed_phase_at_origin,BASE,calibration,1,4,completed_nearest_donor,local_partition_rf,0,0.14,0,0.09
4365,2018-10,2018-06,4,1,True,0.0,master,valid_observed_phase_at_origin,BASE,calibration,1,4,completed_nearest_donor,local_partition_rf,0,0.15,0,0.12
4366,2018-10,2018-06,4,0,True,0.0,master,valid_observed_phase_at_origin,BASE,calibration,1,4,completed_nearest_donor,local_partition_rf,0,0.1,0,0.15
4367,2018-10,2018-06,4,1,True,0.0,master,valid_observed_phase_at_origin,BASE,calibration,1,4,completed_nearest_donor,local_partition_rf,0,0.11,0,0.09
4368,2018-10,2018-06,4,0,True,0.0,master,valid_observed_phase_at_origin,BASE,calibration,1,4,completed_nearest_donor,local_partition_rf,0,0.06,0,0.07
4369,2018-10,2018-06,4,0,True,0.0,master,valid_observed_phase_at_origin,BASE,calibration,1,4,completed_nearest_donor,local_partition_rf,0,0.05,0,0.05
4370,2018-10,2018-06,4,1,True,0.0,master,valid_observed_phase_at_origin,BASE,calibration,1,4,spectral_core,local_partition_rf,0,0.18,0,0.15
4371,2018-10,2018-06,4,1,True,0.0,master,valid_observed_phase_at_origin,BASE,calibration,1,4,spectral_core,local_partition_rf,0,0.2,0,0.24
4372,2018-10,2018-06,4,1,True,0.0,master,valid_observed_phase_at_origin,BASE,calibration,1,4,spectral_core,local_partition_rf,0,0.31,0,0.16
4373,2018-10,2018-06,4,1,True,0.0,master,valid_observed_phase_at_origin,BASE,calibration,1,4,spectral_core,local_partition_rf,0,0.39,0,0.29
4374,2018-10,2018-06,4,1,True,0.0,master,valid_observed_phase_at_origin,BASE,calibration,1,4,spectral_core,local_partition_rf,0,0.14,0,0.11
4375,2018-10,2018-06,4,1,True,0.0,master,valid_observed_phase_at_origin,BASE,calibration,1,4,spectral_core,local_partition_rf,0,0.22,0,0.19
4376,2018-10,2018-06,4,1,True,0.0,master,valid_observed_phase_at_origin,BASE,calibration,1,4,spectral_core,local_partition_rf,0,0.33,0,0.31
4377,2018-10,2018-06,4,1,True,1.0,master,valid_observed_phase_at_origin,BASE,calibration,1,4,spectral_core,local_partition_rf,0,0.35,0,0.29
4378,2018-10,2018-06,4,1,True,0.0,master,valid_observed_phase_at_origin,BASE,calibration,1,4,spectral_core,local_partition_rf,0,0.26,0,0.36
4379,2018-10,2018-06,4,1,True,0.0,master,valid_observed_phase_at_origin,BASE,calibration,1,4,spectral_core,local_partition_rf,0,0.33,0,0.41
4380,2018-10,2018-06,4,1,True,0.0,master,valid_observed_phase_at_origin,BASE,calibration,1,4,spectral_core,local_partition_rf,0,0.15,0,0.19
4381,2018-10,2018-06,4,1,True,0.0,master,valid_observed_phase_at_origin,BASE,calibration,1,4,spectral_core,local_partition_rf,0,0.23,0,0.31
4382,2018-10,2018-06,4,1,True,0.0,master,valid_observed_phase_at_origin,BASE,calibration,1,4,spectral_core,local_partition_rf,0,0.22,0,0.26
4383,2018-10,2018-06,4,1,True,0.0,master,valid_observed_phase_at_origin,BASE,calibration,1,4,spectral_core,local_partition_rf,0,0.32,0,0.36
4384,2018-10,2018-06,4,1,True,0.0,master,valid_observed_phase_at_origin,BASE,calibration,1,4,spectral_core,local_partition_rf,0,0.12,0,0.14
4385,2018-10,2018-06,4,1,True,0.0,master,valid_observed_phase_at_origin,BASE,calibration,1,4,spectral_core,local_partition_rf,0,0.26,0,0.21
4386,2018-10,2018-06,4,1,True,0.0,master,valid_observed_phase_at_origin,BASE,calibration,1,4,completed_nearest_donor,local_partition_rf,0,0.13,0,0.11
4387,2018-10,2018-06,4,1,True,0.0,master,valid_observed_phase_at_origin,BASE,calibration,1,4,spectral_core,local_partition_rf,0,0.26,0,0.35
4388,2018-10,2018-06,4,1,True,0.0,master,valid_observed_phase_at_origin,BASE,calibration,1,4,spectral_core,local_partition_rf,0,0.19,0,0.25
4389,2018-10,2018-06,4,1,True,0.0,master,valid_observed_phase_at_origin,BASE,calibration,1,4,spectral_core,local_partition_rf,0,0.18,0,0.3
4390,2018-10,2018-06,4,1,True,0.0,master,valid_observed_phase_at_origin,BASE,calibration,1,4,spectral_core,local_partition_rf,0,0.31,0,0.3
4391,2018-10,2018-06,4,1,True,0.0,master,valid_observed_phase_at_origin,BASE,calibration,1,4,spectral_core,local_partition_rf,0,0.28,0,0.32
4392,2018-10,2018-06,4,1,True,0.0,master,valid_observed_phase_at_origin,BASE,calibration,1,4,spectral_core,local_partition_rf,0,0.2,0,0.25
4393,2018-10,2018-06,4,1,True,0.0,master,valid_observed_phase_at_origin,BASE,calibration,1,4,spectral_core,local_partition_rf,0,0.25,0,0.32
4394,2018-10,2018-06,4,0,True,0.0,master,valid_observed_phase_at_origin,BASE,calibration,1,4,spectral_core,local_partition_rf,0,0.19,0,0.17
4395,2018-10,2018-06,4,0,True,0.0,master,valid_observed_phase_at_origin,BASE,calibration,1,4,completed_nearest_donor,local_partition_rf,0,0.03,0,0.09
4396,2018-10,2018-06,4,0,True,0.0,master,valid_observed_phase_at_origin,BASE,calibration,1,4,spectral_core,local_partition_rf,0,0.02,0,0.06
4397,2018-10,2018-06,4,0,True,0.0,master,valid_observed_phase_at_origin,BASE,calibration,1,4,spectral_core,local_partition_rf,0,0.12,0,0.12
4398,2018-10,2018-06,4,0,True,0.0,master,valid_observed_phase_at_origin,BASE,calibration,1,4,spectral_core,local_partition_rf,0,0.15,0,0.2
4399,2018-10,2018-06,4,0,True,0.0,master,valid_observed_phase_at_origin,BASE,calibration,1,4,spectral_core,local_partition_rf,0,0.04,0,0.08
4400,2018-10,2018-06,4,0,True,0.0,master,valid_observed_phase_at_origin,BASE,calibration,1,4,spectral_core,local_partition_rf,0,0.05,0,0.08
4401,2018-10,2018-06,4,0,True,0.0,master,valid_observed_phase_at_origin,BASE,calibration,1,4,spectral_core,local_partition_rf,0,0.02,0,0.05
4402,2018-10,2018-06,4,1,True,0.0,master,valid_observed_phase_at_origin,BASE,calibration,1,4,spectral_core,local_partition_rf,0,0.12,0,0.08
4403,2018-10,2018-06,4,1,True,0.0,master,valid_observed_phase_at_origin,BASE,calibration,1,4,spectral_core,local_partition_rf,0,0.2,0,0.19
4404,2018-10,2018-06,4,0,True,0.0,master,valid_observed_phase_at_origin,BASE,calibration,1,4,completed_nearest_donor,local_partition_rf,0,0.04,0,0.01
4405,2018-10,2018-06,4,0,True,0.0,master,valid_observed_phase_at_origin,BASE,calibration,1,4,spectral_core,local_partition_rf,0,0.03,0,0.05
4406,2018-10,2018-06,4,0,True,0.0,master,valid_observed_phase_at_origin,BASE,calibration,1,4,spectral_core,local_partition_rf,0,0.05,0,0.03
4407,2018-10,2018-06,4,0,True,0.0,master,valid_observed_phase_at_origin,BASE,calibration,1,4,spectral_core,local_partition_rf,0,0.06,0,0.08
4408,2018-10,2018-06,4,0,True,0.0,master,valid_observed_phase_at_origin,BASE,calibration,1,4,spectral_core,local_partition_rf,0,0.06,0,0.11
4409,2018-10,2018-06,4,0,True,0.0,master,valid_observed_phase_at_origin,BASE,calibration,1,4,completed_nearest_donor,local_partition_rf,0,0.02,0,0.11
4410,2018-10,2018-06,4,0,True,0.0,master,valid_observed_phase_at_origin,BASE,calibration,1,4,completed_nearest_donor,local_partition_rf,0,0.07,0,0.07
4411,2018-10,2018-06,4,1,True,0.0,master,valid_observed_phase_at_origin,BASE,calibration,1,-1,unassigned_nearest_donor_beyond_100km,pooled_unassigned_area,0,0.15,0,0.15
4412,2018-10,2018-06,4,0,True,0.0,master,valid_observed_phase_at_origin,BASE,calibration,1,4,spectral_core,local_partition_rf,0,0.05,0,0.04
4413,2018-10,2018-06,4,0,True,0.0,master,valid_observed_phase_at_origin,BASE,calibration,1,4,spectral_core,local_partition_rf,0,0.05,0,0.06
4414,2018-10,2018-06,4,0,True,0.0,master,valid_observed_phase_at_origin,BASE,calibration,1,4,spectral_core,local_partition_rf,0,0.03,0,0.02
4415,2018-10,2018-06,4,1,True,0.0,master,valid_observed_phase_at_origin,BASE,calibration,1,4,spectral_core,local_partition_rf,0,0.09,0,0.11
4416,2018-10,2018-06,4,0,True,0.0,master,valid_observed_phase_at_origin,BASE,calibration,1,4,spectral_core,local_partition_rf,0,0.01,0,0.02
4417,2018-10,2018-06,4,0,True,0.0,master,valid_observed_phase_at_origin,BASE,calibration,1,4,spectral_core,local_partition_rf,0,0.02,0,0.09
4418,2018-10,2018-06,4,0,True,0.0,master,valid_observed_phase_at_origin,BASE,calibration,1,4,spectral_core,local_partition_rf,0,0.04,0,0.07
4419,2018-10,2018-06,4,0,True,0.0,master,valid_observed_phase_at_origin,BASE,calibration,1,4,spectral_core,local_partition_rf,0,0.03,0,0.06
4420,2018-10,2018-06,4,0,True,0.0,master,valid_observed_phase_at_origin,BASE,calibration,1,4,completed_nearest_donor,local_partition_rf,0,0.14,0,0.1
4421,2018-10,2018-06,4,0,True,0.0,master,valid_observed_phase_at_origin,BASE,calibration,1,4,spectral_core,local_partition_rf,0,0.04,0,0.06
4422,2018-10,2018-06,4,0,True,0.0,master,valid_observed_phase_at_origin,BASE,calibration,1,4,completed_nearest_donor,local_partition_rf,0,0.03,0,0.04
4423,2018-10,2018-06,4,0,True,0.0,master,valid_observed_phase_at_origin,BASE,calibration,1,4,spectral_core,local_partition_rf,0,0.01,0,0.02
4424,2018-10,2018-06,4,0,True,0.0,master,valid_observed_phase_at_origin,BASE,calibration,1,4,completed_nearest_donor,local_partition_rf,0,0.05,0,0.03
4425,2018-10,2018-06,4,1,True,0.0,master,valid_observed_phase_at_origin,BASE,calibration,1,4,spectral_core,local_partition_rf,0,0.16,0,0.17
4426,2018-10,2018-06,4,1,True,0.0,master,valid_observed_phase_at_origin,BASE,calibration,1,4,spectral_core,local_partition_rf,0,0.13,0,0.1
4427,2018-10,2018-06,4,0,True,0.0,master,valid_observed_phase_at_origin,BASE,calibration,1,4,spectral_core,local_partition_rf,0,0.01,0,0.02
4428,2018-10,2018-06,4,0,True,0.0,master,valid_observed_phase_at_origin,BASE,calibration,1,4,spectral_core,local_partition_rf,0,0.03,0,0.09
4429,2018-10,2018-06,4,0,True,0.0,master,valid_observed_phase_at_origin,BASE,calibration,1,4,spectral_core,local_partition_rf,0,0.05,0,0.03
4430,2018-10,2018-06,4,0,True,0.0,master,valid_observed_phase_at_origin,BASE,calibration,1,4,spectral_core,local_partition_rf,0,0.05,0,0.08
4431,2018-10,2018-06,4,0,True,0.0,master,valid_observed_phase_at_origin,BASE,calibration,1,4,spectral_core,local_partition_rf,0,0.02,0,0.02
4432,2018-10,2018-06,4,0,True,0.0,master,valid_observed_phase_at_origin,BASE,calibration,1,4,spectral_core,local_partition_rf,0,0.07,0,0.05
4433,2018-10,2018-06,4,1,True,1.0,master,valid_observed_phase_at_origin,BASE,calibration,1,4,spectral_core,local_partition_rf,1,0.59,1,0.55
4434,2018-10,2018-06,4,1,True,1.0,master,valid_observed_phase_at_origin,BASE,calibration,1,4,spectral_core,local_partition_rf,0,0.36,0,0.32
4435,2018-10,2018-06,4,1,True,1.0,master,valid_observed_phase_at_origin,BASE,calibration,1,4,spectral_core,local_partition_rf,1,0.58,0,0.46
4436,2018-10,2018-06,4,1,True,1.0,master,valid_observed_phase_at_origin,BASE,calibration,1,4,spectral_core,local_partition_rf,1,0.68,1,0.58
4474,2018-10,2018-06,4,0,True,0.0,master,valid_observed_phase_at_origin,BASE,calibration,1,2,spectral_core,local_partition_rf,0,0.03,0,0.09
4483,2018-10,2018-06,4,0,True,0.0,master,valid_observed_phase_at_origin,BASE,calibration,1,7,spectral_core,local_partition_rf,0,0.02,0,0.04
4484,2018-10,2018-06,4,0,True,0.0,master,valid_observed_phase_at_origin,BASE,calibration,1,7,spectral_core,local_partition_rf,0,0.02,0,0.04
4485,2018-10,2018-06,4,0,True,0.0,master,valid_observed_phase_at_origin,BASE,calibration,1,7,spectral_core,local_partition_rf,0,0.04,0,0.03
4486,2018-10,2018-06,4,0,True,0.0,master,valid_observed_phase_at_origin,BASE,calibration,1,7,spectral_core,local_partition_rf,0,0.02,0,0.01
4487,2018-10,2018-06,4,0,True,0.0,master,valid_observed_phase_at_origin,BASE,calibration,1,7,spectral_core,local_partition_rf,0,0.02,0,0.04
4488,2018-10,2018-06,4,0,True,0.0,master,valid_observed_phase_at_origin,BASE,calibration,1,7,spectral_core,local_partition_rf,0,0.03,0,0.04
4489,2018-10,2018-06,4,0,True,0.0,master,valid_observed_phase_at_origin,BASE,calibration,1,7,spectral_core,local_partition_rf,0,0.04,0,0.06
4490,2018-10,2018-06,4,0,True,0.0,master,valid_observed_phase_at_origin,BASE,calibration,1,7,spectral_core,local_partition_rf,0,0.03,0,0.06
4491,2018-10,2018-06,4,0,True,0.0,master,valid_observed_phase_at_origin,BASE,calibration,1,7,spectral_core,local_partition_rf,0,0.02,0,0.06
4492,2018-10,2018-06,4,0,True,0.0,master,valid_observed_phase_at_origin,BASE,calibration,1,7,spectral_core,local_partition_rf,0,0.04,0,0.11
4493,2018-10,2018-06,4,0,True,0.0,master,valid_observed_phase_at_origin,BASE,calibration,1,7,spectral_core,local_partition_rf,0,0.02,0,0.08
4494,2018-10,2018-06,4,0,True,0.0,master,valid_observed_phase_at_origin,BASE,calibration,1,7,spectral_core,local_partition_rf,0,0.02,0,0.11
4495,2018-10,2018-06,4,0,True,0.0,master,valid_observed_phase_at_origin,BASE,calibration,1,7,spectral_core,local_partition_rf,0,0.03,0,0.07
4496,2018-10,2018-06,4,1,True,0.0,master,valid_observed_phase_at_origin,BASE,calibration,1,7,spectral_core,local_partition_rf,0,0.07,0,0.07
4497,2018-10,2018-06,4,1,True,0.0,master,valid_observed_phase_at_origin,BASE,calibration,1,7,spectral_core,local_partition_rf,0,0.09,0,0.08
4498,2018-10,2018-06,4,1,True,0.0,master,valid_observed_phase_at_origin,BASE,calibration,1,7,spectral_core,local_partition_rf,0,0.1,0,0.11
4499,2018-10,2018-06,4,1,True,0.0,master,valid_observed_phase_at_origin,BASE,calibration,1,7,spectral_core,local_partition_rf,0,0.09,0,0.11
4500,2018-10,2018-06,4,1,True,0.0,master,valid_observed_phase_at_origin,BASE,calibration,1,7,spectral_core,local_partition_rf,0,0.07,0,0.1
4501,2018-10,2018-06,4,1,True,0.0,master,valid_observed_phase_at_origin,BASE,calibration,1,7,spectral_core,local_partition_rf,0,0.16,0,0.15
4502,2018-10,2018-06,4,1,True,0.0,master,valid_observed_phase_at_origin,BASE,calibration,1,7,spectral_core,local_partition_rf,0,0.09,0,0.07
4503,2018-10,2018-06,4,1,True,0.0,master,valid_observed_phase_at_origin,BASE,calibration,1,7,spectral_core,local_partition_rf,0,0.11,0,0.08
4504,2018-10,2018-06,4,1,True,0.0,master,valid_observed_phase_at_origin,BASE,calibration,1,7,spectral_core,local_partition_rf,0,0.08,0,0.06
4505,2018-10,2018-06,4,1,True,0.0,master,valid_observed_phase_at_origin,BASE,calibration,1,7,spectral_core,local_partition_rf,0,0.11,0,0.05
4506,2018-10,2018-06,4,1,True,0.0,master,valid_observed_phase_at_origin,BASE,calibration,1,7,spectral_core,local_partition_rf,0,0.04,0,0.07
4507,2018-10,2018-06,4,1,True,0.0,master,valid_observed_phase_at_origin,BASE,calibration,1,7,spectral_core,local_partition_rf,0,0.12,0,0.13
4508,2018-10,2018-06,4,1,True,0.0,master,valid_observed_phase_at_origin,BASE,calibration,1,7,spectral_core,local_partition_rf,0,0.09,0,0.13
4509,2018-10,2018-06,4,0,True,0.0,master,valid_observed_phase_at_origin,BASE,calibration,1,7,spectral_core,local_partition_rf,0,0.02,0,0.03
4510,2018-10,2018-06,4,0,True,0.0,master,valid_observed_phase_at_origin,BASE,calibration,1,7,spectral_core,local_partition_rf,0,0.01,0,0.03
4512,2018-10,2018-06,4,0,True,0.0,master,valid_observed_phase_at_origin,BASE,calibration,1,7,spectral_core,local_partition_rf,0,0.02,0,0.05
4513,2018-10,2018-06,4,0,True,0.0,master,valid_observed_phase_at_origin,BASE,calibration,1,7,spectral_core,local_partition_rf,0,0.01,0,0.07
4514,2018-10,2018-06,4,0,True,0.0,master,valid_observed_phase_at_origin,BASE,calibration,1,7,spectral_core,local_partition_rf,0,0.03,0,0.04
4515,2018-10,2018-06,4,0,True,0.0,master,valid_observed_phase_at_origin,BASE,calibration,1,7,spectral_core,local_partition_rf,0,0.03,0,0.04
4516,2018-10,2018-06,4,0,True,0.0,master,valid_observed_phase_at_origin,BASE,calibration,1,7,spectral_core,local_partition_rf,0,0.01,0,0.0
4517,2018-10,2018-06,4,0,True,0.0,master,valid_observed_phase_at_origin,BASE,calibration,1,7,spectral_core,local_partition_rf,0,0.01,0,0.03
4518,2018-10,2018-06,4,0,True,0.0,master,valid_observed_phase_at_origin,BASE,calibration,1,7,spectral_core,local_partition_rf,0,0.0,0,0.09
4519,2018-10,2018-06,4,0,True,0.0,master,valid_observed_phase_at_origin,BASE,calibration,1,7,spectral_core,local_partition_rf,0,0.01,0,0.04
4520,2018-10,2018-06,4,0,True,0.0,master,valid_observed_phase_at_origin,BASE,calibration,1,7,spectral_core,local_partition_rf,0,0.02,0,0.04
4521,2018-10,2018-06,4,0,True,0.0,master,valid_observed_phase_at_origin,BASE,calibration,1,7,spectral_core,local_partition_rf,0,0.02,0,0.07
4522,2018-10,2018-06,4,1,True,0.0,master,valid_observed_phase_at_origin,BASE,calibration,1,7,spectral_core,local_partition_rf,0,0.04,0,0.07
4523,2018-10,2018-06,4,0,True,0.0,master,valid_observed_phase_at_origin,BASE,calibration,1,7,spectral_core,local_partition_rf,0,0.05,0,0.11
4524,2018-10,2018-06,4,1,True,0.0,master,valid_observed_phase_at_origin,BASE,calibration,1,7,spectral_core,local_partition_rf,0,0.01,0,0.06
4525,2018-10,2018-06,4,1,True,0.0,master,valid_observed_phase_at_origin,BASE,calibration,1,7,spectral_core,local_partition_rf,0,0.05,0,0.08
4526,2018-10,2018-06,4,0,True,0.0,master,valid_observed_phase_at_origin,BASE,calibration,1,7,spectral_core,local_partition_rf,0,0.01,0,0.05
4527,2018-10,2018-06,4,0,True,0.0,master,valid_observed_phase_at_origin,BASE,calibration,1,7,spectral_core,local_partition_rf,0,0.04,0,0.01
4528,2018-10,2018-06,4,1,True,0.0,master,valid_observed_phase_at_origin,BASE,calibration,1,7,spectral_core,local_partition_rf,0,0.02,0,0.06
4529,2018-10,2018-06,4,1,True,0.0,master,valid_observed_phase_at_origin,BASE,calibration,1,7,spectral_core,local_partition_rf,0,0.01,0,0.01
4530,2018-10,2018-06,4,1,True,0.0,master,valid_observed_phase_at_origin,BASE,calibration,1,7,spectral_core,local_partition_rf,0,0.01,0,0.01
4531,2018-10,2018-06,4,0,True,0.0,master,valid_observed_phase_at_origin,BASE,calibration,1,7,spectral_core,local_partition_rf,0,0.04,0,0.04
4532,2018-10,2018-06,4,0,True,0.0,master,valid_observed_phase_at_origin,BASE,calibration,1,7,spectral_core,local_partition_rf,0,0.04,0,0.06
4533,2018-10,2018-06,4,0,True,0.0,master,valid_observed_phase_at_origin,BASE,calibration,1,7,spectral_core,local_partition_rf,0,0.02,0,0.03
4534,2018-10,2018-06,4,0,True,0.0,master,valid_observed_phase_at_origin,BASE,calibration,1,7,spectral_core,local_partition_rf,0,0.04,0,0.07
4535,2018-10,2018-06,4,1,True,0.0,master,valid_observed_phase_at_origin,BASE,calibration,1,7,spectral_core,local_partition_rf,0,0.03,0,0.14
4536,2018-10,2018-06,4,1,True,0.0,master,valid_observed_phase_at_origin,BASE,calibration,1,7,spectral_core,local_partition_rf,0,0.05,0,0.09
4537,2018-10,2018-06,4,1,True,0.0,master,valid_observed_phase_at_origin,BASE,calibration,1,7,spectral_core,local_partition_rf,0,0.02,0,0.06
4538,2018-10,2018-06,4,0,True,0.0,master,valid_observed_phase_at_origin,BASE,calibration,1,7,spectral_core,local_partition_rf,0,0.04,0,0.04
4539,2018-10,2018-06,4,0,True,0.0,master,valid_observed_phase_at_origin,BASE,calibration,1,7,spectral_core,local_partition_rf,0,0.03,0,0.05
4540,2018-10,2018-06,4,1,True,0.0,master,valid_observed_phase_at_origin,BASE,calibration,1,7,spectral_core,local_partition_rf,0,0.07,0,0.07
4541,2018-10,2018-06,4,1,True,0.0,master,valid_observed_phase_at_origin,BASE,calibration,1,7,spectral_core,local_partition_rf,0,0.03,0,0.01
4542,2018-10,2018-06,4,1,True,0.0,master,valid_observed_phase_at_origin,BASE,calibration,1,7,spectral_core,local_partition_rf,0,0.14,0,0.12
4544,2018-10,2018-06,4,0,True,0.0,master,valid_observed_phase_at_origin,BASE,calibration,1,7,spectral_core,local_partition_rf,0,0.02,0,0.03
4545,2018-10,2018-06,4,0,True,0.0,master,valid_observed_phase_at_origin,BASE,calibration,1,7,spectral_core,local_partition_rf,0,0.03,0,0.05
4546,2018-10,2018-06,4,0,True,0.0,master,valid_observed_phase_at_origin,BASE,calibration,1,7,spectral_core,local_partition_rf,0,0.02,0,0.09
4547,2018-10,2018-06,4,0,True,0.0,master,valid_observed_phase_at_origin,BASE,calibration,1,7,spectral_core,local_partition_rf,0,0.02,0,0.08
4548,2018-10,2018-06,4,0,True,0.0,master,valid_observed_phase_at_origin,BASE,calibration,1,7,spectral_core,local_partition_rf,0,0.03,0,0.08
4549,2018-10,2018-06,4,0,True,0.0,master,valid_observed_phase_at_origin,BASE,calibration,1,7,spectral_core,local_partition_rf,0,0.03,0,0.12
4550,2018-10,2018-06,4,1,True,0.0,master,valid_observed_phase_at_origin,BASE,calibration,1,7,spectral_core,local_partition_rf,0,0.15,0,0.16
4551,2018-10,2018-06,4,1,True,0.0,master,valid_observed_phase_at_origin,BASE,calibration,1,7,spectral_core,local_partition_rf,0,0.03,0,0.11
4552,2018-10,2018-06,4,0,True,0.0,master,valid_observed_phase_at_origin,BASE,calibration,1,7,spectral_core,local_partition_rf,0,0.02,0,0.11
4553,2018-10,2018-06,4,0,True,0.0,master,valid_observed_phase_at_origin,BASE,calibration,1,7,spectral_core,local_partition_rf,0,0.03,0,0.07
4554,2018-10,2018-06,4,1,True,0.0,master,valid_observed_phase_at_origin,BASE,calibration,1,7,spectral_core,local_partition_rf,0,0.01,0,0.05
4555,2018-10,2018-06,4,0,True,0.0,master,valid_observed_phase_at_origin,BASE,calibration,1,7,spectral_core,local_partition_rf,0,0.03,0,0.04
4556,2018-10,2018-06,4,0,True,0.0,master,valid_observed_phase_at_origin,BASE,calibration,1,7,spectral_core,local_partition_rf,0,0.02,0,0.01
4557,2018-10,2018-06,4,0,True,0.0,master,valid_observed_phase_at_origin,BASE,calibration,1,7,spectral_core,local_partition_rf,0,0.02,0,0.03
4558,2018-10,2018-06,4,1,True,0.0,master,valid_observed_phase_at_origin,BASE,calibration,1,7,spectral_core,local_partition_rf,0,0.09,0,0.12
4559,2018-10,2018-06,4,0,True,0.0,master,valid_observed_phase_at_origin,BASE,calibration,1,7,spectral_core,local_partition_rf,0,0.03,0,0.04
4560,2018-10,2018-06,4,0,True,0.0,master,valid_observed_phase_at_origin,BASE,calibration,1,7,spectral_core,local_partition_rf,0,0.03,0,0.07
4562,2018-10,2018-06,4,0,True,0.0,master,valid_observed_phase_at_origin,BASE,calibration,1,7,spectral_core,local_partition_rf,0,0.03,0,0.04
4563,2018-10,2018-06,4,0,True,0.0,master,valid_observed_phase_at_origin,BASE,calibration,1,7,spectral_core,local_partition_rf,0,0.05,0,0.04
4564,2018-10,2018-06,4,0,True,0.0,master,valid_observed_phase_at_origin,BASE,calibration,1,7,spectral_core,local_partition_rf,0,0.02,0,0.04
4565,2018-10,2018-06,4,0,True,0.0,master,valid_observed_phase_at_origin,BASE,calibration,1,7,spectral_core,local_partition_rf,0,0.03,0,0.01
4566,2018-10,2018-06,4,1,True,1.0,master,valid_observed_phase_at_origin,BASE,calibration,1,1,spectral_core,local_partition_rf,1,0.99,1,0.88
4567,2018-10,2018-06,4,1,True,1.0,master,valid_observed_phase_at_origin,BASE,calibration,1,1,spectral_core,local_partition_rf,1,0.99,1,0.9
4568,2018-10,2018-06,4,0,True,0.0,master,valid_observed_phase_at_origin,BASE,calibration,1,1,spectral_core,local_partition_rf,0,0.03,0,0.13
4569,2018-10,2018-06,4,1,True,1.0,master,valid_observed_phase_at_origin,BASE,calibration,1,1,spectral_core,local_partition_rf,1,0.59,1,0.67
4570,2018-10,2018-06,4,1,True,1.0,master,valid_observed_phase_at_origin,BASE,calibration,1,1,spectral_core,local_partition_rf,1,0.98,1,0.92
4571,2018-10,2018-06,4,1,True,0.0,master,valid_observed_phase_at_origin,BASE,calibration,1,1,spectral_core,local_partition_rf,1,1.0,1,0.91
4572,2018-10,2018-06,4,1,True,1.0,master,valid_observed_phase_at_origin,BASE,calibration,1,1,spectral_core,local_partition_rf,1,0.99,1,0.9
4573,2018-10,2018-06,4,0,True,0.0,master,valid_observed_phase_at_origin,BASE,calibration,1,1,spectral_core,local_partition_rf,0,0.02,0,0.16
4574,2018-10,2018-06,4,1,True,1.0,master,valid_observed_phase_at_origin,BASE,calibration,1,1,spectral_core,local_partition_rf,1,0.51,1,0.6
4575,2018-10,2018-06,4,1,True,1.0,master,valid_observed_phase_at_origin,BASE,calibration,1,1,spectral_core,local_partition_rf,1,1.0,1,0.89
4576,2018-10,2018-06,4,1,True,1.0,master,valid_observed_phase_at_origin,BASE,calibration,1,1,spectral_core,local_partition_rf,1,0.99,1,0.93
4577,2018-10,2018-06,4,0,True,0.0,master,valid_observed_phase_at_origin,BASE,calibration,1,1,spectral_core,local_partition_rf,0,0.0,0,0.12
4578,2018-10,2018-06,4,1,True,1.0,master,valid_observed_phase_at_origin,BASE,calibration,1,1,spectral_core,local_partition_rf,0,0.5,1,0.59
4579,2018-10,2018-06,4,1,True,1.0,master,valid_observed_phase_at_origin,BASE,calibration,1,1,spectral_core,local_partition_rf,1,1.0,1,0.92
4580,2018-10,2018-06,4,1,True,1.0,master,valid_observed_phase_at_origin,BASE,calibration,1,1,spectral_core,local_partition_rf,1,1.0,1,0.91
4581,2018-10,2018-06,4,1,True,1.0,master,valid_observed_phase_at_origin,BASE,calibration,1,1,spectral_core,local_partition_rf,1,1.0,1,0.88
4582,2018-10,2018-06,4,1,True,1.0,master,valid_observed_phase_at_origin,BASE,calibration,1,1,spectral_core,local_partition_rf,1,0.99,1,0.86
4583,2018-10,2018-06,4,1,True,1.0,master,valid_observed_phase_at_origin,BASE,calibration,1,1,spectral_core,local_partition_rf,1,1.0,1,0.92
4584,2018-10,2018-06,4,1,True,0.0,master,valid_observed_phase_at_origin,BASE,calibration,1,1,spectral_core,local_partition_rf,1,1.0,1,0.88
4585,2018-10,2018-06,4,1,True,1.0,master,valid_observed_phase_at_origin,BASE,calibration,1,1,spectral_core,local_partition_rf,1,0.99,1,0.87
4586,2018-10,2018-06,4,1,True,1.0,master,valid_observed_phase_at_origin,BASE,calibration,1,1,spectral_core,local_partition_rf,1,1.0,1,0.85
4587,2018-10,2018-06,4,1,True,1.0,master,valid_observed_phase_at_origin,BASE,calibration,1,1,spectral_core,local_partition_rf,1,1.0,1,0.87
4588,2018-10,2018-06,4,1,True,1.0,master,valid_observed_phase_at_origin,BASE,calibration,1,1,spectral_core,local_partition_rf,1,1.0,1,0.89
4589,2018-10,2018-06,4,1,True,1.0,master,valid_observed_phase_at_origin,BASE,calibration,1,1,spectral_core,local_partition_rf,1,0.99,1,0.83
4590,2018-10,2018-06,4,1,True,1.0,master,valid_observed_phase_at_origin,BASE,calibration,1,1,spectral_core,local_partition_rf,1,1.0,1,0.91
4591,2018-10,2018-06,4,0,True,0.0,master,valid_observed_phase_at_origin,BASE,calibration,1,1,spectral_core,local_partition_rf,0,0.09,0,0.16
4592,2018-10,2018-06,4,1,True,1.0,master,valid_observed_phase_at_origin,BASE,calibration,1,1,spectral_core,local_partition_rf,1,1.0,1,0.83
4593,2018-10,2018-06,4,1,True,1.0,master,valid_observed_phase_at_origin,BASE,calibration,1,1,spectral_core,local_partition_rf,1,1.0,1,0.84
4594,2018-10,2018-06,4,1,True,1.0,master,valid_observed_phase_at_origin,BASE,calibration,1,1,spectral_core,local_partition_rf,1,1.0,1,0.89
4595,2018-10,2018-06,4,1,True,1.0,master,valid_observed_phase_at_origin,BASE,calibration,1,1,spectral_core,local_partition_rf,1,1.0,1,0.87
4596,2018-10,2018-06,4,1,True,1.0,master,valid_observed_phase_at_origin,BASE,calibration,1,1,spectral_core,local_partition_rf,1,0.99,1,0.81
4597,2018-10,2018-06,4,1,True,1.0,master,valid_observed_phase_at_origin,BASE,calibration,1,1,spectral_core,local_partition_rf,1,1.0,1,0.86
4598,2018-10,2018-06,4,1,True,1.0,master,valid_observed_phase_at_origin,BASE,calibration,1,1,spectral_core,local_partition_rf,1,1.0,1,0.87
4599,2018-10,2018-06,4,1,True,1.0,master,valid_observed_phase_at_origin,BASE,calibration,1,1,spectral_core,local_partition_rf,1,1.0,1,0.83
4600,2018-10,2018-06,4,1,True,1.0,master,valid_observed_phase_at_origin,BASE,calibration,1,1,spectral_core,local_partition_rf,1,0.73,1,0.65
4601,2018-10,2018-06,4,1,True,1.0,master,valid_observed_phase_at_origin,BASE,calibration,1,1,spectral_core,local_partition_rf,1,0.99,1,0.9
4602,2018-10,2018-06,4,1,True,1.0,master,valid_observed_phase_at_origin,BASE,calibration,1,1,spectral_core,local_partition_rf,1,1.0,1,0.9
4603,2018-10,2018-06,4,1,True,1.0,master,valid_observed_phase_at_origin,BASE,calibration,1,1,spectral_core,local_partition_rf,1,1.0,1,0.88
4604,2018-10,2018-06,4,1,True,1.0,master,valid_observed_phase_at_origin,BASE,calibration,1,1,spectral_core,local_partition_rf,1,0.99,1,0.93
4605,2018-10,2018-06,4,1,False,,,no_valid_observed_phase_at_origin,BASE,calibration,1,1,spectral_core,local_partition_rf,1,0.53,1,0.59
4606,2018-10,2018-06,4,1,True,1.0,master,valid_observed_phase_at_origin,BASE,calibration,1,1,spectral_core,local_partition_rf,1,1.0,1,0.89
4607,2018-10,2018-06,4,0,True,0.0,master,valid_observed_phase_at_origin,BASE,calibration,1,1,spectral_core,local_partition_rf,0,0.02,0,0.18
4608,2018-10,2018-06,4,1,True,1.0,master,valid_observed_phase_at_origin,BASE,calibration,1,1,spectral_core,local_partition_rf,1,0.56,1,0.55
4609,2018-10,2018-06,4,1,True,1.0,master,valid_observed_phase_at_origin,BASE,calibration,1,1,spectral_core,local_partition_rf,1,1.0,1,0.93
4610,2018-10,2018-06,4,1,True,1.0,master,valid_observed_phase_at_origin,BASE,calibration,1,1,spectral_core,local_partition_rf,1,1.0,1,0.92
4611,2018-10,2018-06,4,1,True,1.0,master,valid_observed_phase_at_origin,BASE,calibration,1,1,spectral_core,local_partition_rf,1,0.97,1,0.89
4612,2018-10,2018-06,4,1,True,1.0,master,valid_observed_phase_at_origin,BASE,calibration,1,1,spectral_core,local_partition_rf,1,1.0,1,0.88
4613,2018-10,2018-06,4,1,True,1.0,master,valid_observed_phase_at_origin,BASE,calibration,1,1,spectral_core,local_partition_rf,1,1.0,1,0.9
4614,2018-10,2018-06,4,1,True,1.0,master,valid_observed_phase_at_origin,BASE,calibration,1,1,spectral_core,local_partition_rf,1,1.0,1,0.91
4615,2018-10,2018-06,4,1,True,1.0,master,valid_observed_phase_at_origin,BASE,calibration,1,1,spectral_core,local_partition_rf,1,0.98,1,0.88
4616,2018-10,2018-06,4,1,True,1.0,master,valid_observed_phase_at_origin,BASE,calibration,1,1,spectral_core,local_partition_rf,1,1.0,1,0.93
4617,2018-10,2018-06,4,1,True,1.0,master,valid_observed_phase_at_origin,BASE,calibration,1,1,spectral_core,local_partition_rf,1,1.0,1,0.83
4618,2018-10,2018-06,4,1,True,1.0,master,valid_observed_phase_at_origin,BASE,calibration,1,1,spectral_core,local_partition_rf,1,1.0,1,0.84
4619,2018-10,2018-06,4,1,True,1.0,master,valid_observed_phase_at_origin,BASE,calibration,1,1,spectral_core,local_partition_rf,1,1.0,1,0.83
4620,2018-10,2018-06,4,1,True,1.0,master,valid_observed_phase_at_origin,BASE,calibration,1,1,spectral_core,local_partition_rf,1,1.0,1,0.85
4621,2018-10,2018-06,4,1,True,1.0,master,valid_observed_phase_at_origin,BASE,calibration,1,1,spectral_core,local_partition_rf,1,1.0,1,0.82
4622,2018-10,2018-06,4,1,True,1.0,master,valid_observed_phase_at_origin,BASE,calibration,1,1,spectral_core,local_partition_rf,1,0.99,1,0.83
4623,2018-10,2018-06,4,1,True,1.0,master,valid_observed_phase_at_origin,BASE,calibration,1,1,spectral_core,local_partition_rf,1,1.0,1,0.93
4624,2018-10,2018-06,4,1,True,1.0,master,valid_observed_phase_at_origin,BASE,calibration,1,1,spectral_core,local_partition_rf,1,1.0,1,0.86
4625,2018-10,2018-06,4,1,True,1.0,master,valid_observed_phase_at_origin,BASE,calibration,1,1,spectral_core,local_partition_rf,1,1.0,1,0.86
4626,2018-10,2018-06,4,1,True,1.0,master,valid_observed_phase_at_origin,BASE,calibration,1,1,spectral_core,local_partition_rf,1,1.0,1,0.85
4627,2018-10,2018-06,4,1,True,1.0,master,valid_observed_phase_at_origin,BASE,calibration,1,1,spectral_core,local_partition_rf,1,1.0,1,0.84
4628,2018-10,2018-06,4,1,True,1.0,master,valid_observed_phase_at_origin,BASE,calibration,1,1,spectral_core,local_partition_rf,1,1.0,1,0.86
4629,2018-10,2018-06,4,1,True,1.0,master,valid_observed_phase_at_origin,BASE,calibration,1,1,spectral_core,local_partition_rf,1,1.0,1,0.85
4630,2018-10,2018-06,4,1,True,0.0,master,valid_observed_phase_at_origin,BASE,calibration,1,1,spectral_core,local_partition_rf,1,1.0,1,0.88
4631,2018-10,2018-06,4,1,True,1.0,master,valid_observed_phase_at_origin,BASE,calibration,1,1,spectral_core,local_partition_rf,1,1.0,1,0.89
4632,2018-10,2018-06,4,1,True,1.0,master,valid_observed_phase_at_origin,BASE,calibration,1,1,spectral_core,local_partition_rf,1,1.0,1,0.87
4633,2018-10,2018-06,4,1,True,1.0,master,valid_observed_phase_at_origin,BASE,calibration,1,1,spectral_core,local_partition_rf,1,1.0,1,0.88
4634,2018-10,2018-06,4,1,True,1.0,master,valid_observed_phase_at_origin,BASE,calibration,1,1,spectral_core,local_partition_rf,1,1.0,1,0.86
4635,2018-10,2018-06,4,1,True,1.0,master,valid_observed_phase_at_origin,BASE,calibration,1,1,spectral_core,local_partition_rf,1,1.0,1,0.87
4636,2018-10,2018-06,4,1,True,1.0,master,valid_observed_phase_at_origin,BASE,calibration,1,1,spectral_core,local_partition_rf,1,1.0,1,0.89
4637,2018-10,2018-06,4,1,True,1.0,master,valid_observed_phase_at_origin,BASE,calibration,1,1,spectral_core,local_partition_rf,1,1.0,1,0.9
4638,2018-10,2018-06,4,1,True,1.0,master,valid_observed_phase_at_origin,BASE,calibration,1,1,spectral_core,local_partition_rf,1,1.0,1,0.83
4639,2018-10,2018-06,4,1,True,1.0,master,valid_observed_phase_at_origin,BASE,calibration,1,1,spectral_core,local_partition_rf,1,1.0,1,0.89
4640,2018-10,2018-06,4,1,True,1.0,master,valid_observed_phase_at_origin,BASE,calibration,1,1,spectral_core,local_partition_rf,1,1.0,1,0.86
4641,2018-10,2018-06,4,1,True,1.0,master,valid_observed_phase_at_origin,BASE,calibration,1,1,spectral_core,local_partition_rf,1,1.0,1,0.88
4642,2018-10,2018-06,4,1,True,1.0,master,valid_observed_phase_at_origin,BASE,calibration,1,1,spectral_core,local_partition_rf,1,1.0,1,0.86
4643,2018-10,2018-06,4,1,True,1.0,master,valid_observed_phase_at_origin,BASE,calibration,1,1,spectral_core,local_partition_rf,1,1.0,1,0.87
4644,2018-10,2018-06,4,1,True,1.0,master,valid_observed_phase_at_origin,BASE,calibration,1,1,spectral_core,local_partition_rf,1,1.0,1,0.86
4645,2018-10,2018-06,4,1,True,1.0,master,valid_observed_phase_at_origin,BASE,calibration,1,1,spectral_core,local_partition_rf,1,1.0,1,0.87
4646,2018-10,2018-06,4,1,True,1.0,master,valid_observed_phase_at_origin,BASE,calibration,1,1,spectral_core,local_partition_rf,1,1.0,1,0.86
4647,2018-10,2018-06,4,1,True,1.0,master,valid_observed_phase_at_origin,BASE,calibration,1,1,spectral_core,local_partition_rf,1,1.0,1,0.85
4648,2018-10,2018-06,4,1,True,1.0,master,valid_observed_phase_at_origin,BASE,calibration,1,1,spectral_core,local_partition_rf,1,1.0,1,0.87
4649,2018-10,2018-06,4,1,True,1.0,master,valid_observed_phase_at_origin,BASE,calibration,1,1,spectral_core,local_partition_rf,1,1.0,1,0.88
4650,2018-10,2018-06,4,1,True,1.0,master,valid_observed_phase_at_origin,BASE,calibration,1,1,spectral_core,local_partition_rf,1,1.0,1,0.87
4651,2018-10,2018-06,4,1,True,1.0,master,valid_observed_phase_at_origin,BASE,calibration,1,1,spectral_core,local_partition_rf,1,1.0,1,0.91
4652,2018-10,2018-06,4,1,True,1.0,master,valid_observed_phase_at_origin,BASE,calibration,1,1,spectral_core,local_partition_rf,1,1.0,1,0.87
4653,2018-10,2018-06,4,1,True,1.0,master,valid_observed_phase_at_origin,BASE,calibration,1,1,spectral_core,local_partition_rf,1,0.98,1,0.89
4654,2018-10,2018-06,4,1,True,1.0,master,valid_observed_phase_at_origin,BASE,calibration,1,1,spectral_core,local_partition_rf,1,1.0,1,0.82
4655,2018-10,2018-06,4,1,True,0.0,master,valid_observed_phase_at_origin,BASE,calibration,1,1,spectral_core,local_partition_rf,1,1.0,1,0.91
4656,2018-10,2018-06,4,1,True,1.0,master,valid_observed_phase_at_origin,BASE,calibration,1,1,spectral_core,local_partition_rf,1,1.0,1,0.9
4657,2018-10,2018-06,4,1,True,1.0,master,valid_observed_phase_at_origin,BASE,calibration,1,1,spectral_core,local_partition_rf,1,1.0,1,0.89
4658,2018-10,2018-06,4,1,True,1.0,master,valid_observed_phase_at_origin,BASE,calibration,1,1,spectral_core,local_partition_rf,1,1.0,1,0.88
4659,2018-10,2018-06,4,1,True,1.0,master,valid_observed_phase_at_origin,BASE,calibration,1,1,spectral_core,local_partition_rf,1,1.0,1,0.85
4660,2018-10,2018-06,4,1,True,1.0,master,valid_observed_phase_at_origin,BASE,calibration,1,1,spectral_core,local_partition_rf,1,1.0,1,0.85
4661,2018-10,2018-06,4,1,True,1.0,master,valid_observed_phase_at_origin,BASE,calibration,1,1,spectral_core,local_partition_rf,1,0.99,1,0.92
4662,2018-10,2018-06,4,1,True,1.0,master,valid_observed_phase_at_origin,BASE,calibration,1,1,spectral_core,local_partition_rf,1,1.0,1,0.94
4663,2018-10,2018-06,4,1,True,1.0,master,valid_observed_phase_at_origin,BASE,calibration,1,1,spectral_core,local_partition_rf,1,1.0,1,0.87
4664,2018-10,2018-06,4,1,True,1.0,master,valid_observed_phase_at_origin,BASE,calibration,1,1,spectral_core,local_partition_rf,1,0.98,1,0.88
4665,2018-10,2018-06,4,1,True,1.0,master,valid_observed_phase_at_origin,BASE,calibration,1,1,spectral_core,local_partition_rf,1,1.0,1,0.9
4666,2018-10,2018-06,4,1,True,1.0,master,valid_observed_phase_at_origin,BASE,calibration,1,1,spectral_core,local_partition_rf,1,0.99,1,0.88
4667,2018-10,2018-06,4,1,True,1.0,master,valid_observed_phase_at_origin,BASE,calibration,1,1,spectral_core,local_partition_rf,1,0.95,1,0.92
4668,2018-10,2018-06,4,1,True,1.0,master,valid_observed_phase_at_origin,BASE,calibration,1,1,spectral_core,local_partition_rf,1,1.0,1,0.89
4669,2018-10,2018-06,4,1,True,1.0,master,valid_observed_phase_at_origin,BASE,calibration,1,1,spectral_core,local_partition_rf,1,1.0,1,0.89
4670,2018-10,2018-06,4,1,True,1.0,master,valid_observed_phase_at_origin,BASE,calibration,1,1,spectral_core,local_partition_rf,1,0.99,1,0.86
4671,2018-10,2018-06,4,1,True,1.0,master,valid_observed_phase_at_origin,BASE,calibration,1,1,spectral_core,local_partition_rf,1,0.99,1,0.87
4672,2018-10,2018-06,4,1,True,1.0,master,valid_observed_phase_at_origin,BASE,calibration,1,1,spectral_core,local_partition_rf,1,1.0,1,0.93
4673,2018-10,2018-06,4,1,True,1.0,master,valid_observed_phase_at_origin,BASE,calibration,1,1,spectral_core,local_partition_rf,1,1.0,1,0.91
4674,2018-10,2018-06,4,1,True,0.0,master,valid_observed_phase_at_origin,BASE,calibration,1,1,spectral_core,local_partition_rf,1,1.0,1,0.9
4675,2018-10,2018-06,4,1,True,1.0,master,valid_observed_phase_at_origin,BASE,calibration,1,1,spectral_core,local_partition_rf,1,1.0,1,0.87
4676,2018-10,2018-06,4,1,True,1.0,master,valid_observed_phase_at_origin,BASE,calibration,1,1,spectral_core,local_partition_rf,1,1.0,1,0.84
4677,2018-10,2018-06,4,1,True,1.0,master,valid_observed_phase_at_origin,BASE,calibration,1,1,spectral_core,local_partition_rf,1,1.0,1,0.89
4678,2018-10,2018-06,4,1,True,1.0,master,valid_observed_phase_at_origin,BASE,calibration,1,1,spectral_core,local_partition_rf,1,1.0,1,0.82
4679,2018-10,2018-06,4,1,True,1.0,master,valid_observed_phase_at_origin,BASE,calibration,1,1,spectral_core,local_partition_rf,1,1.0,1,0.84
4680,2018-10,2018-06,4,1,True,1.0,master,valid_observed_phase_at_origin,BASE,calibration,1,1,spectral_core,local_partition_rf,1,1.0,1,0.84
4681,2018-10,2018-06,4,1,True,1.0,master,valid_observed_phase_at_origin,BASE,calibration,1,1,spectral_core,local_partition_rf,1,1.0,1,0.8
4682,2018-10,2018-06,4,1,True,1.0,master,valid_observed_phase_at_origin,BASE,calibration,1,1,spectral_core,local_partition_rf,1,1.0,1,0.87
4683,2018-10,2018-06,4,1,True,1.0,master,valid_observed_phase_at_origin,BASE,calibration,1,1,spectral_core,local_partition_rf,1,1.0,1,0.83
4684,2018-10,2018-06,4,1,True,1.0,master,valid_observed_phase_at_origin,BASE,calibration,1,1,spectral_core,local_partition_rf,1,1.0,1,0.85
4685,2018-10,2018-06,4,1,True,1.0,master,valid_observed_phase_at_origin,BASE,calibration,1,1,spectral_core,local_partition_rf,1,1.0,1,0.84
4686,2018-10,2018-06,4,1,True,1.0,master,valid_observed_phase_at_origin,BASE,calibration,1,1,spectral_core,local_partition_rf,1,1.0,1,0.85
4687,2018-10,2018-06,4,1,True,1.0,master,valid_observed_phase_at_origin,BASE,calibration,1,1,spectral_core,local_partition_rf,1,1.0,1,0.85
4688,2018-10,2018-06,4,1,True,1.0,master,valid_observed_phase_at_origin,BASE,calibration,1,1,spectral_core,local_partition_rf,1,1.0,1,0.85
4689,2018-10,2018-06,4,1,True,1.0,master,valid_observed_phase_at_origin,BASE,calibration,1,1,spectral_core,local_partition_rf,1,1.0,1,0.87
4690,2018-10,2018-06,4,1,True,1.0,master,valid_observed_phase_at_origin,BASE,calibration,1,1,spectral_core,local_partition_rf,1,1.0,1,0.84
4691,2018-10,2018-06,4,1,True,1.0,master,valid_observed_phase_at_origin,BASE,calibration,1,1,spectral_core,local_partition_rf,1,1.0,1,0.84
4692,2018-10,2018-06,4,1,True,1.0,master,valid_observed_phase_at_origin,BASE,calibration,1,1,spectral_core,local_partition_rf,1,1.0,1,0.85
4693,2018-10,2018-06,4,1,True,1.0,master,valid_observed_phase_at_origin,BASE,calibration,1,1,spectral_core,local_partition_rf,1,1.0,1,0.81
4694,2018-10,2018-06,4,1,True,1.0,master,valid_observed_phase_at_origin,BASE,calibration,1,1,spectral_core,local_partition_rf,1,1.0,1,0.9
4695,2018-10,2018-06,4,1,True,1.0,master,valid_observed_phase_at_origin,BASE,calibration,1,1,spectral_core,local_partition_rf,1,1.0,1,0.86
4696,2018-10,2018-06,4,1,True,1.0,master,valid_observed_phase_at_origin,BASE,calibration,1,1,spectral_core,local_partition_rf,1,1.0,1,0.85
4697,2018-10,2018-06,4,1,True,1.0,master,valid_observed_phase_at_origin,BASE,calibration,1,1,spectral_core,local_partition_rf,1,1.0,1,0.83
4698,2018-10,2018-06,4,1,True,1.0,master,valid_observed_phase_at_origin,BASE,calibration,1,1,spectral_core,local_partition_rf,1,1.0,1,0.86
4699,2018-10,2018-06,4,1,True,1.0,master,valid_observed_phase_at_origin,BASE,calibration,1,1,spectral_core,local_partition_rf,1,1.0,1,0.85
4700,2018-10,2018-06,4,1,True,1.0,master,valid_observed_phase_at_origin,BASE,calibration,1,1,spectral_core,local_partition_rf,1,0.99,1,0.87
4701,2018-10,2018-06,4,1,True,1.0,master,valid_observed_phase_at_origin,BASE,calibration,1,1,spectral_core,local_partition_rf,1,1.0,1,0.85
4702,2018-10,2018-06,4,1,True,1.0,master,valid_observed_phase_at_origin,BASE,calibration,1,1,spectral_core,local_partition_rf,1,1.0,1,0.84
4703,2018-10,2018-06,4,1,True,1.0,master,valid_observed_phase_at_origin,BASE,calibration,1,1,spectral_core,local_partition_rf,1,1.0,1,0.86
4704,2018-10,2018-06,4,1,True,1.0,master,valid_observed_phase_at_origin,BASE,calibration,1,1,spectral_core,local_partition_rf,1,1.0,1,0.85
4705,2018-10,2018-06,4,1,True,1.0,master,valid_observed_phase_at_origin,BASE,calibration,1,1,spectral_core,local_partition_rf,1,1.0,1,0.84
4706,2018-10,2018-06,4,1,True,1.0,master,valid_observed_phase_at_origin,BASE,calibration,1,1,spectral_core,local_partition_rf,1,0.99,1,0.83
4707,2018-10,2018-06,4,1,True,1.0,master,valid_observed_phase_at_origin,BASE,calibration,1,1,spectral_core,local_partition_rf,1,1.0,1,0.84
4708,2018-10,2018-06,4,1,True,1.0,master,valid_observed_phase_at_origin,BASE,calibration,1,1,spectral_core,local_partition_rf,1,1.0,1,0.85
4709,2018-10,2018-06,4,1,True,1.0,master,valid_observed_phase_at_origin,BASE,calibration,1,1,spectral_core,local_partition_rf,1,1.0,1,0.87
4710,2018-10,2018-06,4,1,True,1.0,master,valid_observed_phase_at_origin,BASE,calibration,1,1,spectral_core,local_partition_rf,1,1.0,1,0.83
4711,2018-10,2018-06,4,0,True,0.0,master,valid_observed_phase_at_origin,BASE,calibration,1,-1,unassigned_nearest_donor_beyond_100km,pooled_unassigned_area,0,0.08,0,0.08
4712,2018-10,2018-06,4,1,True,0.0,master,valid_observed_phase_at_origin,BASE,calibration,1,-1,unassigned_nearest_donor_beyond_100km,pooled_unassigned_area,0,0.13,0,0.13
4713,2018-10,2018-06,4,1,True,0.0,master,valid_observed_phase_at_origin,BASE,calibration,1,-1,unassigned_nearest_donor_beyond_100km,pooled_unassigned_area,0,0.04,0,0.04
4714,2018-10,2018-06,4,0,True,0.0,master,valid_observed_phase_at_origin,BASE,calibration,1,-1,unassigned_nearest_donor_beyond_100km,pooled_unassigned_area,0,0.13,0,0.13
4715,2018-10,2018-06,4,0,True,0.0,master,valid_observed_phase_at_origin,BASE,calibration,1,-1,unassigned_nearest_donor_beyond_100km,pooled_unassigned_area,0,0.12,0,0.12
4716,2018-10,2018-06,4,0,True,0.0,master,valid_observed_phase_at_origin,BASE,calibration,1,-1,unassigned_nearest_donor_beyond_100km,pooled_unassigned_area,0,0.38,0,0.38
4717,2018-10,2018-06,4,0,True,0.0,master,valid_observed_phase_at_origin,BASE,calibration,1,-1,unassigned_nearest_donor_beyond_100km,pooled_unassigned_area,0,0.19,0,0.19
4718,2018-10,2018-06,4,0,True,0.0,master,valid_observed_phase_at_origin,BASE,calibration,1,-1,unassigned_nearest_donor_beyond_100km,pooled_unassigned_area,0,0.14,0,0.14
4719,2018-10,2018-06,4,0,True,0.0,master,valid_observed_phase_at_origin,BASE,calibration,1,-1,unassigned_nearest_donor_beyond_100km,pooled_unassigned_area,0,0.12,0,0.12
4720,2018-10,2018-06,4,0,True,0.0,master,valid_observed_phase_at_origin,BASE,calibration,1,-1,unassigned_nearest_donor_beyond_100km,pooled_unassigned_area,0,0.19,0,0.19
4721,2018-10,2018-06,4,0,True,1.0,master,valid_observed_phase_at_origin,BASE,calibration,1,-1,unassigned_nearest_donor_beyond_100km,pooled_unassigned_area,0,0.21,0,0.21
4722,2018-10,2018-06,4,0,True,0.0,master,valid_observed_phase_at_origin,BASE,calibration,1,-1,unassigned_nearest_donor_beyond_100km,pooled_unassigned_area,0,0.11,0,0.11
4723,2018-10,2018-06,4,0,True,0.0,master,valid_observed_phase_at_origin,BASE,calibration,1,-1,unassigned_nearest_donor_beyond_100km,pooled_unassigned_area,0,0.16,0,0.16
4724,2018-10,2018-06,4,0,True,0.0,master,valid_observed_phase_at_origin,BASE,calibration,1,-1,unassigned_nearest_donor_beyond_100km,pooled_unassigned_area,0,0.12,0,0.12
4725,2018-10,2018-06,4,0,True,0.0,master,valid_observed_phase_at_origin,BASE,calibration,1,-1,unassigned_nearest_donor_beyond_100km,pooled_unassigned_area,0,0.14,0,0.14
4726,2018-10,2018-06,4,1,True,0.0,master,valid_observed_phase_at_origin,BASE,calibration,1,-1,unassigned_nearest_donor_beyond_100km,pooled_unassigned_area,0,0.13,0,0.13
4727,2018-10,2018-06,4,0,True,0.0,master,valid_observed_phase_at_origin,BASE,calibration,1,-1,unassigned_nearest_donor_beyond_100km,pooled_unassigned_area,0,0.11,0,0.11
4728,2018-10,2018-06,4,0,True,1.0,master,valid_observed_phase_at_origin,BASE,calibration,1,-1,unassigned_nearest_donor_beyond_100km,pooled_unassigned_area,0,0.16,0,0.16
4729,2018-10,2018-06,4,0,True,0.0,master,valid_observed_phase_at_origin,BASE,calibration,1,-1,unassigned_nearest_donor_beyond_100km,pooled_unassigned_area,0,0.14,0,0.14
4730,2018-10,2018-06,4,0,True,0.0,master,valid_observed_phase_at_origin,BASE,calibration,1,-1,unassigned_nearest_donor_beyond_100km,pooled_unassigned_area,0,0.1,0,0.1
4731,2018-10,2018-06,4,1,True,1.0,master,valid_observed_phase_at_origin,BASE,calibration,1,-1,unassigned_nearest_donor_beyond_100km,pooled_unassigned_area,0,0.21,0,0.21
4732,2018-10,2018-06,4,0,True,0.0,master,valid_observed_phase_at_origin,BASE,calibration,1,-1,unassigned_nearest_donor_beyond_100km,pooled_unassigned_area,0,0.12,0,0.12
4733,2018-10,2018-06,4,1,True,1.0,master,valid_observed_phase_at_origin,BASE,calibration,1,-1,unassigned_nearest_donor_beyond_100km,pooled_unassigned_area,0,0.17,0,0.17
4734,2018-10,2018-06,4,0,True,0.0,master,valid_observed_phase_at_origin,BASE,calibration,1,-1,unassigned_nearest_donor_beyond_100km,pooled_unassigned_area,0,0.11,0,0.11
4735,2018-10,2018-06,4,0,True,0.0,master,valid_observed_phase_at_origin,BASE,calibration,1,-1,unassigned_nearest_donor_beyond_100km,pooled_unassigned_area,0,0.09,0,0.09
4736,2018-10,2018-06,4,1,True,1.0,master,valid_observed_phase_at_origin,BASE,calibration,1,-1,unassigned_nearest_donor_beyond_100km,pooled_unassigned_area,0,0.31,0,0.31
4737,2018-10,2018-06,4,0,True,0.0,master,valid_observed_phase_at_origin,BASE,calibration,1,-1,unassigned_nearest_donor_beyond_100km,pooled_unassigned_area,0,0.14,0,0.14
4738,2018-10,2018-06,4,1,True,0.0,master,valid_observed_phase_at_origin,BASE,calibration,1,-1,unassigned_nearest_donor_beyond_100km,pooled_unassigned_area,0,0.06,0,0.06
4739,2018-10,2018-06,4,0,True,0.0,master,valid_observed_phase_at_origin,BASE,calibration,1,-1,unassigned_nearest_donor_beyond_100km,pooled_unassigned_area,0,0.12,0,0.12
4740,2018-10,2018-06,4,0,True,0.0,master,valid_observed_phase_at_origin,BASE,calibration,1,-1,unassigned_nearest_donor_beyond_100km,pooled_unassigned_area,0,0.14,0,0.14
4741,2018-10,2018-06,4,1,True,1.0,master,valid_observed_phase_at_origin,BASE,calibration,1,-1,unassigned_nearest_donor_beyond_100km,pooled_unassigned_area,0,0.18,0,0.18
4742,2018-10,2018-06,4,0,True,0.0,master,valid_observed_phase_at_origin,BASE,calibration,1,-1,unassigned_nearest_donor_beyond_100km,pooled_unassigned_area,0,0.12,0,0.12
4743,2018-10,2018-06,4,1,True,1.0,master,valid_observed_phase_at_origin,BASE,calibration,1,-1,unassigned_nearest_donor_beyond_100km,pooled_unassigned_area,0,0.18,0,0.18
4744,2018-10,2018-06,4,0,True,0.0,master,valid_observed_phase_at_origin,BASE,calibration,1,-1,unassigned_nearest_donor_beyond_100km,pooled_unassigned_area,0,0.11,0,0.11
4745,2018-10,2018-06,4,0,True,0.0,master,valid_observed_phase_at_origin,BASE,calibration,1,-1,unassigned_nearest_donor_beyond_100km,pooled_unassigned_area,0,0.09,0,0.09
4746,2018-10,2018-06,4,0,True,0.0,master,valid_observed_phase_at_origin,BASE,calibration,1,-1,unassigned_nearest_donor_beyond_100km,pooled_unassigned_area,0,0.12,0,0.12
4747,2018-10,2018-06,4,0,True,0.0,master,valid_observed_phase_at_origin,BASE,calibration,1,-1,unassigned_nearest_donor_beyond_100km,pooled_unassigned_area,0,0.07,0,0.07
4748,2018-10,2018-06,4,0,True,1.0,master,valid_observed_phase_at_origin,BASE,calibration,1,-1,unassigned_nearest_donor_beyond_100km,pooled_unassigned_area,0,0.14,0,0.14
4749,2018-10,2018-06,4,1,True,1.0,master,valid_observed_phase_at_origin,BASE,calibration,1,-1,unassigned_nearest_donor_beyond_100km,pooled_unassigned_area,0,0.22,0,0.22
4750,2018-10,2018-06,4,0,True,1.0,master,valid_observed_phase_at_origin,BASE,calibration,1,-1,unassigned_nearest_donor_beyond_100km,pooled_unassigned_area,0,0.28,0,0.28
4751,2018-10,2018-06,4,0,True,0.0,master,valid_observed_phase_at_origin,BASE,calibration,1,-1,unassigned_nearest_donor_beyond_100km,pooled_unassigned_area,0,0.17,0,0.17
4752,2018-10,2018-06,4,0,True,1.0,master,valid_observed_phase_at_origin,BASE,calibration,1,-1,unassigned_nearest_donor_beyond_100km,pooled_unassigned_area,0,0.22,0,0.22
4753,2018-10,2018-06,4,0,True,0.0,master,valid_observed_phase_at_origin,BASE,calibration,1,-1,unassigned_nearest_donor_beyond_100km,pooled_unassigned_area,0,0.17,0,0.17
4754,2018-10,2018-06,4,0,True,0.0,master,valid_observed_phase_at_origin,BASE,calibration,1,-1,unassigned_nearest_donor_beyond_100km,pooled_unassigned_area,0,0.11,0,0.11
4755,2018-10,2018-06,4,0,True,0.0,master,valid_observed_phase_at_origin,BASE,calibration,1,-1,unassigned_nearest_donor_beyond_100km,pooled_unassigned_area,0,0.11,0,0.11
4756,2018-10,2018-06,4,0,True,0.0,master,valid_observed_phase_at_origin,BASE,calibration,1,-1,unassigned_nearest_donor_beyond_100km,pooled_unassigned_area,0,0.15,0,0.15
4757,2018-10,2018-06,4,0,True,0.0,master,valid_observed_phase_at_origin,BASE,calibration,1,-1,unassigned_nearest_donor_beyond_100km,pooled_unassigned_area,0,0.17,0,0.17
4758,2018-10,2018-06,4,0,True,0.0,master,valid_observed_phase_at_origin,BASE,calibration,1,-1,unassigned_nearest_donor_beyond_100km,pooled_unassigned_area,0,0.07,0,0.07
4759,2018-10,2018-06,4,0,True,0.0,master,valid_observed_phase_at_origin,BASE,calibration,1,-1,unassigned_nearest_donor_beyond_100km,pooled_unassigned_area,0,0.18,0,0.18
4760,2018-10,2018-06,4,0,True,0.0,master,valid_observed_phase_at_origin,BASE,calibration,1,-1,unassigned_nearest_donor_beyond_100km,pooled_unassigned_area,0,0.13,0,0.13
4761,2018-10,2018-06,4,0,True,0.0,master,valid_observed_phase_at_origin,BASE,calibration,1,-1,unassigned_nearest_donor_beyond_100km,pooled_unassigned_area,0,0.07,0,0.07
4762,2018-10,2018-06,4,0,True,0.0,master,valid_observed_phase_at_origin,BASE,calibration,1,-1,unassigned_nearest_donor_beyond_100km,pooled_unassigned_area,0,0.09,0,0.09
4763,2018-10,2018-06,4,0,True,0.0,master,valid_observed_phase_at_origin,BASE,calibration,1,-1,unassigned_nearest_donor_beyond_100km,pooled_unassigned_area,0,0.13,0,0.13
4764,2018-10,2018-06,4,0,True,0.0,master,valid_observed_phase_at_origin,BASE,calibration,1,-1,unassigned_nearest_donor_beyond_100km,pooled_unassigned_area,0,0.07,0,0.07
4765,2018-10,2018-06,4,0,True,0.0,master,valid_observed_phase_at_origin,BASE,calibration,1,-1,unassigned_nearest_donor_beyond_100km,pooled_unassigned_area,0,0.15,0,0.15
4766,2018-10,2018-06,4,0,True,0.0,master,valid_observed_phase_at_origin,BASE,calibration,1,-1,unassigned_nearest_donor_beyond_100km,pooled_unassigned_area,0,0.1,0,0.1
4767,2018-10,2018-06,4,0,True,0.0,master,valid_observed_phase_at_origin,BASE,calibration,1,-1,unassigned_nearest_donor_beyond_100km,pooled_unassigned_area,0,0.16,0,0.16
4768,2018-10,2018-06,4,0,True,0.0,master,valid_observed_phase_at_origin,BASE,calibration,1,-1,unassigned_nearest_donor_beyond_100km,pooled_unassigned_area,0,0.11,0,0.11
4769,2018-10,2018-06,4,0,True,0.0,master,valid_observed_phase_at_origin,BASE,calibration,1,-1,unassigned_nearest_donor_beyond_100km,pooled_unassigned_area,0,0.16,0,0.16
4770,2018-10,2018-06,4,0,True,0.0,master,valid_observed_phase_at_origin,BASE,calibration,1,-1,unassigned_nearest_donor_beyond_100km,pooled_unassigned_area,0,0.09,0,0.09
4771,2018-10,2018-06,4,0,True,0.0,master,valid_observed_phase_at_origin,BASE,calibration,1,-1,unassigned_nearest_donor_beyond_100km,pooled_unassigned_area,0,0.1,0,0.1
4772,2018-10,2018-06,4,0,True,0.0,master,valid_observed_phase_at_origin,BASE,calibration,1,-1,unassigned_nearest_donor_beyond_100km,pooled_unassigned_area,0,0.1,0,0.1
4773,2018-10,2018-06,4,0,True,0.0,master,valid_observed_phase_at_origin,BASE,calibration,1,-1,unassigned_nearest_donor_beyond_100km,pooled_unassigned_area,0,0.21,0,0.21
4774,2018-10,2018-06,4,0,True,0.0,master,valid_observed_phase_at_origin,BASE,calibration,1,-1,unassigned_nearest_donor_beyond_100km,pooled_unassigned_area,0,0.14,0,0.14
4775,2018-10,2018-06,4,0,True,0.0,master,valid_observed_phase_at_origin,BASE,calibration,1,-1,unassigned_nearest_donor_beyond_100km,pooled_unassigned_area,0,0.12,0,0.12
4776,2018-10,2018-06,4,0,True,0.0,master,valid_observed_phase_at_origin,BASE,calibration,1,-1,unassigned_nearest_donor_beyond_100km,pooled_unassigned_area,0,0.12,0,0.12
4777,2018-10,2018-06,4,0,True,0.0,master,valid_observed_phase_at_origin,BASE,calibration,1,-1,unassigned_nearest_donor_beyond_100km,pooled_unassigned_area,0,0.16,0,0.16
4778,2018-10,2018-06,4,0,True,0.0,master,valid_observed_phase_at_origin,BASE,calibration,1,-1,unassigned_nearest_donor_beyond_100km,pooled_unassigned_area,0,0.16,0,0.16
4779,2018-10,2018-06,4,0,True,0.0,master,valid_observed_phase_at_origin,BASE,calibration,1,-1,unassigned_nearest_donor_beyond_100km,pooled_unassigned_area,0,0.06,0,0.06
4780,2018-10,2018-06,4,0,True,0.0,master,valid_observed_phase_at_origin,BASE,calibration,1,-1,unassigned_nearest_donor_beyond_100km,pooled_unassigned_area,0,0.11,0,0.11
4781,2018-10,2018-06,4,0,True,0.0,master,valid_observed_phase_at_origin,BASE,calibration,1,-1,unassigned_nearest_donor_beyond_100km,pooled_unassigned_area,0,0.11,0,0.11
4782,2018-10,2018-06,4,0,True,0.0,master,valid_observed_phase_at_origin,BASE,calibration,1,-1,unassigned_nearest_donor_beyond_100km,pooled_unassigned_area,0,0.14,0,0.14
4783,2018-10,2018-06,4,0,True,0.0,master,valid_observed_phase_at_origin,BASE,calibration,1,-1,unassigned_nearest_donor_beyond_100km,pooled_unassigned_area,0,0.08,0,0.08
4784,2018-10,2018-06,4,0,True,0.0,master,valid_observed_phase_at_origin,BASE,calibration,1,-1,unassigned_nearest_donor_beyond_100km,pooled_unassigned_area,0,0.12,0,0.12
4785,2018-10,2018-06,4,0,True,0.0,master,valid_observed_phase_at_origin,BASE,calibration,1,-1,unassigned_nearest_donor_beyond_100km,pooled_unassigned_area,0,0.14,0,0.14
4786,2018-10,2018-06,4,0,True,0.0,master,valid_observed_phase_at_origin,BASE,calibration,1,-1,unassigned_nearest_donor_beyond_100km,pooled_unassigned_area,0,0.12,0,0.12
4787,2018-10,2018-06,4,0,True,0.0,master,valid_observed_phase_at_origin,BASE,calibration,1,-1,unassigned_nearest_donor_beyond_100km,pooled_unassigned_area,0,0.14,0,0.14
4788,2018-10,2018-06,4,1,True,0.0,master,valid_observed_phase_at_origin,BASE,calibration,1,-1,unassigned_nearest_donor_beyond_100km,pooled_unassigned_area,0,0.09,0,0.09
4789,2018-10,2018-06,4,0,True,0.0,master,valid_observed_phase_at_origin,BASE,calibration,1,-1,unassigned_nearest_donor_beyond_100km,pooled_unassigned_area,0,0.15,0,0.15
4790,2018-10,2018-06,4,0,True,0.0,master,valid_observed_phase_at_origin,BASE,calibration,1,-1,unassigned_nearest_donor_beyond_100km,pooled_unassigned_area,0,0.13,0,0.13
4791,2018-10,2018-06,4,1,True,0.0,master,valid_observed_phase_at_origin,BASE,calibration,1,-1,unassigned_nearest_donor_beyond_100km,pooled_unassigned_area,0,0.17,0,0.17
4792,2018-10,2018-06,4,0,True,0.0,master,valid_observed_phase_at_origin,BASE,calibration,1,-1,unassigned_nearest_donor_beyond_100km,pooled_unassigned_area,0,0.13,0,0.13
4793,2018-10,2018-06,4,1,True,1.0,master,valid_observed_phase_at_origin,BASE,calibration,1,-1,unassigned_nearest_donor_beyond_100km,pooled_unassigned_area,0,0.16,0,0.16
4794,2018-10,2018-06,4,1,True,1.0,master,valid_observed_phase_at_origin,BASE,calibration,1,-1,unassigned_nearest_donor_beyond_100km,pooled_unassigned_area,0,0.17,0,0.17
4795,2018-10,2018-06,4,1,True,0.0,master,valid_observed_phase_at_origin,BASE,calibration,1,-1,unassigned_nearest_donor_beyond_100km,pooled_unassigned_area,0,0.25,0,0.25
4796,2018-10,2018-06,4,0,True,0.0,master,valid_observed_phase_at_origin,BASE,calibration,1,-1,unassigned_nearest_donor_beyond_100km,pooled_unassigned_area,0,0.1,0,0.1
4797,2018-10,2018-06,4,1,True,1.0,master,valid_observed_phase_at_origin,BASE,calibration,1,-1,unassigned_nearest_donor_beyond_100km,pooled_unassigned_area,0,0.2,0,0.2
4798,2018-10,2018-06,4,0,True,0.0,master,valid_observed_phase_at_origin,BASE,calibration,1,-1,unassigned_nearest_donor_beyond_100km,pooled_unassigned_area,0,0.12,0,0.12
4799,2018-10,2018-06,4,1,True,0.0,master,valid_observed_phase_at_origin,BASE,calibration,1,-1,unassigned_nearest_donor_beyond_100km,pooled_unassigned_area,0,0.15,0,0.15
4800,2018-10,2018-06,4,0,True,0.0,master,valid_observed_phase_at_origin,BASE,calibration,1,-1,unassigned_nearest_donor_beyond_100km,pooled_unassigned_area,0,0.12,0,0.12
4801,2018-10,2018-06,4,0,True,0.0,master,valid_observed_phase_at_origin,BASE,calibration,1,-1,unassigned_nearest_donor_beyond_100km,pooled_unassigned_area,0,0.13,0,0.13
4802,2018-10,2018-06,4,1,True,0.0,master,valid_observed_phase_at_origin,BASE,calibration,1,-1,unassigned_nearest_donor_beyond_100km,pooled_unassigned_area,0,0.13,0,0.13
4803,2018-10,2018-06,4,1,True,0.0,master,valid_observed_phase_at_origin,BASE,calibration,1,-1,unassigned_nearest_donor_beyond_100km,pooled_unassigned_area,0,0.11,0,0.11
4804,2018-10,2018-06,4,1,True,1.0,master,valid_observed_phase_at_origin,BASE,calibration,1,-1,unassigned_nearest_donor_beyond_100km,pooled_unassigned_area,0,0.23,0,0.23
4805,2018-10,2018-06,4,0,True,0.0,master,valid_observed_phase_at_origin,BASE,calibration,1,-1,unassigned_nearest_donor_beyond_100km,pooled_unassigned_area,0,0.17,0,0.17
4806,2018-10,2018-06,4,1,True,0.0,master,valid_observed_phase_at_origin,BASE,calibration,1,-1,unassigned_nearest_donor_beyond_100km,pooled_unassigned_area,0,0.06,0,0.06
4807,2018-10,2018-06,4,0,True,0.0,master,valid_observed_phase_at_origin,BASE,calibration,1,-1,unassigned_nearest_donor_beyond_100km,pooled_unassigned_area,0,0.09,0,0.09
4808,2018-10,2018-06,4,1,True,0.0,master,valid_observed_phase_at_origin,BASE,calibration,1,-1,unassigned_nearest_donor_beyond_100km,pooled_unassigned_area,0,0.07,0,0.07
4809,2018-10,2018-06,4,0,True,1.0,master,valid_observed_phase_at_origin,BASE,calibration,1,-1,unassigned_nearest_donor_beyond_100km,pooled_unassigned_area,0,0.21,0,0.21
4810,2018-10,2018-06,4,0,True,0.0,master,valid_observed_phase_at_origin,BASE,calibration,1,-1,unassigned_nearest_donor_beyond_100km,pooled_unassigned_area,0,0.15,0,0.15
4811,2018-10,2018-06,4,0,True,0.0,master,valid_observed_phase_at_origin,BASE,calibration,1,-1,unassigned_nearest_donor_beyond_100km,pooled_unassigned_area,0,0.1,0,0.1
4812,2018-10,2018-06,4,0,True,0.0,master,valid_observed_phase_at_origin,BASE,calibration,1,-1,unassigned_nearest_donor_beyond_100km,pooled_unassigned_area,0,0.05,0,0.05
4813,2018-10,2018-06,4,0,True,0.0,master,valid_observed_phase_at_origin,BASE,calibration,1,-1,unassigned_nearest_donor_beyond_100km,pooled_unassigned_area,0,0.14,0,0.14
4814,2018-10,2018-06,4,0,True,0.0,master,valid_observed_phase_at_origin,BASE,calibration,1,-1,unassigned_nearest_donor_beyond_100km,pooled_unassigned_area,0,0.14,0,0.14
4815,2018-10,2018-06,4,0,True,0.0,master,valid_observed_phase_at_origin,BASE,calibration,1,-1,unassigned_nearest_donor_beyond_100km,pooled_unassigned_area,0,0.1,0,0.1
4816,2018-10,2018-06,4,0,True,0.0,master,valid_observed_phase_at_origin,BASE,calibration,1,-1,unassigned_nearest_donor_beyond_100km,pooled_unassigned_area,0,0.12,0,0.12
4817,2018-10,2018-06,4,0,True,0.0,master,valid_observed_phase_at_origin,BASE,calibration,1,-1,unassigned_nearest_donor_beyond_100km,pooled_unassigned_area,0,0.07,0,0.07
4818,2018-10,2018-06,4,0,True,0.0,master,valid_observed_phase_at_origin,BASE,calibration,1,-1,unassigned_nearest_donor_beyond_100km,pooled_unassigned_area,0,0.09,0,0.09
4819,2018-10,2018-06,4,0,True,0.0,master,valid_observed_phase_at_origin,BASE,calibration,1,-1,unassigned_nearest_donor_beyond_100km,pooled_unassigned_area,0,0.15,0,0.15
4820,2018-10,2018-06,4,0,True,0.0,master,valid_observed_phase_at_origin,BASE,calibration,1,-1,unassigned_nearest_donor_beyond_100km,pooled_unassigned_area,0,0.16,0,0.16
4821,2018-10,2018-06,4,0,True,0.0,master,valid_observed_phase_at_origin,BASE,calibration,1,-1,unassigned_nearest_donor_beyond_100km,pooled_unassigned_area,0,0.09,0,0.09
4822,2018-10,2018-06,4,0,True,0.0,master,valid_observed_phase_at_origin,BASE,calibration,1,-1,unassigned_nearest_donor_beyond_100km,pooled_unassigned_area,0,0.11,0,0.11
4823,2018-10,2018-06,4,0,True,0.0,master,valid_observed_phase_at_origin,BASE,calibration,1,-1,unassigned_nearest_donor_beyond_100km,pooled_unassigned_area,0,0.1,0,0.1
4824,2018-10,2018-06,4,1,True,0.0,master,valid_observed_phase_at_origin,BASE,calibration,1,-1,unassigned_nearest_donor_beyond_100km,pooled_unassigned_area,0,0.11,0,0.11
4825,2018-10,2018-06,4,0,True,0.0,master,valid_observed_phase_at_origin,BASE,calibration,1,-1,unassigned_nearest_donor_beyond_100km,pooled_unassigned_area,0,0.15,0,0.15
4826,2018-10,2018-06,4,0,True,0.0,master,valid_observed_phase_at_origin,BASE,calibration,1,-1,unassigned_nearest_donor_beyond_100km,pooled_unassigned_area,0,0.16,0,0.16
4827,2018-10,2018-06,4,1,True,0.0,master,valid_observed_phase_at_origin,BASE,calibration,1,-1,unassigned_nearest_donor_beyond_100km,pooled_unassigned_area,0,0.07,0,0.07
4828,2018-10,2018-06,4,0,True,0.0,master,valid_observed_phase_at_origin,BASE,calibration,1,-1,unassigned_nearest_donor_beyond_100km,pooled_unassigned_area,0,0.09,0,0.09
4829,2018-10,2018-06,4,1,True,0.0,master,valid_observed_phase_at_origin,BASE,calibration,1,-1,unassigned_nearest_donor_beyond_100km,pooled_unassigned_area,0,0.1,0,0.1
4830,2018-10,2018-06,4,0,True,0.0,master,valid_observed_phase_at_origin,BASE,calibration,1,-1,unassigned_nearest_donor_beyond_100km,pooled_unassigned_area,0,0.05,0,0.05
4831,2018-10,2018-06,4,1,True,0.0,master,valid_observed_phase_at_origin,BASE,calibration,1,-1,unassigned_nearest_donor_beyond_100km,pooled_unassigned_area,0,0.14,0,0.14
4832,2018-10,2018-06,4,0,True,0.0,master,valid_observed_phase_at_origin,BASE,calibration,1,-1,unassigned_nearest_donor_beyond_100km,pooled_unassigned_area,0,0.09,0,0.09
4833,2018-10,2018-06,4,0,True,0.0,master,valid_observed_phase_at_origin,BASE,calibration,1,-1,unassigned_nearest_donor_beyond_100km,pooled_unassigned_area,0,0.11,0,0.11
4834,2018-10,2018-06,4,1,True,0.0,master,valid_observed_phase_at_origin,BASE,calibration,1,-1,unassigned_nearest_donor_beyond_100km,pooled_unassigned_area,0,0.1,0,0.1
4835,2018-10,2018-06,4,1,True,0.0,master,valid_observed_phase_at_origin,BASE,calibration,1,-1,unassigned_nearest_donor_beyond_100km,pooled_unassigned_area,0,0.13,0,0.13
4836,2018-10,2018-06,4,1,True,0.0,master,valid_observed_phase_at_origin,BASE,calibration,1,-1,unassigned_nearest_donor_beyond_100km,pooled_unassigned_area,0,0.1,0,0.1
4837,2018-10,2018-06,4,0,True,0.0,master,valid_observed_phase_at_origin,BASE,calibration,1,-1,unassigned_nearest_donor_beyond_100km,pooled_unassigned_area,0,0.06,0,0.06
4838,2018-10,2018-06,4,0,True,0.0,master,valid_observed_phase_at_origin,BASE,calibration,1,-1,unassigned_nearest_donor_beyond_100km,pooled_unassigned_area,0,0.11,0,0.11
4839,2018-10,2018-06,4,0,True,0.0,master,valid_observed_phase_at_origin,BASE,calibration,1,-1,unassigned_nearest_donor_beyond_100km,pooled_unassigned_area,0,0.12,0,0.12
4840,2018-10,2018-06,4,1,True,0.0,master,valid_observed_phase_at_origin,BASE,calibration,1,-1,unassigned_nearest_donor_beyond_100km,pooled_unassigned_area,0,0.07,0,0.07
4841,2018-10,2018-06,4,0,True,0.0,master,valid_observed_phase_at_origin,BASE,calibration,1,-1,unassigned_nearest_donor_beyond_100km,pooled_unassigned_area,0,0.1,0,0.1
4842,2018-10,2018-06,4,0,True,0.0,master,valid_observed_phase_at_origin,BASE,calibration,1,-1,unassigned_nearest_donor_beyond_100km,pooled_unassigned_area,0,0.13,0,0.13
4843,2018-10,2018-06,4,0,True,1.0,master,valid_observed_phase_at_origin,BASE,calibration,1,-1,unassigned_nearest_donor_beyond_100km,pooled_unassigned_area,0,0.16,0,0.16
4844,2018-10,2018-06,4,0,True,0.0,master,valid_observed_phase_at_origin,BASE,calibration,1,-1,unassigned_nearest_donor_beyond_100km,pooled_unassigned_area,0,0.1,0,0.1
4845,2018-10,2018-06,4,0,True,0.0,master,valid_observed_phase_at_origin,BASE,calibration,1,-1,unassigned_nearest_donor_beyond_100km,pooled_unassigned_area,0,0.09,0,0.09
4846,2018-10,2018-06,4,0,True,0.0,master,valid_observed_phase_at_origin,BASE,calibration,1,-1,unassigned_nearest_donor_beyond_100km,pooled_unassigned_area,0,0.14,0,0.14
4847,2018-10,2018-06,4,0,True,0.0,master,valid_observed_phase_at_origin,BASE,calibration,1,-1,unassigned_nearest_donor_beyond_100km,pooled_unassigned_area,0,0.11,0,0.11
4848,2018-10,2018-06,4,0,True,0.0,master,valid_observed_phase_at_origin,BASE,calibration,1,-1,unassigned_nearest_donor_beyond_100km,pooled_unassigned_area,0,0.08,0,0.08
4849,2018-10,2018-06,4,0,True,0.0,master,valid_observed_phase_at_origin,BASE,calibration,1,-1,unassigned_nearest_donor_beyond_100km,pooled_unassigned_area,0,0.08,0,0.08
4850,2018-10,2018-06,4,1,True,0.0,master,valid_observed_phase_at_origin,BASE,calibration,1,-1,unassigned_nearest_donor_beyond_100km,pooled_unassigned_area,0,0.17,0,0.17
4851,2018-10,2018-06,4,0,True,0.0,master,valid_observed_phase_at_origin,BASE,calibration,1,-1,unassigned_nearest_donor_beyond_100km,pooled_unassigned_area,0,0.08,0,0.08
4852,2018-10,2018-06,4,0,True,0.0,master,valid_observed_phase_at_origin,BASE,calibration,1,-1,unassigned_nearest_donor_beyond_100km,pooled_unassigned_area,0,0.11,0,0.11
4853,2018-10,2018-06,4,0,True,0.0,master,valid_observed_phase_at_origin,BASE,calibration,1,-1,unassigned_nearest_donor_beyond_100km,pooled_unassigned_area,0,0.1,0,0.1
4854,2018-10,2018-06,4,1,True,0.0,master,valid_observed_phase_at_origin,BASE,calibration,1,-1,unassigned_nearest_donor_beyond_100km,pooled_unassigned_area,0,0.09,0,0.09
4855,2018-10,2018-06,4,0,True,0.0,master,valid_observed_phase_at_origin,BASE,calibration,1,-1,unassigned_nearest_donor_beyond_100km,pooled_unassigned_area,0,0.06,0,0.06
4856,2018-10,2018-06,4,0,True,0.0,master,valid_observed_phase_at_origin,BASE,calibration,1,-1,unassigned_nearest_donor_beyond_100km,pooled_unassigned_area,0,0.08,0,0.08
4857,2018-10,2018-06,4,1,True,0.0,master,valid_observed_phase_at_origin,BASE,calibration,1,-1,unassigned_nearest_donor_beyond_100km,pooled_unassigned_area,0,0.11,0,0.11
4858,2018-10,2018-06,4,0,True,0.0,master,valid_observed_phase_at_origin,BASE,calibration,1,-1,unassigned_nearest_donor_beyond_100km,pooled_unassigned_area,0,0.11,0,0.11
4859,2018-10,2018-06,4,1,True,0.0,master,valid_observed_phase_at_origin,BASE,calibration,1,-1,unassigned_nearest_donor_beyond_100km,pooled_unassigned_area,0,0.14,0,0.14
4860,2018-10,2018-06,4,0,True,0.0,master,valid_observed_phase_at_origin,BASE,calibration,1,-1,unassigned_nearest_donor_beyond_100km,pooled_unassigned_area,0,0.09,0,0.09
4861,2018-10,2018-06,4,1,True,0.0,master,valid_observed_phase_at_origin,BASE,calibration,1,-1,unassigned_nearest_donor_beyond_100km,pooled_unassigned_area,0,0.14,0,0.14
4862,2018-10,2018-06,4,0,True,0.0,master,valid_observed_phase_at_origin,BASE,calibration,1,-1,unassigned_nearest_donor_beyond_100km,pooled_unassigned_area,0,0.11,0,0.11
4863,2018-10,2018-06,4,1,True,0.0,master,valid_observed_phase_at_origin,BASE,calibration,1,-1,unassigned_nearest_donor_beyond_100km,pooled_unassigned_area,0,0.12,0,0.12
4864,2018-10,2018-06,4,0,True,0.0,master,valid_observed_phase_at_origin,BASE,calibration,1,-1,unassigned_nearest_donor_beyond_100km,pooled_unassigned_area,0,0.09,0,0.09
4865,2018-10,2018-06,4,0,True,0.0,master,valid_observed_phase_at_origin,BASE,calibration,1,-1,unassigned_nearest_donor_beyond_100km,pooled_unassigned_area,0,0.07,0,0.07
4866,2018-10,2018-06,4,0,True,0.0,master,valid_observed_phase_at_origin,BASE,calibration,1,-1,unassigned_nearest_donor_beyond_100km,pooled_unassigned_area,0,0.07,0,0.07
4867,2018-10,2018-06,4,1,True,0.0,master,valid_observed_phase_at_origin,BASE,calibration,1,-1,unassigned_nearest_donor_beyond_100km,pooled_unassigned_area,0,0.2,0,0.2
4868,2018-10,2018-06,4,0,True,0.0,master,valid_observed_phase_at_origin,BASE,calibration,1,-1,unassigned_nearest_donor_beyond_100km,pooled_unassigned_area,0,0.12,0,0.12
4869,2018-10,2018-06,4,0,True,0.0,master,valid_observed_phase_at_origin,BASE,calibration,1,-1,unassigned_nearest_donor_beyond_100km,pooled_unassigned_area,0,0.09,0,0.09
4870,2018-10,2018-06,4,0,True,0.0,master,valid_observed_phase_at_origin,BASE,calibration,1,-1,unassigned_nearest_donor_beyond_100km,pooled_unassigned_area,0,0.12,0,0.12
4871,2018-10,2018-06,4,1,True,0.0,master,valid_observed_phase_at_origin,BASE,calibration,1,-1,unassigned_nearest_donor_beyond_100km,pooled_unassigned_area,0,0.18,0,0.18
4872,2018-10,2018-06,4,1,True,0.0,master,valid_observed_phase_at_origin,BASE,calibration,1,-1,unassigned_nearest_donor_beyond_100km,pooled_unassigned_area,0,0.16,0,0.16
4873,2018-10,2018-06,4,0,True,0.0,master,valid_observed_phase_at_origin,BASE,calibration,1,-1,unassigned_nearest_donor_beyond_100km,pooled_unassigned_area,0,0.12,0,0.12
4874,2018-10,2018-06,4,1,True,0.0,master,valid_observed_phase_at_origin,BASE,calibration,1,-1,unassigned_nearest_donor_beyond_100km,pooled_unassigned_area,0,0.13,0,0.13
4875,2018-10,2018-06,4,0,True,0.0,master,valid_observed_phase_at_origin,BASE,calibration,1,-1,unassigned_nearest_donor_beyond_100km,pooled_unassigned_area,0,0.11,0,0.11
4876,2018-10,2018-06,4,1,True,0.0,master,valid_observed_phase_at_origin,BASE,calibration,1,-1,unassigned_nearest_donor_beyond_100km,pooled_unassigned_area,0,0.13,0,0.13
4877,2018-10,2018-06,4,0,True,0.0,master,valid_observed_phase_at_origin,BASE,calibration,1,-1,unassigned_nearest_donor_beyond_100km,pooled_unassigned_area,0,0.12,0,0.12
4878,2018-10,2018-06,4,0,True,0.0,master,valid_observed_phase_at_origin,BASE,calibration,1,-1,unassigned_nearest_donor_beyond_100km,pooled_unassigned_area,0,0.12,0,0.12
4879,2018-10,2018-06,4,0,True,0.0,master,valid_observed_phase_at_origin,BASE,calibration,1,-1,unassigned_nearest_donor_beyond_100km,pooled_unassigned_area,0,0.1,0,0.1
4880,2018-10,2018-06,4,0,True,0.0,master,valid_observed_phase_at_origin,BASE,calibration,1,-1,unassigned_nearest_donor_beyond_100km,pooled_unassigned_area,0,0.11,0,0.11
4881,2018-10,2018-06,4,1,True,0.0,master,valid_observed_phase_at_origin,BASE,calibration,1,-1,unassigned_nearest_donor_beyond_100km,pooled_unassigned_area,0,0.1,0,0.1
4882,2018-10,2018-06,4,1,True,0.0,master,valid_observed_phase_at_origin,BASE,calibration,1,-1,unassigned_nearest_donor_beyond_100km,pooled_unassigned_area,0,0.13,0,0.13
4883,2018-10,2018-06,4,1,True,0.0,master,valid_observed_phase_at_origin,BASE,calibration,1,-1,unassigned_nearest_donor_beyond_100km,pooled_unassigned_area,0,0.05,0,0.05
4884,2018-10,2018-06,4,0,True,0.0,master,valid_observed_phase_at_origin,BASE,calibration,1,-1,unassigned_nearest_donor_beyond_100km,pooled_unassigned_area,0,0.13,0,0.13
4885,2018-10,2018-06,4,1,True,0.0,master,valid_observed_phase_at_origin,BASE,calibration,1,-1,unassigned_nearest_donor_beyond_100km,pooled_unassigned_area,0,0.1,0,0.1
4886,2018-10,2018-06,4,0,True,0.0,master,valid_observed_phase_at_origin,BASE,calibration,1,-1,unassigned_nearest_donor_beyond_100km,pooled_unassigned_area,0,0.13,0,0.13
4887,2018-10,2018-06,4,1,True,0.0,master,valid_observed_phase_at_origin,BASE,calibration,1,-1,unassigned_nearest_donor_beyond_100km,pooled_unassigned_area,0,0.12,0,0.12
4888,2018-10,2018-06,4,1,True,0.0,master,valid_observed_phase_at_origin,BASE,calibration,1,-1,unassigned_nearest_donor_beyond_100km,pooled_unassigned_area,0,0.12,0,0.12
4889,2018-10,2018-06,4,1,True,0.0,master,valid_observed_phase_at_origin,BASE,calibration,1,-1,unassigned_nearest_donor_beyond_100km,pooled_unassigned_area,0,0.1,0,0.1
4890,2018-10,2018-06,4,1,True,0.0,master,valid_observed_phase_at_origin,BASE,calibration,1,-1,unassigned_nearest_donor_beyond_100km,pooled_unassigned_area,0,0.09,0,0.09
4891,2018-10,2018-06,4,0,True,0.0,master,valid_observed_phase_at_origin,BASE,calibration,1,-1,unassigned_nearest_donor_beyond_100km,pooled_unassigned_area,0,0.13,0,0.13
4892,2018-10,2018-06,4,0,True,0.0,master,valid_observed_phase_at_origin,BASE,calibration,1,-1,unassigned_nearest_donor_beyond_100km,pooled_unassigned_area,0,0.07,0,0.07
4893,2018-10,2018-06,4,1,True,1.0,master,valid_observed_phase_at_origin,BASE,calibration,1,-1,unassigned_nearest_donor_beyond_100km,pooled_unassigned_area,0,0.15,0,0.15
4894,2018-10,2018-06,4,0,True,0.0,master,valid_observed_phase_at_origin,BASE,calibration,1,-1,unassigned_nearest_donor_beyond_100km,pooled_unassigned_area,0,0.1,0,0.1
4895,2018-10,2018-06,4,0,True,0.0,master,valid_observed_phase_at_origin,BASE,calibration,1,-1,unassigned_nearest_donor_beyond_100km,pooled_unassigned_area,0,0.05,0,0.05
4896,2018-10,2018-06,4,1,True,0.0,master,valid_observed_phase_at_origin,BASE,calibration,1,-1,unassigned_nearest_donor_beyond_100km,pooled_unassigned_area,0,0.13,0,0.13
4897,2018-10,2018-06,4,0,True,0.0,master,valid_observed_phase_at_origin,BASE,calibration,1,-1,unassigned_nearest_donor_beyond_100km,pooled_unassigned_area,0,0.12,0,0.12
4898,2018-10,2018-06,4,1,True,1.0,master,valid_observed_phase_at_origin,BASE,calibration,1,-1,unassigned_nearest_donor_beyond_100km,pooled_unassigned_area,0,0.19,0,0.19
4899,2018-10,2018-06,4,0,True,0.0,master,valid_observed_phase_at_origin,BASE,calibration,1,-1,unassigned_nearest_donor_beyond_100km,pooled_unassigned_area,0,0.14,0,0.14
4900,2018-10,2018-06,4,0,True,0.0,master,valid_observed_phase_at_origin,BASE,calibration,1,-1,unassigned_nearest_donor_beyond_100km,pooled_unassigned_area,0,0.14,0,0.14
4901,2018-10,2018-06,4,0,True,0.0,master,valid_observed_phase_at_origin,BASE,calibration,1,-1,unassigned_nearest_donor_beyond_100km,pooled_unassigned_area,0,0.08,0,0.08
4902,2018-10,2018-06,4,0,True,0.0,master,valid_observed_phase_at_origin,BASE,calibration,1,-1,unassigned_nearest_donor_beyond_100km,pooled_unassigned_area,0,0.12,0,0.12
4903,2018-10,2018-06,4,0,True,0.0,master,valid_observed_phase_at_origin,BASE,calibration,1,-1,unassigned_nearest_donor_beyond_100km,pooled_unassigned_area,0,0.1,0,0.1
4904,2018-10,2018-06,4,0,True,0.0,master,valid_observed_phase_at_origin,BASE,calibration,1,-1,unassigned_nearest_donor_beyond_100km,pooled_unassigned_area,0,0.1,0,0.1
4905,2018-10,2018-06,4,0,True,0.0,master,valid_observed_phase_at_origin,BASE,calibration,1,-1,unassigned_nearest_donor_beyond_100km,pooled_unassigned_area,0,0.09,0,0.09
4906,2018-10,2018-06,4,0,True,0.0,master,valid_observed_phase_at_origin,BASE,calibration,1,-1,unassigned_nearest_donor_beyond_100km,pooled_unassigned_area,0,0.13,0,0.13
4907,2018-10,2018-06,4,0,True,0.0,master,valid_observed_phase_at_origin,BASE,calibration,1,-1,unassigned_nearest_donor_beyond_100km,pooled_unassigned_area,0,0.13,0,0.13
4908,2018-10,2018-06,4,0,True,0.0,master,valid_observed_phase_at_origin,BASE,calibration,1,-1,unassigned_nearest_donor_beyond_100km,pooled_unassigned_area,0,0.14,0,0.14
4909,2018-10,2018-06,4,0,True,0.0,master,valid_observed_phase_at_origin,BASE,calibration,1,-1,unassigned_nearest_donor_beyond_100km,pooled_unassigned_area,0,0.1,0,0.1
4910,2018-10,2018-06,4,0,True,0.0,master,valid_observed_phase_at_origin,BASE,calibration,1,-1,unassigned_nearest_donor_beyond_100km,pooled_unassigned_area,0,0.11,0,0.11
4911,2018-10,2018-06,4,0,True,0.0,master,valid_observed_phase_at_origin,BASE,calibration,1,-1,unassigned_nearest_donor_beyond_100km,pooled_unassigned_area,0,0.12,0,0.12
4912,2018-10,2018-06,4,0,True,0.0,master,valid_observed_phase_at_origin,BASE,calibration,1,-1,unassigned_nearest_donor_beyond_100km,pooled_unassigned_area,0,0.14,0,0.14
4913,2018-10,2018-06,4,0,True,0.0,master,valid_observed_phase_at_origin,BASE,calibration,1,-1,unassigned_nearest_donor_beyond_100km,pooled_unassigned_area,0,0.12,0,0.12
4914,2018-10,2018-06,4,0,True,0.0,master,valid_observed_phase_at_origin,BASE,calibration,1,-1,unassigned_nearest_donor_beyond_100km,pooled_unassigned_area,0,0.14,0,0.14
4915,2018-10,2018-06,4,1,True,0.0,master,valid_observed_phase_at_origin,BASE,calibration,1,-1,unassigned_nearest_donor_beyond_100km,pooled_unassigned_area,0,0.14,0,0.14
4916,2018-10,2018-06,4,0,True,1.0,master,valid_observed_phase_at_origin,BASE,calibration,1,-1,unassigned_nearest_donor_beyond_100km,pooled_unassigned_area,0,0.15,0,0.15
4917,2018-10,2018-06,4,0,True,1.0,master,valid_observed_phase_at_origin,BASE,calibration,1,-1,unassigned_nearest_donor_beyond_100km,pooled_unassigned_area,0,0.2,0,0.2
4918,2018-10,2018-06,4,0,True,1.0,master,valid_observed_phase_at_origin,BASE,calibration,1,-1,unassigned_nearest_donor_beyond_100km,pooled_unassigned_area,0,0.1,0,0.1
4919,2018-10,2018-06,4,0,True,1.0,master,valid_observed_phase_at_origin,BASE,calibration,1,-1,unassigned_nearest_donor_beyond_100km,pooled_unassigned_area,0,0.17,0,0.17
4920,2018-10,2018-06,4,1,True,1.0,master,valid_observed_phase_at_origin,BASE,calibration,1,-1,unassigned_nearest_donor_beyond_100km,pooled_unassigned_area,0,0.21,0,0.21
4921,2018-10,2018-06,4,0,True,1.0,master,valid_observed_phase_at_origin,BASE,calibration,1,-1,unassigned_nearest_donor_beyond_100km,pooled_unassigned_area,0,0.19,0,0.19
4922,2018-10,2018-06,4,0,True,1.0,master,valid_observed_phase_at_origin,BASE,calibration,1,-1,unassigned_nearest_donor_beyond_100km,pooled_unassigned_area,0,0.19,0,0.19
4923,2018-10,2018-06,4,1,True,1.0,master,valid_observed_phase_at_origin,BASE,calibration,1,-1,unassigned_nearest_donor_beyond_100km,pooled_unassigned_area,0,0.24,0,0.24
4924,2018-10,2018-06,4,0,True,0.0,master,valid_observed_phase_at_origin,BASE,calibration,1,-1,unassigned_nearest_donor_beyond_100km,pooled_unassigned_area,0,0.2,0,0.2
4925,2018-10,2018-06,4,0,True,0.0,master,valid_observed_phase_at_origin,BASE,calibration,1,-1,unassigned_nearest_donor_beyond_100km,pooled_unassigned_area,0,0.17,0,0.17
4926,2018-10,2018-06,4,0,True,0.0,master,valid_observed_phase_at_origin,BASE,calibration,1,-1,unassigned_nearest_donor_beyond_100km,pooled_unassigned_area,0,0.18,0,0.18
4927,2018-10,2018-06,4,0,True,1.0,master,valid_observed_phase_at_origin,BASE,calibration,1,-1,unassigned_nearest_donor_beyond_100km,pooled_unassigned_area,0,0.08,0,0.08
4928,2018-10,2018-06,4,1,True,1.0,master,valid_observed_phase_at_origin,BASE,calibration,1,-1,unassigned_nearest_donor_beyond_100km,pooled_unassigned_area,0,0.2,0,0.2
4929,2018-10,2018-06,4,1,True,1.0,master,valid_observed_phase_at_origin,BASE,calibration,1,-1,unassigned_nearest_donor_beyond_100km,pooled_unassigned_area,0,0.16,0,0.16
4930,2018-10,2018-06,4,0,True,0.0,master,valid_observed_phase_at_origin,BASE,calibration,1,-1,unassigned_nearest_donor_beyond_100km,pooled_unassigned_area,0,0.13,0,0.13
4931,2018-10,2018-06,4,0,True,0.0,master,valid_observed_phase_at_origin,BASE,calibration,1,-1,unassigned_nearest_donor_beyond_100km,pooled_unassigned_area,0,0.2,0,0.2
4932,2018-10,2018-06,4,0,True,1.0,master,valid_observed_phase_at_origin,BASE,calibration,1,-1,unassigned_nearest_donor_beyond_100km,pooled_unassigned_area,0,0.14,0,0.14
4933,2018-10,2018-06,4,0,True,0.0,master,valid_observed_phase_at_origin,BASE,calibration,1,-1,unassigned_nearest_donor_beyond_100km,pooled_unassigned_area,0,0.18,0,0.18
4934,2018-10,2018-06,4,1,True,0.0,master,valid_observed_phase_at_origin,BASE,calibration,1,-1,unassigned_nearest_donor_beyond_100km,pooled_unassigned_area,0,0.15,0,0.15
4935,2018-10,2018-06,4,0,True,1.0,master,valid_observed_phase_at_origin,BASE,calibration,1,-1,unassigned_nearest_donor_beyond_100km,pooled_unassigned_area,0,0.19,0,0.19
4936,2018-10,2018-06,4,0,True,0.0,master,valid_observed_phase_at_origin,BASE,calibration,1,-1,unassigned_nearest_donor_beyond_100km,pooled_unassigned_area,0,0.15,0,0.15
4937,2018-10,2018-06,4,0,True,0.0,master,valid_observed_phase_at_origin,BASE,calibration,1,-1,unassigned_nearest_donor_beyond_100km,pooled_unassigned_area,0,0.12,0,0.12
4938,2018-10,2018-06,4,1,True,1.0,master,valid_observed_phase_at_origin,BASE,calibration,1,-1,unassigned_nearest_donor_beyond_100km,pooled_unassigned_area,0,0.13,0,0.13
4939,2018-10,2018-06,4,0,True,1.0,master,valid_observed_phase_at_origin,BASE,calibration,1,-1,unassigned_nearest_donor_beyond_100km,pooled_unassigned_area,0,0.24,0,0.24
4940,2018-10,2018-06,4,1,True,1.0,master,valid_observed_phase_at_origin,BASE,calibration,1,-1,unassigned_nearest_donor_beyond_100km,pooled_unassigned_area,0,0.27,0,0.27
4941,2018-10,2018-06,4,1,True,1.0,master,valid_observed_phase_at_origin,BASE,calibration,1,-1,unassigned_nearest_donor_beyond_100km,pooled_unassigned_area,0,0.29,0,0.29
4942,2018-10,2018-06,4,1,True,1.0,master,valid_observed_phase_at_origin,BASE,calibration,1,-1,unassigned_nearest_donor_beyond_100km,pooled_unassigned_area,0,0.42,0,0.42
4943,2018-10,2018-06,4,1,True,1.0,master,valid_observed_phase_at_origin,BASE,calibration,1,-1,unassigned_nearest_donor_beyond_100km,pooled_unassigned_area,0,0.49,0,0.49
4944,2018-10,2018-06,4,0,True,0.0,master,valid_observed_phase_at_origin,BASE,calibration,1,-1,unassigned_nearest_donor_beyond_100km,pooled_unassigned_area,0,0.13,0,0.13
4945,2018-10,2018-06,4,0,True,0.0,master,valid_observed_phase_at_origin,BASE,calibration,1,-1,unassigned_nearest_donor_beyond_100km,pooled_unassigned_area,0,0.15,0,0.15
4946,2018-10,2018-06,4,1,True,1.0,master,valid_observed_phase_at_origin,BASE,calibration,1,-1,unassigned_nearest_donor_beyond_100km,pooled_unassigned_area,0,0.29,0,0.29
4947,2018-10,2018-06,4,0,True,1.0,master,valid_observed_phase_at_origin,BASE,calibration,1,-1,unassigned_nearest_donor_beyond_100km,pooled_unassigned_area,0,0.16,0,0.16
4948,2018-10,2018-06,4,1,True,1.0,master,valid_observed_phase_at_origin,BASE,calibration,1,-1,unassigned_nearest_donor_beyond_100km,pooled_unassigned_area,0,0.29,0,0.29
4949,2018-10,2018-06,4,1,True,1.0,master,valid_observed_phase_at_origin,BASE,calibration,1,-1,unassigned_nearest_donor_beyond_100km,pooled_unassigned_area,0,0.29,0,0.29
4950,2018-10,2018-06,4,1,True,0.0,master,valid_observed_phase_at_origin,BASE,calibration,1,-1,unassigned_nearest_donor_beyond_100km,pooled_unassigned_area,0,0.2,0,0.2
4951,2018-10,2018-06,4,1,True,1.0,master,valid_observed_phase_at_origin,BASE,calibration,1,-1,unassigned_nearest_donor_beyond_100km,pooled_unassigned_area,0,0.28,0,0.28
4952,2018-10,2018-06,4,1,True,1.0,master,valid_observed_phase_at_origin,BASE,calibration,1,-1,unassigned_nearest_donor_beyond_100km,pooled_unassigned_area,0,0.26,0,0.26
4953,2018-10,2018-06,4,1,True,0.0,master,valid_observed_phase_at_origin,BASE,calibration,1,-1,unassigned_nearest_donor_beyond_100km,pooled_unassigned_area,0,0.19,0,0.19
4954,2018-10,2018-06,4,1,True,1.0,master,valid_observed_phase_at_origin,BASE,calibration,1,-1,unassigned_nearest_donor_beyond_100km,pooled_unassigned_area,0,0.27,0,0.27
4955,2018-10,2018-06,4,1,True,1.0,master,valid_observed_phase_at_origin,BASE,calibration,1,-1,unassigned_nearest_donor_beyond_100km,pooled_unassigned_area,0,0.46,0,0.46
4956,2018-10,2018-06,4,1,True,1.0,master,valid_observed_phase_at_origin,BASE,calibration,1,-1,unassigned_nearest_donor_beyond_100km,pooled_unassigned_area,0,0.28,0,0.28
4957,2018-10,2018-06,4,1,True,0.0,master,valid_observed_phase_at_origin,BASE,calibration,1,-1,unassigned_nearest_donor_beyond_100km,pooled_unassigned_area,0,0.23,0,0.23
4958,2018-10,2018-06,4,1,True,0.0,master,valid_observed_phase_at_origin,BASE,calibration,1,-1,unassigned_nearest_donor_beyond_100km,pooled_unassigned_area,0,0.19,0,0.19
4959,2018-10,2018-06,4,0,True,0.0,master,valid_observed_phase_at_origin,BASE,calibration,1,-1,unassigned_nearest_donor_beyond_100km,pooled_unassigned_area,0,0.2,0,0.2
4960,2018-10,2018-06,4,1,True,1.0,master,valid_observed_phase_at_origin,BASE,calibration,1,-1,unassigned_nearest_donor_beyond_100km,pooled_unassigned_area,0,0.39,0,0.39
4961,2018-10,2018-06,4,0,True,0.0,master,valid_observed_phase_at_origin,BASE,calibration,1,-1,unassigned_nearest_donor_beyond_100km,pooled_unassigned_area,0,0.18,0,0.18
4962,2018-10,2018-06,4,1,True,1.0,master,valid_observed_phase_at_origin,BASE,calibration,1,-1,unassigned_nearest_donor_beyond_100km,pooled_unassigned_area,0,0.22,0,0.22
4963,2018-10,2018-06,4,1,True,0.0,master,valid_observed_phase_at_origin,BASE,calibration,1,-1,unassigned_nearest_donor_beyond_100km,pooled_unassigned_area,0,0.18,0,0.18
4964,2018-10,2018-06,4,1,True,1.0,master,valid_observed_phase_at_origin,BASE,calibration,1,-1,unassigned_nearest_donor_beyond_100km,pooled_unassigned_area,0,0.34,0,0.34
4965,2018-10,2018-06,4,1,True,1.0,master,valid_observed_phase_at_origin,BASE,calibration,1,-1,unassigned_nearest_donor_beyond_100km,pooled_unassigned_area,0,0.22,0,0.22
4966,2018-10,2018-06,4,0,True,1.0,master,valid_observed_phase_at_origin,BASE,calibration,1,-1,unassigned_nearest_donor_beyond_100km,pooled_unassigned_area,0,0.13,0,0.13
4967,2018-10,2018-06,4,1,True,1.0,master,valid_observed_phase_at_origin,BASE,calibration,1,-1,unassigned_nearest_donor_beyond_100km,pooled_unassigned_area,0,0.18,0,0.18
4968,2018-10,2018-06,4,0,True,0.0,master,valid_observed_phase_at_origin,BASE,calibration,1,-1,unassigned_nearest_donor_beyond_100km,pooled_unassigned_area,0,0.09,0,0.09
4969,2018-10,2018-06,4,0,True,1.0,master,valid_observed_phase_at_origin,BASE,calibration,1,-1,unassigned_nearest_donor_beyond_100km,pooled_unassigned_area,0,0.1,0,0.1
4970,2018-10,2018-06,4,0,True,1.0,master,valid_observed_phase_at_origin,BASE,calibration,1,-1,unassigned_nearest_donor_beyond_100km,pooled_unassigned_area,0,0.2,0,0.2
4971,2018-10,2018-06,4,0,True,1.0,master,valid_observed_phase_at_origin,BASE,calibration,1,-1,unassigned_nearest_donor_beyond_100km,pooled_unassigned_area,0,0.1,0,0.1
4972,2018-10,2018-06,4,0,True,0.0,master,valid_observed_phase_at_origin,BASE,calibration,1,-1,unassigned_nearest_donor_beyond_100km,pooled_unassigned_area,0,0.06,0,0.06
4973,2018-10,2018-06,4,0,True,0.0,master,valid_observed_phase_at_origin,BASE,calibration,1,-1,unassigned_nearest_donor_beyond_100km,pooled_unassigned_area,0,0.09,0,0.09
4974,2018-10,2018-06,4,1,True,1.0,master,valid_observed_phase_at_origin,BASE,calibration,1,-1,unassigned_nearest_donor_beyond_100km,pooled_unassigned_area,0,0.13,0,0.13
4975,2018-10,2018-06,4,0,True,1.0,master,valid_observed_phase_at_origin,BASE,calibration,1,-1,unassigned_nearest_donor_beyond_100km,pooled_unassigned_area,0,0.15,0,0.15
4976,2018-10,2018-06,4,0,True,0.0,master,valid_observed_phase_at_origin,BASE,calibration,1,-1,unassigned_nearest_donor_beyond_100km,pooled_unassigned_area,0,0.11,0,0.11
4977,2018-10,2018-06,4,0,True,1.0,master,valid_observed_phase_at_origin,BASE,calibration,1,-1,unassigned_nearest_donor_beyond_100km,pooled_unassigned_area,0,0.09,0,0.09
4978,2018-10,2018-06,4,0,True,1.0,master,valid_observed_phase_at_origin,BASE,calibration,1,-1,unassigned_nearest_donor_beyond_100km,pooled_unassigned_area,0,0.09,0,0.09
4979,2018-10,2018-06,4,0,True,0.0,master,valid_observed_phase_at_origin,BASE,calibration,1,-1,unassigned_nearest_donor_beyond_100km,pooled_unassigned_area,0,0.1,0,0.1
4980,2018-10,2018-06,4,1,True,0.0,master,valid_observed_phase_at_origin,BASE,calibration,1,-1,unassigned_nearest_donor_beyond_100km,pooled_unassigned_area,0,0.09,0,0.09
4981,2018-10,2018-06,4,0,True,0.0,master,valid_observed_phase_at_origin,BASE,calibration,1,-1,unassigned_nearest_donor_beyond_100km,pooled_unassigned_area,0,0.14,0,0.14
4982,2018-10,2018-06,4,0,True,0.0,master,valid_observed_phase_at_origin,BASE,calibration,1,-1,unassigned_nearest_donor_beyond_100km,pooled_unassigned_area,0,0.09,0,0.09
4983,2018-10,2018-06,4,1,True,0.0,master,valid_observed_phase_at_origin,BASE,calibration,1,-1,unassigned_nearest_donor_beyond_100km,pooled_unassigned_area,0,0.14,0,0.14
4984,2018-10,2018-06,4,0,True,0.0,master,valid_observed_phase_at_origin,BASE,calibration,1,-1,unassigned_nearest_donor_beyond_100km,pooled_unassigned_area,0,0.06,0,0.06
4985,2018-10,2018-06,4,0,True,0.0,master,valid_observed_phase_at_origin,BASE,calibration,1,-1,unassigned_nearest_donor_beyond_100km,pooled_unassigned_area,0,0.16,0,0.16
4986,2018-10,2018-06,4,0,True,1.0,master,valid_observed_phase_at_origin,BASE,calibration,1,-1,unassigned_nearest_donor_beyond_100km,pooled_unassigned_area,0,0.15,0,0.15
4987,2018-10,2018-06,4,1,True,1.0,master,valid_observed_phase_at_origin,BASE,calibration,1,-1,unassigned_nearest_donor_beyond_100km,pooled_unassigned_area,0,0.2,0,0.2
4988,2018-10,2018-06,4,0,True,0.0,master,valid_observed_phase_at_origin,BASE,calibration,1,-1,unassigned_nearest_donor_beyond_100km,pooled_unassigned_area,0,0.11,0,0.11
4989,2018-10,2018-06,4,0,True,0.0,master,valid_observed_phase_at_origin,BASE,calibration,1,-1,unassigned_nearest_donor_beyond_100km,pooled_unassigned_area,0,0.15,0,0.15
4990,2018-10,2018-06,4,1,True,1.0,master,valid_observed_phase_at_origin,BASE,calibration,1,-1,unassigned_nearest_donor_beyond_100km,pooled_unassigned_area,0,0.27,0,0.27
4991,2018-10,2018-06,4,0,True,0.0,master,valid_observed_phase_at_origin,BASE,calibration,1,-1,unassigned_nearest_donor_beyond_100km,pooled_unassigned_area,0,0.08,0,0.08
4992,2018-10,2018-06,4,0,True,0.0,master,valid_observed_phase_at_origin,BASE,calibration,1,-1,unassigned_nearest_donor_beyond_100km,pooled_unassigned_area,0,0.11,0,0.11
4993,2018-10,2018-06,4,1,True,0.0,master,valid_observed_phase_at_origin,BASE,calibration,1,-1,unassigned_nearest_donor_beyond_100km,pooled_unassigned_area,0,0.13,0,0.13
4994,2018-10,2018-06,4,1,True,1.0,master,valid_observed_phase_at_origin,BASE,calibration,1,-1,unassigned_nearest_donor_beyond_100km,pooled_unassigned_area,0,0.14,0,0.14
4995,2018-10,2018-06,4,1,True,0.0,master,valid_observed_phase_at_origin,BASE,calibration,1,-1,unassigned_nearest_donor_beyond_100km,pooled_unassigned_area,0,0.13,0,0.13
4996,2018-10,2018-06,4,1,True,0.0,master,valid_observed_phase_at_origin,BASE,calibration,1,-1,unassigned_nearest_donor_beyond_100km,pooled_unassigned_area,0,0.1,0,0.1
4997,2018-10,2018-06,4,0,True,0.0,master,valid_observed_phase_at_origin,BASE,calibration,1,-1,unassigned_nearest_donor_beyond_100km,pooled_unassigned_area,0,0.15,0,0.15
4998,2018-10,2018-06,4,1,True,0.0,master,valid_observed_phase_at_origin,BASE,calibration,1,-1,unassigned_nearest_donor_beyond_100km,pooled_unassigned_area,0,0.11,0,0.11
4999,2018-10,2018-06,4,1,True,0.0,master,valid_observed_phase_at_origin,BASE,calibration,1,-1,unassigned_nearest_donor_beyond_100km,pooled_unassigned_area,0,0.11,0,0.11
5000,2018-10,2018-06,4,1,True,1.0,master,valid_observed_phase_at_origin,BASE,calibration,1,-1,unassigned_nearest_donor_beyond_100km,pooled_unassigned_area,0,0.25,0,0.25
5001,2018-10,2018-06,4,0,True,1.0,master,valid_observed_phase_at_origin,BASE,calibration,1,-1,unassigned_nearest_donor_beyond_100km,pooled_unassigned_area,0,0.17,0,0.17
5002,2018-10,2018-06,4,1,True,0.0,master,valid_observed_phase_at_origin,BASE,calibration,1,-1,unassigned_nearest_donor_beyond_100km,pooled_unassigned_area,0,0.17,0,0.17
5003,2018-10,2018-06,4,0,True,1.0,master,valid_observed_phase_at_origin,BASE,calibration,1,-1,unassigned_nearest_donor_beyond_100km,pooled_unassigned_area,0,0.2,0,0.2
5004,2018-10,2018-06,4,0,True,1.0,master,valid_observed_phase_at_origin,BASE,calibration,1,-1,unassigned_nearest_donor_beyond_100km,pooled_unassigned_area,0,0.13,0,0.13
5005,2018-10,2018-06,4,0,True,0.0,master,valid_observed_phase_at_origin,BASE,calibration,1,-1,unassigned_nearest_donor_beyond_100km,pooled_unassigned_area,0,0.16,0,0.16
5006,2018-10,2018-06,4,1,True,1.0,master,valid_observed_phase_at_origin,BASE,calibration,1,-1,unassigned_nearest_donor_beyond_100km,pooled_unassigned_area,0,0.19,0,0.19
5007,2018-10,2018-06,4,0,True,0.0,master,valid_observed_phase_at_origin,BASE,calibration,1,-1,unassigned_nearest_donor_beyond_100km,pooled_unassigned_area,0,0.12,0,0.12
5008,2018-10,2018-06,4,0,True,1.0,master,valid_observed_phase_at_origin,BASE,calibration,1,-1,unassigned_nearest_donor_beyond_100km,pooled_unassigned_area,0,0.17,0,0.17
5009,2018-10,2018-06,4,1,True,0.0,master,valid_observed_phase_at_origin,BASE,calibration,1,-1,unassigned_nearest_donor_beyond_100km,pooled_unassigned_area,0,0.18,0,0.18
5010,2018-10,2018-06,4,0,True,1.0,master,valid_observed_phase_at_origin,BASE,calibration,1,-1,unassigned_nearest_donor_beyond_100km,pooled_unassigned_area,0,0.11,0,0.11
5011,2018-10,2018-06,4,0,True,0.0,master,valid_observed_phase_at_origin,BASE,calibration,1,-1,unassigned_nearest_donor_beyond_100km,pooled_unassigned_area,0,0.21,0,0.21
5012,2018-10,2018-06,4,0,True,0.0,master,valid_observed_phase_at_origin,BASE,calibration,1,-1,unassigned_nearest_donor_beyond_100km,pooled_unassigned_area,0,0.13,0,0.13
5013,2018-10,2018-06,4,1,True,1.0,master,valid_observed_phase_at_origin,BASE,calibration,1,-1,unassigned_nearest_donor_beyond_100km,pooled_unassigned_area,0,0.27,0,0.27
5014,2018-10,2018-06,4,0,True,0.0,master,valid_observed_phase_at_origin,BASE,calibration,1,-1,unassigned_nearest_donor_beyond_100km,pooled_unassigned_area,0,0.18,0,0.18
5015,2018-10,2018-06,4,0,True,0.0,master,valid_observed_phase_at_origin,BASE,calibration,1,-1,unassigned_nearest_donor_beyond_100km,pooled_unassigned_area,0,0.15,0,0.15
5016,2018-10,2018-06,4,0,True,0.0,master,valid_observed_phase_at_origin,BASE,calibration,1,-1,unassigned_nearest_donor_beyond_100km,pooled_unassigned_area,0,0.14,0,0.14
5017,2018-10,2018-06,4,1,True,1.0,master,valid_observed_phase_at_origin,BASE,calibration,1,-1,unassigned_nearest_donor_beyond_100km,pooled_unassigned_area,0,0.21,0,0.21
5018,2018-10,2018-06,4,0,True,1.0,master,valid_observed_phase_at_origin,BASE,calibration,1,-1,unassigned_nearest_donor_beyond_100km,pooled_unassigned_area,0,0.22,0,0.22
5019,2018-10,2018-06,4,0,True,0.0,master,valid_observed_phase_at_origin,BASE,calibration,1,-1,unassigned_nearest_donor_beyond_100km,pooled_unassigned_area,0,0.17,0,0.17
5020,2018-10,2018-06,4,1,True,1.0,master,valid_observed_phase_at_origin,BASE,calibration,1,-1,unassigned_nearest_donor_beyond_100km,pooled_unassigned_area,0,0.2,0,0.2
5021,2018-10,2018-06,4,0,True,0.0,master,valid_observed_phase_at_origin,BASE,calibration,1,-1,unassigned_nearest_donor_beyond_100km,pooled_unassigned_area,0,0.13,0,0.13
5022,2018-10,2018-06,4,0,True,0.0,master,valid_observed_phase_at_origin,BASE,calibration,1,-1,unassigned_nearest_donor_beyond_100km,pooled_unassigned_area,0,0.14,0,0.14
5023,2018-10,2018-06,4,1,True,1.0,master,valid_observed_phase_at_origin,BASE,calibration,1,-1,unassigned_nearest_donor_beyond_100km,pooled_unassigned_area,0,0.19,0,0.19
5024,2018-10,2018-06,4,1,True,1.0,master,valid_observed_phase_at_origin,BASE,calibration,1,-1,unassigned_nearest_donor_beyond_100km,pooled_unassigned_area,0,0.21,0,0.21
5025,2018-10,2018-06,4,1,True,1.0,master,valid_observed_phase_at_origin,BASE,calibration,1,-1,unassigned_nearest_donor_beyond_100km,pooled_unassigned_area,0,0.18,0,0.18
5026,2018-10,2018-06,4,1,True,0.0,master,valid_observed_phase_at_origin,BASE,calibration,1,-1,unassigned_nearest_donor_beyond_100km,pooled_unassigned_area,0,0.3,0,0.3
5027,2018-10,2018-06,4,0,True,1.0,master,valid_observed_phase_at_origin,BASE,calibration,1,-1,unassigned_nearest_donor_beyond_100km,pooled_unassigned_area,0,0.15,0,0.15
5028,2018-10,2018-06,4,0,True,1.0,master,valid_observed_phase_at_origin,BASE,calibration,1,-1,unassigned_nearest_donor_beyond_100km,pooled_unassigned_area,0,0.1,0,0.1
5029,2018-10,2018-06,4,0,True,0.0,master,valid_observed_phase_at_origin,BASE,calibration,1,-1,unassigned_nearest_donor_beyond_100km,pooled_unassigned_area,0,0.18,0,0.18
5030,2018-10,2018-06,4,0,True,1.0,master,valid_observed_phase_at_origin,BASE,calibration,1,-1,unassigned_nearest_donor_beyond_100km,pooled_unassigned_area,0,0.18,0,0.18
5031,2018-10,2018-06,4,0,True,1.0,master,valid_observed_phase_at_origin,BASE,calibration,1,-1,unassigned_nearest_donor_beyond_100km,pooled_unassigned_area,0,0.09,0,0.09
5032,2018-10,2018-06,4,1,True,1.0,master,valid_observed_phase_at_origin,BASE,calibration,1,-1,unassigned_nearest_donor_beyond_100km,pooled_unassigned_area,0,0.22,0,0.22
5033,2018-10,2018-06,4,1,True,1.0,master,valid_observed_phase_at_origin,BASE,calibration,1,-1,unassigned_nearest_donor_beyond_100km,pooled_unassigned_area,0,0.22,0,0.22
5034,2018-10,2018-06,4,1,True,1.0,master,valid_observed_phase_at_origin,BASE,calibration,1,-1,unassigned_nearest_donor_beyond_100km,pooled_unassigned_area,0,0.25,0,0.25
5035,2018-10,2018-06,4,0,True,1.0,master,valid_observed_phase_at_origin,BASE,calibration,1,-1,unassigned_nearest_donor_beyond_100km,pooled_unassigned_area,0,0.22,0,0.22
5036,2018-10,2018-06,4,1,True,1.0,master,valid_observed_phase_at_origin,BASE,calibration,1,-1,unassigned_nearest_donor_beyond_100km,pooled_unassigned_area,0,0.23,0,0.23
5037,2018-10,2018-06,4,1,True,0.0,master,valid_observed_phase_at_origin,BASE,calibration,1,-1,unassigned_nearest_donor_beyond_100km,pooled_unassigned_area,0,0.11,0,0.11
5038,2018-10,2018-06,4,1,True,0.0,master,valid_observed_phase_at_origin,BASE,calibration,1,-1,unassigned_nearest_donor_beyond_100km,pooled_unassigned_area,0,0.2,0,0.2
5039,2018-10,2018-06,4,1,True,0.0,master,valid_observed_phase_at_origin,BASE,calibration,1,-1,unassigned_nearest_donor_beyond_100km,pooled_unassigned_area,0,0.16,0,0.16
5040,2018-10,2018-06,4,1,True,1.0,master,valid_observed_phase_at_origin,BASE,calibration,1,-1,unassigned_nearest_donor_beyond_100km,pooled_unassigned_area,0,0.21,0,0.21
5041,2018-10,2018-06,4,1,True,0.0,master,valid_observed_phase_at_origin,BASE,calibration,1,-1,unassigned_nearest_donor_beyond_100km,pooled_unassigned_area,0,0.15,0,0.15
5042,2018-10,2018-06,4,0,True,0.0,master,valid_observed_phase_at_origin,BASE,calibration,1,-1,unassigned_nearest_donor_beyond_100km,pooled_unassigned_area,0,0.16,0,0.16
5043,2018-10,2018-06,4,1,True,0.0,master,valid_observed_phase_at_origin,BASE,calibration,1,-1,unassigned_nearest_donor_beyond_100km,pooled_unassigned_area,0,0.17,0,0.17
5044,2018-10,2018-06,4,1,True,1.0,master,valid_observed_phase_at_origin,BASE,calibration,1,-1,unassigned_nearest_donor_beyond_100km,pooled_unassigned_area,0,0.14,0,0.14
5045,2018-10,2018-06,4,1,True,1.0,master,valid_observed_phase_at_origin,BASE,calibration,1,-1,unassigned_nearest_donor_beyond_100km,pooled_unassigned_area,0,0.21,0,0.21
5046,2018-10,2018-06,4,0,True,0.0,master,valid_observed_phase_at_origin,BASE,calibration,1,-1,unassigned_nearest_donor_beyond_100km,pooled_unassigned_area,0,0.16,0,0.16
5047,2018-10,2018-06,4,0,True,1.0,master,valid_observed_phase_at_origin,BASE,calibration,1,-1,unassigned_nearest_donor_beyond_100km,pooled_unassigned_area,0,0.21,0,0.21
5048,2018-10,2018-06,4,0,True,0.0,master,valid_observed_phase_at_origin,BASE,calibration,1,-1,unassigned_nearest_donor_beyond_100km,pooled_unassigned_area,0,0.09,0,0.09
5049,2018-10,2018-06,4,0,True,1.0,master,valid_observed_phase_at_origin,BASE,calibration,1,-1,unassigned_nearest_donor_beyond_100km,pooled_unassigned_area,0,0.29,0,0.29
5050,2018-10,2018-06,4,0,True,1.0,master,valid_observed_phase_at_origin,BASE,calibration,1,-1,unassigned_nearest_donor_beyond_100km,pooled_unassigned_area,0,0.24,0,0.24
5051,2018-10,2018-06,4,0,True,0.0,master,valid_observed_phase_at_origin,BASE,calibration,1,-1,unassigned_nearest_donor_beyond_100km,pooled_unassigned_area,0,0.13,0,0.13
5052,2018-10,2018-06,4,1,True,1.0,master,valid_observed_phase_at_origin,BASE,calibration,1,-1,unassigned_nearest_donor_beyond_100km,pooled_unassigned_area,0,0.21,0,0.21
5053,2018-10,2018-06,4,0,True,0.0,master,valid_observed_phase_at_origin,BASE,calibration,1,-1,unassigned_nearest_donor_beyond_100km,pooled_unassigned_area,0,0.14,0,0.14
5054,2018-10,2018-06,4,1,True,0.0,master,valid_observed_phase_at_origin,BASE,calibration,1,-1,unassigned_nearest_donor_beyond_100km,pooled_unassigned_area,0,0.1,0,0.1
5055,2018-10,2018-06,4,0,True,0.0,master,valid_observed_phase_at_origin,BASE,calibration,1,-1,unassigned_nearest_donor_beyond_100km,pooled_unassigned_area,0,0.12,0,0.12
5056,2018-10,2018-06,4,0,True,0.0,master,valid_observed_phase_at_origin,BASE,calibration,1,-1,unassigned_nearest_donor_beyond_100km,pooled_unassigned_area,0,0.17,0,0.17
5057,2018-10,2018-06,4,0,True,0.0,master,valid_observed_phase_at_origin,BASE,calibration,1,-1,unassigned_nearest_donor_beyond_100km,pooled_unassigned_area,0,0.18,0,0.18
5058,2018-10,2018-06,4,1,True,1.0,master,valid_observed_phase_at_origin,BASE,calibration,1,-1,unassigned_nearest_donor_beyond_100km,pooled_unassigned_area,0,0.23,0,0.23
5059,2018-10,2018-06,4,0,True,0.0,master,valid_observed_phase_at_origin,BASE,calibration,1,-1,unassigned_nearest_donor_beyond_100km,pooled_unassigned_area,0,0.14,0,0.14
5060,2018-10,2018-06,4,1,True,1.0,master,valid_observed_phase_at_origin,BASE,calibration,1,-1,unassigned_nearest_donor_beyond_100km,pooled_unassigned_area,0,0.19,0,0.19
5061,2018-10,2018-06,4,0,True,0.0,master,valid_observed_phase_at_origin,BASE,calibration,1,-1,unassigned_nearest_donor_beyond_100km,pooled_unassigned_area,0,0.13,0,0.13
5062,2018-10,2018-06,4,1,True,0.0,master,valid_observed_phase_at_origin,BASE,calibration,1,-1,unassigned_nearest_donor_beyond_100km,pooled_unassigned_area,0,0.16,0,0.16
5063,2018-10,2018-06,4,1,True,1.0,master,valid_observed_phase_at_origin,BASE,calibration,1,-1,unassigned_nearest_donor_beyond_100km,pooled_unassigned_area,0,0.22,0,0.22
5064,2018-10,2018-06,4,1,True,0.0,master,valid_observed_phase_at_origin,BASE,calibration,1,-1,unassigned_nearest_donor_beyond_100km,pooled_unassigned_area,0,0.1,0,0.1
5065,2018-10,2018-06,4,1,True,1.0,master,valid_observed_phase_at_origin,BASE,calibration,1,-1,unassigned_nearest_donor_beyond_100km,pooled_unassigned_area,0,0.21,0,0.21
5066,2018-10,2018-06,4,1,True,0.0,master,valid_observed_phase_at_origin,BASE,calibration,1,-1,unassigned_nearest_donor_beyond_100km,pooled_unassigned_area,0,0.15,0,0.15
5067,2018-10,2018-06,4,1,True,0.0,master,valid_observed_phase_at_origin,BASE,calibration,1,-1,unassigned_nearest_donor_beyond_100km,pooled_unassigned_area,0,0.15,0,0.15
5068,2018-10,2018-06,4,1,True,1.0,master,valid_observed_phase_at_origin,BASE,calibration,1,-1,unassigned_nearest_donor_beyond_100km,pooled_unassigned_area,0,0.13,0,0.13
5069,2018-10,2018-06,4,1,True,0.0,master,valid_observed_phase_at_origin,BASE,calibration,1,-1,unassigned_nearest_donor_beyond_100km,pooled_unassigned_area,0,0.14,0,0.14
5070,2018-10,2018-06,4,1,True,0.0,master,valid_observed_phase_at_origin,BASE,calibration,1,-1,unassigned_nearest_donor_beyond_100km,pooled_unassigned_area,0,0.09,0,0.09
5071,2018-10,2018-06,4,1,True,0.0,master,valid_observed_phase_at_origin,BASE,calibration,1,-1,unassigned_nearest_donor_beyond_100km,pooled_unassigned_area,0,0.15,0,0.15
5072,2018-10,2018-06,4,1,True,0.0,master,valid_observed_phase_at_origin,BASE,calibration,1,-1,unassigned_nearest_donor_beyond_100km,pooled_unassigned_area,0,0.13,0,0.13
5073,2018-10,2018-06,4,1,True,0.0,master,valid_observed_phase_at_origin,BASE,calibration,1,-1,unassigned_nearest_donor_beyond_100km,pooled_unassigned_area,0,0.15,0,0.15
5074,2018-10,2018-06,4,1,True,0.0,master,valid_observed_phase_at_origin,BASE,calibration,1,-1,unassigned_nearest_donor_beyond_100km,pooled_unassigned_area,0,0.2,0,0.2
5075,2018-10,2018-06,4,1,True,0.0,master,valid_observed_phase_at_origin,BASE,calibration,1,-1,unassigned_nearest_donor_beyond_100km,pooled_unassigned_area,0,0.15,0,0.15
5076,2018-10,2018-06,4,1,True,0.0,master,valid_observed_phase_at_origin,BASE,calibration,1,-1,unassigned_nearest_donor_beyond_100km,pooled_unassigned_area,0,0.18,0,0.18
5077,2018-10,2018-06,4,1,True,0.0,master,valid_observed_phase_at_origin,BASE,calibration,1,-1,unassigned_nearest_donor_beyond_100km,pooled_unassigned_area,0,0.1,0,0.1
5078,2018-10,2018-06,4,1,True,1.0,master,valid_observed_phase_at_origin,BASE,calibration,1,-1,unassigned_nearest_donor_beyond_100km,pooled_unassigned_area,0,0.12,0,0.12
5079,2018-10,2018-06,4,1,True,0.0,master,valid_observed_phase_at_origin,BASE,calibration,1,-1,unassigned_nearest_donor_beyond_100km,pooled_unassigned_area,0,0.17,0,0.17
5080,2018-10,2018-06,4,1,True,0.0,master,valid_observed_phase_at_origin,BASE,calibration,1,-1,unassigned_nearest_donor_beyond_100km,pooled_unassigned_area,0,0.11,0,0.11
5081,2018-10,2018-06,4,1,True,1.0,master,valid_observed_phase_at_origin,BASE,calibration,1,-1,unassigned_nearest_donor_beyond_100km,pooled_unassigned_area,0,0.15,0,0.15
5082,2018-10,2018-06,4,0,True,1.0,master,valid_observed_phase_at_origin,BASE,calibration,1,-1,unassigned_nearest_donor_beyond_100km,pooled_unassigned_area,0,0.27,0,0.27
5083,2018-10,2018-06,4,0,True,0.0,master,valid_observed_phase_at_origin,BASE,calibration,1,-1,unassigned_nearest_donor_beyond_100km,pooled_unassigned_area,0,0.11,0,0.11
5084,2018-10,2018-06,4,0,True,0.0,master,valid_observed_phase_at_origin,BASE,calibration,1,-1,unassigned_nearest_donor_beyond_100km,pooled_unassigned_area,0,0.1,0,0.1
5085,2018-10,2018-06,4,0,True,0.0,master,valid_observed_phase_at_origin,BASE,calibration,1,-1,unassigned_nearest_donor_beyond_100km,pooled_unassigned_area,0,0.09,0,0.09
5086,2018-10,2018-06,4,0,True,0.0,master,valid_observed_phase_at_origin,BASE,calibration,1,-1,unassigned_nearest_donor_beyond_100km,pooled_unassigned_area,0,0.13,0,0.13
5087,2018-10,2018-06,4,0,True,0.0,master,valid_observed_phase_at_origin,BASE,calibration,1,-1,unassigned_nearest_donor_beyond_100km,pooled_unassigned_area,0,0.12,0,0.12
5088,2018-10,2018-06,4,0,True,0.0,master,valid_observed_phase_at_origin,BASE,calibration,1,-1,unassigned_nearest_donor_beyond_100km,pooled_unassigned_area,0,0.12,0,0.12
5089,2018-10,2018-06,4,1,True,1.0,master,valid_observed_phase_at_origin,BASE,calibration,1,-1,unassigned_nearest_donor_beyond_100km,pooled_unassigned_area,0,0.12,0,0.12
5090,2018-10,2018-06,4,0,True,0.0,master,valid_observed_phase_at_origin,BASE,calibration,1,-1,unassigned_nearest_donor_beyond_100km,pooled_unassigned_area,0,0.12,0,0.12
5091,2018-10,2018-06,4,0,True,0.0,master,valid_observed_phase_at_origin,BASE,calibration,1,-1,unassigned_nearest_donor_beyond_100km,pooled_unassigned_area,0,0.11,0,0.11
5092,2018-10,2018-06,4,0,True,0.0,master,valid_observed_phase_at_origin,BASE,calibration,1,-1,unassigned_nearest_donor_beyond_100km,pooled_unassigned_area,0,0.06,0,0.06
5093,2018-10,2018-06,4,0,True,0.0,master,valid_observed_phase_at_origin,BASE,calibration,1,-1,unassigned_nearest_donor_beyond_100km,pooled_unassigned_area,0,0.07,0,0.07
5094,2018-10,2018-06,4,0,True,0.0,master,valid_observed_phase_at_origin,BASE,calibration,1,-1,unassigned_nearest_donor_beyond_100km,pooled_unassigned_area,0,0.11,0,0.11
5095,2018-10,2018-06,4,1,True,1.0,master,valid_observed_phase_at_origin,BASE,calibration,1,-1,unassigned_nearest_donor_beyond_100km,pooled_unassigned_area,0,0.16,0,0.16
5096,2018-10,2018-06,4,1,True,1.0,master,valid_observed_phase_at_origin,BASE,calibration,1,-1,unassigned_nearest_donor_beyond_100km,pooled_unassigned_area,0,0.17,0,0.17
5097,2018-10,2018-06,4,1,True,0.0,master,valid_observed_phase_at_origin,BASE,calibration,1,-1,unassigned_nearest_donor_beyond_100km,pooled_unassigned_area,0,0.11,0,0.11
5098,2018-10,2018-06,4,1,True,1.0,master,valid_observed_phase_at_origin,BASE,calibration,1,-1,unassigned_nearest_donor_beyond_100km,pooled_unassigned_area,0,0.09,0,0.09
5099,2018-10,2018-06,4,1,True,0.0,master,valid_observed_phase_at_origin,BASE,calibration,1,-1,unassigned_nearest_donor_beyond_100km,pooled_unassigned_area,0,0.09,0,0.09
5100,2018-10,2018-06,4,1,True,0.0,master,valid_observed_phase_at_origin,BASE,calibration,1,-1,unassigned_nearest_donor_beyond_100km,pooled_unassigned_area,0,0.12,0,0.12
5101,2018-10,2018-06,4,1,True,1.0,master,valid_observed_phase_at_origin,BASE,calibration,1,-1,unassigned_nearest_donor_beyond_100km,pooled_unassigned_area,0,0.12,0,0.12
5102,2018-10,2018-06,4,1,True,0.0,master,valid_observed_phase_at_origin,BASE,calibration,1,-1,unassigned_nearest_donor_beyond_100km,pooled_unassigned_area,0,0.12,0,0.12
5103,2018-10,2018-06,4,1,True,0.0,master,valid_observed_phase_at_origin,BASE,calibration,1,-1,unassigned_nearest_donor_beyond_100km,pooled_unassigned_area,0,0.16,0,0.16
5104,2018-10,2018-06,4,1,True,0.0,master,valid_observed_phase_at_origin,BASE,calibration,1,-1,unassigned_nearest_donor_beyond_100km,pooled_unassigned_area,0,0.13,0,0.13
5105,2018-10,2018-06,4,1,True,0.0,master,valid_observed_phase_at_origin,BASE,calibration,1,-1,unassigned_nearest_donor_beyond_100km,pooled_unassigned_area,0,0.14,0,0.14
5106,2018-10,2018-06,4,1,True,1.0,master,valid_observed_phase_at_origin,BASE,calibration,1,-1,unassigned_nearest_donor_beyond_100km,pooled_unassigned_area,0,0.21,0,0.21
5107,2018-10,2018-06,4,1,True,0.0,master,valid_observed_phase_at_origin,BASE,calibration,1,-1,unassigned_nearest_donor_beyond_100km,pooled_unassigned_area,0,0.13,0,0.13
5108,2018-10,2018-06,4,1,True,1.0,master,valid_observed_phase_at_origin,BASE,calibration,1,-1,unassigned_nearest_donor_beyond_100km,pooled_unassigned_area,0,0.18,0,0.18
5109,2018-10,2018-06,4,1,True,1.0,master,valid_observed_phase_at_origin,BASE,calibration,1,-1,unassigned_nearest_donor_beyond_100km,pooled_unassigned_area,0,0.16,0,0.16
5110,2018-10,2018-06,4,1,True,1.0,master,valid_observed_phase_at_origin,BASE,calibration,1,-1,unassigned_nearest_donor_beyond_100km,pooled_unassigned_area,0,0.13,0,0.13
5111,2018-10,2018-06,4,1,True,0.0,master,valid_observed_phase_at_origin,BASE,calibration,1,-1,unassigned_nearest_donor_beyond_100km,pooled_unassigned_area,0,0.12,0,0.12
5112,2018-10,2018-06,4,1,True,0.0,master,valid_observed_phase_at_origin,BASE,calibration,1,-1,unassigned_nearest_donor_beyond_100km,pooled_unassigned_area,0,0.13,0,0.13
5113,2018-10,2018-06,4,1,True,0.0,master,valid_observed_phase_at_origin,BASE,calibration,1,-1,unassigned_nearest_donor_beyond_100km,pooled_unassigned_area,0,0.14,0,0.14
5114,2018-10,2018-06,4,1,True,0.0,master,valid_observed_phase_at_origin,BASE,calibration,1,-1,unassigned_nearest_donor_beyond_100km,pooled_unassigned_area,0,0.13,0,0.13
5115,2018-10,2018-06,4,1,True,1.0,master,valid_observed_phase_at_origin,BASE,calibration,1,-1,unassigned_nearest_donor_beyond_100km,pooled_unassigned_area,0,0.2,0,0.2
5116,2018-10,2018-06,4,1,True,0.0,master,valid_observed_phase_at_origin,BASE,calibration,1,-1,unassigned_nearest_donor_beyond_100km,pooled_unassigned_area,0,0.15,0,0.15
5117,2018-10,2018-06,4,1,True,0.0,master,valid_observed_phase_at_origin,BASE,calibration,1,-1,unassigned_nearest_donor_beyond_100km,pooled_unassigned_area,0,0.11,0,0.11
5118,2018-10,2018-06,4,1,True,0.0,master,valid_observed_phase_at_origin,BASE,calibration,1,-1,unassigned_nearest_donor_beyond_100km,pooled_unassigned_area,0,0.15,0,0.15
5119,2018-10,2018-06,4,1,True,0.0,master,valid_observed_phase_at_origin,BASE,calibration,1,-1,unassigned_nearest_donor_beyond_100km,pooled_unassigned_area,0,0.12,0,0.12
5120,2018-10,2018-06,4,1,True,0.0,master,valid_observed_phase_at_origin,BASE,calibration,1,-1,unassigned_nearest_donor_beyond_100km,pooled_unassigned_area,0,0.09,0,0.09
5121,2018-10,2018-06,4,1,True,0.0,master,valid_observed_phase_at_origin,BASE,calibration,1,-1,unassigned_nearest_donor_beyond_100km,pooled_unassigned_area,0,0.15,0,0.15
5122,2018-10,2018-06,4,1,True,1.0,master,valid_observed_phase_at_origin,BASE,calibration,1,-1,unassigned_nearest_donor_beyond_100km,pooled_unassigned_area,0,0.2,0,0.2
5123,2018-10,2018-06,4,1,True,0.0,master,valid_observed_phase_at_origin,BASE,calibration,1,-1,unassigned_nearest_donor_beyond_100km,pooled_unassigned_area,0,0.11,0,0.11
5124,2018-10,2018-06,4,1,True,0.0,master,valid_observed_phase_at_origin,BASE,calibration,1,-1,unassigned_nearest_donor_beyond_100km,pooled_unassigned_area,0,0.11,0,0.11
5125,2018-10,2018-06,4,1,True,0.0,master,valid_observed_phase_at_origin,BASE,calibration,1,-1,unassigned_nearest_donor_beyond_100km,pooled_unassigned_area,0,0.13,0,0.13
5126,2018-10,2018-06,4,1,True,1.0,master,valid_observed_phase_at_origin,BASE,calibration,1,-1,unassigned_nearest_donor_beyond_100km,pooled_unassigned_area,0,0.19,0,0.19
5127,2018-10,2018-06,4,1,True,0.0,master,valid_observed_phase_at_origin,BASE,calibration,1,-1,unassigned_nearest_donor_beyond_100km,pooled_unassigned_area,0,0.12,0,0.12
5128,2018-10,2018-06,4,1,True,0.0,master,valid_observed_phase_at_origin,BASE,calibration,1,-1,unassigned_nearest_donor_beyond_100km,pooled_unassigned_area,0,0.14,0,0.14
5129,2018-10,2018-06,4,0,True,0.0,master,valid_observed_phase_at_origin,BASE,calibration,1,-1,unassigned_nearest_donor_beyond_100km,pooled_unassigned_area,0,0.11,0,0.11
5130,2018-10,2018-06,4,0,True,0.0,master,valid_observed_phase_at_origin,BASE,calibration,1,-1,unassigned_nearest_donor_beyond_100km,pooled_unassigned_area,0,0.11,0,0.11
5131,2018-10,2018-06,4,1,True,0.0,master,valid_observed_phase_at_origin,BASE,calibration,1,-1,unassigned_nearest_donor_beyond_100km,pooled_unassigned_area,0,0.08,0,0.08
5132,2018-10,2018-06,4,0,True,0.0,master,valid_observed_phase_at_origin,BASE,calibration,1,-1,unassigned_nearest_donor_beyond_100km,pooled_unassigned_area,0,0.12,0,0.12
5133,2018-10,2018-06,4,0,True,0.0,master,valid_observed_phase_at_origin,BASE,calibration,1,-1,unassigned_nearest_donor_beyond_100km,pooled_unassigned_area,0,0.13,0,0.13
5134,2018-10,2018-06,4,1,True,1.0,master,valid_observed_phase_at_origin,BASE,calibration,1,-1,unassigned_nearest_donor_beyond_100km,pooled_unassigned_area,0,0.21,0,0.21
5135,2018-10,2018-06,4,1,True,1.0,master,valid_observed_phase_at_origin,BASE,calibration,1,-1,unassigned_nearest_donor_beyond_100km,pooled_unassigned_area,0,0.24,0,0.24
5136,2018-10,2018-06,4,1,True,0.0,master,valid_observed_phase_at_origin,BASE,calibration,1,-1,unassigned_nearest_donor_beyond_100km,pooled_unassigned_area,0,0.13,0,0.13
5137,2018-10,2018-06,4,1,True,0.0,master,valid_observed_phase_at_origin,BASE,calibration,1,-1,unassigned_nearest_donor_beyond_100km,pooled_unassigned_area,0,0.08,0,0.08
5138,2018-10,2018-06,4,0,True,0.0,master,valid_observed_phase_at_origin,BASE,calibration,1,-1,unassigned_nearest_donor_beyond_100km,pooled_unassigned_area,0,0.21,0,0.21
5139,2018-10,2018-06,4,0,True,0.0,master,valid_observed_phase_at_origin,BASE,calibration,1,-1,unassigned_nearest_donor_beyond_100km,pooled_unassigned_area,0,0.2,0,0.2
5140,2018-10,2018-06,4,0,True,0.0,master,valid_observed_phase_at_origin,BASE,calibration,1,-1,unassigned_nearest_donor_beyond_100km,pooled_unassigned_area,0,0.13,0,0.13
5141,2018-10,2018-06,4,0,True,0.0,master,valid_observed_phase_at_origin,BASE,calibration,1,-1,unassigned_nearest_donor_beyond_100km,pooled_unassigned_area,0,0.18,0,0.18
5142,2018-10,2018-06,4,0,True,0.0,master,valid_observed_phase_at_origin,BASE,calibration,1,-1,unassigned_nearest_donor_beyond_100km,pooled_unassigned_area,0,0.24,0,0.24
5143,2018-10,2018-06,4,0,True,1.0,master,valid_observed_phase_at_origin,BASE,calibration,1,-1,unassigned_nearest_donor_beyond_100km,pooled_unassigned_area,0,0.19,0,0.19
5144,2018-10,2018-06,4,0,True,0.0,master,valid_observed_phase_at_origin,BASE,calibration,1,-1,unassigned_nearest_donor_beyond_100km,pooled_unassigned_area,0,0.16,0,0.16
5145,2018-10,2018-06,4,0,True,0.0,master,valid_observed_phase_at_origin,BASE,calibration,1,-1,unassigned_nearest_donor_beyond_100km,pooled_unassigned_area,0,0.16,0,0.16
5146,2018-10,2018-06,4,0,True,0.0,master,valid_observed_phase_at_origin,BASE,calibration,1,-1,unassigned_nearest_donor_beyond_100km,pooled_unassigned_area,0,0.21,0,0.21
5147,2018-10,2018-06,4,0,True,0.0,master,valid_observed_phase_at_origin,BASE,calibration,1,-1,unassigned_nearest_donor_beyond_100km,pooled_unassigned_area,0,0.24,0,0.24
5148,2018-10,2018-06,4,0,True,0.0,master,valid_observed_phase_at_origin,BASE,calibration,1,-1,unassigned_nearest_donor_beyond_100km,pooled_unassigned_area,0,0.14,0,0.14
5149,2018-10,2018-06,4,1,True,1.0,master,valid_observed_phase_at_origin,BASE,calibration,1,-1,unassigned_nearest_donor_beyond_100km,pooled_unassigned_area,0,0.32,0,0.32
5150,2018-10,2018-06,4,1,True,1.0,master,valid_observed_phase_at_origin,BASE,calibration,1,-1,unassigned_nearest_donor_beyond_100km,pooled_unassigned_area,0,0.22,0,0.22
5151,2018-10,2018-06,4,0,True,1.0,master,valid_observed_phase_at_origin,BASE,calibration,1,-1,unassigned_nearest_donor_beyond_100km,pooled_unassigned_area,0,0.2,0,0.2
5152,2018-10,2018-06,4,0,True,0.0,master,valid_observed_phase_at_origin,BASE,calibration,1,-1,unassigned_nearest_donor_beyond_100km,pooled_unassigned_area,0,0.17,0,0.17
5153,2018-10,2018-06,4,1,True,0.0,master,valid_observed_phase_at_origin,BASE,calibration,1,-1,unassigned_nearest_donor_beyond_100km,pooled_unassigned_area,0,0.21,0,0.21
5154,2018-10,2018-06,4,0,True,1.0,master,valid_observed_phase_at_origin,BASE,calibration,1,-1,unassigned_nearest_donor_beyond_100km,pooled_unassigned_area,0,0.19,0,0.19
5155,2018-10,2018-06,4,0,True,1.0,master,valid_observed_phase_at_origin,BASE,calibration,1,-1,unassigned_nearest_donor_beyond_100km,pooled_unassigned_area,0,0.17,0,0.17
5156,2018-10,2018-06,4,0,True,0.0,master,valid_observed_phase_at_origin,BASE,calibration,1,-1,unassigned_nearest_donor_beyond_100km,pooled_unassigned_area,0,0.24,0,0.24
5157,2018-10,2018-06,4,0,True,0.0,master,valid_observed_phase_at_origin,BASE,calibration,1,-1,unassigned_nearest_donor_beyond_100km,pooled_unassigned_area,0,0.13,0,0.13
5158,2018-10,2018-06,4,1,True,1.0,master,valid_observed_phase_at_origin,BASE,calibration,1,-1,unassigned_nearest_donor_beyond_100km,pooled_unassigned_area,0,0.23,0,0.23
5159,2018-10,2018-06,4,0,True,0.0,master,valid_observed_phase_at_origin,BASE,calibration,1,-1,unassigned_nearest_donor_beyond_100km,pooled_unassigned_area,0,0.18,0,0.18
5160,2018-10,2018-06,4,1,True,0.0,master,valid_observed_phase_at_origin,BASE,calibration,1,-1,unassigned_nearest_donor_beyond_100km,pooled_unassigned_area,0,0.2,0,0.2
5161,2018-10,2018-06,4,0,True,1.0,master,valid_observed_phase_at_origin,BASE,calibration,1,-1,unassigned_nearest_donor_beyond_100km,pooled_unassigned_area,0,0.1,0,0.1
5162,2018-10,2018-06,4,1,True,1.0,master,valid_observed_phase_at_origin,BASE,calibration,1,-1,unassigned_nearest_donor_beyond_100km,pooled_unassigned_area,0,0.28,0,0.28
5163,2018-10,2018-06,4,0,True,1.0,master,valid_observed_phase_at_origin,BASE,calibration,1,-1,unassigned_nearest_donor_beyond_100km,pooled_unassigned_area,0,0.12,0,0.12
5164,2018-10,2018-06,4,1,True,1.0,master,valid_observed_phase_at_origin,BASE,calibration,1,-1,unassigned_nearest_donor_beyond_100km,pooled_unassigned_area,0,0.25,0,0.25
5165,2018-10,2018-06,4,0,True,0.0,master,valid_observed_phase_at_origin,BASE,calibration,1,-1,unassigned_nearest_donor_beyond_100km,pooled_unassigned_area,0,0.26,0,0.26
5166,2018-10,2018-06,4,0,True,0.0,master,valid_observed_phase_at_origin,BASE,calibration,1,-1,unassigned_nearest_donor_beyond_100km,pooled_unassigned_area,0,0.21,0,0.21
5167,2018-10,2018-06,4,1,True,1.0,master,valid_observed_phase_at_origin,BASE,calibration,1,-1,unassigned_nearest_donor_beyond_100km,pooled_unassigned_area,0,0.23,0,0.23
5168,2018-10,2018-06,4,1,True,0.0,master,valid_observed_phase_at_origin,BASE,calibration,1,-1,unassigned_nearest_donor_beyond_100km,pooled_unassigned_area,0,0.18,0,0.18
5169,2018-10,2018-06,4,1,True,1.0,master,valid_observed_phase_at_origin,BASE,calibration,1,-1,unassigned_nearest_donor_beyond_100km,pooled_unassigned_area,0,0.19,0,0.19
5170,2018-10,2018-06,4,0,True,0.0,master,valid_observed_phase_at_origin,BASE,calibration,1,-1,unassigned_nearest_donor_beyond_100km,pooled_unassigned_area,0,0.16,0,0.16
5171,2018-10,2018-06,4,1,True,0.0,master,valid_observed_phase_at_origin,BASE,calibration,1,-1,unassigned_nearest_donor_beyond_100km,pooled_unassigned_area,0,0.2,0,0.2
5172,2018-10,2018-06,4,1,True,1.0,master,valid_observed_phase_at_origin,BASE,calibration,1,-1,unassigned_nearest_donor_beyond_100km,pooled_unassigned_area,0,0.23,0,0.23
5173,2018-10,2018-06,4,0,True,0.0,master,valid_observed_phase_at_origin,BASE,calibration,1,-1,unassigned_nearest_donor_beyond_100km,pooled_unassigned_area,0,0.16,0,0.16
5174,2018-10,2018-06,4,1,True,1.0,master,valid_observed_phase_at_origin,BASE,calibration,1,-1,unassigned_nearest_donor_beyond_100km,pooled_unassigned_area,0,0.18,0,0.18
5175,2018-10,2018-06,4,1,True,1.0,master,valid_observed_phase_at_origin,BASE,calibration,1,-1,unassigned_nearest_donor_beyond_100km,pooled_unassigned_area,0,0.25,0,0.25
5176,2018-10,2018-06,4,1,True,0.0,master,valid_observed_phase_at_origin,BASE,calibration,1,-1,unassigned_nearest_donor_beyond_100km,pooled_unassigned_area,0,0.15,0,0.15
5177,2018-10,2018-06,4,1,True,0.0,master,valid_observed_phase_at_origin,BASE,calibration,1,-1,unassigned_nearest_donor_beyond_100km,pooled_unassigned_area,0,0.1,0,0.1
5178,2018-10,2018-06,4,1,True,0.0,master,valid_observed_phase_at_origin,BASE,calibration,1,-1,unassigned_nearest_donor_beyond_100km,pooled_unassigned_area,0,0.15,0,0.15
5179,2018-10,2018-06,4,1,True,1.0,master,valid_observed_phase_at_origin,BASE,calibration,1,-1,unassigned_nearest_donor_beyond_100km,pooled_unassigned_area,0,0.19,0,0.19
5180,2018-10,2018-06,4,1,True,0.0,master,valid_observed_phase_at_origin,BASE,calibration,1,-1,unassigned_nearest_donor_beyond_100km,pooled_unassigned_area,0,0.16,0,0.16
5181,2018-10,2018-06,4,1,True,0.0,master,valid_observed_phase_at_origin,BASE,calibration,1,-1,unassigned_nearest_donor_beyond_100km,pooled_unassigned_area,0,0.15,0,0.15
5182,2018-10,2018-06,4,1,True,0.0,master,valid_observed_phase_at_origin,BASE,calibration,1,-1,unassigned_nearest_donor_beyond_100km,pooled_unassigned_area,0,0.1,0,0.1
5183,2018-10,2018-06,4,1,True,1.0,master,valid_observed_phase_at_origin,BASE,calibration,1,-1,unassigned_nearest_donor_beyond_100km,pooled_unassigned_area,0,0.1,0,0.1
5184,2018-10,2018-06,4,1,True,0.0,master,valid_observed_phase_at_origin,BASE,calibration,1,-1,unassigned_nearest_donor_beyond_100km,pooled_unassigned_area,0,0.1,0,0.1
5185,2018-10,2018-06,4,1,True,0.0,master,valid_observed_phase_at_origin,BASE,calibration,1,-1,unassigned_nearest_donor_beyond_100km,pooled_unassigned_area,0,0.12,0,0.12
5186,2018-10,2018-06,4,1,True,0.0,master,valid_observed_phase_at_origin,BASE,calibration,1,-1,unassigned_nearest_donor_beyond_100km,pooled_unassigned_area,0,0.07,0,0.07
5187,2018-10,2018-06,4,1,True,0.0,master,valid_observed_phase_at_origin,BASE,calibration,1,-1,unassigned_nearest_donor_beyond_100km,pooled_unassigned_area,0,0.15,0,0.15
5188,2018-10,2018-06,4,1,True,0.0,master,valid_observed_phase_at_origin,BASE,calibration,1,-1,unassigned_nearest_donor_beyond_100km,pooled_unassigned_area,0,0.14,0,0.14
5189,2018-10,2018-06,4,1,True,0.0,master,valid_observed_phase_at_origin,BASE,calibration,1,-1,unassigned_nearest_donor_beyond_100km,pooled_unassigned_area,0,0.16,0,0.16
5190,2018-10,2018-06,4,1,True,0.0,master,valid_observed_phase_at_origin,BASE,calibration,1,-1,unassigned_nearest_donor_beyond_100km,pooled_unassigned_area,0,0.14,0,0.14
5191,2018-10,2018-06,4,1,True,0.0,master,valid_observed_phase_at_origin,BASE,calibration,1,-1,unassigned_nearest_donor_beyond_100km,pooled_unassigned_area,0,0.13,0,0.13
5192,2018-10,2018-06,4,1,True,0.0,master,valid_observed_phase_at_origin,BASE,calibration,1,-1,unassigned_nearest_donor_beyond_100km,pooled_unassigned_area,0,0.14,0,0.14
5193,2018-10,2018-06,4,1,True,0.0,master,valid_observed_phase_at_origin,BASE,calibration,1,-1,unassigned_nearest_donor_beyond_100km,pooled_unassigned_area,0,0.13,0,0.13
5194,2018-10,2018-06,4,1,True,0.0,master,valid_observed_phase_at_origin,BASE,calibration,1,-1,unassigned_nearest_donor_beyond_100km,pooled_unassigned_area,0,0.14,0,0.14
5195,2018-10,2018-06,4,1,True,0.0,master,valid_observed_phase_at_origin,BASE,calibration,1,-1,unassigned_nearest_donor_beyond_100km,pooled_unassigned_area,0,0.13,0,0.13
5196,2018-10,2018-06,4,1,True,0.0,master,valid_observed_phase_at_origin,BASE,calibration,1,-1,unassigned_nearest_donor_beyond_100km,pooled_unassigned_area,0,0.15,0,0.15
5197,2018-10,2018-06,4,1,True,0.0,master,valid_observed_phase_at_origin,BASE,calibration,1,-1,unassigned_nearest_donor_beyond_100km,pooled_unassigned_area,0,0.14,0,0.14
5198,2018-10,2018-06,4,1,True,0.0,master,valid_observed_phase_at_origin,BASE,calibration,1,-1,unassigned_nearest_donor_beyond_100km,pooled_unassigned_area,0,0.15,0,0.15
5199,2018-10,2018-06,4,1,True,1.0,master,valid_observed_phase_at_origin,BASE,calibration,1,-1,unassigned_nearest_donor_beyond_100km,pooled_unassigned_area,0,0.15,0,0.15
5200,2018-10,2018-06,4,1,True,1.0,master,valid_observed_phase_at_origin,BASE,calibration,1,-1,unassigned_nearest_donor_beyond_100km,pooled_unassigned_area,0,0.22,0,0.22
5201,2018-10,2018-06,4,1,True,0.0,master,valid_observed_phase_at_origin,BASE,calibration,1,-1,unassigned_nearest_donor_beyond_100km,pooled_unassigned_area,0,0.15,0,0.15
5202,2018-10,2018-06,4,1,True,0.0,master,valid_observed_phase_at_origin,BASE,calibration,1,-1,unassigned_nearest_donor_beyond_100km,pooled_unassigned_area,0,0.13,0,0.13
5203,2018-10,2018-06,4,1,True,0.0,master,valid_observed_phase_at_origin,BASE,calibration,1,-1,unassigned_nearest_donor_beyond_100km,pooled_unassigned_area,0,0.13,0,0.13
5204,2018-10,2018-06,4,1,True,1.0,master,valid_observed_phase_at_origin,BASE,calibration,1,-1,unassigned_nearest_donor_beyond_100km,pooled_unassigned_area,0,0.19,0,0.19
5205,2018-10,2018-06,4,1,True,0.0,master,valid_observed_phase_at_origin,BASE,calibration,1,-1,unassigned_nearest_donor_beyond_100km,pooled_unassigned_area,0,0.15,0,0.15
5206,2018-10,2018-06,4,1,True,0.0,master,valid_observed_phase_at_origin,BASE,calibration,1,-1,unassigned_nearest_donor_beyond_100km,pooled_unassigned_area,0,0.1,0,0.1
5207,2018-10,2018-06,4,1,True,0.0,master,valid_observed_phase_at_origin,BASE,calibration,1,-1,unassigned_nearest_donor_beyond_100km,pooled_unassigned_area,0,0.09,0,0.09
5208,2018-10,2018-06,4,1,True,0.0,master,valid_observed_phase_at_origin,BASE,calibration,1,-1,unassigned_nearest_donor_beyond_100km,pooled_unassigned_area,0,0.15,0,0.15
5209,2018-10,2018-06,4,1,True,0.0,master,valid_observed_phase_at_origin,BASE,calibration,1,-1,unassigned_nearest_donor_beyond_100km,pooled_unassigned_area,0,0.13,0,0.13
5210,2018-10,2018-06,4,1,True,1.0,master,valid_observed_phase_at_origin,BASE,calibration,1,-1,unassigned_nearest_donor_beyond_100km,pooled_unassigned_area,0,0.21,0,0.21
5211,2018-10,2018-06,4,1,True,1.0,master,valid_observed_phase_at_origin,BASE,calibration,1,-1,unassigned_nearest_donor_beyond_100km,pooled_unassigned_area,0,0.28,0,0.28
5212,2018-10,2018-06,4,1,True,0.0,master,valid_observed_phase_at_origin,BASE,calibration,1,-1,unassigned_nearest_donor_beyond_100km,pooled_unassigned_area,0,0.07,0,0.07
5213,2018-10,2018-06,4,1,True,0.0,master,valid_observed_phase_at_origin,BASE,calibration,1,-1,unassigned_nearest_donor_beyond_100km,pooled_unassigned_area,0,0.07,0,0.07
5214,2018-10,2018-06,4,1,True,1.0,master,valid_observed_phase_at_origin,BASE,calibration,1,-1,unassigned_nearest_donor_beyond_100km,pooled_unassigned_area,0,0.21,0,0.21
5215,2018-10,2018-06,4,1,True,1.0,master,valid_observed_phase_at_origin,BASE,calibration,1,-1,unassigned_nearest_donor_beyond_100km,pooled_unassigned_area,0,0.12,0,0.12
5216,2018-10,2018-06,4,1,True,1.0,master,valid_observed_phase_at_origin,BASE,calibration,1,-1,unassigned_nearest_donor_beyond_100km,pooled_unassigned_area,0,0.11,0,0.11
5217,2018-10,2018-06,4,1,True,0.0,master,valid_observed_phase_at_origin,BASE,calibration,1,-1,unassigned_nearest_donor_beyond_100km,pooled_unassigned_area,0,0.09,0,0.09
5218,2018-10,2018-06,4,1,True,0.0,master,valid_observed_phase_at_origin,BASE,calibration,1,-1,unassigned_nearest_donor_beyond_100km,pooled_unassigned_area,0,0.1,0,0.1
5219,2018-10,2018-06,4,1,True,1.0,master,valid_observed_phase_at_origin,BASE,calibration,1,-1,unassigned_nearest_donor_beyond_100km,pooled_unassigned_area,0,0.23,0,0.23
5220,2018-10,2018-06,4,0,True,0.0,master,valid_observed_phase_at_origin,BASE,calibration,1,5,spectral_core,pooled_partition_below_support_gate,0,0.08,0,0.08
5221,2018-10,2018-06,4,0,True,0.0,master,valid_observed_phase_at_origin,BASE,calibration,1,5,spectral_core,pooled_partition_below_support_gate,0,0.02,0,0.02
5222,2018-10,2018-06,4,0,True,0.0,master,valid_observed_phase_at_origin,BASE,calibration,1,5,spectral_core,pooled_partition_below_support_gate,0,0.17,0,0.17
5223,2018-10,2018-06,4,0,True,0.0,master,valid_observed_phase_at_origin,BASE,calibration,1,5,spectral_core,pooled_partition_below_support_gate,0,0.15,0,0.15
5224,2018-10,2018-06,4,0,True,0.0,master,valid_observed_phase_at_origin,BASE,calibration,1,5,spectral_core,pooled_partition_below_support_gate,0,0.14,0,0.14
5225,2018-10,2018-06,4,0,True,0.0,master,valid_observed_phase_at_origin,BASE,calibration,1,5,spectral_core,pooled_partition_below_support_gate,0,0.18,0,0.18
5226,2018-10,2018-06,4,0,True,0.0,master,valid_observed_phase_at_origin,BASE,calibration,1,5,spectral_core,pooled_partition_below_support_gate,0,0.06,0,0.06
5227,2018-10,2018-06,4,0,True,0.0,master,valid_observed_phase_at_origin,BASE,calibration,1,5,spectral_core,pooled_partition_below_support_gate,0,0.06,0,0.06
5228,2018-10,2018-06,4,0,True,0.0,master,valid_observed_phase_at_origin,BASE,calibration,1,5,spectral_core,pooled_partition_below_support_gate,0,0.08,0,0.08
5229,2018-10,2018-06,4,0,True,0.0,master,valid_observed_phase_at_origin,BASE,calibration,1,5,spectral_core,pooled_partition_below_support_gate,0,0.12,0,0.12
5230,2018-10,2018-06,4,0,True,0.0,master,valid_observed_phase_at_origin,BASE,calibration,1,5,spectral_core,pooled_partition_below_support_gate,0,0.07,0,0.07
5231,2018-10,2018-06,4,0,True,0.0,master,valid_observed_phase_at_origin,BASE,calibration,1,5,spectral_core,pooled_partition_below_support_gate,0,0.18,0,0.18
5232,2018-10,2018-06,4,0,True,0.0,master,valid_observed_phase_at_origin,BASE,calibration,1,5,spectral_core,pooled_partition_below_support_gate,0,0.05,0,0.05
5233,2018-10,2018-06,4,0,True,0.0,master,valid_observed_phase_at_origin,BASE,calibration,1,5,spectral_core,pooled_partition_below_support_gate,0,0.02,0,0.02
5234,2018-10,2018-06,4,0,True,0.0,master,valid_observed_phase_at_origin,BASE,calibration,1,5,spectral_core,pooled_partition_below_support_gate,0,0.08,0,0.08
5235,2018-10,2018-06,4,0,True,0.0,master,valid_observed_phase_at_origin,BASE,calibration,1,5,spectral_core,pooled_partition_below_support_gate,0,0.11,0,0.11
5236,2018-10,2018-06,4,0,True,0.0,master,valid_observed_phase_at_origin,BASE,calibration,1,5,spectral_core,pooled_partition_below_support_gate,0,0.11,0,0.11
5237,2018-10,2018-06,4,0,True,0.0,master,valid_observed_phase_at_origin,BASE,calibration,1,5,spectral_core,pooled_partition_below_support_gate,0,0.12,0,0.12
5238,2018-10,2018-06,4,0,True,0.0,master,valid_observed_phase_at_origin,BASE,calibration,1,5,spectral_core,pooled_partition_below_support_gate,0,0.05,0,0.05
5239,2018-10,2018-06,4,0,True,0.0,master,valid_observed_phase_at_origin,BASE,calibration,1,5,spectral_core,pooled_partition_below_support_gate,0,0.06,0,0.06
5240,2018-10,2018-06,4,0,True,0.0,master,valid_observed_phase_at_origin,BASE,calibration,1,5,spectral_core,pooled_partition_below_support_gate,0,0.16,0,0.16
5241,2018-10,2018-06,4,0,True,0.0,master,valid_observed_phase_at_origin,BASE,calibration,1,5,spectral_core,pooled_partition_below_support_gate,0,0.06,0,0.06
5242,2018-10,2018-06,4,0,True,0.0,master,valid_observed_phase_at_origin,BASE,calibration,1,5,spectral_core,pooled_partition_below_support_gate,0,0.08,0,0.08
5243,2018-10,2018-06,4,0,True,0.0,master,valid_observed_phase_at_origin,BASE,calibration,1,5,spectral_core,pooled_partition_below_support_gate,0,0.13,0,0.13
5244,2018-10,2018-06,4,0,True,0.0,master,valid_observed_phase_at_origin,BASE,calibration,1,5,spectral_core,pooled_partition_below_support_gate,0,0.01,0,0.01
5245,2018-10,2018-06,4,0,True,0.0,master,valid_observed_phase_at_origin,BASE,calibration,1,5,spectral_core,pooled_partition_below_support_gate,0,0.01,0,0.01
5246,2018-10,2018-06,4,0,True,0.0,master,valid_observed_phase_at_origin,BASE,calibration,1,5,spectral_core,pooled_partition_below_support_gate,0,0.16,0,0.16
5247,2018-10,2018-06,4,0,True,0.0,master,valid_observed_phase_at_origin,BASE,calibration,1,5,spectral_core,pooled_partition_below_support_gate,0,0.01,0,0.01
5248,2018-10,2018-06,4,0,True,0.0,master,valid_observed_phase_at_origin,BASE,calibration,1,5,spectral_core,pooled_partition_below_support_gate,0,0.15,0,0.15
5249,2018-10,2018-06,4,0,True,0.0,master,valid_observed_phase_at_origin,BASE,calibration,1,5,spectral_core,pooled_partition_below_support_gate,0,0.11,0,0.11
5250,2018-10,2018-06,4,0,True,0.0,master,valid_observed_phase_at_origin,BASE,calibration,1,5,spectral_core,pooled_partition_below_support_gate,0,0.06,0,0.06
5251,2018-10,2018-06,4,0,True,0.0,master,valid_observed_phase_at_origin,BASE,calibration,1,5,spectral_core,pooled_partition_below_support_gate,0,0.11,0,0.11
5252,2018-10,2018-06,4,0,True,0.0,master,valid_observed_phase_at_origin,BASE,calibration,1,5,spectral_core,pooled_partition_below_support_gate,0,0.05,0,0.05
5253,2018-10,2018-06,4,0,True,0.0,master,valid_observed_phase_at_origin,BASE,calibration,1,5,spectral_core,pooled_partition_below_support_gate,0,0.12,0,0.12
5254,2018-10,2018-06,4,0,True,0.0,master,valid_observed_phase_at_origin,BASE,calibration,1,5,spectral_core,pooled_partition_below_support_gate,0,0.08,0,0.08
5255,2018-10,2018-06,4,0,True,0.0,master,valid_observed_phase_at_origin,BASE,calibration,1,5,spectral_core,pooled_partition_below_support_gate,0,0.09,0,0.09
5256,2018-10,2018-06,4,0,True,0.0,master,valid_observed_phase_at_origin,BASE,calibration,1,5,spectral_core,pooled_partition_below_support_gate,0,0.02,0,0.02
5257,2018-10,2018-06,4,0,True,0.0,master,valid_observed_phase_at_origin,BASE,calibration,1,5,spectral_core,pooled_partition_below_support_gate,0,0.16,0,0.16
5258,2018-10,2018-06,4,0,True,0.0,master,valid_observed_phase_at_origin,BASE,calibration,1,5,spectral_core,pooled_partition_below_support_gate,0,0.03,0,0.03
5259,2018-10,2018-06,4,0,True,0.0,master,valid_observed_phase_at_origin,BASE,calibration,1,5,spectral_core,pooled_partition_below_support_gate,0,0.21,0,0.21
5260,2018-10,2018-06,4,0,True,0.0,master,valid_observed_phase_at_origin,BASE,calibration,1,5,spectral_core,pooled_partition_below_support_gate,0,0.04,0,0.04
5261,2018-10,2018-06,4,0,True,0.0,master,valid_observed_phase_at_origin,BASE,calibration,1,5,spectral_core,pooled_partition_below_support_gate,0,0.15,0,0.15
5262,2018-10,2018-06,4,0,True,0.0,master,valid_observed_phase_at_origin,BASE,calibration,1,5,spectral_core,pooled_partition_below_support_gate,0,0.14,0,0.14
5263,2018-10,2018-06,4,0,True,0.0,master,valid_observed_phase_at_origin,BASE,calibration,1,5,spectral_core,pooled_partition_below_support_gate,0,0.05,0,0.05
5264,2018-10,2018-06,4,0,True,0.0,master,valid_observed_phase_at_origin,BASE,calibration,1,5,spectral_core,pooled_partition_below_support_gate,0,0.14,0,0.14
5265,2018-10,2018-06,4,0,True,0.0,master,valid_observed_phase_at_origin,BASE,calibration,1,5,spectral_core,pooled_partition_below_support_gate,0,0.19,0,0.19
5266,2018-10,2018-06,4,0,True,0.0,master,valid_observed_phase_at_origin,BASE,calibration,1,5,spectral_core,pooled_partition_below_support_gate,0,0.16,0,0.16
5267,2018-10,2018-06,4,0,True,0.0,master,valid_observed_phase_at_origin,BASE,calibration,1,5,spectral_core,pooled_partition_below_support_gate,0,0.1,0,0.1
5268,2018-10,2018-06,4,0,True,0.0,master,valid_observed_phase_at_origin,BASE,calibration,1,5,spectral_core,pooled_partition_below_support_gate,0,0.16,0,0.16
5269,2018-10,2018-06,4,0,True,0.0,master,valid_observed_phase_at_origin,BASE,calibration,1,5,spectral_core,pooled_partition_below_support_gate,0,0.07,0,0.07
5270,2018-10,2018-06,4,0,True,0.0,master,valid_observed_phase_at_origin,BASE,calibration,1,5,spectral_core,pooled_partition_below_support_gate,0,0.08,0,0.08
5271,2018-10,2018-06,4,0,True,0.0,master,valid_observed_phase_at_origin,BASE,calibration,1,5,spectral_core,pooled_partition_below_support_gate,0,0.05,0,0.05
5272,2018-10,2018-06,4,0,True,0.0,master,valid_observed_phase_at_origin,BASE,calibration,1,5,spectral_core,pooled_partition_below_support_gate,0,0.03,0,0.03
5273,2018-10,2018-06,4,0,True,0.0,master,valid_observed_phase_at_origin,BASE,calibration,1,5,spectral_core,pooled_partition_below_support_gate,0,0.05,0,0.05
5274,2018-10,2018-06,4,0,True,0.0,master,valid_observed_phase_at_origin,BASE,calibration,1,5,spectral_core,pooled_partition_below_support_gate,0,0.06,0,0.06
5275,2018-10,2018-06,4,0,True,0.0,master,valid_observed_phase_at_origin,BASE,calibration,1,5,spectral_core,pooled_partition_below_support_gate,0,0.07,0,0.07
5276,2018-10,2018-06,4,0,True,0.0,master,valid_observed_phase_at_origin,BASE,calibration,1,5,spectral_core,pooled_partition_below_support_gate,0,0.03,0,0.03
5277,2018-10,2018-06,4,0,True,0.0,master,valid_observed_phase_at_origin,BASE,calibration,1,5,spectral_core,pooled_partition_below_support_gate,0,0.06,0,0.06
5278,2018-10,2018-06,4,0,True,0.0,master,valid_observed_phase_at_origin,BASE,calibration,1,5,spectral_core,pooled_partition_below_support_gate,0,0.04,0,0.04
5279,2018-10,2018-06,4,0,True,0.0,master,valid_observed_phase_at_origin,BASE,calibration,1,5,spectral_core,pooled_partition_below_support_gate,0,0.04,0,0.04
5280,2018-10,2018-06,4,0,True,0.0,master,valid_observed_phase_at_origin,BASE,calibration,1,5,spectral_core,pooled_partition_below_support_gate,0,0.04,0,0.04
5281,2018-10,2018-06,4,0,True,0.0,master,valid_observed_phase_at_origin,BASE,calibration,1,5,spectral_core,pooled_partition_below_support_gate,0,0.06,0,0.06
5282,2018-10,2018-06,4,0,True,0.0,master,valid_observed_phase_at_origin,BASE,calibration,1,5,spectral_core,pooled_partition_below_support_gate,0,0.08,0,0.08
5283,2018-10,2018-06,4,0,True,0.0,master,valid_observed_phase_at_origin,BASE,calibration,1,5,spectral_core,pooled_partition_below_support_gate,0,0.08,0,0.08
5284,2018-10,2018-06,4,0,True,0.0,master,valid_observed_phase_at_origin,BASE,calibration,1,5,spectral_core,pooled_partition_below_support_gate,0,0.05,0,0.05
5285,2018-10,2018-06,4,0,True,0.0,master,valid_observed_phase_at_origin,BASE,calibration,1,5,spectral_core,pooled_partition_below_support_gate,0,0.06,0,0.06
5286,2018-10,2018-06,4,0,True,0.0,master,valid_observed_phase_at_origin,BASE,calibration,1,5,spectral_core,pooled_partition_below_support_gate,0,0.03,0,0.03
5287,2018-10,2018-06,4,0,True,0.0,master,valid_observed_phase_at_origin,BASE,calibration,1,5,spectral_core,pooled_partition_below_support_gate,0,0.05,0,0.05
5288,2018-10,2018-06,4,0,True,0.0,master,valid_observed_phase_at_origin,BASE,calibration,1,5,spectral_core,pooled_partition_below_support_gate,0,0.03,0,0.03
5289,2018-10,2018-06,4,0,True,0.0,master,valid_observed_phase_at_origin,BASE,calibration,1,5,spectral_core,pooled_partition_below_support_gate,0,0.07,0,0.07
5290,2018-10,2018-06,4,0,True,0.0,master,valid_observed_phase_at_origin,BASE,calibration,1,5,spectral_core,pooled_partition_below_support_gate,0,0.15,0,0.15
5291,2018-10,2018-06,4,0,True,0.0,master,valid_observed_phase_at_origin,BASE,calibration,1,5,spectral_core,pooled_partition_below_support_gate,0,0.04,0,0.04
5292,2018-10,2018-06,4,0,True,0.0,master,valid_observed_phase_at_origin,BASE,calibration,1,5,spectral_core,pooled_partition_below_support_gate,0,0.09,0,0.09
5293,2018-10,2018-06,4,0,True,0.0,master,valid_observed_phase_at_origin,BASE,calibration,1,5,spectral_core,pooled_partition_below_support_gate,0,0.03,0,0.03
5294,2018-10,2018-06,4,0,True,0.0,master,valid_observed_phase_at_origin,BASE,calibration,1,5,spectral_core,pooled_partition_below_support_gate,0,0.01,0,0.01
5295,2018-10,2018-06,4,0,True,0.0,master,valid_observed_phase_at_origin,BASE,calibration,1,5,spectral_core,pooled_partition_below_support_gate,0,0.02,0,0.02
5296,2018-10,2018-06,4,0,True,0.0,master,valid_observed_phase_at_origin,BASE,calibration,1,5,spectral_core,pooled_partition_below_support_gate,0,0.0,0,0.0
5297,2018-10,2018-06,4,0,True,0.0,master,valid_observed_phase_at_origin,BASE,calibration,1,5,spectral_core,pooled_partition_below_support_gate,0,0.06,0,0.06
5298,2018-10,2018-06,4,0,True,0.0,master,valid_observed_phase_at_origin,BASE,calibration,1,5,spectral_core,pooled_partition_below_support_gate,0,0.01,0,0.01
5299,2018-10,2018-06,4,0,True,0.0,master,valid_observed_phase_at_origin,BASE,calibration,1,5,spectral_core,pooled_partition_below_support_gate,0,0.03,0,0.03
5300,2018-10,2018-06,4,0,True,0.0,master,valid_observed_phase_at_origin,BASE,calibration,1,5,spectral_core,pooled_partition_below_support_gate,0,0.11,0,0.11
5301,2018-10,2018-06,4,0,True,0.0,master,valid_observed_phase_at_origin,BASE,calibration,1,5,spectral_core,pooled_partition_below_support_gate,0,0.09,0,0.09
5302,2018-10,2018-06,4,0,True,0.0,master,valid_observed_phase_at_origin,BASE,calibration,1,5,spectral_core,pooled_partition_below_support_gate,0,0.07,0,0.07
5303,2018-10,2018-06,4,0,True,0.0,master,valid_observed_phase_at_origin,BASE,calibration,1,5,spectral_core,pooled_partition_below_support_gate,0,0.04,0,0.04
5304,2018-10,2018-06,4,0,True,0.0,master,valid_observed_phase_at_origin,BASE,calibration,1,5,spectral_core,pooled_partition_below_support_gate,0,0.05,0,0.05
5305,2018-10,2018-06,4,0,True,0.0,master,valid_observed_phase_at_origin,BASE,calibration,1,5,spectral_core,pooled_partition_below_support_gate,0,0.1,0,0.1
5306,2018-10,2018-06,4,0,True,0.0,master,valid_observed_phase_at_origin,BASE,calibration,1,5,spectral_core,pooled_partition_below_support_gate,0,0.07,0,0.07
5307,2018-10,2018-06,4,0,True,0.0,master,valid_observed_phase_at_origin,BASE,calibration,1,5,spectral_core,pooled_partition_below_support_gate,0,0.02,0,0.02
5308,2018-10,2018-06,4,0,True,0.0,master,valid_observed_phase_at_origin,BASE,calibration,1,5,spectral_core,pooled_partition_below_support_gate,0,0.0,0,0.0
5309,2018-10,2018-06,4,0,True,0.0,master,valid_observed_phase_at_origin,BASE,calibration,1,5,spectral_core,pooled_partition_below_support_gate,0,0.0,0,0.0
5310,2018-10,2018-06,4,0,True,0.0,master,valid_observed_phase_at_origin,BASE,calibration,1,5,spectral_core,pooled_partition_below_support_gate,0,0.01,0,0.01
5311,2018-10,2018-06,4,0,True,0.0,master,valid_observed_phase_at_origin,BASE,calibration,1,5,spectral_core,pooled_partition_below_support_gate,0,0.0,0,0.0
5312,2018-10,2018-06,4,0,True,0.0,master,valid_observed_phase_at_origin,BASE,calibration,1,5,spectral_core,pooled_partition_below_support_gate,0,0.0,0,0.0
5313,2018-10,2018-06,4,0,True,0.0,master,valid_observed_phase_at_origin,BASE,calibration,1,5,spectral_core,pooled_partition_below_support_gate,0,0.0,0,0.0
5314,2018-10,2018-06,4,0,True,0.0,master,valid_observed_phase_at_origin,BASE,calibration,1,5,spectral_core,pooled_partition_below_support_gate,0,0.04,0,0.04
5315,2018-10,2018-06,4,0,True,0.0,master,valid_observed_phase_at_origin,BASE,calibration,1,5,spectral_core,pooled_partition_below_support_gate,0,0.0,0,0.0
5316,2018-10,2018-06,4,0,True,0.0,master,valid_observed_phase_at_origin,BASE,calibration,1,5,spectral_core,pooled_partition_below_support_gate,0,0.01,0,0.01
5317,2018-10,2018-06,4,0,True,0.0,master,valid_observed_phase_at_origin,BASE,calibration,1,5,spectral_core,pooled_partition_below_support_gate,0,0.0,0,0.0
5318,2018-10,2018-06,4,0,True,0.0,master,valid_observed_phase_at_origin,BASE,calibration,1,5,spectral_core,pooled_partition_below_support_gate,0,0.0,0,0.0
5319,2018-10,2018-06,4,0,True,0.0,master,valid_observed_phase_at_origin,BASE,calibration,1,5,spectral_core,pooled_partition_below_support_gate,0,0.02,0,0.02
5320,2018-10,2018-06,4,0,True,0.0,master,valid_observed_phase_at_origin,BASE,calibration,1,5,spectral_core,pooled_partition_below_support_gate,0,0.0,0,0.0
5321,2018-10,2018-06,4,0,True,0.0,master,valid_observed_phase_at_origin,BASE,calibration,1,5,spectral_core,pooled_partition_below_support_gate,0,0.0,0,0.0
5322,2018-10,2018-06,4,0,True,0.0,master,valid_observed_phase_at_origin,BASE,calibration,1,5,spectral_core,pooled_partition_below_support_gate,0,0.01,0,0.01
5323,2018-10,2018-06,4,0,True,0.0,master,valid_observed_phase_at_origin,BASE,calibration,1,6,spectral_core,pooled_partition_below_support_gate,0,0.06,0,0.06
5324,2018-10,2018-06,4,0,True,0.0,master,valid_observed_phase_at_origin,BASE,calibration,1,5,spectral_core,pooled_partition_below_support_gate,0,0.01,0,0.01
5325,2018-10,2018-06,4,0,True,0.0,master,valid_observed_phase_at_origin,BASE,calibration,1,5,spectral_core,pooled_partition_below_support_gate,0,0.05,0,0.05
5326,2018-10,2018-06,4,0,True,0.0,master,valid_observed_phase_at_origin,BASE,calibration,1,5,spectral_core,pooled_partition_below_support_gate,0,0.03,0,0.03
5327,2018-10,2018-06,4,0,True,0.0,master,valid_observed_phase_at_origin,BASE,calibration,1,5,spectral_core,pooled_partition_below_support_gate,0,0.03,0,0.03
5328,2018-10,2018-06,4,0,True,0.0,master,valid_observed_phase_at_origin,BASE,calibration,1,5,spectral_core,pooled_partition_below_support_gate,0,0.11,0,0.11
5329,2018-10,2018-06,4,0,True,0.0,master,valid_observed_phase_at_origin,BASE,calibration,1,5,spectral_core,pooled_partition_below_support_gate,0,0.09,0,0.09
5330,2018-10,2018-06,4,0,True,0.0,master,valid_observed_phase_at_origin,BASE,calibration,1,5,spectral_core,pooled_partition_below_support_gate,0,0.1,0,0.1
5331,2018-10,2018-06,4,0,True,0.0,master,valid_observed_phase_at_origin,BASE,calibration,1,5,spectral_core,pooled_partition_below_support_gate,0,0.07,0,0.07
5332,2018-10,2018-06,4,0,True,0.0,master,valid_observed_phase_at_origin,BASE,calibration,1,5,spectral_core,pooled_partition_below_support_gate,0,0.01,0,0.01
5333,2018-10,2018-06,4,0,True,0.0,master,valid_observed_phase_at_origin,BASE,calibration,1,5,spectral_core,pooled_partition_below_support_gate,0,0.0,0,0.0
5334,2018-10,2018-06,4,0,True,0.0,master,valid_observed_phase_at_origin,BASE,calibration,1,5,spectral_core,pooled_partition_below_support_gate,0,0.0,0,0.0
5335,2018-10,2018-06,4,0,True,0.0,master,valid_observed_phase_at_origin,BASE,calibration,1,2,spectral_core,local_partition_rf,0,0.01,0,0.04
5336,2018-10,2018-06,4,0,True,0.0,master,valid_observed_phase_at_origin,BASE,calibration,1,2,spectral_core,local_partition_rf,0,0.01,0,0.01
5337,2018-10,2018-06,4,0,True,0.0,master,valid_observed_phase_at_origin,BASE,calibration,1,2,spectral_core,local_partition_rf,0,0.01,0,0.01
5338,2018-10,2018-06,4,0,True,0.0,master,valid_observed_phase_at_origin,BASE,calibration,1,2,spectral_core,local_partition_rf,0,0.01,0,0.02
5339,2018-10,2018-06,4,0,True,0.0,master,valid_observed_phase_at_origin,BASE,calibration,1,2,spectral_core,local_partition_rf,0,0.02,0,0.01
5340,2018-10,2018-06,4,0,True,0.0,master,valid_observed_phase_at_origin,BASE,calibration,1,2,spectral_core,local_partition_rf,0,0.01,0,0.01
5341,2018-10,2018-06,4,0,True,0.0,master,valid_observed_phase_at_origin,BASE,calibration,1,2,spectral_core,local_partition_rf,0,0.01,0,0.02
5342,2018-10,2018-06,4,0,True,0.0,master,valid_observed_phase_at_origin,BASE,calibration,1,2,spectral_core,local_partition_rf,0,0.01,0,0.0
5343,2018-10,2018-06,4,0,True,0.0,master,valid_observed_phase_at_origin,BASE,calibration,1,2,spectral_core,local_partition_rf,0,0.01,0,0.01
5344,2018-10,2018-06,4,0,True,0.0,master,valid_observed_phase_at_origin,BASE,calibration,1,2,spectral_core,local_partition_rf,0,0.01,0,0.02
5345,2018-10,2018-06,4,0,True,0.0,master,valid_observed_phase_at_origin,BASE,calibration,1,2,spectral_core,local_partition_rf,0,0.01,0,0.01
5346,2018-10,2018-06,4,0,True,0.0,master,valid_observed_phase_at_origin,BASE,calibration,1,2,spectral_core,local_partition_rf,0,0.0,0,0.04
5347,2018-10,2018-06,4,0,True,0.0,master,valid_observed_phase_at_origin,BASE,calibration,1,2,spectral_core,local_partition_rf,0,0.02,0,0.01
5348,2018-10,2018-06,4,0,True,0.0,master,valid_observed_phase_at_origin,BASE,calibration,1,2,spectral_core,local_partition_rf,0,0.0,0,0.01
5349,2018-10,2018-06,4,0,True,0.0,master,valid_observed_phase_at_origin,BASE,calibration,1,2,spectral_core,local_partition_rf,0,0.0,0,0.01
5350,2018-10,2018-06,4,0,True,0.0,master,valid_observed_phase_at_origin,BASE,calibration,1,2,spectral_core,local_partition_rf,0,0.0,0,0.01
5351,2018-10,2018-06,4,0,True,0.0,master,valid_observed_phase_at_origin,BASE,calibration,1,2,spectral_core,local_partition_rf,0,0.01,0,0.02
5352,2018-10,2018-06,4,0,True,0.0,master,valid_observed_phase_at_origin,BASE,calibration,1,2,spectral_core,local_partition_rf,0,0.01,0,0.01
5353,2018-10,2018-06,4,0,True,0.0,master,valid_observed_phase_at_origin,BASE,calibration,1,2,spectral_core,local_partition_rf,0,0.01,0,0.02
5354,2018-10,2018-06,4,0,True,0.0,master,valid_observed_phase_at_origin,BASE,calibration,1,2,spectral_core,local_partition_rf,0,0.01,0,0.0
5355,2018-10,2018-06,4,0,True,0.0,master,valid_observed_phase_at_origin,BASE,calibration,1,11,spectral_core,local_partition_rf,0,0.0,0,0.0
5356,2018-10,2018-06,4,0,True,0.0,master,valid_observed_phase_at_origin,BASE,calibration,1,2,spectral_core,local_partition_rf,0,0.02,0,0.02
5357,2018-10,2018-06,4,0,True,0.0,master,valid_observed_phase_at_origin,BASE,calibration,1,2,spectral_core,local_partition_rf,0,0.01,0,0.02
5358,2018-10,2018-06,4,0,True,0.0,master,valid_observed_phase_at_origin,BASE,calibration,1,11,spectral_core,local_partition_rf,0,0.0,0,0.0
5359,2018-10,2018-06,4,0,True,0.0,master,valid_observed_phase_at_origin,BASE,calibration,1,2,spectral_core,local_partition_rf,0,0.04,0,0.02
5360,2018-10,2018-06,4,0,True,0.0,master,valid_observed_phase_at_origin,BASE,calibration,1,11,spectral_core,local_partition_rf,0,0.0,0,0.0
5361,2018-10,2018-06,4,0,True,0.0,master,valid_observed_phase_at_origin,BASE,calibration,1,2,spectral_core,local_partition_rf,0,0.01,0,0.0
5362,2018-10,2018-06,4,0,True,0.0,master,valid_observed_phase_at_origin,BASE,calibration,1,2,spectral_core,local_partition_rf,0,0.04,0,0.04
5363,2018-10,2018-06,4,0,True,0.0,master,valid_observed_phase_at_origin,BASE,calibration,1,2,spectral_core,local_partition_rf,0,0.01,0,0.01
5364,2018-10,2018-06,4,0,True,0.0,master,valid_observed_phase_at_origin,BASE,calibration,1,2,spectral_core,local_partition_rf,0,0.03,0,0.01
5365,2018-10,2018-06,4,0,True,0.0,master,valid_observed_phase_at_origin,BASE,calibration,1,2,spectral_core,local_partition_rf,0,0.01,0,0.01
5366,2018-10,2018-06,4,0,True,0.0,master,valid_observed_phase_at_origin,BASE,calibration,1,2,spectral_core,local_partition_rf,0,0.01,0,0.0
5367,2018-10,2018-06,4,0,True,0.0,master,valid_observed_phase_at_origin,BASE,calibration,1,2,spectral_core,local_partition_rf,0,0.01,0,0.0
5368,2018-10,2018-06,4,0,True,0.0,master,valid_observed_phase_at_origin,BASE,calibration,1,2,spectral_core,local_partition_rf,0,0.01,0,0.01
5369,2018-10,2018-06,4,0,True,0.0,master,valid_observed_phase_at_origin,BASE,calibration,1,2,spectral_core,local_partition_rf,0,0.01,0,0.0
5370,2018-10,2018-06,4,0,True,0.0,master,valid_observed_phase_at_origin,BASE,calibration,1,2,spectral_core,local_partition_rf,0,0.01,0,0.02
5371,2018-10,2018-06,4,0,True,0.0,master,valid_observed_phase_at_origin,BASE,calibration,1,2,spectral_core,local_partition_rf,0,0.01,0,0.0
5372,2018-10,2018-06,4,0,True,0.0,master,valid_observed_phase_at_origin,BASE,calibration,1,2,spectral_core,local_partition_rf,0,0.01,0,0.0
5373,2018-10,2018-06,4,0,True,0.0,master,valid_observed_phase_at_origin,BASE,calibration,1,2,spectral_core,local_partition_rf,0,0.01,0,0.0
5374,2018-10,2018-06,4,0,True,0.0,master,valid_observed_phase_at_origin,BASE,calibration,1,2,spectral_core,local_partition_rf,0,0.01,0,0.0
5375,2018-10,2018-06,4,0,True,0.0,master,valid_observed_phase_at_origin,BASE,calibration,1,2,spectral_core,local_partition_rf,0,0.0,0,0.04
5376,2018-10,2018-06,4,0,True,0.0,master,valid_observed_phase_at_origin,BASE,calibration,1,2,spectral_core,local_partition_rf,0,0.12,0,0.07
5377,2018-10,2018-06,4,0,True,0.0,master,valid_observed_phase_at_origin,BASE,calibration,1,2,spectral_core,local_partition_rf,0,0.14,0,0.08
5378,2018-10,2018-06,4,0,True,0.0,master,valid_observed_phase_at_origin,BASE,calibration,1,2,spectral_core,local_partition_rf,0,0.04,0,0.03
5379,2018-10,2018-06,4,0,True,0.0,master,valid_observed_phase_at_origin,BASE,calibration,1,2,spectral_core,local_partition_rf,0,0.17,0,0.06
5380,2018-10,2018-06,4,0,True,0.0,master,valid_observed_phase_at_origin,BASE,calibration,1,2,spectral_core,local_partition_rf,0,0.04,0,0.04
5381,2018-10,2018-06,4,0,True,0.0,master,valid_observed_phase_at_origin,BASE,calibration,1,2,spectral_core,local_partition_rf,0,0.01,0,0.02
5382,2018-10,2018-06,4,0,True,0.0,master,valid_observed_phase_at_origin,BASE,calibration,1,2,spectral_core,local_partition_rf,0,0.1,0,0.03
5383,2018-10,2018-06,4,0,True,0.0,master,valid_observed_phase_at_origin,BASE,calibration,1,2,spectral_core,local_partition_rf,0,0.01,0,0.0
5384,2018-10,2018-06,4,0,True,0.0,master,valid_observed_phase_at_origin,BASE,calibration,1,2,spectral_core,local_partition_rf,0,0.01,0,0.0
5385,2018-10,2018-06,4,0,True,0.0,master,valid_observed_phase_at_origin,BASE,calibration,1,2,spectral_core,local_partition_rf,0,0.01,0,0.01
5386,2018-10,2018-06,4,0,True,0.0,master,valid_observed_phase_at_origin,BASE,calibration,1,2,spectral_core,local_partition_rf,0,0.01,0,0.0
5387,2018-10,2018-06,4,0,True,0.0,master,valid_observed_phase_at_origin,BASE,calibration,1,2,spectral_core,local_partition_rf,0,0.01,0,0.0
5388,2018-10,2018-06,4,0,True,0.0,master,valid_observed_phase_at_origin,BASE,calibration,1,2,spectral_core,local_partition_rf,0,0.01,0,0.0
5389,2018-10,2018-06,4,0,True,0.0,master,valid_observed_phase_at_origin,BASE,calibration,1,2,spectral_core,local_partition_rf,0,0.01,0,0.0
5390,2018-10,2018-06,4,0,True,0.0,master,valid_observed_phase_at_origin,BASE,calibration,1,2,spectral_core,local_partition_rf,0,0.01,0,0.0
5391,2018-10,2018-06,4,0,True,0.0,master,valid_observed_phase_at_origin,BASE,calibration,1,2,spectral_core,local_partition_rf,0,0.01,0,0.0
5392,2018-10,2018-06,4,0,True,0.0,master,valid_observed_phase_at_origin,BASE,calibration,1,2,spectral_core,local_partition_rf,0,0.01,0,0.02
5393,2018-10,2018-06,4,0,True,0.0,master,valid_observed_phase_at_origin,BASE,calibration,1,2,spectral_core,local_partition_rf,0,0.01,0,0.0
5394,2018-10,2018-06,4,0,True,0.0,master,valid_observed_phase_at_origin,BASE,calibration,1,2,spectral_core,local_partition_rf,0,0.0,0,0.0
5395,2018-10,2018-06,4,0,True,0.0,master,valid_observed_phase_at_origin,BASE,calibration,1,2,spectral_core,local_partition_rf,0,0.0,0,0.02
5396,2018-10,2018-06,4,0,True,0.0,master,valid_observed_phase_at_origin,BASE,calibration,1,2,spectral_core,local_partition_rf,0,0.01,0,0.0
5397,2018-10,2018-06,4,0,True,0.0,master,valid_observed_phase_at_origin,BASE,calibration,1,2,spectral_core,local_partition_rf,0,0.01,0,0.0
5398,2018-10,2018-06,4,0,True,0.0,master,valid_observed_phase_at_origin,BASE,calibration,1,2,spectral_core,local_partition_rf,0,0.01,0,0.0
5399,2018-10,2018-06,4,0,True,0.0,master,valid_observed_phase_at_origin,BASE,calibration,1,2,spectral_core,local_partition_rf,0,0.01,0,0.0
5400,2018-10,2018-06,4,0,True,0.0,master,valid_observed_phase_at_origin,BASE,calibration,1,2,spectral_core,local_partition_rf,0,0.01,0,0.01
5401,2018-10,2018-06,4,0,True,0.0,master,valid_observed_phase_at_origin,BASE,calibration,1,2,spectral_core,local_partition_rf,0,0.01,0,0.0
5402,2018-10,2018-06,4,0,True,0.0,master,valid_observed_phase_at_origin,BASE,calibration,1,2,spectral_core,local_partition_rf,0,0.0,0,0.0
5403,2018-10,2018-06,4,0,True,0.0,master,valid_observed_phase_at_origin,BASE,calibration,1,2,spectral_core,local_partition_rf,0,0.0,0,0.01
5404,2018-10,2018-06,4,0,True,0.0,master,valid_observed_phase_at_origin,BASE,calibration,1,2,spectral_core,local_partition_rf,0,0.01,0,0.01
5405,2018-10,2018-06,4,0,True,0.0,master,valid_observed_phase_at_origin,BASE,calibration,1,2,spectral_core,local_partition_rf,0,0.01,0,0.01
5406,2018-10,2018-06,4,0,True,0.0,master,valid_observed_phase_at_origin,BASE,calibration,1,2,spectral_core,local_partition_rf,0,0.01,0,0.02
5407,2018-10,2018-06,4,0,True,0.0,master,valid_observed_phase_at_origin,BASE,calibration,1,2,spectral_core,local_partition_rf,0,0.01,0,0.01
5408,2018-10,2018-06,4,0,True,0.0,master,valid_observed_phase_at_origin,BASE,calibration,1,2,spectral_core,local_partition_rf,0,0.01,0,0.0
5409,2018-10,2018-06,4,0,True,0.0,master,valid_observed_phase_at_origin,BASE,calibration,1,2,spectral_core,local_partition_rf,0,0.01,0,0.0
5410,2018-10,2018-06,4,0,True,0.0,master,valid_observed_phase_at_origin,BASE,calibration,1,2,spectral_core,local_partition_rf,0,0.01,0,0.0
5411,2018-10,2018-06,4,0,True,0.0,master,valid_observed_phase_at_origin,BASE,calibration,1,2,spectral_core,local_partition_rf,0,0.01,0,0.0
5412,2018-10,2018-06,4,0,True,0.0,master,valid_observed_phase_at_origin,BASE,calibration,1,2,spectral_core,local_partition_rf,0,0.0,0,0.01
5413,2018-10,2018-06,4,0,True,0.0,master,valid_observed_phase_at_origin,BASE,calibration,1,2,spectral_core,local_partition_rf,0,0.01,0,0.0
5414,2018-10,2018-06,4,0,True,0.0,master,valid_observed_phase_at_origin,BASE,calibration,1,2,spectral_core,local_partition_rf,0,0.01,0,0.0
5415,2018-10,2018-06,4,0,True,0.0,master,valid_observed_phase_at_origin,BASE,calibration,1,2,spectral_core,local_partition_rf,0,0.01,0,0.01
5416,2018-10,2018-06,4,0,True,0.0,master,valid_observed_phase_at_origin,BASE,calibration,1,11,spectral_core,local_partition_rf,0,0.0,0,0.01
5417,2018-10,2018-06,4,0,True,0.0,master,valid_observed_phase_at_origin,BASE,calibration,1,11,spectral_core,local_partition_rf,0,0.0,0,0.01
5418,2018-10,2018-06,4,0,True,0.0,master,valid_observed_phase_at_origin,BASE,calibration,1,2,spectral_core,local_partition_rf,0,0.01,0,0.0
5419,2018-10,2018-06,4,0,True,0.0,master,valid_observed_phase_at_origin,BASE,calibration,1,2,spectral_core,local_partition_rf,0,0.04,0,0.0
5420,2018-10,2018-06,4,0,True,0.0,master,valid_observed_phase_at_origin,BASE,calibration,1,2,spectral_core,local_partition_rf,0,0.01,0,0.01
5421,2018-10,2018-06,4,0,True,0.0,master,valid_observed_phase_at_origin,BASE,calibration,1,2,spectral_core,local_partition_rf,0,0.01,0,0.0
5422,2018-10,2018-06,4,0,True,0.0,master,valid_observed_phase_at_origin,BASE,calibration,1,11,spectral_core,local_partition_rf,0,0.0,0,0.01
5423,2018-10,2018-06,4,0,True,0.0,master,valid_observed_phase_at_origin,BASE,calibration,1,2,spectral_core,local_partition_rf,0,0.01,0,0.0
5424,2018-10,2018-06,4,0,True,0.0,master,valid_observed_phase_at_origin,BASE,calibration,1,2,spectral_core,local_partition_rf,0,0.01,0,0.0
5425,2018-10,2018-06,4,0,True,0.0,master,valid_observed_phase_at_origin,BASE,calibration,1,2,spectral_core,local_partition_rf,0,0.01,0,0.0
5426,2018-10,2018-06,4,0,True,0.0,master,valid_observed_phase_at_origin,BASE,calibration,1,11,spectral_core,local_partition_rf,0,0.0,0,0.01
5427,2018-10,2018-06,4,0,True,0.0,master,valid_observed_phase_at_origin,BASE,calibration,1,2,spectral_core,local_partition_rf,0,0.0,0,0.0
5428,2018-10,2018-06,4,0,True,0.0,master,valid_observed_phase_at_origin,BASE,calibration,1,11,spectral_core,local_partition_rf,0,0.0,0,0.0
5429,2018-10,2018-06,4,0,True,0.0,master,valid_observed_phase_at_origin,BASE,calibration,1,11,spectral_core,local_partition_rf,0,0.0,0,0.0
5430,2018-10,2018-06,4,0,True,0.0,master,valid_observed_phase_at_origin,BASE,calibration,1,2,spectral_core,local_partition_rf,0,0.01,0,0.0
5431,2018-10,2018-06,4,0,True,0.0,master,valid_observed_phase_at_origin,BASE,calibration,1,2,spectral_core,local_partition_rf,0,0.01,0,0.01
5432,2018-10,2018-06,4,0,True,0.0,master,valid_observed_phase_at_origin,BASE,calibration,1,11,spectral_core,local_partition_rf,0,0.0,0,0.01
5433,2018-10,2018-06,4,0,True,0.0,master,valid_observed_phase_at_origin,BASE,calibration,1,11,spectral_core,local_partition_rf,0,0.0,0,0.01
5434,2018-10,2018-06,4,0,True,0.0,master,valid_observed_phase_at_origin,BASE,calibration,1,2,spectral_core,local_partition_rf,0,0.01,0,0.01
5435,2018-10,2018-06,4,0,True,0.0,master,valid_observed_phase_at_origin,BASE,calibration,1,2,spectral_core,local_partition_rf,0,0.01,0,0.0
5436,2018-10,2018-06,4,0,True,0.0,master,valid_observed_phase_at_origin,BASE,calibration,1,2,spectral_core,local_partition_rf,0,0.01,0,0.0
5437,2018-10,2018-06,4,0,True,0.0,master,valid_observed_phase_at_origin,BASE,calibration,1,2,spectral_core,local_partition_rf,0,0.01,0,0.01
5438,2018-10,2018-06,4,0,True,0.0,master,valid_observed_phase_at_origin,BASE,calibration,1,2,spectral_core,local_partition_rf,0,0.02,0,0.01
5439,2018-10,2018-06,4,0,True,0.0,master,valid_observed_phase_at_origin,BASE,calibration,1,2,spectral_core,local_partition_rf,0,0.01,0,0.0
5440,2018-10,2018-06,4,0,True,0.0,master,valid_observed_phase_at_origin,BASE,calibration,1,11,spectral_core,local_partition_rf,0,0.01,0,0.0
5441,2018-10,2018-06,4,0,True,0.0,master,valid_observed_phase_at_origin,BASE,calibration,1,2,spectral_core,local_partition_rf,0,0.01,0,0.01
5442,2018-10,2018-06,4,0,True,0.0,master,valid_observed_phase_at_origin,BASE,calibration,1,2,spectral_core,local_partition_rf,0,0.01,0,0.01
5443,2018-10,2018-06,4,0,True,0.0,master,valid_observed_phase_at_origin,BASE,calibration,1,2,spectral_core,local_partition_rf,0,0.01,0,0.01
5444,2018-10,2018-06,4,0,True,0.0,master,valid_observed_phase_at_origin,BASE,calibration,1,2,spectral_core,local_partition_rf,0,0.01,0,0.01
5445,2018-10,2018-06,4,0,True,0.0,master,valid_observed_phase_at_origin,BASE,calibration,1,2,spectral_core,local_partition_rf,0,0.01,0,0.0
5446,2018-10,2018-06,4,0,True,0.0,master,valid_observed_phase_at_origin,BASE,calibration,1,11,spectral_core,local_partition_rf,0,0.0,0,0.01
5447,2018-10,2018-06,4,0,True,0.0,master,valid_observed_phase_at_origin,BASE,calibration,1,11,spectral_core,local_partition_rf,0,0.01,0,0.01
5448,2018-10,2018-06,4,0,True,0.0,master,valid_observed_phase_at_origin,BASE,calibration,1,11,spectral_core,local_partition_rf,0,0.0,0,0.01
5449,2018-10,2018-06,4,0,True,0.0,master,valid_observed_phase_at_origin,BASE,calibration,1,11,spectral_core,local_partition_rf,0,0.0,0,0.03
5450,2018-10,2018-06,4,0,True,0.0,master,valid_observed_phase_at_origin,BASE,calibration,1,11,spectral_core,local_partition_rf,0,0.0,0,0.0
5451,2018-10,2018-06,4,0,True,0.0,master,valid_observed_phase_at_origin,BASE,calibration,1,11,spectral_core,local_partition_rf,0,0.0,0,0.01
5452,2018-10,2018-06,4,0,True,0.0,master,valid_observed_phase_at_origin,BASE,calibration,1,11,spectral_core,local_partition_rf,0,0.0,0,0.01
5453,2018-10,2018-06,4,0,True,0.0,master,valid_observed_phase_at_origin,BASE,calibration,1,2,spectral_core,local_partition_rf,0,0.01,0,0.0
5454,2018-10,2018-06,4,0,True,0.0,master,valid_observed_phase_at_origin,BASE,calibration,1,11,spectral_core,local_partition_rf,0,0.0,0,0.0
5455,2018-10,2018-06,4,0,True,0.0,master,valid_observed_phase_at_origin,BASE,calibration,1,11,spectral_core,local_partition_rf,0,0.0,0,0.03
5456,2018-10,2018-06,4,0,True,0.0,master,valid_observed_phase_at_origin,BASE,calibration,1,11,spectral_core,local_partition_rf,0,0.01,0,0.01
5457,2018-10,2018-06,4,0,True,0.0,master,valid_observed_phase_at_origin,BASE,calibration,1,11,spectral_core,local_partition_rf,0,0.0,0,0.01
5458,2018-10,2018-06,4,0,True,0.0,master,valid_observed_phase_at_origin,BASE,calibration,1,11,spectral_core,local_partition_rf,0,0.0,0,0.02
5459,2018-10,2018-06,4,0,True,0.0,master,valid_observed_phase_at_origin,BASE,calibration,1,11,spectral_core,local_partition_rf,0,0.0,0,0.02
5460,2018-10,2018-06,4,0,True,0.0,master,valid_observed_phase_at_origin,BASE,calibration,1,11,spectral_core,local_partition_rf,0,0.0,0,0.01
5461,2018-10,2018-06,4,0,True,0.0,master,valid_observed_phase_at_origin,BASE,calibration,1,11,spectral_core,local_partition_rf,0,0.0,0,0.0
5462,2018-10,2018-06,4,0,True,0.0,master,valid_observed_phase_at_origin,BASE,calibration,1,11,spectral_core,local_partition_rf,0,0.0,0,0.0
5463,2018-10,2018-06,4,0,True,0.0,master,valid_observed_phase_at_origin,BASE,calibration,1,11,spectral_core,local_partition_rf,0,0.0,0,0.0
5464,2018-10,2018-06,4,0,True,0.0,master,valid_observed_phase_at_origin,BASE,calibration,1,11,spectral_core,local_partition_rf,0,0.0,0,0.01
5465,2018-10,2018-06,4,0,True,0.0,master,valid_observed_phase_at_origin,BASE,calibration,1,11,spectral_core,local_partition_rf,0,0.0,0,0.02
5466,2018-10,2018-06,4,0,True,0.0,master,valid_observed_phase_at_origin,BASE,calibration,1,11,spectral_core,local_partition_rf,0,0.0,0,0.01
5467,2018-10,2018-06,4,0,True,0.0,master,valid_observed_phase_at_origin,BASE,calibration,1,11,spectral_core,local_partition_rf,0,0.0,0,0.0
5468,2018-10,2018-06,4,0,True,0.0,master,valid_observed_phase_at_origin,BASE,calibration,1,11,spectral_core,local_partition_rf,0,0.0,0,0.0
5469,2018-10,2018-06,4,0,True,0.0,master,valid_observed_phase_at_origin,BASE,calibration,1,11,spectral_core,local_partition_rf,0,0.0,0,0.01
5470,2018-10,2018-06,4,0,True,0.0,master,valid_observed_phase_at_origin,BASE,calibration,1,11,spectral_core,local_partition_rf,0,0.0,0,0.0
5471,2018-10,2018-06,4,0,True,0.0,master,valid_observed_phase_at_origin,BASE,calibration,1,11,spectral_core,local_partition_rf,0,0.0,0,0.01
5472,2018-10,2018-06,4,0,True,0.0,master,valid_observed_phase_at_origin,BASE,calibration,1,11,spectral_core,local_partition_rf,0,0.0,0,0.0
5473,2018-10,2018-06,4,0,True,0.0,master,valid_observed_phase_at_origin,BASE,calibration,1,11,spectral_core,local_partition_rf,0,0.0,0,0.0
5474,2018-10,2018-06,4,0,True,0.0,master,valid_observed_phase_at_origin,BASE,calibration,1,11,spectral_core,local_partition_rf,0,0.0,0,0.0
5475,2018-10,2018-06,4,0,True,0.0,master,valid_observed_phase_at_origin,BASE,calibration,1,11,spectral_core,local_partition_rf,0,0.0,0,0.0
5476,2018-10,2018-06,4,0,True,0.0,master,valid_observed_phase_at_origin,BASE,calibration,1,11,spectral_core,local_partition_rf,0,0.0,0,0.0
5477,2018-10,2018-06,4,0,True,0.0,master,valid_observed_phase_at_origin,BASE,calibration,1,11,spectral_core,local_partition_rf,0,0.0,0,0.02
5478,2018-10,2018-06,4,0,True,0.0,master,valid_observed_phase_at_origin,BASE,calibration,1,11,spectral_core,local_partition_rf,0,0.0,0,0.0
5479,2018-10,2018-06,4,0,True,0.0,master,valid_observed_phase_at_origin,BASE,calibration,1,11,spectral_core,local_partition_rf,0,0.0,0,0.0
5480,2018-10,2018-06,4,0,True,0.0,master,valid_observed_phase_at_origin,BASE,calibration,1,11,spectral_core,local_partition_rf,0,0.0,0,0.0
5481,2018-10,2018-06,4,0,True,0.0,master,valid_observed_phase_at_origin,BASE,calibration,1,11,spectral_core,local_partition_rf,0,0.0,0,0.02
5482,2018-10,2018-06,4,0,True,0.0,master,valid_observed_phase_at_origin,BASE,calibration,1,11,spectral_core,local_partition_rf,0,0.0,0,0.0
5483,2018-10,2018-06,4,0,True,0.0,master,valid_observed_phase_at_origin,BASE,calibration,1,11,spectral_core,local_partition_rf,0,0.0,0,0.0
5484,2018-10,2018-06,4,0,True,0.0,master,valid_observed_phase_at_origin,BASE,calibration,1,11,spectral_core,local_partition_rf,0,0.0,0,0.0
5485,2018-10,2018-06,4,0,True,0.0,master,valid_observed_phase_at_origin,BASE,calibration,1,11,spectral_core,local_partition_rf,0,0.0,0,0.0
5486,2018-10,2018-06,4,0,True,0.0,master,valid_observed_phase_at_origin,BASE,calibration,1,11,spectral_core,local_partition_rf,0,0.0,0,0.0
5487,2018-10,2018-06,4,0,True,0.0,master,valid_observed_phase_at_origin,BASE,calibration,1,11,spectral_core,local_partition_rf,0,0.0,0,0.0
5488,2018-10,2018-06,4,0,True,0.0,master,valid_observed_phase_at_origin,BASE,calibration,1,11,spectral_core,local_partition_rf,0,0.0,0,0.0
5489,2018-10,2018-06,4,0,True,0.0,master,valid_observed_phase_at_origin,BASE,calibration,1,11,spectral_core,local_partition_rf,0,0.0,0,0.0
5490,2018-10,2018-06,4,0,True,0.0,master,valid_observed_phase_at_origin,BASE,calibration,1,11,spectral_core,local_partition_rf,0,0.0,0,0.0
5491,2018-10,2018-06,4,0,True,0.0,master,valid_observed_phase_at_origin,BASE,calibration,1,11,spectral_core,local_partition_rf,0,0.0,0,0.0
5492,2018-10,2018-06,4,0,True,0.0,master,valid_observed_phase_at_origin,BASE,calibration,1,11,spectral_core,local_partition_rf,0,0.0,0,0.0
5493,2018-10,2018-06,4,0,True,0.0,master,valid_observed_phase_at_origin,BASE,calibration,1,11,spectral_core,local_partition_rf,0,0.0,0,0.0
5494,2018-10,2018-06,4,0,True,0.0,master,valid_observed_phase_at_origin,BASE,calibration,1,11,spectral_core,local_partition_rf,0,0.0,0,0.0
5495,2018-10,2018-06,4,0,True,0.0,master,valid_observed_phase_at_origin,BASE,calibration,1,11,spectral_core,local_partition_rf,0,0.0,0,0.0
5496,2018-10,2018-06,4,0,True,0.0,master,valid_observed_phase_at_origin,BASE,calibration,1,11,spectral_core,local_partition_rf,0,0.0,0,0.0
5497,2018-10,2018-06,4,0,True,0.0,master,valid_observed_phase_at_origin,BASE,calibration,1,11,spectral_core,local_partition_rf,0,0.0,0,0.01
5498,2018-10,2018-06,4,0,True,0.0,master,valid_observed_phase_at_origin,BASE,calibration,1,11,spectral_core,local_partition_rf,0,0.0,0,0.0
5499,2018-10,2018-06,4,0,True,0.0,master,valid_observed_phase_at_origin,BASE,calibration,1,11,spectral_core,local_partition_rf,0,0.0,0,0.01
5501,2018-10,2018-06,4,0,True,0.0,master,valid_observed_phase_at_origin,BASE,calibration,1,11,spectral_core,local_partition_rf,0,0.0,0,0.0
5502,2018-10,2018-06,4,0,True,0.0,master,valid_observed_phase_at_origin,BASE,calibration,1,11,spectral_core,local_partition_rf,0,0.0,0,0.02
5503,2018-10,2018-06,4,0,True,0.0,master,valid_observed_phase_at_origin,BASE,calibration,1,11,spectral_core,local_partition_rf,0,0.0,0,0.01
5504,2018-10,2018-06,4,0,True,0.0,master,valid_observed_phase_at_origin,BASE,calibration,1,11,spectral_core,local_partition_rf,0,0.0,0,0.02
5505,2018-10,2018-06,4,0,True,0.0,master,valid_observed_phase_at_origin,BASE,calibration,1,11,spectral_core,local_partition_rf,0,0.0,0,0.01
5506,2018-10,2018-06,4,0,True,0.0,master,valid_observed_phase_at_origin,BASE,calibration,1,11,spectral_core,local_partition_rf,0,0.0,0,0.03
5507,2018-10,2018-06,4,0,True,0.0,master,valid_observed_phase_at_origin,BASE,calibration,1,11,spectral_core,local_partition_rf,0,0.0,0,0.0
5508,2018-10,2018-06,4,0,True,0.0,master,valid_observed_phase_at_origin,BASE,calibration,1,11,spectral_core,local_partition_rf,0,0.0,0,0.01
5509,2018-10,2018-06,4,0,True,0.0,master,valid_observed_phase_at_origin,BASE,calibration,1,11,spectral_core,local_partition_rf,0,0.0,0,0.01
5510,2018-10,2018-06,4,0,True,0.0,master,valid_observed_phase_at_origin,BASE,calibration,1,11,spectral_core,local_partition_rf,0,0.0,0,0.0
5511,2018-10,2018-06,4,0,True,0.0,master,valid_observed_phase_at_origin,BASE,calibration,1,11,spectral_core,local_partition_rf,0,0.0,0,0.02
5512,2018-10,2018-06,4,0,True,0.0,master,valid_observed_phase_at_origin,BASE,calibration,1,11,spectral_core,local_partition_rf,0,0.0,0,0.03
5513,2018-10,2018-06,4,0,True,0.0,master,valid_observed_phase_at_origin,BASE,calibration,1,11,spectral_core,local_partition_rf,0,0.0,0,0.01
5514,2018-10,2018-06,4,0,True,0.0,master,valid_observed_phase_at_origin,BASE,calibration,1,11,spectral_core,local_partition_rf,0,0.0,0,0.01
5515,2018-10,2018-06,4,0,True,0.0,master,valid_observed_phase_at_origin,BASE,calibration,1,11,spectral_core,local_partition_rf,0,0.0,0,0.03
5516,2018-10,2018-06,4,0,True,0.0,master,valid_observed_phase_at_origin,BASE,calibration,1,11,spectral_core,local_partition_rf,0,0.0,0,0.02
5517,2018-10,2018-06,4,0,True,0.0,master,valid_observed_phase_at_origin,BASE,calibration,1,11,spectral_core,local_partition_rf,0,0.0,0,0.06
5518,2018-10,2018-06,4,0,True,0.0,master,valid_observed_phase_at_origin,BASE,calibration,1,11,spectral_core,local_partition_rf,0,0.0,0,0.02
5519,2018-10,2018-06,4,0,True,0.0,master,valid_observed_phase_at_origin,BASE,calibration,1,11,spectral_core,local_partition_rf,0,0.0,0,0.03
5520,2018-10,2018-06,4,0,True,0.0,master,valid_observed_phase_at_origin,BASE,calibration,1,11,spectral_core,local_partition_rf,0,0.0,0,0.03
5521,2018-10,2018-06,4,0,True,0.0,master,valid_observed_phase_at_origin,BASE,calibration,1,11,spectral_core,local_partition_rf,0,0.0,0,0.03
5522,2018-10,2018-06,4,0,True,0.0,master,valid_observed_phase_at_origin,BASE,calibration,1,11,spectral_core,local_partition_rf,0,0.0,0,0.0
5523,2018-10,2018-06,4,0,True,0.0,master,valid_observed_phase_at_origin,BASE,calibration,1,11,spectral_core,local_partition_rf,0,0.0,0,0.02
5524,2018-10,2018-06,4,0,True,0.0,master,valid_observed_phase_at_origin,BASE,calibration,1,11,spectral_core,local_partition_rf,0,0.0,0,0.0
5525,2018-10,2018-06,4,0,True,0.0,master,valid_observed_phase_at_origin,BASE,calibration,1,11,spectral_core,local_partition_rf,0,0.0,0,0.04
5526,2018-10,2018-06,4,0,True,0.0,master,valid_observed_phase_at_origin,BASE,calibration,1,11,spectral_core,local_partition_rf,0,0.0,0,0.04
5527,2018-10,2018-06,4,0,True,0.0,master,valid_observed_phase_at_origin,BASE,calibration,1,2,spectral_core,local_partition_rf,0,0.01,0,0.01
5528,2018-10,2018-06,4,0,True,0.0,master,valid_observed_phase_at_origin,BASE,calibration,1,11,spectral_core,local_partition_rf,0,0.0,0,0.01
5529,2018-10,2018-06,4,0,True,0.0,master,valid_observed_phase_at_origin,BASE,calibration,1,11,spectral_core,local_partition_rf,0,0.0,0,0.0
5530,2018-10,2018-06,4,0,True,0.0,master,valid_observed_phase_at_origin,BASE,calibration,1,11,spectral_core,local_partition_rf,0,0.0,0,0.01
5531,2018-10,2018-06,4,0,True,0.0,master,valid_observed_phase_at_origin,BASE,calibration,1,11,spectral_core,local_partition_rf,0,0.0,0,0.0
5532,2018-10,2018-06,4,0,True,0.0,master,valid_observed_phase_at_origin,BASE,calibration,1,11,spectral_core,local_partition_rf,0,0.0,0,0.0
5533,2018-10,2018-06,4,0,True,0.0,master,valid_observed_phase_at_origin,BASE,calibration,1,11,spectral_core,local_partition_rf,0,0.0,0,0.01
5534,2018-10,2018-06,4,0,True,0.0,master,valid_observed_phase_at_origin,BASE,calibration,1,11,spectral_core,local_partition_rf,0,0.01,0,0.01
5535,2018-10,2018-06,4,0,True,0.0,master,valid_observed_phase_at_origin,BASE,calibration,1,2,spectral_core,local_partition_rf,0,0.03,0,0.03
5536,2018-10,2018-06,4,0,True,0.0,master,valid_observed_phase_at_origin,BASE,calibration,1,11,spectral_core,local_partition_rf,0,0.0,0,0.01
5537,2018-10,2018-06,4,0,True,0.0,master,valid_observed_phase_at_origin,BASE,calibration,1,11,spectral_core,local_partition_rf,0,0.0,0,0.01
5538,2018-10,2018-06,4,0,True,0.0,master,valid_observed_phase_at_origin,BASE,calibration,1,11,spectral_core,local_partition_rf,0,0.0,0,0.0
5539,2018-10,2018-06,4,0,True,0.0,master,valid_observed_phase_at_origin,BASE,calibration,1,11,spectral_core,local_partition_rf,0,0.0,0,0.0
5540,2018-10,2018-06,4,0,True,0.0,master,valid_observed_phase_at_origin,BASE,calibration,1,11,spectral_core,local_partition_rf,0,0.0,0,0.0
5541,2018-10,2018-06,4,0,True,0.0,master,valid_observed_phase_at_origin,BASE,calibration,1,11,spectral_core,local_partition_rf,0,0.0,0,0.0
5542,2018-10,2018-06,4,0,True,0.0,master,valid_observed_phase_at_origin,BASE,calibration,1,11,spectral_core,local_partition_rf,0,0.02,0,0.0
5543,2018-10,2018-06,4,0,True,0.0,master,valid_observed_phase_at_origin,BASE,calibration,1,11,spectral_core,local_partition_rf,0,0.0,0,0.0
5544,2018-10,2018-06,4,0,True,0.0,master,valid_observed_phase_at_origin,BASE,calibration,1,11,spectral_core,local_partition_rf,0,0.02,0,0.01
5545,2018-10,2018-06,4,0,True,0.0,master,valid_observed_phase_at_origin,BASE,calibration,1,11,spectral_core,local_partition_rf,0,0.0,0,0.0
5546,2018-10,2018-06,4,0,True,0.0,master,valid_observed_phase_at_origin,BASE,calibration,1,11,spectral_core,local_partition_rf,0,0.0,0,0.0
5547,2018-10,2018-06,4,0,True,0.0,master,valid_observed_phase_at_origin,BASE,calibration,1,11,spectral_core,local_partition_rf,0,0.0,0,0.01
5548,2018-10,2018-06,4,0,True,0.0,master,valid_observed_phase_at_origin,BASE,calibration,1,11,spectral_core,local_partition_rf,0,0.0,0,0.0
5549,2018-10,2018-06,4,0,True,0.0,master,valid_observed_phase_at_origin,BASE,calibration,1,11,spectral_core,local_partition_rf,0,0.0,0,0.0
5550,2018-10,2018-06,4,0,True,0.0,master,valid_observed_phase_at_origin,BASE,calibration,1,11,spectral_core,local_partition_rf,0,0.0,0,0.01
5551,2018-10,2018-06,4,0,True,0.0,master,valid_observed_phase_at_origin,BASE,calibration,1,11,spectral_core,local_partition_rf,0,0.0,0,0.01
5552,2018-10,2018-06,4,0,True,0.0,master,valid_observed_phase_at_origin,BASE,calibration,1,11,spectral_core,local_partition_rf,0,0.0,0,0.0
5553,2018-10,2018-06,4,0,True,0.0,master,valid_observed_phase_at_origin,BASE,calibration,1,11,spectral_core,local_partition_rf,0,0.0,0,0.01
5554,2018-10,2018-06,4,0,True,0.0,master,valid_observed_phase_at_origin,BASE,calibration,1,11,spectral_core,local_partition_rf,0,0.0,0,0.02
5555,2018-10,2018-06,4,0,True,0.0,master,valid_observed_phase_at_origin,BASE,calibration,1,11,spectral_core,local_partition_rf,0,0.0,0,0.0
5556,2018-10,2018-06,4,0,True,0.0,master,valid_observed_phase_at_origin,BASE,calibration,1,11,spectral_core,local_partition_rf,0,0.0,0,0.01
5557,2018-10,2018-06,4,0,True,0.0,master,valid_observed_phase_at_origin,BASE,calibration,1,11,spectral_core,local_partition_rf,0,0.0,0,0.03
5558,2018-10,2018-06,4,0,True,0.0,master,valid_observed_phase_at_origin,BASE,calibration,1,11,spectral_core,local_partition_rf,0,0.0,0,0.01
5559,2018-10,2018-06,4,0,True,0.0,master,valid_observed_phase_at_origin,BASE,calibration,1,11,spectral_core,local_partition_rf,0,0.0,0,0.03
5560,2018-10,2018-06,4,0,True,0.0,master,valid_observed_phase_at_origin,BASE,calibration,1,11,spectral_core,local_partition_rf,0,0.01,0,0.03
5561,2018-10,2018-06,4,0,True,0.0,master,valid_observed_phase_at_origin,BASE,calibration,1,11,spectral_core,local_partition_rf,0,0.0,0,0.0
5562,2018-10,2018-06,4,0,True,0.0,master,valid_observed_phase_at_origin,BASE,calibration,1,11,spectral_core,local_partition_rf,0,0.0,0,0.02
5563,2018-10,2018-06,4,0,True,0.0,master,valid_observed_phase_at_origin,BASE,calibration,1,11,spectral_core,local_partition_rf,0,0.0,0,0.01
5564,2018-10,2018-06,4,0,True,0.0,master,valid_observed_phase_at_origin,BASE,calibration,1,11,spectral_core,local_partition_rf,0,0.0,0,0.02
5565,2018-10,2018-06,4,0,True,0.0,master,valid_observed_phase_at_origin,BASE,calibration,1,11,spectral_core,local_partition_rf,0,0.0,0,0.01
5566,2018-10,2018-06,4,0,True,0.0,master,valid_observed_phase_at_origin,BASE,calibration,1,11,spectral_core,local_partition_rf,0,0.0,0,0.01
5567,2018-10,2018-06,4,0,True,0.0,master,valid_observed_phase_at_origin,BASE,calibration,1,11,spectral_core,local_partition_rf,0,0.0,0,0.01
5568,2018-10,2018-06,4,0,True,0.0,master,valid_observed_phase_at_origin,BASE,calibration,1,11,spectral_core,local_partition_rf,0,0.0,0,0.02
5569,2018-10,2018-06,4,0,True,0.0,master,valid_observed_phase_at_origin,BASE,calibration,1,11,spectral_core,local_partition_rf,0,0.0,0,0.0
5570,2018-10,2018-06,4,0,True,0.0,master,valid_observed_phase_at_origin,BASE,calibration,1,11,spectral_core,local_partition_rf,0,0.0,0,0.04
5571,2018-10,2018-06,4,0,True,0.0,master,valid_observed_phase_at_origin,BASE,calibration,1,11,spectral_core,local_partition_rf,0,0.0,0,0.02
5572,2018-10,2018-06,4,0,True,0.0,master,valid_observed_phase_at_origin,BASE,calibration,1,11,spectral_core,local_partition_rf,0,0.0,0,0.0
5573,2018-10,2018-06,4,0,True,0.0,master,valid_observed_phase_at_origin,BASE,calibration,1,11,spectral_core,local_partition_rf,0,0.0,0,0.0
5574,2018-10,2018-06,4,0,True,0.0,master,valid_observed_phase_at_origin,BASE,calibration,1,11,spectral_core,local_partition_rf,0,0.0,0,0.01
5575,2018-10,2018-06,4,0,True,0.0,master,valid_observed_phase_at_origin,BASE,calibration,1,11,spectral_core,local_partition_rf,0,0.0,0,0.04
5576,2018-10,2018-06,4,0,True,0.0,master,valid_observed_phase_at_origin,BASE,calibration,1,11,spectral_core,local_partition_rf,0,0.0,0,0.05
5577,2018-10,2018-06,4,0,True,0.0,master,valid_observed_phase_at_origin,BASE,calibration,1,11,spectral_core,local_partition_rf,0,0.0,0,0.02
5578,2018-10,2018-06,4,0,True,0.0,master,valid_observed_phase_at_origin,BASE,calibration,1,11,spectral_core,local_partition_rf,0,0.0,0,0.04
5579,2018-10,2018-06,4,0,True,0.0,master,valid_observed_phase_at_origin,BASE,calibration,1,11,spectral_core,local_partition_rf,0,0.0,0,0.02
5580,2018-10,2018-06,4,0,True,0.0,master,valid_observed_phase_at_origin,BASE,calibration,1,11,spectral_core,local_partition_rf,0,0.0,0,0.03
5581,2018-10,2018-06,4,0,True,0.0,master,valid_observed_phase_at_origin,BASE,calibration,1,11,spectral_core,local_partition_rf,0,0.0,0,0.01
5582,2018-10,2018-06,4,0,True,0.0,master,valid_observed_phase_at_origin,BASE,calibration,1,11,spectral_core,local_partition_rf,0,0.0,0,0.0
5583,2018-10,2018-06,4,0,True,0.0,master,valid_observed_phase_at_origin,BASE,calibration,1,11,spectral_core,local_partition_rf,0,0.0,0,0.02
5584,2018-10,2018-06,4,0,True,0.0,master,valid_observed_phase_at_origin,BASE,calibration,1,11,spectral_core,local_partition_rf,0,0.0,0,0.01
5585,2018-10,2018-06,4,0,True,0.0,master,valid_observed_phase_at_origin,BASE,calibration,1,11,spectral_core,local_partition_rf,0,0.01,0,0.01
5586,2018-10,2018-06,4,0,True,0.0,master,valid_observed_phase_at_origin,BASE,calibration,1,11,spectral_core,local_partition_rf,0,0.0,0,0.0
5587,2018-10,2018-06,4,0,True,0.0,master,valid_observed_phase_at_origin,BASE,calibration,1,11,spectral_core,local_partition_rf,0,0.0,0,0.02
5588,2018-10,2018-06,4,0,True,0.0,master,valid_observed_phase_at_origin,BASE,calibration,1,11,spectral_core,local_partition_rf,0,0.0,0,0.03
5589,2018-10,2018-06,4,0,True,0.0,master,valid_observed_phase_at_origin,BASE,calibration,1,11,spectral_core,local_partition_rf,0,0.0,0,0.0
5590,2018-10,2018-06,4,0,True,0.0,master,valid_observed_phase_at_origin,BASE,calibration,1,11,spectral_core,local_partition_rf,0,0.0,0,0.0
5591,2018-10,2018-06,4,0,True,0.0,master,valid_observed_phase_at_origin,BASE,calibration,1,11,spectral_core,local_partition_rf,0,0.0,0,0.01
5592,2018-10,2018-06,4,0,True,0.0,master,valid_observed_phase_at_origin,BASE,calibration,1,11,spectral_core,local_partition_rf,0,0.0,0,0.04
5593,2018-10,2018-06,4,0,True,0.0,master,valid_observed_phase_at_origin,BASE,calibration,1,11,spectral_core,local_partition_rf,0,0.0,0,0.0
5594,2018-10,2018-06,4,0,True,0.0,master,valid_observed_phase_at_origin,BASE,calibration,1,11,spectral_core,local_partition_rf,0,0.0,0,0.03
5595,2018-10,2018-06,4,0,True,0.0,master,valid_observed_phase_at_origin,BASE,calibration,1,11,spectral_core,local_partition_rf,0,0.0,0,0.01
5596,2018-10,2018-06,4,0,True,0.0,master,valid_observed_phase_at_origin,BASE,calibration,1,11,spectral_core,local_partition_rf,0,0.0,0,0.03
5597,2018-10,2018-06,4,0,True,0.0,master,valid_observed_phase_at_origin,BASE,calibration,1,11,spectral_core,local_partition_rf,0,0.0,0,0.02
5598,2018-10,2018-06,4,0,True,0.0,master,valid_observed_phase_at_origin,BASE,calibration,1,11,spectral_core,local_partition_rf,0,0.0,0,0.01
5599,2018-10,2018-06,4,0,True,0.0,master,valid_observed_phase_at_origin,BASE,calibration,1,11,spectral_core,local_partition_rf,0,0.0,0,0.01
5601,2018-10,2018-06,4,0,True,0.0,master,valid_observed_phase_at_origin,BASE,calibration,1,11,spectral_core,local_partition_rf,0,0.0,0,0.0
5602,2018-10,2018-06,4,0,True,0.0,master,valid_observed_phase_at_origin,BASE,calibration,1,11,spectral_core,local_partition_rf,0,0.0,0,0.01
5603,2018-10,2018-06,4,0,True,0.0,master,valid_observed_phase_at_origin,BASE,calibration,1,11,spectral_core,local_partition_rf,0,0.0,0,0.02
5604,2018-10,2018-06,4,0,True,0.0,master,valid_observed_phase_at_origin,BASE,calibration,1,11,spectral_core,local_partition_rf,0,0.0,0,0.01
5605,2018-10,2018-06,4,0,True,0.0,master,valid_observed_phase_at_origin,BASE,calibration,1,11,spectral_core,local_partition_rf,0,0.0,0,0.0
5606,2018-10,2018-06,4,0,True,0.0,master,valid_observed_phase_at_origin,BASE,calibration,1,11,spectral_core,local_partition_rf,0,0.0,0,0.0
5607,2018-10,2018-06,4,0,True,0.0,master,valid_observed_phase_at_origin,BASE,calibration,1,11,spectral_core,local_partition_rf,0,0.0,0,0.0
5608,2018-10,2018-06,4,0,True,0.0,master,valid_observed_phase_at_origin,BASE,calibration,1,11,spectral_core,local_partition_rf,0,0.0,0,0.0
5609,2018-10,2018-06,4,0,True,0.0,master,valid_observed_phase_at_origin,BASE,calibration,1,11,spectral_core,local_partition_rf,0,0.0,0,0.0
5610,2018-10,2018-06,4,0,True,0.0,master,valid_observed_phase_at_origin,BASE,calibration,1,11,spectral_core,local_partition_rf,0,0.0,0,0.0
5611,2018-10,2018-06,4,0,True,0.0,master,valid_observed_phase_at_origin,BASE,calibration,1,11,spectral_core,local_partition_rf,0,0.0,0,0.0
5612,2018-10,2018-06,4,0,True,0.0,master,valid_observed_phase_at_origin,BASE,calibration,1,11,spectral_core,local_partition_rf,0,0.0,0,0.02
5613,2018-10,2018-06,4,0,True,0.0,master,valid_observed_phase_at_origin,BASE,calibration,1,11,spectral_core,local_partition_rf,0,0.0,0,0.03
5614,2018-10,2018-06,4,0,True,0.0,master,valid_observed_phase_at_origin,BASE,calibration,1,11,spectral_core,local_partition_rf,0,0.0,0,0.01
5615,2018-10,2018-06,4,0,True,0.0,master,valid_observed_phase_at_origin,BASE,calibration,1,11,spectral_core,local_partition_rf,0,0.0,0,0.0
5616,2018-10,2018-06,4,0,True,0.0,master,valid_observed_phase_at_origin,BASE,calibration,1,11,spectral_core,local_partition_rf,0,0.0,0,0.0
5617,2018-10,2018-06,4,0,True,0.0,master,valid_observed_phase_at_origin,BASE,calibration,1,11,spectral_core,local_partition_rf,0,0.0,0,0.0
5618,2018-10,2018-06,4,0,True,0.0,master,valid_observed_phase_at_origin,BASE,calibration,1,11,spectral_core,local_partition_rf,0,0.0,0,0.0
5619,2018-10,2018-06,4,0,True,0.0,master,valid_observed_phase_at_origin,BASE,calibration,1,11,spectral_core,local_partition_rf,0,0.0,0,0.02
5620,2018-10,2018-06,4,0,True,0.0,master,valid_observed_phase_at_origin,BASE,calibration,1,11,spectral_core,local_partition_rf,0,0.0,0,0.03
5621,2018-10,2018-06,4,0,True,0.0,master,valid_observed_phase_at_origin,BASE,calibration,1,11,spectral_core,local_partition_rf,0,0.01,0,0.03
5622,2018-10,2018-06,4,0,True,0.0,master,valid_observed_phase_at_origin,BASE,calibration,1,11,spectral_core,local_partition_rf,0,0.0,0,0.02
5623,2018-10,2018-06,4,0,True,0.0,master,valid_observed_phase_at_origin,BASE,calibration,1,11,spectral_core,local_partition_rf,0,0.0,0,0.0
5624,2018-10,2018-06,4,0,True,0.0,master,valid_observed_phase_at_origin,BASE,calibration,1,11,spectral_core,local_partition_rf,0,0.0,0,0.01
5625,2018-10,2018-06,4,0,True,0.0,master,valid_observed_phase_at_origin,BASE,calibration,1,11,spectral_core,local_partition_rf,0,0.3,0,0.15
5626,2018-10,2018-06,4,0,True,0.0,master,valid_observed_phase_at_origin,BASE,calibration,1,2,spectral_core,local_partition_rf,0,0.02,0,0.02
5627,2018-10,2018-06,4,0,True,0.0,master,valid_observed_phase_at_origin,BASE,calibration,1,11,spectral_core,local_partition_rf,0,0.0,0,0.01
5628,2018-10,2018-06,4,0,True,0.0,master,valid_observed_phase_at_origin,BASE,calibration,1,11,spectral_core,local_partition_rf,0,0.0,0,0.01
5629,2018-10,2018-06,4,0,True,0.0,master,valid_observed_phase_at_origin,BASE,calibration,1,11,spectral_core,local_partition_rf,0,0.0,0,0.01
5630,2018-10,2018-06,4,0,True,0.0,master,valid_observed_phase_at_origin,BASE,calibration,1,11,spectral_core,local_partition_rf,0,0.0,0,0.01
5631,2018-10,2018-06,4,1,True,0.0,master,valid_observed_phase_at_origin,BASE,calibration,1,11,spectral_core,local_partition_rf,0,0.0,0,0.0
5632,2018-10,2018-06,4,0,True,0.0,master,valid_observed_phase_at_origin,BASE,calibration,1,11,spectral_core,local_partition_rf,0,0.0,0,0.01
5633,2018-10,2018-06,4,0,True,0.0,master,valid_observed_phase_at_origin,BASE,calibration,1,11,spectral_core,local_partition_rf,0,0.0,0,0.04
5634,2018-10,2018-06,4,0,True,0.0,master,valid_observed_phase_at_origin,BASE,calibration,1,11,spectral_core,local_partition_rf,0,0.0,0,0.01
5635,2018-10,2018-06,4,0,True,0.0,master,valid_observed_phase_at_origin,BASE,calibration,1,2,spectral_core,local_partition_rf,0,0.02,0,0.02
5636,2018-10,2018-06,4,0,True,0.0,master,valid_observed_phase_at_origin,BASE,calibration,1,2,spectral_core,local_partition_rf,0,0.01,0,0.01
5637,2018-10,2018-06,4,0,True,0.0,master,valid_observed_phase_at_origin,BASE,calibration,1,2,spectral_core,local_partition_rf,0,0.01,0,0.01
5638,2018-10,2018-06,4,0,True,0.0,master,valid_observed_phase_at_origin,BASE,calibration,1,2,spectral_core,local_partition_rf,0,0.01,0,0.0
5639,2018-10,2018-06,4,0,True,0.0,master,valid_observed_phase_at_origin,BASE,calibration,1,2,spectral_core,local_partition_rf,0,0.01,0,0.03
5640,2018-10,2018-06,4,0,True,0.0,master,valid_observed_phase_at_origin,BASE,calibration,1,11,spectral_core,local_partition_rf,0,0.0,0,0.03
5641,2018-10,2018-06,4,0,True,0.0,master,valid_observed_phase_at_origin,BASE,calibration,1,2,spectral_core,local_partition_rf,0,0.02,0,0.02
5642,2018-10,2018-06,4,0,True,0.0,master,valid_observed_phase_at_origin,BASE,calibration,1,2,spectral_core,local_partition_rf,0,0.02,0,0.04
5643,2018-10,2018-06,4,0,True,0.0,master,valid_observed_phase_at_origin,BASE,calibration,1,2,spectral_core,local_partition_rf,0,0.0,0,0.03
5644,2018-10,2018-06,4,0,True,0.0,master,valid_observed_phase_at_origin,BASE,calibration,1,2,spectral_core,local_partition_rf,0,0.0,0,0.05
5645,2018-10,2018-06,4,0,True,0.0,master,valid_observed_phase_at_origin,BASE,calibration,1,2,spectral_core,local_partition_rf,0,0.01,0,0.03
5646,2018-10,2018-06,4,0,True,0.0,master,valid_observed_phase_at_origin,BASE,calibration,1,11,spectral_core,local_partition_rf,0,0.0,0,0.02
5647,2018-10,2018-06,4,0,True,0.0,master,valid_observed_phase_at_origin,BASE,calibration,1,11,spectral_core,local_partition_rf,0,0.0,0,0.01
5648,2018-10,2018-06,4,0,True,0.0,master,valid_observed_phase_at_origin,BASE,calibration,1,11,spectral_core,local_partition_rf,0,0.0,0,0.03
5649,2018-10,2018-06,4,0,True,0.0,master,valid_observed_phase_at_origin,BASE,calibration,1,11,spectral_core,local_partition_rf,0,0.0,0,0.05
5650,2018-10,2018-06,4,0,True,0.0,master,valid_observed_phase_at_origin,BASE,calibration,1,11,spectral_core,local_partition_rf,0,0.0,0,0.01
5651,2018-10,2018-06,4,0,True,0.0,master,valid_observed_phase_at_origin,BASE,calibration,1,11,spectral_core,local_partition_rf,0,0.0,0,0.02
5652,2018-10,2018-06,4,0,True,0.0,master,valid_observed_phase_at_origin,BASE,calibration,1,11,spectral_core,local_partition_rf,0,0.0,0,0.03
